training_row,lesion_id,class_name,inverse_view_count,applied_view_multiplier
0,HAM_0000118,bkl,1.0,1.0
1,HAM_0001466,bkl,1.0,1.0
2,HAM_0002761,bkl,0.5,0.5
3,HAM_0002761,bkl,0.5,0.5
4,HAM_0005132,bkl,0.5,0.5
5,HAM_0005132,bkl,0.5,0.5
6,HAM_0004234,bkl,0.5,0.5
7,HAM_0004234,bkl,0.5,0.5
8,HAM_0007207,bkl,1.0,1.0
9,HAM_0007571,bkl,0.5,0.5
10,HAM_0007571,bkl,0.5,0.5
11,HAM_0003301,bkl,0.5,0.5
12,HAM_0003301,bkl,0.5,0.5
13,HAM_0004884,bkl,0.5,0.5
14,HAM_0004884,bkl,0.5,0.5
15,HAM_0002521,bkl,1.0,1.0
16,HAM_0006574,bkl,0.5,0.5
17,HAM_0006574,bkl,0.5,0.5
18,HAM_0005772,bkl,0.5,0.5
19,HAM_0005772,bkl,0.5,0.5
20,HAM_0005612,bkl,1.0,1.0
21,HAM_0005388,bkl,1.0,1.0
22,HAM_0007409,bkl,0.5,0.5
23,HAM_0007409,bkl,0.5,0.5
24,HAM_0003670,bkl,1.0,1.0
25,HAM_0007125,bkl,0.5,0.5
26,HAM_0007125,bkl,0.5,0.5
27,HAM_0001221,bkl,1.0,1.0
28,HAM_0003569,bkl,1.0,1.0
29,HAM_0003021,bkl,0.3333333432674408,0.3333333432674408
30,HAM_0003021,bkl,0.3333333432674408,0.3333333432674408
31,HAM_0000959,bkl,0.25,0.25
32,HAM_0000959,bkl,0.25,0.25
33,HAM_0001751,nv,1.0,1.0
34,HAM_0004641,bkl,1.0,1.0
35,HAM_0005801,bkl,1.0,1.0
36,HAM_0004341,bkl,0.5,0.5
37,HAM_0004341,bkl,0.5,0.5
38,HAM_0001469,bkl,1.0,1.0
39,HAM_0003021,bkl,0.3333333432674408,0.3333333432674408
40,HAM_0000959,bkl,0.25,0.25
41,HAM_0000959,bkl,0.25,0.25
42,HAM_0001773,bkl,1.0,1.0
43,HAM_0002127,bkl,1.0,1.0
44,HAM_0002092,bkl,1.0,1.0
45,HAM_0005075,bkl,1.0,1.0
46,HAM_0002921,bkl,1.0,1.0
47,HAM_0003410,bkl,0.5,0.5
48,HAM_0003410,bkl,0.5,0.5
49,HAM_0000746,bkl,1.0,1.0
50,HAM_0001473,bkl,1.0,1.0
51,HAM_0003007,bkl,0.5,0.5
52,HAM_0003007,bkl,0.5,0.5
53,HAM_0003326,bkl,0.5,0.5
54,HAM_0003326,bkl,0.5,0.5
55,HAM_0001665,bkl,0.5,0.5
56,HAM_0001665,bkl,0.5,0.5
57,HAM_0001417,bkl,1.0,1.0
58,HAM_0004673,bkl,0.5,0.5
59,HAM_0004673,bkl,0.5,0.5
60,HAM_0000344,bkl,0.5,0.5
61,HAM_0000344,bkl,0.5,0.5
62,HAM_0004332,bkl,0.3333333432674408,0.3333333432674408
63,HAM_0004332,bkl,0.3333333432674408,0.3333333432674408
64,HAM_0004332,bkl,0.3333333432674408,0.3333333432674408
65,HAM_0002040,bkl,1.0,1.0
66,HAM_0006663,bkl,1.0,1.0
67,HAM_0003743,bkl,0.3333333432674408,0.3333333432674408
68,HAM_0003743,bkl,0.3333333432674408,0.3333333432674408
69,HAM_0003743,bkl,0.3333333432674408,0.3333333432674408
70,HAM_0003770,bkl,0.3333333432674408,0.3333333432674408
71,HAM_0003770,bkl,0.3333333432674408,0.3333333432674408
72,HAM_0003770,bkl,0.3333333432674408,0.3333333432674408
73,HAM_0003768,bkl,1.0,1.0
74,HAM_0005386,bkl,0.3333333432674408,0.3333333432674408
75,HAM_0005386,bkl,0.3333333432674408,0.3333333432674408
76,HAM_0005386,bkl,0.3333333432674408,0.3333333432674408
77,HAM_0001385,bkl,0.3333333432674408,0.3333333432674408
78,HAM_0001385,bkl,0.3333333432674408,0.3333333432674408
79,HAM_0001385,bkl,0.3333333432674408,0.3333333432674408
80,HAM_0006801,bkl,0.5,0.5
81,HAM_0006801,bkl,0.5,0.5
82,HAM_0007625,bkl,0.5,0.5
83,HAM_0007625,bkl,0.5,0.5
84,HAM_0002008,bkl,0.25,0.25
85,HAM_0002008,bkl,0.25,0.25
86,HAM_0002008,bkl,0.25,0.25
87,HAM_0002008,bkl,0.25,0.25
88,HAM_0000516,bkl,1.0,1.0
89,HAM_0004255,bkl,1.0,1.0
90,HAM_0001354,bkl,1.0,1.0
91,HAM_0000805,bkl,1.0,1.0
92,HAM_0000527,bkl,0.3333333432674408,0.3333333432674408
93,HAM_0000527,bkl,0.3333333432674408,0.3333333432674408
94,HAM_0000527,bkl,0.3333333432674408,0.3333333432674408
95,HAM_0000087,bkl,0.5,0.5
96,HAM_0000087,bkl,0.5,0.5
97,HAM_0000581,bkl,0.5,0.5
98,HAM_0000581,bkl,0.5,0.5
99,HAM_0003927,bkl,0.5,0.5
100,HAM_0003927,bkl,0.5,0.5
101,HAM_0004091,bkl,0.5,0.5
102,HAM_0004091,bkl,0.5,0.5
103,HAM_0003162,bkl,0.5,0.5
104,HAM_0003162,bkl,0.5,0.5
105,HAM_0001855,bkl,0.5,0.5
106,HAM_0001855,bkl,0.5,0.5
107,HAM_0002372,bkl,0.5,0.5
108,HAM_0002372,bkl,0.5,0.5
109,HAM_0007341,bkl,0.3333333432674408,0.3333333432674408
110,HAM_0007341,bkl,0.3333333432674408,0.3333333432674408
111,HAM_0007341,bkl,0.3333333432674408,0.3333333432674408
112,HAM_0001608,bkl,0.3333333432674408,0.3333333432674408
113,HAM_0001384,bkl,0.5,0.5
114,HAM_0001384,bkl,0.5,0.5
115,HAM_0001309,bkl,0.3333333432674408,0.3333333432674408
116,HAM_0001309,bkl,0.3333333432674408,0.3333333432674408
117,HAM_0001309,bkl,0.3333333432674408,0.3333333432674408
118,HAM_0004406,bkl,1.0,1.0
119,HAM_0002050,bkl,1.0,1.0
120,HAM_0004748,bkl,1.0,1.0
121,HAM_0007431,bkl,1.0,1.0
122,HAM_0000113,bkl,1.0,1.0
123,HAM_0000308,bkl,1.0,1.0
124,HAM_0004958,bkl,1.0,1.0
125,HAM_0006697,bkl,1.0,1.0
126,HAM_0006630,bkl,1.0,1.0
127,HAM_0007220,bkl,1.0,1.0
128,HAM_0005891,bkl,1.0,1.0
129,HAM_0002529,bkl,1.0,1.0
130,HAM_0005440,bkl,1.0,1.0
131,HAM_0003791,bkl,1.0,1.0
132,HAM_0002827,bkl,1.0,1.0
133,HAM_0004114,bkl,1.0,1.0
134,HAM_0005790,bkl,0.5,0.5
135,HAM_0005465,bkl,1.0,1.0
136,HAM_0000582,bkl,1.0,1.0
137,HAM_0003293,bkl,1.0,1.0
138,HAM_0001995,bkl,1.0,1.0
139,HAM_0002839,bkl,0.5,0.5
140,HAM_0002839,bkl,0.5,0.5
141,HAM_0005693,bkl,1.0,1.0
142,HAM_0006190,bkl,1.0,1.0
143,HAM_0007260,bkl,1.0,1.0
144,HAM_0001362,bkl,1.0,1.0
145,HAM_0007332,bkl,0.5,0.5
146,HAM_0000236,bkl,1.0,1.0
147,HAM_0003613,bkl,1.0,1.0
148,HAM_0001435,bkl,1.0,1.0
149,HAM_0006769,bkl,1.0,1.0
150,HAM_0006122,bkl,1.0,1.0
151,HAM_0007296,bkl,1.0,1.0
152,HAM_0000122,bkl,1.0,1.0
153,HAM_0004382,bkl,1.0,1.0
154,HAM_0000745,bkl,1.0,1.0
155,HAM_0002988,bkl,1.0,1.0
156,HAM_0003140,bkl,0.3333333432674408,0.3333333432674408
157,HAM_0002121,bkl,1.0,1.0
158,HAM_0005157,bkl,0.5,0.5
159,HAM_0006987,bkl,1.0,1.0
160,HAM_0007529,bkl,1.0,1.0
161,HAM_0003076,bkl,1.0,1.0
162,HAM_0005260,bkl,1.0,1.0
163,HAM_0000884,bkl,1.0,1.0
164,HAM_0002335,bkl,0.5,0.5
165,HAM_0002335,bkl,0.5,0.5
166,HAM_0003089,bkl,1.0,1.0
167,HAM_0001546,bkl,1.0,1.0
168,HAM_0002169,bkl,0.5,0.5
169,HAM_0001389,bkl,1.0,1.0
170,HAM_0006472,bkl,0.5,0.5
171,HAM_0002169,bkl,0.5,0.5
172,HAM_0000847,bkl,1.0,1.0
173,HAM_0006065,bkl,1.0,1.0
174,HAM_0006513,bkl,1.0,1.0
175,HAM_0005074,bkl,1.0,1.0
176,HAM_0002933,bkl,0.5,0.5
177,HAM_0002933,bkl,0.5,0.5
178,HAM_0000243,bkl,1.0,1.0
179,HAM_0004945,bkl,0.3333333432674408,0.3333333432674408
180,HAM_0004945,bkl,0.3333333432674408,0.3333333432674408
181,HAM_0004945,bkl,0.3333333432674408,0.3333333432674408
182,HAM_0002306,bkl,1.0,1.0
183,HAM_0000110,bkl,1.0,1.0
184,HAM_0001947,bkl,1.0,1.0
185,HAM_0002902,bkl,1.0,1.0
186,HAM_0002769,bkl,1.0,1.0
187,HAM_0003140,bkl,0.3333333432674408,0.3333333432674408
188,HAM_0003140,bkl,0.3333333432674408,0.3333333432674408
189,HAM_0003152,bkl,1.0,1.0
190,HAM_0004259,bkl,1.0,1.0
191,HAM_0007232,bkl,1.0,1.0
192,HAM_0003452,bkl,0.5,0.5
193,HAM_0003452,bkl,0.5,0.5
194,HAM_0001493,bkl,1.0,1.0
195,HAM_0002316,bkl,1.0,1.0
196,HAM_0005935,bkl,0.5,0.5
197,HAM_0004506,bkl,1.0,1.0
198,HAM_0004249,bkl,1.0,1.0
199,HAM_0006123,bkl,0.5,0.5
200,HAM_0006123,bkl,0.5,0.5
201,HAM_0003179,bkl,1.0,1.0
202,HAM_0004889,bkl,0.3333333432674408,0.3333333432674408
203,HAM_0004889,bkl,0.3333333432674408,0.3333333432674408
204,HAM_0004889,bkl,0.3333333432674408,0.3333333432674408
205,HAM_0000898,bkl,1.0,1.0
206,HAM_0007332,bkl,0.5,0.5
207,HAM_0004105,bkl,1.0,1.0
208,HAM_0005606,bkl,1.0,1.0
209,HAM_0005558,bkl,0.5,0.5
210,HAM_0005558,bkl,0.5,0.5
211,HAM_0004691,bkl,1.0,1.0
212,HAM_0005883,bkl,1.0,1.0
213,HAM_0006563,bkl,1.0,1.0
214,HAM_0004883,bkl,0.5,0.5
215,HAM_0004883,bkl,0.5,0.5
216,HAM_0005527,bkl,1.0,1.0
217,HAM_0002535,bkl,1.0,1.0
218,HAM_0000770,bkl,1.0,1.0
219,HAM_0005157,bkl,0.5,0.5
220,HAM_0005935,bkl,0.5,0.5
221,HAM_0007573,bkl,1.0,1.0
222,HAM_0000744,bkl,0.5,0.5
223,HAM_0000744,bkl,0.5,0.5
224,HAM_0000202,bkl,1.0,1.0
225,HAM_0001057,bkl,0.5,0.5
226,HAM_0001057,bkl,0.5,0.5
227,HAM_0001603,bkl,1.0,1.0
228,HAM_0006945,bkl,0.3333333432674408,0.3333333432674408
229,HAM_0005596,bkl,1.0,1.0
230,HAM_0005420,bkl,0.3333333432674408,0.3333333432674408
231,HAM_0003840,bkl,1.0,1.0
232,HAM_0003899,bkl,1.0,1.0
233,HAM_0003476,bkl,0.5,0.5
234,HAM_0005420,bkl,0.3333333432674408,0.3333333432674408
235,HAM_0005591,bkl,1.0,1.0
236,HAM_0005420,bkl,0.3333333432674408,0.3333333432674408
237,HAM_0005672,bkl,0.5,0.5
238,HAM_0005672,bkl,0.5,0.5
239,HAM_0005708,bkl,1.0,1.0
240,HAM_0005728,bkl,1.0,1.0
241,HAM_0005790,bkl,0.5,0.5
242,HAM_0005968,bkl,0.5,0.5
243,HAM_0003766,bkl,0.5,0.5
244,HAM_0003766,bkl,0.5,0.5
245,HAM_0001809,bkl,1.0,1.0
246,HAM_0007018,bkl,0.5,0.5
247,HAM_0007018,bkl,0.5,0.5
248,HAM_0007591,bkl,1.0,1.0
249,HAM_0001979,bkl,1.0,1.0
250,HAM_0003476,bkl,0.5,0.5
251,HAM_0003943,bkl,0.5,0.5
252,HAM_0003279,bkl,1.0,1.0
253,HAM_0002592,bkl,1.0,1.0
254,HAM_0002058,bkl,1.0,1.0
255,HAM_0006827,bkl,1.0,1.0
256,HAM_0003943,bkl,0.5,0.5
257,HAM_0004050,bkl,1.0,1.0
258,HAM_0003605,bkl,0.3333333432674408,0.3333333432674408
259,HAM_0001200,bkl,1.0,1.0
260,HAM_0000299,bkl,0.5,0.5
261,HAM_0000299,bkl,0.5,0.5
262,HAM_0002722,bkl,1.0,1.0
263,HAM_0005335,bkl,0.5,0.5
264,HAM_0005335,bkl,0.5,0.5
265,HAM_0000519,bkl,1.0,1.0
266,HAM_0005968,bkl,0.5,0.5
267,HAM_0000979,bkl,1.0,1.0
268,HAM_0007598,bkl,1.0,1.0
269,HAM_0004426,bkl,1.0,1.0
270,HAM_0001024,bkl,0.5,0.5
271,HAM_0005049,bkl,1.0,1.0
272,HAM_0001232,bkl,1.0,1.0
273,HAM_0003647,bkl,1.0,1.0
274,HAM_0000843,bkl,1.0,1.0
275,HAM_0001024,bkl,0.5,0.5
276,HAM_0006327,bkl,0.5,0.5
277,HAM_0006327,bkl,0.5,0.5
278,HAM_0006868,bkl,1.0,1.0
279,HAM_0005053,bkl,1.0,1.0
280,HAM_0005199,bkl,0.5,0.5
281,HAM_0005199,bkl,0.5,0.5
282,HAM_0005082,bkl,0.3333333432674408,0.3333333432674408
283,HAM_0003605,bkl,0.3333333432674408,0.3333333432674408
284,HAM_0003508,bkl,1.0,1.0
285,HAM_0006475,bkl,1.0,1.0
286,HAM_0005082,bkl,0.3333333432674408,0.3333333432674408
287,HAM_0005082,bkl,0.3333333432674408,0.3333333432674408
288,HAM_0002357,bkl,0.5,0.5
289,HAM_0002357,bkl,0.5,0.5
290,HAM_0000806,bkl,1.0,1.0
291,HAM_0000425,bkl,0.5,0.5
292,HAM_0000425,bkl,0.5,0.5
293,HAM_0004494,bkl,0.5,0.5
294,HAM_0004379,bkl,1.0,1.0
295,HAM_0002303,bkl,0.5,0.5
296,HAM_0005952,bkl,1.0,1.0
297,HAM_0003015,bkl,0.5,0.5
298,HAM_0006622,bkl,0.5,0.5
299,HAM_0006622,bkl,0.5,0.5
300,HAM_0006723,bkl,0.5,0.5
301,HAM_0002548,bkl,1.0,1.0
302,HAM_0002686,bkl,1.0,1.0
303,HAM_0000186,bkl,1.0,1.0
304,HAM_0003281,bkl,1.0,1.0
305,HAM_0003682,bkl,1.0,1.0
306,HAM_0000237,bkl,0.3333333432674408,0.3333333432674408
307,HAM_0004494,bkl,0.5,0.5
308,HAM_0005275,bkl,1.0,1.0
309,HAM_0006181,bkl,0.5,0.5
310,HAM_0006181,bkl,0.5,0.5
311,HAM_0006201,bkl,1.0,1.0
312,HAM_0000383,bkl,0.5,0.5
313,HAM_0000383,bkl,0.5,0.5
314,HAM_0000398,bkl,1.0,1.0
315,HAM_0004327,bkl,1.0,1.0
316,HAM_0006310,bkl,1.0,1.0
317,HAM_0006531,bkl,1.0,1.0
318,HAM_0006472,bkl,0.5,0.5
319,HAM_0006723,bkl,0.5,0.5
320,HAM_0006732,bkl,1.0,1.0
321,HAM_0006907,bkl,1.0,1.0
322,HAM_0006945,bkl,0.3333333432674408,0.3333333432674408
323,HAM_0006945,bkl,0.3333333432674408,0.3333333432674408
324,HAM_0007078,bkl,1.0,1.0
325,HAM_0003205,bkl,1.0,1.0
326,HAM_0003206,bkl,0.5,0.5
327,HAM_0000237,bkl,0.3333333432674408,0.3333333432674408
328,HAM_0000237,bkl,0.3333333432674408,0.3333333432674408
329,HAM_0003206,bkl,0.5,0.5
330,HAM_0003015,bkl,0.5,0.5
331,HAM_0003183,bkl,1.0,1.0
332,HAM_0003605,bkl,0.3333333432674408,0.3333333432674408
333,HAM_0004630,bkl,0.3333333432674408,0.3333333432674408
334,HAM_0001722,bkl,1.0,1.0
335,HAM_0001312,bkl,0.5,0.5
336,HAM_0001312,bkl,0.5,0.5
337,HAM_0004630,bkl,0.3333333432674408,0.3333333432674408
338,HAM_0004630,bkl,0.3333333432674408,0.3333333432674408
339,HAM_0004660,bkl,1.0,1.0
340,HAM_0000893,bkl,0.20000000298023224,0.20000000298023224
341,HAM_0000893,bkl,0.20000000298023224,0.20000000298023224
342,HAM_0000893,bkl,0.20000000298023224,0.20000000298023224
343,HAM_0000893,bkl,0.20000000298023224,0.20000000298023224
344,HAM_0000893,bkl,0.20000000298023224,0.20000000298023224
345,HAM_0001608,bkl,0.3333333432674408,0.3333333432674408
346,HAM_0001608,bkl,0.3333333432674408,0.3333333432674408
347,HAM_0001725,bkl,1.0,1.0
348,HAM_0001733,bkl,0.3333333432674408,0.3333333432674408
349,HAM_0003392,bkl,1.0,1.0
350,HAM_0001240,bkl,1.0,1.0
351,HAM_0000001,bkl,1.0,1.0
352,HAM_0002749,bkl,1.0,1.0
353,HAM_0002731,bkl,1.0,1.0
354,HAM_0004343,bkl,1.0,1.0
355,HAM_0000149,bkl,0.5,0.5
356,HAM_0000149,bkl,0.5,0.5
357,HAM_0004383,bkl,1.0,1.0
358,HAM_0004389,bkl,1.0,1.0
359,HAM_0004396,bkl,0.5,0.5
360,HAM_0004396,bkl,0.5,0.5
361,HAM_0001294,bkl,0.5,0.5
362,HAM_0000846,bkl,1.0,1.0
363,HAM_0001733,bkl,0.3333333432674408,0.3333333432674408
364,HAM_0000821,bkl,0.5,0.5
365,HAM_0000821,bkl,0.5,0.5
366,HAM_0004832,bkl,1.0,1.0
367,HAM_0007359,bkl,1.0,1.0
368,HAM_0002192,bkl,1.0,1.0
369,HAM_0001294,bkl,0.5,0.5
370,HAM_0001733,bkl,0.3333333432674408,0.3333333432674408
371,HAM_0002193,bkl,0.5,0.5
372,HAM_0002227,bkl,1.0,1.0
373,HAM_0001763,bkl,1.0,1.0
374,HAM_0002193,bkl,0.5,0.5
375,HAM_0002303,bkl,0.5,0.5
376,HAM_0004453,bkl,0.5,0.5
377,HAM_0004453,bkl,0.5,0.5
378,HAM_0005743,bkl,1.0,1.0
379,HAM_0000999,bkl,0.5,0.5
380,HAM_0000999,bkl,0.5,0.5
381,HAM_0003996,bkl,0.5,0.5
382,HAM_0003996,bkl,0.5,0.5
383,HAM_0007337,bkl,1.0,1.0
384,HAM_0000083,bkl,0.5,0.5
385,HAM_0000083,bkl,0.5,0.5
386,HAM_0002042,bkl,0.3333333432674408,0.3333333432674408
387,HAM_0002042,bkl,0.3333333432674408,0.3333333432674408
388,HAM_0002042,bkl,0.3333333432674408,0.3333333432674408
389,HAM_0003574,bkl,1.0,1.0
390,HAM_0006346,bkl,1.0,1.0
391,HAM_0005632,bkl,0.5,0.5
392,HAM_0005632,bkl,0.5,0.5
393,HAM_0002903,bkl,1.0,1.0
394,HAM_0004224,bkl,0.5,0.5
395,HAM_0004224,bkl,0.5,0.5
396,HAM_0003789,bkl,0.20000000298023224,0.20000000298023224
397,HAM_0005896,bkl,0.5,0.5
398,HAM_0005896,bkl,0.5,0.5
399,HAM_0000524,bkl,1.0,1.0
400,HAM_0005610,bkl,0.5,0.5
401,HAM_0005610,bkl,0.5,0.5
402,HAM_0003789,bkl,0.20000000298023224,0.20000000298023224
403,HAM_0003789,bkl,0.20000000298023224,0.20000000298023224
404,HAM_0007590,bkl,1.0,1.0
405,HAM_0003514,bkl,1.0,1.0
406,HAM_0005126,bkl,0.5,0.5
407,HAM_0005126,bkl,0.5,0.5
408,HAM_0000985,bkl,0.5,0.5
409,HAM_0000985,bkl,0.5,0.5
410,HAM_0005404,bkl,0.5,0.5
411,HAM_0005404,bkl,0.5,0.5
412,HAM_0001620,bkl,1.0,1.0
413,HAM_0005324,bkl,1.0,1.0
414,HAM_0004004,bkl,1.0,1.0
415,HAM_0007043,bkl,0.5,0.5
416,HAM_0007043,bkl,0.5,0.5
417,HAM_0003187,bkl,0.5,0.5
418,HAM_0003187,bkl,0.5,0.5
419,HAM_0003317,bkl,0.5,0.5
420,HAM_0003317,bkl,0.5,0.5
421,HAM_0006099,bkl,0.5,0.5
422,HAM_0006099,bkl,0.5,0.5
423,HAM_0005580,bkl,1.0,1.0
424,HAM_0003920,bkl,0.5,0.5
425,HAM_0003920,bkl,0.5,0.5
426,HAM_0003789,bkl,0.20000000298023224,0.20000000298023224
427,HAM_0003789,bkl,0.20000000298023224,0.20000000298023224
428,HAM_0001011,bkl,1.0,1.0
429,HAM_0007090,bkl,1.0,1.0
430,HAM_0001678,bkl,1.0,1.0
431,HAM_0002984,bkl,1.0,1.0
432,HAM_0002821,bkl,1.0,1.0
433,HAM_0000106,bkl,1.0,1.0
434,HAM_0004556,bkl,1.0,1.0
435,HAM_0003559,bkl,0.5,0.5
436,HAM_0003559,bkl,0.5,0.5
437,HAM_0004768,bkl,0.5,0.5
438,HAM_0004768,bkl,0.5,0.5
439,HAM_0006009,bkl,1.0,1.0
440,HAM_0002462,bkl,1.0,1.0
441,HAM_0001991,bkl,1.0,1.0
442,HAM_0000754,bkl,0.5,0.5
443,HAM_0000754,bkl,0.5,0.5
444,HAM_0006673,bkl,1.0,1.0
445,HAM_0003218,bkl,1.0,1.0
446,HAM_0000208,bkl,0.3333333432674408,0.3333333432674408
447,HAM_0000208,bkl,0.3333333432674408,0.3333333432674408
448,HAM_0000208,bkl,0.3333333432674408,0.3333333432674408
449,HAM_0005442,bkl,1.0,1.0
450,HAM_0004142,bkl,0.3333333432674408,0.3333333432674408
451,HAM_0004142,bkl,0.3333333432674408,0.3333333432674408
452,HAM_0004142,bkl,0.3333333432674408,0.3333333432674408
453,HAM_0004788,bkl,0.5,0.5
454,HAM_0004788,bkl,0.5,0.5
455,HAM_0001772,bkl,0.5,0.5
456,HAM_0001772,bkl,0.5,0.5
457,HAM_0005749,bkl,1.0,1.0
458,HAM_0000571,bkl,0.5,0.5
459,HAM_0000571,bkl,0.5,0.5
460,HAM_0006148,bkl,1.0,1.0
461,HAM_0005898,bkl,0.5,0.5
462,HAM_0005898,bkl,0.5,0.5
463,HAM_0002792,bkl,1.0,1.0
464,HAM_0001186,bkl,1.0,1.0
465,HAM_0000372,bkl,1.0,1.0
466,HAM_0007281,bkl,1.0,1.0
467,HAM_0007233,bkl,1.0,1.0
468,HAM_0004232,bkl,1.0,1.0
469,HAM_0003393,bkl,1.0,1.0
470,HAM_0000090,bkl,1.0,1.0
471,HAM_0005101,bkl,1.0,1.0
472,HAM_0006912,bkl,1.0,1.0
473,HAM_0005626,bkl,1.0,1.0
474,HAM_0000734,bkl,1.0,1.0
475,HAM_0005136,bkl,1.0,1.0
476,HAM_0000716,bkl,1.0,1.0
477,HAM_0007395,bkl,1.0,1.0
478,HAM_0001429,bkl,1.0,1.0
479,HAM_0003926,bkl,1.0,1.0
480,HAM_0006533,bkl,1.0,1.0
481,HAM_0000121,bkl,1.0,1.0
482,HAM_0006243,bkl,1.0,1.0
483,HAM_0000659,bkl,1.0,1.0
484,HAM_0002034,bkl,1.0,1.0
485,HAM_0007393,bkl,1.0,1.0
486,HAM_0001430,bkl,1.0,1.0
487,HAM_0005443,bkl,1.0,1.0
488,HAM_0002043,bkl,1.0,1.0
489,HAM_0000089,bkl,1.0,1.0
490,HAM_0005751,bkl,1.0,1.0
491,HAM_0005338,bkl,1.0,1.0
492,HAM_0002280,bkl,1.0,1.0
493,HAM_0003982,bkl,1.0,1.0
494,HAM_0006772,bkl,1.0,1.0
495,HAM_0003757,bkl,1.0,1.0
496,HAM_0001399,bkl,1.0,1.0
497,HAM_0006124,bkl,1.0,1.0
498,HAM_0007219,bkl,1.0,1.0
499,HAM_0002503,bkl,1.0,1.0
500,HAM_0003691,bkl,1.0,1.0
501,HAM_0002965,bkl,1.0,1.0
502,HAM_0000974,bkl,1.0,1.0
503,HAM_0000607,bkl,1.0,1.0
504,HAM_0003582,bkl,1.0,1.0
505,HAM_0002005,bkl,1.0,1.0
506,HAM_0000105,bkl,1.0,1.0
507,HAM_0003715,bkl,1.0,1.0
508,HAM_0000955,bkl,1.0,1.0
509,HAM_0002366,bkl,1.0,1.0
510,HAM_0000465,bkl,1.0,1.0
511,HAM_0005874,bkl,1.0,1.0
512,HAM_0001223,bkl,1.0,1.0
513,HAM_0001164,df,0.5,0.5
514,HAM_0001164,df,0.5,0.5
515,HAM_0004330,df,0.5,0.5
516,HAM_0004330,df,0.5,0.5
517,HAM_0005518,df,1.0,1.0
518,HAM_0002546,df,1.0,1.0
519,HAM_0001785,df,0.5,0.5
520,HAM_0001785,df,0.5,0.5
521,HAM_0002909,df,0.5,0.5
522,HAM_0002909,df,0.5,0.5
523,HAM_0004756,df,1.0,1.0
524,HAM_0007225,df,1.0,1.0
525,HAM_0003555,df,1.0,1.0
526,HAM_0007421,df,1.0,1.0
527,HAM_0002706,df,0.5,0.5
528,HAM_0002706,df,0.5,0.5
529,HAM_0007227,df,1.0,1.0
530,HAM_0003290,df,0.3333333432674408,0.3333333432674408
531,HAM_0003290,df,0.3333333432674408,0.3333333432674408
532,HAM_0003290,df,0.3333333432674408,0.3333333432674408
533,HAM_0003110,df,0.3333333432674408,0.3333333432674408
534,HAM_0003110,df,0.3333333432674408,0.3333333432674408
535,HAM_0003110,df,0.3333333432674408,0.3333333432674408
536,HAM_0001177,df,1.0,1.0
537,HAM_0005362,df,0.5,0.5
538,HAM_0005362,df,0.5,0.5
539,HAM_0005663,df,0.5,0.5
540,HAM_0005663,df,0.5,0.5
541,HAM_0006542,df,1.0,1.0
542,HAM_0002450,df,0.5,0.5
543,HAM_0002450,df,0.5,0.5
544,HAM_0006188,df,0.5,0.5
545,HAM_0006188,df,0.5,0.5
546,HAM_0005584,df,0.5,0.5
547,HAM_0005584,df,0.5,0.5
548,HAM_0006371,df,0.5,0.5
549,HAM_0006371,df,0.5,0.5
550,HAM_0000349,df,0.5,0.5
551,HAM_0000349,df,0.5,0.5
552,HAM_0003597,df,1.0,1.0
553,HAM_0000902,df,1.0,1.0
554,HAM_0006787,df,1.0,1.0
555,HAM_0002463,df,1.0,1.0
556,HAM_0002129,df,1.0,1.0
557,HAM_0004496,df,1.0,1.0
558,HAM_0005359,df,1.0,1.0
559,HAM_0003023,df,1.0,1.0
560,HAM_0005112,df,1.0,1.0
561,HAM_0004065,df,1.0,1.0
562,HAM_0002848,df,1.0,1.0
563,HAM_0000049,df,1.0,1.0
564,HAM_0007569,df,1.0,1.0
565,HAM_0001841,df,1.0,1.0
566,HAM_0006707,df,1.0,1.0
567,HAM_0000871,mel,0.5,0.5
568,HAM_0004476,mel,1.0,1.0
569,HAM_0006722,mel,1.0,1.0
570,HAM_0003832,mel,0.5,0.5
571,HAM_0003832,mel,0.5,0.5
572,HAM_0002119,mel,1.0,1.0
573,HAM_0004784,mel,0.5,0.5
574,HAM_0004784,mel,0.5,0.5
575,HAM_0003182,mel,1.0,1.0
576,HAM_0001747,mel,0.5,0.5
577,HAM_0001747,mel,0.5,0.5
578,HAM_0003558,mel,0.3333333432674408,0.3333333432674408
579,HAM_0003558,mel,0.3333333432674408,0.3333333432674408
580,HAM_0001811,mel,0.5,0.5
581,HAM_0001811,mel,0.5,0.5
582,HAM_0001726,mel,0.5,0.5
583,HAM_0003315,mel,0.5,0.5
584,HAM_0003315,mel,0.5,0.5
585,HAM_0004720,mel,0.5,0.5
586,HAM_0004720,mel,0.5,0.5
587,HAM_0004607,mel,0.5,0.5
588,HAM_0004607,mel,0.5,0.5
589,HAM_0007390,mel,0.5,0.5
590,HAM_0007390,mel,0.5,0.5
591,HAM_0002720,mel,1.0,1.0
592,HAM_0005481,mel,0.5,0.5
593,HAM_0005481,mel,0.5,0.5
594,HAM_0000814,mel,0.5,0.5
595,HAM_0001446,mel,1.0,1.0
596,HAM_0006803,mel,1.0,1.0
597,HAM_0000814,mel,0.5,0.5
598,HAM_0007560,mel,0.5,0.5
599,HAM_0007560,mel,0.5,0.5
600,HAM_0006253,mel,0.5,0.5
601,HAM_0006253,mel,0.5,0.5
602,HAM_0007171,mel,1.0,1.0
603,HAM_0002714,mel,0.5,0.5
604,HAM_0002714,mel,0.5,0.5
605,HAM_0003802,mel,1.0,1.0
606,HAM_0003031,mel,1.0,1.0
607,HAM_0003194,mel,0.5,0.5
608,HAM_0006521,mel,1.0,1.0
609,HAM_0000152,mel,1.0,1.0
610,HAM_0004643,mel,1.0,1.0
611,HAM_0001353,mel,1.0,1.0
612,HAM_0005697,mel,0.5,0.5
613,HAM_0005697,mel,0.5,0.5
614,HAM_0006692,mel,0.5,0.5
615,HAM_0006692,mel,0.5,0.5
616,HAM_0000210,mel,1.0,1.0
617,HAM_0007165,mel,1.0,1.0
618,HAM_0002471,mel,1.0,1.0
619,HAM_0007538,mel,0.5,0.5
620,HAM_0007538,mel,0.5,0.5
621,HAM_0001531,mel,0.5,0.5
622,HAM_0001531,mel,0.5,0.5
623,HAM_0000903,mel,1.0,1.0
624,HAM_0001284,mel,1.0,1.0
625,HAM_0001671,mel,0.5,0.5
626,HAM_0001671,mel,0.5,0.5
627,HAM_0002182,mel,0.5,0.5
628,HAM_0002182,mel,0.5,0.5
629,HAM_0004265,mel,0.5,0.5
630,HAM_0004265,mel,0.5,0.5
631,HAM_0003212,mel,0.5,0.5
632,HAM_0003212,mel,0.5,0.5
633,HAM_0006975,mel,1.0,1.0
634,HAM_0006522,mel,0.5,0.5
635,HAM_0006522,mel,0.5,0.5
636,HAM_0004483,mel,1.0,1.0
637,HAM_0007620,mel,0.5,0.5
638,HAM_0007620,mel,0.5,0.5
639,HAM_0005381,mel,0.5,0.5
640,HAM_0005381,mel,0.5,0.5
641,HAM_0001796,mel,1.0,1.0
642,HAM_0005742,mel,0.5,0.5
643,HAM_0005742,mel,0.5,0.5
644,HAM_0006152,mel,1.0,1.0
645,HAM_0001600,mel,0.5,0.5
646,HAM_0001600,mel,0.5,0.5
647,HAM_0004980,mel,0.5,0.5
648,HAM_0004980,mel,0.5,0.5
649,HAM_0005911,mel,1.0,1.0
650,HAM_0006214,mel,0.5,0.5
651,HAM_0006214,mel,0.5,0.5
652,HAM_0000417,mel,1.0,1.0
653,HAM_0007229,mel,1.0,1.0
654,HAM_0000233,mel,0.5,0.5
655,HAM_0000233,mel,0.5,0.5
656,HAM_0007617,mel,1.0,1.0
657,HAM_0003449,mel,0.5,0.5
658,HAM_0003449,mel,0.5,0.5
659,HAM_0004153,mel,0.5,0.5
660,HAM_0004153,mel,0.5,0.5
661,HAM_0000062,mel,1.0,1.0
662,HAM_0006751,mel,1.0,1.0
663,HAM_0004364,mel,0.5,0.5
664,HAM_0004364,mel,0.5,0.5
665,HAM_0002981,mel,0.5,0.5
666,HAM_0002981,mel,0.5,0.5
667,HAM_0000796,mel,0.5,0.5
668,HAM_0000796,mel,0.5,0.5
669,HAM_0003330,mel,0.5,0.5
670,HAM_0003330,mel,0.5,0.5
671,HAM_0000645,mel,0.5,0.5
672,HAM_0000645,mel,0.5,0.5
673,HAM_0006208,mel,1.0,1.0
674,HAM_0000330,mel,1.0,1.0
675,HAM_0001729,mel,0.5,0.5
676,HAM_0001729,mel,0.5,0.5
677,HAM_0003497,mel,0.5,0.5
678,HAM_0002509,mel,0.5,0.5
679,HAM_0002509,mel,0.5,0.5
680,HAM_0005785,mel,1.0,1.0
681,HAM_0005752,mel,0.5,0.5
682,HAM_0005752,mel,0.5,0.5
683,HAM_0005095,mel,1.0,1.0
684,HAM_0003376,mel,1.0,1.0
685,HAM_0002391,mel,0.5,0.5
686,HAM_0002391,mel,0.5,0.5
687,HAM_0001734,mel,0.3333333432674408,0.3333333432674408
688,HAM_0001734,mel,0.3333333432674408,0.3333333432674408
689,HAM_0001734,mel,0.3333333432674408,0.3333333432674408
690,HAM_0004121,mel,1.0,1.0
691,HAM_0005719,mel,1.0,1.0
692,HAM_0006435,mel,0.5,0.5
693,HAM_0006435,mel,0.5,0.5
694,HAM_0005403,mel,1.0,1.0
695,HAM_0003622,mel,1.0,1.0
696,HAM_0002004,mel,0.5,0.5
697,HAM_0002004,mel,0.5,0.5
698,HAM_0002032,mel,1.0,1.0
699,HAM_0007163,mel,1.0,1.0
700,HAM_0004405,mel,0.5,0.5
701,HAM_0004405,mel,0.5,0.5
702,HAM_0000878,mel,1.0,1.0
703,HAM_0003983,mel,0.5,0.5
704,HAM_0003983,mel,0.5,0.5
705,HAM_0000483,mel,0.3333333432674408,0.3333333432674408
706,HAM_0000483,mel,0.3333333432674408,0.3333333432674408
707,HAM_0000483,mel,0.3333333432674408,0.3333333432674408
708,HAM_0001266,mel,1.0,1.0
709,HAM_0005893,mel,0.3333333432674408,0.3333333432674408
710,HAM_0005893,mel,0.3333333432674408,0.3333333432674408
711,HAM_0005893,mel,0.3333333432674408,0.3333333432674408
712,HAM_0001174,mel,1.0,1.0
713,HAM_0002824,mel,0.3333333432674408,0.3333333432674408
714,HAM_0002824,mel,0.3333333432674408,0.3333333432674408
715,HAM_0002824,mel,0.3333333432674408,0.3333333432674408
716,HAM_0007368,mel,1.0,1.0
717,HAM_0007343,mel,0.25,0.25
718,HAM_0007343,mel,0.25,0.25
719,HAM_0007343,mel,0.25,0.25
720,HAM_0007343,mel,0.25,0.25
721,HAM_0005368,mel,0.3333333432674408,0.3333333432674408
722,HAM_0005368,mel,0.3333333432674408,0.3333333432674408
723,HAM_0005368,mel,0.3333333432674408,0.3333333432674408
724,HAM_0006886,mel,0.3333333432674408,0.3333333432674408
725,HAM_0006886,mel,0.3333333432674408,0.3333333432674408
726,HAM_0006886,mel,0.3333333432674408,0.3333333432674408
727,HAM_0005400,mel,1.0,1.0
728,HAM_0002086,mel,0.5,0.5
729,HAM_0002086,mel,0.5,0.5
730,HAM_0005608,mel,0.3333333432674408,0.3333333432674408
731,HAM_0005608,mel,0.3333333432674408,0.3333333432674408
732,HAM_0005608,mel,0.3333333432674408,0.3333333432674408
733,HAM_0002956,mel,1.0,1.0
734,HAM_0000611,mel,0.3333333432674408,0.3333333432674408
735,HAM_0000611,mel,0.3333333432674408,0.3333333432674408
736,HAM_0000611,mel,0.3333333432674408,0.3333333432674408
737,HAM_0005336,mel,1.0,1.0
738,HAM_0000048,mel,1.0,1.0
739,HAM_0003679,mel,1.0,1.0
740,HAM_0004811,mel,0.5,0.5
741,HAM_0004811,mel,0.5,0.5
742,HAM_0005777,mel,1.0,1.0
743,HAM_0002671,mel,0.5,0.5
744,HAM_0002671,mel,0.5,0.5
745,HAM_0000097,mel,0.3333333432674408,0.3333333432674408
746,HAM_0000097,mel,0.3333333432674408,0.3333333432674408
747,HAM_0000097,mel,0.3333333432674408,0.3333333432674408
748,HAM_0001928,mel,0.3333333432674408,0.3333333432674408
749,HAM_0001928,mel,0.3333333432674408,0.3333333432674408
750,HAM_0001928,mel,0.3333333432674408,0.3333333432674408
751,HAM_0005758,mel,0.5,0.5
752,HAM_0005758,mel,0.5,0.5
753,HAM_0000319,mel,1.0,1.0
754,HAM_0000388,mel,0.5,0.5
755,HAM_0000388,mel,0.5,0.5
756,HAM_0005280,mel,0.5,0.5
757,HAM_0005280,mel,0.5,0.5
758,HAM_0007180,mel,1.0,1.0
759,HAM_0003202,mel,1.0,1.0
760,HAM_0000662,mel,0.5,0.5
761,HAM_0000662,mel,0.5,0.5
762,HAM_0006545,mel,0.5,0.5
763,HAM_0006545,mel,0.5,0.5
764,HAM_0003602,mel,0.3333333432674408,0.3333333432674408
765,HAM_0003602,mel,0.3333333432674408,0.3333333432674408
766,HAM_0003602,mel,0.3333333432674408,0.3333333432674408
767,HAM_0004593,mel,1.0,1.0
768,HAM_0004571,mel,0.5,0.5
769,HAM_0004571,mel,0.5,0.5
770,HAM_0005628,mel,1.0,1.0
771,HAM_0005711,mel,0.3333333432674408,0.3333333432674408
772,HAM_0005711,mel,0.3333333432674408,0.3333333432674408
773,HAM_0005711,mel,0.3333333432674408,0.3333333432674408
774,HAM_0005748,mel,0.5,0.5
775,HAM_0005748,mel,0.5,0.5
776,HAM_0003466,mel,1.0,1.0
777,HAM_0004984,mel,1.0,1.0
778,HAM_0001465,mel,1.0,1.0
779,HAM_0000002,mel,0.5,0.5
780,HAM_0000002,mel,0.5,0.5
781,HAM_0004949,mel,0.5,0.5
782,HAM_0004949,mel,0.5,0.5
783,HAM_0007021,mel,0.5,0.5
784,HAM_0007021,mel,0.5,0.5
785,HAM_0004881,mel,1.0,1.0
786,HAM_0004998,mel,0.5,0.5
787,HAM_0004998,mel,0.5,0.5
788,HAM_0005970,mel,1.0,1.0
789,HAM_0007574,mel,0.3333333432674408,0.3333333432674408
790,HAM_0007574,mel,0.3333333432674408,0.3333333432674408
791,HAM_0007574,mel,0.3333333432674408,0.3333333432674408
792,HAM_0000042,mel,0.5,0.5
793,HAM_0000042,mel,0.5,0.5
794,HAM_0002149,mel,1.0,1.0
795,HAM_0006437,mel,1.0,1.0
796,HAM_0003566,mel,0.5,0.5
797,HAM_0003566,mel,0.5,0.5
798,HAM_0002732,mel,0.3333333432674408,0.3333333432674408
799,HAM_0002732,mel,0.3333333432674408,0.3333333432674408
800,HAM_0002732,mel,0.3333333432674408,0.3333333432674408
801,HAM_0004687,mel,0.5,0.5
802,HAM_0004687,mel,0.5,0.5
803,HAM_0001143,mel,1.0,1.0
804,HAM_0004853,mel,0.3333333432674408,0.3333333432674408
805,HAM_0004853,mel,0.3333333432674408,0.3333333432674408
806,HAM_0004853,mel,0.3333333432674408,0.3333333432674408
807,HAM_0006097,mel,1.0,1.0
808,HAM_0007558,mel,0.25,0.25
809,HAM_0007558,mel,0.25,0.25
810,HAM_0007558,mel,0.25,0.25
811,HAM_0007558,mel,0.25,0.25
812,HAM_0005274,mel,0.3333333432674408,0.3333333432674408
813,HAM_0005274,mel,0.3333333432674408,0.3333333432674408
814,HAM_0005274,mel,0.3333333432674408,0.3333333432674408
815,HAM_0005409,mel,0.5,0.5
816,HAM_0005409,mel,0.5,0.5
817,HAM_0006556,mel,1.0,1.0
818,HAM_0000337,mel,0.5,0.5
819,HAM_0006376,mel,0.3333333432674408,0.3333333432674408
820,HAM_0003843,mel,0.5,0.5
821,HAM_0000375,mel,1.0,1.0
822,HAM_0001274,mel,1.0,1.0
823,HAM_0005249,mel,0.3333333432674408,0.3333333432674408
824,HAM_0005249,mel,0.3333333432674408,0.3333333432674408
825,HAM_0005249,mel,0.3333333432674408,0.3333333432674408
826,HAM_0004129,mel,0.3333333432674408,0.3333333432674408
827,HAM_0004129,mel,0.3333333432674408,0.3333333432674408
828,HAM_0004129,mel,0.3333333432674408,0.3333333432674408
829,HAM_0007589,mel,1.0,1.0
830,HAM_0003700,mel,0.3333333432674408,0.3333333432674408
831,HAM_0003700,mel,0.3333333432674408,0.3333333432674408
832,HAM_0003700,mel,0.3333333432674408,0.3333333432674408
833,HAM_0002841,mel,0.3333333432674408,0.3333333432674408
834,HAM_0002841,mel,0.3333333432674408,0.3333333432674408
835,HAM_0002841,mel,0.3333333432674408,0.3333333432674408
836,HAM_0004284,mel,0.3333333432674408,0.3333333432674408
837,HAM_0004284,mel,0.3333333432674408,0.3333333432674408
838,HAM_0004284,mel,0.3333333432674408,0.3333333432674408
839,HAM_0004326,mel,1.0,1.0
840,HAM_0004302,mel,1.0,1.0
841,HAM_0003335,mel,1.0,1.0
842,HAM_0006923,mel,1.0,1.0
843,HAM_0006184,mel,0.5,0.5
844,HAM_0006184,mel,0.5,0.5
845,HAM_0003351,mel,1.0,1.0
846,HAM_0006426,mel,0.5,0.5
847,HAM_0006426,mel,0.5,0.5
848,HAM_0006517,mel,0.5,0.5
849,HAM_0006517,mel,0.5,0.5
850,HAM_0006462,mel,0.5,0.5
851,HAM_0006462,mel,0.5,0.5
852,HAM_0004056,mel,0.5,0.5
853,HAM_0004056,mel,0.5,0.5
854,HAM_0002617,mel,0.5,0.5
855,HAM_0002617,mel,0.5,0.5
856,HAM_0005953,mel,1.0,1.0
857,HAM_0001506,mel,0.5,0.5
858,HAM_0001506,mel,0.5,0.5
859,HAM_0000176,mel,0.3333333432674408,0.3333333432674408
860,HAM_0000176,mel,0.3333333432674408,0.3333333432674408
861,HAM_0000176,mel,0.3333333432674408,0.3333333432674408
862,HAM_0005673,mel,1.0,1.0
863,HAM_0005681,mel,1.0,1.0
864,HAM_0000706,mel,0.5,0.5
865,HAM_0000706,mel,0.5,0.5
866,HAM_0002051,mel,0.5,0.5
867,HAM_0002051,mel,0.5,0.5
868,HAM_0001974,mel,0.5,0.5
869,HAM_0001974,mel,0.5,0.5
870,HAM_0005021,mel,0.5,0.5
871,HAM_0005021,mel,0.5,0.5
872,HAM_0001349,mel,0.5,0.5
873,HAM_0006376,mel,0.3333333432674408,0.3333333432674408
874,HAM_0006400,mel,1.0,1.0
875,HAM_0006376,mel,0.3333333432674408,0.3333333432674408
876,HAM_0003843,mel,0.5,0.5
877,HAM_0003869,mel,0.5,0.5
878,HAM_0002723,mel,0.5,0.5
879,HAM_0002723,mel,0.5,0.5
880,HAM_0004844,mel,0.5,0.5
881,HAM_0004844,mel,0.5,0.5
882,HAM_0000337,mel,0.5,0.5
883,HAM_0005040,mel,0.3333333432674408,0.3333333432674408
884,HAM_0005040,mel,0.3333333432674408,0.3333333432674408
885,HAM_0005040,mel,0.3333333432674408,0.3333333432674408
886,HAM_0000880,mel,0.5,0.5
887,HAM_0000880,mel,0.5,0.5
888,HAM_0001570,mel,0.5,0.5
889,HAM_0001570,mel,0.5,0.5
890,HAM_0004011,mel,0.5,0.5
891,HAM_0000988,mel,1.0,1.0
892,HAM_0004011,mel,0.5,0.5
893,HAM_0007245,mel,1.0,1.0
894,HAM_0002377,mel,0.5,0.5
895,HAM_0002377,mel,0.5,0.5
896,HAM_0003176,mel,0.5,0.5
897,HAM_0005846,mel,1.0,1.0
898,HAM_0007305,mel,1.0,1.0
899,HAM_0001299,mel,0.5,0.5
900,HAM_0001299,mel,0.5,0.5
901,HAM_0004427,mel,1.0,1.0
902,HAM_0000433,mel,0.5,0.5
903,HAM_0000433,mel,0.5,0.5
904,HAM_0005600,mel,1.0,1.0
905,HAM_0005061,mel,1.0,1.0
906,HAM_0002491,mel,1.0,1.0
907,HAM_0002186,mel,1.0,1.0
908,HAM_0002196,mel,0.5,0.5
909,HAM_0002196,mel,0.5,0.5
910,HAM_0002834,mel,0.5,0.5
911,HAM_0002834,mel,0.5,0.5
912,HAM_0001986,mel,1.0,1.0
913,HAM_0006467,mel,1.0,1.0
914,HAM_0004850,mel,0.5,0.5
915,HAM_0004850,mel,0.5,0.5
916,HAM_0002711,mel,0.5,0.5
917,HAM_0002711,mel,0.5,0.5
918,HAM_0005064,mel,0.5,0.5
919,HAM_0005064,mel,0.5,0.5
920,HAM_0000775,mel,0.5,0.5
921,HAM_0000775,mel,0.5,0.5
922,HAM_0003176,mel,0.5,0.5
923,HAM_0002622,mel,1.0,1.0
924,HAM_0003497,mel,0.5,0.5
925,HAM_0007502,mel,1.0,1.0
926,HAM_0006538,mel,1.0,1.0
927,HAM_0003194,mel,0.5,0.5
928,HAM_0006088,mel,1.0,1.0
929,HAM_0004281,mel,1.0,1.0
930,HAM_0001726,mel,0.5,0.5
931,HAM_0003558,mel,0.3333333432674408,0.3333333432674408
932,HAM_0003484,mel,1.0,1.0
933,HAM_0000871,mel,0.5,0.5
934,HAM_0002764,mel,1.0,1.0
935,HAM_0000442,mel,1.0,1.0
936,HAM_0004878,mel,0.3333333432674408,0.3333333432674408
937,HAM_0000863,mel,0.5,0.5
938,HAM_0005121,mel,1.0,1.0
939,HAM_0000863,mel,0.5,0.5
940,HAM_0007188,mel,1.0,1.0
941,HAM_0003608,mel,1.0,1.0
942,HAM_0004888,mel,1.0,1.0
943,HAM_0000856,mel,0.5,0.5
944,HAM_0005425,mel,1.0,1.0
945,HAM_0002696,mel,0.5,0.5
946,HAM_0002696,mel,0.5,0.5
947,HAM_0004669,mel,1.0,1.0
948,HAM_0000075,mel,1.0,1.0
949,HAM_0000563,mel,1.0,1.0
950,HAM_0002752,mel,1.0,1.0
951,HAM_0006696,mel,1.0,1.0
952,HAM_0006699,mel,0.5,0.5
953,HAM_0000887,mel,1.0,1.0
954,HAM_0005540,mel,1.0,1.0
955,HAM_0000952,mel,1.0,1.0
956,HAM_0006196,mel,1.0,1.0
957,HAM_0007114,mel,1.0,1.0
958,HAM_0003749,mel,1.0,1.0
959,HAM_0004021,mel,1.0,1.0
960,HAM_0001349,mel,0.5,0.5
961,HAM_0002375,mel,0.5,0.5
962,HAM_0002375,mel,0.5,0.5
963,HAM_0001655,mel,1.0,1.0
964,HAM_0007238,mel,0.5,0.5
965,HAM_0007238,mel,0.5,0.5
966,HAM_0006004,mel,1.0,1.0
967,HAM_0006006,mel,0.5,0.5
968,HAM_0006006,mel,0.5,0.5
969,HAM_0005315,mel,1.0,1.0
970,HAM_0002525,mel,0.5,0.5
971,HAM_0002906,mel,0.5,0.5
972,HAM_0000125,mel,0.3333333432674408,0.3333333432674408
973,HAM_0004354,mel,0.5,0.5
974,HAM_0000125,mel,0.3333333432674408,0.3333333432674408
975,HAM_0003095,mel,1.0,1.0
976,HAM_0007488,mel,0.5,0.5
977,HAM_0007488,mel,0.5,0.5
978,HAM_0007498,mel,1.0,1.0
979,HAM_0005203,mel,1.0,1.0
980,HAM_0001551,mel,1.0,1.0
981,HAM_0001069,mel,1.0,1.0
982,HAM_0001596,mel,0.5,0.5
983,HAM_0001596,mel,0.5,0.5
984,HAM_0007070,mel,1.0,1.0
985,HAM_0000125,mel,0.3333333432674408,0.3333333432674408
986,HAM_0002869,mel,0.5,0.5
987,HAM_0002869,mel,0.5,0.5
988,HAM_0000136,mel,0.5,0.5
989,HAM_0007242,mel,0.5,0.5
990,HAM_0007242,mel,0.5,0.5
991,HAM_0000136,mel,0.5,0.5
992,HAM_0001744,mel,0.3333333432674408,0.3333333432674408
993,HAM_0006940,mel,1.0,1.0
994,HAM_0006942,mel,0.5,0.5
995,HAM_0006942,mel,0.5,0.5
996,HAM_0002906,mel,0.5,0.5
997,HAM_0001744,mel,0.3333333432674408,0.3333333432674408
998,HAM_0003428,mel,0.5,0.5
999,HAM_0003428,mel,0.5,0.5
1000,HAM_0001744,mel,0.3333333432674408,0.3333333432674408
1001,HAM_0001791,mel,0.5,0.5
1002,HAM_0001791,mel,0.5,0.5
1003,HAM_0001814,mel,0.5,0.5
1004,HAM_0001835,mel,0.3333333432674408,0.3333333432674408
1005,HAM_0001835,mel,0.3333333432674408,0.3333333432674408
1006,HAM_0001835,mel,0.3333333432674408,0.3333333432674408
1007,HAM_0000856,mel,0.5,0.5
1008,HAM_0001877,mel,1.0,1.0
1009,HAM_0006964,mel,0.5,0.5
1010,HAM_0006964,mel,0.5,0.5
1011,HAM_0006699,mel,0.5,0.5
1012,HAM_0006764,mel,0.5,0.5
1013,HAM_0001814,mel,0.5,0.5
1014,HAM_0005532,mel,1.0,1.0
1015,HAM_0000619,mel,1.0,1.0
1016,HAM_0002800,mel,0.5,0.5
1017,HAM_0002800,mel,0.5,0.5
1018,HAM_0002817,mel,0.5,0.5
1019,HAM_0002817,mel,0.5,0.5
1020,HAM_0003256,mel,0.5,0.5
1021,HAM_0003435,mel,1.0,1.0
1022,HAM_0005986,mel,1.0,1.0
1023,HAM_0003149,mel,1.0,1.0
1024,HAM_0003256,mel,0.5,0.5
1025,HAM_0005724,mel,0.5,0.5
1026,HAM_0005724,mel,0.5,0.5
1027,HAM_0003587,mel,1.0,1.0
1028,HAM_0006171,mel,0.5,0.5
1029,HAM_0006171,mel,0.5,0.5
1030,HAM_0006779,mel,1.0,1.0
1031,HAM_0003869,mel,0.5,0.5
1032,HAM_0003782,mel,1.0,1.0
1033,HAM_0003885,mel,1.0,1.0
1034,HAM_0004936,mel,0.5,0.5
1035,HAM_0004936,mel,0.5,0.5
1036,HAM_0001964,mel,1.0,1.0
1037,HAM_0005504,mel,0.5,0.5
1038,HAM_0005504,mel,0.5,0.5
1039,HAM_0005692,mel,1.0,1.0
1040,HAM_0004709,mel,1.0,1.0
1041,HAM_0006764,mel,0.5,0.5
1042,HAM_0005746,mel,0.5,0.5
1043,HAM_0005746,mel,0.5,0.5
1044,HAM_0005783,mel,1.0,1.0
1045,HAM_0005789,mel,0.3333333432674408,0.3333333432674408
1046,HAM_0005789,mel,0.3333333432674408,0.3333333432674408
1047,HAM_0005789,mel,0.3333333432674408,0.3333333432674408
1048,HAM_0004354,mel,0.5,0.5
1049,HAM_0004878,mel,0.3333333432674408,0.3333333432674408
1050,HAM_0007511,mel,0.5,0.5
1051,HAM_0007511,mel,0.5,0.5
1052,HAM_0004898,mel,0.5,0.5
1053,HAM_0004898,mel,0.5,0.5
1054,HAM_0004878,mel,0.3333333432674408,0.3333333432674408
1055,HAM_0004559,mel,1.0,1.0
1056,HAM_0006527,mel,1.0,1.0
1057,HAM_0005909,mel,1.0,1.0
1058,HAM_0001607,mel,1.0,1.0
1059,HAM_0002109,mel,1.0,1.0
1060,HAM_0006223,mel,0.5,0.5
1061,HAM_0006223,mel,0.5,0.5
1062,HAM_0001113,mel,1.0,1.0
1063,HAM_0003520,mel,1.0,1.0
1064,HAM_0006899,mel,1.0,1.0
1065,HAM_0003171,mel,1.0,1.0
1066,HAM_0003167,mel,1.0,1.0
1067,HAM_0004053,mel,1.0,1.0
1068,HAM_0002911,mel,0.5,0.5
1069,HAM_0000590,mel,1.0,1.0
1070,HAM_0004081,mel,1.0,1.0
1071,HAM_0004547,mel,1.0,1.0
1072,HAM_0004428,mel,0.5,0.5
1073,HAM_0004428,mel,0.5,0.5
1074,HAM_0007031,mel,1.0,1.0
1075,HAM_0003504,mel,0.5,0.5
1076,HAM_0003504,mel,0.5,0.5
1077,HAM_0003530,mel,1.0,1.0
1078,HAM_0003534,mel,0.5,0.5
1079,HAM_0002525,mel,0.5,0.5
1080,HAM_0002911,mel,0.5,0.5
1081,HAM_0003534,mel,0.5,0.5
1082,HAM_0000910,mel,1.0,1.0
1083,HAM_0001920,vasc,1.0,1.0
1084,HAM_0002914,vasc,1.0,1.0
1085,HAM_0004765,vasc,0.5,0.5
1086,HAM_0004765,vasc,0.5,0.5
1087,HAM_0002218,vasc,0.5,0.5
1088,HAM_0002218,vasc,0.5,0.5
1089,HAM_0002538,vasc,0.5,0.5
1090,HAM_0002538,vasc,0.5,0.5
1091,HAM_0003925,vasc,1.0,1.0
1092,HAM_0006324,vasc,1.0,1.0
1093,HAM_0007614,vasc,1.0,1.0
1094,HAM_0006156,vasc,1.0,1.0
1095,HAM_0006203,vasc,1.0,1.0
1096,HAM_0004776,vasc,0.3333333432674408,0.3333333432674408
1097,HAM_0004776,vasc,0.3333333432674408,0.3333333432674408
1098,HAM_0004776,vasc,0.3333333432674408,0.3333333432674408
1099,HAM_0003862,vasc,0.5,0.5
1100,HAM_0003862,vasc,0.5,0.5
1101,HAM_0006946,vasc,0.3333333432674408,0.3333333432674408
1102,HAM_0006946,vasc,0.3333333432674408,0.3333333432674408
1103,HAM_0006946,vasc,0.3333333432674408,0.3333333432674408
1104,HAM_0004791,vasc,0.3333333432674408,0.3333333432674408
1105,HAM_0004791,vasc,0.3333333432674408,0.3333333432674408
1106,HAM_0004791,vasc,0.3333333432674408,0.3333333432674408
1107,HAM_0005989,vasc,0.3333333432674408,0.3333333432674408
1108,HAM_0005989,vasc,0.3333333432674408,0.3333333432674408
1109,HAM_0005989,vasc,0.3333333432674408,0.3333333432674408
1110,HAM_0001852,vasc,0.5,0.5
1111,HAM_0001852,vasc,0.5,0.5
1112,HAM_0005158,vasc,1.0,1.0
1113,HAM_0005471,vasc,1.0,1.0
1114,HAM_0002610,vasc,1.0,1.0
1115,HAM_0006748,vasc,1.0,1.0
1116,HAM_0007020,vasc,0.5,0.5
1117,HAM_0007020,vasc,0.5,0.5
1118,HAM_0000502,vasc,0.5,0.5
1119,HAM_0000502,vasc,0.5,0.5
1120,HAM_0004542,vasc,1.0,1.0
1121,HAM_0001249,vasc,1.0,1.0
1122,HAM_0002498,vasc,0.5,0.5
1123,HAM_0002498,vasc,0.5,0.5
1124,HAM_0003480,vasc,0.5,0.5
1125,HAM_0003480,vasc,0.5,0.5
1126,HAM_0002390,vasc,1.0,1.0
1127,HAM_0004549,vasc,1.0,1.0
1128,HAM_0003873,vasc,1.0,1.0
1129,HAM_0000460,vasc,1.0,1.0
1130,HAM_0001238,vasc,1.0,1.0
1131,HAM_0000845,vasc,1.0,1.0
1132,HAM_0005938,vasc,1.0,1.0
1133,HAM_0006796,vasc,1.0,1.0
1134,HAM_0007113,vasc,1.0,1.0
1135,HAM_0005215,vasc,1.0,1.0
1136,HAM_0005011,vasc,1.0,1.0
1137,HAM_0007532,vasc,1.0,1.0
1138,HAM_0007118,vasc,1.0,1.0
1139,HAM_0004653,vasc,1.0,1.0
1140,HAM_0001780,vasc,1.0,1.0
1141,HAM_0001372,vasc,1.0,1.0
1142,HAM_0000109,vasc,1.0,1.0
1143,HAM_0005245,vasc,1.0,1.0
1144,HAM_0006447,vasc,1.0,1.0
1145,HAM_0001038,vasc,1.0,1.0
1146,HAM_0001860,vasc,1.0,1.0
1147,HAM_0000415,vasc,1.0,1.0
1148,HAM_0004257,vasc,1.0,1.0
1149,HAM_0003829,vasc,1.0,1.0
1150,HAM_0003220,bcc,1.0,1.0
1151,HAM_0007141,bcc,1.0,1.0
1152,HAM_0007009,bcc,1.0,1.0
1153,HAM_0002134,bcc,0.5,0.5
1154,HAM_0002134,bcc,0.5,0.5
1155,HAM_0001884,bcc,0.5,0.5
1156,HAM_0001884,bcc,0.5,0.5
1157,HAM_0004388,bcc,1.0,1.0
1158,HAM_0004342,bcc,1.0,1.0
1159,HAM_0006047,bcc,0.5,0.5
1160,HAM_0006047,bcc,0.5,0.5
1161,HAM_0003429,bcc,1.0,1.0
1162,HAM_0000195,bcc,0.5,0.5
1163,HAM_0000195,bcc,0.5,0.5
1164,HAM_0004511,bcc,0.5,0.5
1165,HAM_0001610,bcc,1.0,1.0
1166,HAM_0004871,bcc,1.0,1.0
1167,HAM_0000687,bcc,1.0,1.0
1168,HAM_0002021,bcc,1.0,1.0
1169,HAM_0004603,bcc,0.5,0.5
1170,HAM_0004603,bcc,0.5,0.5
1171,HAM_0003094,bcc,0.5,0.5
1172,HAM_0003094,bcc,0.5,0.5
1173,HAM_0007002,bcc,1.0,1.0
1174,HAM_0005469,bcc,1.0,1.0
1175,HAM_0003229,bcc,1.0,1.0
1176,HAM_0007446,bcc,1.0,1.0
1177,HAM_0006351,bcc,0.5,0.5
1178,HAM_0006351,bcc,0.5,0.5
1179,HAM_0002346,bcc,0.3333333432674408,0.3333333432674408
1180,HAM_0002346,bcc,0.3333333432674408,0.3333333432674408
1181,HAM_0002346,bcc,0.3333333432674408,0.3333333432674408
1182,HAM_0007428,bcc,0.5,0.5
1183,HAM_0007428,bcc,0.5,0.5
1184,HAM_0004970,bcc,0.5,0.5
1185,HAM_0004970,bcc,0.5,0.5
1186,HAM_0005982,bcc,0.5,0.5
1187,HAM_0005982,bcc,0.5,0.5
1188,HAM_0005530,bcc,0.5,0.5
1189,HAM_0005530,bcc,0.5,0.5
1190,HAM_0005382,bcc,0.5,0.5
1191,HAM_0005382,bcc,0.5,0.5
1192,HAM_0001900,bcc,0.5,0.5
1193,HAM_0001900,bcc,0.5,0.5
1194,HAM_0001907,bcc,0.5,0.5
1195,HAM_0001907,bcc,0.5,0.5
1196,HAM_0003593,bcc,1.0,1.0
1197,HAM_0005804,bcc,0.5,0.5
1198,HAM_0005804,bcc,0.5,0.5
1199,HAM_0006384,bcc,1.0,1.0
1200,HAM_0005657,bcc,1.0,1.0
1201,HAM_0006548,bcc,1.0,1.0
1202,HAM_0006387,bcc,0.5,0.5
1203,HAM_0006387,bcc,0.5,0.5
1204,HAM_0000009,bcc,0.3333333432674408,0.3333333432674408
1205,HAM_0000009,bcc,0.3333333432674408,0.3333333432674408
1206,HAM_0000009,bcc,0.3333333432674408,0.3333333432674408
1207,HAM_0001616,bcc,1.0,1.0
1208,HAM_0003328,bcc,1.0,1.0
1209,HAM_0002565,bcc,0.5,0.5
1210,HAM_0002565,bcc,0.5,0.5
1211,HAM_0005998,bcc,1.0,1.0
1212,HAM_0004873,bcc,1.0,1.0
1213,HAM_0003427,bcc,1.0,1.0
1214,HAM_0002526,bcc,0.5,0.5
1215,HAM_0002526,bcc,0.5,0.5
1216,HAM_0000823,bcc,0.5,0.5
1217,HAM_0000823,bcc,0.5,0.5
1218,HAM_0003887,bcc,0.3333333432674408,0.3333333432674408
1219,HAM_0003887,bcc,0.3333333432674408,0.3333333432674408
1220,HAM_0003887,bcc,0.3333333432674408,0.3333333432674408
1221,HAM_0002334,bcc,1.0,1.0
1222,HAM_0000394,bcc,0.3333333432674408,0.3333333432674408
1223,HAM_0000394,bcc,0.3333333432674408,0.3333333432674408
1224,HAM_0000394,bcc,0.3333333432674408,0.3333333432674408
1225,HAM_0002664,bcc,0.3333333432674408,0.3333333432674408
1226,HAM_0002664,bcc,0.3333333432674408,0.3333333432674408
1227,HAM_0002664,bcc,0.3333333432674408,0.3333333432674408
1228,HAM_0002559,bcc,1.0,1.0
1229,HAM_0007335,bcc,0.5,0.5
1230,HAM_0007335,bcc,0.5,0.5
1231,HAM_0007471,bcc,0.5,0.5
1232,HAM_0007471,bcc,0.5,0.5
1233,HAM_0001243,bcc,0.5,0.5
1234,HAM_0001243,bcc,0.5,0.5
1235,HAM_0004536,bcc,0.5,0.5
1236,HAM_0004536,bcc,0.5,0.5
1237,HAM_0002243,bcc,0.3333333432674408,0.3333333432674408
1238,HAM_0002243,bcc,0.3333333432674408,0.3333333432674408
1239,HAM_0002243,bcc,0.3333333432674408,0.3333333432674408
1240,HAM_0000879,bcc,0.5,0.5
1241,HAM_0000879,bcc,0.5,0.5
1242,HAM_0003216,bcc,0.5,0.5
1243,HAM_0003216,bcc,0.5,0.5
1244,HAM_0003690,bcc,1.0,1.0
1245,HAM_0007248,bcc,0.3333333432674408,0.3333333432674408
1246,HAM_0007248,bcc,0.3333333432674408,0.3333333432674408
1247,HAM_0007248,bcc,0.3333333432674408,0.3333333432674408
1248,HAM_0004849,bcc,1.0,1.0
1249,HAM_0004848,bcc,1.0,1.0
1250,HAM_0007550,bcc,1.0,1.0
1251,HAM_0006631,bcc,0.5,0.5
1252,HAM_0003373,bcc,0.5,0.5
1253,HAM_0003373,bcc,0.5,0.5
1254,HAM_0005302,bcc,1.0,1.0
1255,HAM_0003112,bcc,1.0,1.0
1256,HAM_0001711,bcc,1.0,1.0
1257,HAM_0003694,bcc,1.0,1.0
1258,HAM_0002069,bcc,1.0,1.0
1259,HAM_0005482,bcc,1.0,1.0
1260,HAM_0000082,bcc,1.0,1.0
1261,HAM_0006274,bcc,1.0,1.0
1262,HAM_0004937,bcc,1.0,1.0
1263,HAM_0001759,bcc,1.0,1.0
1264,HAM_0002224,bcc,1.0,1.0
1265,HAM_0001666,bcc,0.5,0.5
1266,HAM_0001666,bcc,0.5,0.5
1267,HAM_0002611,bcc,1.0,1.0
1268,HAM_0003119,bcc,1.0,1.0
1269,HAM_0002312,bcc,0.5,0.5
1270,HAM_0002312,bcc,0.5,0.5
1271,HAM_0004511,bcc,0.5,0.5
1272,HAM_0002167,bcc,1.0,1.0
1273,HAM_0004147,bcc,1.0,1.0
1274,HAM_0004027,bcc,1.0,1.0
1275,HAM_0003866,bcc,1.0,1.0
1276,HAM_0002240,bcc,1.0,1.0
1277,HAM_0005180,bcc,1.0,1.0
1278,HAM_0003680,bcc,1.0,1.0
1279,HAM_0005835,bcc,1.0,1.0
1280,HAM_0002744,bcc,1.0,1.0
1281,HAM_0001183,bcc,0.5,0.5
1282,HAM_0005559,bcc,1.0,1.0
1283,HAM_0006609,bcc,1.0,1.0
1284,HAM_0005068,bcc,1.0,1.0
1285,HAM_0003610,bcc,1.0,1.0
1286,HAM_0004627,bcc,0.5,0.5
1287,HAM_0004627,bcc,0.5,0.5
1288,HAM_0005984,bcc,1.0,1.0
1289,HAM_0004300,bcc,1.0,1.0
1290,HAM_0004042,bcc,1.0,1.0
1291,HAM_0001283,bcc,1.0,1.0
1292,HAM_0005971,bcc,0.3333333432674408,0.3333333432674408
1293,HAM_0005971,bcc,0.3333333432674408,0.3333333432674408
1294,HAM_0005971,bcc,0.3333333432674408,0.3333333432674408
1295,HAM_0006727,bcc,0.3333333432674408,0.3333333432674408
1296,HAM_0006727,bcc,0.3333333432674408,0.3333333432674408
1297,HAM_0006727,bcc,0.3333333432674408,0.3333333432674408
1298,HAM_0004487,bcc,1.0,1.0
1299,HAM_0001654,bcc,0.3333333432674408,0.3333333432674408
1300,HAM_0001654,bcc,0.3333333432674408,0.3333333432674408
1301,HAM_0001654,bcc,0.3333333432674408,0.3333333432674408
1302,HAM_0006851,bcc,1.0,1.0
1303,HAM_0005268,bcc,1.0,1.0
1304,HAM_0001573,bcc,0.5,0.5
1305,HAM_0005665,bcc,1.0,1.0
1306,HAM_0003716,bcc,1.0,1.0
1307,HAM_0002083,bcc,1.0,1.0
1308,HAM_0001528,bcc,0.5,0.5
1309,HAM_0001528,bcc,0.5,0.5
1310,HAM_0004514,bcc,1.0,1.0
1311,HAM_0002959,bcc,0.3333333432674408,0.3333333432674408
1312,HAM_0002959,bcc,0.3333333432674408,0.3333333432674408
1313,HAM_0002959,bcc,0.3333333432674408,0.3333333432674408
1314,HAM_0004624,bcc,1.0,1.0
1315,HAM_0007557,bcc,1.0,1.0
1316,HAM_0005669,bcc,1.0,1.0
1317,HAM_0005509,bcc,0.5,0.5
1318,HAM_0005509,bcc,0.5,0.5
1319,HAM_0003778,bcc,1.0,1.0
1320,HAM_0002689,bcc,0.5,0.5
1321,HAM_0002689,bcc,0.5,0.5
1322,HAM_0003191,bcc,0.5,0.5
1323,HAM_0003191,bcc,0.5,0.5
1324,HAM_0004827,bcc,1.0,1.0
1325,HAM_0004365,bcc,1.0,1.0
1326,HAM_0005371,bcc,0.3333333432674408,0.3333333432674408
1327,HAM_0005371,bcc,0.3333333432674408,0.3333333432674408
1328,HAM_0005371,bcc,0.3333333432674408,0.3333333432674408
1329,HAM_0007507,bcc,1.0,1.0
1330,HAM_0006588,bcc,1.0,1.0
1331,HAM_0004940,bcc,0.5,0.5
1332,HAM_0004940,bcc,0.5,0.5
1333,HAM_0005030,bcc,1.0,1.0
1334,HAM_0002313,bcc,0.5,0.5
1335,HAM_0002313,bcc,0.5,0.5
1336,HAM_0003669,bcc,1.0,1.0
1337,HAM_0004711,bcc,0.5,0.5
1338,HAM_0004711,bcc,0.5,0.5
1339,HAM_0006872,bcc,0.5,0.5
1340,HAM_0006872,bcc,0.5,0.5
1341,HAM_0000655,bcc,0.5,0.5
1342,HAM_0000655,bcc,0.5,0.5
1343,HAM_0001575,bcc,1.0,1.0
1344,HAM_0006631,bcc,0.5,0.5
1345,HAM_0002998,bcc,0.5,0.5
1346,HAM_0002998,bcc,0.5,0.5
1347,HAM_0002666,bcc,0.5,0.5
1348,HAM_0002666,bcc,0.5,0.5
1349,HAM_0005617,bcc,0.3333333432674408,0.3333333432674408
1350,HAM_0005617,bcc,0.3333333432674408,0.3333333432674408
1351,HAM_0005617,bcc,0.3333333432674408,0.3333333432674408
1352,HAM_0001693,bcc,0.5,0.5
1353,HAM_0001693,bcc,0.5,0.5
1354,HAM_0000451,bcc,0.5,0.5
1355,HAM_0000451,bcc,0.5,0.5
1356,HAM_0005379,bcc,1.0,1.0
1357,HAM_0006904,bcc,0.5,0.5
1358,HAM_0006904,bcc,0.5,0.5
1359,HAM_0001183,bcc,0.5,0.5
1360,HAM_0003101,bcc,1.0,1.0
1361,HAM_0005392,bcc,1.0,1.0
1362,HAM_0001129,bcc,1.0,1.0
1363,HAM_0003941,bcc,0.5,0.5
1364,HAM_0003941,bcc,0.5,0.5
1365,HAM_0000658,bcc,1.0,1.0
1366,HAM_0003827,bcc,1.0,1.0
1367,HAM_0005375,bcc,1.0,1.0
1368,HAM_0001237,bcc,1.0,1.0
1369,HAM_0000092,bcc,1.0,1.0
1370,HAM_0000496,bcc,1.0,1.0
1371,HAM_0003177,bcc,1.0,1.0
1372,HAM_0002018,bcc,1.0,1.0
1373,HAM_0006049,bcc,1.0,1.0
1374,HAM_0002812,bcc,1.0,1.0
1375,HAM_0005837,bcc,1.0,1.0
1376,HAM_0007289,bcc,1.0,1.0
1377,HAM_0002733,bcc,1.0,1.0
1378,HAM_0000868,bcc,1.0,1.0
1379,HAM_0001390,bcc,1.0,1.0
1380,HAM_0001713,bcc,1.0,1.0
1381,HAM_0004685,bcc,1.0,1.0
1382,HAM_0006564,bcc,0.5,0.5
1383,HAM_0006564,bcc,0.5,0.5
1384,HAM_0001573,bcc,0.5,0.5
1385,HAM_0001215,bcc,0.5,0.5
1386,HAM_0001215,bcc,0.5,0.5
1387,HAM_0005026,bcc,0.5,0.5
1388,HAM_0005026,bcc,0.5,0.5
1389,HAM_0004932,nv,1.0,1.0
1390,HAM_0007567,nv,1.0,1.0
1391,HAM_0001940,nv,1.0,1.0
1392,HAM_0000701,nv,1.0,1.0
1393,HAM_0004098,nv,1.0,1.0
1394,HAM_0002808,nv,1.0,1.0
1395,HAM_0002623,nv,1.0,1.0
1396,HAM_0002483,nv,1.0,1.0
1397,HAM_0005234,nv,1.0,1.0
1398,HAM_0002971,nv,1.0,1.0
1399,HAM_0001335,nv,1.0,1.0
1400,HAM_0000727,nv,1.0,1.0
1401,HAM_0006806,nv,1.0,1.0
1402,HAM_0007320,nv,1.0,1.0
1403,HAM_0003093,nv,1.0,1.0
1404,HAM_0003882,nv,1.0,1.0
1405,HAM_0001180,nv,1.0,1.0
1406,HAM_0002943,nv,1.0,1.0
1407,HAM_0000256,nv,1.0,1.0
1408,HAM_0006678,nv,1.0,1.0
1409,HAM_0004270,nv,1.0,1.0
1410,HAM_0002877,nv,1.0,1.0
1411,HAM_0001287,nv,1.0,1.0
1412,HAM_0000128,nv,1.0,1.0
1413,HAM_0004290,nv,1.0,1.0
1414,HAM_0001587,nv,1.0,1.0
1415,HAM_0005775,nv,1.0,1.0
1416,HAM_0004140,nv,1.0,1.0
1417,HAM_0001965,nv,1.0,1.0
1418,HAM_0007193,nv,1.0,1.0
1419,HAM_0006421,nv,1.0,1.0
1420,HAM_0004513,nv,1.0,1.0
1421,HAM_0003396,nv,1.0,1.0
1422,HAM_0002925,nv,1.0,1.0
1423,HAM_0003711,nv,1.0,1.0
1424,HAM_0004124,nv,1.0,1.0
1425,HAM_0005093,nv,1.0,1.0
1426,HAM_0000841,nv,1.0,1.0
1427,HAM_0005853,nv,1.0,1.0
1428,HAM_0005449,nv,1.0,1.0
1429,HAM_0007316,nv,1.0,1.0
1430,HAM_0005384,nv,1.0,1.0
1431,HAM_0005823,nv,1.0,1.0
1432,HAM_0001270,nv,1.0,1.0
1433,HAM_0002112,nv,1.0,1.0
1434,HAM_0007203,nv,1.0,1.0
1435,HAM_0007236,nv,1.0,1.0
1436,HAM_0002753,nv,1.0,1.0
1437,HAM_0005858,nv,1.0,1.0
1438,HAM_0003516,nv,1.0,1.0
1439,HAM_0001149,nv,1.0,1.0
1440,HAM_0007551,nv,1.0,1.0
1441,HAM_0000742,nv,1.0,1.0
1442,HAM_0001530,nv,1.0,1.0
1443,HAM_0000576,nv,1.0,1.0
1444,HAM_0006362,nv,1.0,1.0
1445,HAM_0004264,nv,1.0,1.0
1446,HAM_0005103,nv,1.0,1.0
1447,HAM_0001807,nv,1.0,1.0
1448,HAM_0000750,nv,1.0,1.0
1449,HAM_0000561,nv,1.0,1.0
1450,HAM_0001103,nv,1.0,1.0
1451,HAM_0007391,nv,1.0,1.0
1452,HAM_0003189,nv,1.0,1.0
1453,HAM_0004789,nv,1.0,1.0
1454,HAM_0006242,nv,1.0,1.0
1455,HAM_0006992,nv,1.0,1.0
1456,HAM_0002226,nv,1.0,1.0
1457,HAM_0003323,nv,1.0,1.0
1458,HAM_0004481,nv,1.0,1.0
1459,HAM_0002151,nv,1.0,1.0
1460,HAM_0006443,nv,1.0,1.0
1461,HAM_0005597,nv,1.0,1.0
1462,HAM_0004737,nv,1.0,1.0
1463,HAM_0006703,nv,1.0,1.0
1464,HAM_0007230,nv,1.0,1.0
1465,HAM_0005401,nv,1.0,1.0
1466,HAM_0003020,nv,1.0,1.0
1467,HAM_0000526,nv,1.0,1.0
1468,HAM_0005661,nv,1.0,1.0
1469,HAM_0001775,nv,1.0,1.0
1470,HAM_0007183,nv,1.0,1.0
1471,HAM_0000647,nv,1.0,1.0
1472,HAM_0002924,nv,1.0,1.0
1473,HAM_0005725,nv,1.0,1.0
1474,HAM_0005676,nv,1.0,1.0
1475,HAM_0001931,nv,1.0,1.0
1476,HAM_0001021,nv,1.0,1.0
1477,HAM_0003788,nv,1.0,1.0
1478,HAM_0003524,nv,1.0,1.0
1479,HAM_0006847,nv,1.0,1.0
1480,HAM_0000785,nv,1.0,1.0
1481,HAM_0003217,nv,1.0,1.0
1482,HAM_0005892,nv,1.0,1.0
1483,HAM_0003255,nv,1.0,1.0
1484,HAM_0006668,nv,1.0,1.0
1485,HAM_0001957,nv,1.0,1.0
1486,HAM_0005690,nv,1.0,1.0
1487,HAM_0006778,nv,1.0,1.0
1488,HAM_0001448,nv,1.0,1.0
1489,HAM_0004965,nv,1.0,1.0
1490,HAM_0000472,nv,1.0,1.0
1491,HAM_0004419,nv,1.0,1.0
1492,HAM_0000598,nv,1.0,1.0
1493,HAM_0000323,nv,1.0,1.0
1494,HAM_0007023,nv,1.0,1.0
1495,HAM_0001049,nv,1.0,1.0
1496,HAM_0001662,nv,1.0,1.0
1497,HAM_0001534,nv,1.0,1.0
1498,HAM_0003064,nv,1.0,1.0
1499,HAM_0001117,nv,1.0,1.0
1500,HAM_0001579,nv,1.0,1.0
1501,HAM_0004100,nv,1.0,1.0
1502,HAM_0003302,nv,1.0,1.0
1503,HAM_0006463,nv,1.0,1.0
1504,HAM_0004055,nv,1.0,1.0
1505,HAM_0001494,nv,1.0,1.0
1506,HAM_0006962,nv,1.0,1.0
1507,HAM_0005838,nv,1.0,1.0
1508,HAM_0003344,nv,1.0,1.0
1509,HAM_0005226,nv,1.0,1.0
1510,HAM_0007294,nv,1.0,1.0
1511,HAM_0002786,nv,1.0,1.0
1512,HAM_0003463,nv,1.0,1.0
1513,HAM_0000921,nv,1.0,1.0
1514,HAM_0004169,nv,1.0,1.0
1515,HAM_0002853,nv,1.0,1.0
1516,HAM_0006507,nv,1.0,1.0
1517,HAM_0003148,nv,1.0,1.0
1518,HAM_0000326,nv,1.0,1.0
1519,HAM_0006785,nv,1.0,1.0
1520,HAM_0000015,nv,1.0,1.0
1521,HAM_0006306,nv,1.0,1.0
1522,HAM_0006216,nv,1.0,1.0
1523,HAM_0001590,nv,1.0,1.0
1524,HAM_0002624,nv,1.0,1.0
1525,HAM_0006340,nv,1.0,1.0
1526,HAM_0003560,nv,1.0,1.0
1527,HAM_0007065,nv,1.0,1.0
1528,HAM_0006544,nv,1.0,1.0
1529,HAM_0002322,nv,1.0,1.0
1530,HAM_0002632,nv,1.0,1.0
1531,HAM_0000327,nv,1.0,1.0
1532,HAM_0004828,nv,1.0,1.0
1533,HAM_0004929,nv,1.0,1.0
1534,HAM_0004890,nv,1.0,1.0
1535,HAM_0000219,nv,1.0,1.0
1536,HAM_0002918,nv,1.0,1.0
1537,HAM_0002896,nv,1.0,1.0
1538,HAM_0000154,nv,1.0,1.0
1539,HAM_0006228,nv,1.0,1.0
1540,HAM_0003704,nv,1.0,1.0
1541,HAM_0002702,nv,1.0,1.0
1542,HAM_0006194,nv,1.0,1.0
1543,HAM_0001987,nv,1.0,1.0
1544,HAM_0001906,nv,1.0,1.0
1545,HAM_0001553,nv,1.0,1.0
1546,HAM_0002473,nv,1.0,1.0
1547,HAM_0005055,nv,1.0,1.0
1548,HAM_0006655,nv,1.0,1.0
1549,HAM_0002321,nv,1.0,1.0
1550,HAM_0007204,nv,1.0,1.0
1551,HAM_0003197,nv,1.0,1.0
1552,HAM_0005810,nv,1.0,1.0
1553,HAM_0006845,nv,1.0,1.0
1554,HAM_0000912,nv,1.0,1.0
1555,HAM_0000631,nv,1.0,1.0
1556,HAM_0003063,nv,1.0,1.0
1557,HAM_0005332,nv,1.0,1.0
1558,HAM_0001675,nv,1.0,1.0
1559,HAM_0003438,nv,1.0,1.0
1560,HAM_0007369,nv,1.0,1.0
1561,HAM_0005454,nv,1.0,1.0
1562,HAM_0001876,nv,1.0,1.0
1563,HAM_0002294,nv,1.0,1.0
1564,HAM_0004046,nv,1.0,1.0
1565,HAM_0005094,nv,1.0,1.0
1566,HAM_0002066,nv,1.0,1.0
1567,HAM_0004489,nv,1.0,1.0
1568,HAM_0000642,nv,1.0,1.0
1569,HAM_0004744,nv,1.0,1.0
1570,HAM_0003048,nv,1.0,1.0
1571,HAM_0003008,nv,1.0,1.0
1572,HAM_0000148,nv,1.0,1.0
1573,HAM_0001482,nv,1.0,1.0
1574,HAM_0001414,nv,1.0,1.0
1575,HAM_0007142,nv,1.0,1.0
1576,HAM_0004702,nv,1.0,1.0
1577,HAM_0005424,nv,1.0,1.0
1578,HAM_0000058,nv,1.0,1.0
1579,HAM_0003375,nv,1.0,1.0
1580,HAM_0000132,nv,1.0,1.0
1581,HAM_0005563,nv,1.0,1.0
1582,HAM_0007512,nv,1.0,1.0
1583,HAM_0004952,nv,1.0,1.0
1584,HAM_0000548,nv,1.0,1.0
1585,HAM_0006901,nv,1.0,1.0
1586,HAM_0003341,nv,1.0,1.0
1587,HAM_0005569,nv,1.0,1.0
1588,HAM_0005187,nv,1.0,1.0
1589,HAM_0005604,nv,1.0,1.0
1590,HAM_0005800,nv,1.0,1.0
1591,HAM_0000339,nv,1.0,1.0
1592,HAM_0002286,nv,1.0,1.0
1593,HAM_0006671,nv,1.0,1.0
1594,HAM_0000444,nv,1.0,1.0
1595,HAM_0001897,nv,1.0,1.0
1596,HAM_0006669,nv,1.0,1.0
1597,HAM_0001523,nv,1.0,1.0
1598,HAM_0006689,nv,1.0,1.0
1599,HAM_0002287,nv,1.0,1.0
1600,HAM_0002359,nv,1.0,1.0
1601,HAM_0006568,nv,1.0,1.0
1602,HAM_0000943,nv,1.0,1.0
1603,HAM_0006809,nv,1.0,1.0
1604,HAM_0003383,nv,1.0,1.0
1605,HAM_0004134,nv,1.0,1.0
1606,HAM_0004328,nv,1.0,1.0
1607,HAM_0002080,nv,1.0,1.0
1608,HAM_0001387,nv,1.0,1.0
1609,HAM_0004847,nv,1.0,1.0
1610,HAM_0000551,nv,1.0,1.0
1611,HAM_0001918,nv,1.0,1.0
1612,HAM_0000120,nv,1.0,1.0
1613,HAM_0004613,nv,1.0,1.0
1614,HAM_0005797,nv,1.0,1.0
1615,HAM_0001314,nv,1.0,1.0
1616,HAM_0004786,nv,1.0,1.0
1617,HAM_0006953,nv,1.0,1.0
1618,HAM_0007618,nv,1.0,1.0
1619,HAM_0001449,nv,1.0,1.0
1620,HAM_0001582,nv,1.0,1.0
1621,HAM_0001392,nv,1.0,1.0
1622,HAM_0002584,nv,1.0,1.0
1623,HAM_0006817,nv,1.0,1.0
1624,HAM_0000652,nv,1.0,1.0
1625,HAM_0003122,nv,1.0,1.0
1626,HAM_0001504,nv,1.0,1.0
1627,HAM_0000729,nv,1.0,1.0
1628,HAM_0000038,nv,1.0,1.0
1629,HAM_0001357,nv,1.0,1.0
1630,HAM_0006661,nv,1.0,1.0
1631,HAM_0003960,nv,1.0,1.0
1632,HAM_0005464,nv,1.0,1.0
1633,HAM_0006569,nv,1.0,1.0
1634,HAM_0001260,nv,1.0,1.0
1635,HAM_0005236,nv,1.0,1.0
1636,HAM_0004982,nv,1.0,1.0
1637,HAM_0006649,nv,1.0,1.0
1638,HAM_0003976,nv,1.0,1.0
1639,HAM_0002836,nv,1.0,1.0
1640,HAM_0000473,nv,1.0,1.0
1641,HAM_0001554,nv,1.0,1.0
1642,HAM_0005655,nv,1.0,1.0
1643,HAM_0000768,nv,1.0,1.0
1644,HAM_0002260,nv,1.0,1.0
1645,HAM_0006859,nv,1.0,1.0
1646,HAM_0007492,nv,1.0,1.0
1647,HAM_0000858,nv,1.0,1.0
1648,HAM_0002815,nv,1.0,1.0
1649,HAM_0002464,nv,1.0,1.0
1650,HAM_0003457,nv,1.0,1.0
1651,HAM_0001145,nv,1.0,1.0
1652,HAM_0005211,nv,1.0,1.0
1653,HAM_0001336,nv,1.0,1.0
1654,HAM_0006791,nv,1.0,1.0
1655,HAM_0000748,nv,1.0,1.0
1656,HAM_0000617,nv,1.0,1.0
1657,HAM_0003611,nv,1.0,1.0
1658,HAM_0005225,nv,1.0,1.0
1659,HAM_0002038,nv,1.0,1.0
1660,HAM_0002277,nv,1.0,1.0
1661,HAM_0000232,nv,1.0,1.0
1662,HAM_0000235,nv,1.0,1.0
1663,HAM_0002949,nv,1.0,1.0
1664,HAM_0002505,nv,1.0,1.0
1665,HAM_0006428,nv,1.0,1.0
1666,HAM_0005035,nv,1.0,1.0
1667,HAM_0000927,nv,1.0,1.0
1668,HAM_0003470,nv,1.0,1.0
1669,HAM_0004013,nv,1.0,1.0
1670,HAM_0004683,nv,1.0,1.0
1671,HAM_0003131,nv,1.0,1.0
1672,HAM_0007465,nv,1.0,1.0
1673,HAM_0005066,nv,1.0,1.0
1674,HAM_0004735,nv,1.0,1.0
1675,HAM_0003536,nv,1.0,1.0
1676,HAM_0005598,nv,1.0,1.0
1677,HAM_0005456,nv,1.0,1.0
1678,HAM_0000183,nv,1.0,1.0
1679,HAM_0003632,nv,1.0,1.0
1680,HAM_0005476,nv,1.0,1.0
1681,HAM_0001522,nv,1.0,1.0
1682,HAM_0000546,nv,1.0,1.0
1683,HAM_0005001,nv,1.0,1.0
1684,HAM_0002166,nv,1.0,1.0
1685,HAM_0001632,nv,1.0,1.0
1686,HAM_0006272,nv,1.0,1.0
1687,HAM_0007252,nv,1.0,1.0
1688,HAM_0001338,nv,1.0,1.0
1689,HAM_0006780,nv,1.0,1.0
1690,HAM_0000484,nv,1.0,1.0
1691,HAM_0001123,nv,1.0,1.0
1692,HAM_0003108,nv,1.0,1.0
1693,HAM_0006219,nv,1.0,1.0
1694,HAM_0003151,nv,1.0,1.0
1695,HAM_0004533,nv,1.0,1.0
1696,HAM_0004834,nv,1.0,1.0
1697,HAM_0004971,nv,1.0,1.0
1698,HAM_0003984,nv,1.0,1.0
1699,HAM_0004316,nv,1.0,1.0
1700,HAM_0004601,nv,1.0,1.0
1701,HAM_0000203,nv,1.0,1.0
1702,HAM_0006339,nv,1.0,1.0
1703,HAM_0000702,nv,1.0,1.0
1704,HAM_0004227,nv,1.0,1.0
1705,HAM_0007093,nv,1.0,1.0
1706,HAM_0004678,nv,1.0,1.0
1707,HAM_0003251,nv,1.0,1.0
1708,HAM_0004499,nv,1.0,1.0
1709,HAM_0004070,nv,1.0,1.0
1710,HAM_0003060,nv,1.0,1.0
1711,HAM_0001376,nv,1.0,1.0
1712,HAM_0000564,nv,1.0,1.0
1713,HAM_0000435,nv,1.0,1.0
1714,HAM_0000328,nv,1.0,1.0
1715,HAM_0001833,nv,1.0,1.0
1716,HAM_0003207,nv,1.0,1.0
1717,HAM_0004094,nv,1.0,1.0
1718,HAM_0002631,nv,1.0,1.0
1719,HAM_0005361,nv,1.0,1.0
1720,HAM_0005242,nv,1.0,1.0
1721,HAM_0005813,nv,1.0,1.0
1722,HAM_0007152,nv,1.0,1.0
1723,HAM_0004879,nv,1.0,1.0
1724,HAM_0000518,nv,1.0,1.0
1725,HAM_0001993,nv,1.0,1.0
1726,HAM_0001168,nv,1.0,1.0
1727,HAM_0002562,nv,1.0,1.0
1728,HAM_0002054,nv,1.0,1.0
1729,HAM_0001778,nv,1.0,1.0
1730,HAM_0005036,nv,1.0,1.0
1731,HAM_0002250,nv,1.0,1.0
1732,HAM_0005119,nv,1.0,1.0
1733,HAM_0002378,nv,1.0,1.0
1734,HAM_0004017,nv,1.0,1.0
1735,HAM_0007128,nv,1.0,1.0
1736,HAM_0004135,nv,1.0,1.0
1737,HAM_0006382,nv,1.0,1.0
1738,HAM_0002930,nv,1.0,1.0
1739,HAM_0006246,nv,1.0,1.0
1740,HAM_0003032,nv,1.0,1.0
1741,HAM_0003964,nv,1.0,1.0
1742,HAM_0002778,nv,1.0,1.0
1743,HAM_0004757,nv,1.0,1.0
1744,HAM_0005100,nv,1.0,1.0
1745,HAM_0007104,nv,1.0,1.0
1746,HAM_0005065,nv,1.0,1.0
1747,HAM_0006982,nv,1.0,1.0
1748,HAM_0006789,nv,1.0,1.0
1749,HAM_0005166,nv,1.0,1.0
1750,HAM_0005214,nv,1.0,1.0
1751,HAM_0006736,nv,1.0,1.0
1752,HAM_0007205,nv,1.0,1.0
1753,HAM_0005219,nv,1.0,1.0
1754,HAM_0004692,nv,1.0,1.0
1755,HAM_0000228,nv,1.0,1.0
1756,HAM_0005172,nv,1.0,1.0
1757,HAM_0001959,nv,1.0,1.0
1758,HAM_0006415,nv,1.0,1.0
1759,HAM_0005876,nv,1.0,1.0
1760,HAM_0007173,nv,1.0,1.0
1761,HAM_0003992,nv,1.0,1.0
1762,HAM_0001170,nv,1.0,1.0
1763,HAM_0003900,nv,1.0,1.0
1764,HAM_0005671,nv,1.0,1.0
1765,HAM_0007539,nv,1.0,1.0
1766,HAM_0005323,nv,1.0,1.0
1767,HAM_0003661,nv,1.0,1.0
1768,HAM_0001862,nv,1.0,1.0
1769,HAM_0005130,nv,1.0,1.0
1770,HAM_0003551,nv,1.0,1.0
1771,HAM_0004664,nv,1.0,1.0
1772,HAM_0007441,nv,1.0,1.0
1773,HAM_0007095,nv,1.0,1.0
1774,HAM_0005654,nv,1.0,1.0
1775,HAM_0003231,nv,1.0,1.0
1776,HAM_0005247,nv,1.0,1.0
1777,HAM_0002289,nv,1.0,1.0
1778,HAM_0000205,nv,1.0,1.0
1779,HAM_0007044,nv,1.0,1.0
1780,HAM_0005178,nv,1.0,1.0
1781,HAM_0000520,nv,1.0,1.0
1782,HAM_0002230,nv,1.0,1.0
1783,HAM_0007408,nv,1.0,1.0
1784,HAM_0007258,nv,1.0,1.0
1785,HAM_0003630,nv,1.0,1.0
1786,HAM_0007159,nv,1.0,1.0
1787,HAM_0005028,nv,1.0,1.0
1788,HAM_0003732,nv,1.0,1.0
1789,HAM_0001538,nv,1.0,1.0
1790,HAM_0005784,nv,1.0,1.0
1791,HAM_0002160,nv,1.0,1.0
1792,HAM_0000301,nv,1.0,1.0
1793,HAM_0006461,nv,1.0,1.0
1794,HAM_0000141,nv,1.0,1.0
1795,HAM_0005341,nv,1.0,1.0
1796,HAM_0003294,nv,1.0,1.0
1797,HAM_0007383,nv,1.0,1.0
1798,HAM_0001035,nv,1.0,1.0
1799,HAM_0007544,nv,1.0,1.0
1800,HAM_0006950,nv,1.0,1.0
1801,HAM_0007166,nv,1.0,1.0
1802,HAM_0003412,nv,1.0,1.0
1803,HAM_0004159,nv,1.0,1.0
1804,HAM_0004625,nv,1.0,1.0
1805,HAM_0004252,nv,1.0,1.0
1806,HAM_0001648,nv,1.0,1.0
1807,HAM_0002851,nv,1.0,1.0
1808,HAM_0002275,nv,1.0,1.0
1809,HAM_0003952,nv,1.0,1.0
1810,HAM_0001556,nv,1.0,1.0
1811,HAM_0000474,nv,1.0,1.0
1812,HAM_0000209,nv,1.0,1.0
1813,HAM_0000023,nv,1.0,1.0
1814,HAM_0001290,nv,1.0,1.0
1815,HAM_0005294,nv,1.0,1.0
1816,HAM_0006285,nv,1.0,1.0
1817,HAM_0007201,nv,1.0,1.0
1818,HAM_0000031,nv,1.0,1.0
1819,HAM_0002991,nv,1.0,1.0
1820,HAM_0005307,nv,1.0,1.0
1821,HAM_0003970,nv,1.0,1.0
1822,HAM_0002640,nv,1.0,1.0
1823,HAM_0006579,nv,1.0,1.0
1824,HAM_0005397,nv,1.0,1.0
1825,HAM_0003469,nv,1.0,1.0
1826,HAM_0004307,nv,1.0,1.0
1827,HAM_0007285,nv,1.0,1.0
1828,HAM_0004271,nv,1.0,1.0
1829,HAM_0004402,nv,1.0,1.0
1830,HAM_0007045,nv,1.0,1.0
1831,HAM_0003059,nv,1.0,1.0
1832,HAM_0007466,nv,1.0,1.0
1833,HAM_0001882,nv,1.0,1.0
1834,HAM_0004842,nv,1.0,1.0
1835,HAM_0005550,nv,1.0,1.0
1836,HAM_0006726,nv,1.0,1.0
1837,HAM_0006996,nv,1.0,1.0
1838,HAM_0002165,nv,1.0,1.0
1839,HAM_0000540,nv,1.0,1.0
1840,HAM_0004628,nv,1.0,1.0
1841,HAM_0003411,nv,1.0,1.0
1842,HAM_0006448,nv,1.0,1.0
1843,HAM_0005908,nv,1.0,1.0
1844,HAM_0005224,nv,1.0,1.0
1845,HAM_0005195,nv,1.0,1.0
1846,HAM_0001373,nv,1.0,1.0
1847,HAM_0002418,nv,1.0,1.0
1848,HAM_0007286,nv,1.0,1.0
1849,HAM_0001700,nv,1.0,1.0
1850,HAM_0007254,nv,1.0,1.0
1851,HAM_0005169,nv,1.0,1.0
1852,HAM_0000497,nv,1.0,1.0
1853,HAM_0002062,nv,1.0,1.0
1854,HAM_0000021,nv,1.0,1.0
1855,HAM_0003209,nv,1.0,1.0
1856,HAM_0004721,nv,1.0,1.0
1857,HAM_0005015,nv,1.0,1.0
1858,HAM_0001346,nv,1.0,1.0
1859,HAM_0000640,nv,1.0,1.0
1860,HAM_0003199,nv,1.0,1.0
1861,HAM_0007297,nv,1.0,1.0
1862,HAM_0005272,nv,1.0,1.0
1863,HAM_0004306,nv,1.0,1.0
1864,HAM_0006311,nv,1.0,1.0
1865,HAM_0002891,nv,1.0,1.0
1866,HAM_0005326,nv,1.0,1.0
1867,HAM_0005031,nv,1.0,1.0
1868,HAM_0004966,nv,1.0,1.0
1869,HAM_0002102,nv,1.0,1.0
1870,HAM_0004634,nv,1.0,1.0
1871,HAM_0007274,nv,1.0,1.0
1872,HAM_0002035,nv,1.0,1.0
1873,HAM_0000270,nv,1.0,1.0
1874,HAM_0000816,nv,1.0,1.0
1875,HAM_0000158,nv,1.0,1.0
1876,HAM_0005849,nv,1.0,1.0
1877,HAM_0003329,nv,1.0,1.0
1878,HAM_0006474,nv,1.0,1.0
1879,HAM_0003126,nv,1.0,1.0
1880,HAM_0005677,nv,1.0,1.0
1881,HAM_0003972,nv,1.0,1.0
1882,HAM_0002394,nv,1.0,1.0
1883,HAM_0003214,nv,1.0,1.0
1884,HAM_0001771,nv,1.0,1.0
1885,HAM_0001909,nv,1.0,1.0
1886,HAM_0001766,nv,1.0,1.0
1887,HAM_0002784,nv,1.0,1.0
1888,HAM_0000340,nv,1.0,1.0
1889,HAM_0007424,nv,1.0,1.0
1890,HAM_0002976,nv,1.0,1.0
1891,HAM_0005179,nv,1.0,1.0
1892,HAM_0000780,nv,1.0,1.0
1893,HAM_0004796,nv,1.0,1.0
1894,HAM_0001798,nv,1.0,1.0
1895,HAM_0007153,nv,1.0,1.0
1896,HAM_0000305,nv,1.0,1.0
1897,HAM_0002341,nv,1.0,1.0
1898,HAM_0000577,nv,1.0,1.0
1899,HAM_0002428,nv,1.0,1.0
1900,HAM_0004552,nv,1.0,1.0
1901,HAM_0005633,nv,1.0,1.0
1902,HAM_0002254,nv,1.0,1.0
1903,HAM_0003594,nv,1.0,1.0
1904,HAM_0002728,nv,1.0,1.0
1905,HAM_0000350,nv,1.0,1.0
1906,HAM_0005639,nv,1.0,1.0
1907,HAM_0005042,nv,1.0,1.0
1908,HAM_0005634,nv,1.0,1.0
1909,HAM_0006805,nv,1.0,1.0
1910,HAM_0005517,nv,1.0,1.0
1911,HAM_0005453,nv,1.0,1.0
1912,HAM_0003264,nv,1.0,1.0
1913,HAM_0004540,nv,1.0,1.0
1914,HAM_0006712,nv,1.0,1.0
1915,HAM_0003529,nv,1.0,1.0
1916,HAM_0005080,nv,1.0,1.0
1917,HAM_0004242,nv,1.0,1.0
1918,HAM_0000648,nv,1.0,1.0
1919,HAM_0006808,nv,1.0,1.0
1920,HAM_0001754,nv,1.0,1.0
1921,HAM_0003779,nv,1.0,1.0
1922,HAM_0006922,nv,1.0,1.0
1923,HAM_0006369,nv,1.0,1.0
1924,HAM_0001206,nv,1.0,1.0
1925,HAM_0005871,nv,1.0,1.0
1926,HAM_0000017,nv,1.0,1.0
1927,HAM_0001828,nv,1.0,1.0
1928,HAM_0004244,nv,1.0,1.0
1929,HAM_0006687,nv,1.0,1.0
1930,HAM_0000475,nv,1.0,1.0
1931,HAM_0003762,nv,1.0,1.0
1932,HAM_0006260,nv,1.0,1.0
1933,HAM_0004608,nv,1.0,1.0
1934,HAM_0000697,nv,1.0,1.0
1935,HAM_0001690,nv,1.0,1.0
1936,HAM_0006665,nv,1.0,1.0
1937,HAM_0004682,nv,1.0,1.0
1938,HAM_0001483,nv,1.0,1.0
1939,HAM_0003453,nv,1.0,1.0
1940,HAM_0000587,nv,1.0,1.0
1941,HAM_0005685,nv,1.0,1.0
1942,HAM_0006939,nv,1.0,1.0
1943,HAM_0003724,nv,1.0,1.0
1944,HAM_0002868,nv,1.0,1.0
1945,HAM_0002614,nv,1.0,1.0
1946,HAM_0005296,nv,1.0,1.0
1947,HAM_0000260,nv,1.0,1.0
1948,HAM_0001436,nv,1.0,1.0
1949,HAM_0000363,nv,1.0,1.0
1950,HAM_0003961,nv,1.0,1.0
1951,HAM_0006767,nv,1.0,1.0
1952,HAM_0000911,nv,1.0,1.0
1953,HAM_0002544,nv,1.0,1.0
1954,HAM_0002953,nv,1.0,1.0
1955,HAM_0001634,nv,1.0,1.0
1956,HAM_0003353,nv,1.0,1.0
1957,HAM_0004647,nv,1.0,1.0
1958,HAM_0002649,nv,1.0,1.0
1959,HAM_0003714,nv,1.0,1.0
1960,HAM_0006413,nv,1.0,1.0
1961,HAM_0004983,nv,1.0,1.0
1962,HAM_0004527,nv,1.0,1.0
1963,HAM_0005534,nv,1.0,1.0
1964,HAM_0001109,nv,1.0,1.0
1965,HAM_0002019,nv,1.0,1.0
1966,HAM_0002290,nv,1.0,1.0
1967,HAM_0003374,nv,1.0,1.0
1968,HAM_0007190,nv,1.0,1.0
1969,HAM_0001363,nv,1.0,1.0
1970,HAM_0002859,nv,1.0,1.0
1971,HAM_0000426,nv,1.0,1.0
1972,HAM_0006403,nv,1.0,1.0
1973,HAM_0001034,nv,1.0,1.0
1974,HAM_0005390,nv,1.0,1.0
1975,HAM_0000885,nv,1.0,1.0
1976,HAM_0002938,nv,1.0,1.0
1977,HAM_0005538,nv,1.0,1.0
1978,HAM_0002634,nv,1.0,1.0
1979,HAM_0006307,nv,1.0,1.0
1980,HAM_0006919,nv,1.0,1.0
1981,HAM_0000733,nv,1.0,1.0
1982,HAM_0003067,nv,1.0,1.0
1983,HAM_0005445,nv,1.0,1.0
1984,HAM_0000669,nv,1.0,1.0
1985,HAM_0005920,nv,1.0,1.0
1986,HAM_0000514,nv,1.0,1.0
1987,HAM_0001408,nv,1.0,1.0
1988,HAM_0007362,nv,1.0,1.0
1989,HAM_0007351,nv,1.0,1.0
1990,HAM_0003511,nv,1.0,1.0
1991,HAM_0001371,nv,1.0,1.0
1992,HAM_0006862,nv,1.0,1.0
1993,HAM_0004602,nv,1.0,1.0
1994,HAM_0002568,nv,1.0,1.0
1995,HAM_0005782,nv,1.0,1.0
1996,HAM_0003930,nv,1.0,1.0
1997,HAM_0003651,nv,1.0,1.0
1998,HAM_0004262,nv,1.0,1.0
1999,HAM_0005875,nv,1.0,1.0
2000,HAM_0004858,nv,1.0,1.0
2001,HAM_0000803,nv,1.0,1.0
2002,HAM_0005067,nv,1.0,1.0
2003,HAM_0006839,nv,1.0,1.0
2004,HAM_0001256,nv,1.0,1.0
2005,HAM_0002820,nv,1.0,1.0
2006,HAM_0006328,nv,1.0,1.0
2007,HAM_0002403,nv,1.0,1.0
2008,HAM_0006010,nv,1.0,1.0
2009,HAM_0006614,nv,1.0,1.0
2010,HAM_0001568,nv,1.0,1.0
2011,HAM_0004026,nv,1.0,1.0
2012,HAM_0006060,nv,1.0,1.0
2013,HAM_0004093,nv,1.0,1.0
2014,HAM_0007509,nv,1.0,1.0
2015,HAM_0002438,nv,1.0,1.0
2016,HAM_0004894,nv,1.0,1.0
2017,HAM_0004471,nv,1.0,1.0
2018,HAM_0002389,nv,1.0,1.0
2019,HAM_0003490,nv,1.0,1.0
2020,HAM_0006642,nv,1.0,1.0
2021,HAM_0000405,nv,1.0,1.0
2022,HAM_0004723,nv,1.0,1.0
2023,HAM_0000293,nv,1.0,1.0
2024,HAM_0004718,nv,1.0,1.0
2025,HAM_0001193,nv,1.0,1.0
2026,HAM_0006811,nv,1.0,1.0
2027,HAM_0000359,nv,1.0,1.0
2028,HAM_0003029,nv,1.0,1.0
2029,HAM_0001827,nv,1.0,1.0
2030,HAM_0004948,nv,1.0,1.0
2031,HAM_0006505,nv,1.0,1.0
2032,HAM_0000824,nv,1.0,1.0
2033,HAM_0000784,nv,1.0,1.0
2034,HAM_0000470,nv,1.0,1.0
2035,HAM_0007161,nv,1.0,1.0
2036,HAM_0005285,nv,1.0,1.0
2037,HAM_0006361,nv,1.0,1.0
2038,HAM_0006404,nv,1.0,1.0
2039,HAM_0005177,nv,1.0,1.0
2040,HAM_0002311,nv,1.0,1.0
2041,HAM_0000997,nv,1.0,1.0
2042,HAM_0003612,nv,1.0,1.0
2043,HAM_0000646,nv,1.0,1.0
2044,HAM_0004298,nv,1.0,1.0
2045,HAM_0003842,nv,1.0,1.0
2046,HAM_0005949,nv,1.0,1.0
2047,HAM_0001885,nv,1.0,1.0
2048,HAM_0003708,nv,1.0,1.0
2049,HAM_0006731,nv,1.0,1.0
2050,HAM_0001705,nv,1.0,1.0
2051,HAM_0000975,nv,1.0,1.0
2052,HAM_0006298,nv,1.0,1.0
2053,HAM_0002328,nv,1.0,1.0
2054,HAM_0003047,nv,1.0,1.0
2055,HAM_0003733,nv,1.0,1.0
2056,HAM_0003666,nv,1.0,1.0
2057,HAM_0003077,nv,1.0,1.0
2058,HAM_0002369,nv,1.0,1.0
2059,HAM_0001611,nv,1.0,1.0
2060,HAM_0002989,nv,1.0,1.0
2061,HAM_0007593,nv,1.0,1.0
2062,HAM_0005827,nv,1.0,1.0
2063,HAM_0000962,nv,1.0,1.0
2064,HAM_0006494,nv,1.0,1.0
2065,HAM_0001468,nv,1.0,1.0
2066,HAM_0007298,nv,1.0,1.0
2067,HAM_0003549,nv,1.0,1.0
2068,HAM_0001047,nv,1.0,1.0
2069,HAM_0002972,nv,1.0,1.0
2070,HAM_0006648,nv,1.0,1.0
2071,HAM_0001071,nv,1.0,1.0
2072,HAM_0002200,nv,1.0,1.0
2073,HAM_0004436,nv,1.0,1.0
2074,HAM_0005373,nv,1.0,1.0
2075,HAM_0004394,nv,1.0,1.0
2076,HAM_0001251,nv,1.0,1.0
2077,HAM_0001850,nv,1.0,1.0
2078,HAM_0006656,nv,1.0,1.0
2079,HAM_0001535,nv,1.0,1.0
2080,HAM_0006338,nv,1.0,1.0
2081,HAM_0000314,nv,1.0,1.0
2082,HAM_0006169,nv,1.0,1.0
2083,HAM_0001394,nv,1.0,1.0
2084,HAM_0006337,nv,1.0,1.0
2085,HAM_0002542,nv,1.0,1.0
2086,HAM_0002982,nv,1.0,1.0
2087,HAM_0004901,nv,1.0,1.0
2088,HAM_0003481,nv,1.0,1.0
2089,HAM_0003338,nv,1.0,1.0
2090,HAM_0002550,nv,1.0,1.0
2091,HAM_0005767,nv,1.0,1.0
2092,HAM_0002656,nv,1.0,1.0
2093,HAM_0007040,nv,1.0,1.0
2094,HAM_0006344,nv,1.0,1.0
2095,HAM_0001695,nv,1.0,1.0
2096,HAM_0006500,nv,1.0,1.0
2097,HAM_0001832,nv,1.0,1.0
2098,HAM_0004468,nv,1.0,1.0
2099,HAM_0003806,nv,1.0,1.0
2100,HAM_0003701,nv,1.0,1.0
2101,HAM_0002093,nv,1.0,1.0
2102,HAM_0002047,nv,1.0,1.0
2103,HAM_0001253,nv,1.0,1.0
2104,HAM_0003454,nv,1.0,1.0
2105,HAM_0004554,nv,1.0,1.0
2106,HAM_0006797,nv,1.0,1.0
2107,HAM_0005431,nv,1.0,1.0
2108,HAM_0001019,nv,1.0,1.0
2109,HAM_0002339,nv,1.0,1.0
2110,HAM_0006441,nv,1.0,1.0
2111,HAM_0001559,nv,1.0,1.0
2112,HAM_0003552,nv,1.0,1.0
2113,HAM_0001459,nv,1.0,1.0
2114,HAM_0000317,nv,1.0,1.0
2115,HAM_0001350,nv,1.0,1.0
2116,HAM_0000487,nv,1.0,1.0
2117,HAM_0006620,nv,1.0,1.0
2118,HAM_0002388,nv,1.0,1.0
2119,HAM_0002713,nv,1.0,1.0
2120,HAM_0001102,nv,1.0,1.0
2121,HAM_0003028,nv,1.0,1.0
2122,HAM_0007416,nv,1.0,1.0
2123,HAM_0006585,nv,1.0,1.0
2124,HAM_0005073,nv,1.0,1.0
2125,HAM_0003306,nv,1.0,1.0
2126,HAM_0002636,nv,1.0,1.0
2127,HAM_0005754,nv,1.0,1.0
2128,HAM_0000131,nv,1.0,1.0
2129,HAM_0000078,nv,1.0,1.0
2130,HAM_0001476,nv,1.0,1.0
2131,HAM_0003074,nv,1.0,1.0
2132,HAM_0005659,nv,1.0,1.0
2133,HAM_0001924,nv,1.0,1.0
2134,HAM_0002873,nv,1.0,1.0
2135,HAM_0002203,nv,1.0,1.0
2136,HAM_0006087,nv,1.0,1.0
2137,HAM_0000244,nv,1.0,1.0
2138,HAM_0002056,nv,1.0,1.0
2139,HAM_0001261,nv,1.0,1.0
2140,HAM_0006226,nv,1.0,1.0
2141,HAM_0001972,nv,1.0,1.0
2142,HAM_0005204,nv,1.0,1.0
2143,HAM_0002133,nv,1.0,1.0
2144,HAM_0005991,nv,1.0,1.0
2145,HAM_0003553,nv,1.0,1.0
2146,HAM_0006259,nv,1.0,1.0
2147,HAM_0001981,nv,1.0,1.0
2148,HAM_0000086,nv,1.0,1.0
2149,HAM_0003111,nv,1.0,1.0
2150,HAM_0006075,nv,1.0,1.0
2151,HAM_0004139,nv,1.0,1.0
2152,HAM_0002478,nv,1.0,1.0
2153,HAM_0004314,nv,1.0,1.0
2154,HAM_0001668,nv,1.0,1.0
2155,HAM_0001822,nv,1.0,1.0
2156,HAM_0002512,nv,1.0,1.0
2157,HAM_0002642,nv,1.0,1.0
2158,HAM_0006432,nv,1.0,1.0
2159,HAM_0002776,nv,1.0,1.0
2160,HAM_0005706,nv,1.0,1.0
2161,HAM_0006989,nv,1.0,1.0
2162,HAM_0002155,nv,1.0,1.0
2163,HAM_0005950,nv,1.0,1.0
2164,HAM_0006422,nv,1.0,1.0
2165,HAM_0004728,nv,1.0,1.0
2166,HAM_0003916,nv,1.0,1.0
2167,HAM_0000096,nv,1.0,1.0
2168,HAM_0003631,nv,1.0,1.0
2169,HAM_0004166,nv,1.0,1.0
2170,HAM_0005344,nv,1.0,1.0
2171,HAM_0003096,nv,1.0,1.0
2172,HAM_0005839,nv,1.0,1.0
2173,HAM_0002977,nv,1.0,1.0
2174,HAM_0006446,nv,1.0,1.0
2175,HAM_0005032,nv,1.0,1.0
2176,HAM_0004465,nv,1.0,1.0
2177,HAM_0007132,nv,1.0,1.0
2178,HAM_0006894,nv,1.0,1.0
2179,HAM_0006000,nv,1.0,1.0
2180,HAM_0006761,nv,1.0,1.0
2181,HAM_0002453,nv,1.0,1.0
2182,HAM_0002667,nv,1.0,1.0
2183,HAM_0006248,nv,1.0,1.0
2184,HAM_0005929,nv,1.0,1.0
2185,HAM_0003461,nv,1.0,1.0
2186,HAM_0005965,nv,1.0,1.0
2187,HAM_0001932,nv,1.0,1.0
2188,HAM_0003638,nv,1.0,1.0
2189,HAM_0003331,nv,1.0,1.0
2190,HAM_0004987,nv,1.0,1.0
2191,HAM_0002608,nv,1.0,1.0
2192,HAM_0002028,nv,1.0,1.0
2193,HAM_0005472,nv,1.0,1.0
2194,HAM_0001571,nv,1.0,1.0
2195,HAM_0002304,nv,1.0,1.0
2196,HAM_0004059,nv,1.0,1.0
2197,HAM_0007215,nv,1.0,1.0
2198,HAM_0005045,nv,1.0,1.0
2199,HAM_0006067,nv,1.0,1.0
2200,HAM_0002039,nv,1.0,1.0
2201,HAM_0000346,nv,1.0,1.0
2202,HAM_0003213,nv,1.0,1.0
2203,HAM_0002673,nv,1.0,1.0
2204,HAM_0006057,nv,1.0,1.0
2205,HAM_0006927,nv,1.0,1.0
2206,HAM_0002347,nv,1.0,1.0
2207,HAM_0004561,nv,1.0,1.0
2208,HAM_0005133,nv,1.0,1.0
2209,HAM_0000137,nv,1.0,1.0
2210,HAM_0007214,nv,1.0,1.0
2211,HAM_0000793,nv,1.0,1.0
2212,HAM_0000341,nv,1.0,1.0
2213,HAM_0003871,nv,1.0,1.0
2214,HAM_0000908,nv,1.0,1.0
2215,HAM_0006091,nv,1.0,1.0
2216,HAM_0002496,nv,1.0,1.0
2217,HAM_0001774,nv,1.0,1.0
2218,HAM_0005050,nv,1.0,1.0
2219,HAM_0004845,nv,1.0,1.0
2220,HAM_0002396,nv,1.0,1.0
2221,HAM_0003370,nv,1.0,1.0
2222,HAM_0007582,nv,1.0,1.0
2223,HAM_0005815,nv,1.0,1.0
2224,HAM_0004896,nv,1.0,1.0
2225,HAM_0006676,nv,1.0,1.0
2226,HAM_0005622,nv,1.0,1.0
2227,HAM_0000528,nv,1.0,1.0
2228,HAM_0005799,nv,1.0,1.0
2229,HAM_0003849,nv,1.0,1.0
2230,HAM_0004319,nv,1.0,1.0
2231,HAM_0002458,nv,1.0,1.0
2232,HAM_0002814,nv,1.0,1.0
2233,HAM_0007007,nv,1.0,1.0
2234,HAM_0005959,nv,1.0,1.0
2235,HAM_0004241,nv,1.0,1.0
2236,HAM_0000401,nv,1.0,1.0
2237,HAM_0002308,nv,1.0,1.0
2238,HAM_0002048,nv,1.0,1.0
2239,HAM_0006029,nv,1.0,1.0
2240,HAM_0005502,nv,1.0,1.0
2241,HAM_0002688,nv,1.0,1.0
2242,HAM_0004510,nv,1.0,1.0
2243,HAM_0007432,nv,1.0,1.0
2244,HAM_0005145,nv,1.0,1.0
2245,HAM_0000199,nv,1.0,1.0
2246,HAM_0002767,nv,1.0,1.0
2247,HAM_0003954,nv,1.0,1.0
2248,HAM_0001748,nv,1.0,1.0
2249,HAM_0005525,nv,1.0,1.0
2250,HAM_0005912,nv,1.0,1.0
2251,HAM_0000221,nv,1.0,1.0
2252,HAM_0002252,nv,1.0,1.0
2253,HAM_0000533,nv,1.0,1.0
2254,HAM_0001300,nv,1.0,1.0
2255,HAM_0001006,nv,1.0,1.0
2256,HAM_0000420,nv,1.0,1.0
2257,HAM_0002843,nv,1.0,1.0
2258,HAM_0002101,nv,1.0,1.0
2259,HAM_0007338,nv,1.0,1.0
2260,HAM_0006471,nv,1.0,1.0
2261,HAM_0001672,nv,1.0,1.0
2262,HAM_0002163,nv,1.0,1.0
2263,HAM_0002399,nv,1.0,1.0
2264,HAM_0002444,nv,1.0,1.0
2265,HAM_0004567,nv,1.0,1.0
2266,HAM_0000906,nv,1.0,1.0
2267,HAM_0004838,nv,1.0,1.0
2268,HAM_0002980,nv,1.0,1.0
2269,HAM_0002337,nv,1.0,1.0
2270,HAM_0006096,nv,1.0,1.0
2271,HAM_0002213,nv,1.0,1.0
2272,HAM_0007361,nv,1.0,1.0
2273,HAM_0007194,nv,1.0,1.0
2274,HAM_0007055,nv,1.0,1.0
2275,HAM_0002479,nv,1.0,1.0
2276,HAM_0001977,nv,1.0,1.0
2277,HAM_0003168,nv,1.0,1.0
2278,HAM_0000084,nv,1.0,1.0
2279,HAM_0004950,nv,1.0,1.0
2280,HAM_0002340,nv,1.0,1.0
2281,HAM_0004715,nv,1.0,1.0
2282,HAM_0000172,nv,1.0,1.0
2283,HAM_0000691,nv,1.0,1.0
2284,HAM_0004064,nv,1.0,1.0
2285,HAM_0002141,nv,1.0,1.0
2286,HAM_0002247,nv,1.0,1.0
2287,HAM_0003624,nv,1.0,1.0
2288,HAM_0000694,nv,1.0,1.0
2289,HAM_0006356,nv,1.0,1.0
2290,HAM_0006084,nv,1.0,1.0
2291,HAM_0007547,nv,1.0,1.0
2292,HAM_0006255,nv,1.0,1.0
2293,HAM_0004741,nv,1.0,1.0
2294,HAM_0004577,nv,1.0,1.0
2295,HAM_0004057,nv,1.0,1.0
2296,HAM_0006431,nv,1.0,1.0
2297,HAM_0000544,nv,1.0,1.0
2298,HAM_0003567,nv,1.0,1.0
2299,HAM_0003347,nv,1.0,1.0
2300,HAM_0004276,nv,1.0,1.0
2301,HAM_0003863,nv,1.0,1.0
2302,HAM_0003160,nv,1.0,1.0
2303,HAM_0001286,nv,1.0,1.0
2304,HAM_0002475,nv,1.0,1.0
2305,HAM_0003489,nv,1.0,1.0
2306,HAM_0006814,nv,1.0,1.0
2307,HAM_0001089,nv,1.0,1.0
2308,HAM_0005423,nv,1.0,1.0
2309,HAM_0002191,nv,1.0,1.0
2310,HAM_0002880,nv,1.0,1.0
2311,HAM_0004684,nv,1.0,1.0
2312,HAM_0001674,nv,1.0,1.0
2313,HAM_0004049,nv,1.0,1.0
2314,HAM_0002863,nv,1.0,1.0
2315,HAM_0004446,nv,1.0,1.0
2316,HAM_0000818,nv,1.0,1.0
2317,HAM_0004062,nv,1.0,1.0
2318,HAM_0006573,nv,1.0,1.0
2319,HAM_0003409,nv,1.0,1.0
2320,HAM_0004855,nv,1.0,1.0
2321,HAM_0003786,nv,1.0,1.0
2322,HAM_0002482,nv,1.0,1.0
2323,HAM_0005940,nv,1.0,1.0
2324,HAM_0000826,nv,1.0,1.0
2325,HAM_0000610,nv,1.0,1.0
2326,HAM_0001865,nv,1.0,1.0
2327,HAM_0007515,nv,1.0,1.0
2328,HAM_0001161,nv,1.0,1.0
2329,HAM_0002379,nv,1.0,1.0
2330,HAM_0004104,nv,1.0,1.0
2331,HAM_0003880,nv,1.0,1.0
2332,HAM_0000681,nv,1.0,1.0
2333,HAM_0000252,nv,1.0,1.0
2334,HAM_0006381,nv,1.0,1.0
2335,HAM_0000466,nv,1.0,1.0
2336,HAM_0005171,nv,1.0,1.0
2337,HAM_0004229,nv,1.0,1.0
2338,HAM_0003922,nv,1.0,1.0
2339,HAM_0002373,nv,1.0,1.0
2340,HAM_0004759,nv,1.0,1.0
2341,HAM_0000367,nv,1.0,1.0
2342,HAM_0004778,nv,1.0,1.0
2343,HAM_0003245,nv,1.0,1.0
2344,HAM_0002777,nv,1.0,1.0
2345,HAM_0004096,nv,1.0,1.0
2346,HAM_0002446,nv,1.0,1.0
2347,HAM_0000811,nv,1.0,1.0
2348,HAM_0004498,nv,1.0,1.0
2349,HAM_0003201,nv,1.0,1.0
2350,HAM_0001229,nv,1.0,1.0
2351,HAM_0002263,nv,1.0,1.0
2352,HAM_0002857,nv,1.0,1.0
2353,HAM_0006841,nv,1.0,1.0
2354,HAM_0001398,nv,1.0,1.0
2355,HAM_0007217,nv,1.0,1.0
2356,HAM_0000343,nv,1.0,1.0
2357,HAM_0004659,nv,1.0,1.0
2358,HAM_0005928,nv,1.0,1.0
2359,HAM_0004631,nv,1.0,1.0
2360,HAM_0004640,nv,1.0,1.0
2361,HAM_0000978,nv,1.0,1.0
2362,HAM_0000989,nv,1.0,1.0
2363,HAM_0000445,nv,1.0,1.0
2364,HAM_0005033,nv,1.0,1.0
2365,HAM_0003318,nv,1.0,1.0
2366,HAM_0003731,nv,1.0,1.0
2367,HAM_0001898,nv,1.0,1.0
2368,HAM_0007353,nv,1.0,1.0
2369,HAM_0005841,nv,1.0,1.0
2370,HAM_0005788,nv,1.0,1.0
2371,HAM_0000371,nv,1.0,1.0
2372,HAM_0006054,nv,1.0,1.0
2373,HAM_0007536,nv,1.0,1.0
2374,HAM_0006991,nv,1.0,1.0
2375,HAM_0004977,nv,1.0,1.0
2376,HAM_0000651,nv,1.0,1.0
2377,HAM_0002351,nv,1.0,1.0
2378,HAM_0000414,nv,1.0,1.0
2379,HAM_0006892,nv,1.0,1.0
2380,HAM_0000583,nv,1.0,1.0
2381,HAM_0002578,nv,1.0,1.0
2382,HAM_0002627,nv,1.0,1.0
2383,HAM_0005398,nv,1.0,1.0
2384,HAM_0000595,nv,1.0,1.0
2385,HAM_0001257,nv,1.0,1.0
2386,HAM_0006117,nv,1.0,1.0
2387,HAM_0001348,nv,1.0,1.0
2388,HAM_0003258,nv,1.0,1.0
2389,HAM_0006297,nv,1.0,1.0
2390,HAM_0003121,nv,1.0,1.0
2391,HAM_0003170,nv,1.0,1.0
2392,HAM_0004993,nv,1.0,1.0
2393,HAM_0003332,nv,1.0,1.0
2394,HAM_0002563,nv,1.0,1.0
2395,HAM_0003793,nv,1.0,1.0
2396,HAM_0000708,nv,1.0,1.0
2397,HAM_0000088,nv,1.0,1.0
2398,HAM_0006632,nv,1.0,1.0
2399,HAM_0003456,nv,1.0,1.0
2400,HAM_0003291,nv,1.0,1.0
2401,HAM_0004689,nv,1.0,1.0
2402,HAM_0005029,nv,1.0,1.0
2403,HAM_0001110,nv,1.0,1.0
2404,HAM_0004931,nv,1.0,1.0
2405,HAM_0007231,nv,1.0,1.0
2406,HAM_0001039,nv,1.0,1.0
2407,HAM_0002995,nv,1.0,1.0
2408,HAM_0000670,nv,1.0,1.0
2409,HAM_0007319,nv,1.0,1.0
2410,HAM_0001439,nv,1.0,1.0
2411,HAM_0006286,nv,1.0,1.0
2412,HAM_0001797,nv,1.0,1.0
2413,HAM_0004045,nv,1.0,1.0
2414,HAM_0006561,nv,1.0,1.0
2415,HAM_0002858,nv,1.0,1.0
2416,HAM_0005099,nv,1.0,1.0
2417,HAM_0006578,nv,1.0,1.0
2418,HAM_0004530,nv,1.0,1.0
2419,HAM_0004048,nv,1.0,1.0
2420,HAM_0001592,nv,1.0,1.0
2421,HAM_0004101,nv,1.0,1.0
2422,HAM_0003012,nv,1.0,1.0
2423,HAM_0004073,nv,1.0,1.0
2424,HAM_0006142,nv,1.0,1.0
2425,HAM_0004390,nv,1.0,1.0
2426,HAM_0001955,nv,1.0,1.0
2427,HAM_0006959,nv,1.0,1.0
2428,HAM_0002528,nv,1.0,1.0
2429,HAM_0006410,nv,1.0,1.0
2430,HAM_0001282,nv,1.0,1.0
2431,HAM_0000883,nv,1.0,1.0
2432,HAM_0005372,nv,1.0,1.0
2433,HAM_0007246,nv,1.0,1.0
2434,HAM_0000081,nv,1.0,1.0
2435,HAM_0007288,nv,1.0,1.0
2436,HAM_0005615,nv,1.0,1.0
2437,HAM_0006607,nv,1.0,1.0
2438,HAM_0002148,nv,1.0,1.0
2439,HAM_0006951,nv,1.0,1.0
2440,HAM_0002935,nv,1.0,1.0
2441,HAM_0000409,nv,1.0,1.0
2442,HAM_0000026,nv,1.0,1.0
2443,HAM_0004386,nv,1.0,1.0
2444,HAM_0001871,nv,1.0,1.0
2445,HAM_0007197,nv,1.0,1.0
2446,HAM_0003643,nv,1.0,1.0
2447,HAM_0002790,nv,1.0,1.0
2448,HAM_0005964,nv,1.0,1.0
2449,HAM_0005108,nv,1.0,1.0
2450,HAM_0002883,nv,1.0,1.0
2451,HAM_0002125,nv,1.0,1.0
2452,HAM_0002320,nv,1.0,1.0
2453,HAM_0001583,nv,1.0,1.0
2454,HAM_0002872,nv,1.0,1.0
2455,HAM_0002540,nv,1.0,1.0
2456,HAM_0005857,nv,1.0,1.0
2457,HAM_0007162,nv,1.0,1.0
2458,HAM_0003763,nv,1.0,1.0
2459,HAM_0006102,nv,1.0,1.0
2460,HAM_0005063,nv,1.0,1.0
2461,HAM_0005399,nv,1.0,1.0
2462,HAM_0004843,nv,1.0,1.0
2463,HAM_0005807,nv,1.0,1.0
2464,HAM_0001533,nv,1.0,1.0
2465,HAM_0004333,nv,1.0,1.0
2466,HAM_0002072,nv,1.0,1.0
2467,HAM_0006305,nv,1.0,1.0
2468,HAM_0000115,nv,1.0,1.0
2469,HAM_0004107,nv,1.0,1.0
2470,HAM_0000478,nv,1.0,1.0
2471,HAM_0002941,nv,1.0,1.0
2472,HAM_0001267,nv,1.0,1.0
2473,HAM_0003769,nv,1.0,1.0
2474,HAM_0003486,nv,1.0,1.0
2475,HAM_0007257,nv,1.0,1.0
2476,HAM_0002114,nv,1.0,1.0
2477,HAM_0003203,nv,1.0,1.0
2478,HAM_0003693,nv,1.0,1.0
2479,HAM_0001252,nv,1.0,1.0
2480,HAM_0003598,nv,1.0,1.0
2481,HAM_0002580,nv,1.0,1.0
2482,HAM_0005277,nv,1.0,1.0
2483,HAM_0003985,nv,1.0,1.0
2484,HAM_0006317,nv,1.0,1.0
2485,HAM_0004785,nv,1.0,1.0
2486,HAM_0004044,nv,1.0,1.0
2487,HAM_0006773,nv,1.0,1.0
2488,HAM_0002026,nv,1.0,1.0
2489,HAM_0001578,nv,1.0,1.0
2490,HAM_0004353,nv,1.0,1.0
2491,HAM_0006717,nv,1.0,1.0
2492,HAM_0006455,nv,1.0,1.0
2493,HAM_0005357,nv,1.0,1.0
2494,HAM_0004729,nv,1.0,1.0
2495,HAM_0003795,nv,1.0,1.0
2496,HAM_0003134,nv,1.0,1.0
2497,HAM_0004119,nv,1.0,1.0
2498,HAM_0001199,nv,1.0,1.0
2499,HAM_0007149,nv,1.0,1.0
2500,HAM_0007394,nv,1.0,1.0
2501,HAM_0006933,nv,1.0,1.0
2502,HAM_0006038,nv,1.0,1.0
2503,HAM_0001628,nv,1.0,1.0
2504,HAM_0000218,nv,1.0,1.0
2505,HAM_0003477,nv,1.0,1.0
2506,HAM_0003635,nv,1.0,1.0
2507,HAM_0002168,nv,1.0,1.0
2508,HAM_0003923,nv,1.0,1.0
2509,HAM_0002412,nv,1.0,1.0
2510,HAM_0001235,nv,1.0,1.0
2511,HAM_0003118,nv,1.0,1.0
2512,HAM_0004228,nv,1.0,1.0
2513,HAM_0000185,nv,1.0,1.0
2514,HAM_0003545,nv,1.0,1.0
2515,HAM_0002091,nv,1.0,1.0
2516,HAM_0005635,nv,1.0,1.0
2517,HAM_0005147,nv,1.0,1.0
2518,HAM_0001756,nv,1.0,1.0
2519,HAM_0007039,nv,1.0,1.0
2520,HAM_0007556,nv,1.0,1.0
2521,HAM_0006175,nv,1.0,1.0
2522,HAM_0003607,nv,1.0,1.0
2523,HAM_0001812,nv,1.0,1.0
2524,HAM_0002445,nv,1.0,1.0
2525,HAM_0001032,nv,1.0,1.0
2526,HAM_0002718,nv,1.0,1.0
2527,HAM_0002885,nv,1.0,1.0
2528,HAM_0000712,nv,1.0,1.0
2529,HAM_0003377,nv,1.0,1.0
2530,HAM_0007345,nv,1.0,1.0
2531,HAM_0002619,nv,1.0,1.0
2532,HAM_0004137,nv,1.0,1.0
2533,HAM_0005773,nv,1.0,1.0
2534,HAM_0004362,nv,1.0,1.0
2535,HAM_0004019,nv,1.0,1.0
2536,HAM_0006759,nv,1.0,1.0
2537,HAM_0005452,nv,1.0,1.0
2538,HAM_0005461,nv,1.0,1.0
2539,HAM_0005836,nv,1.0,1.0
2540,HAM_0004037,nv,1.0,1.0
2541,HAM_0006597,nv,1.0,1.0
2542,HAM_0004490,nv,1.0,1.0
2543,HAM_0005288,nv,1.0,1.0
2544,HAM_0002310,nv,1.0,1.0
2545,HAM_0004815,nv,1.0,1.0
2546,HAM_0004493,nv,1.0,1.0
2547,HAM_0004875,nv,1.0,1.0
2548,HAM_0003575,nv,1.0,1.0
2549,HAM_0001574,nv,1.0,1.0
2550,HAM_0001660,nv,1.0,1.0
2551,HAM_0004688,nv,1.0,1.0
2552,HAM_0006172,nv,1.0,1.0
2553,HAM_0006488,nv,1.0,1.0
2554,HAM_0002864,nv,1.0,1.0
2555,HAM_0005595,nv,1.0,1.0
2556,HAM_0001491,nv,1.0,1.0
2557,HAM_0005220,nv,1.0,1.0
2558,HAM_0004144,nv,1.0,1.0
2559,HAM_0006022,nv,1.0,1.0
2560,HAM_0002330,nv,1.0,1.0
2561,HAM_0007087,nv,1.0,1.0
2562,HAM_0001426,nv,1.0,1.0
2563,HAM_0003537,nv,1.0,1.0
2564,HAM_0002137,nv,1.0,1.0
2565,HAM_0004035,nv,1.0,1.0
2566,HAM_0001929,nv,1.0,1.0
2567,HAM_0002156,nv,1.0,1.0
2568,HAM_0005151,nv,1.0,1.0
2569,HAM_0005976,nv,1.0,1.0
2570,HAM_0003658,nv,1.0,1.0
2571,HAM_0007613,nv,1.0,1.0
2572,HAM_0000234,nv,1.0,1.0
2573,HAM_0003292,nv,1.0,1.0
2574,HAM_0002987,nv,1.0,1.0
2575,HAM_0006888,nv,1.0,1.0
2576,HAM_0006282,nv,1.0,1.0
2577,HAM_0006165,nv,1.0,1.0
2578,HAM_0004755,nv,1.0,1.0
2579,HAM_0006865,nv,1.0,1.0
2580,HAM_0002380,nv,1.0,1.0
2581,HAM_0005916,nv,1.0,1.0
2582,HAM_0001128,nv,1.0,1.0
2583,HAM_0005317,nv,1.0,1.0
2584,HAM_0005515,nv,1.0,1.0
2585,HAM_0001268,nv,1.0,1.0
2586,HAM_0006405,nv,1.0,1.0
2587,HAM_0003124,nv,1.0,1.0
2588,HAM_0004502,nv,1.0,1.0
2589,HAM_0002272,nv,1.0,1.0
2590,HAM_0005520,nv,1.0,1.0
2591,HAM_0002920,nv,1.0,1.0
2592,HAM_0001184,nv,1.0,1.0
2593,HAM_0004111,nv,1.0,1.0
2594,HAM_0004136,nv,1.0,1.0
2595,HAM_0003085,nv,1.0,1.0
2596,HAM_0002315,nv,1.0,1.0
2597,HAM_0003796,nv,1.0,1.0
2598,HAM_0000804,nv,1.0,1.0
2599,HAM_0002847,nv,1.0,1.0
2600,HAM_0000173,nv,1.0,1.0
2601,HAM_0007382,nv,1.0,1.0
2602,HAM_0004294,nv,1.0,1.0
2603,HAM_0003784,nv,1.0,1.0
2604,HAM_0007011,nv,1.0,1.0
2605,HAM_0002449,nv,1.0,1.0
2606,HAM_0000419,nv,1.0,1.0
2607,HAM_0000870,nv,1.0,1.0
2608,HAM_0002665,nv,1.0,1.0
2609,HAM_0000616,nv,1.0,1.0
2610,HAM_0004633,nv,1.0,1.0
2611,HAM_0002022,nv,1.0,1.0
2612,HAM_0001380,nv,1.0,1.0
2613,HAM_0006640,nv,1.0,1.0
2614,HAM_0003898,nv,1.0,1.0
2615,HAM_0003036,nv,1.0,1.0
2616,HAM_0004173,nv,1.0,1.0
2617,HAM_0005286,nv,1.0,1.0
2618,HAM_0004730,nv,1.0,1.0
2619,HAM_0005738,nv,1.0,1.0
2620,HAM_0005340,nv,1.0,1.0
2621,HAM_0004085,nv,1.0,1.0
2622,HAM_0002175,nv,1.0,1.0
2623,HAM_0002393,nv,1.0,1.0
2624,HAM_0002437,nv,1.0,1.0
2625,HAM_0001059,nv,1.0,1.0
2626,HAM_0001840,nv,1.0,1.0
2627,HAM_0005235,nv,1.0,1.0
2628,HAM_0002852,nv,1.0,1.0
2629,HAM_0006646,nv,1.0,1.0
2630,HAM_0005576,nv,1.0,1.0
2631,HAM_0006021,nv,1.0,1.0
2632,HAM_0002727,nv,1.0,1.0
2633,HAM_0001395,nv,1.0,1.0
2634,HAM_0003975,nv,1.0,1.0
2635,HAM_0006680,nv,1.0,1.0
2636,HAM_0000411,nv,1.0,1.0
2637,HAM_0007111,nv,1.0,1.0
2638,HAM_0001783,nv,1.0,1.0
2639,HAM_0001278,nv,1.0,1.0
2640,HAM_0006345,nv,1.0,1.0
2641,HAM_0001681,nv,1.0,1.0
2642,HAM_0002248,nv,1.0,1.0
2643,HAM_0001836,nv,1.0,1.0
2644,HAM_0002077,nv,1.0,1.0
2645,HAM_0001070,nv,1.0,1.0
2646,HAM_0003963,nv,1.0,1.0
2647,HAM_0002840,nv,1.0,1.0
2648,HAM_0004414,nv,1.0,1.0
2649,HAM_0005602,nv,1.0,1.0
2650,HAM_0003526,nv,1.0,1.0
2651,HAM_0003272,nv,1.0,1.0
2652,HAM_0004391,nv,1.0,1.0
2653,HAM_0004821,nv,1.0,1.0
2654,HAM_0000283,nv,1.0,1.0
2655,HAM_0005120,nv,1.0,1.0
2656,HAM_0006168,nv,1.0,1.0
2657,HAM_0006674,nv,1.0,1.0
2658,HAM_0003372,nv,1.0,1.0
2659,HAM_0002140,nv,1.0,1.0
2660,HAM_0001472,nv,1.0,1.0
2661,HAM_0002267,nv,1.0,1.0
2662,HAM_0001156,nv,1.0,1.0
2663,HAM_0003211,nv,1.0,1.0
2664,HAM_0004990,nv,1.0,1.0
2665,HAM_0002849,nv,1.0,1.0
2666,HAM_0002968,nv,1.0,1.0
2667,HAM_0006304,nv,1.0,1.0
2668,HAM_0006819,nv,1.0,1.0
2669,HAM_0003079,nv,1.0,1.0
2670,HAM_0003342,nv,1.0,1.0
2671,HAM_0003928,nv,1.0,1.0
2672,HAM_0007400,nv,1.0,1.0
2673,HAM_0007375,nv,1.0,1.0
2674,HAM_0003901,nv,1.0,1.0
2675,HAM_0005582,nv,1.0,1.0
2676,HAM_0000177,nv,1.0,1.0
2677,HAM_0005460,nv,1.0,1.0
2678,HAM_0006743,nv,1.0,1.0
2679,HAM_0005019,nv,1.0,1.0
2680,HAM_0003252,nv,1.0,1.0
2681,HAM_0001166,nv,1.0,1.0
2682,HAM_0006930,nv,1.0,1.0
2683,HAM_0001375,nv,1.0,1.0
2684,HAM_0002674,nv,1.0,1.0
2685,HAM_0007084,nv,1.0,1.0
2686,HAM_0001013,nv,1.0,1.0
2687,HAM_0004870,nv,1.0,1.0
2688,HAM_0006781,nv,1.0,1.0
2689,HAM_0005630,nv,1.0,1.0
2690,HAM_0005394,nv,1.0,1.0
2691,HAM_0003319,nv,1.0,1.0
2692,HAM_0002352,nv,1.0,1.0
2693,HAM_0000635,nv,1.0,1.0
2694,HAM_0006949,nv,1.0,1.0
2695,HAM_0001124,nv,1.0,1.0
2696,HAM_0001255,nv,1.0,1.0
2697,HAM_0007279,nv,1.0,1.0
2698,HAM_0001158,nv,1.0,1.0
2699,HAM_0002468,nv,1.0,1.0
2700,HAM_0003163,nv,1.0,1.0
2701,HAM_0006487,nv,1.0,1.0
2702,HAM_0002454,nv,1.0,1.0
2703,HAM_0004312,nv,1.0,1.0
2704,HAM_0005043,nv,1.0,1.0
2705,HAM_0007487,nv,1.0,1.0
2706,HAM_0000939,nv,1.0,1.0
2707,HAM_0001560,nv,1.0,1.0
2708,HAM_0004357,nv,1.0,1.0
2709,HAM_0000162,nv,1.0,1.0
2710,HAM_0005144,nv,1.0,1.0
2711,HAM_0007053,nv,1.0,1.0
2712,HAM_0003591,nv,1.0,1.0
2713,HAM_0000926,nv,1.0,1.0
2714,HAM_0000638,nv,1.0,1.0
2715,HAM_0001925,nv,1.0,1.0
2716,HAM_0006089,nv,1.0,1.0
2717,HAM_0004840,nv,1.0,1.0
2718,HAM_0004433,nv,1.0,1.0
2719,HAM_0004018,nv,1.0,1.0
2720,HAM_0001092,nv,1.0,1.0
2721,HAM_0002090,nv,1.0,1.0
2722,HAM_0000029,nv,1.0,1.0
2723,HAM_0000980,nv,1.0,1.0
2724,HAM_0002573,nv,1.0,1.0
2725,HAM_0004805,nv,1.0,1.0
2726,HAM_0006639,nv,1.0,1.0
2727,HAM_0002807,nv,1.0,1.0
2728,HAM_0003655,nv,1.0,1.0
2729,HAM_0000400,nv,1.0,1.0
2730,HAM_0000538,nv,1.0,1.0
2731,HAM_0000972,nv,1.0,1.0
2732,HAM_0002116,nv,1.0,1.0
2733,HAM_0005200,nv,1.0,1.0
2734,HAM_0004939,nv,1.0,1.0
2735,HAM_0003297,nv,1.0,1.0
2736,HAM_0007417,nv,1.0,1.0
2737,HAM_0005164,nv,1.0,1.0
2738,HAM_0003858,nv,1.0,1.0
2739,HAM_0005311,nv,1.0,1.0
2740,HAM_0003271,nv,1.0,1.0
2741,HAM_0005774,nv,1.0,1.0
2742,HAM_0002663,nv,1.0,1.0
2743,HAM_0004644,nv,1.0,1.0
2744,HAM_0005646,nv,1.0,1.0
2745,HAM_0006499,nv,1.0,1.0
2746,HAM_0004112,nv,1.0,1.0
2747,HAM_0006402,nv,1.0,1.0
2748,HAM_0006164,nv,1.0,1.0
2749,HAM_0001271,nv,1.0,1.0
2750,HAM_0002442,nv,1.0,1.0
2751,HAM_0004460,nv,1.0,1.0
2752,HAM_0005832,nv,1.0,1.0
2753,HAM_0000599,nv,1.0,1.0
2754,HAM_0002214,nv,1.0,1.0
2755,HAM_0006486,nv,1.0,1.0
2756,HAM_0007115,nv,1.0,1.0
2757,HAM_0005570,nv,1.0,1.0
2758,HAM_0007347,nv,1.0,1.0
2759,HAM_0000387,nv,1.0,1.0
2760,HAM_0003232,nv,1.0,1.0
2761,HAM_0001664,nv,1.0,1.0
2762,HAM_0001374,nv,1.0,1.0
2763,HAM_0001360,nv,1.0,1.0
2764,HAM_0006957,nv,1.0,1.0
2765,HAM_0004529,nv,1.0,1.0
2766,HAM_0002805,nv,1.0,1.0
2767,HAM_0004509,nv,1.0,1.0
2768,HAM_0005114,nv,1.0,1.0
2769,HAM_0000085,nv,1.0,1.0
2770,HAM_0003266,nv,1.0,1.0
2771,HAM_0006134,nv,1.0,1.0
2772,HAM_0002680,nv,1.0,1.0
2773,HAM_0002637,nv,1.0,1.0
2774,HAM_0002570,nv,1.0,1.0
2775,HAM_0006079,nv,1.0,1.0
2776,HAM_0000753,nv,1.0,1.0
2777,HAM_0002382,nv,1.0,1.0
2778,HAM_0004734,nv,1.0,1.0
2779,HAM_0001050,nv,1.0,1.0
2780,HAM_0004041,nv,1.0,1.0
2781,HAM_0000046,nv,1.0,1.0
2782,HAM_0002837,nv,1.0,1.0
2783,HAM_0004361,nv,1.0,1.0
2784,HAM_0004973,nv,1.0,1.0
2785,HAM_0003589,nv,1.0,1.0
2786,HAM_0006943,nv,1.0,1.0
2787,HAM_0002065,nv,1.0,1.0
2788,HAM_0003006,nv,1.0,1.0
2789,HAM_0001602,nv,1.0,1.0
2790,HAM_0000130,nv,1.0,1.0
2791,HAM_0003573,nv,1.0,1.0
2792,HAM_0007218,nv,1.0,1.0
2793,HAM_0003736,nv,1.0,1.0
2794,HAM_0005618,nv,1.0,1.0
2795,HAM_0004110,nv,1.0,1.0
2796,HAM_0000257,nv,1.0,1.0
2797,HAM_0007271,nv,1.0,1.0
2798,HAM_0005081,nv,1.0,1.0
2799,HAM_0007481,nv,1.0,1.0
2800,HAM_0004904,nv,1.0,1.0
2801,HAM_0002384,nv,1.0,1.0
2802,HAM_0007174,nv,1.0,1.0
2803,HAM_0007267,nv,1.0,1.0
2804,HAM_0004911,nv,1.0,1.0
2805,HAM_0004782,nv,1.0,1.0
2806,HAM_0001146,nv,1.0,1.0
2807,HAM_0007143,nv,1.0,1.0
2808,HAM_0007098,nv,1.0,1.0
2809,HAM_0003391,nv,1.0,1.0
2810,HAM_0002870,nv,1.0,1.0
2811,HAM_0000134,nv,1.0,1.0
2812,HAM_0001044,nv,1.0,1.0
2813,HAM_0001650,nv,1.0,1.0
2814,HAM_0005941,nv,1.0,1.0
2815,HAM_0002964,nv,1.0,1.0
2816,HAM_0006015,nv,1.0,1.0
2817,HAM_0003407,nv,1.0,1.0
2818,HAM_0000622,nv,1.0,1.0
2819,HAM_0004492,nv,1.0,1.0
2820,HAM_0006476,nv,1.0,1.0
2821,HAM_0006589,nv,1.0,1.0
2822,HAM_0007034,nv,1.0,1.0
2823,HAM_0000890,nv,1.0,1.0
2824,HAM_0001521,nv,1.0,1.0
2825,HAM_0001295,nv,1.0,1.0
2826,HAM_0002860,nv,1.0,1.0
2827,HAM_0006392,nv,1.0,1.0
2828,HAM_0006424,nv,1.0,1.0
2829,HAM_0001413,nv,1.0,1.0
2830,HAM_0004674,nv,1.0,1.0
2831,HAM_0001776,nv,1.0,1.0
2832,HAM_0002811,nv,1.0,1.0
2833,HAM_0000628,nv,1.0,1.0
2834,HAM_0007304,nv,1.0,1.0
2835,HAM_0004978,nv,1.0,1.0
2836,HAM_0002621,nv,1.0,1.0
2837,HAM_0003336,nv,1.0,1.0
2838,HAM_0000306,nv,1.0,1.0
2839,HAM_0007595,nv,1.0,1.0
2840,HAM_0005977,nv,1.0,1.0
2841,HAM_0007103,nv,1.0,1.0
2842,HAM_0000575,nv,1.0,1.0
2843,HAM_0007042,nv,1.0,1.0
2844,HAM_0003908,nv,1.0,1.0
2845,HAM_0005969,nv,1.0,1.0
2846,HAM_0004454,nv,1.0,1.0
2847,HAM_0007580,nv,1.0,1.0
2848,HAM_0007292,nv,1.0,1.0
2849,HAM_0006256,nv,1.0,1.0
2850,HAM_0000436,nv,1.0,1.0
2851,HAM_0005089,nv,1.0,1.0
2852,HAM_0000515,nv,1.0,1.0
2853,HAM_0000568,nv,1.0,1.0
2854,HAM_0005138,nv,1.0,1.0
2855,HAM_0005105,nv,1.0,1.0
2856,HAM_0006495,nv,1.0,1.0
2857,HAM_0000756,nv,1.0,1.0
2858,HAM_0006331,nv,1.0,1.0
2859,HAM_0007403,nv,1.0,1.0
2860,HAM_0000570,nv,1.0,1.0
2861,HAM_0001685,nv,1.0,1.0
2862,HAM_0000404,nv,1.0,1.0
2863,HAM_0003485,nv,1.0,1.0
2864,HAM_0005824,nv,1.0,1.0
2865,HAM_0005645,nv,1.0,1.0
2866,HAM_0005367,nv,1.0,1.0
2867,HAM_0004336,nv,1.0,1.0
2868,HAM_0001760,nv,1.0,1.0
2869,HAM_0002695,nv,1.0,1.0
2870,HAM_0005934,nv,1.0,1.0
2871,HAM_0002041,nv,1.0,1.0
2872,HAM_0006858,nv,1.0,1.0
2873,HAM_0000950,nv,1.0,1.0
2874,HAM_0001171,nv,1.0,1.0
2875,HAM_0005906,nv,1.0,1.0
2876,HAM_0002278,nv,1.0,1.0
2877,HAM_0002212,nv,1.0,1.0
2878,HAM_0005054,nv,1.0,1.0
2879,HAM_0005485,nv,1.0,1.0
2880,HAM_0005412,nv,1.0,1.0
2881,HAM_0002309,nv,1.0,1.0
2882,HAM_0003746,nv,1.0,1.0
2883,HAM_0004358,nv,1.0,1.0
2884,HAM_0006729,nv,1.0,1.0
2885,HAM_0000255,nv,1.0,1.0
2886,HAM_0001003,nv,1.0,1.0
2887,HAM_0000280,nv,1.0,1.0
2888,HAM_0005333,nv,1.0,1.0
2889,HAM_0000938,nv,1.0,1.0
2890,HAM_0006425,nv,1.0,1.0
2891,HAM_0007041,nv,1.0,1.0
2892,HAM_0006660,nv,1.0,1.0
2893,HAM_0005369,nv,1.0,1.0
2894,HAM_0004562,nv,1.0,1.0
2895,HAM_0005385,nv,1.0,1.0
2896,HAM_0006195,nv,1.0,1.0
2897,HAM_0000644,nv,1.0,1.0
2898,HAM_0003388,nv,1.0,1.0
2899,HAM_0003082,nv,1.0,1.0
2900,HAM_0000036,nv,1.0,1.0
2901,HAM_0000461,nv,1.0,1.0
2902,HAM_0003019,nv,1.0,1.0
2903,HAM_0006970,nv,1.0,1.0
2904,HAM_0002236,nv,1.0,1.0
2905,HAM_0003200,nv,1.0,1.0
2906,HAM_0007063,nv,1.0,1.0
2907,HAM_0003756,nv,1.0,1.0
2908,HAM_0002500,nv,1.0,1.0
2909,HAM_0001848,nv,1.0,1.0
2910,HAM_0002725,nv,1.0,1.0
2911,HAM_0006672,nv,1.0,1.0
2912,HAM_0005470,nv,1.0,1.0
2913,HAM_0003334,nv,1.0,1.0
2914,HAM_0003753,nv,1.0,1.0
2915,HAM_0001789,nv,1.0,1.0
2916,HAM_0006688,nv,1.0,1.0
2917,HAM_0002318,nv,1.0,1.0
2918,HAM_0002676,nv,1.0,1.0
2919,HAM_0000126,nv,1.0,1.0
2920,HAM_0004067,nv,1.0,1.0
2921,HAM_0003242,nv,1.0,1.0
2922,HAM_0002055,nv,1.0,1.0
2923,HAM_0006360,nv,1.0,1.0
2924,HAM_0006638,nv,1.0,1.0
2925,HAM_0001867,nv,1.0,1.0
2926,HAM_0005152,nv,1.0,1.0
2927,HAM_0006679,nv,1.0,1.0
2928,HAM_0005699,nv,1.0,1.0
2929,HAM_0007170,nv,1.0,1.0
2930,HAM_0003488,nv,1.0,1.0
2931,HAM_0005507,nv,1.0,1.0
2932,HAM_0006979,nv,1.0,1.0
2933,HAM_0006864,nv,1.0,1.0
2934,HAM_0006562,nv,1.0,1.0
2935,HAM_0006485,nv,1.0,1.0
2936,HAM_0001750,nv,1.0,1.0
2937,HAM_0000295,nv,1.0,1.0
2938,HAM_0000307,nv,1.0,1.0
2939,HAM_0002887,nv,1.0,1.0
2940,HAM_0006293,nv,1.0,1.0
2941,HAM_0007061,nv,1.0,1.0
2942,HAM_0000091,nv,1.0,1.0
2943,HAM_0002002,nv,1.0,1.0
2944,HAM_0004611,nv,1.0,1.0
2945,HAM_0002195,nv,1.0,1.0
2946,HAM_0002783,nv,1.0,1.0
2947,HAM_0001289,nv,1.0,1.0
2948,HAM_0006019,nv,1.0,1.0
2949,HAM_0003956,nv,1.0,1.0
2950,HAM_0001866,nv,1.0,1.0
2951,HAM_0001419,nv,1.0,1.0
2952,HAM_0006683,nv,1.0,1.0
2953,HAM_0005148,nv,1.0,1.0
2954,HAM_0004650,nv,1.0,1.0
2955,HAM_0007457,nv,1.0,1.0
2956,HAM_0003907,nv,1.0,1.0
2957,HAM_0001404,nv,1.0,1.0
2958,HAM_0004001,nv,1.0,1.0
2959,HAM_0001222,nv,1.0,1.0
2960,HAM_0001112,nv,1.0,1.0
2961,HAM_0003581,nv,1.0,1.0
2962,HAM_0003825,nv,1.0,1.0
2963,HAM_0001324,nv,1.0,1.0
2964,HAM_0004028,nv,1.0,1.0
2965,HAM_0003285,nv,1.0,1.0
2966,HAM_0004066,nv,1.0,1.0
2967,HAM_0007186,nv,1.0,1.0
2968,HAM_0003706,nv,1.0,1.0
2969,HAM_0001714,nv,1.0,1.0
2970,HAM_0004557,nv,1.0,1.0
2971,HAM_0007094,nv,1.0,1.0
2972,HAM_0001992,nv,1.0,1.0
2973,HAM_0000857,nv,1.0,1.0
2974,HAM_0000932,nv,1.0,1.0
2975,HAM_0005098,nv,1.0,1.0
2976,HAM_0003440,nv,1.0,1.0
2977,HAM_0002945,nv,1.0,1.0
2978,HAM_0000076,nv,1.0,1.0
2979,HAM_0006571,nv,1.0,1.0
2980,HAM_0004334,nv,1.0,1.0
2981,HAM_0001795,nv,1.0,1.0
2982,HAM_0001030,nv,1.0,1.0
2983,HAM_0000620,nv,1.0,1.0
2984,HAM_0003780,nv,1.0,1.0
2985,HAM_0001016,nv,1.0,1.0
2986,HAM_0001880,nv,1.0,1.0
2987,HAM_0001131,nv,1.0,1.0
2988,HAM_0006023,nv,1.0,1.0
2989,HAM_0000430,nv,1.0,1.0
2990,HAM_0002513,nv,1.0,1.0
2991,HAM_0003953,nv,1.0,1.0
2992,HAM_0001732,nv,1.0,1.0
2993,HAM_0007222,nv,1.0,1.0
2994,HAM_0005694,nv,1.0,1.0
2995,HAM_0005005,nv,1.0,1.0
2996,HAM_0004733,nv,1.0,1.0
2997,HAM_0000808,nv,1.0,1.0
2998,HAM_0004160,nv,1.0,1.0
2999,HAM_0000264,nv,1.0,1.0
3000,HAM_0000449,nv,1.0,1.0
3001,HAM_0004925,nv,1.0,1.0
3002,HAM_0003962,nv,1.0,1.0
3003,HAM_0004876,nv,1.0,1.0
3004,HAM_0007157,nv,1.0,1.0
3005,HAM_0004595,nv,1.0,1.0
3006,HAM_0003510,nv,1.0,1.0
3007,HAM_0003109,nv,1.0,1.0
3008,HAM_0003498,nv,1.0,1.0
3009,HAM_0007436,nv,1.0,1.0
3010,HAM_0002854,nv,1.0,1.0
3011,HAM_0000117,nv,1.0,1.0
3012,HAM_0007540,nv,1.0,1.0
3013,HAM_0007449,nv,1.0,1.0
3014,HAM_0003725,nv,1.0,1.0
3015,HAM_0003792,nv,1.0,1.0
3016,HAM_0000013,nv,1.0,1.0
3017,HAM_0003986,nv,1.0,1.0
3018,HAM_0003773,nv,1.0,1.0
3019,HAM_0004497,nv,1.0,1.0
3020,HAM_0000864,nv,1.0,1.0
3021,HAM_0001304,nv,1.0,1.0
3022,HAM_0007064,nv,1.0,1.0
3023,HAM_0000558,nv,1.0,1.0
3024,HAM_0002395,nv,1.0,1.0
3025,HAM_0003267,nv,1.0,1.0
3026,HAM_0004474,nv,1.0,1.0
3027,HAM_0002059,nv,1.0,1.0
3028,HAM_0000116,nv,1.0,1.0
3029,HAM_0003776,nv,1.0,1.0
3030,HAM_0003443,nv,1.0,1.0
3031,HAM_0000874,nv,1.0,1.0
3032,HAM_0000788,nv,1.0,1.0
3033,HAM_0005851,nv,1.0,1.0
3034,HAM_0003478,nv,1.0,1.0
3035,HAM_0005355,nv,1.0,1.0
3036,HAM_0006590,nv,1.0,1.0
3037,HAM_0006552,nv,1.0,1.0
3038,HAM_0007137,nv,1.0,1.0
3039,HAM_0004504,nv,1.0,1.0
3040,HAM_0002361,nv,1.0,1.0
3041,HAM_0006695,nv,1.0,1.0
3042,HAM_0001826,nv,1.0,1.0
3043,HAM_0002760,nv,1.0,1.0
3044,HAM_0005320,nv,1.0,1.0
3045,HAM_0006667,nv,1.0,1.0
3046,HAM_0006083,nv,1.0,1.0
3047,HAM_0002990,nv,1.0,1.0
3048,HAM_0007411,nv,1.0,1.0
3049,HAM_0002273,nv,1.0,1.0
3050,HAM_0007291,nv,1.0,1.0
3051,HAM_0005216,nv,1.0,1.0
3052,HAM_0000454,nv,1.0,1.0
3053,HAM_0001377,nv,1.0,1.0
3054,HAM_0004002,nv,1.0,1.0
3055,HAM_0000755,nv,1.0,1.0
3056,HAM_0007277,nv,1.0,1.0
3057,HAM_0000108,nv,1.0,1.0
3058,HAM_0001821,nv,1.0,1.0
3059,HAM_0005741,nv,1.0,1.0
3060,HAM_0001033,nv,1.0,1.0
3061,HAM_0001901,nv,1.0,1.0
3062,HAM_0000601,nv,1.0,1.0
3063,HAM_0003103,nv,1.0,1.0
3064,HAM_0003906,nv,1.0,1.0
3065,HAM_0003316,nv,1.0,1.0
3066,HAM_0002255,nv,1.0,1.0
3067,HAM_0007379,nv,1.0,1.0
3068,HAM_0005734,nv,1.0,1.0
3069,HAM_0006627,nv,1.0,1.0
3070,HAM_0000584,nv,1.0,1.0
3071,HAM_0002929,nv,1.0,1.0
3072,HAM_0006804,nv,1.0,1.0
3073,HAM_0005644,nv,1.0,1.0
3074,HAM_0003909,nv,1.0,1.0
3075,HAM_0001742,nv,1.0,1.0
3076,HAM_0005511,nv,1.0,1.0
3077,HAM_0000731,nv,1.0,1.0
3078,HAM_0007071,nv,1.0,1.0
3079,HAM_0004772,nv,1.0,1.0
3080,HAM_0007253,nv,1.0,1.0
3081,HAM_0004560,nv,1.0,1.0
3082,HAM_0006073,nv,1.0,1.0
3083,HAM_0006895,nv,1.0,1.0
3084,HAM_0003061,nv,1.0,1.0
3085,HAM_0003532,nv,1.0,1.0
3086,HAM_0003247,nv,1.0,1.0
3087,HAM_0002926,nv,1.0,1.0
3088,HAM_0006136,nv,1.0,1.0
3089,HAM_0003618,nv,1.0,1.0
3090,HAM_0001478,nv,1.0,1.0
3091,HAM_0005707,nv,1.0,1.0
3092,HAM_0004893,nv,1.0,1.0
3093,HAM_0006530,nv,1.0,1.0
3094,HAM_0006043,nv,1.0,1.0
3095,HAM_0003550,nv,1.0,1.0
3096,HAM_0005548,nv,1.0,1.0
3097,HAM_0007331,nv,1.0,1.0
3098,HAM_0003459,nv,1.0,1.0
3099,HAM_0001984,nv,1.0,1.0
3100,HAM_0000684,nv,1.0,1.0
3101,HAM_0002006,nv,1.0,1.0
3102,HAM_0002927,nv,1.0,1.0
3103,HAM_0003547,nv,1.0,1.0
3104,HAM_0001144,nv,1.0,1.0
3105,HAM_0007406,nv,1.0,1.0
3106,HAM_0007280,nv,1.0,1.0
3107,HAM_0003860,nv,1.0,1.0
3108,HAM_0000278,nv,1.0,1.0
3109,HAM_0000357,nv,1.0,1.0
3110,HAM_0003244,nv,1.0,1.0
3111,HAM_0004745,nv,1.0,1.0
3112,HAM_0003261,nv,1.0,1.0
3113,HAM_0003584,nv,1.0,1.0
3114,HAM_0005877,nv,1.0,1.0
3115,HAM_0007459,nv,1.0,1.0
3116,HAM_0006795,nv,1.0,1.0
3117,HAM_0003403,nv,1.0,1.0
3118,HAM_0002052,nv,1.0,1.0
3119,HAM_0007017,nv,1.0,1.0
3120,HAM_0004995,nv,1.0,1.0
3121,HAM_0004150,nv,1.0,1.0
3122,HAM_0002828,nv,1.0,1.0
3123,HAM_0006535,nv,1.0,1.0
3124,HAM_0000672,nv,1.0,1.0
3125,HAM_0006694,nv,1.0,1.0
3126,HAM_0002233,nv,1.0,1.0
3127,HAM_0001518,nv,1.0,1.0
3128,HAM_0001550,nv,1.0,1.0
3129,HAM_0007074,nv,1.0,1.0
3130,HAM_0001248,nv,1.0,1.0
3131,HAM_0002729,nv,0.5,0.5
3132,HAM_0002729,nv,0.5,0.5
3133,HAM_0004886,nv,1.0,1.0
3134,HAM_0003155,nv,0.5,0.5
3135,HAM_0003155,nv,0.5,0.5
3136,HAM_0006032,nv,1.0,1.0
3137,HAM_0000965,nv,1.0,1.0
3138,HAM_0003277,nv,1.0,1.0
3139,HAM_0007255,nv,1.0,1.0
3140,HAM_0000288,nv,1.0,1.0
3141,HAM_0003303,nv,1.0,1.0
3142,HAM_0007311,nv,0.5,0.5
3143,HAM_0007311,nv,0.5,0.5
3144,HAM_0001684,nv,1.0,1.0
3145,HAM_0007202,nv,1.0,1.0
3146,HAM_0002698,nv,0.5,0.5
3147,HAM_0002698,nv,0.5,0.5
3148,HAM_0001141,nv,0.5,0.5
3149,HAM_0001141,nv,0.5,0.5
3150,HAM_0000476,nv,1.0,1.0
3151,HAM_0004410,nv,1.0,1.0
3152,HAM_0005360,nv,0.5,0.5
3153,HAM_0005360,nv,0.5,0.5
3154,HAM_0000960,nv,0.5,0.5
3155,HAM_0000960,nv,0.5,0.5
3156,HAM_0002973,nv,0.5,0.5
3157,HAM_0002973,nv,0.5,0.5
3158,HAM_0003230,nv,1.0,1.0
3159,HAM_0000977,nv,0.5,0.5
3160,HAM_0000977,nv,0.5,0.5
3161,HAM_0004524,nv,1.0,1.0
3162,HAM_0001100,nv,0.5,0.5
3163,HAM_0001100,nv,0.5,0.5
3164,HAM_0000930,nv,1.0,1.0
3165,HAM_0000947,nv,0.5,0.5
3166,HAM_0000947,nv,0.5,0.5
3167,HAM_0002552,mel,0.3333333432674408,0.3333333432674408
3168,HAM_0003091,nv,1.0,1.0
3169,HAM_0002120,nv,0.5,0.5
3170,HAM_0002120,nv,0.5,0.5
3171,HAM_0002652,nv,1.0,1.0
3172,HAM_0000072,nv,1.0,1.0
3173,HAM_0004318,nv,0.5,0.5
3174,HAM_0004318,nv,0.5,0.5
3175,HAM_0007123,nv,0.5,0.5
3176,HAM_0007123,nv,0.5,0.5
3177,HAM_0001813,nv,0.5,0.5
3178,HAM_0001813,nv,0.5,0.5
3179,HAM_0005162,nv,0.3333333432674408,0.3333333432674408
3180,HAM_0005162,nv,0.3333333432674408,0.3333333432674408
3181,HAM_0005162,nv,0.3333333432674408,0.3333333432674408
3182,HAM_0003848,nv,1.0,1.0
3183,HAM_0005937,nv,1.0,1.0
3184,HAM_0002670,nv,1.0,1.0
3185,HAM_0002489,nv,1.0,1.0
3186,HAM_0004575,nv,1.0,1.0
3187,HAM_0006853,nv,0.5,0.5
3188,HAM_0006853,nv,0.5,0.5
3189,HAM_0003933,nv,0.5,0.5
3190,HAM_0003933,nv,0.5,0.5
3191,HAM_0002942,nv,0.5,0.5
3192,HAM_0002942,nv,0.5,0.5
3193,HAM_0004747,nv,0.5,0.5
3194,HAM_0004747,nv,0.5,0.5
3195,HAM_0006735,nv,0.5,0.5
3196,HAM_0006735,nv,0.5,0.5
3197,HAM_0005447,nv,1.0,1.0
3198,HAM_0005339,nv,1.0,1.0
3199,HAM_0006030,nv,0.5,0.5
3200,HAM_0006030,nv,0.5,0.5
3201,HAM_0006742,nv,0.5,0.5
3202,HAM_0006742,nv,0.5,0.5
3203,HAM_0003912,nv,0.5,0.5
3204,HAM_0003912,nv,0.5,0.5
3205,HAM_0006914,nv,0.5,0.5
3206,HAM_0006914,nv,0.5,0.5
3207,HAM_0005188,nv,1.0,1.0
3208,HAM_0004663,nv,0.5,0.5
3209,HAM_0004663,nv,0.5,0.5
3210,HAM_0003684,nv,0.5,0.5
3211,HAM_0003684,nv,0.5,0.5
3212,HAM_0007189,nv,1.0,1.0
3213,HAM_0006397,nv,0.5,0.5
3214,HAM_0006397,nv,0.5,0.5
3215,HAM_0001580,nv,1.0,1.0
3216,HAM_0003583,nv,1.0,1.0
3217,HAM_0003343,nv,1.0,1.0
3218,HAM_0004461,nv,0.5,0.5
3219,HAM_0004461,nv,0.5,0.5
3220,HAM_0006974,nv,1.0,1.0
3221,HAM_0007356,nv,1.0,1.0
3222,HAM_0003475,nv,0.5,0.5
3223,HAM_0003475,nv,0.5,0.5
3224,HAM_0003627,nv,0.5,0.5
3225,HAM_0003627,nv,0.5,0.5
3226,HAM_0004546,nv,1.0,1.0
3227,HAM_0005484,nv,1.0,1.0
3228,HAM_0001696,nv,0.5,0.5
3229,HAM_0001696,nv,0.5,0.5
3230,HAM_0001712,nv,0.5,0.5
3231,HAM_0001712,nv,0.5,0.5
3232,HAM_0000589,nv,1.0,1.0
3233,HAM_0007606,nv,0.5,0.5
3234,HAM_0007606,nv,0.5,0.5
3235,HAM_0007295,nv,1.0,1.0
3236,HAM_0006747,nv,0.5,0.5
3237,HAM_0006747,nv,0.5,0.5
3238,HAM_0001975,nv,0.5,0.5
3239,HAM_0001975,nv,0.5,0.5
3240,HAM_0002975,nv,1.0,1.0
3241,HAM_0003222,nv,0.5,0.5
3242,HAM_0003222,nv,0.5,0.5
3243,HAM_0000230,nv,0.5,0.5
3244,HAM_0000230,nv,0.5,0.5
3245,HAM_0004724,nv,0.5,0.5
3246,HAM_0004724,nv,0.5,0.5
3247,HAM_0005056,nv,1.0,1.0
3248,HAM_0000569,nv,0.5,0.5
3249,HAM_0000569,nv,0.5,0.5
3250,HAM_0001623,nv,1.0,1.0
3251,HAM_0002349,nv,0.5,0.5
3252,HAM_0002349,nv,0.5,0.5
3253,HAM_0006618,nv,1.0,1.0
3254,HAM_0000928,nv,0.5,0.5
3255,HAM_0000928,nv,0.5,0.5
3256,HAM_0001971,nv,0.5,0.5
3257,HAM_0001971,nv,0.5,0.5
3258,HAM_0007579,nv,0.5,0.5
3259,HAM_0007579,nv,0.5,0.5
3260,HAM_0001767,nv,0.5,0.5
3261,HAM_0001767,nv,0.5,0.5
3262,HAM_0001160,nv,0.5,0.5
3263,HAM_0001160,nv,0.5,0.5
3264,HAM_0007425,nv,0.5,0.5
3265,HAM_0007425,nv,0.5,0.5
3266,HAM_0002067,nv,0.5,0.5
3267,HAM_0002067,nv,0.5,0.5
3268,HAM_0005519,nv,0.5,0.5
3269,HAM_0005519,nv,0.5,0.5
3270,HAM_0003653,nv,1.0,1.0
3271,HAM_0006145,nv,0.5,0.5
3272,HAM_0006145,nv,0.5,0.5
3273,HAM_0002323,nv,0.5,0.5
3274,HAM_0002323,nv,0.5,0.5
3275,HAM_0007548,nv,0.5,0.5
3276,HAM_0007548,nv,0.5,0.5
3277,HAM_0001968,nv,1.0,1.0
3278,HAM_0006605,nv,0.5,0.5
3279,HAM_0006605,nv,0.5,0.5
3280,HAM_0003175,nv,0.5,0.5
3281,HAM_0003175,nv,0.5,0.5
3282,HAM_0002409,nv,0.5,0.5
3283,HAM_0002409,nv,0.5,0.5
3284,HAM_0005561,nv,1.0,1.0
3285,HAM_0006856,nv,0.5,0.5
3286,HAM_0006856,nv,0.5,0.5
3287,HAM_0003892,nv,1.0,1.0
3288,HAM_0000261,nv,1.0,1.0
3289,HAM_0004783,nv,0.5,0.5
3290,HAM_0004783,nv,0.5,0.5
3291,HAM_0007249,nv,1.0,1.0
3292,HAM_0001497,nv,0.5,0.5
3293,HAM_0001497,nv,0.5,0.5
3294,HAM_0002541,nv,1.0,1.0
3295,HAM_0005244,nv,1.0,1.0
3296,HAM_0006822,nv,0.5,0.5
3297,HAM_0006822,nv,0.5,0.5
3298,HAM_0007468,nv,0.5,0.5
3299,HAM_0007468,nv,0.5,0.5
3300,HAM_0002100,nv,1.0,1.0
3301,HAM_0005060,nv,0.5,0.5
3302,HAM_0005060,nv,0.5,0.5
3303,HAM_0006221,nv,0.5,0.5
3304,HAM_0006221,nv,0.5,0.5
3305,HAM_0006882,nv,1.0,1.0
3306,HAM_0003308,nv,0.5,0.5
3307,HAM_0003308,nv,0.5,0.5
3308,HAM_0000269,nv,1.0,1.0
3309,HAM_0005686,nv,0.5,0.5
3310,HAM_0005686,nv,0.5,0.5
3311,HAM_0000262,nv,0.5,0.5
3312,HAM_0000262,nv,0.5,0.5
3313,HAM_0005213,nv,1.0,1.0
3314,HAM_0005159,nv,0.5,0.5
3315,HAM_0005159,nv,0.5,0.5
3316,HAM_0003156,nv,1.0,1.0
3317,HAM_0004892,nv,1.0,1.0
3318,HAM_0006155,nv,1.0,1.0
3319,HAM_0006268,nv,1.0,1.0
3320,HAM_0006516,nv,0.5,0.5
3321,HAM_0006516,nv,0.5,0.5
3322,HAM_0002494,nv,1.0,1.0
3323,HAM_0001651,nv,0.3333333432674408,0.3333333432674408
3324,HAM_0001651,nv,0.3333333432674408,0.3333333432674408
3325,HAM_0001651,nv,0.3333333432674408,0.3333333432674408
3326,HAM_0003143,nv,0.3333333432674408,0.3333333432674408
3327,HAM_0003143,nv,0.3333333432674408,0.3333333432674408
3328,HAM_0003143,nv,0.3333333432674408,0.3333333432674408
3329,HAM_0000407,nv,0.3333333432674408,0.3333333432674408
3330,HAM_0000407,nv,0.3333333432674408,0.3333333432674408
3331,HAM_0000407,nv,0.3333333432674408,0.3333333432674408
3332,HAM_0000093,nv,1.0,1.0
3333,HAM_0002616,nv,0.5,0.5
3334,HAM_0002616,nv,0.5,0.5
3335,HAM_0001615,nv,1.0,1.0
3336,HAM_0003505,nv,0.3333333432674408,0.3333333432674408
3337,HAM_0003505,nv,0.3333333432674408,0.3333333432674408
3338,HAM_0003505,nv,0.3333333432674408,0.3333333432674408
3339,HAM_0005408,nv,1.0,1.0
3340,HAM_0005048,nv,1.0,1.0
3341,HAM_0000304,nv,0.3333333432674408,0.3333333432674408
3342,HAM_0000304,nv,0.3333333432674408,0.3333333432674408
3343,HAM_0000304,nv,0.3333333432674408,0.3333333432674408
3344,HAM_0005523,nv,1.0,1.0
3345,HAM_0000077,nv,1.0,1.0
3346,HAM_0005300,nv,0.3333333432674408,0.3333333432674408
3347,HAM_0005300,nv,0.3333333432674408,0.3333333432674408
3348,HAM_0005300,nv,0.3333333432674408,0.3333333432674408
3349,HAM_0007127,nv,1.0,1.0
3350,HAM_0001790,nv,0.5,0.5
3351,HAM_0001790,nv,0.5,0.5
3352,HAM_0005116,nv,0.3333333432674408,0.3333333432674408
3353,HAM_0005116,nv,0.3333333432674408,0.3333333432674408
3354,HAM_0005116,nv,0.3333333432674408,0.3333333432674408
3355,HAM_0000459,nv,1.0,1.0
3356,HAM_0002803,nv,1.0,1.0
3357,HAM_0000268,nv,0.3333333432674408,0.3333333432674408
3358,HAM_0000268,nv,0.3333333432674408,0.3333333432674408
3359,HAM_0000268,nv,0.3333333432674408,0.3333333432674408
3360,HAM_0005995,nv,0.3333333432674408,0.3333333432674408
3361,HAM_0005995,nv,0.3333333432674408,0.3333333432674408
3362,HAM_0005995,nv,0.3333333432674408,0.3333333432674408
3363,HAM_0007444,nv,0.3333333432674408,0.3333333432674408
3364,HAM_0007444,nv,0.3333333432674408,0.3333333432674408
3365,HAM_0007444,nv,0.3333333432674408,0.3333333432674408
3366,HAM_0002060,nv,1.0,1.0
3367,HAM_0001097,nv,0.5,0.5
3368,HAM_0001097,nv,0.5,0.5
3369,HAM_0002750,nv,0.5,0.5
3370,HAM_0002750,nv,0.5,0.5
3371,HAM_0006147,nv,0.5,0.5
3372,HAM_0000523,nv,1.0,1.0
3373,HAM_0006187,nv,0.5,0.5
3374,HAM_0006187,nv,0.5,0.5
3375,HAM_0000249,nv,1.0,1.0
3376,HAM_0003188,nv,0.5,0.5
3377,HAM_0003188,nv,0.5,0.5
3378,HAM_0000138,nv,1.0,1.0
3379,HAM_0003904,nv,1.0,1.0
3380,HAM_0005107,nv,0.5,0.5
3381,HAM_0005107,nv,0.5,0.5
3382,HAM_0004128,nv,0.5,0.5
3383,HAM_0004128,nv,0.5,0.5
3384,HAM_0000012,nv,1.0,1.0
3385,HAM_0007350,nv,0.5,0.5
3386,HAM_0007350,nv,0.5,0.5
3387,HAM_0006147,nv,0.5,0.5
3388,HAM_0006869,nv,0.3333333432674408,0.3333333432674408
3389,HAM_0006869,nv,0.3333333432674408,0.3333333432674408
3390,HAM_0006869,nv,0.3333333432674408,0.3333333432674408
3391,HAM_0001046,nv,0.3333333432674408,0.3333333432674408
3392,HAM_0001046,nv,0.3333333432674408,0.3333333432674408
3393,HAM_0001046,nv,0.3333333432674408,0.3333333432674408
3394,HAM_0005363,nv,0.5,0.5
3395,HAM_0005363,nv,0.5,0.5
3396,HAM_0004714,nv,0.5,0.5
3397,HAM_0004714,nv,0.5,0.5
3398,HAM_0004574,nv,0.3333333432674408,0.3333333432674408
3399,HAM_0004574,nv,0.3333333432674408,0.3333333432674408
3400,HAM_0004574,nv,0.3333333432674408,0.3333333432674408
3401,HAM_0001400,nv,0.3333333432674408,0.3333333432674408
3402,HAM_0001400,nv,0.3333333432674408,0.3333333432674408
3403,HAM_0001400,nv,0.3333333432674408,0.3333333432674408
3404,HAM_0001692,nv,0.3333333432674408,0.3333333432674408
3405,HAM_0001692,nv,0.3333333432674408,0.3333333432674408
3406,HAM_0001692,nv,0.3333333432674408,0.3333333432674408
3407,HAM_0000313,nv,0.5,0.5
3408,HAM_0000313,nv,0.5,0.5
3409,HAM_0002501,nv,0.5,0.5
3410,HAM_0002501,nv,0.5,0.5
3411,HAM_0005106,nv,0.5,0.5
3412,HAM_0005106,nv,0.5,0.5
3413,HAM_0006391,nv,0.5,0.5
3414,HAM_0006391,nv,0.5,0.5
3415,HAM_0004829,nv,0.5,0.5
3416,HAM_0004829,nv,0.5,0.5
3417,HAM_0004296,nv,0.5,0.5
3418,HAM_0004296,nv,0.5,0.5
3419,HAM_0002206,nv,1.0,1.0
3420,HAM_0001697,nv,0.5,0.5
3421,HAM_0001697,nv,0.5,0.5
3422,HAM_0002016,nv,0.5,0.5
3423,HAM_0002016,nv,0.5,0.5
3424,HAM_0003993,nv,0.3333333432674408,0.3333333432674408
3425,HAM_0003993,nv,0.3333333432674408,0.3333333432674408
3426,HAM_0003993,nv,0.3333333432674408,0.3333333432674408
3427,HAM_0002244,nv,0.5,0.5
3428,HAM_0002244,nv,0.5,0.5
3429,HAM_0005265,nv,0.5,0.5
3430,HAM_0005265,nv,0.5,0.5
3431,HAM_0005248,nv,0.5,0.5
3432,HAM_0005248,nv,0.5,0.5
3433,HAM_0006491,nv,0.5,0.5
3434,HAM_0006491,nv,0.5,0.5
3435,HAM_0004963,nv,0.5,0.5
3436,HAM_0004963,nv,0.5,0.5
3437,HAM_0000579,nv,1.0,1.0
3438,HAM_0005539,nv,0.5,0.5
3439,HAM_0005539,nv,0.5,0.5
3440,HAM_0006379,nv,1.0,1.0
3441,HAM_0002721,nv,0.5,0.5
3442,HAM_0002721,nv,0.5,0.5
3443,HAM_0003137,nv,1.0,1.0
3444,HAM_0001321,nv,0.5,0.5
3445,HAM_0001321,nv,0.5,0.5
3446,HAM_0006615,nv,0.5,0.5
3447,HAM_0006615,nv,0.5,0.5
3448,HAM_0002878,nv,0.5,0.5
3449,HAM_0002878,nv,0.5,0.5
3450,HAM_0003352,nv,0.3333333432674408,0.3333333432674408
3451,HAM_0003352,nv,0.3333333432674408,0.3333333432674408
3452,HAM_0003352,nv,0.3333333432674408,0.3333333432674408
3453,HAM_0006539,nv,0.3333333432674408,0.3333333432674408
3454,HAM_0006539,nv,0.3333333432674408,0.3333333432674408
3455,HAM_0006539,nv,0.3333333432674408,0.3333333432674408
3456,HAM_0006857,nv,0.3333333432674408,0.3333333432674408
3457,HAM_0006857,nv,0.3333333432674408,0.3333333432674408
3458,HAM_0006857,nv,0.3333333432674408,0.3333333432674408
3459,HAM_0003713,nv,0.5,0.5
3460,HAM_0003713,nv,0.5,0.5
3461,HAM_0005961,nv,0.5,0.5
3462,HAM_0005961,nv,0.5,0.5
3463,HAM_0000747,nv,0.5,0.5
3464,HAM_0000747,nv,0.5,0.5
3465,HAM_0001218,nv,0.5,0.5
3466,HAM_0001218,nv,0.5,0.5
3467,HAM_0004503,nv,1.0,1.0
3468,HAM_0005905,nv,1.0,1.0
3469,HAM_0007259,nv,0.3333333432674408,0.3333333432674408
3470,HAM_0007259,nv,0.3333333432674408,0.3333333432674408
3471,HAM_0007259,nv,0.3333333432674408,0.3333333432674408
3472,HAM_0004145,nv,0.3333333432674408,0.3333333432674408
3473,HAM_0004145,nv,0.3333333432674408,0.3333333432674408
3474,HAM_0004145,nv,0.3333333432674408,0.3333333432674408
3475,HAM_0000547,nv,0.5,0.5
3476,HAM_0000547,nv,0.5,0.5
3477,HAM_0005135,nv,0.5,0.5
3478,HAM_0005135,nv,0.5,0.5
3479,HAM_0001870,nv,1.0,1.0
3480,HAM_0005383,nv,0.5,0.5
3481,HAM_0005383,nv,0.5,0.5
3482,HAM_0003824,nv,0.5,0.5
3483,HAM_0003824,nv,0.5,0.5
3484,HAM_0004176,nv,0.5,0.5
3485,HAM_0004176,nv,0.5,0.5
3486,HAM_0005573,nv,0.3333333432674408,0.3333333432674408
3487,HAM_0005573,nv,0.3333333432674408,0.3333333432674408
3488,HAM_0005573,nv,0.3333333432674408,0.3333333432674408
3489,HAM_0003606,nv,0.3333333432674408,0.3333333432674408
3490,HAM_0003606,nv,0.3333333432674408,0.3333333432674408
3491,HAM_0003606,nv,0.3333333432674408,0.3333333432674408
3492,HAM_0003512,nv,1.0,1.0
3493,HAM_0006158,nv,0.3333333432674408,0.3333333432674408
3494,HAM_0006158,nv,0.3333333432674408,0.3333333432674408
3495,HAM_0006158,nv,0.3333333432674408,0.3333333432674408
3496,HAM_0005820,nv,0.3333333432674408,0.3333333432674408
3497,HAM_0005820,nv,0.3333333432674408,0.3333333432674408
3498,HAM_0005820,nv,0.3333333432674408,0.3333333432674408
3499,HAM_0002890,nv,0.5,0.5
3500,HAM_0002890,nv,0.5,0.5
3501,HAM_0001246,nv,0.5,0.5
3502,HAM_0001246,nv,0.5,0.5
3503,HAM_0003614,nv,0.3333333432674408,0.3333333432674408
3504,HAM_0003614,nv,0.3333333432674408,0.3333333432674408
3505,HAM_0003614,nv,0.3333333432674408,0.3333333432674408
3506,HAM_0003181,nv,0.5,0.5
3507,HAM_0003181,nv,0.5,0.5
3508,HAM_0001133,nv,0.3333333432674408,0.3333333432674408
3509,HAM_0001133,nv,0.3333333432674408,0.3333333432674408
3510,HAM_0001133,nv,0.3333333432674408,0.3333333432674408
3511,HAM_0006120,nv,0.5,0.5
3512,HAM_0006120,nv,0.5,0.5
3513,HAM_0003542,nv,0.3333333432674408,0.3333333432674408
3514,HAM_0003542,nv,0.3333333432674408,0.3333333432674408
3515,HAM_0003542,nv,0.3333333432674408,0.3333333432674408
3516,HAM_0007483,nv,0.5,0.5
3517,HAM_0007483,nv,0.5,0.5
3518,HAM_0005814,nv,0.5,0.5
3519,HAM_0005814,nv,0.5,0.5
3520,HAM_0004088,nv,1.0,1.0
3521,HAM_0000165,nv,1.0,1.0
3522,HAM_0003735,nv,0.5,0.5
3523,HAM_0003735,nv,0.5,0.5
3524,HAM_0004221,nv,1.0,1.0
3525,HAM_0001076,nv,0.5,0.5
3526,HAM_0001076,nv,0.5,0.5
3527,HAM_0005331,nv,0.5,0.5
3528,HAM_0005331,nv,0.5,0.5
3529,HAM_0001889,nv,0.5,0.5
3530,HAM_0001889,nv,0.5,0.5
3531,HAM_0004814,nv,0.5,0.5
3532,HAM_0004814,nv,0.5,0.5
3533,HAM_0003193,nv,0.5,0.5
3534,HAM_0003193,nv,0.5,0.5
3535,HAM_0004411,nv,0.3333333432674408,0.3333333432674408
3536,HAM_0004411,nv,0.3333333432674408,0.3333333432674408
3537,HAM_0004411,nv,0.3333333432674408,0.3333333432674408
3538,HAM_0001824,nv,0.3333333432674408,0.3333333432674408
3539,HAM_0001824,nv,0.3333333432674408,0.3333333432674408
3540,HAM_0001824,nv,0.3333333432674408,0.3333333432674408
3541,HAM_0000855,nv,0.3333333432674408,0.3333333432674408
3542,HAM_0000855,nv,0.3333333432674408,0.3333333432674408
3543,HAM_0000855,nv,0.3333333432674408,0.3333333432674408
3544,HAM_0005190,nv,0.5,0.5
3545,HAM_0005190,nv,0.5,0.5
3546,HAM_0000216,nv,0.5,0.5
3547,HAM_0000216,nv,0.5,0.5
3548,HAM_0004882,nv,0.3333333432674408,0.3333333432674408
3549,HAM_0004882,nv,0.3333333432674408,0.3333333432674408
3550,HAM_0004882,nv,0.3333333432674408,0.3333333432674408
3551,HAM_0001683,nv,0.5,0.5
3552,HAM_0001683,nv,0.5,0.5
3553,HAM_0006623,nv,0.5,0.5
3554,HAM_0006623,nv,0.5,0.5
3555,HAM_0002139,nv,0.5,0.5
3556,HAM_0002139,nv,0.5,0.5
3557,HAM_0002367,nv,0.3333333432674408,0.3333333432674408
3558,HAM_0002367,nv,0.3333333432674408,0.3333333432674408
3559,HAM_0002367,nv,0.3333333432674408,0.3333333432674408
3560,HAM_0006372,nv,0.5,0.5
3561,HAM_0006372,nv,0.5,0.5
3562,HAM_0006873,nv,0.5,0.5
3563,HAM_0006873,nv,0.5,0.5
3564,HAM_0005759,nv,0.3333333432674408,0.3333333432674408
3565,HAM_0005759,nv,0.3333333432674408,0.3333333432674408
3566,HAM_0005759,nv,0.3333333432674408,0.3333333432674408
3567,HAM_0007265,nv,0.3333333432674408,0.3333333432674408
3568,HAM_0007265,nv,0.3333333432674408,0.3333333432674408
3569,HAM_0007265,nv,0.3333333432674408,0.3333333432674408
3570,HAM_0003634,nv,0.5,0.5
3571,HAM_0003634,nv,0.5,0.5
3572,HAM_0003106,nv,0.5,0.5
3573,HAM_0003106,nv,0.5,0.5
3574,HAM_0001777,nv,0.5,0.5
3575,HAM_0001777,nv,0.5,0.5
3576,HAM_0006700,nv,0.3333333432674408,0.3333333432674408
3577,HAM_0006700,nv,0.3333333432674408,0.3333333432674408
3578,HAM_0006700,nv,0.3333333432674408,0.3333333432674408
3579,HAM_0007348,nv,0.5,0.5
3580,HAM_0007348,nv,0.5,0.5
3581,HAM_0004872,nv,0.5,0.5
3582,HAM_0004872,nv,0.5,0.5
3583,HAM_0002135,nv,1.0,1.0
3584,HAM_0003676,nv,0.5,0.5
3585,HAM_0003676,nv,0.5,0.5
3586,HAM_0002908,nv,1.0,1.0
3587,HAM_0005194,nv,0.3333333432674408,0.3333333432674408
3588,HAM_0005194,nv,0.3333333432674408,0.3333333432674408
3589,HAM_0005194,nv,0.3333333432674408,0.3333333432674408
3590,HAM_0007148,nv,0.5,0.5
3591,HAM_0007148,nv,0.5,0.5
3592,HAM_0004444,nv,1.0,1.0
3593,HAM_0002208,nv,0.3333333432674408,0.3333333432674408
3594,HAM_0002208,nv,0.3333333432674408,0.3333333432674408
3595,HAM_0002208,nv,0.3333333432674408,0.3333333432674408
3596,HAM_0005513,nv,0.3333333432674408,0.3333333432674408
3597,HAM_0005513,nv,0.3333333432674408,0.3333333432674408
3598,HAM_0005513,nv,0.3333333432674408,0.3333333432674408
3599,HAM_0002170,nv,0.5,0.5
3600,HAM_0002170,nv,0.5,0.5
3601,HAM_0006550,nv,0.3333333432674408,0.3333333432674408
3602,HAM_0006550,nv,0.3333333432674408,0.3333333432674408
3603,HAM_0006550,nv,0.3333333432674408,0.3333333432674408
3604,HAM_0001720,nv,0.5,0.5
3605,HAM_0001720,nv,0.5,0.5
3606,HAM_0003346,nv,0.3333333432674408,0.3333333432674408
3607,HAM_0003346,nv,0.3333333432674408,0.3333333432674408
3608,HAM_0003346,nv,0.3333333432674408,0.3333333432674408
3609,HAM_0000970,nv,0.5,0.5
3610,HAM_0000970,nv,0.5,0.5
3611,HAM_0004038,nv,0.3333333432674408,0.3333333432674408
3612,HAM_0004038,nv,0.3333333432674408,0.3333333432674408
3613,HAM_0004038,nv,0.3333333432674408,0.3333333432674408
3614,HAM_0003097,nv,0.5,0.5
3615,HAM_0003097,nv,0.5,0.5
3616,HAM_0006191,nv,0.3333333432674408,0.3333333432674408
3617,HAM_0006191,nv,0.3333333432674408,0.3333333432674408
3618,HAM_0006191,nv,0.3333333432674408,0.3333333432674408
3619,HAM_0000772,nv,0.5,0.5
3620,HAM_0000772,nv,0.5,0.5
3621,HAM_0007494,nv,0.5,0.5
3622,HAM_0007494,nv,0.5,0.5
3623,HAM_0005185,nv,0.5,0.5
3624,HAM_0005185,nv,0.5,0.5
3625,HAM_0006014,nv,1.0,1.0
3626,HAM_0000316,nv,1.0,1.0
3627,HAM_0005083,nv,0.5,0.5
3628,HAM_0005083,nv,0.5,0.5
3629,HAM_0001908,nv,0.5,0.5
3630,HAM_0001908,nv,0.5,0.5
3631,HAM_0001667,nv,0.5,0.5
3632,HAM_0001667,nv,0.5,0.5
3633,HAM_0004424,nv,0.5,0.5
3634,HAM_0004424,nv,0.5,0.5
3635,HAM_0006078,nv,0.5,0.5
3636,HAM_0006078,nv,0.5,0.5
3637,HAM_0005760,nv,0.5,0.5
3638,HAM_0005760,nv,0.5,0.5
3639,HAM_0000639,nv,0.5,0.5
3640,HAM_0000639,nv,0.5,0.5
3641,HAM_0007169,nv,1.0,1.0
3642,HAM_0003003,nv,0.5,0.5
3643,HAM_0003003,nv,0.5,0.5
3644,HAM_0001673,nv,0.5,0.5
3645,HAM_0001673,nv,0.5,0.5
3646,HAM_0006121,nv,0.3333333432674408,0.3333333432674408
3647,HAM_0006121,nv,0.3333333432674408,0.3333333432674408
3648,HAM_0006121,nv,0.3333333432674408,0.3333333432674408
3649,HAM_0002476,nv,0.5,0.5
3650,HAM_0002476,nv,0.5,0.5
3651,HAM_0001509,nv,0.3333333432674408,0.3333333432674408
3652,HAM_0001509,nv,0.3333333432674408,0.3333333432674408
3653,HAM_0001509,nv,0.3333333432674408,0.3333333432674408
3654,HAM_0006418,nv,0.5,0.5
3655,HAM_0006418,nv,0.5,0.5
3656,HAM_0007299,nv,0.5,0.5
3657,HAM_0007299,nv,0.5,0.5
3658,HAM_0003623,nv,0.5,0.5
3659,HAM_0003623,nv,0.5,0.5
3660,HAM_0005198,nv,0.5,0.5
3661,HAM_0005198,nv,0.5,0.5
3662,HAM_0002759,nv,1.0,1.0
3663,HAM_0006329,nv,1.0,1.0
3664,HAM_0005496,nv,0.3333333432674408,0.3333333432674408
3665,HAM_0005496,nv,0.3333333432674408,0.3333333432674408
3666,HAM_0005496,nv,0.3333333432674408,0.3333333432674408
3667,HAM_0002502,nv,0.3333333432674408,0.3333333432674408
3668,HAM_0002502,nv,0.3333333432674408,0.3333333432674408
3669,HAM_0002502,nv,0.3333333432674408,0.3333333432674408
3670,HAM_0000578,nv,0.5,0.5
3671,HAM_0000578,nv,0.5,0.5
3672,HAM_0006182,nv,0.3333333432674408,0.3333333432674408
3673,HAM_0006182,nv,0.3333333432674408,0.3333333432674408
3674,HAM_0006182,nv,0.3333333432674408,0.3333333432674408
3675,HAM_0004024,nv,0.5,0.5
3676,HAM_0004024,nv,0.5,0.5
3677,HAM_0001883,nv,0.5,0.5
3678,HAM_0001883,nv,0.5,0.5
3679,HAM_0002431,nv,0.5,0.5
3680,HAM_0002431,nv,0.5,0.5
3681,HAM_0006334,nv,0.5,0.5
3682,HAM_0006334,nv,0.5,0.5
3683,HAM_0006782,nv,0.5,0.5
3684,HAM_0006782,nv,0.5,0.5
3685,HAM_0007519,nv,0.5,0.5
3686,HAM_0007519,nv,0.5,0.5
3687,HAM_0006813,nv,0.5,0.5
3688,HAM_0006813,nv,0.5,0.5
3689,HAM_0005594,nv,0.5,0.5
3690,HAM_0005594,nv,0.5,0.5
3691,HAM_0003130,nv,0.5,0.5
3692,HAM_0003130,nv,0.5,0.5
3693,HAM_0004149,nv,0.3333333432674408,0.3333333432674408
3694,HAM_0004149,nv,0.3333333432674408,0.3333333432674408
3695,HAM_0004149,nv,0.3333333432674408,0.3333333432674408
3696,HAM_0004226,nv,0.3333333432674408,0.3333333432674408
3697,HAM_0004226,nv,0.3333333432674408,0.3333333432674408
3698,HAM_0004226,nv,0.3333333432674408,0.3333333432674408
3699,HAM_0001739,nv,0.5,0.5
3700,HAM_0001739,nv,0.5,0.5
3701,HAM_0003248,nv,1.0,1.0
3702,HAM_0000468,nv,0.5,0.5
3703,HAM_0000468,nv,0.5,0.5
3704,HAM_0004043,nv,0.5,0.5
3705,HAM_0004043,nv,0.5,0.5
3706,HAM_0002448,nv,0.5,0.5
3707,HAM_0002448,nv,0.5,0.5
3708,HAM_0001211,nv,1.0,1.0
3709,HAM_0001801,nv,0.5,0.5
3710,HAM_0001801,nv,0.5,0.5
3711,HAM_0002417,nv,0.5,0.5
3712,HAM_0002417,nv,0.5,0.5
3713,HAM_0004367,nv,0.5,0.5
3714,HAM_0004367,nv,0.5,0.5
3715,HAM_0005312,nv,1.0,1.0
3716,HAM_0004581,nv,0.5,0.5
3717,HAM_0004581,nv,0.5,0.5
3718,HAM_0004584,nv,1.0,1.0
3719,HAM_0004585,nv,1.0,1.0
3720,HAM_0004586,nv,1.0,1.0
3721,HAM_0004590,nv,1.0,1.0
3722,HAM_0006396,nv,0.5,0.5
3723,HAM_0006396,nv,0.5,0.5
3724,HAM_0004599,nv,1.0,1.0
3725,HAM_0000432,nv,0.5,0.5
3726,HAM_0000432,nv,0.5,0.5
3727,HAM_0004000,nv,0.5,0.5
3728,HAM_0004000,nv,0.5,0.5
3729,HAM_0001994,nv,0.3333333432674408,0.3333333432674408
3730,HAM_0001994,nv,0.3333333432674408,0.3333333432674408
3731,HAM_0001994,nv,0.3333333432674408,0.3333333432674408
3732,HAM_0003033,nv,0.3333333432674408,0.3333333432674408
3733,HAM_0005997,nv,1.0,1.0
3734,HAM_0005715,nv,0.5,0.5
3735,HAM_0005715,nv,0.5,0.5
3736,HAM_0005489,nv,1.0,1.0
3737,HAM_0004076,nv,0.5,0.5
3738,HAM_0004076,nv,0.5,0.5
3739,HAM_0006295,nv,0.3333333432674408,0.3333333432674408
3740,HAM_0006295,nv,0.3333333432674408,0.3333333432674408
3741,HAM_0006295,nv,0.3333333432674408,0.3333333432674408
3742,HAM_0003649,nv,1.0,1.0
3743,HAM_0001437,nv,0.5,0.5
3744,HAM_0001437,nv,0.5,0.5
3745,HAM_0001948,nv,0.3333333432674408,0.3333333432674408
3746,HAM_0001948,nv,0.3333333432674408,0.3333333432674408
3747,HAM_0001948,nv,0.3333333432674408,0.3333333432674408
3748,HAM_0002596,nv,1.0,1.0
3749,HAM_0002598,nv,1.0,1.0
3750,HAM_0002601,nv,1.0,1.0
3751,HAM_0002603,nv,1.0,1.0
3752,HAM_0002605,nv,1.0,1.0
3753,HAM_0002606,nv,1.0,1.0
3754,HAM_0002607,nv,1.0,1.0
3755,HAM_0005972,nv,0.5,0.5
3756,HAM_0005972,nv,0.5,0.5
3757,HAM_0000897,nv,1.0,1.0
3758,HAM_0000226,nv,1.0,1.0
3759,HAM_0000312,nv,1.0,1.0
3760,HAM_0001706,nv,1.0,1.0
3761,HAM_0004564,nv,0.5,0.5
3762,HAM_0004564,nv,0.5,0.5
3763,HAM_0006333,nv,1.0,1.0
3764,HAM_0000348,nv,1.0,1.0
3765,HAM_0004954,nv,1.0,1.0
3766,HAM_0006529,nv,1.0,1.0
3767,HAM_0002533,nv,1.0,1.0
3768,HAM_0000054,nv,0.5,0.5
3769,HAM_0000054,nv,0.5,0.5
3770,HAM_0005421,nv,0.5,0.5
3771,HAM_0005421,nv,0.5,0.5
3772,HAM_0001269,nv,1.0,1.0
3773,HAM_0000279,nv,0.5,0.5
3774,HAM_0000279,nv,0.5,0.5
3775,HAM_0000135,nv,1.0,1.0
3776,HAM_0001242,nv,1.0,1.0
3777,HAM_0005232,nv,1.0,1.0
3778,HAM_0001450,nv,1.0,1.0
3779,HAM_0000773,nv,1.0,1.0
3780,HAM_0000861,nv,0.5,0.5
3781,HAM_0000861,nv,0.5,0.5
3782,HAM_0005805,nv,1.0,1.0
3783,HAM_0002907,nv,1.0,1.0
3784,HAM_0001612,nv,1.0,1.0
3785,HAM_0005007,nv,1.0,1.0
3786,HAM_0001120,nv,1.0,1.0
3787,HAM_0000448,nv,0.5,0.5
3788,HAM_0000448,nv,0.5,0.5
3789,HAM_0007443,nv,1.0,1.0
3790,HAM_0001470,nv,1.0,1.0
3791,HAM_0001452,nv,1.0,1.0
3792,HAM_0007195,nv,1.0,1.0
3793,HAM_0003615,nv,1.0,1.0
3794,HAM_0003675,nv,1.0,1.0
3795,HAM_0005590,nv,1.0,1.0
3796,HAM_0000139,nv,1.0,1.0
3797,HAM_0007577,nv,1.0,1.0
3798,HAM_0004864,nv,1.0,1.0
3799,HAM_0003525,nv,0.5,0.5
3800,HAM_0003525,nv,0.5,0.5
3801,HAM_0006790,nv,1.0,1.0
3802,HAM_0000354,nv,1.0,1.0
3803,HAM_0002881,nv,1.0,1.0
3804,HAM_0000140,nv,1.0,1.0
3805,HAM_0004919,nv,1.0,1.0
3806,HAM_0005327,nv,1.0,1.0
3807,HAM_0007275,nv,1.0,1.0
3808,HAM_0001037,nv,0.5,0.5
3809,HAM_0001037,nv,0.5,0.5
3810,HAM_0001919,nv,1.0,1.0
3811,HAM_0000717,nv,1.0,1.0
3812,HAM_0000167,nv,1.0,1.0
3813,HAM_0005902,nv,1.0,1.0
3814,HAM_0001041,nv,1.0,1.0
3815,HAM_0007528,nv,1.0,1.0
3816,HAM_0000431,nv,0.5,0.5
3817,HAM_0000431,nv,0.5,0.5
3818,HAM_0006363,nv,1.0,1.0
3819,HAM_0004719,nv,1.0,1.0
3820,HAM_0005319,nv,0.5,0.5
3821,HAM_0005319,nv,0.5,0.5
3822,HAM_0003044,nv,1.0,1.0
3823,HAM_0004717,nv,0.5,0.5
3824,HAM_0004717,nv,0.5,0.5
3825,HAM_0001588,nv,1.0,1.0
3826,HAM_0007585,nv,1.0,1.0
3827,HAM_0006364,nv,1.0,1.0
3828,HAM_0006547,nv,1.0,1.0
3829,HAM_0002187,nv,0.5,0.5
3830,HAM_0002187,nv,0.5,0.5
3831,HAM_0005085,nv,0.5,0.5
3832,HAM_0005085,nv,0.5,0.5
3833,HAM_0000924,nv,0.5,0.5
3834,HAM_0000924,nv,0.5,0.5
3835,HAM_0002661,nv,0.3333333432674408,0.3333333432674408
3836,HAM_0002661,nv,0.3333333432674408,0.3333333432674408
3837,HAM_0002661,nv,0.3333333432674408,0.3333333432674408
3838,HAM_0001142,nv,0.5,0.5
3839,HAM_0001142,nv,0.5,0.5
3840,HAM_0006126,nv,0.5,0.5
3841,HAM_0006126,nv,0.5,0.5
3842,HAM_0004665,nv,1.0,1.0
3843,HAM_0001872,nv,0.5,0.5
3844,HAM_0001872,nv,0.5,0.5
3845,HAM_0004239,nv,0.3333333432674408,0.3333333432674408
3846,HAM_0004239,nv,0.3333333432674408,0.3333333432674408
3847,HAM_0004239,nv,0.3333333432674408,0.3333333432674408
3848,HAM_0000291,nv,0.5,0.5
3849,HAM_0000291,nv,0.5,0.5
3850,HAM_0001715,nv,0.5,0.5
3851,HAM_0001715,nv,0.5,0.5
3852,HAM_0004068,nv,0.3333333432674408,0.3333333432674408
3853,HAM_0004068,nv,0.3333333432674408,0.3333333432674408
3854,HAM_0004068,nv,0.3333333432674408,0.3333333432674408
3855,HAM_0001512,nv,0.25,0.25
3856,HAM_0001512,nv,0.25,0.25
3857,HAM_0001512,nv,0.25,0.25
3858,HAM_0001512,nv,0.25,0.25
3859,HAM_0000509,nv,0.25,0.25
3860,HAM_0000509,nv,0.25,0.25
3861,HAM_0000509,nv,0.25,0.25
3862,HAM_0000509,nv,0.25,0.25
3863,HAM_0001027,nv,0.3333333432674408,0.3333333432674408
3864,HAM_0001027,nv,0.3333333432674408,0.3333333432674408
3865,HAM_0001027,nv,0.3333333432674408,0.3333333432674408
3866,HAM_0001669,nv,0.5,0.5
3867,HAM_0001669,nv,0.5,0.5
3868,HAM_0003320,nv,1.0,1.0
3869,HAM_0000751,nv,1.0,1.0
3870,HAM_0000618,nv,1.0,1.0
3871,HAM_0004432,nv,1.0,1.0
3872,HAM_0001525,nv,0.5,0.5
3873,HAM_0001525,nv,0.5,0.5
3874,HAM_0000163,nv,0.5,0.5
3875,HAM_0000163,nv,0.5,0.5
3876,HAM_0001297,nv,0.5,0.5
3877,HAM_0001297,nv,0.5,0.5
3878,HAM_0002547,nv,0.5,0.5
3879,HAM_0002547,nv,0.5,0.5
3880,HAM_0001157,nv,0.5,0.5
3881,HAM_0001157,nv,0.5,0.5
3882,HAM_0002645,nv,0.5,0.5
3883,HAM_0002645,nv,0.5,0.5
3884,HAM_0005110,nv,0.3333333432674408,0.3333333432674408
3885,HAM_0005110,nv,0.3333333432674408,0.3333333432674408
3886,HAM_0005110,nv,0.3333333432674408,0.3333333432674408
3887,HAM_0004007,nv,1.0,1.0
3888,HAM_0002348,nv,0.5,0.5
3889,HAM_0002348,nv,0.5,0.5
3890,HAM_0000025,nv,0.3333333432674408,0.3333333432674408
3891,HAM_0000025,nv,0.3333333432674408,0.3333333432674408
3892,HAM_0000025,nv,0.3333333432674408,0.3333333432674408
3893,HAM_0002216,nv,0.5,0.5
3894,HAM_0002216,nv,0.5,0.5
3895,HAM_0002628,nv,0.5,0.5
3896,HAM_0002628,nv,0.5,0.5
3897,HAM_0001507,nv,0.3333333432674408,0.3333333432674408
3898,HAM_0001507,nv,0.3333333432674408,0.3333333432674408
3899,HAM_0001507,nv,0.3333333432674408,0.3333333432674408
3900,HAM_0001130,nv,1.0,1.0
3901,HAM_0000996,nv,0.3333333432674408,0.3333333432674408
3902,HAM_0000996,nv,0.3333333432674408,0.3333333432674408
3903,HAM_0000996,nv,0.3333333432674408,0.3333333432674408
3904,HAM_0000275,nv,0.5,0.5
3905,HAM_0000275,nv,0.5,0.5
3906,HAM_0000391,nv,0.3333333432674408,0.3333333432674408
3907,HAM_0000391,nv,0.3333333432674408,0.3333333432674408
3908,HAM_0000391,nv,0.3333333432674408,0.3333333432674408
3909,HAM_0003113,nv,0.5,0.5
3910,HAM_0003113,nv,0.5,0.5
3911,HAM_0006430,nv,0.5,0.5
3912,HAM_0006430,nv,0.5,0.5
3913,HAM_0004443,nv,0.25,0.25
3914,HAM_0000188,nv,0.5,0.5
3915,HAM_0000188,nv,0.5,0.5
3916,HAM_0002470,nv,0.5,0.5
3917,HAM_0000211,nv,0.5,0.5
3918,HAM_0002470,nv,0.5,0.5
3919,HAM_0004985,nv,1.0,1.0
3920,HAM_0006149,nv,1.0,1.0
3921,HAM_0005761,nv,1.0,1.0
3922,HAM_0000211,nv,0.5,0.5
3923,HAM_0003686,nv,0.5,0.5
3924,HAM_0006456,nv,1.0,1.0
3925,HAM_0002835,nv,1.0,1.0
3926,HAM_0003686,nv,0.5,0.5
3927,HAM_0006296,nv,1.0,1.0
3928,HAM_0007480,nv,1.0,1.0
3929,HAM_0004698,nv,1.0,1.0
3930,HAM_0004924,nv,1.0,1.0
3931,HAM_0005163,nv,1.0,1.0
3932,HAM_0000923,nv,1.0,1.0
3933,HAM_0006492,nv,1.0,1.0
3934,HAM_0004839,nv,0.5,0.5
3935,HAM_0004443,nv,0.25,0.25
3936,HAM_0007456,nv,1.0,1.0
3937,HAM_0006116,nv,1.0,1.0
3938,HAM_0007049,nv,0.5,0.5
3939,HAM_0001111,nv,1.0,1.0
3940,HAM_0006077,nv,1.0,1.0
3941,HAM_0003698,nv,1.0,1.0
3942,HAM_0005658,nv,1.0,1.0
3943,HAM_0006470,nv,1.0,1.0
3944,HAM_0002904,nv,1.0,1.0
3945,HAM_0004069,nv,0.5,0.5
3946,HAM_0002675,nv,0.3333333432674408,0.3333333432674408
3947,HAM_0000783,nv,1.0,1.0
3948,HAM_0005090,nv,0.5,0.5
3949,HAM_0003723,nv,1.0,1.0
3950,HAM_0005051,nv,1.0,1.0
3951,HAM_0002823,nv,1.0,1.0
3952,HAM_0001427,nv,1.0,1.0
3953,HAM_0006210,nv,1.0,1.0
3954,HAM_0001313,nv,1.0,1.0
3955,HAM_0002684,nv,1.0,1.0
3956,HAM_0005881,nv,1.0,1.0
3957,HAM_0003282,nv,1.0,1.0
3958,HAM_0005643,nv,1.0,1.0
3959,HAM_0006025,nv,1.0,1.0
3960,HAM_0003005,nv,1.0,1.0
3961,HAM_0007422,nv,1.0,1.0
3962,HAM_0003707,nv,1.0,1.0
3963,HAM_0002738,nv,1.0,1.0
3964,HAM_0007080,nv,1.0,1.0
3965,HAM_0000508,nv,1.0,1.0
3966,HAM_0005870,nv,1.0,1.0
3967,HAM_0000168,nv,1.0,1.0
3968,HAM_0002142,nv,1.0,1.0
3969,HAM_0005090,nv,0.5,0.5
3970,HAM_0000129,nv,1.0,1.0
3971,HAM_0004291,nv,1.0,1.0
3972,HAM_0006994,nv,1.0,1.0
3973,HAM_0003446,nv,1.0,1.0
3974,HAM_0002368,nv,1.0,1.0
3975,HAM_0004020,nv,1.0,1.0
3976,HAM_0005239,nv,1.0,1.0
3977,HAM_0005664,nv,0.5,0.5
3978,HAM_0002033,nv,0.5,0.5
3979,HAM_0002033,nv,0.5,0.5
3980,HAM_0002205,nv,0.5,0.5
3981,HAM_0001406,nv,0.5,0.5
3982,HAM_0001730,nv,0.5,0.5
3983,HAM_0001406,nv,0.5,0.5
3984,HAM_0003974,nv,1.0,1.0
3985,HAM_0007491,nv,1.0,1.0
3986,HAM_0000045,nv,1.0,1.0
3987,HAM_0007001,nv,1.0,1.0
3988,HAM_0000763,nv,1.0,1.0
3989,HAM_0005787,nv,1.0,1.0
3990,HAM_0001327,nv,1.0,1.0
3991,HAM_0005009,nv,1.0,1.0
3992,HAM_0004824,nv,1.0,1.0
3993,HAM_0006040,nv,1.0,1.0
3994,HAM_0000886,nv,0.5,0.5
3995,HAM_0000886,nv,0.5,0.5
3996,HAM_0005987,nv,1.0,1.0
3997,HAM_0005925,nv,0.3333333432674408,0.3333333432674408
3998,HAM_0005176,nv,1.0,1.0
3999,HAM_0003496,nv,1.0,1.0
4000,HAM_0002657,nv,1.0,1.0
4001,HAM_0003355,nv,1.0,1.0
4002,HAM_0000891,nv,1.0,1.0
4003,HAM_0006342,nv,1.0,1.0
4004,HAM_0005395,nv,0.5,0.5
4005,HAM_0005395,nv,0.5,0.5
4006,HAM_0001799,nv,1.0,1.0
4007,HAM_0001334,nv,1.0,1.0
4008,HAM_0001028,nv,1.0,1.0
4009,HAM_0004505,nv,1.0,1.0
4010,HAM_0000668,nv,1.0,1.0
4011,HAM_0003408,nv,1.0,1.0
4012,HAM_0004283,nv,1.0,1.0
4013,HAM_0000949,nv,1.0,1.0
4014,HAM_0001318,nv,0.5,0.5
4015,HAM_0000634,nv,0.5,0.5
4016,HAM_0000634,nv,0.5,0.5
4017,HAM_0000362,nv,0.5,0.5
4018,HAM_0000362,nv,0.5,0.5
4019,HAM_0007013,nv,1.0,1.0
4020,HAM_0005873,nv,1.0,1.0
4021,HAM_0002515,nv,1.0,1.0
4022,HAM_0002171,nv,1.0,1.0
4023,HAM_0000777,nv,1.0,1.0
4024,HAM_0004839,nv,0.5,0.5
4025,HAM_0003652,nv,1.0,1.0
4026,HAM_0007133,nv,0.5,0.5
4027,HAM_0007133,nv,0.5,0.5
4028,HAM_0002899,nv,1.0,1.0
4029,HAM_0005631,nv,0.5,0.5
4030,HAM_0005631,nv,0.5,0.5
4031,HAM_0002497,nv,1.0,1.0
4032,HAM_0003546,nv,1.0,1.0
4033,HAM_0003117,nv,1.0,1.0
4034,HAM_0001077,nv,1.0,1.0
4035,HAM_0003241,nv,0.5,0.5
4036,HAM_0003241,nv,0.5,0.5
4037,HAM_0005786,nv,1.0,1.0
4038,HAM_0001737,nv,0.5,0.5
4039,HAM_0001737,nv,0.5,0.5
4040,HAM_0005910,nv,0.3333333432674408,0.3333333432674408
4041,HAM_0005910,nv,0.3333333432674408,0.3333333432674408
4042,HAM_0005910,nv,0.3333333432674408,0.3333333432674408
4043,HAM_0000266,nv,0.5,0.5
4044,HAM_0000287,nv,0.5,0.5
4045,HAM_0007066,nv,1.0,1.0
4046,HAM_0000485,nv,1.0,1.0
4047,HAM_0004942,nv,1.0,1.0
4048,HAM_0006110,nv,1.0,1.0
4049,HAM_0002537,nv,1.0,1.0
4050,HAM_0000764,nv,1.0,1.0
4051,HAM_0002107,nv,1.0,1.0
4052,HAM_0005183,nv,1.0,1.0
4053,HAM_0005994,nv,0.5,0.5
4054,HAM_0005994,nv,0.5,0.5
4055,HAM_0001688,nv,1.0,1.0
4056,HAM_0006681,nv,1.0,1.0
4057,HAM_0003918,nv,1.0,1.0
4058,HAM_0006052,nv,1.0,1.0
4059,HAM_0006464,nv,0.5,0.5
4060,HAM_0006464,nv,0.5,0.5
4061,HAM_0006514,nv,1.0,1.0
4062,HAM_0004025,nv,1.0,1.0
4063,HAM_0001330,nv,1.0,1.0
4064,HAM_0001764,nv,0.5,0.5
4065,HAM_0001764,nv,0.5,0.5
4066,HAM_0004802,nv,0.3333333432674408,0.3333333432674408
4067,HAM_0004802,nv,0.3333333432674408,0.3333333432674408
4068,HAM_0004802,nv,0.3333333432674408,0.3333333432674408
4069,HAM_0006028,nv,1.0,1.0
4070,HAM_0004174,nv,1.0,1.0
4071,HAM_0004946,nv,1.0,1.0
4072,HAM_0003058,nv,1.0,1.0
4073,HAM_0003760,nv,1.0,1.0
4074,HAM_0007116,nv,1.0,1.0
4075,HAM_0007268,nv,1.0,1.0
4076,HAM_0005884,nv,1.0,1.0
4077,HAM_0007263,nv,1.0,1.0
4078,HAM_0003685,nv,1.0,1.0
4079,HAM_0002518,nv,1.0,1.0
4080,HAM_0005670,nv,1.0,1.0
4081,HAM_0006941,nv,1.0,1.0
4082,HAM_0007264,nv,1.0,1.0
4083,HAM_0001014,nv,0.5,0.5
4084,HAM_0006881,nv,0.3333333432674408,0.3333333432674408
4085,HAM_0006881,nv,0.3333333432674408,0.3333333432674408
4086,HAM_0006881,nv,0.3333333432674408,0.3333333432674408
4087,HAM_0002154,nv,0.3333333432674408,0.3333333432674408
4088,HAM_0002451,nv,1.0,1.0
4089,HAM_0004356,nv,1.0,1.0
4090,HAM_0004833,nv,1.0,1.0
4091,HAM_0004372,nv,0.5,0.5
4092,HAM_0004399,nv,1.0,1.0
4093,HAM_0004372,nv,0.5,0.5
4094,HAM_0004806,nv,0.5,0.5
4095,HAM_0003874,nv,0.5,0.5
4096,HAM_0003874,nv,0.5,0.5
4097,HAM_0005017,nv,0.5,0.5
4098,HAM_0005017,nv,0.5,0.5
4099,HAM_0002490,nv,0.5,0.5
4100,HAM_0001014,nv,0.5,0.5
4101,HAM_0004534,nv,0.5,0.5
4102,HAM_0002675,nv,0.3333333432674408,0.3333333432674408
4103,HAM_0002675,nv,0.3333333432674408,0.3333333432674408
4104,HAM_0002552,mel,0.3333333432674408,0.3333333432674408
4105,HAM_0004058,nv,1.0,1.0
4106,HAM_0000603,nv,0.5,0.5
4107,HAM_0000603,nv,0.5,0.5
4108,HAM_0006069,nv,1.0,1.0
4109,HAM_0007049,nv,0.5,0.5
4110,HAM_0002552,mel,0.3333333432674408,0.3333333432674408
4111,HAM_0006596,nv,0.5,0.5
4112,HAM_0006619,nv,1.0,1.0
4113,HAM_0006685,nv,0.3333333432674408,0.3333333432674408
4114,HAM_0006947,nv,0.5,0.5
4115,HAM_0006947,nv,0.5,0.5
4116,HAM_0004806,nv,0.5,0.5
4117,HAM_0000707,nv,0.5,0.5
4118,HAM_0000759,nv,0.5,0.5
4119,HAM_0000759,nv,0.5,0.5
4120,HAM_0005436,nv,1.0,1.0
4121,HAM_0003987,nv,0.5,0.5
4122,HAM_0003987,nv,0.5,0.5
4123,HAM_0001643,nv,1.0,1.0
4124,HAM_0000273,nv,1.0,1.0
4125,HAM_0006323,nv,0.5,0.5
4126,HAM_0006323,nv,0.5,0.5
4127,HAM_0001617,nv,1.0,1.0
4128,HAM_0006757,nv,0.5,0.5
4129,HAM_0006757,nv,0.5,0.5
4130,HAM_0004518,nv,1.0,1.0
4131,HAM_0005925,nv,0.3333333432674408,0.3333333432674408
4132,HAM_0005925,nv,0.3333333432674408,0.3333333432674408
4133,HAM_0006543,nv,1.0,1.0
4134,HAM_0003836,nv,1.0,1.0
4135,HAM_0004288,nv,1.0,1.0
4136,HAM_0002481,nv,1.0,1.0
4137,HAM_0004519,nv,1.0,1.0
4138,HAM_0000815,nv,1.0,1.0
4139,HAM_0006174,nv,0.5,0.5
4140,HAM_0006174,nv,0.5,0.5
4141,HAM_0001381,nv,0.5,0.5
4142,HAM_0001381,nv,0.5,0.5
4143,HAM_0007176,nv,1.0,1.0
4144,HAM_0005175,nv,0.5,0.5
4145,HAM_0005175,nv,0.5,0.5
4146,HAM_0007284,nv,1.0,1.0
4147,HAM_0000850,nv,1.0,1.0
4148,HAM_0000889,nv,0.3333333432674408,0.3333333432674408
4149,HAM_0006581,nv,1.0,1.0
4150,HAM_0006685,nv,0.3333333432674408,0.3333333432674408
4151,HAM_0006685,nv,0.3333333432674408,0.3333333432674408
4152,HAM_0006702,nv,1.0,1.0
4153,HAM_0006596,nv,0.5,0.5
4154,HAM_0001318,nv,0.5,0.5
4155,HAM_0001609,nv,0.5,0.5
4156,HAM_0001609,nv,0.5,0.5
4157,HAM_0000889,nv,0.3333333432674408,0.3333333432674408
4158,HAM_0000889,nv,0.3333333432674408,0.3333333432674408
4159,HAM_0002647,nv,1.0,1.0
4160,HAM_0003223,nv,0.5,0.5
4161,HAM_0006205,nv,1.0,1.0
4162,HAM_0006905,nv,0.5,0.5
4163,HAM_0000762,nv,0.3333333432674408,0.3333333432674408
4164,HAM_0000762,nv,0.3333333432674408,0.3333333432674408
4165,HAM_0000778,nv,0.5,0.5
4166,HAM_0000762,nv,0.3333333432674408,0.3333333432674408
4167,HAM_0000277,nv,1.0,1.0
4168,HAM_0004337,nv,0.5,0.5
4169,HAM_0003142,nv,1.0,1.0
4170,HAM_0000073,nv,0.5,0.5
4171,HAM_0000073,nv,0.5,0.5
4172,HAM_0006905,nv,0.5,0.5
4173,HAM_0002271,nv,0.5,0.5
4174,HAM_0007516,nv,1.0,1.0
4175,HAM_0001962,nv,1.0,1.0
4176,HAM_0006526,nv,1.0,1.0
4177,HAM_0000266,nv,0.5,0.5
4178,HAM_0005387,nv,1.0,1.0
4179,HAM_0006921,nv,1.0,1.0
4180,HAM_0001936,nv,0.5,0.5
4181,HAM_0001936,nv,0.5,0.5
4182,HAM_0004337,nv,0.5,0.5
4183,HAM_0007178,nv,1.0,1.0
4184,HAM_0000707,nv,0.5,0.5
4185,HAM_0003451,nv,1.0,1.0
4186,HAM_0001190,nv,0.5,0.5
4187,HAM_0001104,nv,0.5,0.5
4188,HAM_0005750,nv,1.0,1.0
4189,HAM_0002556,nv,0.5,0.5
4190,HAM_0002556,nv,0.5,0.5
4191,HAM_0003033,nv,0.3333333432674408,0.3333333432674408
4192,HAM_0001881,nv,0.5,0.5
4193,HAM_0001881,nv,0.5,0.5
4194,HAM_0002205,nv,0.5,0.5
4195,HAM_0004479,nv,1.0,1.0
4196,HAM_0002888,nv,0.5,0.5
4197,HAM_0002888,nv,0.5,0.5
4198,HAM_0002271,nv,0.5,0.5
4199,HAM_0004443,nv,0.25,0.25
4200,HAM_0004443,nv,0.25,0.25
4201,HAM_0003754,nv,0.5,0.5
4202,HAM_0001190,nv,0.5,0.5
4203,HAM_0001934,nv,0.3333333432674408,0.3333333432674408
4204,HAM_0001934,nv,0.3333333432674408,0.3333333432674408
4205,HAM_0001934,nv,0.3333333432674408,0.3333333432674408
4206,HAM_0002754,nv,0.5,0.5
4207,HAM_0002754,nv,0.5,0.5
4208,HAM_0002295,nv,0.5,0.5
4209,HAM_0002295,nv,0.5,0.5
4210,HAM_0000836,nv,0.3333333432674408,0.3333333432674408
4211,HAM_0000836,nv,0.3333333432674408,0.3333333432674408
4212,HAM_0000836,nv,0.3333333432674408,0.3333333432674408
4213,HAM_0002326,nv,0.5,0.5
4214,HAM_0002326,nv,0.5,0.5
4215,HAM_0004008,nv,1.0,1.0
4216,HAM_0003223,nv,0.5,0.5
4217,HAM_0003932,nv,0.3333333432674408,0.3333333432674408
4218,HAM_0003932,nv,0.3333333432674408,0.3333333432674408
4219,HAM_0003932,nv,0.3333333432674408,0.3333333432674408
4220,HAM_0005848,nv,1.0,1.0
4221,HAM_0003125,nv,1.0,1.0
4222,HAM_0001126,nv,0.5,0.5
4223,HAM_0001126,nv,0.5,0.5
4224,HAM_0001104,nv,0.5,0.5
4225,HAM_0002154,nv,0.3333333432674408,0.3333333432674408
4226,HAM_0002154,nv,0.3333333432674408,0.3333333432674408
4227,HAM_0000287,nv,0.5,0.5
4228,HAM_0000798,nv,0.25,0.25
4229,HAM_0000798,nv,0.25,0.25
4230,HAM_0000798,nv,0.25,0.25
4231,HAM_0000798,nv,0.25,0.25
4232,HAM_0001125,nv,0.5,0.5
4233,HAM_0001125,nv,0.5,0.5
4234,HAM_0001730,nv,0.5,0.5
4235,HAM_0004069,nv,0.5,0.5
4236,HAM_0004991,nv,1.0,1.0
4237,HAM_0005664,nv,0.5,0.5
4238,HAM_0000194,nv,0.5,0.5
4239,HAM_0000194,nv,0.5,0.5
4240,HAM_0004638,nv,1.0,1.0
4241,HAM_0005318,nv,0.5,0.5
4242,HAM_0005318,nv,0.5,0.5
4243,HAM_0003033,nv,0.3333333432674408,0.3333333432674408
4244,HAM_0002490,nv,0.5,0.5
4245,HAM_0004600,nv,0.5,0.5
4246,HAM_0004600,nv,0.5,0.5
4247,HAM_0000500,nv,0.5,0.5
4248,HAM_0000500,nv,0.5,0.5
4249,HAM_0007014,nv,0.3333333432674408,0.3333333432674408
4250,HAM_0007014,nv,0.3333333432674408,0.3333333432674408
4251,HAM_0007014,nv,0.3333333432674408,0.3333333432674408
4252,HAM_0006104,nv,1.0,1.0
4253,HAM_0004614,nv,1.0,1.0
4254,HAM_0002936,nv,0.5,0.5
4255,HAM_0002936,nv,0.5,0.5
4256,HAM_0006114,nv,1.0,1.0
4257,HAM_0003423,nv,0.5,0.5
4258,HAM_0003423,nv,0.5,0.5
4259,HAM_0002572,nv,1.0,1.0
4260,HAM_0000778,nv,0.5,0.5
4261,HAM_0003754,nv,0.5,0.5
4262,HAM_0000562,nv,1.0,1.0
4263,HAM_0003790,nv,1.0,1.0
4264,HAM_0002088,nv,1.0,1.0
4265,HAM_0003078,nv,1.0,1.0
4266,HAM_0002685,nv,1.0,1.0
4267,HAM_0001454,nv,1.0,1.0
4268,HAM_0006616,nv,1.0,1.0
4269,HAM_0006241,nv,1.0,1.0
4270,HAM_0005057,nv,1.0,1.0
4271,HAM_0007508,nv,1.0,1.0
4272,HAM_0004095,nv,0.5,0.5
4273,HAM_0004095,nv,0.5,0.5
4274,HAM_0003263,nv,0.5,0.5
4275,HAM_0003263,nv,0.5,0.5
4276,HAM_0002511,nv,0.5,0.5
4277,HAM_0002511,nv,0.5,0.5
4278,HAM_0006512,nv,0.5,0.5
4279,HAM_0006512,nv,0.5,0.5
4280,HAM_0004738,nv,1.0,1.0
4281,HAM_0005153,nv,1.0,1.0
4282,HAM_0003054,nv,1.0,1.0
4283,HAM_0000353,nv,1.0,1.0
4284,HAM_0005733,nv,1.0,1.0
4285,HAM_0004534,nv,0.5,0.5
4286,HAM_0006129,nv,0.5,0.5
4287,HAM_0006129,nv,0.5,0.5
4288,HAM_0004835,nv,1.0,1.0
4289,HAM_0007228,nv,1.0,1.0
4290,HAM_0001020,nv,1.0,1.0
4291,HAM_0000187,nv,1.0,1.0
4292,HAM_0005173,nv,0.5,0.5
4293,HAM_0005173,nv,0.5,0.5
4294,HAM_0003946,nv,1.0,1.0
4295,HAM_0005250,nv,1.0,1.0
4296,HAM_0005479,nv,1.0,1.0
4297,HAM_0000505,nv,1.0,1.0
4298,HAM_0007543,nv,1.0,1.0
4299,HAM_0001689,nv,0.5,0.5
4300,HAM_0001689,nv,0.5,0.5
4301,HAM_0006469,nv,0.5,0.5
4302,HAM_0006469,nv,0.5,0.5
4303,HAM_0006599,nv,0.5,0.5
4304,HAM_0006599,nv,0.5,0.5
4305,HAM_0001541,nv,1.0,1.0
4306,HAM_0006358,nv,0.5,0.5
4307,HAM_0006358,nv,0.5,0.5
4308,HAM_0005817,nv,1.0,1.0
4309,HAM_0005712,nv,0.25,0.25
4310,HAM_0005712,nv,0.25,0.25
4311,HAM_0001498,nv,1.0,1.0
4312,HAM_0001356,nv,0.5,0.5
4313,HAM_0001356,nv,0.5,0.5
4314,HAM_0006936,nv,0.5,0.5
4315,HAM_0006936,nv,0.5,0.5
4316,HAM_0001329,nv,0.5,0.5
4317,HAM_0001329,nv,0.5,0.5
4318,HAM_0000690,nv,0.5,0.5
4319,HAM_0000690,nv,0.5,0.5
4320,HAM_0001265,nv,0.5,0.5
4321,HAM_0001265,nv,0.5,0.5
4322,HAM_0005531,nv,0.5,0.5
4323,HAM_0005531,nv,0.5,0.5
4324,HAM_0001306,nv,0.5,0.5
4325,HAM_0001306,nv,0.5,0.5
4326,HAM_0002798,nv,1.0,1.0
4327,HAM_0004360,nv,1.0,1.0
4328,HAM_0002795,nv,0.5,0.5
4329,HAM_0002795,nv,0.5,0.5
4330,HAM_0002768,nv,0.5,0.5
4331,HAM_0002768,nv,0.5,0.5
4332,HAM_0003045,nv,0.5,0.5
4333,HAM_0003045,nv,0.5,0.5
4334,HAM_0000144,nv,0.5,0.5
4335,HAM_0000144,nv,0.5,0.5
4336,HAM_0006734,nv,1.0,1.0
4337,HAM_0001172,nv,1.0,1.0
4338,HAM_0003430,nv,0.5,0.5
4339,HAM_0003430,nv,0.5,0.5
4340,HAM_0003035,nv,0.5,0.5
4341,HAM_0003035,nv,0.5,0.5
4342,HAM_0004996,nv,0.3333333432674408,0.3333333432674408
4343,HAM_0004996,nv,0.3333333432674408,0.3333333432674408
4344,HAM_0004996,nv,0.3333333432674408,0.3333333432674408
4345,HAM_0004475,nv,0.5,0.5
4346,HAM_0004475,nv,0.5,0.5
4347,HAM_0005193,nv,0.5,0.5
4348,HAM_0005193,nv,0.5,0.5
4349,HAM_0005720,nv,0.5,0.5
4350,HAM_0005720,nv,0.5,0.5
4351,HAM_0003872,nv,1.0,1.0
4352,HAM_0005160,nv,0.5,0.5
4353,HAM_0005160,nv,0.5,0.5
4354,HAM_0002832,nv,0.5,0.5
4355,HAM_0002832,nv,0.5,0.5
4356,HAM_0006411,nv,1.0,1.0
4357,HAM_0000406,nv,0.5,0.5
4358,HAM_0000406,nv,0.5,0.5
4359,HAM_0003027,nv,1.0,1.0
4360,HAM_0000741,nv,0.5,0.5
4361,HAM_0000741,nv,0.5,0.5
4362,HAM_0002726,nv,0.5,0.5
4363,HAM_0002726,nv,0.5,0.5
4364,HAM_0002332,nv,0.5,0.5
4365,HAM_0002332,nv,0.5,0.5
4366,HAM_0004667,nv,0.5,0.5
4367,HAM_0004667,nv,0.5,0.5
4368,HAM_0007445,nv,0.5,0.5
4369,HAM_0007445,nv,0.5,0.5
4370,HAM_0001418,nv,1.0,1.0
4371,HAM_0005365,nv,1.0,1.0
4372,HAM_0005246,nv,1.0,1.0
4373,HAM_0004703,nv,1.0,1.0
4374,HAM_0007437,nv,0.5,0.5
4375,HAM_0007437,nv,0.5,0.5
4376,HAM_0002571,nv,1.0,1.0
4377,HAM_0005712,nv,0.25,0.25
4378,HAM_0005712,nv,0.25,0.25
4379,HAM_0005960,nv,1.0,1.0
4380,HAM_0007566,nv,0.5,0.5
4381,HAM_0007566,nv,0.5,0.5
4382,HAM_0002284,nv,1.0,1.0
4383,HAM_0005974,nv,1.0,1.0
4384,HAM_0000412,nv,1.0,1.0
4385,HAM_0000765,nv,1.0,1.0
4386,HAM_0002027,nv,1.0,1.0
4387,HAM_0006218,nv,1.0,1.0
4388,HAM_0002553,nv,1.0,1.0
4389,HAM_0003362,nv,1.0,1.0
4390,HAM_0003361,nv,1.0,1.0
4391,HAM_0003367,nv,1.0,1.0
4392,HAM_0003356,nv,0.5,0.5
4393,HAM_0003365,nv,1.0,1.0
4394,HAM_0003363,nv,1.0,1.0
4395,HAM_0003368,nv,1.0,1.0
4396,HAM_0003356,nv,0.5,0.5
4397,HAM_0001259,nv,1.0,1.0
4398,HAM_0003040,nv,1.0,1.0
4399,HAM_0007206,nv,1.0,1.0
4400,HAM_0001009,nv,1.0,1.0
4401,HAM_0000556,nv,0.3333333432674408,0.3333333432674408
4402,HAM_0000556,nv,0.3333333432674408,0.3333333432674408
4403,HAM_0000556,nv,0.3333333432674408,0.3333333432674408
4404,HAM_0006925,nv,0.5,0.5
4405,HAM_0006925,nv,0.5,0.5
4406,HAM_0001930,nv,0.5,0.5
4407,HAM_0001930,nv,0.5,0.5
4408,HAM_0001916,nv,1.0,1.0
4409,HAM_0003681,nv,0.5,0.5
4410,HAM_0003681,nv,0.5,0.5
4411,HAM_0005313,nv,1.0,1.0
4412,HAM_0001442,nv,1.0,1.0
4413,HAM_0000488,nv,1.0,1.0
4414,HAM_0007333,nv,1.0,1.0
4415,HAM_0003208,nv,0.5,0.5
4416,HAM_0003208,nv,0.5,0.5
4417,HAM_0005316,nv,0.5,0.5
4418,HAM_0005316,nv,0.5,0.5
4419,HAM_0001106,nv,0.5,0.5
4420,HAM_0001106,nv,0.5,0.5
4421,HAM_0000214,nv,1.0,1.0
4422,HAM_0004387,nv,0.5,0.5
4423,HAM_0004387,nv,0.5,0.5
4424,HAM_0005434,nv,1.0,1.0
4425,HAM_0003774,nv,0.5,0.5
4426,HAM_0003774,nv,0.5,0.5
4427,HAM_0004392,nv,0.5,0.5
4428,HAM_0004392,nv,0.5,0.5
4429,HAM_0007478,nv,1.0,1.0
4430,HAM_0001490,nv,1.0,1.0
4431,HAM_0005717,nv,1.0,1.0
4432,HAM_0004572,nv,1.0,1.0
4433,HAM_0003945,nv,1.0,1.0
4434,HAM_0002569,nv,1.0,1.0
4435,HAM_0005062,nv,0.3333333432674408,0.3333333432674408
4436,HAM_0005062,nv,0.3333333432674408,0.3333333432674408
4437,HAM_0005062,nv,0.3333333432674408,0.3333333432674408
4438,HAM_0003777,nv,1.0,1.0
4439,HAM_0002755,nv,0.5,0.5
4440,HAM_0002755,nv,0.5,0.5
4441,HAM_0001613,nv,1.0,1.0
4442,HAM_0004705,nv,1.0,1.0
4443,HAM_0005059,nv,1.0,1.0
4444,HAM_0002074,nv,1.0,1.0
4445,HAM_0000181,nv,0.5,0.5
4446,HAM_0000181,nv,0.5,0.5
4447,HAM_0005689,nv,0.5,0.5
4448,HAM_0005689,nv,0.5,0.5
4449,HAM_0005308,nv,1.0,1.0
4450,HAM_0004348,nv,1.0,1.0
4451,HAM_0004344,nv,1.0,1.0
4452,HAM_0004350,nv,1.0,1.0
4453,HAM_0004349,nv,1.0,1.0
4454,HAM_0004352,nv,1.0,1.0
4455,HAM_0004347,nv,1.0,1.0
4456,HAM_0004351,nv,1.0,1.0
4457,HAM_0004345,nv,1.0,1.0
4458,HAM_0003809,nv,1.0,1.0
4459,HAM_0003811,nv,1.0,1.0
4460,HAM_0003814,nv,1.0,1.0
4461,HAM_0003815,nv,1.0,1.0
4462,HAM_0003816,nv,1.0,1.0
4463,HAM_0003818,nv,1.0,1.0
4464,HAM_0006233,nv,1.0,1.0
4465,HAM_0006239,nv,1.0,1.0
4466,HAM_0006232,nv,1.0,1.0
4467,HAM_0006230,nv,1.0,1.0
4468,HAM_0004215,nv,1.0,1.0
4469,HAM_0004191,nv,1.0,1.0
4470,HAM_0004206,nv,1.0,1.0
4471,HAM_0004205,nv,1.0,1.0
4472,HAM_0004188,nv,1.0,1.0
4473,HAM_0004182,nv,1.0,1.0
4474,HAM_0004199,nv,1.0,1.0
4475,HAM_0004181,nv,1.0,1.0
4476,HAM_0004192,nv,1.0,1.0
4477,HAM_0004207,nv,1.0,1.0
4478,HAM_0004210,nv,1.0,1.0
4479,HAM_0004193,nv,1.0,1.0
4480,HAM_0004184,nv,1.0,1.0
4481,HAM_0004198,nv,1.0,1.0
4482,HAM_0004200,nv,1.0,1.0
4483,HAM_0006766,nv,1.0,1.0
4484,HAM_0000822,nv,1.0,1.0
4485,HAM_0001619,nv,1.0,1.0
4486,HAM_0001147,nv,1.0,1.0
4487,HAM_0004508,nv,1.0,1.0
4488,HAM_0002037,nv,1.0,1.0
4489,HAM_0001000,nv,1.0,1.0
4490,HAM_0002164,nv,1.0,1.0
4491,HAM_0007301,nv,1.0,1.0
4492,HAM_0003696,nv,1.0,1.0
4493,HAM_0001209,nv,1.0,1.0
4494,HAM_0001433,nv,1.0,1.0
4495,HAM_0006643,nv,1.0,1.0
4496,HAM_0003300,nv,1.0,1.0
4497,HAM_0003808,bkl,1.0,1.0
4498,HAM_0007069,nv,0.5,0.5
4499,HAM_0004370,nv,1.0,1.0
4500,HAM_0006861,nv,0.5,0.5
4501,HAM_0006861,nv,0.5,0.5
4502,HAM_0007122,nv,0.5,0.5
4503,HAM_0007069,nv,0.5,0.5
4504,HAM_0005696,nv,1.0,1.0
4505,HAM_0005522,nv,0.5,0.5
4506,HAM_0005522,nv,0.5,0.5
4507,HAM_0002408,nv,1.0,1.0
4508,HAM_0007122,nv,0.5,0.5
4509,HAM_0003965,nv,0.5,0.5
4510,HAM_0004857,nv,0.5,0.5
4511,HAM_0004857,nv,0.5,0.5
4512,HAM_0007609,nv,1.0,1.0
4513,HAM_0006283,nv,0.5,0.5
4514,HAM_0003384,nv,0.5,0.5
4515,HAM_0003384,nv,0.5,0.5
4516,HAM_0001410,nv,1.0,1.0
4517,HAM_0003965,nv,0.5,0.5
4518,HAM_0006283,nv,0.5,0.5
4519,HAM_0003322,nv,1.0,1.0
4520,HAM_0002644,akiec,1.0,1.0
4521,HAM_0006875,akiec,0.5,0.5
4522,HAM_0006875,akiec,0.5,0.5
4523,HAM_0001499,akiec,1.0,1.0
4524,HAM_0001694,akiec,1.0,1.0
4525,HAM_0002615,akiec,0.5,0.5
4526,HAM_0005027,akiec,0.5,0.5
4527,HAM_0005931,akiec,1.0,1.0
4528,HAM_0005301,akiec,1.0,1.0
4529,HAM_0001621,akiec,1.0,1.0
4530,HAM_0006893,akiec,1.0,1.0
4531,HAM_0004846,akiec,1.0,1.0
4532,HAM_0003141,akiec,1.0,1.0
4533,HAM_0004012,akiec,0.5,0.5
4534,HAM_0004012,akiec,0.5,0.5
4535,HAM_0005310,akiec,1.0,1.0
4536,HAM_0007354,akiec,1.0,1.0
4537,HAM_0001922,akiec,1.0,1.0
4538,HAM_0006222,akiec,1.0,1.0
4539,HAM_0001383,akiec,1.0,1.0
4540,HAM_0002158,akiec,1.0,1.0
4541,HAM_0007085,akiec,1.0,1.0
4542,HAM_0003123,akiec,0.5,0.5
4543,HAM_0003123,akiec,0.5,0.5
4544,HAM_0003501,akiec,1.0,1.0
4545,HAM_0000967,akiec,1.0,1.0
4546,HAM_0003161,akiec,1.0,1.0
4547,HAM_0006217,akiec,1.0,1.0
4548,HAM_0001258,akiec,1.0,1.0
4549,HAM_0005889,akiec,1.0,1.0
4550,HAM_0002012,akiec,1.0,1.0
4551,HAM_0005413,akiec,1.0,1.0
4552,HAM_0005438,akiec,1.0,1.0
4553,HAM_0003455,akiec,0.5,0.5
4554,HAM_0003455,akiec,0.5,0.5
4555,HAM_0006560,akiec,0.3333333432674408,0.3333333432674408
4556,HAM_0005354,akiec,1.0,1.0
4557,HAM_0005356,akiec,1.0,1.0
4558,HAM_0006135,akiec,1.0,1.0
4559,HAM_0005117,akiec,1.0,1.0
4560,HAM_0004384,akiec,0.3333333432674408,0.3333333432674408
4561,HAM_0004384,akiec,0.3333333432674408,0.3333333432674408
4562,HAM_0005448,akiec,1.0,1.0
4563,HAM_0003146,akiec,0.5,0.5
4564,HAM_0003146,akiec,0.5,0.5
4565,HAM_0001967,akiec,0.5,0.5
4566,HAM_0001894,akiec,1.0,1.0
4567,HAM_0003157,akiec,0.5,0.5
4568,HAM_0005505,akiec,0.3333333432674408,0.3333333432674408
4569,HAM_0005505,akiec,0.3333333432674408,0.3333333432674408
4570,HAM_0005505,akiec,0.3333333432674408,0.3333333432674408
4571,HAM_0004722,akiec,0.5,0.5
4572,HAM_0003051,akiec,1.0,1.0
4573,HAM_0004722,akiec,0.5,0.5
4574,HAM_0007131,akiec,1.0,1.0
4575,HAM_0005954,akiec,1.0,1.0
4576,HAM_0002705,akiec,1.0,1.0
4577,HAM_0005027,akiec,0.5,0.5
4578,HAM_0005264,akiec,0.3333333432674408,0.3333333432674408
4579,HAM_0005264,akiec,0.3333333432674408,0.3333333432674408
4580,HAM_0005264,akiec,0.3333333432674408,0.3333333432674408
4581,HAM_0001890,akiec,1.0,1.0
4582,HAM_0000552,akiec,0.5,0.5
4583,HAM_0006604,akiec,1.0,1.0
4584,HAM_0007008,akiec,0.5,0.5
4585,HAM_0000552,akiec,0.5,0.5
4586,HAM_0006213,akiec,1.0,1.0
4587,HAM_0001178,akiec,1.0,1.0
4588,HAM_0003380,akiec,0.5,0.5
4589,HAM_0003380,akiec,0.5,0.5
4590,HAM_0003939,akiec,1.0,1.0
4591,HAM_0001176,akiec,1.0,1.0
4592,HAM_0003895,akiec,1.0,1.0
4593,HAM_0005255,akiec,0.5,0.5
4594,HAM_0006483,akiec,1.0,1.0
4595,HAM_0005459,akiec,0.3333333432674408,0.3333333432674408
4596,HAM_0002615,akiec,0.5,0.5
4597,HAM_0004609,akiec,1.0,1.0
4598,HAM_0004809,akiec,1.0,1.0
4599,HAM_0001786,akiec,1.0,1.0
4600,HAM_0000982,akiec,1.0,1.0
4601,HAM_0000769,akiec,1.0,1.0
4602,HAM_0005701,akiec,1.0,1.0
4603,HAM_0003633,akiec,1.0,1.0
4604,HAM_0003157,akiec,0.5,0.5
4605,HAM_0005459,akiec,0.3333333432674408,0.3333333432674408
4606,HAM_0004439,akiec,0.5,0.5
4607,HAM_0004439,akiec,0.5,0.5
4608,HAM_0005459,akiec,0.3333333432674408,0.3333333432674408
4609,HAM_0003401,akiec,0.5,0.5
4610,HAM_0003401,akiec,0.5,0.5
4611,HAM_0001048,akiec,1.0,1.0
4612,HAM_0001565,akiec,1.0,1.0
4613,HAM_0000462,akiec,0.5,0.5
4614,HAM_0003195,akiec,1.0,1.0
4615,HAM_0002094,akiec,1.0,1.0
4616,HAM_0004976,akiec,0.5,0.5
4617,HAM_0004976,akiec,0.5,0.5
4618,HAM_0000005,akiec,0.25,0.25
4619,HAM_0000005,akiec,0.25,0.25
4620,HAM_0000005,akiec,0.25,0.25
4621,HAM_0000005,akiec,0.25,0.25
4622,HAM_0003105,akiec,0.5,0.5
4623,HAM_0003105,akiec,0.5,0.5
4624,HAM_0004992,akiec,1.0,1.0
4625,HAM_0001004,akiec,1.0,1.0
4626,HAM_0005024,akiec,1.0,1.0
4627,HAM_0005255,akiec,0.5,0.5
4628,HAM_0005718,akiec,1.0,1.0
4629,HAM_0006220,akiec,0.5,0.5
4630,HAM_0006252,akiec,0.5,0.5
4631,HAM_0006442,akiec,0.3333333432674408,0.3333333432674408
4632,HAM_0006442,akiec,0.3333333432674408,0.3333333432674408
4633,HAM_0001967,akiec,0.5,0.5
4634,HAM_0006560,akiec,0.3333333432674408,0.3333333432674408
4635,HAM_0004899,akiec,1.0,1.0
4636,HAM_0006560,akiec,0.3333333432674408,0.3333333432674408
4637,HAM_0000545,akiec,0.5,0.5
4638,HAM_0003107,akiec,1.0,1.0
4639,HAM_0007047,akiec,0.5,0.5
4640,HAM_0004297,akiec,1.0,1.0
4641,HAM_0007047,akiec,0.5,0.5
4642,HAM_0007623,akiec,1.0,1.0
4643,HAM_0000356,akiec,0.5,0.5
4644,HAM_0007303,akiec,1.0,1.0
4645,HAM_0007308,akiec,1.0,1.0
4646,HAM_0000832,akiec,1.0,1.0
4647,HAM_0000918,akiec,1.0,1.0
4648,HAM_0001416,akiec,1.0,1.0
4649,HAM_0004655,akiec,1.0,1.0
4650,HAM_0004033,akiec,1.0,1.0
4651,HAM_0001302,akiec,1.0,1.0
4652,HAM_0000361,akiec,1.0,1.0
4653,HAM_0000462,akiec,0.5,0.5
4654,HAM_0004363,akiec,1.0,1.0
4655,HAM_0007008,akiec,0.5,0.5
4656,HAM_0005705,akiec,0.5,0.5
4657,HAM_0000931,akiec,1.0,1.0
4658,HAM_0004034,akiec,0.5,0.5
4659,HAM_0003910,akiec,1.0,1.0
4660,HAM_0006252,akiec,0.5,0.5
4661,HAM_0006024,akiec,1.0,1.0
4662,HAM_0006220,akiec,0.5,0.5
4663,HAM_0001036,akiec,1.0,1.0
4664,HAM_0004384,akiec,0.3333333432674408,0.3333333432674408
4665,HAM_0000545,akiec,0.5,0.5
4666,HAM_0000193,akiec,0.5,0.5
4667,HAM_0000193,akiec,0.5,0.5
4668,HAM_0000356,akiec,0.5,0.5
4669,HAM_0006442,akiec,0.3333333432674408,0.3333333432674408
4670,HAM_0004034,akiec,0.5,0.5
4671,HAM_0001576,akiec,1.0,1.0
4672,HAM_0005705,akiec,0.5,0.5
