image_id,lesion_id,meta_fold
ISIC_0025030,HAM_0000118,3
ISIC_0026769,HAM_0002730,2
ISIC_0025661,HAM_0002730,2
ISIC_0027850,HAM_0001466,1
ISIC_0029176,HAM_0002761,1
ISIC_0029068,HAM_0002761,1
ISIC_0025837,HAM_0005132,1
ISIC_0025209,HAM_0005132,1
ISIC_0025276,HAM_0001396,2
ISIC_0029396,HAM_0004234,3
ISIC_0025984,HAM_0004234,3
ISIC_0031326,HAM_0007207,3
ISIC_0025915,HAM_0001601,2
ISIC_0031029,HAM_0001601,2
ISIC_0029836,HAM_0007571,3
ISIC_0032129,HAM_0007571,3
ISIC_0025033,HAM_0003301,3
ISIC_0027310,HAM_0003301,3
ISIC_0032128,HAM_0004884,3
ISIC_0025937,HAM_0004884,3
ISIC_0029291,HAM_0002521,3
ISIC_0030698,HAM_0006574,3
ISIC_0025567,HAM_0006574,3
ISIC_0031753,HAM_0001480,2
ISIC_0026835,HAM_0001480,2
ISIC_0031159,HAM_0005772,3
ISIC_0031017,HAM_0005772,3
ISIC_0024981,HAM_0005612,1
ISIC_0027815,HAM_0005388,3
ISIC_0024324,HAM_0000351,2
ISIC_0030661,HAM_0003847,2
ISIC_0027053,HAM_0003847,2
ISIC_0028560,HAM_0003847,2
ISIC_0031650,HAM_0003847,2
ISIC_0029161,HAM_0000164,2
ISIC_0026273,HAM_0000164,2
ISIC_0025076,HAM_0007409,1
ISIC_0029687,HAM_0007409,1
ISIC_0025819,HAM_0002299,2
ISIC_0032013,HAM_0002299,2
ISIC_0030105,HAM_0003670,3
ISIC_0025016,HAM_0007125,1
ISIC_0029147,HAM_0007125,1
ISIC_0026637,HAM_0001221,3
ISIC_0026955,HAM_0003569,1
ISIC_0025286,HAM_0000728,2
ISIC_0031468,HAM_0003021,1
ISIC_0030926,HAM_0003021,1
ISIC_0029288,HAM_0000959,1
ISIC_0031008,HAM_0000959,1
ISIC_0024698,HAM_0001751,3
ISIC_0026104,HAM_0004569,2
ISIC_0031485,HAM_0004641,1
ISIC_0029576,HAM_0005801,3
ISIC_0031967,HAM_0004341,1
ISIC_0031584,HAM_0004341,1
ISIC_0025554,HAM_0000907,2
ISIC_0029289,HAM_0001469,1
ISIC_0032283,HAM_0003021,1
ISIC_0030189,HAM_0000959,1
ISIC_0026532,HAM_0000959,1
ISIC_0026958,HAM_0001773,1
ISIC_0030768,HAM_0002127,3
ISIC_0031624,HAM_0002092,3
ISIC_0030607,HAM_0005075,3
ISIC_0029308,HAM_0002921,3
ISIC_0024635,HAM_0003410,1
ISIC_0029425,HAM_0003410,1
ISIC_0027023,HAM_0000746,3
ISIC_0029022,HAM_0001473,3
ISIC_0025388,HAM_0003007,1
ISIC_0028080,HAM_0003007,1
ISIC_0025876,HAM_0002957,2
ISIC_0032463,HAM_0003326,1
ISIC_0025548,HAM_0003326,1
ISIC_0031639,HAM_0006558,2
ISIC_0027957,HAM_0001665,3
ISIC_0031212,HAM_0001665,3
ISIC_0027533,HAM_0001417,1
ISIC_0029418,HAM_0004673,3
ISIC_0027455,HAM_0004673,3
ISIC_0025906,HAM_0007179,2
ISIC_0027151,HAM_0007179,2
ISIC_0026794,HAM_0000566,2
ISIC_0034318,HAM_0000344,3
ISIC_0032972,HAM_0000344,3
ISIC_0032534,HAM_0004332,3
ISIC_0033785,HAM_0004332,3
ISIC_0033184,HAM_0004332,3
ISIC_0033361,HAM_0002040,3
ISIC_0033583,HAM_0000112,2
ISIC_0033465,HAM_0000112,2
ISIC_0029683,HAM_0002774,2
ISIC_0033482,HAM_0006663,1
ISIC_0032514,HAM_0003001,2
ISIC_0033646,HAM_0003743,1
ISIC_0033592,HAM_0003743,1
ISIC_0033899,HAM_0003743,1
ISIC_0033716,HAM_0006938,2
ISIC_0034011,HAM_0006938,2
ISIC_0032877,HAM_0003770,3
ISIC_0034175,HAM_0003770,3
ISIC_0033523,HAM_0003770,3
ISIC_0029929,HAM_0003768,1
ISIC_0033973,HAM_0005386,1
ISIC_0033761,HAM_0005386,1
ISIC_0033505,HAM_0005386,1
ISIC_0033280,HAM_0001385,3
ISIC_0033212,HAM_0001385,3
ISIC_0033770,HAM_0001385,3
ISIC_0033284,HAM_0003978,2
ISIC_0033908,HAM_0003978,2
ISIC_0033400,HAM_0005258,2
ISIC_0033677,HAM_0005258,2
ISIC_0033262,HAM_0005258,2
ISIC_0032688,HAM_0006801,1
ISIC_0033252,HAM_0006801,1
ISIC_0033736,HAM_0007625,1
ISIC_0033378,HAM_0007625,1
ISIC_0033379,HAM_0002008,3
ISIC_0033438,HAM_0002008,3
ISIC_0032983,HAM_0002008,3
ISIC_0034024,HAM_0002008,3
ISIC_0033778,HAM_0004975,2
ISIC_0032863,HAM_0004975,2
ISIC_0034168,HAM_0004975,2
ISIC_0033582,HAM_0004442,2
ISIC_0033576,HAM_0004442,2
ISIC_0032725,HAM_0007384,2
ISIC_0033952,HAM_0000516,1
ISIC_0033264,HAM_0004255,3
ISIC_0033606,HAM_0002327,2
ISIC_0034103,HAM_0002327,2
ISIC_0032883,HAM_0002327,2
ISIC_0032665,HAM_0002928,2
ISIC_0033130,HAM_0002928,2
ISIC_0033321,HAM_0001354,1
ISIC_0034189,HAM_0000805,3
ISIC_0032757,HAM_0000527,3
ISIC_0032508,HAM_0000527,3
ISIC_0034201,HAM_0000527,3
ISIC_0032776,HAM_0001954,2
ISIC_0033828,HAM_0001954,2
ISIC_0034070,HAM_0000087,3
ISIC_0033709,HAM_0000087,3
ISIC_0032826,HAM_0000581,1
ISIC_0034115,HAM_0000581,1
ISIC_0033776,HAM_0002894,2
ISIC_0033056,HAM_0002894,2
ISIC_0033744,HAM_0003050,2
ISIC_0033659,HAM_0003050,2
ISIC_0032567,HAM_0003927,1
ISIC_0033088,HAM_0003927,1
ISIC_0032654,HAM_0000790,2
ISIC_0032576,HAM_0000790,2
ISIC_0033587,HAM_0004091,1
ISIC_0032675,HAM_0004091,1
ISIC_0032997,HAM_0003162,1
ISIC_0033529,HAM_0003162,1
ISIC_0033581,HAM_0001855,3
ISIC_0033913,HAM_0001855,3
ISIC_0034303,HAM_0002372,1
ISIC_0033124,HAM_0002372,1
ISIC_0033676,HAM_0003659,2
ISIC_0032898,HAM_0007341,3
ISIC_0033488,HAM_0007341,3
ISIC_0033758,HAM_0007341,3
ISIC_0028792,HAM_0001608,1
ISIC_0033397,HAM_0001384,1
ISIC_0034113,HAM_0001384,1
ISIC_0033507,HAM_0006281,2
ISIC_0033642,HAM_0006018,2
ISIC_0033486,HAM_0006018,2
ISIC_0033629,HAM_0001309,1
ISIC_0034037,HAM_0001309,1
ISIC_0032876,HAM_0001309,1
ISIC_0034125,HAM_0004406,1
ISIC_0029014,HAM_0004373,2
ISIC_0032099,HAM_0002455,2
ISIC_0032215,HAM_0002050,1
ISIC_0025157,HAM_0004491,2
ISIC_0027513,HAM_0004748,1
ISIC_0031620,HAM_0007431,1
ISIC_0029548,HAM_0000113,3
ISIC_0025136,HAM_0000308,3
ISIC_0027652,HAM_0004958,1
ISIC_0030705,HAM_0004141,2
ISIC_0030272,HAM_0006697,3
ISIC_0031345,HAM_0002691,2
ISIC_0032063,HAM_0006630,1
ISIC_0032325,HAM_0002184,2
ISIC_0025867,HAM_0007220,3
ISIC_0028701,HAM_0006128,2
ISIC_0027713,HAM_0001562,2
ISIC_0026060,HAM_0005891,1
ISIC_0026298,HAM_0002529,1
ISIC_0027139,HAM_0005440,1
ISIC_0026893,HAM_0003791,3
ISIC_0025777,HAM_0002827,1
ISIC_0027739,HAM_0006325,2
ISIC_0026844,HAM_0004114,3
ISIC_0024672,HAM_0005790,1
ISIC_0026827,HAM_0005465,3
ISIC_0027680,HAM_0004677,2
ISIC_0025885,HAM_0000582,3
ISIC_0025656,HAM_0005915,2
ISIC_0029010,HAM_0003293,3
ISIC_0024581,HAM_0001995,3
ISIC_0029003,HAM_0004947,2
ISIC_0024711,HAM_0004947,2
ISIC_0032280,HAM_0002839,3
ISIC_0025982,HAM_0002839,3
ISIC_0025326,HAM_0003000,2
ISIC_0027781,HAM_0005693,1
ISIC_0024890,HAM_0007439,2
ISIC_0025507,HAM_0006190,3
ISIC_0028336,HAM_0007260,1
ISIC_0025838,HAM_0001362,3
ISIC_0027780,HAM_0007332,3
ISIC_0024592,HAM_0000236,1
ISIC_0030118,HAM_0003613,1
ISIC_0028970,HAM_0001435,1
ISIC_0030721,HAM_0006769,1
ISIC_0031556,HAM_0006122,1
ISIC_0027068,HAM_0007296,1
ISIC_0024708,HAM_0003868,2
ISIC_0028354,HAM_0000122,1
ISIC_0024505,HAM_0000364,2
ISIC_0025743,HAM_0004382,1
ISIC_0027796,HAM_0000745,3
ISIC_0025337,HAM_0002988,1
ISIC_0027037,HAM_0003140,3
ISIC_0032486,HAM_0002121,1
ISIC_0029340,HAM_0005157,1
ISIC_0027649,HAM_0006987,3
ISIC_0026607,HAM_0007529,1
ISIC_0031542,HAM_0003014,2
ISIC_0029062,HAM_0003076,3
ISIC_0024971,HAM_0005325,2
ISIC_0025485,HAM_0005260,3
ISIC_0026728,HAM_0000884,1
ISIC_0031812,HAM_0002335,3
ISIC_0030465,HAM_0002335,3
ISIC_0025842,HAM_0004274,2
ISIC_0030706,HAM_0003089,1
ISIC_0031424,HAM_0004928,2
ISIC_0029770,HAM_0004928,2
ISIC_0027584,HAM_0001546,3
ISIC_0027454,HAM_0000245,2
ISIC_0031593,HAM_0002169,1
ISIC_0026775,HAM_0001389,1
ISIC_0024412,HAM_0003835,2
ISIC_0024883,HAM_0006541,2
ISIC_0027394,HAM_0006472,1
ISIC_0027295,HAM_0003913,2
ISIC_0032200,HAM_0002169,1
ISIC_0025583,HAM_0004131,2
ISIC_0030744,HAM_0000847,3
ISIC_0028846,HAM_0004491,2
ISIC_0026159,HAM_0004491,2
ISIC_0027367,HAM_0005022,2
ISIC_0028952,HAM_0006065,3
ISIC_0024748,HAM_0003420,2
ISIC_0032156,HAM_0007521,2
ISIC_0030783,HAM_0006513,1
ISIC_0028200,HAM_0005074,1
ISIC_0029100,HAM_0001788,2
ISIC_0027287,HAM_0002933,3
ISIC_0024494,HAM_0002933,3
ISIC_0024445,HAM_0000243,1
ISIC_0029358,HAM_0004945,1
ISIC_0031766,HAM_0004945,1
ISIC_0030258,HAM_0004945,1
ISIC_0027606,HAM_0002306,1
ISIC_0025703,HAM_0000110,3
ISIC_0032051,HAM_0001947,3
ISIC_0026443,HAM_0002902,3
ISIC_0032481,HAM_0002769,3
ISIC_0030459,HAM_0003140,3
ISIC_0029776,HAM_0003140,3
ISIC_0027996,HAM_0003152,3
ISIC_0029519,HAM_0005546,2
ISIC_0026644,HAM_0004259,1
ISIC_0025830,HAM_0007232,3
ISIC_0032006,HAM_0003452,3
ISIC_0028920,HAM_0003452,3
ISIC_0030723,HAM_0000782,2
ISIC_0032373,HAM_0001493,3
ISIC_0029217,HAM_0002316,1
ISIC_0028254,HAM_0005935,1
ISIC_0030561,HAM_0004377,2
ISIC_0027320,HAM_0004506,3
ISIC_0031591,HAM_0004249,1
ISIC_0025275,HAM_0006123,3
ISIC_0026606,HAM_0006123,3
ISIC_0029108,HAM_0003179,3
ISIC_0028511,HAM_0004889,1
ISIC_0026714,HAM_0004889,1
ISIC_0028473,HAM_0004889,1
ISIC_0025529,HAM_0000898,3
ISIC_0026481,HAM_0007332,3
ISIC_0025075,HAM_0007563,2
ISIC_0030007,HAM_0004105,1
ISIC_0025928,HAM_0005606,3
ISIC_0030812,HAM_0005558,1
ISIC_0029802,HAM_0005558,1
ISIC_0031770,HAM_0006128,2
ISIC_0026661,HAM_0000992,2
ISIC_0029166,HAM_0004691,3
ISIC_0026018,HAM_0005883,1
ISIC_0026477,HAM_0006563,3
ISIC_0029789,HAM_0001562,2
ISIC_0031851,HAM_0004883,1
ISIC_0030436,HAM_0004883,1
ISIC_0031819,HAM_0005527,3
ISIC_0027754,HAM_0002535,1
ISIC_0024741,HAM_0000770,1
ISIC_0026286,HAM_0005157,1
ISIC_0026679,HAM_0005935,1
ISIC_0029420,HAM_0007573,3
ISIC_0032230,HAM_0000744,1
ISIC_0029474,HAM_0000744,1
ISIC_0027219,HAM_0000202,3
ISIC_0032045,HAM_0001057,3
ISIC_0024381,HAM_0001057,3
ISIC_0026265,HAM_0001597,2
ISIC_0024426,HAM_0001597,2
ISIC_0031016,HAM_0001603,3
ISIC_0026044,HAM_0006945,3
ISIC_0027706,HAM_0005596,3
ISIC_0024740,HAM_0005420,3
ISIC_0027801,HAM_0003840,1
ISIC_0029991,HAM_0003899,3
ISIC_0029603,HAM_0003476,3
ISIC_0031449,HAM_0001536,2
ISIC_0026842,HAM_0001536,2
ISIC_0024422,HAM_0001605,2
ISIC_0030649,HAM_0005420,3
ISIC_0025746,HAM_0005591,3
ISIC_0032043,HAM_0005420,3
ISIC_0030806,HAM_0005672,3
ISIC_0028388,HAM_0005672,3
ISIC_0029791,HAM_0005708,1
ISIC_0031168,HAM_0001245,2
ISIC_0025575,HAM_0001245,2
ISIC_0025781,HAM_0005728,3
ISIC_0024547,HAM_0005790,1
ISIC_0029249,HAM_0005869,2
ISIC_0030822,HAM_0005869,2
ISIC_0024758,HAM_0005968,1
ISIC_0027760,HAM_0003766,3
ISIC_0026538,HAM_0003766,3
ISIC_0024760,HAM_0003856,2
ISIC_0029897,HAM_0001809,1
ISIC_0024970,HAM_0001815,2
ISIC_0027006,HAM_0007018,3
ISIC_0029596,HAM_0007018,3
ISIC_0025351,HAM_0007591,3
ISIC_0028881,HAM_0001605,2
ISIC_0029580,HAM_0001958,2
ISIC_0027527,HAM_0001979,3
ISIC_0028972,HAM_0003476,3
ISIC_0031464,HAM_0003943,1
ISIC_0030329,HAM_0003279,1
ISIC_0029311,HAM_0002592,1
ISIC_0026849,HAM_0004545,2
ISIC_0030396,HAM_0004570,2
ISIC_0024893,HAM_0002058,3
ISIC_0031702,HAM_0006827,1
ISIC_0029031,HAM_0004143,2
ISIC_0025222,HAM_0000973,2
ISIC_0025973,HAM_0003943,1
ISIC_0025086,HAM_0004050,3
ISIC_0026895,HAM_0003605,3
ISIC_0025716,HAM_0001200,1
ISIC_0024471,HAM_0000299,3
ISIC_0029878,HAM_0000299,3
ISIC_0030172,HAM_0002722,1
ISIC_0025627,HAM_0005335,1
ISIC_0028389,HAM_0005335,1
ISIC_0025064,HAM_0006541,2
ISIC_0030758,HAM_0000519,3
ISIC_0027355,HAM_0005968,1
ISIC_0026787,HAM_0000386,2
ISIC_0026245,HAM_0001938,2
ISIC_0028043,HAM_0000979,3
ISIC_0026514,HAM_0007598,1
ISIC_0026378,HAM_0004426,3
ISIC_0027192,HAM_0001024,1
ISIC_0028201,HAM_0005049,1
ISIC_0028223,HAM_0006595,2
ISIC_0026614,HAM_0001232,3
ISIC_0028550,HAM_0000259,2
ISIC_0024477,HAM_0000259,2
ISIC_0026493,HAM_0000259,2
ISIC_0028840,HAM_0003647,1
ISIC_0031937,HAM_0000833,2
ISIC_0025719,HAM_0000833,2
ISIC_0029260,HAM_0000843,3
ISIC_0030683,HAM_0001024,1
ISIC_0028237,HAM_0006327,1
ISIC_0029585,HAM_0006327,1
ISIC_0025883,HAM_0007607,2
ISIC_0026290,HAM_0002350,2
ISIC_0031050,HAM_0006868,1
ISIC_0024997,HAM_0006343,2
ISIC_0024761,HAM_0005053,3
ISIC_0030876,HAM_0005199,3
ISIC_0024982,HAM_0005199,3
ISIC_0026843,HAM_0005082,1
ISIC_0025519,HAM_0006211,2
ISIC_0029841,HAM_0003605,3
ISIC_0030319,HAM_0003508,1
ISIC_0030965,HAM_0006475,3
ISIC_0025699,HAM_0005082,1
ISIC_0029617,HAM_0005082,1
ISIC_0031783,HAM_0002357,3
ISIC_0030137,HAM_0002357,3
ISIC_0024371,HAM_0000806,3
ISIC_0026947,HAM_0000425,1
ISIC_0024839,HAM_0000425,1
ISIC_0026316,HAM_0002400,2
ISIC_0030458,HAM_0004494,1
ISIC_0031352,HAM_0004379,3
ISIC_0026675,HAM_0003739,2
ISIC_0026335,HAM_0003856,2
ISIC_0032024,HAM_0002303,1
ISIC_0027916,HAM_0005952,1
ISIC_0031961,HAM_0006173,2
ISIC_0032456,HAM_0003015,3
ISIC_0026072,HAM_0006622,1
ISIC_0025939,HAM_0006622,1
ISIC_0026365,HAM_0006723,3
ISIC_0028656,HAM_0002548,1
ISIC_0031716,HAM_0002686,3
ISIC_0029080,HAM_0000186,3
ISIC_0028650,HAM_0002358,2
ISIC_0027973,HAM_0002358,2
ISIC_0024495,HAM_0006466,2
ISIC_0027018,HAM_0006525,2
ISIC_0031138,HAM_0004908,2
ISIC_0028710,HAM_0004908,2
ISIC_0031903,HAM_0003281,1
ISIC_0031630,HAM_0003682,1
ISIC_0027893,HAM_0000237,1
ISIC_0031459,HAM_0004494,1
ISIC_0028749,HAM_0005275,1
ISIC_0032445,HAM_0006173,2
ISIC_0026961,HAM_0006181,3
ISIC_0030849,HAM_0006181,3
ISIC_0024420,HAM_0006201,1
ISIC_0029101,HAM_0006287,2
ISIC_0024612,HAM_0000383,1
ISIC_0031707,HAM_0000383,1
ISIC_0027064,HAM_0000398,3
ISIC_0030081,HAM_0004327,3
ISIC_0031334,HAM_0006310,1
ISIC_0027681,HAM_0006531,1
ISIC_0029032,HAM_0006472,1
ISIC_0029243,HAM_0003120,2
ISIC_0025040,HAM_0006541,2
ISIC_0030988,HAM_0006723,3
ISIC_0024336,HAM_0006732,3
ISIC_0027953,HAM_0006907,1
ISIC_0028995,HAM_0006945,3
ISIC_0026142,HAM_0006945,3
ISIC_0030310,HAM_0006993,2
ISIC_0026553,HAM_0007024,2
ISIC_0024851,HAM_0007078,1
ISIC_0029040,HAM_0001721,2
ISIC_0029588,HAM_0001721,2
ISIC_0031181,HAM_0001721,2
ISIC_0024947,HAM_0001721,2
ISIC_0024446,HAM_0001475,2
ISIC_0031287,HAM_0003205,1
ISIC_0032365,HAM_0003206,1
ISIC_0026139,HAM_0002809,2
ISIC_0027967,HAM_0002809,2
ISIC_0024338,HAM_0002809,2
ISIC_0029213,HAM_0000237,1
ISIC_0032040,HAM_0000237,1
ISIC_0028229,HAM_0004158,2
ISIC_0025068,HAM_0000542,2
ISIC_0025199,HAM_0003206,1
ISIC_0030372,HAM_0000881,2
ISIC_0028404,HAM_0000881,2
ISIC_0025083,HAM_0003015,3
ISIC_0027017,HAM_0003183,3
ISIC_0029849,HAM_0003605,3
ISIC_0025292,HAM_0004630,3
ISIC_0028943,HAM_0004106,2
ISIC_0030976,HAM_0001722,3
ISIC_0024871,HAM_0001312,3
ISIC_0028830,HAM_0001312,3
ISIC_0028376,HAM_0004630,3
ISIC_0026576,HAM_0004630,3
ISIC_0027504,HAM_0004660,1
ISIC_0026409,HAM_0000893,3
ISIC_0025345,HAM_0000893,3
ISIC_0032303,HAM_0000893,3
ISIC_0032103,HAM_0000893,3
ISIC_0024825,HAM_0000893,3
ISIC_0029406,HAM_0001608,1
ISIC_0031980,HAM_0001608,1
ISIC_0024881,HAM_0004696,2
ISIC_0027509,HAM_0001725,3
ISIC_0028414,HAM_0001733,3
ISIC_0026539,HAM_0004696,2
ISIC_0029764,HAM_0004696,2
ISIC_0030240,HAM_0003392,3
ISIC_0026871,HAM_0001240,1
ISIC_0027859,HAM_0000001,3
ISIC_0026663,HAM_0001815,2
ISIC_0026744,HAM_0001820,2
ISIC_0025066,HAM_0002749,1
ISIC_0028236,HAM_0002731,1
ISIC_0028343,HAM_0004343,1
ISIC_0031519,HAM_0000149,3
ISIC_0025113,HAM_0000149,3
ISIC_0031261,HAM_0004383,1
ISIC_0028121,HAM_0004389,3
ISIC_0029612,HAM_0004396,1
ISIC_0026015,HAM_0002350,2
ISIC_0029443,HAM_0004396,1
ISIC_0027239,HAM_0004422,2
ISIC_0028124,HAM_0001294,3
ISIC_0029115,HAM_0000846,1
ISIC_0030700,HAM_0004422,2
ISIC_0031496,HAM_0001733,3
ISIC_0025623,HAM_0000821,3
ISIC_0031465,HAM_0000821,3
ISIC_0027770,HAM_0004463,2
ISIC_0024709,HAM_0004832,1
ISIC_0027354,HAM_0007359,3
ISIC_0027388,HAM_0002192,1
ISIC_0030241,HAM_0001294,3
ISIC_0028931,HAM_0001733,3
ISIC_0030605,HAM_0001820,2
ISIC_0031000,HAM_0002193,3
ISIC_0024786,HAM_0002227,1
ISIC_0029029,HAM_0001763,3
ISIC_0027392,HAM_0002193,3
ISIC_0031037,HAM_0002303,1
ISIC_0031825,HAM_0004453,1
ISIC_0030677,HAM_0004453,1
ISIC_0025038,HAM_0005743,3
ISIC_0029927,HAM_0000999,3
ISIC_0026567,HAM_0000999,3
ISIC_0029102,HAM_0005415,2
ISIC_0027154,HAM_0005415,2
ISIC_0030383,HAM_0003996,3
ISIC_0025465,HAM_0003996,3
ISIC_0024489,HAM_0000710,2
ISIC_0026276,HAM_0000710,2
ISIC_0026912,HAM_0007337,1
ISIC_0027435,HAM_0007500,2
ISIC_0028180,HAM_0007500,2
ISIC_0032395,HAM_0005967,2
ISIC_0031888,HAM_0003398,2
ISIC_0028622,HAM_0000083,3
ISIC_0031872,HAM_0000083,3
ISIC_0028662,HAM_0002042,3
ISIC_0031349,HAM_0002042,3
ISIC_0026263,HAM_0002042,3
ISIC_0024877,HAM_0003574,3
ISIC_0026280,HAM_0006346,1
ISIC_0029232,HAM_0005632,1
ISIC_0025470,HAM_0005632,1
ISIC_0031218,HAM_0007315,2
ISIC_0024705,HAM_0007355,2
ISIC_0026803,HAM_0007355,2
ISIC_0027737,HAM_0002903,3
ISIC_0026248,HAM_0004224,1
ISIC_0027194,HAM_0004224,1
ISIC_0029505,HAM_0003789,1
ISIC_0027735,HAM_0005896,1
ISIC_0024814,HAM_0005896,1
ISIC_0026524,HAM_0000524,1
ISIC_0027162,HAM_0004905,2
ISIC_0027608,HAM_0005610,1
ISIC_0025312,HAM_0005610,1
ISIC_0031277,HAM_0003789,1
ISIC_0031853,HAM_0003789,1
ISIC_0028615,HAM_0007590,3
ISIC_0030369,HAM_0003514,3
ISIC_0029070,HAM_0005126,3
ISIC_0028822,HAM_0005126,3
ISIC_0028876,HAM_0003030,2
ISIC_0029527,HAM_0003030,2
ISIC_0031987,HAM_0001781,2
ISIC_0025515,HAM_0001781,2
ISIC_0029823,HAM_0001781,2
ISIC_0026631,HAM_0000985,3
ISIC_0024490,HAM_0000985,3
ISIC_0025710,HAM_0001529,2
ISIC_0028094,HAM_0005404,1
ISIC_0029455,HAM_0005404,1
ISIC_0025466,HAM_0001620,1
ISIC_0031945,HAM_0006652,2
ISIC_0029931,HAM_0005324,1
ISIC_0029872,HAM_0004004,3
ISIC_0029135,HAM_0007043,1
ISIC_0029947,HAM_0007043,1
ISIC_0028264,HAM_0003187,3
ISIC_0025526,HAM_0003187,3
ISIC_0024435,HAM_0003317,1
ISIC_0026590,HAM_0003317,1
ISIC_0026311,HAM_0006099,1
ISIC_0029270,HAM_0006099,1
ISIC_0029235,HAM_0005580,1
ISIC_0028992,HAM_0003920,3
ISIC_0026351,HAM_0003920,3
ISIC_0029427,HAM_0006186,2
ISIC_0029464,HAM_0003789,1
ISIC_0024915,HAM_0003789,1
ISIC_0028309,HAM_0006770,2
ISIC_0027905,HAM_0006770,2
ISIC_0027202,HAM_0001011,1
ISIC_0024909,HAM_0002757,2
ISIC_0028258,HAM_0002757,2
ISIC_0027083,HAM_0007381,2
ISIC_0029778,HAM_0007381,2
ISIC_0027820,HAM_0001310,2
ISIC_0029555,HAM_0007090,3
ISIC_0027831,HAM_0001678,1
ISIC_0024602,HAM_0002984,1
ISIC_0028479,HAM_0002821,1
ISIC_0024770,HAM_0000106,3
ISIC_0028209,HAM_0002096,2
ISIC_0029518,HAM_0002096,2
ISIC_0028123,HAM_0004556,1
ISIC_0026717,HAM_0002527,2
ISIC_0027463,HAM_0003559,1
ISIC_0025810,HAM_0003559,1
ISIC_0027559,HAM_0004768,3
ISIC_0024408,HAM_0004768,3
ISIC_0027279,HAM_0006009,1
ISIC_0024498,HAM_0002462,1
ISIC_0028347,HAM_0001991,1
ISIC_0033460,HAM_0005847,2
ISIC_0034315,HAM_0000754,1
ISIC_0032967,HAM_0000754,1
ISIC_0033199,HAM_0006673,1
ISIC_0033305,HAM_0003218,3
ISIC_0031428,HAM_0006277,2
ISIC_0032681,HAM_0000208,1
ISIC_0033509,HAM_0000208,1
ISIC_0032694,HAM_0000208,1
ISIC_0034057,HAM_0005442,1
ISIC_0033260,HAM_0004142,1
ISIC_0032643,HAM_0004142,1
ISIC_0033732,HAM_0004142,1
ISIC_0032827,HAM_0006003,2
ISIC_0032835,HAM_0004788,3
ISIC_0033480,HAM_0004788,3
ISIC_0033783,HAM_0004258,2
ISIC_0032804,HAM_0006026,2
ISIC_0033924,HAM_0006026,2
ISIC_0033531,HAM_0006026,2
ISIC_0032636,HAM_0001772,3
ISIC_0033270,HAM_0001772,3
ISIC_0032843,HAM_0005749,3
ISIC_0034167,HAM_0003728,2
ISIC_0033949,HAM_0003728,2
ISIC_0032773,HAM_0000571,3
ISIC_0033156,HAM_0000571,3
ISIC_0033854,HAM_0004246,2
ISIC_0033884,HAM_0004245,2
ISIC_0034142,HAM_0000309,2
ISIC_0033784,HAM_0000332,2
ISIC_0033307,HAM_0000332,2
ISIC_0033987,HAM_0006148,3
ISIC_0033553,HAM_0005898,3
ISIC_0033401,HAM_0005898,3
ISIC_0033169,HAM_0002792,1
ISIC_0033660,HAM_0007427,2
ISIC_0034221,HAM_0007427,2
ISIC_0033491,HAM_0007427,2
ISIC_0034280,HAM_0007427,2
ISIC_0034151,HAM_0006238,2
ISIC_0033391,HAM_0001186,1
ISIC_0033685,HAM_0000372,1
ISIC_0034283,HAM_0007281,1
ISIC_0034252,HAM_0006074,2
ISIC_0033829,HAM_0006074,2
ISIC_0026790,HAM_0005779,2
ISIC_0029113,HAM_0007233,1
ISIC_0030323,HAM_0004232,3
ISIC_0032113,HAM_0003393,3
ISIC_0032330,HAM_0000090,3
ISIC_0026511,HAM_0002242,2
ISIC_0027142,HAM_0004322,2
ISIC_0031897,HAM_0000382,2
ISIC_0024643,HAM_0005101,3
ISIC_0026205,HAM_0006912,3
ISIC_0031619,HAM_0005626,3
ISIC_0031196,HAM_0000734,3
ISIC_0024337,HAM_0005136,1
ISIC_0027370,HAM_0004308,2
ISIC_0026566,HAM_0004078,2
ISIC_0028681,HAM_0004309,2
ISIC_0024383,HAM_0003668,2
ISIC_0029801,HAM_0000716,3
ISIC_0029793,HAM_0007151,2
ISIC_0031133,HAM_0007395,3
ISIC_0027875,HAM_0001429,1
ISIC_0029107,HAM_0005616,2
ISIC_0031511,HAM_0006601,2
ISIC_0028587,HAM_0001735,2
ISIC_0026422,HAM_0003926,1
ISIC_0030316,HAM_0000441,2
ISIC_0028497,HAM_0006533,1
ISIC_0026846,HAM_0003287,2
ISIC_0026441,HAM_0005993,2
ISIC_0026907,HAM_0005291,2
ISIC_0028826,HAM_0000865,2
ISIC_0031226,HAM_0002209,2
ISIC_0027025,HAM_0000121,3
ISIC_0030067,HAM_0001589,2
ISIC_0031436,HAM_0006243,3
ISIC_0027041,HAM_0003049,2
ISIC_0030088,HAM_0000659,1
ISIC_0027954,HAM_0002034,3
ISIC_0024850,HAM_0007393,3
ISIC_0031088,HAM_0001430,3
ISIC_0025758,HAM_0005443,3
ISIC_0025392,HAM_0002161,2
ISIC_0025856,HAM_0003165,2
ISIC_0030160,HAM_0002043,3
ISIC_0026783,HAM_0000089,3
ISIC_0028386,HAM_0005751,1
ISIC_0031558,HAM_0001402,2
ISIC_0031577,HAM_0005338,3
ISIC_0025804,HAM_0001443,2
ISIC_0027275,HAM_0002280,1
ISIC_0031024,HAM_0002677,2
ISIC_0030056,HAM_0003982,3
ISIC_0029195,HAM_0003129,2
ISIC_0026135,HAM_0006772,3
ISIC_0029233,HAM_0003757,3
ISIC_0030207,HAM_0001399,3
ISIC_0025131,HAM_0006124,3
ISIC_0030226,HAM_0000069,2
ISIC_0028958,HAM_0002912,2
ISIC_0031125,HAM_0004713,2
ISIC_0029227,HAM_0007219,1
ISIC_0025454,HAM_0001423,2
ISIC_0029676,HAM_0002503,1
ISIC_0032359,HAM_0002419,2
ISIC_0027428,HAM_0003691,3
ISIC_0026446,HAM_0002965,1
ISIC_0026262,HAM_0000974,1
ISIC_0026416,HAM_0003979,2
ISIC_0029048,HAM_0000452,2
ISIC_0025431,HAM_0000607,3
ISIC_0027332,HAM_0003582,3
ISIC_0028925,HAM_0001752,2
ISIC_0026556,HAM_0002005,1
ISIC_0031362,HAM_0000105,1
ISIC_0026941,HAM_0003715,1
ISIC_0029036,HAM_0000955,3
ISIC_0029880,HAM_0002366,1
ISIC_0025484,HAM_0000215,2
ISIC_0030488,HAM_0005262,2
ISIC_0030583,HAM_0000465,1
ISIC_0026042,HAM_0007000,2
ISIC_0027326,HAM_0005874,3
ISIC_0030789,HAM_0001223,1
ISIC_0028880,HAM_0004103,2
ISIC_0031309,HAM_0004103,2
ISIC_0030021,HAM_0001164,1
ISIC_0027118,HAM_0001164,1
ISIC_0027613,HAM_0005684,2
ISIC_0032468,HAM_0005684,2
ISIC_0029760,HAM_0004330,3
ISIC_0030555,HAM_0004330,3
ISIC_0030244,HAM_0007526,2
ISIC_0031827,HAM_0007526,2
ISIC_0031002,HAM_0007051,2
ISIC_0032410,HAM_0005518,1
ISIC_0030579,HAM_0002546,3
ISIC_0034169,HAM_0001785,1
ISIC_0032941,HAM_0001785,1
ISIC_0033790,HAM_0002909,3
ISIC_0033675,HAM_0002909,3
ISIC_0030442,HAM_0004756,1
ISIC_0031429,HAM_0007225,1
ISIC_0030321,HAM_0003555,1
ISIC_0025302,HAM_0007421,3
ISIC_0029039,HAM_0004317,2
ISIC_0025504,HAM_0004317,2
ISIC_0027876,HAM_0004960,2
ISIC_0025954,HAM_0002706,3
ISIC_0029783,HAM_0002706,3
ISIC_0030011,HAM_0004371,2
ISIC_0030427,HAM_0004371,2
ISIC_0027626,HAM_0004371,2
ISIC_0024973,HAM_0007227,3
ISIC_0030757,HAM_0003290,1
ISIC_0031358,HAM_0003290,1
ISIC_0031735,HAM_0003290,1
ISIC_0026473,HAM_0003110,3
ISIC_0032114,HAM_0003110,3
ISIC_0026789,HAM_0003110,3
ISIC_0025154,HAM_0001177,3
ISIC_0029962,HAM_0007410,2
ISIC_0031457,HAM_0007410,2
ISIC_0029824,HAM_0005362,1
ISIC_0025622,HAM_0005362,1
ISIC_0026417,HAM_0005663,3
ISIC_0028735,HAM_0005663,3
ISIC_0030015,HAM_0006542,1
ISIC_0024318,HAM_0002450,1
ISIC_0024396,HAM_0002450,1
ISIC_0024330,HAM_0006188,3
ISIC_0027188,HAM_0006188,3
ISIC_0031123,HAM_0003487,2
ISIC_0024845,HAM_0003487,2
ISIC_0032613,HAM_0005584,1
ISIC_0033256,HAM_0005584,1
ISIC_0033626,HAM_0006371,3
ISIC_0033780,HAM_0006371,3
ISIC_0033810,HAM_0007396,2
ISIC_0033695,HAM_0000349,1
ISIC_0033005,HAM_0000349,1
ISIC_0027488,HAM_0003597,3
ISIC_0033860,HAM_0003081,2
ISIC_0024994,HAM_0002960,2
ISIC_0027745,HAM_0000902,3
ISIC_0024553,HAM_0005330,2
ISIC_0025594,HAM_0005983,2
ISIC_0025911,HAM_0004648,2
ISIC_0026471,HAM_0006787,3
ISIC_0029052,HAM_0002463,1
ISIC_0025980,HAM_0005529,2
ISIC_0025903,HAM_0002129,3
ISIC_0028651,HAM_0004496,1
ISIC_0030665,HAM_0005359,1
ISIC_0031257,HAM_0003023,3
ISIC_0024386,HAM_0005112,3
ISIC_0026629,HAM_0004065,1
ISIC_0027598,HAM_0002848,1
ISIC_0031799,HAM_0003348,2
ISIC_0029130,HAM_0000049,1
ISIC_0027044,HAM_0002871,2
ISIC_0025314,HAM_0000757,2
ISIC_0025373,HAM_0007569,3
ISIC_0025771,HAM_0001841,1
ISIC_0030870,HAM_0006707,3
ISIC_0024693,HAM_0000559,2
ISIC_0025964,HAM_0000871,1
ISIC_0027190,HAM_0000040,2
ISIC_0031023,HAM_0005678,2
ISIC_0028086,HAM_0005678,2
ISIC_0031177,HAM_0005191,2
ISIC_0026120,HAM_0007310,2
ISIC_0030417,HAM_0004476,1
ISIC_0030443,HAM_0006722,3
ISIC_0025450,HAM_0003832,3
ISIC_0024586,HAM_0003832,3
ISIC_0032248,HAM_0002119,3
ISIC_0028445,HAM_0000492,2
ISIC_0027076,HAM_0000492,2
ISIC_0029512,HAM_0004784,1
ISIC_0027872,HAM_0004784,1
ISIC_0029028,HAM_0003182,3
ISIC_0029575,HAM_0001747,3
ISIC_0028361,HAM_0001747,3
ISIC_0029081,HAM_0006453,2
ISIC_0025744,HAM_0006453,2
ISIC_0025303,HAM_0003558,1
ISIC_0030129,HAM_0003558,1
ISIC_0032214,HAM_0007454,2
ISIC_0028069,HAM_0001811,1
ISIC_0028579,HAM_0001811,1
ISIC_0029281,HAM_0001726,1
ISIC_0030281,HAM_0003315,1
ISIC_0024481,HAM_0003315,1
ISIC_0031118,HAM_0006900,2
ISIC_0030080,HAM_0006900,2
ISIC_0031953,HAM_0000060,2
ISIC_0031406,HAM_0000060,2
ISIC_0026115,HAM_0004910,2
ISIC_0026281,HAM_0004910,2
ISIC_0027277,HAM_0004720,1
ISIC_0028642,HAM_0004720,1
ISIC_0026150,HAM_0004607,3
ISIC_0031642,HAM_0004607,3
ISIC_0027043,HAM_0007390,3
ISIC_0027174,HAM_0007390,3
ISIC_0025277,HAM_0002720,1
ISIC_0025234,HAM_0004739,2
ISIC_0029000,HAM_0005481,1
ISIC_0025955,HAM_0005481,1
ISIC_0025751,HAM_0000814,3
ISIC_0026754,HAM_0001446,1
ISIC_0027063,HAM_0004813,2
ISIC_0032331,HAM_0004813,2
ISIC_0024545,HAM_0006803,3
ISIC_0028109,HAM_0000814,3
ISIC_0033186,HAM_0000095,2
ISIC_0030060,HAM_0004126,2
ISIC_0026892,HAM_0007560,3
ISIC_0024987,HAM_0007560,3
ISIC_0030171,HAM_0006253,1
ISIC_0028291,HAM_0006253,1
ISIC_0024898,HAM_0002534,2
ISIC_0029538,HAM_0002534,2
ISIC_0032313,HAM_0000099,2
ISIC_0026909,HAM_0007171,1
ISIC_0026113,HAM_0002714,3
ISIC_0032265,HAM_0002714,3
ISIC_0032308,HAM_0003802,1
ISIC_0030445,HAM_0003031,3
ISIC_0030798,HAM_0001913,2
ISIC_0026596,HAM_0004979,2
ISIC_0028056,HAM_0004979,2
ISIC_0032019,HAM_0003194,1
ISIC_0025155,HAM_0006521,1
ISIC_0032244,HAM_0000152,1
ISIC_0029651,HAM_0004643,1
ISIC_0030759,HAM_0001353,1
ISIC_0025904,HAM_0006908,2
ISIC_0032450,HAM_0006908,2
ISIC_0027253,HAM_0005697,1
ISIC_0032046,HAM_0005697,1
ISIC_0029163,HAM_0006692,3
ISIC_0029630,HAM_0006692,3
ISIC_0024624,HAM_0000210,1
ISIC_0025674,HAM_0000531,2
ISIC_0026622,HAM_0007165,1
ISIC_0028326,HAM_0002471,3
ISIC_0031941,HAM_0007538,3
ISIC_0024315,HAM_0007538,3
ISIC_0030818,HAM_0002838,2
ISIC_0026360,HAM_0003990,2
ISIC_0024951,HAM_0001531,1
ISIC_0030106,HAM_0001531,1
ISIC_0024702,HAM_0000903,1
ISIC_0024972,HAM_0001284,1
ISIC_0031745,HAM_0001671,1
ISIC_0031586,HAM_0001671,1
ISIC_0031972,HAM_0002182,3
ISIC_0030539,HAM_0002182,3
ISIC_0026296,HAM_0004265,3
ISIC_0025018,HAM_0004265,3
ISIC_0028519,HAM_0003212,3
ISIC_0024767,HAM_0003212,3
ISIC_0028022,HAM_0001202,2
ISIC_0024967,HAM_0006975,3
ISIC_0029370,HAM_0006433,2
ISIC_0031958,HAM_0006433,2
ISIC_0026369,HAM_0006522,3
ISIC_0030521,HAM_0006522,3
ISIC_0027487,HAM_0004483,1
ISIC_0029212,HAM_0002955,2
ISIC_0030089,HAM_0007620,1
ISIC_0027616,HAM_0007620,1
ISIC_0027261,HAM_0005084,2
ISIC_0028505,HAM_0005084,2
ISIC_0025153,HAM_0005381,3
ISIC_0031598,HAM_0005381,3
ISIC_0025363,HAM_0001796,3
ISIC_0027651,HAM_0005742,3
ISIC_0030014,HAM_0005742,3
ISIC_0027238,HAM_0006152,1
ISIC_0024675,HAM_0001600,3
ISIC_0025891,HAM_0001600,3
ISIC_0027693,HAM_0004980,1
ISIC_0029017,HAM_0004980,1
ISIC_0030165,HAM_0005911,3
ISIC_0025927,HAM_0002557,2
ISIC_0031189,HAM_0006214,1
ISIC_0032190,HAM_0006214,1
ISIC_0025783,HAM_0000417,1
ISIC_0027352,HAM_0003683,2
ISIC_0029558,HAM_0003683,2
ISIC_0031890,HAM_0007420,2
ISIC_0031545,HAM_0007229,3
ISIC_0028219,HAM_0000233,1
ISIC_0026314,HAM_0000233,1
ISIC_0026950,HAM_0007617,1
ISIC_0027033,HAM_0000059,2
ISIC_0027822,HAM_0000059,2
ISIC_0029242,HAM_0003449,1
ISIC_0027263,HAM_0003449,1
ISIC_0026247,HAM_0004676,2
ISIC_0028467,HAM_0004676,2
ISIC_0029216,HAM_0004153,3
ISIC_0026489,HAM_0004153,3
ISIC_0028878,HAM_0000062,3
ISIC_0033312,HAM_0007117,2
ISIC_0024400,HAM_0006751,1
ISIC_0029884,HAM_0006635,2
ISIC_0028900,HAM_0006635,2
ISIC_0027387,HAM_0006896,2
ISIC_0024911,HAM_0006896,2
ISIC_0027721,HAM_0004364,3
ISIC_0026697,HAM_0004364,3
ISIC_0030760,HAM_0005624,2
ISIC_0028565,HAM_0005624,2
ISIC_0034006,HAM_0000709,2
ISIC_0028087,HAM_0002981,1
ISIC_0026664,HAM_0002981,1
ISIC_0028415,HAM_0000796,1
ISIC_0028041,HAM_0000796,1
ISIC_0028696,HAM_0003330,3
ISIC_0029343,HAM_0003330,3
ISIC_0029726,HAM_0004102,2
ISIC_0029513,HAM_0000645,3
ISIC_0024853,HAM_0000645,3
ISIC_0028916,HAM_0006208,1
ISIC_0030824,HAM_0000330,1
ISIC_0028325,HAM_0001729,3
ISIC_0024537,HAM_0001729,3
ISIC_0031310,HAM_0003497,3
ISIC_0030440,HAM_0002509,3
ISIC_0024732,HAM_0002509,3
ISIC_0026236,HAM_0005785,3
ISIC_0028317,HAM_0005752,1
ISIC_0031013,HAM_0005752,1
ISIC_0030324,HAM_0005095,3
ISIC_0025394,HAM_0003376,1
ISIC_0027604,HAM_0002391,3
ISIC_0029434,HAM_0002391,3
ISIC_0026963,HAM_0001741,2
ISIC_0028211,HAM_0001741,2
ISIC_0033496,HAM_0001734,1
ISIC_0032927,HAM_0001734,1
ISIC_0024865,HAM_0001734,1
ISIC_0025324,HAM_0004121,3
ISIC_0024756,HAM_0007272,2
ISIC_0029453,HAM_0005719,3
ISIC_0034071,HAM_0006435,1
ISIC_0033573,HAM_0006435,1
ISIC_0026086,HAM_0005403,1
ISIC_0025035,HAM_0007073,2
ISIC_0027776,HAM_0003622,1
ISIC_0032847,HAM_0002004,3
ISIC_0033654,HAM_0002004,3
ISIC_0030575,HAM_0002032,3
ISIC_0033931,HAM_0005490,2
ISIC_0032750,HAM_0007163,3
ISIC_0032888,HAM_0002939,2
ISIC_0033968,HAM_0002939,2
ISIC_0032532,HAM_0004405,1
ISIC_0033500,HAM_0004405,1
ISIC_0034046,HAM_0000179,2
ISIC_0032550,HAM_0000179,2
ISIC_0033700,HAM_0000179,2
ISIC_0026188,HAM_0001409,2
ISIC_0032604,HAM_0003083,2
ISIC_0033428,HAM_0003083,2
ISIC_0028746,HAM_0000878,3
ISIC_0033278,HAM_0003983,1
ISIC_0033679,HAM_0003983,1
ISIC_0034141,HAM_0000483,3
ISIC_0033643,HAM_0000483,3
ISIC_0032629,HAM_0000483,3
ISIC_0033152,HAM_0001135,2
ISIC_0033636,HAM_0005500,2
ISIC_0029909,HAM_0001266,1
ISIC_0033432,HAM_0005893,1
ISIC_0032833,HAM_0005893,1
ISIC_0034236,HAM_0005893,1
ISIC_0033027,HAM_0001174,3
ISIC_0033476,HAM_0002824,3
ISIC_0033047,HAM_0002824,3
ISIC_0025987,HAM_0002824,3
ISIC_0032017,HAM_0007368,3
ISIC_0033946,HAM_0007343,3
ISIC_0033369,HAM_0007343,3
ISIC_0032447,HAM_0007343,3
ISIC_0033655,HAM_0007343,3
ISIC_0034162,HAM_0000006,2
ISIC_0032187,HAM_0000006,2
ISIC_0033416,HAM_0003386,2
ISIC_0032662,HAM_0003386,2
ISIC_0033452,HAM_0003386,2
ISIC_0033074,HAM_0005368,3
ISIC_0034087,HAM_0005368,3
ISIC_0032722,HAM_0005368,3
ISIC_0033204,HAM_0006886,1
ISIC_0033953,HAM_0006886,1
ISIC_0032823,HAM_0006886,1
ISIC_0032733,HAM_0000321,2
ISIC_0033183,HAM_0000321,2
ISIC_0034140,HAM_0005636,2
ISIC_0034256,HAM_0005636,2
ISIC_0032984,HAM_0005636,2
ISIC_0033947,HAM_0005545,2
ISIC_0033881,HAM_0005545,2
ISIC_0029363,HAM_0005400,3
ISIC_0033820,HAM_0002086,3
ISIC_0033814,HAM_0002086,3
ISIC_0032685,HAM_0005608,1
ISIC_0032903,HAM_0005608,1
ISIC_0033323,HAM_0005608,1
ISIC_0032637,HAM_0002956,3
ISIC_0033804,HAM_0000611,1
ISIC_0033801,HAM_0000611,1
ISIC_0033216,HAM_0000611,1
ISIC_0033192,HAM_0005336,1
ISIC_0032569,HAM_0002235,2
ISIC_0032774,HAM_0000048,3
ISIC_0034313,HAM_0003679,1
ISIC_0032602,HAM_0004811,3
ISIC_0032724,HAM_0004811,3
ISIC_0034208,HAM_0005777,3
ISIC_0034218,HAM_0002671,1
ISIC_0034263,HAM_0002671,1
ISIC_0034262,HAM_0000097,3
ISIC_0033103,HAM_0000097,3
ISIC_0034106,HAM_0000097,3
ISIC_0033725,HAM_0001928,1
ISIC_0032537,HAM_0001928,1
ISIC_0033287,HAM_0001928,1
ISIC_0033286,HAM_0005758,1
ISIC_0032586,HAM_0005758,1
ISIC_0029632,HAM_0005535,2
ISIC_0033942,HAM_0000322,2
ISIC_0033473,HAM_0000322,2
ISIC_0033337,HAM_0005581,2
ISIC_0033594,HAM_0005581,2
ISIC_0029209,HAM_0000319,3
ISIC_0033275,HAM_0003280,2
ISIC_0033938,HAM_0003280,2
ISIC_0032841,HAM_0003280,2
ISIC_0033819,HAM_0000388,1
ISIC_0032544,HAM_0000388,1
ISIC_0032921,HAM_0004927,2
ISIC_0034117,HAM_0004927,2
ISIC_0033415,HAM_0004927,2
ISIC_0033595,HAM_0005280,1
ISIC_0033063,HAM_0005280,1
ISIC_0032726,HAM_0007180,3
ISIC_0032736,HAM_0003202,1
ISIC_0033317,HAM_0000662,3
ISIC_0033956,HAM_0000662,3
ISIC_0033241,HAM_0006545,1
ISIC_0034289,HAM_0006545,1
ISIC_0033980,HAM_0003602,3
ISIC_0032533,HAM_0003602,3
ISIC_0033986,HAM_0003602,3
ISIC_0024900,HAM_0004593,3
ISIC_0033578,HAM_0004571,1
ISIC_0034100,HAM_0004571,1
ISIC_0032940,HAM_0005628,3
ISIC_0034085,HAM_0007117,2
ISIC_0033299,HAM_0000107,2
ISIC_0033479,HAM_0004321,2
ISIC_0033522,HAM_0004321,2
ISIC_0033911,HAM_0005711,1
ISIC_0033779,HAM_0005711,1
ISIC_0032638,HAM_0005711,1
ISIC_0033619,HAM_0005748,3
ISIC_0034065,HAM_0005748,3
ISIC_0034132,HAM_0003466,1
ISIC_0032879,HAM_0004984,3
ISIC_0028082,HAM_0006037,2
ISIC_0032699,HAM_0001465,3
ISIC_0033848,HAM_0000002,3
ISIC_0034246,HAM_0000002,3
ISIC_0034145,HAM_0004949,1
ISIC_0032981,HAM_0004949,1
ISIC_0034094,HAM_0003421,2
ISIC_0033560,HAM_0003421,2
ISIC_0034061,HAM_0000553,2
ISIC_0032716,HAM_0000553,2
ISIC_0034159,HAM_0000553,2
ISIC_0033477,HAM_0007021,3
ISIC_0034092,HAM_0007021,3
ISIC_0034180,HAM_0007086,2
ISIC_0033267,HAM_0007086,2
ISIC_0033872,HAM_0006101,2
ISIC_0032617,HAM_0006101,2
ISIC_0032965,HAM_0005483,2
ISIC_0033117,HAM_0005483,2
ISIC_0034104,HAM_0002993,2
ISIC_0032547,HAM_0002993,2
ISIC_0033644,HAM_0002993,2
ISIC_0033806,HAM_0004881,1
ISIC_0033651,HAM_0004998,3
ISIC_0033304,HAM_0004998,3
ISIC_0032806,HAM_0005970,3
ISIC_0033624,HAM_0007574,1
ISIC_0033238,HAM_0007574,1
ISIC_0034089,HAM_0007574,1
ISIC_0034048,HAM_0000042,3
ISIC_0033905,HAM_0000042,3
ISIC_0033336,HAM_0003506,2
ISIC_0033405,HAM_0003506,2
ISIC_0033269,HAM_0006189,2
ISIC_0033569,HAM_0006566,2
ISIC_0032535,HAM_0006566,2
ISIC_0033042,HAM_0002149,3
ISIC_0032081,HAM_0005078,2
ISIC_0034034,HAM_0005141,2
ISIC_0033217,HAM_0005141,2
ISIC_0033728,HAM_0005256,2
ISIC_0033901,HAM_0002342,2
ISIC_0032917,HAM_0002342,2
ISIC_0032925,HAM_0002342,2
ISIC_0033469,HAM_0006437,1
ISIC_0033663,HAM_0004240,2
ISIC_0034284,HAM_0004240,2
ISIC_0031709,HAM_0000282,2
ISIC_0032517,HAM_0004240,2
ISIC_0034052,HAM_0003566,1
ISIC_0033171,HAM_0003566,1
ISIC_0034022,HAM_0002732,3
ISIC_0033017,HAM_0002732,3
ISIC_0033874,HAM_0002732,3
ISIC_0033754,HAM_0004687,1
ISIC_0032938,HAM_0004687,1
ISIC_0025531,HAM_0004767,2
ISIC_0032610,HAM_0006802,2
ISIC_0033444,HAM_0003073,2
ISIC_0034183,HAM_0003073,2
ISIC_0033426,HAM_0001143,1
ISIC_0034101,HAM_0004853,3
ISIC_0030333,HAM_0004853,3
ISIC_0032695,HAM_0004853,3
ISIC_0034253,HAM_0006097,3
ISIC_0033120,HAM_0007558,1
ISIC_0033081,HAM_0007583,2
ISIC_0034211,HAM_0007558,1
ISIC_0028410,HAM_0007558,1
ISIC_0033545,HAM_0007558,1
ISIC_0033141,HAM_0005274,1
ISIC_0033261,HAM_0005274,1
ISIC_0032766,HAM_0005274,1
ISIC_0032531,HAM_0005409,1
ISIC_0032970,HAM_0005409,1
ISIC_0027402,HAM_0006556,3
ISIC_0030391,HAM_0000337,3
ISIC_0032845,HAM_0006376,1
ISIC_0034036,HAM_0003843,1
ISIC_0030238,HAM_0000375,3
ISIC_0032968,HAM_0001272,2
ISIC_0029265,HAM_0001272,2
ISIC_0032462,HAM_0001274,3
ISIC_0034239,HAM_0004578,2
ISIC_0034287,HAM_0004578,2
ISIC_0031479,HAM_0000274,2
ISIC_0033166,HAM_0005249,3
ISIC_0033320,HAM_0005249,3
ISIC_0032526,HAM_0005249,3
ISIC_0033813,HAM_0000423,2
ISIC_0032624,HAM_0004129,3
ISIC_0033977,HAM_0004129,3
ISIC_0034002,HAM_0004129,3
ISIC_0033387,HAM_0001105,2
ISIC_0025592,HAM_0001105,2
ISIC_0033279,HAM_0006802,2
ISIC_0032887,HAM_0006802,2
ISIC_0034205,HAM_0007583,2
ISIC_0033612,HAM_0007583,2
ISIC_0034049,HAM_0007589,1
ISIC_0033616,HAM_0003700,3
ISIC_0029606,HAM_0003700,3
ISIC_0033099,HAM_0003700,3
ISIC_0032982,HAM_0002841,3
ISIC_0033196,HAM_0002841,3
ISIC_0032653,HAM_0002841,3
ISIC_0032730,HAM_0004284,3
ISIC_0032709,HAM_0004284,3
ISIC_0033206,HAM_0004284,3
ISIC_0033518,HAM_0002952,2
ISIC_0033843,HAM_0002952,2
ISIC_0033812,HAM_0004859,2
ISIC_0033653,HAM_0004859,2
ISIC_0033226,HAM_0000799,2
ISIC_0033198,HAM_0004754,2
ISIC_0032790,HAM_0004754,2
ISIC_0033245,HAM_0004754,2
ISIC_0030883,HAM_0004326,3
ISIC_0028582,HAM_0004302,1
ISIC_0029740,HAM_0003225,2
ISIC_0033593,HAM_0003225,2
ISIC_0034068,HAM_0003335,1
ISIC_0033392,HAM_0003174,2
ISIC_0032873,HAM_0003174,2
ISIC_0032656,HAM_0006923,3
ISIC_0033024,HAM_0006184,1
ISIC_0034134,HAM_0006184,1
ISIC_0033878,HAM_0003351,3
ISIC_0033559,HAM_0006426,3
ISIC_0032922,HAM_0006426,3
ISIC_0032672,HAM_0006517,1
ISIC_0034076,HAM_0006517,1
ISIC_0033520,HAM_0006462,3
ISIC_0034028,HAM_0006462,3
ISIC_0033607,HAM_0005627,2
ISIC_0033568,HAM_0005627,2
ISIC_0034051,HAM_0004056,1
ISIC_0033377,HAM_0004056,1
ISIC_0034172,HAM_0002617,3
ISIC_0033393,HAM_0002617,3
ISIC_0033534,HAM_0005953,3
ISIC_0034062,HAM_0004914,2
ISIC_0034170,HAM_0004914,2
ISIC_0033061,HAM_0001506,3
ISIC_0033967,HAM_0001506,3
ISIC_0032862,HAM_0000176,1
ISIC_0033073,HAM_0000176,1
ISIC_0033696,HAM_0000176,1
ISIC_0033995,HAM_0005673,1
ISIC_0027234,HAM_0005681,3
ISIC_0033668,HAM_0000706,1
ISIC_0032690,HAM_0000706,1
ISIC_0028520,HAM_0001793,2
ISIC_0034000,HAM_0001793,2
ISIC_0033498,HAM_0002051,1
ISIC_0031784,HAM_0002051,1
ISIC_0034275,HAM_0000392,2
ISIC_0033440,HAM_0000392,2
ISIC_0033807,HAM_0001974,3
ISIC_0033533,HAM_0001974,3
ISIC_0034173,HAM_0005021,3
ISIC_0033454,HAM_0005021,3
ISIC_0028225,HAM_0001349,1
ISIC_0032960,HAM_0000169,2
ISIC_0033708,HAM_0000169,2
ISIC_0034317,HAM_0006376,1
ISIC_0031741,HAM_0006400,3
ISIC_0033662,HAM_0006376,1
ISIC_0033424,HAM_0000079,2
ISIC_0034216,HAM_0003843,1
ISIC_0032152,HAM_0003869,1
ISIC_0034243,HAM_0002723,3
ISIC_0034050,HAM_0002723,3
ISIC_0032559,HAM_0000709,2
ISIC_0033394,HAM_0004844,1
ISIC_0034233,HAM_0004844,1
ISIC_0033122,HAM_0004620,2
ISIC_0033713,HAM_0004620,2
ISIC_0026081,HAM_0000337,3
ISIC_0033638,HAM_0005040,3
ISIC_0033805,HAM_0005040,3
ISIC_0033302,HAM_0005040,3
ISIC_0033925,HAM_0000206,2
ISIC_0033431,HAM_0000206,2
ISIC_0033089,HAM_0000880,1
ISIC_0033562,HAM_0000880,1
ISIC_0032987,HAM_0001155,2
ISIC_0032872,HAM_0001570,3
ISIC_0033178,HAM_0001570,3
ISIC_0033023,HAM_0004011,3
ISIC_0031186,HAM_0000988,3
ISIC_0033258,HAM_0004011,3
ISIC_0032870,HAM_0007245,3
ISIC_0033999,HAM_0002377,3
ISIC_0033856,HAM_0002377,3
ISIC_0024929,HAM_0001753,2
ISIC_0028148,HAM_0003176,3
ISIC_0024459,HAM_0005846,1
ISIC_0029933,HAM_0007305,3
ISIC_0031208,HAM_0001299,3
ISIC_0026545,HAM_0001299,3
ISIC_0027282,HAM_0006017,2
ISIC_0029092,HAM_0004427,1
ISIC_0032424,HAM_0001819,2
ISIC_0028584,HAM_0001819,2
ISIC_0027838,HAM_0007016,2
ISIC_0031554,HAM_0000433,1
ISIC_0025472,HAM_0000433,1
ISIC_0025520,HAM_0005600,3
ISIC_0032466,HAM_0005061,1
ISIC_0028465,HAM_0002491,3
ISIC_0028463,HAM_0002186,1
ISIC_0024640,HAM_0005467,2
ISIC_0029914,HAM_0006626,2
ISIC_0026089,HAM_0002196,1
ISIC_0024930,HAM_0002196,1
ISIC_0032110,HAM_0002834,1
ISIC_0026500,HAM_0002834,1
ISIC_0024999,HAM_0001986,1
ISIC_0027622,HAM_0006467,3
ISIC_0026352,HAM_0001444,2
ISIC_0024688,HAM_0001444,2
ISIC_0024552,HAM_0000653,2
ISIC_0026438,HAM_0004850,3
ISIC_0028126,HAM_0004850,3
ISIC_0027669,HAM_0002711,1
ISIC_0031795,HAM_0002711,1
ISIC_0025313,HAM_0001378,2
ISIC_0028198,HAM_0005064,1
ISIC_0027144,HAM_0005064,1
ISIC_0025097,HAM_0000775,3
ISIC_0031666,HAM_0000775,3
ISIC_0029819,HAM_0007586,2
ISIC_0025524,HAM_0004642,2
ISIC_0025121,HAM_0004642,2
ISIC_0028114,HAM_0002430,2
ISIC_0027673,HAM_0002430,2
ISIC_0030756,HAM_0003176,3
ISIC_0025439,HAM_0001214,2
ISIC_0030187,HAM_0002622,3
ISIC_0030970,HAM_0003497,3
ISIC_0030754,HAM_0007502,1
ISIC_0029397,HAM_0006538,1
ISIC_0026954,HAM_0003194,1
ISIC_0028760,HAM_0006088,1
ISIC_0027620,HAM_0002534,2
ISIC_0028965,HAM_0004281,1
ISIC_0024700,HAM_0001726,1
ISIC_0026989,HAM_0003558,1
ISIC_0030192,HAM_0006453,2
ISIC_0029859,HAM_0000492,2
ISIC_0028003,HAM_0003484,1
ISIC_0026506,HAM_0000871,1
ISIC_0030366,HAM_0002764,1
ISIC_0032245,HAM_0004979,2
ISIC_0031565,HAM_0000442,3
ISIC_0029056,HAM_0004878,1
ISIC_0030512,HAM_0006833,2
ISIC_0031718,HAM_0000863,1
ISIC_0029591,HAM_0005121,3
ISIC_0028899,HAM_0000863,1
ISIC_0024644,HAM_0004171,2
ISIC_0031543,HAM_0007188,1
ISIC_0028228,HAM_0003608,3
ISIC_0030107,HAM_0004888,1
ISIC_0028537,HAM_0000856,1
ISIC_0025238,HAM_0004817,2
ISIC_0029698,HAM_0005425,1
ISIC_0029937,HAM_0000766,2
ISIC_0027171,HAM_0002696,1
ISIC_0026207,HAM_0002696,1
ISIC_0028543,HAM_0004669,1
ISIC_0025651,HAM_0000075,3
ISIC_0027900,HAM_0000563,3
ISIC_0025748,HAM_0002752,1
ISIC_0026094,HAM_0006696,3
ISIC_0024571,HAM_0006699,3
ISIC_0027155,HAM_0000282,2
ISIC_0030501,HAM_0000887,1
ISIC_0024525,HAM_0005540,3
ISIC_0029033,HAM_0002719,2
ISIC_0029146,HAM_0002079,2
ISIC_0026009,HAM_0000952,1
ISIC_0029089,HAM_0000624,2
ISIC_0032420,HAM_0003055,2
ISIC_0025248,HAM_0006196,3
ISIC_0026266,HAM_0002436,2
ISIC_0028418,HAM_0007114,3
ISIC_0025268,HAM_0003749,1
ISIC_0025800,HAM_0004021,3
ISIC_0032425,HAM_0001349,1
ISIC_0027442,HAM_0002375,3
ISIC_0024940,HAM_0002375,3
ISIC_0030110,HAM_0001655,3
ISIC_0025132,HAM_0000247,2
ISIC_0031494,HAM_0007238,1
ISIC_0028306,HAM_0007238,1
ISIC_0027863,HAM_0000320,2
ISIC_0027702,HAM_0006004,1
ISIC_0028847,HAM_0006006,3
ISIC_0024961,HAM_0006006,3
ISIC_0032219,HAM_0005315,3
ISIC_0025127,HAM_0002436,2
ISIC_0026811,HAM_0002525,3
ISIC_0029839,HAM_0002113,2
ISIC_0026604,HAM_0002906,3
ISIC_0028777,HAM_0000125,1
ISIC_0026877,HAM_0004354,1
ISIC_0027964,HAM_0000125,1
ISIC_0030784,HAM_0005078,2
ISIC_0031146,HAM_0005006,2
ISIC_0025755,HAM_0003095,3
ISIC_0029157,HAM_0007488,3
ISIC_0024952,HAM_0007488,3
ISIC_0025546,HAM_0007498,3
ISIC_0026868,HAM_0005251,2
ISIC_0027742,HAM_0005203,3
ISIC_0027420,HAM_0001551,1
ISIC_0030843,HAM_0001069,1
ISIC_0027071,HAM_0001596,3
ISIC_0029780,HAM_0001596,3
ISIC_0030616,HAM_0005623,2
ISIC_0025391,HAM_0005535,2
ISIC_0032192,HAM_0007070,1
ISIC_0024323,HAM_0002493,2
ISIC_0027436,HAM_0002493,2
ISIC_0032372,HAM_0000125,1
ISIC_0026694,HAM_0002869,1
ISIC_0024313,HAM_0002869,1
ISIC_0031915,HAM_0000136,1
ISIC_0026774,HAM_0007242,3
ISIC_0030047,HAM_0007242,3
ISIC_0028065,HAM_0000136,1
ISIC_0026571,HAM_0006037,2
ISIC_0031670,HAM_0006130,2
ISIC_0031339,HAM_0001744,3
ISIC_0027021,HAM_0006940,3
ISIC_0032430,HAM_0006942,1
ISIC_0027573,HAM_0006942,1
ISIC_0027517,HAM_0002906,3
ISIC_0026229,HAM_0003445,2
ISIC_0032476,HAM_0001744,3
ISIC_0031170,HAM_0003428,1
ISIC_0024652,HAM_0003428,1
ISIC_0029353,HAM_0001744,3
ISIC_0032504,HAM_0001791,3
ISIC_0027956,HAM_0001791,3
ISIC_0029170,HAM_0001814,1
ISIC_0029995,HAM_0001835,3
ISIC_0031908,HAM_0002772,2
ISIC_0030653,HAM_0003957,2
ISIC_0026586,HAM_0001976,2
ISIC_0027101,HAM_0001835,3
ISIC_0025732,HAM_0001976,2
ISIC_0030950,HAM_0006160,2
ISIC_0025195,HAM_0006594,2
ISIC_0026652,HAM_0001835,3
ISIC_0029885,HAM_0000856,1
ISIC_0025409,HAM_0001877,1
ISIC_0028709,HAM_0002197,2
ISIC_0025814,HAM_0002194,2
ISIC_0026853,HAM_0002194,2
ISIC_0031550,HAM_0002693,2
ISIC_0027163,HAM_0006964,1
ISIC_0029642,HAM_0006964,1
ISIC_0029893,HAM_0006699,3
ISIC_0024647,HAM_0006764,1
ISIC_0028567,HAM_0001814,1
ISIC_0031203,HAM_0004164,2
ISIC_0030183,HAM_0005532,1
ISIC_0026690,HAM_0000619,1
ISIC_0031401,HAM_0000593,2
ISIC_0027089,HAM_0002800,1
ISIC_0026239,HAM_0002800,1
ISIC_0030255,HAM_0002817,1
ISIC_0029495,HAM_0002817,1
ISIC_0032269,HAM_0003256,3
ISIC_0031350,HAM_0003435,1
ISIC_0026105,HAM_0003172,2
ISIC_0029574,HAM_0005986,3
ISIC_0030246,HAM_0003149,3
ISIC_0027350,HAM_0002970,2
ISIC_0028218,HAM_0003256,3
ISIC_0024805,HAM_0005724,3
ISIC_0030032,HAM_0005724,3
ISIC_0025543,HAM_0005735,2
ISIC_0026870,HAM_0003587,1
ISIC_0026131,HAM_0006171,3
ISIC_0025663,HAM_0006171,3
ISIC_0025105,HAM_0006955,2
ISIC_0028860,HAM_0006779,3
ISIC_0031561,HAM_0006744,2
ISIC_0025766,HAM_0003869,1
ISIC_0031410,HAM_0003782,1
ISIC_0027560,HAM_0003885,3
ISIC_0025573,HAM_0004936,3
ISIC_0029705,HAM_0004936,3
ISIC_0032149,HAM_0001964,1
ISIC_0032433,HAM_0005504,3
ISIC_0027480,HAM_0005504,3
ISIC_0031931,HAM_0005692,1
ISIC_0026558,HAM_0004709,1
ISIC_0027590,HAM_0006764,1
ISIC_0030083,HAM_0005746,3
ISIC_0030002,HAM_0005746,3
ISIC_0029271,HAM_0005783,3
ISIC_0028033,HAM_0005789,1
ISIC_0032204,HAM_0005789,1
ISIC_0032095,HAM_0005789,1
ISIC_0028773,HAM_0004354,1
ISIC_0026802,HAM_0004878,1
ISIC_0028026,HAM_0007522,2
ISIC_0027904,HAM_0007522,2
ISIC_0024630,HAM_0007511,1
ISIC_0024333,HAM_0007511,1
ISIC_0024932,HAM_0004898,3
ISIC_0029480,HAM_0004898,3
ISIC_0032232,HAM_0004878,1
ISIC_0028220,HAM_0004559,1
ISIC_0026735,HAM_0007293,2
ISIC_0029094,HAM_0006527,1
ISIC_0026045,HAM_0005909,3
ISIC_0028508,HAM_0001607,1
ISIC_0028897,HAM_0002109,3
ISIC_0024918,HAM_0007530,2
ISIC_0032287,HAM_0006223,1
ISIC_0025791,HAM_0006223,1
ISIC_0031900,HAM_0001113,3
ISIC_0026516,HAM_0003520,3
ISIC_0025550,HAM_0006899,1
ISIC_0025414,HAM_0002576,2
ISIC_0026475,HAM_0006965,2
ISIC_0024410,HAM_0007530,2
ISIC_0030122,HAM_0003171,3
ISIC_0024864,HAM_0003167,1
ISIC_0031377,HAM_0000022,2
ISIC_0027126,HAM_0004053,1
ISIC_0031025,HAM_0002911,3
ISIC_0030951,HAM_0000590,1
ISIC_0031957,HAM_0004081,1
ISIC_0031303,HAM_0004547,3
ISIC_0031087,HAM_0004596,2
ISIC_0027187,HAM_0004596,2
ISIC_0028285,HAM_0004767,2
ISIC_0028915,HAM_0006832,2
ISIC_0029652,HAM_0006832,2
ISIC_0031295,HAM_0006832,2
ISIC_0026647,HAM_0001095,2
ISIC_0025317,HAM_0004428,3
ISIC_0026420,HAM_0004428,3
ISIC_0025616,HAM_0007031,1
ISIC_0028075,HAM_0003504,3
ISIC_0026823,HAM_0003504,3
ISIC_0030929,HAM_0003530,1
ISIC_0028493,HAM_0003534,1
ISIC_0028968,HAM_0001910,2
ISIC_0024739,HAM_0001910,2
ISIC_0025188,HAM_0002525,3
ISIC_0029272,HAM_0002911,3
ISIC_0032389,HAM_0003102,2
ISIC_0025709,HAM_0003102,2
ISIC_0031746,HAM_0003534,1
ISIC_0025500,HAM_0004047,2
ISIC_0030277,HAM_0004047,2
ISIC_0027797,HAM_0000910,3
ISIC_0031197,HAM_0006889,2
ISIC_0031270,HAM_0006889,2
ISIC_0029486,HAM_0001920,1
ISIC_0032076,HAM_0005155,2
ISIC_0025321,HAM_0005155,2
ISIC_0024904,HAM_0002914,1
ISIC_0028163,HAM_0006617,2
ISIC_0024669,HAM_0006617,2
ISIC_0031217,HAM_0004765,1
ISIC_0025599,HAM_0004765,1
ISIC_0025578,HAM_0002218,3
ISIC_0029448,HAM_0002218,3
ISIC_0028714,HAM_0005713,2
ISIC_0026693,HAM_0003839,2
ISIC_0030770,HAM_0002538,3
ISIC_0032240,HAM_0002538,3
ISIC_0031759,HAM_0003925,3
ISIC_0029889,HAM_0006324,1
ISIC_0029514,HAM_0007614,3
ISIC_0032745,HAM_0000494,2
ISIC_0032557,HAM_0000494,2
ISIC_0033092,HAM_0000494,2
ISIC_0027903,HAM_0006156,3
ISIC_0026456,HAM_0006203,1
ISIC_0033158,HAM_0004776,1
ISIC_0032867,HAM_0004776,1
ISIC_0032545,HAM_0004776,1
ISIC_0032692,HAM_0000940,2
ISIC_0033608,HAM_0000940,2
ISIC_0033969,HAM_0000940,2
ISIC_0032775,HAM_0003862,1
ISIC_0033458,HAM_0003862,1
ISIC_0032614,HAM_0006946,3
ISIC_0033349,HAM_0006946,3
ISIC_0032866,HAM_0006946,3
ISIC_0033135,HAM_0004791,3
ISIC_0032538,HAM_0004791,3
ISIC_0033591,HAM_0004791,3
ISIC_0031648,HAM_0005989,1
ISIC_0033565,HAM_0005989,1
ISIC_0033123,HAM_0005989,1
ISIC_0033762,HAM_0007097,2
ISIC_0034214,HAM_0007097,2
ISIC_0033749,HAM_0001852,3
ISIC_0034196,HAM_0001852,3
ISIC_0031090,HAM_0001719,2
ISIC_0031950,HAM_0005158,1
ISIC_0028146,HAM_0005471,1
ISIC_0027159,HAM_0004877,2
ISIC_0028188,HAM_0004877,2
ISIC_0030606,HAM_0002610,3
ISIC_0027210,HAM_0006748,3
ISIC_0031719,HAM_0007020,3
ISIC_0030070,HAM_0007020,3
ISIC_0031093,HAM_0000502,1
ISIC_0029608,HAM_0000502,1
ISIC_0024402,HAM_0004542,3
ISIC_0033817,HAM_0001249,1
ISIC_0032839,HAM_0002498,1
ISIC_0032932,HAM_0002498,1
ISIC_0031996,HAM_0003480,3
ISIC_0033844,HAM_0003480,3
ISIC_0026336,HAM_0006406,2
ISIC_0029439,HAM_0002390,3
ISIC_0031201,HAM_0004549,1
ISIC_0030283,HAM_0007372,2
ISIC_0024475,HAM_0003873,1
ISIC_0025873,HAM_0006501,2
ISIC_0025197,HAM_0000460,3
ISIC_0032409,HAM_0001238,1
ISIC_0025244,HAM_0000845,1
ISIC_0025596,HAM_0005938,1
ISIC_0025707,HAM_0006796,3
ISIC_0027522,HAM_0007113,3
ISIC_0028406,HAM_0005215,1
ISIC_0025628,HAM_0005475,2
ISIC_0026393,HAM_0005011,3
ISIC_0024662,HAM_0007532,3
ISIC_0031215,HAM_0005885,2
ISIC_0027856,HAM_0007118,1
ISIC_0028431,HAM_0004653,3
ISIC_0027790,HAM_0004943,2
ISIC_0024370,HAM_0001780,3
ISIC_0025606,HAM_0005376,2
ISIC_0031103,HAM_0001372,3
ISIC_0031065,HAM_0000109,1
ISIC_0025250,HAM_0004769,2
ISIC_0024375,HAM_0005245,3
ISIC_0031955,HAM_0001091,2
ISIC_0025249,HAM_0002639,2
ISIC_0026713,HAM_0006138,2
ISIC_0031276,HAM_0006447,3
ISIC_0024867,HAM_0007568,2
ISIC_0024706,HAM_0001038,1
ISIC_0027665,HAM_0001860,1
ISIC_0026467,HAM_0001537,2
ISIC_0025680,HAM_0000415,1
ISIC_0025452,HAM_0004257,1
ISIC_0026349,HAM_0003829,3
ISIC_0027269,HAM_0005560,2
ISIC_0028155,HAM_0000781,2
ISIC_0034093,HAM_0003220,3
ISIC_0029230,HAM_0007141,1
ISIC_0032384,HAM_0007009,3
ISIC_0024431,HAM_0002134,3
ISIC_0026656,HAM_0002134,3
ISIC_0026760,HAM_0001884,1
ISIC_0025718,HAM_0001884,1
ISIC_0027135,HAM_0004388,3
ISIC_0027976,HAM_0004342,1
ISIC_0028238,HAM_0005776,2
ISIC_0029755,HAM_0005776,2
ISIC_0026321,HAM_0006047,1
ISIC_0025467,HAM_0006047,1
ISIC_0024673,HAM_0003429,1
ISIC_0026574,HAM_0005660,2
ISIC_0028495,HAM_0000195,3
ISIC_0030574,HAM_0000195,3
ISIC_0024590,HAM_0004511,3
ISIC_0025932,HAM_0007262,2
ISIC_0028747,HAM_0007262,2
ISIC_0031166,HAM_0001610,3
ISIC_0030893,HAM_0002467,2
ISIC_0030261,HAM_0004871,3
ISIC_0028994,HAM_0000687,3
ISIC_0032696,HAM_0000993,2
ISIC_0029466,HAM_0002021,3
ISIC_0028085,HAM_0000065,2
ISIC_0025824,HAM_0001331,2
ISIC_0030778,HAM_0006800,2
ISIC_0030335,HAM_0004603,1
ISIC_0025793,HAM_0004603,1
ISIC_0025731,HAM_0003981,2
ISIC_0028670,HAM_0003981,2
ISIC_0029647,HAM_0003094,3
ISIC_0027858,HAM_0003094,3
ISIC_0029515,HAM_0007002,1
ISIC_0030271,HAM_0005469,1
ISIC_0031140,HAM_0003229,1
ISIC_0031243,HAM_0003738,2
ISIC_0026282,HAM_0005309,2
ISIC_0027744,HAM_0005309,2
ISIC_0028457,HAM_0007446,1
ISIC_0030766,HAM_0006351,3
ISIC_0027117,HAM_0006351,3
ISIC_0027365,HAM_0002346,3
ISIC_0026343,HAM_0002346,3
ISIC_0029341,HAM_0002346,3
ISIC_0031762,HAM_0007428,1
ISIC_0028106,HAM_0007428,1
ISIC_0026593,HAM_0004970,1
ISIC_0027774,HAM_0004970,1
ISIC_0031442,HAM_0005982,1
ISIC_0026766,HAM_0005982,1
ISIC_0031284,HAM_0002717,2
ISIC_0031640,HAM_0001239,2
ISIC_0024360,HAM_0005530,1
ISIC_0029899,HAM_0005530,1
ISIC_0026230,HAM_0005382,3
ISIC_0026395,HAM_0005382,3
ISIC_0025557,HAM_0001900,3
ISIC_0028323,HAM_0001900,3
ISIC_0030659,HAM_0001618,2
ISIC_0025383,HAM_0001907,1
ISIC_0025513,HAM_0001907,1
ISIC_0027478,HAM_0003593,1
ISIC_0026275,HAM_0005804,3
ISIC_0024573,HAM_0005804,3
ISIC_0031272,HAM_0006384,1
ISIC_0024572,HAM_0005657,3
ISIC_0027851,HAM_0001078,2
ISIC_0028858,HAM_0001078,2
ISIC_0026324,HAM_0005058,2
ISIC_0025700,HAM_0005058,2
ISIC_0030010,HAM_0006548,3
ISIC_0026831,HAM_0006387,3
ISIC_0032482,HAM_0006387,3
ISIC_0029201,HAM_0000009,3
ISIC_0026439,HAM_0000009,3
ISIC_0029779,HAM_0000009,3
ISIC_0029669,HAM_0001616,1
ISIC_0024795,HAM_0004420,2
ISIC_0031489,HAM_0003328,1
ISIC_0028980,HAM_0003741,2
ISIC_0032660,HAM_0002565,1
ISIC_0033504,HAM_0002565,1
ISIC_0027058,HAM_0005998,3
ISIC_0029020,HAM_0004873,3
ISIC_0032959,HAM_0003427,1
ISIC_0034306,HAM_0002526,3
ISIC_0032799,HAM_0002526,3
ISIC_0033020,HAM_0001138,2
ISIC_0032768,HAM_0001138,2
ISIC_0033205,HAM_0001138,2
ISIC_0033575,HAM_0000823,3
ISIC_0032894,HAM_0000823,3
ISIC_0033720,HAM_0005396,2
ISIC_0032834,HAM_0005396,2
ISIC_0027544,HAM_0000998,2
ISIC_0034058,HAM_0000263,2
ISIC_0033001,HAM_0000263,2
ISIC_0033354,HAM_0003887,1
ISIC_0032857,HAM_0003887,1
ISIC_0032906,HAM_0003887,1
ISIC_0027786,HAM_0002334,1
ISIC_0033579,HAM_0000394,3
ISIC_0034095,HAM_0000394,3
ISIC_0034143,HAM_0000394,3
ISIC_0033551,HAM_0004083,2
ISIC_0033571,HAM_0004083,2
ISIC_0033666,HAM_0002664,3
ISIC_0033218,HAM_0002664,3
ISIC_0033054,HAM_0002664,3
ISIC_0033257,HAM_0003046,2
ISIC_0034119,HAM_0003046,2
ISIC_0034047,HAM_0002559,1
ISIC_0034299,HAM_0007335,3
ISIC_0032808,HAM_0007335,3
ISIC_0033483,HAM_0007471,1
ISIC_0032536,HAM_0007471,1
ISIC_0034161,HAM_0001243,3
ISIC_0033747,HAM_0001243,3
ISIC_0025644,HAM_0004536,1
ISIC_0030314,HAM_0004536,1
ISIC_0033012,HAM_0000795,2
ISIC_0033609,HAM_0002243,1
ISIC_0032777,HAM_0002243,1
ISIC_0033019,HAM_0002243,1
ISIC_0033203,HAM_0000879,1
ISIC_0033366,HAM_0000879,1
ISIC_0034015,HAM_0003216,1
ISIC_0034223,HAM_0003216,1
ISIC_0032611,HAM_0003072,2
ISIC_0033499,HAM_0003072,2
ISIC_0034066,HAM_0001749,2
ISIC_0032741,HAM_0005478,2
ISIC_0034155,HAM_0003690,3
ISIC_0029192,HAM_0002397,2
ISIC_0033248,HAM_0002397,2
ISIC_0025102,HAM_0007248,1
ISIC_0032850,HAM_0007248,1
ISIC_0030712,HAM_0007248,1
ISIC_0032991,HAM_0004849,3
ISIC_0033979,HAM_0004848,1
ISIC_0026350,HAM_0003039,2
ISIC_0031569,HAM_0003039,2
ISIC_0026528,HAM_0007550,3
ISIC_0027814,HAM_0006631,3
ISIC_0024515,HAM_0003373,3
ISIC_0031225,HAM_0000352,2
ISIC_0031450,HAM_0003373,3
ISIC_0024848,HAM_0007474,2
ISIC_0031539,HAM_0005302,1
ISIC_0030233,HAM_0003112,3
ISIC_0028677,HAM_0001711,3
ISIC_0028818,HAM_0003694,1
ISIC_0028059,HAM_0004273,2
ISIC_0029331,HAM_0002069,3
ISIC_0029546,HAM_0005482,1
ISIC_0031698,HAM_0000082,1
ISIC_0031351,HAM_0006274,3
ISIC_0026988,HAM_0004937,3
ISIC_0031413,HAM_0004521,2
ISIC_0032497,HAM_0001759,3
ISIC_0025144,HAM_0004831,2
ISIC_0029278,HAM_0002224,3
ISIC_0024632,HAM_0001666,3
ISIC_0026668,HAM_0001666,3
ISIC_0025301,HAM_0000987,2
ISIC_0026192,HAM_0002611,1
ISIC_0030644,HAM_0003853,2
ISIC_0025417,HAM_0002577,2
ISIC_0028486,HAM_0005981,2
ISIC_0027371,HAM_0005981,2
ISIC_0026213,HAM_0000953,2
ISIC_0026442,HAM_0000953,2
ISIC_0026716,HAM_0000504,2
ISIC_0025971,HAM_0000504,2
ISIC_0030737,HAM_0003119,1
ISIC_0025650,HAM_0002312,3
ISIC_0029083,HAM_0002312,3
ISIC_0028765,HAM_0004511,3
ISIC_0026952,HAM_0002167,3
ISIC_0028739,HAM_0007313,2
ISIC_0031712,HAM_0004147,1
ISIC_0032439,HAM_0005547,2
ISIC_0029391,HAM_0006575,2
ISIC_0030403,HAM_0004027,1
ISIC_0024665,HAM_0003866,1
ISIC_0024332,HAM_0002240,3
ISIC_0026496,HAM_0005757,2
ISIC_0024454,HAM_0005180,1
ISIC_0029412,HAM_0002024,2
ISIC_0024403,HAM_0003680,1
ISIC_0030528,HAM_0000512,2
ISIC_0030511,HAM_0005599,2
ISIC_0026968,HAM_0000612,2
ISIC_0025975,HAM_0005835,3
ISIC_0031236,HAM_0002744,3
ISIC_0030813,HAM_0006465,2
ISIC_0027846,HAM_0001183,3
ISIC_0032174,HAM_0005559,3
ISIC_0031266,HAM_0006609,1
ISIC_0026056,HAM_0005304,2
ISIC_0026156,HAM_0005068,1
ISIC_0028937,HAM_0003610,3
ISIC_0032194,HAM_0003596,2
ISIC_0029489,HAM_0006005,2
ISIC_0029974,HAM_0004627,1
ISIC_0031597,HAM_0004627,1
ISIC_0026798,HAM_0005536,2
ISIC_0027915,HAM_0000719,2
ISIC_0026337,HAM_0000719,2
ISIC_0026902,HAM_0000719,2
ISIC_0026117,HAM_0005984,1
ISIC_0025266,HAM_0004300,3
ISIC_0026978,HAM_0004042,3
ISIC_0026845,HAM_0001283,3
ISIC_0027966,HAM_0005417,2
ISIC_0024448,HAM_0005417,2
ISIC_0024452,HAM_0005971,1
ISIC_0029539,HAM_0005971,1
ISIC_0031258,HAM_0005971,1
ISIC_0030197,HAM_0006727,3
ISIC_0024582,HAM_0006727,3
ISIC_0029655,HAM_0006727,3
ISIC_0028989,HAM_0004487,1
ISIC_0028556,HAM_0002421,2
ISIC_0024472,HAM_0001654,1
ISIC_0031175,HAM_0001654,1
ISIC_0030755,HAM_0001654,1
ISIC_0031976,HAM_0006851,3
ISIC_0027825,HAM_0005268,1
ISIC_0025826,HAM_0005585,2
ISIC_0029856,HAM_0001457,2
ISIC_0024799,HAM_0001573,1
ISIC_0030230,HAM_0007588,2
ISIC_0031526,HAM_0007588,2
ISIC_0025711,HAM_0005501,2
ISIC_0029082,HAM_0005665,1
ISIC_0024897,HAM_0003716,1
ISIC_0024432,HAM_0002083,1
ISIC_0029035,HAM_0006386,2
ISIC_0025601,HAM_0001528,1
ISIC_0032461,HAM_0001528,1
ISIC_0030690,HAM_0004514,1
ISIC_0027473,HAM_0002959,1
ISIC_0025362,HAM_0002959,1
ISIC_0027093,HAM_0002959,1
ISIC_0028329,HAM_0004624,1
ISIC_0030964,HAM_0007557,1
ISIC_0024743,HAM_0004495,2
ISIC_0031925,HAM_0001707,2
ISIC_0031095,HAM_0005798,2
ISIC_0024949,HAM_0005669,3
ISIC_0032246,HAM_0005509,1
ISIC_0026865,HAM_0005509,1
ISIC_0027337,HAM_0003778,3
ISIC_0029263,HAM_0002689,3
ISIC_0026687,HAM_0002689,3
ISIC_0029524,HAM_0003191,3
ISIC_0028050,HAM_0003191,3
ISIC_0027819,HAM_0004827,3
ISIC_0028719,HAM_0004365,1
ISIC_0027046,HAM_0005371,3
ISIC_0031154,HAM_0005371,3
ISIC_0028168,HAM_0005371,3
ISIC_0031056,HAM_0007507,1
ISIC_0026118,HAM_0007627,2
ISIC_0029820,HAM_0007627,2
ISIC_0027722,HAM_0000987,2
ISIC_0029644,HAM_0005184,2
ISIC_0031063,HAM_0003764,2
ISIC_0028877,HAM_0003764,2
ISIC_0029323,HAM_0000872,2
ISIC_0031520,HAM_0000872,2
ISIC_0031171,HAM_0000872,2
ISIC_0031552,HAM_0006588,1
ISIC_0028084,HAM_0004940,1
ISIC_0026970,HAM_0004940,1
ISIC_0028303,HAM_0005030,1
ISIC_0024461,HAM_0002313,3
ISIC_0030526,HAM_0002313,3
ISIC_0025630,HAM_0002017,2
ISIC_0030096,HAM_0003669,3
ISIC_0028197,HAM_0004711,3
ISIC_0029831,HAM_0004711,3
ISIC_0030514,HAM_0006872,3
ISIC_0024345,HAM_0006872,3
ISIC_0028283,HAM_0000655,3
ISIC_0027175,HAM_0000655,3
ISIC_0031407,HAM_0001575,3
ISIC_0031651,HAM_0006631,3
ISIC_0027525,HAM_0005721,2
ISIC_0024550,HAM_0005721,2
ISIC_0029919,HAM_0005721,2
ISIC_0028928,HAM_0002998,1
ISIC_0031378,HAM_0002998,1
ISIC_0024564,HAM_0002666,1
ISIC_0025322,HAM_0002666,1
ISIC_0027677,HAM_0005617,1
ISIC_0024833,HAM_0005617,1
ISIC_0027546,HAM_0005617,1
ISIC_0030868,HAM_0001693,1
ISIC_0026995,HAM_0001693,1
ISIC_0029123,HAM_0000451,1
ISIC_0029372,HAM_0000451,1
ISIC_0024787,HAM_0005379,3
ISIC_0027281,HAM_0006904,1
ISIC_0027291,HAM_0006904,1
ISIC_0028147,HAM_0006053,2
ISIC_0030954,HAM_0003115,2
ISIC_0031062,HAM_0001183,3
ISIC_0030094,HAM_0003101,3
ISIC_0024436,HAM_0005392,1
ISIC_0026940,HAM_0005973,2
ISIC_0030352,HAM_0001129,3
ISIC_0029745,HAM_0003941,3
ISIC_0028419,HAM_0003941,3
ISIC_0025818,HAM_0004621,2
ISIC_0030746,HAM_0004621,2
ISIC_0031986,HAM_0000658,1
ISIC_0028350,HAM_0003827,1
ISIC_0028814,HAM_0005375,3
ISIC_0025509,HAM_0002269,2
ISIC_0024443,HAM_0002269,2
ISIC_0029342,HAM_0007139,2
ISIC_0028577,HAM_0007139,2
ISIC_0029680,HAM_0001237,1
ISIC_0030339,HAM_0000915,2
ISIC_0028964,HAM_0000092,3
ISIC_0032132,HAM_0000352,2
ISIC_0029545,HAM_0000496,3
ISIC_0031298,HAM_0005334,2
ISIC_0028122,HAM_0004621,2
ISIC_0031697,HAM_0003177,3
ISIC_0029501,HAM_0002018,3
ISIC_0030138,HAM_0006111,2
ISIC_0032185,HAM_0006111,2
ISIC_0032429,HAM_0005973,2
ISIC_0029951,HAM_0005973,2
ISIC_0027675,HAM_0004621,2
ISIC_0031614,HAM_0006049,3
ISIC_0027788,HAM_0002812,3
ISIC_0028653,HAM_0005837,3
ISIC_0031263,HAM_0007289,3
ISIC_0032164,HAM_0000807,2
ISIC_0031041,HAM_0002733,1
ISIC_0032316,HAM_0000868,3
ISIC_0024411,HAM_0001390,1
ISIC_0028671,HAM_0001713,1
ISIC_0030767,HAM_0004685,1
ISIC_0031971,HAM_0006564,1
ISIC_0031721,HAM_0006564,1
ISIC_0028542,HAM_0001573,1
ISIC_0025260,HAM_0001215,3
ISIC_0031531,HAM_0001215,3
ISIC_0028978,HAM_0005026,1
ISIC_0028728,HAM_0005026,1
ISIC_0032212,HAM_0004932,1
ISIC_0029828,HAM_0006510,2
ISIC_0031588,HAM_0007567,3
ISIC_0028502,HAM_0001940,3
ISIC_0032115,HAM_0000701,1
ISIC_0025251,HAM_0000956,2
ISIC_0025843,HAM_0004098,3
ISIC_0031503,HAM_0002808,1
ISIC_0025384,HAM_0002623,3
ISIC_0032446,HAM_0002483,1
ISIC_0032285,HAM_0006830,2
ISIC_0027347,HAM_0005234,1
ISIC_0029979,HAM_0004233,2
ISIC_0029624,HAM_0006489,2
ISIC_0026425,HAM_0002971,1
ISIC_0026555,HAM_0001335,3
ISIC_0031282,HAM_0003042,2
ISIC_0029961,HAM_0000727,3
ISIC_0026583,HAM_0007329,2
ISIC_0026681,HAM_0006806,3
ISIC_0026780,HAM_0007320,3
ISIC_0025218,HAM_0003093,3
ISIC_0026211,HAM_0005366,2
ISIC_0025457,HAM_0002108,2
ISIC_0031575,HAM_0000699,2
ISIC_0028266,HAM_0003882,1
ISIC_0029303,HAM_0001180,3
ISIC_0026054,HAM_0002943,3
ISIC_0029347,HAM_0000256,1
ISIC_0028727,HAM_0006678,3
ISIC_0028455,HAM_0004270,3
ISIC_0030435,HAM_0002877,1
ISIC_0024535,HAM_0001287,3
ISIC_0024968,HAM_0000128,1
ISIC_0025320,HAM_0006653,2
ISIC_0031184,HAM_0004290,1
ISIC_0024828,HAM_0001587,3
ISIC_0027725,HAM_0005775,1
ISIC_0028298,HAM_0004140,3
ISIC_0031269,HAM_0001965,1
ISIC_0025398,HAM_0007193,1
ISIC_0030035,HAM_0001065,2
ISIC_0031403,HAM_0006421,3
ISIC_0026011,HAM_0004513,1
ISIC_0027479,HAM_0002180,2
ISIC_0031068,HAM_0003396,1
ISIC_0025338,HAM_0002925,1
ISIC_0031463,HAM_0001263,2
ISIC_0027944,HAM_0003414,2
ISIC_0031974,HAM_0000758,2
ISIC_0024896,HAM_0003711,3
ISIC_0029153,HAM_0004124,1
ISIC_0028480,HAM_0003548,2
ISIC_0030517,HAM_0005093,3
ISIC_0031455,HAM_0000841,3
ISIC_0029569,HAM_0005853,1
ISIC_0029351,HAM_0006224,2
ISIC_0030102,HAM_0005449,1
ISIC_0028446,HAM_0006498,2
ISIC_0031895,HAM_0007316,1
ISIC_0030072,HAM_0005384,3
ISIC_0024872,HAM_0005823,1
ISIC_0031935,HAM_0001270,1
ISIC_0030820,HAM_0002112,1
ISIC_0031845,HAM_0007203,3
ISIC_0027278,HAM_0007236,3
ISIC_0026641,HAM_0002753,3
ISIC_0028185,HAM_0005252,2
ISIC_0028090,HAM_0005407,2
ISIC_0028879,HAM_0005858,3
ISIC_0029540,HAM_0003516,3
ISIC_0028924,HAM_0001149,3
ISIC_0032016,HAM_0007551,3
ISIC_0032048,HAM_0000742,1
ISIC_0026255,HAM_0002221,2
ISIC_0030013,HAM_0001530,3
ISIC_0031371,HAM_0001079,2
ISIC_0025585,HAM_0000576,1
ISIC_0030523,HAM_0006362,3
ISIC_0031100,HAM_0006178,2
ISIC_0031671,HAM_0004264,3
ISIC_0025079,HAM_0005103,3
ISIC_0029637,HAM_0001807,3
ISIC_0024462,HAM_0006693,2
ISIC_0025415,HAM_0005619,2
ISIC_0027974,HAM_0000750,1
ISIC_0025143,HAM_0000561,1
ISIC_0030918,HAM_0001103,1
ISIC_0025161,HAM_0006715,2
ISIC_0031926,HAM_0007391,1
ISIC_0027324,HAM_0003189,1
ISIC_0031652,HAM_0004789,1
ISIC_0030846,HAM_0006242,1
ISIC_0029829,HAM_0006992,3
ISIC_0025407,HAM_0002226,1
ISIC_0031297,HAM_0003323,3
ISIC_0032391,HAM_0004481,1
ISIC_0029149,HAM_0002545,2
ISIC_0032169,HAM_0005044,2
ISIC_0024584,HAM_0001391,2
ISIC_0029870,HAM_0002151,1
ISIC_0028164,HAM_0006443,3
ISIC_0025528,HAM_0005597,1
ISIC_0027221,HAM_0004737,3
ISIC_0031833,HAM_0006703,1
ISIC_0028289,HAM_0002748,2
ISIC_0031164,HAM_0007230,1
ISIC_0029998,HAM_0005401,1
ISIC_0031579,HAM_0003020,1
ISIC_0026339,HAM_0004951,2
ISIC_0029997,HAM_0000526,3
ISIC_0029685,HAM_0002443,2
ISIC_0025053,HAM_0005661,3
ISIC_0030338,HAM_0001775,3
ISIC_0030907,HAM_0006863,2
ISIC_0030428,HAM_0002508,2
ISIC_0029373,HAM_0003671,2
ISIC_0030421,HAM_0007183,3
ISIC_0029911,HAM_0000647,3
ISIC_0030682,HAM_0002924,3
ISIC_0027634,HAM_0005725,3
ISIC_0024357,HAM_0005676,1
ISIC_0026755,HAM_0001931,1
ISIC_0031332,HAM_0001021,3
ISIC_0027268,HAM_0002317,2
ISIC_0026246,HAM_0003788,1
ISIC_0032501,HAM_0001467,2
ISIC_0028779,HAM_0003524,3
ISIC_0025095,HAM_0006847,1
ISIC_0027585,HAM_0000785,1
ISIC_0028302,HAM_0007302,2
ISIC_0026038,HAM_0000724,2
ISIC_0028917,HAM_0003349,2
ISIC_0029888,HAM_0003217,1
ISIC_0024861,HAM_0005892,1
ISIC_0032087,HAM_0001323,2
ISIC_0032387,HAM_0005867,2
ISIC_0026172,HAM_0003255,3
ISIC_0027808,HAM_0006668,3
ISIC_0025593,HAM_0001957,3
ISIC_0025487,HAM_0005690,3
ISIC_0025206,HAM_0004395,2
ISIC_0025416,HAM_0005683,2
ISIC_0030617,HAM_0006778,3
ISIC_0029496,HAM_0001448,3
ISIC_0025287,HAM_0004965,3
ISIC_0028339,HAM_0000472,3
ISIC_0031331,HAM_0004419,1
ISIC_0025432,HAM_0006920,2
ISIC_0026557,HAM_0000598,1
ISIC_0027170,HAM_0000323,3
ISIC_0031997,HAM_0003250,2
ISIC_0030642,HAM_0007023,3
ISIC_0025364,HAM_0000692,2
ISIC_0027703,HAM_0001049,3
ISIC_0030050,HAM_0001662,1
ISIC_0026234,HAM_0003729,2
ISIC_0024365,HAM_0001534,3
ISIC_0025934,HAM_0006395,2
ISIC_0025675,HAM_0000557,2
ISIC_0027717,HAM_0005647,2
ISIC_0029966,HAM_0003064,1
ISIC_0027411,HAM_0001117,3
ISIC_0025636,HAM_0001579,1
ISIC_0024945,HAM_0004863,2
ISIC_0027732,HAM_0006132,2
ISIC_0031106,HAM_0004100,1
ISIC_0026214,HAM_0002256,2
ISIC_0024407,HAM_0002775,2
ISIC_0032434,HAM_0003302,1
ISIC_0026806,HAM_0001888,2
ISIC_0025365,HAM_0000532,2
ISIC_0028515,HAM_0006463,1
ISIC_0030287,HAM_0004055,1
ISIC_0026621,HAM_0001494,3
ISIC_0029239,HAM_0001367,2
ISIC_0027426,HAM_0004381,2
ISIC_0025914,HAM_0006962,3
ISIC_0030888,HAM_0005838,1
ISIC_0025501,HAM_0003483,2
ISIC_0030599,HAM_0004074,2
ISIC_0029523,HAM_0005134,2
ISIC_0030541,HAM_0006657,2
ISIC_0032211,HAM_0000041,2
ISIC_0027836,HAM_0002994,2
ISIC_0026565,HAM_0002465,2
ISIC_0027195,HAM_0006279,2
ISIC_0026399,HAM_0003344,1
ISIC_0029290,HAM_0005226,1
ISIC_0025749,HAM_0007294,3
ISIC_0029258,HAM_0002786,3
ISIC_0025224,HAM_0000572,2
ISIC_0031388,HAM_0003463,1
ISIC_0026098,HAM_0000921,3
ISIC_0028482,HAM_0004169,1
ISIC_0029336,HAM_0005863,2
ISIC_0027429,HAM_0002853,3
ISIC_0026585,HAM_0006507,3
ISIC_0025353,HAM_0003148,3
ISIC_0024980,HAM_0005806,2
ISIC_0031653,HAM_0004006,2
ISIC_0028353,HAM_0000326,3
ISIC_0026169,HAM_0006785,1
ISIC_0031632,HAM_0005072,2
ISIC_0031453,HAM_0000015,3
ISIC_0026242,HAM_0006306,1
ISIC_0030214,HAM_0006216,1
ISIC_0027422,HAM_0002539,2
ISIC_0025722,HAM_0001590,3
ISIC_0031099,HAM_0004544,2
ISIC_0028282,HAM_0002624,1
ISIC_0028639,HAM_0006340,1
ISIC_0028136,HAM_0003560,1
ISIC_0026476,HAM_0000303,2
ISIC_0031773,HAM_0007065,1
ISIC_0031881,HAM_0006544,3
ISIC_0026283,HAM_0003654,2
ISIC_0029892,HAM_0006511,2
ISIC_0027912,HAM_0002322,3
ISIC_0029943,HAM_0002632,3
ISIC_0029561,HAM_0005046,2
ISIC_0026682,HAM_0000327,3
ISIC_0028848,HAM_0004828,3
ISIC_0029044,HAM_0004929,1
ISIC_0028054,HAM_0004890,3
ISIC_0030550,HAM_0000219,3
ISIC_0031704,HAM_0002918,1
ISIC_0030235,HAM_0002896,3
ISIC_0025930,HAM_0000154,3
ISIC_0028594,HAM_0006228,1
ISIC_0031185,HAM_0000329,2
ISIC_0029463,HAM_0003704,1
ISIC_0028196,HAM_0002702,1
ISIC_0030968,HAM_0006194,3
ISIC_0029008,HAM_0000629,2
ISIC_0024636,HAM_0001987,1
ISIC_0032025,HAM_0001906,3
ISIC_0031234,HAM_0006177,2
ISIC_0031907,HAM_0004177,2
ISIC_0025966,HAM_0001553,3
ISIC_0025922,HAM_0002473,1
ISIC_0030903,HAM_0005055,3
ISIC_0025994,HAM_0006655,1
ISIC_0029015,HAM_0002321,3
ISIC_0025205,HAM_0007204,1
ISIC_0028668,HAM_0003197,3
ISIC_0031730,HAM_0003648,2
ISIC_0030469,HAM_0005810,3
ISIC_0030170,HAM_0006845,3
ISIC_0025056,HAM_0007155,2
ISIC_0026232,HAM_0000912,3
ISIC_0030322,HAM_0005279,2
ISIC_0030885,HAM_0000631,1
ISIC_0028270,HAM_0004710,2
ISIC_0027576,HAM_0003063,3
ISIC_0027389,HAM_0005332,1
ISIC_0024433,HAM_0001675,1
ISIC_0030540,HAM_0000529,2
ISIC_0031151,HAM_0003438,3
ISIC_0024593,HAM_0007369,1
ISIC_0029184,HAM_0005454,3
ISIC_0030470,HAM_0001876,1
ISIC_0025221,HAM_0002294,1
ISIC_0032366,HAM_0004046,3
ISIC_0028827,HAM_0001816,2
ISIC_0027816,HAM_0005094,1
ISIC_0030936,HAM_0002066,1
ISIC_0030168,HAM_0000966,2
ISIC_0031229,HAM_0004489,1
ISIC_0025558,HAM_0004933,2
ISIC_0026520,HAM_0000642,1
ISIC_0024692,HAM_0004744,3
ISIC_0030729,HAM_0003048,1
ISIC_0030457,HAM_0006662,2
ISIC_0029729,HAM_0003008,3
ISIC_0028768,HAM_0000148,1
ISIC_0026383,HAM_0004039,2
ISIC_0028888,HAM_0003838,2
ISIC_0027691,HAM_0001482,3
ISIC_0024473,HAM_0001414,3
ISIC_0024791,HAM_0002940,2
ISIC_0028805,HAM_0006166,2
ISIC_0025255,HAM_0007142,1
ISIC_0026778,HAM_0002344,2
ISIC_0028462,HAM_0004702,1
ISIC_0025052,HAM_0005424,3
ISIC_0030302,HAM_0000058,1
ISIC_0031422,HAM_0003375,3
ISIC_0032453,HAM_0000132,1
ISIC_0029784,HAM_0005563,1
ISIC_0027136,HAM_0002266,2
ISIC_0028546,HAM_0007512,3
ISIC_0028111,HAM_0004952,3
ISIC_0027763,HAM_0000548,3
ISIC_0026700,HAM_0006901,3
ISIC_0031319,HAM_0002845,2
ISIC_0027212,HAM_0003341,1
ISIC_0030376,HAM_0000053,2
ISIC_0027886,HAM_0000003,2
ISIC_0031776,HAM_0002404,2
ISIC_0027932,HAM_0005569,1
ISIC_0029385,HAM_0005187,3
ISIC_0026986,HAM_0006044,2
ISIC_0024464,HAM_0005604,3
ISIC_0027301,HAM_0003092,2
ISIC_0026836,HAM_0006871,2
ISIC_0028864,HAM_0005800,3
ISIC_0025044,HAM_0000339,3
ISIC_0025508,HAM_0000705,2
ISIC_0029876,HAM_0002286,1
ISIC_0024788,HAM_0001121,2
ISIC_0028975,HAM_0004819,2
ISIC_0027843,HAM_0006671,3
ISIC_0029118,HAM_0000444,3
ISIC_0026185,HAM_0001897,3
ISIC_0026137,HAM_0006669,1
ISIC_0028523,HAM_0001523,1
ISIC_0024493,HAM_0006689,3
ISIC_0026891,HAM_0002287,3
ISIC_0024863,HAM_0002359,1
ISIC_0030774,HAM_0002889,2
ISIC_0025615,HAM_0006568,3
ISIC_0025900,HAM_0000943,3
ISIC_0030797,HAM_0006691,2
ISIC_0031690,HAM_0006809,3
ISIC_0026594,HAM_0003383,3
ISIC_0026075,HAM_0004134,1
ISIC_0027939,HAM_0002741,2
ISIC_0027164,HAM_0004328,3
ISIC_0029619,HAM_0002080,1
ISIC_0027276,HAM_0000649,2
ISIC_0024879,HAM_0001387,1
ISIC_0030906,HAM_0004847,3
ISIC_0025120,HAM_0000551,3
ISIC_0031291,HAM_0001918,1
ISIC_0030904,HAM_0000120,3
ISIC_0024884,HAM_0001140,2
ISIC_0031938,HAM_0004613,3
ISIC_0027220,HAM_0005797,1
ISIC_0029675,HAM_0001314,3
ISIC_0029751,HAM_0004786,3
ISIC_0026175,HAM_0006953,1
ISIC_0030293,HAM_0007618,1
ISIC_0028967,HAM_0001449,3
ISIC_0031771,HAM_0001582,1
ISIC_0031572,HAM_0002662,2
ISIC_0030411,HAM_0001392,3
ISIC_0030315,HAM_0002584,1
ISIC_0030269,HAM_0006817,3
ISIC_0028597,HAM_0000652,3
ISIC_0032059,HAM_0001661,2
ISIC_0031069,HAM_0003122,1
ISIC_0028356,HAM_0000175,2
ISIC_0027919,HAM_0006523,2
ISIC_0031219,HAM_0004851,2
ISIC_0024690,HAM_0005295,2
ISIC_0028175,HAM_0000958,2
ISIC_0025274,HAM_0001504,3
ISIC_0030120,HAM_0000729,3
ISIC_0026057,HAM_0000038,3
ISIC_0025613,HAM_0000446,2
ISIC_0027564,HAM_0004826,2
ISIC_0027145,HAM_0001357,3
ISIC_0025256,HAM_0006774,2
ISIC_0026465,HAM_0006661,1
ISIC_0026256,HAM_0003960,1
ISIC_0031477,HAM_0005464,1
ISIC_0030483,HAM_0006569,3
ISIC_0024421,HAM_0001260,1
ISIC_0026366,HAM_0005236,3
ISIC_0025192,HAM_0004982,3
ISIC_0027085,HAM_0007026,2
ISIC_0027251,HAM_0007067,2
ISIC_0031995,HAM_0006649,1
ISIC_0029469,HAM_0003976,3
ISIC_0030289,HAM_0002836,3
ISIC_0028933,HAM_0001572,2
ISIC_0027356,HAM_0000473,3
ISIC_0030836,HAM_0001554,1
ISIC_0029618,HAM_0005655,1
ISIC_0030204,HAM_0005104,2
ISIC_0028242,HAM_0000768,3
ISIC_0028699,HAM_0002260,3
ISIC_0030003,HAM_0005229,2
ISIC_0032321,HAM_0006859,3
ISIC_0032193,HAM_0007492,3
ISIC_0030944,HAM_0000858,1
ISIC_0025298,HAM_0002815,3
ISIC_0030566,HAM_0002464,3
ISIC_0028142,HAM_0001431,2
ISIC_0024887,HAM_0003457,1
ISIC_0027121,HAM_0004941,2
ISIC_0028466,HAM_0006261,2
ISIC_0030400,HAM_0001145,1
ISIC_0030282,HAM_0005211,3
ISIC_0028935,HAM_0001336,1
ISIC_0024985,HAM_0002900,2
ISIC_0025514,HAM_0006791,3
ISIC_0024856,HAM_0004009,2
ISIC_0024598,HAM_0000748,1
ISIC_0029703,HAM_0000617,1
ISIC_0031699,HAM_0003611,3
ISIC_0031213,HAM_0005225,1
ISIC_0032337,HAM_0002038,1
ISIC_0028869,HAM_0002283,2
ISIC_0028705,HAM_0002353,2
ISIC_0028775,HAM_0005495,2
ISIC_0025080,HAM_0002277,1
ISIC_0029950,HAM_0000232,1
ISIC_0025910,HAM_0000235,3
ISIC_0030761,HAM_0002949,3
ISIC_0031402,HAM_0002505,3
ISIC_0030862,HAM_0006428,3
ISIC_0030049,HAM_0007469,2
ISIC_0025536,HAM_0005035,1
ISIC_0027318,HAM_0000927,3
ISIC_0032162,HAM_0001188,2
ISIC_0025979,HAM_0003470,1
ISIC_0026021,HAM_0004013,3
ISIC_0025375,HAM_0007600,2
ISIC_0026079,HAM_0004683,1
ISIC_0030957,HAM_0003371,2
ISIC_0025833,HAM_0003131,1
ISIC_0031288,HAM_0005182,2
ISIC_0027106,HAM_0003576,2
ISIC_0031392,HAM_0007465,1
ISIC_0026822,HAM_0002626,2
ISIC_0030787,HAM_0005066,1
ISIC_0030000,HAM_0004735,3
ISIC_0028819,HAM_0003536,3
ISIC_0028426,HAM_0003541,2
ISIC_0031199,HAM_0006046,2
ISIC_0029023,HAM_0005598,1
ISIC_0026960,HAM_0005456,1
ISIC_0027764,HAM_0000183,3
ISIC_0026817,HAM_0002653,2
ISIC_0029274,HAM_0003632,1
ISIC_0027165,HAM_0005476,1
ISIC_0025084,HAM_0001522,3
ISIC_0028337,HAM_0000546,3
ISIC_0031438,HAM_0005001,3
ISIC_0028077,HAM_0002166,3
ISIC_0029132,HAM_0001632,3
ISIC_0024429,HAM_0006272,3
ISIC_0029972,HAM_0002997,2
ISIC_0026949,HAM_0007252,3
ISIC_0028428,HAM_0001338,1
ISIC_0026225,HAM_0003781,2
ISIC_0028861,HAM_0005621,2
ISIC_0027373,HAM_0007616,2
ISIC_0031021,HAM_0006780,1
ISIC_0024309,HAM_0000484,1
ISIC_0031469,HAM_0003283,2
ISIC_0032073,HAM_0001794,2
ISIC_0027554,HAM_0001123,1
ISIC_0027166,HAM_0003108,3
ISIC_0026202,HAM_0006219,3
ISIC_0024556,HAM_0003151,3
ISIC_0026733,HAM_0006385,2
ISIC_0030871,HAM_0004533,3
ISIC_0031582,HAM_0006299,2
ISIC_0025328,HAM_0004834,1
ISIC_0024901,HAM_0001606,2
ISIC_0028836,HAM_0004971,1
ISIC_0025861,HAM_0006917,2
ISIC_0032228,HAM_0003984,1
ISIC_0027157,HAM_0002756,2
ISIC_0032201,HAM_0000227,2
ISIC_0025116,HAM_0004316,1
ISIC_0028443,HAM_0004601,1
ISIC_0024738,HAM_0000203,1
ISIC_0031279,HAM_0006339,3
ISIC_0030804,HAM_0000702,3
ISIC_0029628,HAM_0004227,3
ISIC_0026858,HAM_0007093,3
ISIC_0032288,HAM_0006100,2
ISIC_0025952,HAM_0004678,1
ISIC_0025868,HAM_0003251,1
ISIC_0031051,HAM_0003748,2
ISIC_0027331,HAM_0004499,1
ISIC_0027657,HAM_0004070,1
ISIC_0027485,HAM_0003060,3
ISIC_0031437,HAM_0001376,1
ISIC_0027333,HAM_0000564,3
ISIC_0026620,HAM_0000435,3
ISIC_0025482,HAM_0000328,3
ISIC_0027227,HAM_0001833,3
ISIC_0024534,HAM_0003207,3
ISIC_0031313,HAM_0004094,1
ISIC_0030569,HAM_0003924,2
ISIC_0028048,HAM_0002631,3
ISIC_0024374,HAM_0005361,3
ISIC_0027597,HAM_0005242,3
ISIC_0026051,HAM_0005813,3
ISIC_0028184,HAM_0007152,1
ISIC_0028299,HAM_0001540,2
ISIC_0032419,HAM_0004879,1
ISIC_0030943,HAM_0000518,3
ISIC_0029848,HAM_0001993,3
ISIC_0024803,HAM_0001168,1
ISIC_0028985,HAM_0006611,2
ISIC_0025024,HAM_0002562,3
ISIC_0031685,HAM_0002054,3
ISIC_0026792,HAM_0001778,1
ISIC_0025815,HAM_0005036,3
ISIC_0029426,HAM_0002250,3
ISIC_0025664,HAM_0004619,2
ISIC_0029335,HAM_0005119,3
ISIC_0026087,HAM_0002378,1
ISIC_0030351,HAM_0004017,1
ISIC_0025104,HAM_0007128,1
ISIC_0025634,HAM_0004135,3
ISIC_0029883,HAM_0006382,1
ISIC_0026994,HAM_0002930,1
ISIC_0029266,HAM_0004750,2
ISIC_0024523,HAM_0006246,1
ISIC_0028789,HAM_0003032,3
ISIC_0029111,HAM_0003964,3
ISIC_0026540,HAM_0002778,3
ISIC_0027061,HAM_0007505,2
ISIC_0025607,HAM_0004757,3
ISIC_0030206,HAM_0000191,2
ISIC_0030274,HAM_0005100,3
ISIC_0025678,HAM_0006836,2
ISIC_0028349,HAM_0003841,2
ISIC_0032133,HAM_0007104,1
ISIC_0031256,HAM_0005065,1
ISIC_0032071,HAM_0006982,3
ISIC_0028062,HAM_0004964,2
ISIC_0024976,HAM_0006789,1
ISIC_0024815,HAM_0005166,1
ISIC_0031114,HAM_0005214,1
ISIC_0024492,HAM_0006736,3
ISIC_0026269,HAM_0007205,3
ISIC_0027935,HAM_0005219,3
ISIC_0030734,HAM_0004692,1
ISIC_0032484,HAM_0005506,2
ISIC_0025146,HAM_0000228,3
ISIC_0027156,HAM_0005172,3
ISIC_0027600,HAM_0001959,1
ISIC_0032367,HAM_0006415,1
ISIC_0026980,HAM_0005876,1
ISIC_0028721,HAM_0007173,3
ISIC_0025461,HAM_0000852,2
ISIC_0028160,HAM_0006659,2
ISIC_0028821,HAM_0003992,1
ISIC_0032202,HAM_0001170,1
ISIC_0027868,HAM_0003900,1
ISIC_0026651,HAM_0001969,2
ISIC_0029697,HAM_0005671,1
ISIC_0026875,HAM_0007539,3
ISIC_0027456,HAM_0005323,1
ISIC_0025747,HAM_0006911,2
ISIC_0027758,HAM_0007145,2
ISIC_0027869,HAM_0001411,2
ISIC_0026910,HAM_0003661,1
ISIC_0031963,HAM_0005521,2
ISIC_0031625,HAM_0001862,1
ISIC_0032002,HAM_0005130,1
ISIC_0031800,HAM_0003551,3
ISIC_0027566,HAM_0004664,1
ISIC_0024548,HAM_0007441,3
ISIC_0030374,HAM_0007095,3
ISIC_0032039,HAM_0005654,3
ISIC_0030306,HAM_0001904,2
ISIC_0025028,HAM_0003231,1
ISIC_0024687,HAM_0005247,1
ISIC_0027881,HAM_0004473,2
ISIC_0027621,HAM_0003595,2
ISIC_0032266,HAM_0002289,3
ISIC_0031682,HAM_0002144,2
ISIC_0025150,HAM_0003482,2
ISIC_0029471,HAM_0000205,1
ISIC_0025406,HAM_0002073,2
ISIC_0024501,HAM_0007044,1
ISIC_0031173,HAM_0005802,2
ISIC_0030285,HAM_0005178,3
ISIC_0026415,HAM_0000520,1
ISIC_0030570,HAM_0004885,2
ISIC_0026243,HAM_0002230,3
ISIC_0026470,HAM_0003314,2
ISIC_0028377,HAM_0007408,3
ISIC_0025090,HAM_0007258,3
ISIC_0030538,HAM_0003630,3
ISIC_0031637,HAM_0007159,1
ISIC_0030092,HAM_0002000,2
ISIC_0031190,HAM_0005028,3
ISIC_0031544,HAM_0001311,2
ISIC_0030814,HAM_0005675,2
ISIC_0030448,HAM_0005013,2
ISIC_0026032,HAM_0006370,2
ISIC_0025318,HAM_0000760,2
ISIC_0026710,HAM_0003732,3
ISIC_0024322,HAM_0001538,3
ISIC_0026128,HAM_0006033,2
ISIC_0030679,HAM_0005784,3
ISIC_0028712,HAM_0002160,3
ISIC_0026112,HAM_0000301,1
ISIC_0026830,HAM_0006461,1
ISIC_0032336,HAM_0002460,2
ISIC_0030477,HAM_0000141,1
ISIC_0027384,HAM_0005565,2
ISIC_0031882,HAM_0005341,3
ISIC_0026302,HAM_0003751,2
ISIC_0028817,HAM_0003294,1
ISIC_0026812,HAM_0007383,3
ISIC_0026129,HAM_0001035,3
ISIC_0031390,HAM_0007544,3
ISIC_0027215,HAM_0006950,3
ISIC_0030878,HAM_0007166,3
ISIC_0032467,HAM_0003234,2
ISIC_0029490,HAM_0003721,2
ISIC_0032005,HAM_0000455,2
ISIC_0026241,HAM_0003412,1
ISIC_0031086,HAM_0004159,1
ISIC_0029346,HAM_0004625,1
ISIC_0030461,HAM_0004252,3
ISIC_0030239,HAM_0001648,1
ISIC_0028058,HAM_0001005,2
ISIC_0025974,HAM_0001770,2
ISIC_0026915,HAM_0002851,3
ISIC_0031774,HAM_0002275,1
ISIC_0025981,HAM_0007499,2
ISIC_0031176,HAM_0003952,3
ISIC_0031865,HAM_0001556,1
ISIC_0032091,HAM_0003114,2
ISIC_0030174,HAM_0005259,2
ISIC_0024765,HAM_0005087,2
ISIC_0030099,HAM_0000474,3
ISIC_0024776,HAM_0000209,1
ISIC_0027019,HAM_0004629,2
ISIC_0026144,HAM_0000023,3
ISIC_0032263,HAM_0001290,1
ISIC_0027055,HAM_0005294,3
ISIC_0029388,HAM_0006144,2
ISIC_0030596,HAM_0006285,1
ISIC_0026208,HAM_0007201,1
ISIC_0028177,HAM_0000031,3
ISIC_0030502,HAM_0002991,1
ISIC_0030974,HAM_0005292,2
ISIC_0027765,HAM_0005307,3
ISIC_0025093,HAM_0003970,3
ISIC_0030337,HAM_0002640,1
ISIC_0030668,HAM_0006579,3
ISIC_0028105,HAM_0005397,1
ISIC_0028554,HAM_0000942,2
ISIC_0031636,HAM_0003469,3
ISIC_0031714,HAM_0004307,3
ISIC_0026718,HAM_0007285,3
ISIC_0025474,HAM_0004271,1
ISIC_0024510,HAM_0007453,2
ISIC_0025397,HAM_0004402,1
ISIC_0025756,HAM_0000608,2
ISIC_0032088,HAM_0007045,1
ISIC_0029367,HAM_0003304,2
ISIC_0032223,HAM_0003059,3
ISIC_0031355,HAM_0007466,1
ISIC_0025866,HAM_0001882,1
ISIC_0026854,HAM_0004842,1
ISIC_0026529,HAM_0007109,2
ISIC_0025806,HAM_0003948,2
ISIC_0030407,HAM_0005550,3
ISIC_0025822,HAM_0004404,2
ISIC_0027736,HAM_0006726,1
ISIC_0027610,HAM_0006996,1
ISIC_0031172,HAM_0002165,3
ISIC_0029689,HAM_0006976,2
ISIC_0028798,HAM_0007365,2
ISIC_0030748,HAM_0000540,1
ISIC_0027405,HAM_0004628,3
ISIC_0029599,HAM_0000499,2
ISIC_0024346,HAM_0003411,3
ISIC_0028912,HAM_0006448,1
ISIC_0029150,HAM_0005908,1
ISIC_0026920,HAM_0001806,2
ISIC_0026929,HAM_0005224,1
ISIC_0025929,HAM_0005195,1
ISIC_0029999,HAM_0001373,3
ISIC_0030711,HAM_0002418,3
ISIC_0031978,HAM_0007286,1
ISIC_0030971,HAM_0001700,1
ISIC_0027541,HAM_0007254,1
ISIC_0031898,HAM_0001008,2
ISIC_0029330,HAM_0005768,2
ISIC_0027283,HAM_0000265,2
ISIC_0027557,HAM_0005169,3
ISIC_0024563,HAM_0000497,1
ISIC_0027892,HAM_0004015,2
ISIC_0032487,HAM_0004301,2
ISIC_0027400,HAM_0002062,3
ISIC_0031357,HAM_0003289,2
ISIC_0026715,HAM_0005253,2
ISIC_0026773,HAM_0000021,3
ISIC_0025551,HAM_0003022,2
ISIC_0026292,HAM_0000477,2
ISIC_0026533,HAM_0001159,2
ISIC_0031156,HAM_0003209,3
ISIC_0030186,HAM_0006850,2
ISIC_0025740,HAM_0001308,2
ISIC_0032234,HAM_0004721,3
ISIC_0026355,HAM_0005015,3
ISIC_0026928,HAM_0001346,3
ISIC_0024663,HAM_0000640,3
ISIC_0027971,HAM_0007082,2
ISIC_0027309,HAM_0003199,3
ISIC_0029940,HAM_0007297,1
ISIC_0028786,HAM_0005272,3
ISIC_0026814,HAM_0003917,2
ISIC_0032056,HAM_0004306,1
ISIC_0024392,HAM_0006311,3
ISIC_0028906,HAM_0002891,1
ISIC_0030493,HAM_0004981,2
ISIC_0031715,HAM_0003464,2
ISIC_0026145,HAM_0005326,1
ISIC_0024822,HAM_0006131,2
ISIC_0028936,HAM_0005377,2
ISIC_0025109,HAM_0005031,3
ISIC_0027110,HAM_0006348,2
ISIC_0029508,HAM_0004966,3
ISIC_0024474,HAM_0002102,3
ISIC_0032454,HAM_0004634,1
ISIC_0030484,HAM_0007274,1
ISIC_0024989,HAM_0002035,3
ISIC_0027579,HAM_0004726,2
ISIC_0031167,HAM_0000270,1
ISIC_0027082,HAM_0000816,3
ISIC_0025082,HAM_0000158,3
ISIC_0027539,HAM_0006176,2
ISIC_0028647,HAM_0005849,3
ISIC_0031581,HAM_0003329,3
ISIC_0030262,HAM_0006474,1
ISIC_0029181,HAM_0003126,1
ISIC_0032399,HAM_0005677,1
ISIC_0029706,HAM_0003972,1
ISIC_0029550,HAM_0002394,1
ISIC_0025493,HAM_0000614,2
ISIC_0028745,HAM_0003214,1
ISIC_0029639,HAM_0001543,2
ISIC_0030556,HAM_0001771,1
ISIC_0026368,HAM_0005946,2
ISIC_0025481,HAM_0001909,3
ISIC_0026591,HAM_0001766,1
ISIC_0027712,HAM_0002784,1
ISIC_0029798,HAM_0003517,2
ISIC_0026397,HAM_0000340,1
ISIC_0030560,HAM_0007424,1
ISIC_0030414,HAM_0003717,2
ISIC_0026908,HAM_0002976,3
ISIC_0024957,HAM_0005179,1
ISIC_0029219,HAM_0001923,2
ISIC_0027453,HAM_0000780,1
ISIC_0026448,HAM_0002659,2
ISIC_0032143,HAM_0004796,1
ISIC_0030141,HAM_0001798,3
ISIC_0027813,HAM_0007153,3
ISIC_0025087,HAM_0004359,2
ISIC_0030815,HAM_0000305,1
ISIC_0029117,HAM_0002341,1
ISIC_0026385,HAM_0000577,3
ISIC_0026510,HAM_0002428,3
ISIC_0027593,HAM_0004552,1
ISIC_0029218,HAM_0005633,1
ISIC_0028027,HAM_0002254,1
ISIC_0027009,HAM_0003594,1
ISIC_0028397,HAM_0006183,2
ISIC_0027730,HAM_0000010,2
ISIC_0026570,HAM_0002728,3
ISIC_0030921,HAM_0000350,1
ISIC_0030657,HAM_0005639,1
ISIC_0026220,HAM_0005042,3
ISIC_0025944,HAM_0005634,1
ISIC_0029772,HAM_0006805,1
ISIC_0031792,HAM_0006961,2
ISIC_0028561,HAM_0005517,3
ISIC_0027022,HAM_0005453,3
ISIC_0024619,HAM_0006829,2
ISIC_0027723,HAM_0003264,1
ISIC_0026628,HAM_0006935,2
ISIC_0027357,HAM_0004540,1
ISIC_0031656,HAM_0000471,2
ISIC_0026093,HAM_0004704,2
ISIC_0025072,HAM_0006712,3
ISIC_0029871,HAM_0003529,1
ISIC_0027951,HAM_0005080,3
ISIC_0028769,HAM_0004242,1
ISIC_0027080,HAM_0000648,1
ISIC_0026478,HAM_0005656,2
ISIC_0027438,HAM_0006808,3
ISIC_0027775,HAM_0001754,1
ISIC_0024656,HAM_0003779,1
ISIC_0024807,HAM_0006922,3
ISIC_0029688,HAM_0006369,3
ISIC_0031320,HAM_0001206,3
ISIC_0032080,HAM_0005871,1
ISIC_0025894,HAM_0000017,3
ISIC_0030692,HAM_0001828,3
ISIC_0028908,HAM_0005281,2
ISIC_0024395,HAM_0000813,2
ISIC_0026791,HAM_0000555,2
ISIC_0026170,HAM_0001010,2
ISIC_0025242,HAM_0002747,2
ISIC_0032352,HAM_0004244,1
ISIC_0026572,HAM_0002583,2
ISIC_0026317,HAM_0004918,2
ISIC_0031273,HAM_0006687,3
ISIC_0027299,HAM_0000475,3
ISIC_0024736,HAM_0003762,1
ISIC_0024778,HAM_0001115,2
ISIC_0029748,HAM_0006260,1
ISIC_0028979,HAM_0004608,1
ISIC_0025437,HAM_0007273,2
ISIC_0029148,HAM_0000697,1
ISIC_0027206,HAM_0007158,2
ISIC_0032361,HAM_0001690,3
ISIC_0030775,HAM_0006665,1
ISIC_0028474,HAM_0004682,3
ISIC_0030752,HAM_0001483,3
ISIC_0031508,HAM_0003453,3
ISIC_0025379,HAM_0000587,3
ISIC_0031490,HAM_0005685,1
ISIC_0031675,HAM_0006939,1
ISIC_0027901,HAM_0004320,2
ISIC_0025036,HAM_0003724,1
ISIC_0031998,HAM_0002868,1
ISIC_0027477,HAM_0000641,2
ISIC_0027637,HAM_0002614,3
ISIC_0029484,HAM_0005296,3
ISIC_0026436,HAM_0000260,3
ISIC_0029128,HAM_0001436,1
ISIC_0027617,HAM_0000363,1
ISIC_0027457,HAM_0002457,2
ISIC_0029980,HAM_0000379,2
ISIC_0026624,HAM_0003961,3
ISIC_0032050,HAM_0002875,2
ISIC_0031033,HAM_0006767,3
ISIC_0029087,HAM_0000911,1
ISIC_0029711,HAM_0002544,1
ISIC_0025126,HAM_0002953,3
ISIC_0025792,HAM_0001634,1
ISIC_0025162,HAM_0003353,1
ISIC_0025639,HAM_0004647,3
ISIC_0031104,HAM_0000945,2
ISIC_0026407,HAM_0001736,2
ISIC_0026235,HAM_0002649,3
ISIC_0026064,HAM_0003714,3
ISIC_0029695,HAM_0007377,2
ISIC_0031165,HAM_0006413,3
ISIC_0030291,HAM_0004983,1
ISIC_0027638,HAM_0004527,3
ISIC_0026503,HAM_0004148,2
ISIC_0028459,HAM_0006109,2
ISIC_0032075,HAM_0005534,3
ISIC_0027636,HAM_0001109,1
ISIC_0030402,HAM_0002019,3
ISIC_0025720,HAM_0004464,2
ISIC_0029844,HAM_0002999,2
ISIC_0027941,HAM_0002290,3
ISIC_0030265,HAM_0003374,1
ISIC_0030505,HAM_0007190,1
ISIC_0026900,HAM_0001363,1
ISIC_0025119,HAM_0002859,3
ISIC_0025976,HAM_0000565,2
ISIC_0026474,HAM_0003950,2
ISIC_0028182,HAM_0000426,1
ISIC_0027230,HAM_0001687,2
ISIC_0030248,HAM_0006403,3
ISIC_0026691,HAM_0001034,3
ISIC_0031144,HAM_0006316,2
ISIC_0024574,HAM_0005390,1
ISIC_0025293,HAM_0000885,3
ISIC_0025580,HAM_0002938,3
ISIC_0028246,HAM_0005538,3
ISIC_0028392,HAM_0002634,1
ISIC_0025965,HAM_0005210,2
ISIC_0024570,HAM_0006307,1
ISIC_0031724,HAM_0006919,3
ISIC_0028552,HAM_0000240,2
ISIC_0024965,HAM_0000733,3
ISIC_0026322,HAM_0007624,2
ISIC_0032084,HAM_0003067,1
ISIC_0024859,HAM_0003390,2
ISIC_0027695,HAM_0005445,3
ISIC_0032052,HAM_0000669,1
ISIC_0029440,HAM_0000829,2
ISIC_0025968,HAM_0007490,2
ISIC_0026727,HAM_0005920,3
ISIC_0028934,HAM_0000514,3
ISIC_0026945,HAM_0003999,2
ISIC_0031004,HAM_0001408,1
ISIC_0024393,HAM_0001432,2
ISIC_0025404,HAM_0000251,2
ISIC_0030373,HAM_0007362,1
ISIC_0032183,HAM_0007351,1
ISIC_0024321,HAM_0003511,3
ISIC_0029322,HAM_0001371,3
ISIC_0030468,HAM_0003703,2
ISIC_0025296,HAM_0006862,1
ISIC_0031240,HAM_0004602,1
ISIC_0027807,HAM_0005406,2
ISIC_0030037,HAM_0002568,1
ISIC_0025549,HAM_0005128,2
ISIC_0026906,HAM_0005782,1
ISIC_0032272,HAM_0005917,2
ISIC_0032320,HAM_0005990,2
ISIC_0028221,HAM_0003930,3
ISIC_0026252,HAM_0003651,3
ISIC_0028427,HAM_0002931,2
ISIC_0025236,HAM_0004262,1
ISIC_0032250,HAM_0005875,3
ISIC_0024543,HAM_0004749,2
ISIC_0025714,HAM_0000458,2
ISIC_0032239,HAM_0004858,1
ISIC_0025925,HAM_0000803,3
ISIC_0026261,HAM_0005067,1
ISIC_0026859,HAM_0006090,2
ISIC_0028683,HAM_0006839,3
ISIC_0025997,HAM_0001256,3
ISIC_0028422,HAM_0002820,3
ISIC_0030450,HAM_0006328,3
ISIC_0028612,HAM_0002403,3
ISIC_0028695,HAM_0006010,1
ISIC_0031969,HAM_0004528,2
ISIC_0029795,HAM_0002737,2
ISIC_0029721,HAM_0006212,2
ISIC_0028383,HAM_0005556,2
ISIC_0027927,HAM_0006614,1
ISIC_0025377,HAM_0007211,2
ISIC_0030614,HAM_0001568,1
ISIC_0031116,HAM_0004217,2
ISIC_0031535,HAM_0003298,2
ISIC_0024307,HAM_0003577,2
ISIC_0027153,HAM_0000853,2
ISIC_0030357,HAM_0004026,3
ISIC_0030513,HAM_0006060,1
ISIC_0030562,HAM_0004093,3
ISIC_0027542,HAM_0007509,1
ISIC_0032198,HAM_0001093,2
ISIC_0026527,HAM_0002438,1
ISIC_0028731,HAM_0002407,2
ISIC_0030643,HAM_0004894,3
ISIC_0030684,HAM_0007328,2
ISIC_0027353,HAM_0004471,1
ISIC_0026701,HAM_0002389,3
ISIC_0031162,HAM_0003490,1
ISIC_0030916,HAM_0006642,1
ISIC_0032004,HAM_0000623,2
ISIC_0027225,HAM_0000405,1
ISIC_0032413,HAM_0004723,1
ISIC_0026828,HAM_0000840,2
ISIC_0030154,HAM_0000293,1
ISIC_0027589,HAM_0004718,1
ISIC_0029125,HAM_0001193,1
ISIC_0024794,HAM_0006811,1
ISIC_0027304,HAM_0005825,2
ISIC_0025649,HAM_0005269,2
ISIC_0025701,HAM_0000359,3
ISIC_0025685,HAM_0003029,3
ISIC_0031275,HAM_0001827,1
ISIC_0032120,HAM_0000901,2
ISIC_0025736,HAM_0004948,3
ISIC_0031343,HAM_0006505,1
ISIC_0029702,HAM_0000824,1
ISIC_0030989,HAM_0000784,3
ISIC_0030131,HAM_0002064,2
ISIC_0026965,HAM_0000470,1
ISIC_0030409,HAM_0001181,2
ISIC_0026734,HAM_0007161,1
ISIC_0025167,HAM_0005285,1
ISIC_0030196,HAM_0006361,3
ISIC_0026983,HAM_0006404,1
ISIC_0029423,HAM_0005177,1
ISIC_0028514,HAM_0002311,1
ISIC_0030385,HAM_0000997,1
ISIC_0030166,HAM_0007270,2
ISIC_0024456,HAM_0003612,1
ISIC_0025890,HAM_0000646,1
ISIC_0025648,HAM_0004298,3
ISIC_0027217,HAM_0003842,1
ISIC_0025272,HAM_0004915,2
ISIC_0024306,HAM_0000550,2
ISIC_0027148,HAM_0005949,1
ISIC_0027534,HAM_0001885,3
ISIC_0027232,HAM_0003708,1
ISIC_0031120,HAM_0002014,2
ISIC_0025626,HAM_0007177,2
ISIC_0026683,HAM_0006731,1
ISIC_0031089,HAM_0003467,2
ISIC_0029009,HAM_0001705,3
ISIC_0029267,HAM_0000975,3
ISIC_0030613,HAM_0006298,3
ISIC_0025698,HAM_0002654,2
ISIC_0026896,HAM_0002328,3
ISIC_0031141,HAM_0006278,2
ISIC_0026505,HAM_0003047,1
ISIC_0025448,HAM_0003733,1
ISIC_0028071,HAM_0000969,2
ISIC_0029246,HAM_0003666,3
ISIC_0031230,HAM_0003077,3
ISIC_0027016,HAM_0002369,3
ISIC_0031032,HAM_0001611,1
ISIC_0030554,HAM_0005422,2
ISIC_0027378,HAM_0002989,1
ISIC_0031373,HAM_0004649,2
ISIC_0031854,HAM_0007593,3
ISIC_0025135,HAM_0000530,2
ISIC_0026119,HAM_0005827,3
ISIC_0028674,HAM_0000962,1
ISIC_0029714,HAM_0006494,3
ISIC_0027474,HAM_0000315,2
ISIC_0024920,HAM_0005731,2
ISIC_0024469,HAM_0001468,3
ISIC_0028345,HAM_0007298,3
ISIC_0028741,HAM_0003549,1
ISIC_0028853,HAM_0001047,1
ISIC_0025430,HAM_0002972,3
ISIC_0025917,HAM_0003500,2
ISIC_0027740,HAM_0003397,2
ISIC_0027981,HAM_0006648,1
ISIC_0032499,HAM_0004250,2
ISIC_0027570,HAM_0001071,3
ISIC_0025951,HAM_0002200,3
ISIC_0030042,HAM_0004436,1
ISIC_0030764,HAM_0001074,2
ISIC_0030718,HAM_0005373,1
ISIC_0031260,HAM_0001114,2
ISIC_0025060,HAM_0004394,3
ISIC_0026972,HAM_0001251,3
ISIC_0030947,HAM_0001850,1
ISIC_0028192,HAM_0006656,3
ISIC_0026653,HAM_0001535,3
ISIC_0029364,HAM_0002635,2
ISIC_0025125,HAM_0006338,1
ISIC_0024621,HAM_0000314,3
ISIC_0026747,HAM_0006169,3
ISIC_0024858,HAM_0004732,2
ISIC_0025561,HAM_0000739,2
ISIC_0030857,HAM_0003479,2
ISIC_0030863,HAM_0005070,2
ISIC_0029324,HAM_0007380,2
ISIC_0028277,HAM_0005168,2
ISIC_0031864,HAM_0001394,1
ISIC_0029106,HAM_0006337,3
ISIC_0025817,HAM_0002542,3
ISIC_0031423,HAM_0002982,1
ISIC_0025361,HAM_0004901,1
ISIC_0029050,HAM_0003481,1
ISIC_0031816,HAM_0005321,2
ISIC_0029722,HAM_0003338,1
ISIC_0027682,HAM_0002550,3
ISIC_0030975,HAM_0005767,3
ISIC_0032054,HAM_0005350,2
ISIC_0030101,HAM_0004712,2
ISIC_0024731,HAM_0001298,2
ISIC_0029171,HAM_0004179,2
ISIC_0031763,HAM_0004551,2
ISIC_0030342,HAM_0006508,2
ISIC_0027247,HAM_0001447,2
ISIC_0027116,HAM_0002656,3
ISIC_0026946,HAM_0007040,1
ISIC_0031801,HAM_0000990,2
ISIC_0026966,HAM_0006344,1
ISIC_0028752,HAM_0001695,1
ISIC_0025884,HAM_0001999,2
ISIC_0032479,HAM_0006500,1
ISIC_0031471,HAM_0004154,2
ISIC_0031030,HAM_0001832,1
ISIC_0030480,HAM_0004468,3
ISIC_0028667,HAM_0003806,3
ISIC_0027191,HAM_0003701,1
ISIC_0027032,HAM_0002093,1
ISIC_0030867,HAM_0007578,2
ISIC_0030928,HAM_0002047,1
ISIC_0025704,HAM_0001253,1
ISIC_0031764,HAM_0003454,1
ISIC_0029419,HAM_0002469,2
ISIC_0024849,HAM_0004573,2
ISIC_0026065,HAM_0004554,3
ISIC_0025754,HAM_0006797,1
ISIC_0028595,HAM_0003237,2
ISIC_0026413,HAM_0005431,3
ISIC_0028157,HAM_0004865,2
ISIC_0026377,HAM_0001019,3
ISIC_0026597,HAM_0002339,3
ISIC_0026259,HAM_0000761,2
ISIC_0029074,HAM_0000678,2
ISIC_0029016,HAM_0006441,3
ISIC_0030927,HAM_0002948,2
ISIC_0025717,HAM_0007461,2
ISIC_0031128,HAM_0004287,2
ISIC_0029968,HAM_0001559,3
ISIC_0029084,HAM_0003552,3
ISIC_0030529,HAM_0001459,3
ISIC_0030984,HAM_0000317,3
ISIC_0030221,HAM_0001350,1
ISIC_0032268,HAM_0000487,1
ISIC_0028250,HAM_0004727,2
ISIC_0029378,HAM_0006620,1
ISIC_0025200,HAM_0002388,1
ISIC_0026695,HAM_0002713,1
ISIC_0029903,HAM_0001102,1
ISIC_0031870,HAM_0003028,3
ISIC_0025281,HAM_0007416,3
ISIC_0024455,HAM_0006585,1
ISIC_0028501,HAM_0000142,2
ISIC_0029956,HAM_0005073,1
ISIC_0025259,HAM_0003306,3
ISIC_0031782,HAM_0002636,3
ISIC_0029684,HAM_0005754,1
ISIC_0030769,HAM_0000131,3
ISIC_0030853,HAM_0000078,3
ISIC_0025343,HAM_0001476,1
ISIC_0032276,HAM_0005174,2
ISIC_0029816,HAM_0003074,1
ISIC_0028896,HAM_0005659,1
ISIC_0031112,HAM_0001924,1
ISIC_0026412,HAM_0002873,1
ISIC_0031391,HAM_0002203,1
ISIC_0032094,HAM_0006087,3
ISIC_0029057,HAM_0000244,3
ISIC_0027500,HAM_0006082,2
ISIC_0026762,HAM_0002056,1
ISIC_0025332,HAM_0001261,3
ISIC_0024414,HAM_0006226,3
ISIC_0028976,HAM_0003100,2
ISIC_0027228,HAM_0001972,1
ISIC_0024749,HAM_0005204,3
ISIC_0027885,HAM_0002133,1
ISIC_0028997,HAM_0001163,2
ISIC_0031505,HAM_0005991,3
ISIC_0030855,HAM_0007610,2
ISIC_0026469,HAM_0003553,3
ISIC_0027785,HAM_0006259,1
ISIC_0024342,HAM_0001981,1
ISIC_0028081,HAM_0000086,3
ISIC_0030495,HAM_0003111,1
ISIC_0026999,HAM_0006075,1
ISIC_0027496,HAM_0004139,3
ISIC_0029762,HAM_0007587,2
ISIC_0031787,HAM_0002478,3
ISIC_0029758,HAM_0004314,1
ISIC_0025632,HAM_0004223,2
ISIC_0027434,HAM_0001668,3
ISIC_0031244,HAM_0001822,3
ISIC_0029103,HAM_0004798,2
ISIC_0027476,HAM_0001942,2
ISIC_0025768,HAM_0002512,3
ISIC_0031467,HAM_0002642,3
ISIC_0030884,HAM_0006432,3
ISIC_0026143,HAM_0002776,3
ISIC_0032213,HAM_0003656,2
ISIC_0031891,HAM_0000506,2
ISIC_0027205,HAM_0005706,3
ISIC_0028729,HAM_0006989,3
ISIC_0027696,HAM_0002155,3
ISIC_0025059,HAM_0000450,2
ISIC_0026165,HAM_0005950,3
ISIC_0024589,HAM_0000413,2
ISIC_0031655,HAM_0003854,2
ISIC_0032106,HAM_0004526,2
ISIC_0030368,HAM_0006422,3
ISIC_0026779,HAM_0004728,3
ISIC_0032370,HAM_0003916,3
ISIC_0032502,HAM_0006650,2
ISIC_0029071,HAM_0000096,3
ISIC_0024779,HAM_0003631,1
ISIC_0028313,HAM_0004166,1
ISIC_0029383,HAM_0005344,3
ISIC_0031793,HAM_0003096,1
ISIC_0027366,HAM_0005839,1
ISIC_0025629,HAM_0002977,1
ISIC_0024755,HAM_0006133,2
ISIC_0025591,HAM_0006446,1
ISIC_0029723,HAM_0002440,2
ISIC_0027376,HAM_0005032,3
ISIC_0024500,HAM_0004465,1
ISIC_0029621,HAM_0007132,1
ISIC_0029503,HAM_0006894,3
ISIC_0029458,HAM_0002762,2
ISIC_0032121,HAM_0006000,1
ISIC_0025071,HAM_0006986,2
ISIC_0029866,HAM_0006761,3
ISIC_0029921,HAM_0002453,3
ISIC_0024388,HAM_0002667,3
ISIC_0032469,HAM_0002892,2
ISIC_0030087,HAM_0006248,3
ISIC_0026638,HAM_0005929,1
ISIC_0027833,HAM_0003461,3
ISIC_0028249,HAM_0002118,2
ISIC_0024866,HAM_0007068,2
ISIC_0029858,HAM_0005965,3
ISIC_0031082,HAM_0001932,3
ISIC_0031492,HAM_0003638,3
ISIC_0027035,HAM_0003331,3
ISIC_0028875,HAM_0002492,2
ISIC_0027132,HAM_0004987,1
ISIC_0025998,HAM_0000370,2
ISIC_0024719,HAM_0007154,2
ISIC_0026484,HAM_0002608,3
ISIC_0031939,HAM_0002028,1
ISIC_0027173,HAM_0005472,1
ISIC_0029156,HAM_0001571,1
ISIC_0024648,HAM_0002304,1
ISIC_0030584,HAM_0005458,2
ISIC_0029399,HAM_0004059,3
ISIC_0030294,HAM_0007215,1
ISIC_0031861,HAM_0000033,2
ISIC_0030701,HAM_0005045,1
ISIC_0028907,HAM_0005698,2
ISIC_0028245,HAM_0006067,3
ISIC_0029663,HAM_0002039,1
ISIC_0027518,HAM_0000346,1
ISIC_0031747,HAM_0003213,1
ISIC_0032117,HAM_0006336,2
ISIC_0030510,HAM_0000895,2
ISIC_0025107,HAM_0001887,2
ISIC_0027686,HAM_0002673,1
ISIC_0030163,HAM_0006140,2
ISIC_0028954,HAM_0000166,2
ISIC_0031723,HAM_0006818,2
ISIC_0030999,HAM_0006057,3
ISIC_0026312,HAM_0006927,3
ISIC_0030022,HAM_0002347,1
ISIC_0024775,HAM_0004561,3
ISIC_0028409,HAM_0005133,3
ISIC_0027460,HAM_0000137,1
ISIC_0031928,HAM_0007214,1
ISIC_0030286,HAM_0000793,3
ISIC_0031634,HAM_0000341,1
ISIC_0031664,HAM_0003871,1
ISIC_0028796,HAM_0002420,2
ISIC_0026860,HAM_0000334,2
ISIC_0028340,HAM_0000908,3
ISIC_0026507,HAM_0006091,3
ISIC_0030861,HAM_0002496,3
ISIC_0029073,HAM_0001774,1
ISIC_0025949,HAM_0005050,3
ISIC_0029757,HAM_0001288,2
ISIC_0024735,HAM_0006378,2
ISIC_0026486,HAM_0004845,3
ISIC_0026025,HAM_0002396,1
ISIC_0032237,HAM_0003370,1
ISIC_0027092,HAM_0007582,1
ISIC_0030327,HAM_0005815,1
ISIC_0025307,HAM_0002362,2
ISIC_0025369,HAM_0004896,3
ISIC_0024542,HAM_0000224,2
ISIC_0029767,HAM_0003734,2
ISIC_0030379,HAM_0003416,2
ISIC_0026221,HAM_0006676,1
ISIC_0030213,HAM_0005622,3
ISIC_0028782,HAM_0000528,1
ISIC_0025733,HAM_0006509,2
ISIC_0025827,HAM_0005799,1
ISIC_0027185,HAM_0003849,1
ISIC_0026686,HAM_0004319,3
ISIC_0026155,HAM_0002458,3
ISIC_0032093,HAM_0004005,2
ISIC_0024737,HAM_0003219,2
ISIC_0028140,HAM_0002814,3
ISIC_0032449,HAM_0006127,2
ISIC_0031665,HAM_0007007,1
ISIC_0025058,HAM_0005959,3
ISIC_0024616,HAM_0004241,1
ISIC_0031135,HAM_0000401,3
ISIC_0028407,HAM_0001345,2
ISIC_0027193,HAM_0002308,3
ISIC_0029137,HAM_0002048,1
ISIC_0025935,HAM_0006029,3
ISIC_0029605,HAM_0005502,1
ISIC_0025348,HAM_0002688,1
ISIC_0027274,HAM_0007472,2
ISIC_0031110,HAM_0004510,3
ISIC_0026257,HAM_0002630,2
ISIC_0029782,HAM_0007120,2
ISIC_0031370,HAM_0007092,2
ISIC_0025067,HAM_0007432,3
ISIC_0029649,HAM_0000586,2
ISIC_0032255,HAM_0005145,3
ISIC_0026127,HAM_0000199,3
ISIC_0031990,HAM_0004736,2
ISIC_0031914,HAM_0002767,1
ISIC_0031382,HAM_0003954,1
ISIC_0032252,HAM_0005895,2
ISIC_0031739,HAM_0001748,3
ISIC_0026162,HAM_0005525,3
ISIC_0027028,HAM_0005912,3
ISIC_0026344,HAM_0000221,3
ISIC_0028855,HAM_0005201,2
ISIC_0031227,HAM_0002252,3
ISIC_0027940,HAM_0003436,2
ISIC_0026380,HAM_0000533,3
ISIC_0029497,HAM_0001300,1
ISIC_0027602,HAM_0001006,3
ISIC_0030398,HAM_0003834,2
ISIC_0026864,HAM_0000420,1
ISIC_0028074,HAM_0006440,2
ISIC_0031855,HAM_0002843,3
ISIC_0029398,HAM_0002101,1
ISIC_0028986,HAM_0007338,1
ISIC_0028187,HAM_0006471,3
ISIC_0024398,HAM_0001672,1
ISIC_0032171,HAM_0006536,2
ISIC_0030250,HAM_0002163,1
ISIC_0027655,HAM_0006436,2
ISIC_0030330,HAM_0002399,1
ISIC_0029852,HAM_0002444,3
ISIC_0027372,HAM_0004567,1
ISIC_0026750,HAM_0000906,1
ISIC_0030869,HAM_0004838,1
ISIC_0030395,HAM_0002980,1
ISIC_0025852,HAM_0001403,2
ISIC_0029949,HAM_0002337,1
ISIC_0025190,HAM_0006096,1
ISIC_0030222,HAM_0002213,1
ISIC_0026058,HAM_0007361,3
ISIC_0025920,HAM_0007194,3
ISIC_0027321,HAM_0006215,2
ISIC_0031235,HAM_0007055,1
ISIC_0029768,HAM_0002479,1
ISIC_0029261,HAM_0001977,1
ISIC_0026228,HAM_0003168,3
ISIC_0028036,HAM_0000084,3
ISIC_0031878,HAM_0004950,3
ISIC_0029047,HAM_0002340,1
ISIC_0030494,HAM_0004715,1
ISIC_0027182,HAM_0000172,3
ISIC_0028055,HAM_0002697,2
ISIC_0026535,HAM_0000691,1
ISIC_0024399,HAM_0004064,1
ISIC_0029338,HAM_0002141,1
ISIC_0029205,HAM_0002247,1
ISIC_0025608,HAM_0003624,1
ISIC_0032298,HAM_0000694,3
ISIC_0029732,HAM_0006356,3
ISIC_0024603,HAM_0006141,2
ISIC_0026387,HAM_0003240,2
ISIC_0027641,HAM_0006084,1
ISIC_0029868,HAM_0000008,2
ISIC_0025429,HAM_0007547,1
ISIC_0026548,HAM_0006255,3
ISIC_0031687,HAM_0004741,3
ISIC_0027134,HAM_0004577,1
ISIC_0026635,HAM_0004057,3
ISIC_0027647,HAM_0002132,2
ISIC_0031992,HAM_0006431,1
ISIC_0031810,HAM_0000544,1
ISIC_0028895,HAM_0003567,1
ISIC_0029626,HAM_0002564,2
ISIC_0032416,HAM_0003347,1
ISIC_0029622,HAM_0004276,1
ISIC_0027879,HAM_0003863,1
ISIC_0029587,HAM_0003160,3
ISIC_0031846,HAM_0001286,3
ISIC_0026685,HAM_0002475,3
ISIC_0025896,HAM_0005922,2
ISIC_0031022,HAM_0000875,2
ISIC_0029019,HAM_0005221,2
ISIC_0028398,HAM_0003399,2
ISIC_0032275,HAM_0003489,1
ISIC_0032264,HAM_0006814,1
ISIC_0029941,HAM_0001089,3
ISIC_0025503,HAM_0005423,3
ISIC_0028278,HAM_0002191,3
ISIC_0029691,HAM_0002880,1
ISIC_0028394,HAM_0004684,1
ISIC_0031551,HAM_0001674,3
ISIC_0024508,HAM_0006598,2
ISIC_0030924,HAM_0004049,3
ISIC_0024769,HAM_0002863,3
ISIC_0027955,HAM_0001099,2
ISIC_0031862,HAM_0004446,1
ISIC_0025494,HAM_0000677,2
ISIC_0029611,HAM_0000818,3
ISIC_0027289,HAM_0003565,2
ISIC_0030178,HAM_0003533,2
ISIC_0028742,HAM_0004062,3
ISIC_0026918,HAM_0006573,3
ISIC_0025913,HAM_0003409,3
ISIC_0026642,HAM_0004855,1
ISIC_0031590,HAM_0003786,3
ISIC_0032064,HAM_0002482,3
ISIC_0026331,HAM_0005940,1
ISIC_0027362,HAM_0000826,1
ISIC_0030475,HAM_0006051,2
ISIC_0024689,HAM_0000610,1
ISIC_0032464,HAM_0001865,3
ISIC_0028046,HAM_0003719,2
ISIC_0028382,HAM_0002522,2
ISIC_0025333,HAM_0007515,1
ISIC_0028691,HAM_0001161,3
ISIC_0026082,HAM_0002379,1
ISIC_0029379,HAM_0002781,2
ISIC_0032483,HAM_0004104,3
ISIC_0027508,HAM_0003880,1
ISIC_0032032,HAM_0000681,1
ISIC_0024953,HAM_0000252,1
ISIC_0025023,HAM_0006381,3
ISIC_0025186,HAM_0002586,2
ISIC_0027749,HAM_0000466,3
ISIC_0029380,HAM_0005171,1
ISIC_0029593,HAM_0004229,3
ISIC_0027603,HAM_0003922,3
ISIC_0030703,HAM_0002373,3
ISIC_0030467,HAM_0004759,1
ISIC_0025462,HAM_0000367,3
ISIC_0028432,HAM_0004778,1
ISIC_0028491,HAM_0004758,2
ISIC_0025211,HAM_0003245,3
ISIC_0029948,HAM_0001988,2
ISIC_0030228,HAM_0002777,1
ISIC_0028541,HAM_0004096,1
ISIC_0028521,HAM_0002446,1
ISIC_0029433,HAM_0001445,2
ISIC_0028470,HAM_0000811,3
ISIC_0025586,HAM_0004498,3
ISIC_0030386,HAM_0003201,1
ISIC_0032401,HAM_0001229,3
ISIC_0030252,HAM_0002263,1
ISIC_0024528,HAM_0002857,1
ISIC_0026102,HAM_0006841,3
ISIC_0029240,HAM_0006012,2
ISIC_0028000,HAM_0001496,2
ISIC_0027934,HAM_0001398,3
ISIC_0030713,HAM_0006866,2
ISIC_0028506,HAM_0006838,2
ISIC_0028256,HAM_0004218,2
ISIC_0025858,HAM_0007473,2
ISIC_0024844,HAM_0007217,1
ISIC_0027824,HAM_0000343,3
ISIC_0024551,HAM_0002629,2
ISIC_0031493,HAM_0007146,2
ISIC_0027993,HAM_0004659,3
ISIC_0027599,HAM_0000399,2
ISIC_0031574,HAM_0005928,1
ISIC_0032473,HAM_0004631,1
ISIC_0031834,HAM_0004640,3
ISIC_0025624,HAM_0006783,2
ISIC_0025882,HAM_0000978,3
ISIC_0028070,HAM_0000989,3
ISIC_0031336,HAM_0002085,2
ISIC_0032010,HAM_0000445,1
ISIC_0027391,HAM_0000037,2
ISIC_0025770,HAM_0004913,2
ISIC_0032224,HAM_0005033,1
ISIC_0026639,HAM_0002410,2
ISIC_0031979,HAM_0003318,1
ISIC_0031680,HAM_0003731,1
ISIC_0026917,HAM_0001898,1
ISIC_0025207,HAM_0007353,3
ISIC_0029738,HAM_0003637,2
ISIC_0031627,HAM_0002210,2
ISIC_0027804,HAM_0005841,3
ISIC_0031828,HAM_0005788,1
ISIC_0025395,HAM_0000371,1
ISIC_0030304,HAM_0000493,2
ISIC_0030982,HAM_0006054,3
ISIC_0025445,HAM_0007536,3
ISIC_0031419,HAM_0005923,2
ISIC_0031949,HAM_0007412,2
ISIC_0031840,HAM_0006991,3
ISIC_0028740,HAM_0004977,3
ISIC_0024549,HAM_0002385,2
ISIC_0032160,HAM_0004874,2
ISIC_0031491,HAM_0006918,2
ISIC_0032178,HAM_0000651,3
ISIC_0028788,HAM_0002351,1
ISIC_0032451,HAM_0000414,3
ISIC_0029625,HAM_0004292,2
ISIC_0031444,HAM_0006892,1
ISIC_0028563,HAM_0002126,2
ISIC_0030779,HAM_0002716,2
ISIC_0029681,HAM_0000583,3
ISIC_0027656,HAM_0002578,1
ISIC_0027014,HAM_0002627,1
ISIC_0030113,HAM_0005729,2
ISIC_0030100,HAM_0002694,2
ISIC_0027913,HAM_0001564,2
ISIC_0028374,HAM_0005398,1
ISIC_0025991,HAM_0000595,3
ISIC_0024335,HAM_0004431,2
ISIC_0024614,HAM_0001257,3
ISIC_0025566,HAM_0006117,1
ISIC_0028134,HAM_0004022,2
ISIC_0028259,HAM_0001348,1
ISIC_0026187,HAM_0003258,3
ISIC_0025962,HAM_0006297,1
ISIC_0024347,HAM_0003121,3
ISIC_0029631,HAM_0003170,3
ISIC_0031736,HAM_0004993,3
ISIC_0028416,HAM_0003332,3
ISIC_0024607,HAM_0002563,3
ISIC_0025382,HAM_0003793,1
ISIC_0030572,HAM_0000809,2
ISIC_0024499,HAM_0000708,1
ISIC_0028181,HAM_0006777,2
ISIC_0027131,HAM_0000088,1
ISIC_0026196,HAM_0006632,1
ISIC_0028203,HAM_0007438,2
ISIC_0025077,HAM_0003456,3
ISIC_0030084,HAM_0004616,2
ISIC_0029428,HAM_0003291,1
ISIC_0031324,HAM_0003628,2
ISIC_0029158,HAM_0004689,3
ISIC_0025306,HAM_0005271,2
ISIC_0024903,HAM_0004238,2
ISIC_0031514,HAM_0005029,1
ISIC_0024413,HAM_0001110,3
ISIC_0026428,HAM_0004931,3
ISIC_0029114,HAM_0007231,3
ISIC_0026356,HAM_0001039,3
ISIC_0028886,HAM_0002995,1
ISIC_0025420,HAM_0007537,2
ISIC_0026204,HAM_0000670,3
ISIC_0028753,HAM_0001303,2
ISIC_0032351,HAM_0006963,2
ISIC_0025423,HAM_0002229,2
ISIC_0024993,HAM_0000147,2
ISIC_0029144,HAM_0007319,1
ISIC_0024442,HAM_0001439,3
ISIC_0027619,HAM_0006286,1
ISIC_0031155,HAM_0001797,3
ISIC_0030939,HAM_0004045,1
ISIC_0030212,HAM_0000605,2
ISIC_0026612,HAM_0006561,1
ISIC_0031129,HAM_0006848,2
ISIC_0029590,HAM_0002679,2
ISIC_0029451,HAM_0006981,2
ISIC_0029990,HAM_0002858,3
ISIC_0029648,HAM_0005099,1
ISIC_0030671,HAM_0006578,3
ISIC_0030667,HAM_0004530,1
ISIC_0024742,HAM_0000111,2
ISIC_0024905,HAM_0007392,2
ISIC_0025203,HAM_0004048,3
ISIC_0030686,HAM_0001592,3
ISIC_0026627,HAM_0003519,2
ISIC_0030881,HAM_0004101,3
ISIC_0029375,HAM_0003012,3
ISIC_0025185,HAM_0006971,2
ISIC_0028781,HAM_0005208,2
ISIC_0028093,HAM_0004073,1
ISIC_0031994,HAM_0002669,2
ISIC_0032122,HAM_0000018,2
ISIC_0026509,HAM_0006142,3
ISIC_0031210,HAM_0004390,3
ISIC_0029304,HAM_0001955,1
ISIC_0032286,HAM_0006959,1
ISIC_0030392,HAM_0003395,2
ISIC_0029228,HAM_0003492,2
ISIC_0025821,HAM_0002528,1
ISIC_0029237,HAM_0006477,2
ISIC_0028274,HAM_0007597,2
ISIC_0027449,HAM_0006410,3
ISIC_0028269,HAM_0001282,1
ISIC_0030631,HAM_0000883,1
ISIC_0029960,HAM_0001451,2
ISIC_0024506,HAM_0004340,2
ISIC_0030476,HAM_0005372,1
ISIC_0024764,HAM_0007246,3
ISIC_0028072,HAM_0000081,1
ISIC_0027243,HAM_0007288,1
ISIC_0031067,HAM_0005615,3
ISIC_0026985,HAM_0006607,1
ISIC_0028096,HAM_0002638,2
ISIC_0031214,HAM_0002148,3
ISIC_0030482,HAM_0006951,3
ISIC_0024670,HAM_0002935,1
ISIC_0025829,HAM_0000409,1
ISIC_0031902,HAM_0005432,2
ISIC_0031073,HAM_0001800,2
ISIC_0029325,HAM_0000026,1
ISIC_0024766,HAM_0004386,3
ISIC_0030834,HAM_0001871,1
ISIC_0026463,HAM_0006948,2
ISIC_0031856,HAM_0007197,3
ISIC_0027923,HAM_0003643,3
ISIC_0029283,HAM_0001873,2
ISIC_0026721,HAM_0002790,1
ISIC_0026405,HAM_0005964,3
ISIC_0026078,HAM_0005108,1
ISIC_0030071,HAM_0002883,1
ISIC_0025502,HAM_0002125,3
ISIC_0025163,HAM_0002320,1
ISIC_0026997,HAM_0004972,2
ISIC_0025280,HAM_0001583,3
ISIC_0026164,HAM_0002872,1
ISIC_0030471,HAM_0002540,1
ISIC_0030132,HAM_0005857,3
ISIC_0029321,HAM_0007162,3
ISIC_0029709,HAM_0003763,3
ISIC_0032105,HAM_0006102,3
ISIC_0030419,HAM_0005063,3
ISIC_0030474,HAM_0005399,1
ISIC_0031280,HAM_0004843,3
ISIC_0026508,HAM_0005807,3
ISIC_0028244,HAM_0001533,3
ISIC_0032259,HAM_0004333,3
ISIC_0025666,HAM_0005882,2
ISIC_0027794,HAM_0002072,3
ISIC_0031274,HAM_0006305,3
ISIC_0025796,HAM_0002830,2
ISIC_0030745,HAM_0000115,1
ISIC_0029769,HAM_0004107,3
ISIC_0025110,HAM_0001893,2
ISIC_0025895,HAM_0000478,1
ISIC_0027694,HAM_0007405,2
ISIC_0030994,HAM_0001569,2
ISIC_0031028,HAM_0002941,1
ISIC_0030454,HAM_0001267,1
ISIC_0027692,HAM_0003769,3
ISIC_0029494,HAM_0003486,3
ISIC_0025537,HAM_0007257,1
ISIC_0026504,HAM_0002114,3
ISIC_0029421,HAM_0003203,1
ISIC_0025496,HAM_0002996,2
ISIC_0030149,HAM_0003693,3
ISIC_0028125,HAM_0003604,2
ISIC_0026284,HAM_0001252,3
ISIC_0028725,HAM_0003598,1
ISIC_0031843,HAM_0001471,2
ISIC_0027777,HAM_0000819,2
ISIC_0031252,HAM_0002580,3
ISIC_0030750,HAM_0005277,3
ISIC_0025570,HAM_0003985,3
ISIC_0029934,HAM_0006317,3
ISIC_0030788,HAM_0004785,1
ISIC_0028606,HAM_0004044,3
ISIC_0026309,HAM_0002285,2
ISIC_0026680,HAM_0006773,1
ISIC_0027524,HAM_0002026,3
ISIC_0031847,HAM_0003431,2
ISIC_0031003,HAM_0001578,1
ISIC_0029262,HAM_0004353,3
ISIC_0028794,HAM_0006606,2
ISIC_0026278,HAM_0001081,2
ISIC_0027511,HAM_0005897,2
ISIC_0027890,HAM_0006717,1
ISIC_0029690,HAM_0006455,1
ISIC_0029981,HAM_0005357,3
ISIC_0026198,HAM_0004729,1
ISIC_0028811,HAM_0003795,1
ISIC_0027001,HAM_0003134,1
ISIC_0025015,HAM_0004119,3
ISIC_0031616,HAM_0002071,2
ISIC_0026919,HAM_0001945,2
ISIC_0025802,HAM_0001199,3
ISIC_0025304,HAM_0007149,1
ISIC_0030864,HAM_0007394,3
ISIC_0027594,HAM_0006933,1
ISIC_0029969,HAM_0006038,3
ISIC_0029361,HAM_0001182,2
ISIC_0024810,HAM_0001628,1
ISIC_0025552,HAM_0000218,3
ISIC_0024513,HAM_0003712,2
ISIC_0029207,HAM_0003477,1
ISIC_0029284,HAM_0007048,2
ISIC_0026183,HAM_0000732,2
ISIC_0024801,HAM_0003635,1
ISIC_0029234,HAM_0006758,2
ISIC_0031683,HAM_0002579,2
ISIC_0028002,HAM_0002168,1
ISIC_0025282,HAM_0003923,3
ISIC_0026287,HAM_0002412,1
ISIC_0024530,HAM_0001235,1
ISIC_0026483,HAM_0003118,3
ISIC_0027748,HAM_0004228,3
ISIC_0027481,HAM_0004794,2
ISIC_0027906,HAM_0000185,3
ISIC_0029718,HAM_0003545,3
ISIC_0025857,HAM_0002091,1
ISIC_0027489,HAM_0006565,2
ISIC_0024878,HAM_0005635,3
ISIC_0029076,HAM_0005147,3
ISIC_0028697,HAM_0001585,2
ISIC_0030017,HAM_0002643,2
ISIC_0027484,HAM_0001756,3
ISIC_0025202,HAM_0007039,3
ISIC_0028893,HAM_0007556,1
ISIC_0024954,HAM_0006175,3
ISIC_0030808,HAM_0001710,2
ISIC_0030648,HAM_0003607,1
ISIC_0024326,HAM_0001812,3
ISIC_0030879,HAM_0002445,1
ISIC_0025283,HAM_0004693,2
ISIC_0030345,HAM_0004598,2
ISIC_0026063,HAM_0003139,2
ISIC_0028321,HAM_0001032,1
ISIC_0024316,HAM_0002718,3
ISIC_0026386,HAM_0002885,3
ISIC_0030601,HAM_0004488,2
ISIC_0028434,HAM_0000712,1
ISIC_0027386,HAM_0001724,2
ISIC_0032085,HAM_0003377,3
ISIC_0028703,HAM_0007345,3
ISIC_0025435,HAM_0002619,3
ISIC_0024966,HAM_0004137,1
ISIC_0031096,HAM_0005773,1
ISIC_0031873,HAM_0004362,1
ISIC_0029629,HAM_0004019,1
ISIC_0030254,HAM_0006759,1
ISIC_0024722,HAM_0005452,1
ISIC_0027699,HAM_0005461,1
ISIC_0032438,HAM_0007485,2
ISIC_0030153,HAM_0005836,1
ISIC_0030551,HAM_0004445,2
ISIC_0027383,HAM_0004037,3
ISIC_0029552,HAM_0005477,2
ISIC_0028657,HAM_0006597,3
ISIC_0028569,HAM_0005709,2
ISIC_0031788,HAM_0004490,3
ISIC_0026354,HAM_0005288,1
ISIC_0025848,HAM_0002310,1
ISIC_0031342,HAM_0004815,3
ISIC_0030325,HAM_0004493,1
ISIC_0028268,HAM_0004875,1
ISIC_0031548,HAM_0003575,3
ISIC_0031628,HAM_0001315,2
ISIC_0026898,HAM_0005726,2
ISIC_0031859,HAM_0001574,1
ISIC_0028333,HAM_0002259,2
ISIC_0027078,HAM_0001660,3
ISIC_0032000,HAM_0004688,1
ISIC_0024485,HAM_0006172,3
ISIC_0031066,HAM_0006488,1
ISIC_0027443,HAM_0000738,2
ISIC_0025176,HAM_0002864,1
ISIC_0029180,HAM_0005595,1
ISIC_0027396,HAM_0001491,3
ISIC_0028040,HAM_0001463,2
ISIC_0025479,HAM_0005220,3
ISIC_0027980,HAM_0004144,1
ISIC_0024451,HAM_0003737,2
ISIC_0029901,HAM_0006022,3
ISIC_0028638,HAM_0001320,2
ISIC_0029989,HAM_0000834,2
ISIC_0027430,HAM_0002330,3
ISIC_0031425,HAM_0007087,1
ISIC_0029154,HAM_0001426,1
ISIC_0029734,HAM_0003537,1
ISIC_0030627,HAM_0006202,2
ISIC_0030217,HAM_0002137,3
ISIC_0027039,HAM_0004035,1
ISIC_0026938,HAM_0001929,3
ISIC_0028119,HAM_0007564,2
ISIC_0024390,HAM_0003645,2
ISIC_0024802,HAM_0002156,1
ISIC_0030992,HAM_0005151,1
ISIC_0030638,HAM_0005976,3
ISIC_0025686,HAM_0002146,2
ISIC_0026598,HAM_0006602,2
ISIC_0026035,HAM_0001043,2
ISIC_0026379,HAM_0003658,1
ISIC_0024912,HAM_0007613,3
ISIC_0032431,HAM_0000234,3
ISIC_0029173,HAM_0003292,3
ISIC_0030647,HAM_0002987,1
ISIC_0026146,HAM_0006888,1
ISIC_0025014,HAM_0000066,2
ISIC_0031772,HAM_0006282,3
ISIC_0029964,HAM_0006165,1
ISIC_0029151,HAM_0004755,3
ISIC_0029842,HAM_0006865,1
ISIC_0029807,HAM_0002380,1
ISIC_0024691,HAM_0001201,2
ISIC_0027666,HAM_0001856,2
ISIC_0027556,HAM_0005916,1
ISIC_0029444,HAM_0001128,3
ISIC_0030415,HAM_0005317,3
ISIC_0031020,HAM_0005515,3
ISIC_0025535,HAM_0001268,3
ISIC_0031641,HAM_0006405,3
ISIC_0031512,HAM_0003124,3
ISIC_0024417,HAM_0003473,2
ISIC_0029818,HAM_0001577,2
ISIC_0024541,HAM_0004502,1
ISIC_0025371,HAM_0002272,1
ISIC_0031255,HAM_0005520,3
ISIC_0027823,HAM_0005574,2
ISIC_0030516,HAM_0003312,2
ISIC_0031696,HAM_0006113,2
ISIC_0031205,HAM_0002920,3
ISIC_0025646,HAM_0005988,2
ISIC_0027835,HAM_0007126,2
ISIC_0028330,HAM_0001184,3
ISIC_0028138,HAM_0004111,1
ISIC_0029787,HAM_0004136,3
ISIC_0026193,HAM_0006419,2
ISIC_0027809,HAM_0003085,3
ISIC_0030200,HAM_0000495,2
ISIC_0028312,HAM_0002315,3
ISIC_0025233,HAM_0003718,2
ISIC_0029607,HAM_0003599,2
ISIC_0030696,HAM_0003796,1
ISIC_0029863,HAM_0000804,1
ISIC_0027095,HAM_0000537,2
ISIC_0024353,HAM_0002847,1
ISIC_0030727,HAM_0005957,2
ISIC_0025026,HAM_0000173,1
ISIC_0030030,HAM_0007382,3
ISIC_0028153,HAM_0004294,1
ISIC_0027965,HAM_0003784,3
ISIC_0032493,HAM_0007011,3
ISIC_0026197,HAM_0003678,2
ISIC_0030751,HAM_0002813,2
ISIC_0029442,HAM_0007175,2
ISIC_0026004,HAM_0006479,2
ISIC_0027972,HAM_0000440,2
ISIC_0025694,HAM_0007057,2
ISIC_0024391,HAM_0002449,3
ISIC_0027741,HAM_0000419,3
ISIC_0029923,HAM_0000870,1
ISIC_0032208,HAM_0002665,3
ISIC_0024750,HAM_0000616,3
ISIC_0024557,HAM_0001247,2
ISIC_0028722,HAM_0002901,2
ISIC_0025565,HAM_0003153,2
ISIC_0031487,HAM_0006903,2
ISIC_0025232,HAM_0003588,2
ISIC_0025342,HAM_0005293,2
ISIC_0025772,HAM_0004633,1
ISIC_0025401,HAM_0000842,2
ISIC_0026579,HAM_0002022,3
ISIC_0031568,HAM_0001380,3
ISIC_0029551,HAM_0006640,1
ISIC_0028713,HAM_0003898,3
ISIC_0030917,HAM_0003036,3
ISIC_0029477,HAM_0004168,2
ISIC_0030637,HAM_0004173,3
ISIC_0025999,HAM_0005286,1
ISIC_0032297,HAM_0004730,3
ISIC_0026926,HAM_0006313,2
ISIC_0024978,HAM_0003629,2
ISIC_0032177,HAM_0002520,2
ISIC_0027683,HAM_0005738,1
ISIC_0031830,HAM_0005340,1
ISIC_0025889,HAM_0002801,2
ISIC_0028471,HAM_0004085,3
ISIC_0031098,HAM_0006504,2
ISIC_0026462,HAM_0001845,2
ISIC_0028369,HAM_0002175,3
ISIC_0030708,HAM_0002162,2
ISIC_0026879,HAM_0002393,3
ISIC_0031899,HAM_0002437,1
ISIC_0026542,HAM_0006929,2
ISIC_0029282,HAM_0001059,1
ISIC_0025490,HAM_0001840,1
ISIC_0029437,HAM_0005235,1
ISIC_0031530,HAM_0002852,3
ISIC_0030320,HAM_0006646,3
ISIC_0029063,HAM_0001185,2
ISIC_0026479,HAM_0005576,1
ISIC_0026881,HAM_0006021,3
ISIC_0025459,HAM_0002727,1
ISIC_0031818,HAM_0001395,1
ISIC_0030098,HAM_0003975,3
ISIC_0028458,HAM_0006680,1
ISIC_0031283,HAM_0000411,3
ISIC_0025715,HAM_0007111,1
ISIC_0029256,HAM_0001783,3
ISIC_0031415,HAM_0001704,2
ISIC_0024527,HAM_0001278,3
ISIC_0027762,HAM_0006345,1
ISIC_0029910,HAM_0006045,2
ISIC_0024651,HAM_0001681,3
ISIC_0029011,HAM_0002248,1
ISIC_0030500,HAM_0001836,3
ISIC_0030009,HAM_0006454,2
ISIC_0031936,HAM_0002077,3
ISIC_0027499,HAM_0001070,1
ISIC_0025344,HAM_0000937,2
ISIC_0027701,HAM_0005653,2
ISIC_0027448,HAM_0003963,1
ISIC_0025595,HAM_0000192,2
ISIC_0027424,HAM_0002840,1
ISIC_0025660,HAM_0001952,2
ISIC_0030576,HAM_0004414,1
ISIC_0027532,HAM_0005602,1
ISIC_0027070,HAM_0003526,1
ISIC_0026732,HAM_0001761,2
ISIC_0027979,HAM_0003272,3
ISIC_0030290,HAM_0004391,1
ISIC_0030234,HAM_0002152,2
ISIC_0031885,HAM_0004821,3
ISIC_0025159,HAM_0000283,1
ISIC_0026925,HAM_0000285,2
ISIC_0025574,HAM_0005583,2
ISIC_0027685,HAM_0005120,3
ISIC_0027635,HAM_0006394,2
ISIC_0026464,HAM_0006168,3
ISIC_0029280,HAM_0006674,3
ISIC_0024521,HAM_0007330,2
ISIC_0028883,HAM_0003372,3
ISIC_0032472,HAM_0002140,1
ISIC_0024334,HAM_0001472,1
ISIC_0028564,HAM_0003204,2
ISIC_0026937,HAM_0002267,3
ISIC_0025921,HAM_0007099,2
ISIC_0030811,HAM_0001156,3
ISIC_0029942,HAM_0003211,3
ISIC_0028604,HAM_0006449,2
ISIC_0028433,HAM_0004990,3
ISIC_0026073,HAM_0002751,2
ISIC_0032229,HAM_0002849,1
ISIC_0027446,HAM_0002968,3
ISIC_0032406,HAM_0006304,3
ISIC_0027787,HAM_0004220,2
ISIC_0025841,HAM_0001210,2
ISIC_0025797,HAM_0001698,2
ISIC_0025590,HAM_0006819,3
ISIC_0028949,HAM_0001066,2
ISIC_0030762,HAM_0006944,2
ISIC_0029896,HAM_0001352,2
ISIC_0032369,HAM_0003079,1
ISIC_0027726,HAM_0003342,1
ISIC_0031755,HAM_0003928,1
ISIC_0026703,HAM_0005290,2
ISIC_0026850,HAM_0003915,2
ISIC_0027329,HAM_0007400,1
ISIC_0027233,HAM_0007375,3
ISIC_0026931,HAM_0003901,3
ISIC_0030433,HAM_0005582,3
ISIC_0025820,HAM_0000177,1
ISIC_0028199,HAM_0005460,1
ISIC_0030678,HAM_0006591,2
ISIC_0030343,HAM_0006570,2
ISIC_0025679,HAM_0003695,2
ISIC_0030055,HAM_0006743,1
ISIC_0029097,HAM_0005019,3
ISIC_0029977,HAM_0003252,3
ISIC_0026851,HAM_0001166,3
ISIC_0027818,HAM_0006930,3
ISIC_0026894,HAM_0006984,2
ISIC_0026238,HAM_0001375,3
ISIC_0029646,HAM_0002674,3
ISIC_0025315,HAM_0007084,1
ISIC_0027180,HAM_0001063,2
ISIC_0031533,HAM_0001013,3
ISIC_0024751,HAM_0004870,1
ISIC_0025765,HAM_0006781,1
ISIC_0025864,HAM_0005630,3
ISIC_0026903,HAM_0005394,3
ISIC_0026033,HAM_0003319,3
ISIC_0032037,HAM_0002687,2
ISIC_0032319,HAM_0002352,1
ISIC_0028663,HAM_0000635,3
ISIC_0029800,HAM_0003702,2
ISIC_0031886,HAM_0006949,3
ISIC_0026587,HAM_0001124,1
ISIC_0025688,HAM_0007612,2
ISIC_0030948,HAM_0001255,3
ISIC_0025405,HAM_0007279,1
ISIC_0028802,HAM_0005549,2
ISIC_0025022,HAM_0001158,1
ISIC_0028018,HAM_0002468,3
ISIC_0029327,HAM_0003163,1
ISIC_0028617,HAM_0006487,3
ISIC_0028019,HAM_0005041,2
ISIC_0025645,HAM_0002543,2
ISIC_0029712,HAM_0004438,2
ISIC_0030691,HAM_0006081,2
ISIC_0024533,HAM_0003239,2
ISIC_0024628,HAM_0002454,3
ISIC_0031768,HAM_0004312,3
ISIC_0025004,HAM_0005043,1
ISIC_0024430,HAM_0007269,2
ISIC_0030097,HAM_0007487,3
ISIC_0028620,HAM_0000939,3
ISIC_0026181,HAM_0001560,1
ISIC_0030558,HAM_0007192,2
ISIC_0026808,HAM_0004661,2
ISIC_0027985,HAM_0004357,1
ISIC_0026609,HAM_0000162,1
ISIC_0025441,HAM_0001198,2
ISIC_0026130,HAM_0005144,1
ISIC_0024487,HAM_0007053,3
ISIC_0030004,HAM_0007482,2
ISIC_0025788,HAM_0003591,1
ISIC_0026189,HAM_0000926,1
ISIC_0027128,HAM_0004955,2
ISIC_0029887,HAM_0000638,1
ISIC_0027583,HAM_0001925,1
ISIC_0031316,HAM_0006089,3
ISIC_0025273,HAM_0004840,3
ISIC_0030633,HAM_0005391,2
ISIC_0029623,HAM_0004433,1
ISIC_0028112,HAM_0004018,3
ISIC_0031962,HAM_0001092,1
ISIC_0032299,HAM_0002090,1
ISIC_0026815,HAM_0000029,3
ISIC_0028627,HAM_0000980,3
ISIC_0030018,HAM_0002573,1
ISIC_0029005,HAM_0007318,2
ISIC_0028641,HAM_0004805,3
ISIC_0028733,HAM_0006639,3
ISIC_0025050,HAM_0002807,3
ISIC_0031305,HAM_0003655,3
ISIC_0031414,HAM_0000400,1
ISIC_0029292,HAM_0004295,2
ISIC_0027914,HAM_0001187,2
ISIC_0030650,HAM_0000538,1
ISIC_0026394,HAM_0007134,2
ISIC_0031605,HAM_0000972,3
ISIC_0032130,HAM_0004072,2
ISIC_0028676,HAM_0006198,2
ISIC_0029407,HAM_0002116,3
ISIC_0032393,HAM_0005200,1
ISIC_0026521,HAM_0004939,1
ISIC_0024373,HAM_0003297,3
ISIC_0026801,HAM_0007417,3
ISIC_0028837,HAM_0005164,1
ISIC_0031356,HAM_0003858,3
ISIC_0025556,HAM_0005311,3
ISIC_0031850,HAM_0003271,1
ISIC_0031137,HAM_0005774,1
ISIC_0030720,HAM_0002663,3
ISIC_0029716,HAM_0000098,2
ISIC_0026345,HAM_0007140,2
ISIC_0031232,HAM_0004644,3
ISIC_0029753,HAM_0005646,3
ISIC_0029707,HAM_0000774,2
ISIC_0031027,HAM_0006499,3
ISIC_0030363,HAM_0004112,1
ISIC_0025602,HAM_0006402,3
ISIC_0027369,HAM_0003228,2
ISIC_0024385,HAM_0006164,1
ISIC_0030949,HAM_0001271,3
ISIC_0028240,HAM_0001635,2
ISIC_0030872,HAM_0004580,2
ISIC_0030498,HAM_0003098,2
ISIC_0026325,HAM_0002442,3
ISIC_0028784,HAM_0004460,1
ISIC_0027286,HAM_0005832,1
ISIC_0026543,HAM_0000599,1
ISIC_0027465,HAM_0002214,3
ISIC_0030938,HAM_0006098,2
ISIC_0030559,HAM_0004944,2
ISIC_0025977,HAM_0001225,2
ISIC_0026880,HAM_0006486,1
ISIC_0029584,HAM_0007115,3
ISIC_0032440,HAM_0005570,1
ISIC_0031054,HAM_0007347,3
ISIC_0031826,HAM_0000387,1
ISIC_0027079,HAM_0000246,2
ISIC_0032448,HAM_0003232,1
ISIC_0025217,HAM_0001664,1
ISIC_0029946,HAM_0001374,1
ISIC_0029965,HAM_0001360,3
ISIC_0025475,HAM_0003196,2
ISIC_0028402,HAM_0006957,1
ISIC_0028838,HAM_0004541,2
ISIC_0029245,HAM_0004529,3
ISIC_0031912,HAM_0002183,2
ISIC_0031722,HAM_0002805,1
ISIC_0028028,HAM_0004509,3
ISIC_0028038,HAM_0005114,1
ISIC_0028421,HAM_0000085,3
ISIC_0029468,HAM_0003266,1
ISIC_0030622,HAM_0006134,3
ISIC_0031315,HAM_0002680,3
ISIC_0029376,HAM_0002637,3
ISIC_0029952,HAM_0002570,1
ISIC_0030641,HAM_0006079,1
ISIC_0031224,HAM_0000753,1
ISIC_0025916,HAM_0002382,3
ISIC_0026396,HAM_0004734,1
ISIC_0031248,HAM_0004731,2
ISIC_0030317,HAM_0001050,3
ISIC_0024667,HAM_0000248,2
ISIC_0026375,HAM_0004041,1
ISIC_0024631,HAM_0000046,1
ISIC_0026161,HAM_0007407,2
ISIC_0025859,HAM_0002837,1
ISIC_0030515,HAM_0004361,3
ISIC_0025872,HAM_0004973,3
ISIC_0028626,HAM_0006209,2
ISIC_0024565,HAM_0005486,2
ISIC_0026005,HAM_0003889,2
ISIC_0025403,HAM_0003589,3
ISIC_0028311,HAM_0000600,2
ISIC_0027336,HAM_0006943,3
ISIC_0028776,HAM_0002065,3
ISIC_0029971,HAM_0004459,2
ISIC_0032097,HAM_0003006,3
ISIC_0028089,HAM_0006059,2
ISIC_0032458,HAM_0001602,1
ISIC_0031562,HAM_0001132,2
ISIC_0025727,HAM_0000130,1
ISIC_0026447,HAM_0003573,1
ISIC_0025006,HAM_0007218,3
ISIC_0026373,HAM_0003736,1
ISIC_0027280,HAM_0005618,3
ISIC_0029643,HAM_0005451,2
ISIC_0030195,HAM_0004110,3
ISIC_0030531,HAM_0000257,3
ISIC_0027862,HAM_0007271,3
ISIC_0029326,HAM_0005081,3
ISIC_0026485,HAM_0006414,2
ISIC_0026924,HAM_0004313,2
ISIC_0028097,HAM_0006928,2
ISIC_0026837,HAM_0007481,1
ISIC_0030353,HAM_0000737,2
ISIC_0031478,HAM_0004658,2
ISIC_0032381,HAM_0004904,1
ISIC_0026195,HAM_0002384,1
ISIC_0031052,HAM_0007174,3
ISIC_0028974,HAM_0005202,2
ISIC_0031441,HAM_0007267,3
ISIC_0031804,HAM_0005441,2
ISIC_0030860,HAM_0004911,1
ISIC_0030776,HAM_0000543,2
ISIC_0026264,HAM_0004782,1
ISIC_0025284,HAM_0003471,2
ISIC_0032480,HAM_0001146,1
ISIC_0028841,HAM_0007143,1
ISIC_0029250,HAM_0003720,2
ISIC_0032357,HAM_0007098,1
ISIC_0030724,HAM_0000862,2
ISIC_0030025,HAM_0003391,1
ISIC_0027267,HAM_0002870,3
ISIC_0029064,HAM_0000134,1
ISIC_0029850,HAM_0006714,2
ISIC_0027322,HAM_0001044,3
ISIC_0030024,HAM_0001650,1
ISIC_0029295,HAM_0005941,3
ISIC_0024927,HAM_0002964,3
ISIC_0025294,HAM_0006015,3
ISIC_0026971,HAM_0003407,1
ISIC_0028948,HAM_0001333,2
ISIC_0030161,HAM_0000622,1
ISIC_0026026,HAM_0004492,1
ISIC_0031877,HAM_0006476,1
ISIC_0025042,HAM_0004610,2
ISIC_0031187,HAM_0006589,1
ISIC_0029529,HAM_0007034,3
ISIC_0029185,HAM_0000890,1
ISIC_0030958,HAM_0005999,2
ISIC_0030848,HAM_0003166,2
ISIC_0031860,HAM_0001521,3
ISIC_0024703,HAM_0001295,3
ISIC_0030027,HAM_0002860,1
ISIC_0028064,HAM_0006392,1
ISIC_0032256,HAM_0006424,1
ISIC_0030702,HAM_0002246,2
ISIC_0026342,HAM_0000051,2
ISIC_0032104,HAM_0001413,3
ISIC_0027252,HAM_0004674,1
ISIC_0031010,HAM_0002910,2
ISIC_0028835,HAM_0000820,2
ISIC_0030044,HAM_0001776,3
ISIC_0024768,HAM_0003024,2
ISIC_0025357,HAM_0005118,2
ISIC_0026010,HAM_0004916,2
ISIC_0029424,HAM_0000297,2
ISIC_0030632,HAM_0002811,1
ISIC_0024567,HAM_0000628,3
ISIC_0027196,HAM_0007304,3
ISIC_0032101,HAM_0004978,1
ISIC_0028047,HAM_0002621,3
ISIC_0030298,HAM_0003336,1
ISIC_0029253,HAM_0000306,1
ISIC_0025288,HAM_0007595,1
ISIC_0028396,HAM_0005977,3
ISIC_0031946,HAM_0000190,2
ISIC_0026271,HAM_0007103,1
ISIC_0030048,HAM_0003621,2
ISIC_0029936,HAM_0000575,1
ISIC_0024754,HAM_0007042,3
ISIC_0030854,HAM_0003908,3
ISIC_0027168,HAM_0006072,2
ISIC_0029797,HAM_0003404,2
ISIC_0028257,HAM_0005969,1
ISIC_0024759,HAM_0006249,2
ISIC_0029834,HAM_0004454,3
ISIC_0025070,HAM_0002913,2
ISIC_0027877,HAM_0007580,3
ISIC_0031626,HAM_0007292,3
ISIC_0030850,HAM_0005944,2
ISIC_0029954,HAM_0000736,2
ISIC_0027624,HAM_0006256,3
ISIC_0026547,HAM_0000436,1
ISIC_0025673,HAM_0005089,3
ISIC_0029737,HAM_0000515,3
ISIC_0026990,HAM_0000568,1
ISIC_0027207,HAM_0005138,3
ISIC_0025643,HAM_0000156,2
ISIC_0027377,HAM_0005105,1
ISIC_0025215,HAM_0006495,1
ISIC_0025279,HAM_0000756,1
ISIC_0025021,HAM_0002222,2
ISIC_0029229,HAM_0006331,1
ISIC_0030595,HAM_0002001,2
ISIC_0027870,HAM_0005129,2
ISIC_0026767,HAM_0001527,2
ISIC_0027882,HAM_0001823,2
ISIC_0028536,HAM_0003903,2
ISIC_0025440,HAM_0007403,1
ISIC_0027104,HAM_0000636,2
ISIC_0027404,HAM_0000570,1
ISIC_0030651,HAM_0004374,2
ISIC_0027516,HAM_0001685,3
ISIC_0031241,HAM_0000404,1
ISIC_0024526,HAM_0000290,2
ISIC_0031968,HAM_0003485,1
ISIC_0029873,HAM_0005824,1
ISIC_0030389,HAM_0005645,3
ISIC_0029743,HAM_0005367,1
ISIC_0031760,HAM_0004336,3
ISIC_0024605,HAM_0001045,2
ISIC_0024389,HAM_0001760,3
ISIC_0028664,HAM_0002695,3
ISIC_0031740,HAM_0005934,1
ISIC_0028532,HAM_0002041,3
ISIC_0031751,HAM_0006858,3
ISIC_0026719,HAM_0000602,2
ISIC_0030590,HAM_0000950,3
ISIC_0032346,HAM_0001171,3
ISIC_0025609,HAM_0005906,3
ISIC_0026353,HAM_0002278,1
ISIC_0029988,HAM_0002212,3
ISIC_0030676,HAM_0005054,1
ISIC_0029635,HAM_0005485,1
ISIC_0030548,HAM_0005412,3
ISIC_0028024,HAM_0002360,2
ISIC_0026758,HAM_0000615,2
ISIC_0031910,HAM_0002309,1
ISIC_0030437,HAM_0003746,1
ISIC_0025393,HAM_0004358,1
ISIC_0028011,HAM_0007489,2
ISIC_0031790,HAM_0006729,3
ISIC_0031786,HAM_0000255,1
ISIC_0028629,HAM_0001003,1
ISIC_0031193,HAM_0002281,2
ISIC_0029832,HAM_0000325,2
ISIC_0031868,HAM_0005446,2
ISIC_0032326,HAM_0000280,1
ISIC_0026776,HAM_0004751,2
ISIC_0032383,HAM_0005333,3
ISIC_0026013,HAM_0004671,2
ISIC_0031333,HAM_0004612,2
ISIC_0031916,HAM_0000938,1
ISIC_0030934,HAM_0004355,2
ISIC_0028530,HAM_0006425,3
ISIC_0032289,HAM_0001782,2
ISIC_0027341,HAM_0007041,1
ISIC_0027177,HAM_0005680,2
ISIC_0025055,HAM_0006660,1
ISIC_0026799,HAM_0005369,1
ISIC_0028959,HAM_0004974,2
ISIC_0031387,HAM_0004562,3
ISIC_0028754,HAM_0005385,1
ISIC_0028267,HAM_0006195,1
ISIC_0032353,HAM_0000535,2
ISIC_0027728,HAM_0000644,3
ISIC_0027176,HAM_0003388,1
ISIC_0029579,HAM_0003082,3
ISIC_0024812,HAM_0000036,1
ISIC_0027750,HAM_0000461,3
ISIC_0032001,HAM_0003019,1
ISIC_0026059,HAM_0006970,3
ISIC_0027894,HAM_0002236,1
ISIC_0030805,HAM_0003200,3
ISIC_0031432,HAM_0007063,1
ISIC_0030780,HAM_0007501,2
ISIC_0030832,HAM_0003756,3
ISIC_0028169,HAM_0002500,3
ISIC_0030587,HAM_0001848,1
ISIC_0028844,HAM_0003184,2
ISIC_0025523,HAM_0002725,3
ISIC_0029096,HAM_0006672,3
ISIC_0030162,HAM_0006468,2
ISIC_0028286,HAM_0005470,1
ISIC_0025115,HAM_0006995,2
ISIC_0027975,HAM_0002799,2
ISIC_0030886,HAM_0003334,1
ISIC_0024478,HAM_0002682,2
ISIC_0024888,HAM_0006199,2
ISIC_0030969,HAM_0003413,2
ISIC_0031911,HAM_0003753,1
ISIC_0026882,HAM_0001789,1
ISIC_0030699,HAM_0006688,3
ISIC_0031484,HAM_0005930,2
ISIC_0026797,HAM_0002318,1
ISIC_0024610,HAM_0002676,3
ISIC_0025354,HAM_0000126,1
ISIC_0025478,HAM_0005499,2
ISIC_0029065,HAM_0004067,3
ISIC_0026962,HAM_0007334,2
ISIC_0031242,HAM_0003242,1
ISIC_0027520,HAM_0002055,1
ISIC_0027926,HAM_0006360,1
ISIC_0030224,HAM_0001802,2
ISIC_0025220,HAM_0006638,1
ISIC_0030136,HAM_0001867,3
ISIC_0030112,HAM_0005152,1
ISIC_0031267,HAM_0006679,3
ISIC_0029403,HAM_0007506,2
ISIC_0028547,HAM_0005699,3
ISIC_0031566,HAM_0002422,2
ISIC_0031006,HAM_0001638,2
ISIC_0029727,HAM_0000929,2
ISIC_0026408,HAM_0000271,2
ISIC_0029416,HAM_0005455,2
ISIC_0025483,HAM_0007170,3
ISIC_0028630,HAM_0003488,1
ISIC_0029159,HAM_0005507,1
ISIC_0026605,HAM_0006979,1
ISIC_0030889,HAM_0002356,2
ISIC_0030045,HAM_0006864,1
ISIC_0031084,HAM_0006562,3
ISIC_0024423,HAM_0006485,1
ISIC_0027733,HAM_0006229,2
ISIC_0027968,HAM_0000223,2
ISIC_0028953,HAM_0000660,2
ISIC_0028832,HAM_0001750,3
ISIC_0026833,HAM_0006070,2
ISIC_0028590,HAM_0000295,1
ISIC_0027011,HAM_0000307,3
ISIC_0032089,HAM_0002887,1
ISIC_0027314,HAM_0006293,3
ISIC_0031433,HAM_0007061,1
ISIC_0025737,HAM_0000091,3
ISIC_0024486,HAM_0002002,1
ISIC_0027716,HAM_0004611,1
ISIC_0031576,HAM_0002195,1
ISIC_0029507,HAM_0002783,3
ISIC_0032495,HAM_0004770,2
ISIC_0026725,HAM_0001289,3
ISIC_0030347,HAM_0006019,1
ISIC_0029400,HAM_0000369,2
ISIC_0030190,HAM_0003956,1
ISIC_0030571,HAM_0003190,2
ISIC_0027625,HAM_0002922,2
ISIC_0026873,HAM_0001866,3
ISIC_0032324,HAM_0002117,2
ISIC_0025901,HAM_0005562,2
ISIC_0024892,HAM_0001419,3
ISIC_0025862,HAM_0003515,2
ISIC_0031139,HAM_0006683,1
ISIC_0026969,HAM_0005148,1
ISIC_0025741,HAM_0005732,2
ISIC_0028149,HAM_0004650,3
ISIC_0030431,HAM_0005833,2
ISIC_0029813,HAM_0007457,3
ISIC_0026757,HAM_0007076,2
ISIC_0027587,HAM_0003907,1
ISIC_0030503,HAM_0005919,2
ISIC_0028533,HAM_0001404,1
ISIC_0029996,HAM_0004001,1
ISIC_0029916,HAM_0001222,1
ISIC_0024639,HAM_0003797,2
ISIC_0024569,HAM_0002046,2
ISIC_0028919,HAM_0000964,2
ISIC_0025569,HAM_0003009,2
ISIC_0024359,HAM_0001112,1
ISIC_0030051,HAM_0003581,1
ISIC_0030656,HAM_0003825,1
ISIC_0028435,HAM_0001324,1
ISIC_0028526,HAM_0004028,1
ISIC_0029907,HAM_0003285,1
ISIC_0026390,HAM_0004066,3
ISIC_0028295,HAM_0007186,3
ISIC_0028099,HAM_0003706,3
ISIC_0026982,HAM_0005358,2
ISIC_0032354,HAM_0001714,3
ISIC_0032465,HAM_0004557,3
ISIC_0026785,HAM_0007094,1
ISIC_0025399,HAM_0001992,3
ISIC_0025229,HAM_0000857,3
ISIC_0028956,HAM_0000786,2
ISIC_0026288,HAM_0000932,3
ISIC_0028073,HAM_0006753,2
ISIC_0026756,HAM_0000390,2
ISIC_0024728,HAM_0005098,1
ISIC_0026943,HAM_0003440,3
ISIC_0029077,HAM_0002945,3
ISIC_0028614,HAM_0006966,2
ISIC_0028605,HAM_0000076,3
ISIC_0025418,HAM_0006571,1
ISIC_0032077,HAM_0004334,1
ISIC_0030611,HAM_0001795,3
ISIC_0027363,HAM_0001030,1
ISIC_0027414,HAM_0000620,3
ISIC_0027778,HAM_0006682,2
ISIC_0027123,HAM_0003780,1
ISIC_0030619,HAM_0003379,2
ISIC_0030453,HAM_0003116,2
ISIC_0029677,HAM_0000567,2
ISIC_0027860,HAM_0004900,2
ISIC_0028845,HAM_0001016,3
ISIC_0026199,HAM_0001880,3
ISIC_0029601,HAM_0001131,3
ISIC_0025002,HAM_0006023,1
ISIC_0032477,HAM_0000430,1
ISIC_0028654,HAM_0002179,2
ISIC_0025380,HAM_0002967,2
ISIC_0027088,HAM_0002513,1
ISIC_0027158,HAM_0003953,3
ISIC_0024502,HAM_0001732,1
ISIC_0030996,HAM_0007222,1
ISIC_0027929,HAM_0003442,2
ISIC_0030753,HAM_0005694,1
ISIC_0027029,HAM_0000838,2
ISIC_0031920,HAM_0005005,1
ISIC_0027565,HAM_0004733,3
ISIC_0026315,HAM_0000808,1
ISIC_0028700,HAM_0001717,2
ISIC_0029066,HAM_0004160,1
ISIC_0027074,HAM_0000264,1
ISIC_0031589,HAM_0002947,2
ISIC_0028327,HAM_0000449,1
ISIC_0024873,HAM_0004925,1
ISIC_0030952,HAM_0003896,2
ISIC_0027805,HAM_0003962,1
ISIC_0025961,HAM_0007290,2
ISIC_0029356,HAM_0004876,3
ISIC_0030600,HAM_0007157,1
ISIC_0029763,HAM_0005739,2
ISIC_0027844,HAM_0004595,3
ISIC_0029670,HAM_0006016,2
ISIC_0026646,HAM_0004477,2
ISIC_0025455,HAM_0002504,2
ISIC_0031507,HAM_0003510,1
ISIC_0026176,HAM_0002223,2
ISIC_0028946,HAM_0003109,1
ISIC_0024609,HAM_0003498,3
ISIC_0026878,HAM_0007436,3
ISIC_0028292,HAM_0006686,2
ISIC_0031673,HAM_0002854,1
ISIC_0028005,HAM_0000117,3
ISIC_0032118,HAM_0007540,1
ISIC_0025912,HAM_0007449,1
ISIC_0025191,HAM_0001341,2
ISIC_0027986,HAM_0003725,1
ISIC_0029069,HAM_0003792,3
ISIC_0024655,HAM_0000013,1
ISIC_0030020,HAM_0003986,3
ISIC_0027952,HAM_0003773,1
ISIC_0025625,HAM_0004497,3
ISIC_0028716,HAM_0000864,1
ISIC_0030075,HAM_0003563,2
ISIC_0028328,HAM_0001304,1
ISIC_0032282,HAM_0007064,1
ISIC_0027547,HAM_0000558,1
ISIC_0029750,HAM_0002395,3
ISIC_0031347,HAM_0003494,2
ISIC_0024991,HAM_0003267,1
ISIC_0030908,HAM_0004474,1
ISIC_0026684,HAM_0003056,2
ISIC_0028061,HAM_0002059,3
ISIC_0031688,HAM_0000116,1
ISIC_0025347,HAM_0003776,1
ISIC_0032485,HAM_0003443,3
ISIC_0032119,HAM_0000874,3
ISIC_0030301,HAM_0000788,1
ISIC_0029804,HAM_0005851,3
ISIC_0027493,HAM_0003478,1
ISIC_0031731,HAM_0005355,1
ISIC_0031147,HAM_0003307,2
ISIC_0029694,HAM_0006590,1
ISIC_0024531,HAM_0006552,3
ISIC_0031327,HAM_0007137,1
ISIC_0029415,HAM_0004504,3
ISIC_0026285,HAM_0002361,3
ISIC_0029200,HAM_0000849,2
ISIC_0029224,HAM_0006695,3
ISIC_0032392,HAM_0000157,2
ISIC_0029509,HAM_0001826,1
ISIC_0031815,HAM_0002760,1
ISIC_0025356,HAM_0005320,1
ISIC_0031744,HAM_0006667,1
ISIC_0030728,HAM_0006842,2
ISIC_0028178,HAM_0006083,1
ISIC_0028437,HAM_0002990,1
ISIC_0029785,HAM_0005468,2
ISIC_0026736,HAM_0001844,2
ISIC_0027779,HAM_0001829,2
ISIC_0028444,HAM_0007411,1
ISIC_0026772,HAM_0002273,3
ISIC_0027633,HAM_0007291,1
ISIC_0029120,HAM_0002081,2
ISIC_0032161,HAM_0005216,3
ISIC_0024650,HAM_0003324,2
ISIC_0025522,HAM_0000454,3
ISIC_0028068,HAM_0002331,2
ISIC_0030054,HAM_0001377,1
ISIC_0027628,HAM_0004002,3
ISIC_0026180,HAM_0000755,3
ISIC_0026003,HAM_0000951,2
ISIC_0031361,HAM_0000345,2
ISIC_0031195,HAM_0007277,1
ISIC_0030985,HAM_0004679,2
ISIC_0027630,HAM_0000108,3
ISIC_0025308,HAM_0001821,1
ISIC_0027222,HAM_0005741,1
ISIC_0031658,HAM_0001033,3
ISIC_0026274,HAM_0001901,3
ISIC_0026578,HAM_0000601,3
ISIC_0031921,HAM_0003103,1
ISIC_0029955,HAM_0003906,3
ISIC_0031472,HAM_0003316,3
ISIC_0030726,HAM_0002255,3
ISIC_0026619,HAM_0000730,2
ISIC_0030270,HAM_0002029,2
ISIC_0028452,HAM_0001191,2
ISIC_0025349,HAM_0006139,2
ISIC_0027169,HAM_0003844,2
ISIC_0029155,HAM_0007379,3
ISIC_0025230,HAM_0001966,2
ISIC_0025048,HAM_0005734,1
ISIC_0031452,HAM_0002588,2
ISIC_0029511,HAM_0006627,3
ISIC_0029411,HAM_0002866,2
ISIC_0025888,HAM_0000584,3
ISIC_0032068,HAM_0002929,1
ISIC_0028341,HAM_0006804,3
ISIC_0027899,HAM_0005644,1
ISIC_0025893,HAM_0007156,2
ISIC_0026935,HAM_0003909,3
ISIC_0032296,HAM_0006151,2
ISIC_0025745,HAM_0005444,2
ISIC_0028456,HAM_0001742,1
ISIC_0028950,HAM_0007187,2
ISIC_0031807,HAM_0005511,3
ISIC_0026813,HAM_0000731,3
ISIC_0029310,HAM_0006701,2
ISIC_0027515,HAM_0003687,2
ISIC_0029350,HAM_0000151,2
ISIC_0030449,HAM_0007071,1
ISIC_0027223,HAM_0004772,3
ISIC_0031456,HAM_0006055,2
ISIC_0026840,HAM_0007253,3
ISIC_0029520,HAM_0002249,2
ISIC_0030738,HAM_0004560,1
ISIC_0025761,HAM_0006073,3
ISIC_0029236,HAM_0000503,2
ISIC_0030146,HAM_0006895,3
ISIC_0032262,HAM_0003061,3
ISIC_0026517,HAM_0003532,3
ISIC_0026426,HAM_0006034,2
ISIC_0026110,HAM_0003295,2
ISIC_0026707,HAM_0003247,1
ISIC_0030831,HAM_0002926,1
ISIC_0029294,HAM_0003564,2
ISIC_0028910,HAM_0006136,1
ISIC_0028234,HAM_0003618,3
ISIC_0026582,HAM_0003747,2
ISIC_0031689,HAM_0001478,1
ISIC_0029821,HAM_0005707,3
ISIC_0031906,HAM_0004893,1
ISIC_0029686,HAM_0006530,3
ISIC_0027782,HAM_0006043,3
ISIC_0026334,HAM_0003550,3
ISIC_0027632,HAM_0005548,3
ISIC_0027674,HAM_0003378,2
ISIC_0031752,HAM_0007331,3
ISIC_0030865,HAM_0007012,2
ISIC_0025034,HAM_0001205,2
ISIC_0028152,HAM_0004825,2
ISIC_0025697,HAM_0003459,3
ISIC_0031254,HAM_0006906,2
ISIC_0030905,HAM_0004280,2
ISIC_0026630,HAM_0001682,2
ISIC_0030109,HAM_0000606,2
ISIC_0031136,HAM_0001970,2
ISIC_0025092,HAM_0001984,1
ISIC_0028439,HAM_0000684,3
ISIC_0025360,HAM_0002006,1
ISIC_0028012,HAM_0002927,3
ISIC_0027921,HAM_0003547,1
ISIC_0030673,HAM_0001144,3
ISIC_0028253,HAM_0007406,3
ISIC_0030278,HAM_0001545,2
ISIC_0031446,HAM_0002336,2
ISIC_0024917,HAM_0007280,3
ISIC_0028566,HAM_0004417,2
ISIC_0025669,HAM_0003860,3
ISIC_0032457,HAM_0005691,2
ISIC_0030618,HAM_0001379,2
ISIC_0024484,HAM_0000278,3
ISIC_0025134,HAM_0000357,1
ISIC_0027791,HAM_0005544,2
ISIC_0027368,HAM_0003244,3
ISIC_0028004,HAM_0004745,1
ISIC_0026031,HAM_0003261,3
ISIC_0030777,HAM_0001224,2
ISIC_0029875,HAM_0003584,1
ISIC_0029204,HAM_0005877,1
ISIC_0029886,HAM_0007459,3
ISIC_0031892,HAM_0006795,3
ISIC_0028904,HAM_0003269,2
ISIC_0031409,HAM_0003403,3
ISIC_0031695,HAM_0005402,2
ISIC_0028724,HAM_0006450,2
ISIC_0032155,HAM_0002052,3
ISIC_0029717,HAM_0002802,2
ISIC_0030838,HAM_0007017,3
ISIC_0029869,HAM_0004995,1
ISIC_0026632,HAM_0004150,3
ISIC_0032267,HAM_0004605,2
ISIC_0030164,HAM_0002828,1
ISIC_0032069,HAM_0006535,3
ISIC_0029007,HAM_0000672,1
ISIC_0029657,HAM_0006694,1
ISIC_0025774,HAM_0002233,1
ISIC_0028914,HAM_0001518,3
ISIC_0026020,HAM_0001550,3
ISIC_0030646,HAM_0007074,1
ISIC_0027530,HAM_0001248,3
ISIC_0026934,HAM_0002729,1
ISIC_0026346,HAM_0002729,1
ISIC_0029214,HAM_0004886,1
ISIC_0028247,HAM_0003155,1
ISIC_0028988,HAM_0003155,1
ISIC_0027757,HAM_0007112,2
ISIC_0026819,HAM_0007112,2
ISIC_0027501,HAM_0006032,3
ISIC_0029190,HAM_0000965,1
ISIC_0026890,HAM_0003277,3
ISIC_0030672,HAM_0007255,3
ISIC_0027062,HAM_0000288,1
ISIC_0032363,HAM_0007003,2
ISIC_0025638,HAM_0007003,2
ISIC_0030980,HAM_0003303,1
ISIC_0029534,HAM_0000854,2
ISIC_0030640,HAM_0007311,1
ISIC_0026367,HAM_0007311,1
ISIC_0024594,HAM_0000892,2
ISIC_0029845,HAM_0000892,2
ISIC_0031617,HAM_0000376,2
ISIC_0025173,HAM_0000376,2
ISIC_0028576,HAM_0001684,3
ISIC_0026726,HAM_0007202,1
ISIC_0032023,HAM_0002698,3
ISIC_0031247,HAM_0002698,3
ISIC_0027305,HAM_0004997,2
ISIC_0027718,HAM_0004997,2
ISIC_0028918,HAM_0001141,3
ISIC_0030697,HAM_0001141,3
ISIC_0029093,HAM_0000476,3
ISIC_0032342,HAM_0004410,1
ISIC_0027264,HAM_0005360,3
ISIC_0028413,HAM_0005360,3
ISIC_0027198,HAM_0000960,1
ISIC_0025779,HAM_0000960,1
ISIC_0026140,HAM_0002973,1
ISIC_0032086,HAM_0002973,1
ISIC_0026251,HAM_0004380,2
ISIC_0029072,HAM_0004380,2
ISIC_0027839,HAM_0003230,1
ISIC_0024842,HAM_0000977,1
ISIC_0028803,HAM_0000977,1
ISIC_0027406,HAM_0004524,1
ISIC_0032209,HAM_0001100,3
ISIC_0028194,HAM_0001100,3
ISIC_0027848,HAM_0000930,1
ISIC_0028430,HAM_0004267,2
ISIC_0024642,HAM_0000947,3
ISIC_0025959,HAM_0000947,3
ISIC_0032985,HAM_0002552,1
ISIC_0028633,HAM_0001563,2
ISIC_0024798,HAM_0000044,2
ISIC_0025152,HAM_0000044,2
ISIC_0027152,HAM_0003091,3
ISIC_0029045,HAM_0000068,2
ISIC_0031160,HAM_0000068,2
ISIC_0029735,HAM_0002120,3
ISIC_0028010,HAM_0002120,3
ISIC_0029985,HAM_0004763,2
ISIC_0024934,HAM_0002652,3
ISIC_0031474,HAM_0000072,3
ISIC_0027684,HAM_0003692,2
ISIC_0032158,HAM_0004318,3
ISIC_0031678,HAM_0004318,3
ISIC_0028154,HAM_0002856,2
ISIC_0025672,HAM_0007123,1
ISIC_0030664,HAM_0007123,1
ISIC_0027240,HAM_0005237,2
ISIC_0030858,HAM_0001813,1
ISIC_0030609,HAM_0001813,1
ISIC_0024314,HAM_0002198,2
ISIC_0026722,HAM_0002198,2
ISIC_0031883,HAM_0002946,2
ISIC_0025943,HAM_0005162,3
ISIC_0025568,HAM_0005162,3
ISIC_0026887,HAM_0005162,3
ISIC_0027077,HAM_0003848,3
ISIC_0029366,HAM_0001342,2
ISIC_0032378,HAM_0001342,2
ISIC_0027679,HAM_0005937,1
ISIC_0024604,HAM_0003767,2
ISIC_0030247,HAM_0003767,2
ISIC_0030426,HAM_0002670,3
ISIC_0027662,HAM_0002314,2
ISIC_0029104,HAM_0003221,2
ISIC_0030520,HAM_0003221,2
ISIC_0032341,HAM_0003221,2
ISIC_0029756,HAM_0003221,2
ISIC_0031629,HAM_0002489,3
ISIC_0024789,HAM_0004575,3
ISIC_0030312,HAM_0004762,2
ISIC_0026080,HAM_0004762,2
ISIC_0031143,HAM_0006853,1
ISIC_0031863,HAM_0006853,1
ISIC_0031515,HAM_0003933,3
ISIC_0029854,HAM_0003933,3
ISIC_0031418,HAM_0002942,1
ISIC_0027911,HAM_0002942,1
ISIC_0031705,HAM_0004747,1
ISIC_0031435,HAM_0004747,1
ISIC_0029615,HAM_0006735,1
ISIC_0030432,HAM_0006735,1
ISIC_0027427,HAM_0005447,1
ISIC_0031618,HAM_0005339,1
ISIC_0025847,HAM_0005609,2
ISIC_0025958,HAM_0005609,2
ISIC_0028385,HAM_0006359,2
ISIC_0027403,HAM_0006359,2
ISIC_0031142,HAM_0006030,3
ISIC_0024618,HAM_0006030,3
ISIC_0031059,HAM_0002159,2
ISIC_0030355,HAM_0002159,2
ISIC_0027031,HAM_0006742,3
ISIC_0024813,HAM_0006742,3
ISIC_0028367,HAM_0003912,1
ISIC_0030741,HAM_0003912,1
ISIC_0024986,HAM_0000837,2
ISIC_0031555,HAM_0000837,2
ISIC_0027462,HAM_0006914,3
ISIC_0025254,HAM_0006914,3
ISIC_0031660,HAM_0001316,2
ISIC_0030666,HAM_0005188,1
ISIC_0031293,HAM_0004418,2
ISIC_0026376,HAM_0004418,2
ISIC_0031560,HAM_0004663,1
ISIC_0025809,HAM_0004663,1
ISIC_0025108,HAM_0007476,2
ISIC_0029296,HAM_0007476,2
ISIC_0031646,HAM_0003684,1
ISIC_0031385,HAM_0003684,1
ISIC_0032055,HAM_0007189,3
ISIC_0030063,HAM_0007464,2
ISIC_0029475,HAM_0006397,1
ISIC_0029894,HAM_0006397,1
ISIC_0024378,HAM_0001580,1
ISIC_0029986,HAM_0006711,2
ISIC_0027010,HAM_0006711,2
ISIC_0026501,HAM_0003583,3
ISIC_0030064,HAM_0006048,2
ISIC_0027861,HAM_0003343,3
ISIC_0031817,HAM_0004461,3
ISIC_0032421,HAM_0004461,3
ISIC_0031281,HAM_0006974,1
ISIC_0025335,HAM_0007356,3
ISIC_0025588,HAM_0002207,2
ISIC_0027772,HAM_0002207,2
ISIC_0030688,HAM_0003475,1
ISIC_0029825,HAM_0003475,1
ISIC_0024855,HAM_0003627,3
ISIC_0026497,HAM_0003627,3
ISIC_0031959,HAM_0001088,2
ISIC_0032078,HAM_0001088,2
ISIC_0026561,HAM_0004546,3
ISIC_0025129,HAM_0006826,2
ISIC_0027049,HAM_0006826,2
ISIC_0027209,HAM_0001849,2
ISIC_0028966,HAM_0001849,2
ISIC_0032443,HAM_0005484,1
ISIC_0027408,HAM_0001696,1
ISIC_0030460,HAM_0001696,1
ISIC_0030793,HAM_0001712,1
ISIC_0031221,HAM_0001712,1
ISIC_0025370,HAM_0004869,2
ISIC_0027768,HAM_0005227,2
ISIC_0030194,HAM_0000589,1
ISIC_0027907,HAM_0007606,3
ISIC_0025870,HAM_0007606,3
ISIC_0031380,HAM_0007295,3
ISIC_0029543,HAM_0007419,2
ISIC_0029254,HAM_0006747,1
ISIC_0029223,HAM_0006747,1
ISIC_0030930,HAM_0001975,1
ISIC_0028488,HAM_0001975,1
ISIC_0028810,HAM_0002975,1
ISIC_0024869,HAM_0007373,2
ISIC_0024723,HAM_0007373,2
ISIC_0031720,HAM_0003222,1
ISIC_0026382,HAM_0003222,1
ISIC_0029720,HAM_0000230,1
ISIC_0032150,HAM_0000230,1
ISIC_0029725,HAM_0004724,3
ISIC_0024924,HAM_0004724,3
ISIC_0032345,HAM_0005056,3
ISIC_0031676,HAM_0007553,2
ISIC_0032151,HAM_0007553,2
ISIC_0031615,HAM_0000569,3
ISIC_0031592,HAM_0000569,3
ISIC_0027099,HAM_0001623,3
ISIC_0025458,HAM_0001604,2
ISIC_0024664,HAM_0001604,2
ISIC_0026303,HAM_0001680,2
ISIC_0030125,HAM_0001680,2
ISIC_0025008,HAM_0002349,3
ISIC_0025735,HAM_0002349,3
ISIC_0032191,HAM_0006618,1
ISIC_0026911,HAM_0006303,2
ISIC_0030464,HAM_0006303,2
ISIC_0028015,HAM_0002575,2
ISIC_0026777,HAM_0000928,1
ISIC_0031268,HAM_0000928,1
ISIC_0025327,HAM_0001971,3
ISIC_0026839,HAM_0001971,3
ISIC_0029402,HAM_0007579,3
ISIC_0027571,HAM_0007579,3
ISIC_0025812,HAM_0001767,3
ISIC_0029357,HAM_0001767,3
ISIC_0032309,HAM_0006185,2
ISIC_0028759,HAM_0006185,2
ISIC_0024340,HAM_0001160,3
ISIC_0027361,HAM_0001160,3
ISIC_0025823,HAM_0007425,1
ISIC_0027458,HAM_0007425,1
ISIC_0025094,HAM_0002067,1
ISIC_0026421,HAM_0002067,1
ISIC_0026215,HAM_0005519,3
ISIC_0032029,HAM_0005519,3
ISIC_0030139,HAM_0003653,1
ISIC_0031713,HAM_0006145,3
ISIC_0032027,HAM_0006145,3
ISIC_0029976,HAM_0002323,1
ISIC_0031001,HAM_0002323,1
ISIC_0030406,HAM_0007548,3
ISIC_0026633,HAM_0007548,3
ISIC_0027421,HAM_0001968,3
ISIC_0027086,HAM_0006629,2
ISIC_0025689,HAM_0006629,2
ISIC_0026055,HAM_0006605,3
ISIC_0027645,HAM_0006605,3
ISIC_0030979,HAM_0003175,1
ISIC_0028145,HAM_0003175,1
ISIC_0027709,HAM_0007312,2
ISIC_0029982,HAM_0005886,2
ISIC_0031622,HAM_0005886,2
ISIC_0028368,HAM_0002409,1
ISIC_0028843,HAM_0002409,1
ISIC_0025547,HAM_0003299,2
ISIC_0026826,HAM_0004761,2
ISIC_0031080,HAM_0005561,3
ISIC_0025909,HAM_0006856,1
ISIC_0028831,HAM_0006856,1
ISIC_0028045,HAM_0003892,3
ISIC_0026743,HAM_0000261,3
ISIC_0028793,HAM_0004783,3
ISIC_0025671,HAM_0004783,3
ISIC_0026341,HAM_0002176,2
ISIC_0027697,HAM_0002176,2
ISIC_0028509,HAM_0007249,1
ISIC_0029435,HAM_0006062,2
ISIC_0026608,HAM_0001497,1
ISIC_0030334,HAM_0001497,1
ISIC_0028235,HAM_0002231,2
ISIC_0025850,HAM_0005611,2
ISIC_0029187,HAM_0005611,2
ISIC_0025905,HAM_0004138,2
ISIC_0028098,HAM_0002541,3
ISIC_0030473,HAM_0005244,1
ISIC_0025907,HAM_0002658,2
ISIC_0027113,HAM_0002658,2
ISIC_0030859,HAM_0006822,3
ISIC_0030350,HAM_0006822,3
ISIC_0024831,HAM_0007468,3
ISIC_0026869,HAM_0007468,3
ISIC_0026186,HAM_0002106,2
ISIC_0025156,HAM_0002106,2
ISIC_0031440,HAM_0002100,1
ISIC_0027852,HAM_0005060,3
ISIC_0031975,HAM_0005060,3
ISIC_0028195,HAM_0006221,3
ISIC_0025300,HAM_0006221,3
ISIC_0028823,HAM_0007138,2
ISIC_0032910,HAM_0006882,1
ISIC_0025610,HAM_0003308,3
ISIC_0024615,HAM_0003308,3
ISIC_0031748,HAM_0000269,3
ISIC_0025402,HAM_0002703,2
ISIC_0033745,HAM_0005686,3
ISIC_0033112,HAM_0005686,3
ISIC_0033380,HAM_0000262,1
ISIC_0030326,HAM_0000262,1
ISIC_0025598,HAM_0004986,2
ISIC_0033998,HAM_0005213,1
ISIC_0030303,HAM_0005143,2
ISIC_0026544,HAM_0002581,2
ISIC_0032470,HAM_0002581,2
ISIC_0029826,HAM_0005159,1
ISIC_0025352,HAM_0005159,1
ISIC_0029179,HAM_0007300,2
ISIC_0025158,HAM_0007300,2
ISIC_0025336,HAM_0007300,2
ISIC_0026403,HAM_0003663,2
ISIC_0029491,HAM_0003663,2
ISIC_0025641,HAM_0003468,2
ISIC_0026494,HAM_0003156,3
ISIC_0025228,HAM_0004892,3
ISIC_0029422,HAM_0005866,2
ISIC_0029728,HAM_0006155,3
ISIC_0032181,HAM_0003369,2
ISIC_0025049,HAM_0001757,2
ISIC_0026423,HAM_0005267,2
ISIC_0026432,HAM_0006268,1
ISIC_0033423,HAM_0006516,3
ISIC_0033315,HAM_0006516,3
ISIC_0032540,HAM_0007541,2
ISIC_0032573,HAM_0007541,2
ISIC_0032007,HAM_0007477,2
ISIC_0033686,HAM_0002494,3
ISIC_0033251,HAM_0001651,3
ISIC_0033402,HAM_0001651,3
ISIC_0034204,HAM_0001651,3
ISIC_0030462,HAM_0004766,2
ISIC_0033347,HAM_0006080,2
ISIC_0032668,HAM_0006080,2
ISIC_0033555,HAM_0003143,1
ISIC_0033963,HAM_0003143,1
ISIC_0033793,HAM_0003143,1
ISIC_0033712,HAM_0000407,1
ISIC_0032771,HAM_0000407,1
ISIC_0033297,HAM_0000407,1
ISIC_0030845,HAM_0000093,3
ISIC_0032555,HAM_0002616,1
ISIC_0034254,HAM_0002616,1
ISIC_0033870,HAM_0001615,3
ISIC_0033032,HAM_0003505,3
ISIC_0034227,HAM_0003505,3
ISIC_0033563,HAM_0003505,3
ISIC_0031613,HAM_0005408,3
ISIC_0029553,HAM_0005048,3
ISIC_0033276,HAM_0000304,1
ISIC_0034083,HAM_0000304,1
ISIC_0033316,HAM_0000304,1
ISIC_0026670,HAM_0006916,2
ISIC_0034079,HAM_0005374,2
ISIC_0033327,HAM_0005374,2
ISIC_0032871,HAM_0005374,2
ISIC_0034290,HAM_0002009,2
ISIC_0033165,HAM_0002009,2
ISIC_0033430,HAM_0002009,2
ISIC_0027087,HAM_0005523,1
ISIC_0030851,HAM_0000077,1
ISIC_0033767,HAM_0005300,1
ISIC_0033755,HAM_0005300,1
ISIC_0033625,HAM_0005300,1
ISIC_0032362,HAM_0007127,3
ISIC_0032739,HAM_0001790,1
ISIC_0032874,HAM_0001790,1
ISIC_0032590,HAM_0005351,2
ISIC_0033921,HAM_0005351,2
ISIC_0034267,HAM_0005116,3
ISIC_0033137,HAM_0005116,3
ISIC_0032953,HAM_0005116,3
ISIC_0026584,HAM_0000459,1
ISIC_0028110,HAM_0002803,3
ISIC_0034110,HAM_0000268,1
ISIC_0025160,HAM_0000268,1
ISIC_0033389,HAM_0000268,1
ISIC_0033308,HAM_0004706,2
ISIC_0033331,HAM_0005995,1
ISIC_0034192,HAM_0005995,1
ISIC_0033689,HAM_0005995,1
ISIC_0030546,HAM_0006810,2
ISIC_0033989,HAM_0007444,3
ISIC_0032977,HAM_0007444,3
ISIC_0033664,HAM_0007444,3
ISIC_0034144,HAM_0002923,2
ISIC_0032992,HAM_0002923,2
ISIC_0026979,HAM_0002060,1
ISIC_0032950,HAM_0001097,3
ISIC_0034156,HAM_0001097,3
ISIC_0025713,HAM_0003178,2
ISIC_0034136,HAM_0002750,3
ISIC_0033003,HAM_0002750,3
ISIC_0033941,HAM_0002434,2
ISIC_0033919,HAM_0002386,2
ISIC_0033640,HAM_0002386,2
ISIC_0033927,HAM_0002386,2
ISIC_0032664,HAM_0000294,2
ISIC_0033461,HAM_0000294,2
ISIC_0033511,HAM_0006147,3
ISIC_0031466,HAM_0002567,2
ISIC_0031048,HAM_0002567,2
ISIC_0031694,HAM_0000523,3
ISIC_0027432,HAM_0007196,2
ISIC_0024907,HAM_0007196,2
ISIC_0028214,HAM_0006187,3
ISIC_0025453,HAM_0006187,3
ISIC_0025261,HAM_0002796,2
ISIC_0027654,HAM_0002796,2
ISIC_0029656,HAM_0000395,2
ISIC_0025421,HAM_0000395,2
ISIC_0029405,HAM_0003394,2
ISIC_0030709,HAM_0000249,3
ISIC_0024730,HAM_0003188,1
ISIC_0030765,HAM_0003188,1
ISIC_0029902,HAM_0000138,3
ISIC_0025871,HAM_0003904,1
ISIC_0026502,HAM_0005107,3
ISIC_0032082,HAM_0005107,3
ISIC_0027072,HAM_0004128,3
ISIC_0030378,HAM_0004128,3
ISIC_0030582,HAM_0005298,2
ISIC_0028800,HAM_0003235,2
ISIC_0029636,HAM_0001220,2
ISIC_0027931,HAM_0001220,2
ISIC_0026084,HAM_0005879,2
ISIC_0030085,HAM_0000012,3
ISIC_0031202,HAM_0007350,3
ISIC_0030892,HAM_0007350,3
ISIC_0028159,HAM_0006146,2
ISIC_0031757,HAM_0004222,2
ISIC_0033345,HAM_0006147,3
ISIC_0032711,HAM_0006869,3
ISIC_0033207,HAM_0006869,3
ISIC_0032558,HAM_0006869,3
ISIC_0034146,HAM_0001046,3
ISIC_0033964,HAM_0001046,3
ISIC_0032951,HAM_0001046,3
ISIC_0033652,HAM_0005363,1
ISIC_0033944,HAM_0005363,1
ISIC_0033699,HAM_0004714,1
ISIC_0033915,HAM_0004714,1
ISIC_0032767,HAM_0006520,2
ISIC_0032679,HAM_0005942,2
ISIC_0032529,HAM_0005942,2
ISIC_0033119,HAM_0005942,2
ISIC_0033850,HAM_0004574,1
ISIC_0032671,HAM_0004574,1
ISIC_0032566,HAM_0004574,1
ISIC_0033059,HAM_0001400,1
ISIC_0033113,HAM_0001400,1
ISIC_0033547,HAM_0001400,1
ISIC_0033172,HAM_0001692,1
ISIC_0033326,HAM_0001692,1
ISIC_0032743,HAM_0001692,1
ISIC_0033292,HAM_0000313,3
ISIC_0033610,HAM_0000313,3
ISIC_0033009,HAM_0002501,3
ISIC_0032928,HAM_0002501,3
ISIC_0032666,HAM_0002574,2
ISIC_0033157,HAM_0002574,2
ISIC_0034131,HAM_0005106,1
ISIC_0032901,HAM_0005106,1
ISIC_0032783,HAM_0006391,3
ISIC_0034139,HAM_0006391,3
ISIC_0034042,HAM_0004829,3
ISIC_0032595,HAM_0004829,3
ISIC_0034281,HAM_0004296,3
ISIC_0033739,HAM_0004296,3
ISIC_0033727,HAM_0002206,1
ISIC_0033827,HAM_0001697,3
ISIC_0033497,HAM_0001697,3
ISIC_0034308,HAM_0004272,2
ISIC_0032957,HAM_0004272,2
ISIC_0033334,HAM_0004272,2
ISIC_0032805,HAM_0002016,3
ISIC_0032753,HAM_0002016,3
ISIC_0033706,HAM_0003993,3
ISIC_0033097,HAM_0003993,3
ISIC_0034014,HAM_0003993,3
ISIC_0034320,HAM_0002244,1
ISIC_0032549,HAM_0002244,1
ISIC_0034199,HAM_0005265,3
ISIC_0032998,HAM_0005265,3
ISIC_0032902,HAM_0005248,1
ISIC_0034264,HAM_0005248,1
ISIC_0034038,HAM_0006491,1
ISIC_0033070,HAM_0006491,1
ISIC_0032785,HAM_0004963,3
ISIC_0032563,HAM_0004963,3
ISIC_0032577,HAM_0003460,2
ISIC_0033753,HAM_0004167,2
ISIC_0032619,HAM_0006883,2
ISIC_0032742,HAM_0000579,3
ISIC_0033296,HAM_0005539,3
ISIC_0033409,HAM_0005539,3
ISIC_0032937,HAM_0006379,1
ISIC_0032585,HAM_0002721,3
ISIC_0032899,HAM_0002721,3
ISIC_0033233,HAM_0003137,3
ISIC_0033471,HAM_0001321,1
ISIC_0032831,HAM_0001321,1
ISIC_0032780,HAM_0006615,3
ISIC_0032861,HAM_0006615,3
ISIC_0033984,HAM_0002878,1
ISIC_0032640,HAM_0002878,1
ISIC_0032568,HAM_0007005,2
ISIC_0033126,HAM_0007005,2
ISIC_0034099,HAM_0007005,2
ISIC_0032599,HAM_0003352,3
ISIC_0033472,HAM_0003352,3
ISIC_0032667,HAM_0003352,3
ISIC_0033648,HAM_0005571,2
ISIC_0032825,HAM_0005571,2
ISIC_0032803,HAM_0005571,2
ISIC_0033798,HAM_0006539,1
ISIC_0033014,HAM_0006539,1
ISIC_0032516,HAM_0006539,1
ISIC_0032520,HAM_0004548,2
ISIC_0032832,HAM_0004548,2
ISIC_0033917,HAM_0004548,2
ISIC_0032815,HAM_0004615,2
ISIC_0033094,HAM_0004615,2
ISIC_0033162,HAM_0004615,2
ISIC_0033475,HAM_0006857,3
ISIC_0033210,HAM_0006857,3
ISIC_0033219,HAM_0006857,3
ISIC_0033291,HAM_0003713,1
ISIC_0034102,HAM_0003713,1
ISIC_0033988,HAM_0005961,3
ISIC_0032795,HAM_0005961,3
ISIC_0034105,HAM_0004550,2
ISIC_0034319,HAM_0000747,1
ISIC_0033748,HAM_0000747,1
ISIC_0032864,HAM_0001218,3
ISIC_0033650,HAM_0001218,3
ISIC_0033992,HAM_0006980,2
ISIC_0033715,HAM_0006980,2
ISIC_0033920,HAM_0006980,2
ISIC_0033840,HAM_0004503,3
ISIC_0033632,HAM_0003418,2
ISIC_0034025,HAM_0003418,2
ISIC_0033182,HAM_0003418,2
ISIC_0034257,HAM_0005905,1
ISIC_0032999,HAM_0007259,1
ISIC_0032669,HAM_0007259,1
ISIC_0033236,HAM_0007259,1
ISIC_0032749,HAM_0004145,3
ISIC_0034091,HAM_0004145,3
ISIC_0033738,HAM_0004145,3
ISIC_0033510,HAM_0000547,3
ISIC_0033222,HAM_0000547,3
ISIC_0032521,HAM_0005206,2
ISIC_0032674,HAM_0005206,2
ISIC_0032989,HAM_0005135,3
ISIC_0033618,HAM_0005135,3
ISIC_0033090,HAM_0001870,1
ISIC_0033832,HAM_0005383,3
ISIC_0032893,HAM_0005383,3
ISIC_0033641,HAM_0003259,2
ISIC_0033527,HAM_0003259,2
ISIC_0032895,HAM_0003259,2
ISIC_0033091,HAM_0003824,1
ISIC_0034138,HAM_0003824,1
ISIC_0032781,HAM_0001040,2
ISIC_0033237,HAM_0001040,2
ISIC_0032747,HAM_0001040,2
ISIC_0034286,HAM_0004176,3
ISIC_0033373,HAM_0004176,3
ISIC_0033170,HAM_0001358,2
ISIC_0032680,HAM_0001358,2
ISIC_0033674,HAM_0001358,2
ISIC_0032542,HAM_0003852,2
ISIC_0033411,HAM_0005573,1
ISIC_0034096,HAM_0005573,1
ISIC_0033382,HAM_0005573,1
ISIC_0034288,HAM_0003606,1
ISIC_0033420,HAM_0003606,1
ISIC_0032661,HAM_0003606,1
ISIC_0033824,HAM_0003288,2
ISIC_0033830,HAM_0003288,2
ISIC_0032838,HAM_0001264,2
ISIC_0034230,HAM_0001264,2
ISIC_0033057,HAM_0001264,2
ISIC_0033155,HAM_0003512,1
ISIC_0034137,HAM_0000439,2
ISIC_0033096,HAM_0006158,3
ISIC_0033972,HAM_0006158,3
ISIC_0033367,HAM_0006158,3
ISIC_0033904,HAM_0005820,3
ISIC_0033342,HAM_0005820,3
ISIC_0033265,HAM_0005820,3
ISIC_0032704,HAM_0002890,1
ISIC_0033289,HAM_0002890,1
ISIC_0033283,HAM_0001246,3
ISIC_0033359,HAM_0001246,3
ISIC_0032905,HAM_0003614,3
ISIC_0034001,HAM_0003614,3
ISIC_0032560,HAM_0003614,3
ISIC_0033427,HAM_0001641,2
ISIC_0033948,HAM_0001641,2
ISIC_0033680,HAM_0001641,2
ISIC_0033085,HAM_0003181,3
ISIC_0034030,HAM_0003181,3
ISIC_0034179,HAM_0001133,1
ISIC_0034206,HAM_0001133,1
ISIC_0032980,HAM_0001133,1
ISIC_0034174,HAM_0006042,2
ISIC_0028684,HAM_0006120,1
ISIC_0025372,HAM_0006120,1
ISIC_0033018,HAM_0007415,2
ISIC_0032515,HAM_0007415,2
ISIC_0033506,HAM_0003542,3
ISIC_0033600,HAM_0003542,3
ISIC_0033714,HAM_0003542,3
ISIC_0033605,HAM_0003884,2
ISIC_0033702,HAM_0003884,2
ISIC_0033318,HAM_0001808,2
ISIC_0032615,HAM_0001808,2
ISIC_0033862,HAM_0001808,2
ISIC_0032942,HAM_0007483,1
ISIC_0025587,HAM_0007510,2
ISIC_0032628,HAM_0007483,1
ISIC_0033110,HAM_0005814,1
ISIC_0032701,HAM_0005814,1
ISIC_0034215,HAM_0004088,3
ISIC_0033833,HAM_0000165,3
ISIC_0032512,HAM_0003735,1
ISIC_0033800,HAM_0003735,1
ISIC_0033163,HAM_0004221,3
ISIC_0033145,HAM_0001912,2
ISIC_0033799,HAM_0001912,2
ISIC_0032646,HAM_0001076,3
ISIC_0033627,HAM_0001076,3
ISIC_0033803,HAM_0005331,3
ISIC_0032860,HAM_0005331,3
ISIC_0034292,HAM_0007475,2
ISIC_0034207,HAM_0007475,2
ISIC_0033408,HAM_0007475,2
ISIC_0033621,HAM_0001889,3
ISIC_0034116,HAM_0001889,3
ISIC_0032702,HAM_0004814,3
ISIC_0033667,HAM_0004814,3
ISIC_0032882,HAM_0003193,1
ISIC_0032818,HAM_0003193,1
ISIC_0032524,HAM_0004411,1
ISIC_0033376,HAM_0004411,1
ISIC_0033796,HAM_0004411,1
ISIC_0033121,HAM_0001824,3
ISIC_0034158,HAM_0001824,3
ISIC_0033213,HAM_0001824,3
ISIC_0033897,HAM_0000855,1
ISIC_0033694,HAM_0000855,1
ISIC_0034013,HAM_0000855,1
ISIC_0032705,HAM_0007367,2
ISIC_0034198,HAM_0007367,2
ISIC_0033046,HAM_0007367,2
ISIC_0032689,HAM_0007367,2
ISIC_0034088,HAM_0006666,2
ISIC_0034268,HAM_0006666,2
ISIC_0033311,HAM_0005190,1
ISIC_0032700,HAM_0005190,1
ISIC_0032608,HAM_0005566,2
ISIC_0032746,HAM_0005566,2
ISIC_0033266,HAM_0005566,2
ISIC_0033067,HAM_0001935,2
ISIC_0032787,HAM_0001935,2
ISIC_0033936,HAM_0000216,1
ISIC_0034121,HAM_0000216,1
ISIC_0034282,HAM_0004882,3
ISIC_0033357,HAM_0004882,3
ISIC_0034178,HAM_0004882,3
ISIC_0033517,HAM_0001683,3
ISIC_0033513,HAM_0001683,3
ISIC_0033404,HAM_0006623,3
ISIC_0033478,HAM_0006623,3
ISIC_0032786,HAM_0002139,3
ISIC_0033788,HAM_0002139,3
ISIC_0033150,HAM_0002367,1
ISIC_0033698,HAM_0002367,1
ISIC_0034240,HAM_0002367,1
ISIC_0033220,HAM_0006372,1
ISIC_0032817,HAM_0006372,1
ISIC_0033665,HAM_0002582,2
ISIC_0033637,HAM_0006873,3
ISIC_0033566,HAM_0006873,3
ISIC_0033263,HAM_0005759,1
ISIC_0033815,HAM_0005759,1
ISIC_0034194,HAM_0005759,1
ISIC_0033933,HAM_0007265,3
ISIC_0033447,HAM_0007265,3
ISIC_0033639,HAM_0007265,3
ISIC_0033282,HAM_0004716,2
ISIC_0032729,HAM_0004716,2
ISIC_0033076,HAM_0004716,2
ISIC_0034258,HAM_0003634,3
ISIC_0034023,HAM_0003634,3
ISIC_0033243,HAM_0003106,3
ISIC_0032648,HAM_0003106,3
ISIC_0033671,HAM_0007562,2
ISIC_0033273,HAM_0001777,1
ISIC_0034176,HAM_0001777,1
ISIC_0033104,HAM_0006496,2
ISIC_0032579,HAM_0006496,2
ISIC_0033189,HAM_0006496,2
ISIC_0032693,HAM_0006700,1
ISIC_0032734,HAM_0006700,1
ISIC_0032659,HAM_0006700,1
ISIC_0033128,HAM_0007348,3
ISIC_0033115,HAM_0007348,3
ISIC_0033867,HAM_0004872,1
ISIC_0033202,HAM_0004872,1
ISIC_0032794,HAM_0003133,2
ISIC_0032801,HAM_0003133,2
ISIC_0033746,HAM_0002135,1
ISIC_0033384,HAM_0003002,2
ISIC_0032830,HAM_0003002,2
ISIC_0028863,HAM_0005651,2
ISIC_0030126,HAM_0005651,2
ISIC_0032530,HAM_0003676,3
ISIC_0033249,HAM_0003676,3
ISIC_0034182,HAM_0002908,3
ISIC_0034213,HAM_0005194,3
ISIC_0032561,HAM_0005194,3
ISIC_0033839,HAM_0005194,3
ISIC_0032858,HAM_0007148,3
ISIC_0033965,HAM_0007148,3
ISIC_0026279,HAM_0003243,2
ISIC_0031814,HAM_0003243,2
ISIC_0032601,HAM_0001645,2
ISIC_0032878,HAM_0001645,2
ISIC_0033108,HAM_0004444,3
ISIC_0033940,HAM_0002208,3
ISIC_0033818,HAM_0002208,3
ISIC_0034029,HAM_0002208,3
ISIC_0033214,HAM_0005513,1
ISIC_0033255,HAM_0005513,1
ISIC_0033229,HAM_0005513,1
ISIC_0026429,HAM_0006118,2
ISIC_0025769,HAM_0001943,2
ISIC_0032909,HAM_0001943,2
ISIC_0033134,HAM_0001943,2
ISIC_0034301,HAM_0001943,2
ISIC_0033914,HAM_0003801,2
ISIC_0033978,HAM_0003801,2
ISIC_0033718,HAM_0003801,2
ISIC_0034237,HAM_0002170,3
ISIC_0034032,HAM_0002170,3
ISIC_0033406,HAM_0006550,3
ISIC_0033493,HAM_0006550,3
ISIC_0033007,HAM_0006550,3
ISIC_0034010,HAM_0001720,1
ISIC_0032819,HAM_0001720,1
ISIC_0032995,HAM_0003346,1
ISIC_0032754,HAM_0003346,1
ISIC_0032714,HAM_0003346,1
ISIC_0033398,HAM_0000970,1
ISIC_0033244,HAM_0000970,1
ISIC_0032582,HAM_0004038,3
ISIC_0033052,HAM_0004038,3
ISIC_0032990,HAM_0004038,3
ISIC_0033181,HAM_0003097,3
ISIC_0034004,HAM_0003097,3
ISIC_0033645,HAM_0006191,1
ISIC_0028829,HAM_0006191,1
ISIC_0033530,HAM_0006191,1
ISIC_0032994,HAM_0000772,1
ISIC_0033604,HAM_0000772,1
ISIC_0033634,HAM_0001905,2
ISIC_0034226,HAM_0001905,2
ISIC_0033136,HAM_0007494,3
ISIC_0033215,HAM_0007494,3
ISIC_0033412,HAM_0005185,3
ISIC_0033514,HAM_0005185,3
ISIC_0032737,HAM_0006014,1
ISIC_0033339,HAM_0000316,1
ISIC_0032944,HAM_0005083,1
ISIC_0033516,HAM_0005083,1
ISIC_0033519,HAM_0001908,1
ISIC_0032851,HAM_0001908,1
ISIC_0033080,HAM_0001667,3
ISIC_0034129,HAM_0001667,3
ISIC_0033010,HAM_0004099,2
ISIC_0034293,HAM_0004099,2
ISIC_0033350,HAM_0004099,2
ISIC_0033688,HAM_0004424,3
ISIC_0033557,HAM_0004424,3
ISIC_0033013,HAM_0006078,3
ISIC_0032809,HAM_0006078,3
ISIC_0032621,HAM_0005760,1
ISIC_0033328,HAM_0005760,1
ISIC_0033768,HAM_0000639,3
ISIC_0025257,HAM_0000639,3
ISIC_0032934,HAM_0007169,1
ISIC_0033742,HAM_0006628,2
ISIC_0033142,HAM_0003447,2
ISIC_0032703,HAM_0003447,2
ISIC_0033168,HAM_0003447,2
ISIC_0033077,HAM_0007433,2
ISIC_0033951,HAM_0007433,2
ISIC_0033149,HAM_0007433,2
ISIC_0033343,HAM_0003003,3
ISIC_0033502,HAM_0003003,3
ISIC_0034285,HAM_0001673,1
ISIC_0033966,HAM_0001673,1
ISIC_0034244,HAM_0006121,1
ISIC_0032855,HAM_0006121,1
ISIC_0032792,HAM_0006121,1
ISIC_0034187,HAM_0002476,3
ISIC_0027837,HAM_0002476,3
ISIC_0033179,HAM_0002898,2
ISIC_0034295,HAM_0001509,1
ISIC_0033929,HAM_0001509,1
ISIC_0033044,HAM_0001509,1
ISIC_0033787,HAM_0006418,1
ISIC_0033599,HAM_0006418,1
ISIC_0033764,HAM_0007299,1
ISIC_0033934,HAM_0007299,1
ISIC_0033512,HAM_0003623,3
ISIC_0032788,HAM_0003623,3
ISIC_0033221,HAM_0005887,2
ISIC_0033340,HAM_0005887,2
ISIC_0032920,HAM_0005198,3
ISIC_0033673,HAM_0005198,3
ISIC_0033062,HAM_0002759,1
ISIC_0032758,HAM_0006329,3
ISIC_0034041,HAM_0005496,1
ISIC_0033598,HAM_0005496,1
ISIC_0034021,HAM_0005496,1
ISIC_0034220,HAM_0002502,3
ISIC_0032973,HAM_0002502,3
ISIC_0033425,HAM_0002502,3
ISIC_0033443,HAM_0004118,2
ISIC_0033935,HAM_0004118,2
ISIC_0033288,HAM_0000578,1
ISIC_0033087,HAM_0000578,1
ISIC_0033669,HAM_0006182,1
ISIC_0033789,HAM_0006182,1
ISIC_0033419,HAM_0006182,1
ISIC_0032338,HAM_0004024,3
ISIC_0034067,HAM_0004024,3
ISIC_0033224,HAM_0001883,3
ISIC_0033360,HAM_0001883,3
ISIC_0033294,HAM_0002431,3
ISIC_0033030,HAM_0002431,3
ISIC_0032779,HAM_0006334,1
ISIC_0033950,HAM_0006334,1
ISIC_0032886,HAM_0006782,3
ISIC_0032581,HAM_0006782,3
ISIC_0032865,HAM_0007519,1
ISIC_0033726,HAM_0007519,1
ISIC_0033167,HAM_0006813,1
ISIC_0033937,HAM_0006813,1
ISIC_0033703,HAM_0005594,1
ISIC_0034245,HAM_0005594,1
ISIC_0032708,HAM_0003130,1
ISIC_0033574,HAM_0003130,1
ISIC_0032846,HAM_0006675,2
ISIC_0033816,HAM_0006675,2
ISIC_0033672,HAM_0006675,2
ISIC_0033435,HAM_0006637,2
ISIC_0034016,HAM_0006637,2
ISIC_0033960,HAM_0003535,2
ISIC_0033259,HAM_0003535,2
ISIC_0033403,HAM_0003535,2
ISIC_0033954,HAM_0002015,2
ISIC_0034035,HAM_0002015,2
ISIC_0033880,HAM_0004149,3
ISIC_0033994,HAM_0004149,3
ISIC_0032755,HAM_0004149,3
ISIC_0033724,HAM_0005052,2
ISIC_0033786,HAM_0005052,2
ISIC_0034278,HAM_0004375,2
ISIC_0032494,HAM_0004226,3
ISIC_0032760,HAM_0004226,3
ISIC_0034128,HAM_0004226,3
ISIC_0034271,HAM_0000443,2
ISIC_0033845,HAM_0001739,1
ISIC_0032884,HAM_0001739,1
ISIC_0033707,HAM_0002874,2
ISIC_0033912,HAM_0002874,2
ISIC_0025447,HAM_0003248,3
ISIC_0024524,HAM_0000468,3
ISIC_0032663,HAM_0000468,3
ISIC_0032962,HAM_0007216,2
ISIC_0034272,HAM_0002329,2
ISIC_0032911,HAM_0002329,2
ISIC_0030492,HAM_0004043,3
ISIC_0033926,HAM_0004043,3
ISIC_0033021,HAM_0002325,2
ISIC_0033835,HAM_0002325,2
ISIC_0033281,HAM_0002448,3
ISIC_0033285,HAM_0002448,3
ISIC_0033781,HAM_0001211,3
ISIC_0033455,HAM_0006559,2
ISIC_0034056,HAM_0006559,2
ISIC_0034069,HAM_0003441,2
ISIC_0032673,HAM_0003441,2
ISIC_0033684,HAM_0003441,2
ISIC_0033148,HAM_0002519,2
ISIC_0033109,HAM_0002519,2
ISIC_0032986,HAM_0002519,2
ISIC_0033909,HAM_0001801,1
ISIC_0033293,HAM_0001801,1
ISIC_0033026,HAM_0003057,2
ISIC_0033774,HAM_0003057,2
ISIC_0033719,HAM_0001708,2
ISIC_0033442,HAM_0002417,1
ISIC_0032943,HAM_0002417,1
ISIC_0033723,HAM_0004367,3
ISIC_0033396,HAM_0004367,3
ISIC_0034231,HAM_0005312,3
ISIC_0033508,HAM_0004581,3
ISIC_0032686,HAM_0004581,3
ISIC_0034249,HAM_0004584,3
ISIC_0032881,HAM_0004585,1
ISIC_0033329,HAM_0004586,1
ISIC_0034181,HAM_0004587,2
ISIC_0032824,HAM_0004590,3
ISIC_0034209,HAM_0001547,2
ISIC_0034297,HAM_0001547,2
ISIC_0034171,HAM_0004172,2
ISIC_0033996,HAM_0004172,2
ISIC_0034304,HAM_0002257,2
ISIC_0033015,HAM_0006396,1
ISIC_0033928,HAM_0006396,1
ISIC_0034124,HAM_0004599,3
ISIC_0033955,HAM_0000432,3
ISIC_0033822,HAM_0000432,3
ISIC_0032762,HAM_0004000,1
ISIC_0032594,HAM_0004000,1
ISIC_0033407,HAM_0001994,1
ISIC_0033734,HAM_0001994,1
ISIC_0033923,HAM_0001994,1
ISIC_0033769,HAM_0006284,2
ISIC_0032904,HAM_0006284,2
ISIC_0025970,HAM_0003033,3
ISIC_0030447,HAM_0003523,2
ISIC_0027397,HAM_0003699,2
ISIC_0034108,HAM_0005997,3
ISIC_0032519,HAM_0005715,3
ISIC_0034090,HAM_0005715,3
ISIC_0033851,HAM_0005489,1
ISIC_0032966,HAM_0004076,1
ISIC_0033864,HAM_0004076,1
ISIC_0034008,HAM_0006610,2
ISIC_0033250,HAM_0006610,2
ISIC_0033177,HAM_0006295,1
ISIC_0033086,HAM_0006295,1
ISIC_0032720,HAM_0006295,1
ISIC_0032946,HAM_0003649,3
ISIC_0033314,HAM_0001437,3
ISIC_0033580,HAM_0001437,3
ISIC_0033993,HAM_0001948,3
ISIC_0032926,HAM_0001948,3
ISIC_0033049,HAM_0001948,3
ISIC_0032933,HAM_0002595,2
ISIC_0034063,HAM_0002596,1
ISIC_0033045,HAM_0002597,2
ISIC_0033873,HAM_0002598,1
ISIC_0033143,HAM_0002599,2
ISIC_0032510,HAM_0002601,1
ISIC_0032798,HAM_0002602,2
ISIC_0033697,HAM_0002603,3
ISIC_0034164,HAM_0002605,3
ISIC_0033228,HAM_0002606,3
ISIC_0032744,HAM_0002607,1
ISIC_0033585,HAM_0005972,3
ISIC_0033319,HAM_0005972,3
ISIC_0029393,HAM_0001755,2
ISIC_0029306,HAM_0000897,3
ISIC_0024854,HAM_0000226,3
ISIC_0030537,HAM_0003997,2
ISIC_0026348,HAM_0001002,2
ISIC_0028280,HAM_0001002,2
ISIC_0029654,HAM_0000312,1
ISIC_0030023,HAM_0001706,3
ISIC_0028210,HAM_0003857,2
ISIC_0025210,HAM_0006478,2
ISIC_0026372,HAM_0006478,2
ISIC_0026761,HAM_0004564,1
ISIC_0032322,HAM_0004564,1
ISIC_0031053,HAM_0001052,2
ISIC_0024424,HAM_0006333,1
ISIC_0028290,HAM_0000348,3
ISIC_0030156,HAM_0004954,3
ISIC_0024695,HAM_0006529,1
ISIC_0031411,HAM_0004675,2
ISIC_0031848,HAM_0001136,2
ISIC_0027755,HAM_0002533,1
ISIC_0025795,HAM_0000054,1
ISIC_0026498,HAM_0000054,1
ISIC_0025972,HAM_0007164,2
ISIC_0031970,HAM_0005421,3
ISIC_0028060,HAM_0005421,3
ISIC_0027582,HAM_0001269,1
ISIC_0028429,HAM_0000279,1
ISIC_0032375,HAM_0000279,1
ISIC_0030362,HAM_0000135,1
ISIC_0031948,HAM_0001276,2
ISIC_0031867,HAM_0001012,2
ISIC_0025988,HAM_0001242,1
ISIC_0025887,HAM_0006390,2
ISIC_0025993,HAM_0005232,3
ISIC_0030771,HAM_0001450,3
ISIC_0026049,HAM_0000773,1
ISIC_0028734,HAM_0000861,3
ISIC_0026125,HAM_0000861,3
ISIC_0029904,HAM_0007079,2
ISIC_0026370,HAM_0000272,2
ISIC_0027505,HAM_0005805,3
ISIC_0025620,HAM_0001818,2
ISIC_0029730,HAM_0002907,1
ISIC_0025618,HAM_0001612,1
ISIC_0028425,HAM_0003867,2
ISIC_0024668,HAM_0005007,1
ISIC_0025726,HAM_0001120,3
ISIC_0026210,HAM_0000448,1
ISIC_0025100,HAM_0000448,1
ISIC_0031206,HAM_0007443,3
ISIC_0030361,HAM_0001470,1
ISIC_0026402,HAM_0001452,1
ISIC_0031923,HAM_0007195,1
ISIC_0028487,HAM_0003891,2
ISIC_0029222,HAM_0003615,3
ISIC_0028573,HAM_0003675,1
ISIC_0024458,HAM_0005590,3
ISIC_0027909,HAM_0000139,3
ISIC_0030305,HAM_0007577,1
ISIC_0030232,HAM_0005092,2
ISIC_0024682,HAM_0004864,1
ISIC_0024653,HAM_0003525,3
ISIC_0026141,HAM_0003525,3
ISIC_0028625,HAM_0006790,1
ISIC_0030504,HAM_0005014,2
ISIC_0031654,HAM_0005428,2
ISIC_0027348,HAM_0000354,3
ISIC_0027623,HAM_0005907,2
ISIC_0029334,HAM_0002881,1
ISIC_0030074,HAM_0000140,1
ISIC_0025226,HAM_0004919,1
ISIC_0027933,HAM_0000070,2
ISIC_0028513,HAM_0000070,2
ISIC_0031703,HAM_0005327,3
ISIC_0026705,HAM_0007275,3
ISIC_0031645,HAM_0001037,3
ISIC_0031726,HAM_0001037,3
ISIC_0027248,HAM_0004830,2
ISIC_0026913,HAM_0001134,2
ISIC_0026424,HAM_0001919,1
ISIC_0025734,HAM_0003099,2
ISIC_0027670,HAM_0003016,2
ISIC_0027097,HAM_0003016,2
ISIC_0030455,HAM_0000717,3
ISIC_0029431,HAM_0000167,1
ISIC_0027285,HAM_0005902,1
ISIC_0024674,HAM_0007096,2
ISIC_0026886,HAM_0001041,3
ISIC_0027003,HAM_0007528,3
ISIC_0030717,HAM_0000431,3
ISIC_0026067,HAM_0000431,3
ISIC_0028868,HAM_0004450,2
ISIC_0026419,HAM_0000752,2
ISIC_0031521,HAM_0001637,2
ISIC_0032021,HAM_0000335,2
ISIC_0029664,HAM_0006754,2
ISIC_0024936,HAM_0006363,1
ISIC_0029276,HAM_0004719,3
ISIC_0025469,HAM_0005319,1
ISIC_0025133,HAM_0005319,1
ISIC_0030116,HAM_0000182,2
ISIC_0026270,HAM_0000182,2
ISIC_0025096,HAM_0000182,2
ISIC_0028544,HAM_0003044,1
ISIC_0029572,HAM_0006020,2
ISIC_0025227,HAM_0004717,3
ISIC_0030268,HAM_0004717,3
ISIC_0024538,HAM_0000397,2
ISIC_0029499,HAM_0000397,2
ISIC_0031956,HAM_0001588,1
ISIC_0032347,HAM_0007585,3
ISIC_0027398,HAM_0001567,2
ISIC_0032407,HAM_0001567,2
ISIC_0025381,HAM_0002324,2
ISIC_0029027,HAM_0006364,3
ISIC_0027258,HAM_0006547,1
ISIC_0027925,HAM_0002031,2
ISIC_0031917,HAM_0002031,2
ISIC_0024975,HAM_0003276,2
ISIC_0025782,HAM_0003276,2
ISIC_0031308,HAM_0002187,1
ISIC_0028981,HAM_0002187,1
ISIC_0031079,HAM_0003387,2
ISIC_0028524,HAM_0003387,2
ISIC_0029257,HAM_0005085,1
ISIC_0030225,HAM_0005085,1
ISIC_0024846,HAM_0001212,2
ISIC_0029313,HAM_0006041,2
ISIC_0030508,HAM_0006041,2
ISIC_0026804,HAM_0000924,1
ISIC_0031194,HAM_0000924,1
ISIC_0025665,HAM_0002661,3
ISIC_0030597,HAM_0002661,3
ISIC_0026692,HAM_0002661,3
ISIC_0024503,HAM_0001142,3
ISIC_0029667,HAM_0001142,3
ISIC_0027821,HAM_0006126,1
ISIC_0027715,HAM_0006126,1
ISIC_0027519,HAM_0004895,2
ISIC_0024753,HAM_0004895,2
ISIC_0030990,HAM_0004665,3
ISIC_0029359,HAM_0001137,2
ISIC_0029746,HAM_0001137,2
ISIC_0029188,HAM_0001872,3
ISIC_0027800,HAM_0001872,3
ISIC_0029450,HAM_0004239,1
ISIC_0027887,HAM_0004239,1
ISIC_0024928,HAM_0004239,1
ISIC_0027902,HAM_0000342,2
ISIC_0027226,HAM_0000342,2
ISIC_0028263,HAM_0000291,3
ISIC_0028610,HAM_0000291,3
ISIC_0027208,HAM_0001715,3
ISIC_0029504,HAM_0001715,3
ISIC_0032492,HAM_0004068,3
ISIC_0027853,HAM_0004068,3
ISIC_0028545,HAM_0004068,3
ISIC_0025078,HAM_0001512,3
ISIC_0025516,HAM_0001512,3
ISIC_0029835,HAM_0001512,3
ISIC_0028101,HAM_0001512,3
ISIC_0024941,HAM_0004133,2
ISIC_0026028,HAM_0004133,2
ISIC_0031447,HAM_0000509,3
ISIC_0024837,HAM_0000509,3
ISIC_0031667,HAM_0000509,3
ISIC_0026027,HAM_0000509,3
ISIC_0031839,HAM_0001027,1
ISIC_0026455,HAM_0001027,1
ISIC_0028265,HAM_0001027,1
ISIC_0028057,HAM_0001830,2
ISIC_0031502,HAM_0001830,2
ISIC_0025020,HAM_0001669,1
ISIC_0026106,HAM_0001669,1
ISIC_0030367,HAM_0003320,3
ISIC_0032227,HAM_0000963,2
ISIC_0032003,HAM_0000751,1
ISIC_0025840,HAM_0000618,3
ISIC_0030466,HAM_0004432,1
ISIC_0025662,HAM_0001525,1
ISIC_0027510,HAM_0001525,1
ISIC_0027338,HAM_0000163,3
ISIC_0025534,HAM_0000163,3
ISIC_0030135,HAM_0001297,1
ISIC_0030941,HAM_0001297,1
ISIC_0024394,HAM_0002547,1
ISIC_0029516,HAM_0002547,1
ISIC_0030066,HAM_0007089,2
ISIC_0028944,HAM_0007340,2
ISIC_0030057,HAM_0001157,3
ISIC_0028737,HAM_0001157,3
ISIC_0029666,HAM_0002645,1
ISIC_0027698,HAM_0002645,1
ISIC_0025412,HAM_0005110,3
ISIC_0025785,HAM_0005110,3
ISIC_0028494,HAM_0005110,3
ISIC_0028960,HAM_0004007,3
ISIC_0025240,HAM_0002348,1
ISIC_0026933,HAM_0002348,1
ISIC_0024349,HAM_0000025,3
ISIC_0026126,HAM_0000025,3
ISIC_0028271,HAM_0000025,3
ISIC_0026305,HAM_0002216,3
ISIC_0028454,HAM_0002216,3
ISIC_0030852,HAM_0002628,3
ISIC_0030652,HAM_0002628,3
ISIC_0030179,HAM_0001507,1
ISIC_0029215,HAM_0001507,1
ISIC_0028362,HAM_0001507,1
ISIC_0030894,HAM_0003284,2
ISIC_0027658,HAM_0000222,2
ISIC_0028678,HAM_0000222,2
ISIC_0030610,HAM_0001130,3
ISIC_0027122,HAM_0000996,3
ISIC_0031340,HAM_0000996,3
ISIC_0024793,HAM_0000996,3
ISIC_0024938,HAM_0001817,2
ISIC_0030065,HAM_0001817,2
ISIC_0030093,HAM_0000275,1
ISIC_0028645,HAM_0000275,1
ISIC_0031857,HAM_0000391,3
ISIC_0028621,HAM_0000391,3
ISIC_0025683,HAM_0000391,3
ISIC_0031621,HAM_0000597,2
ISIC_0031822,HAM_0000597,2
ISIC_0030654,HAM_0000597,2
ISIC_0025170,HAM_0003113,3
ISIC_0024520,HAM_0003113,3
ISIC_0031984,HAM_0006430,1
ISIC_0026487,HAM_0006430,1
ISIC_0030945,HAM_0004443,1
ISIC_0024721,HAM_0005466,2
ISIC_0027020,HAM_0000188,1
ISIC_0029199,HAM_0000188,1
ISIC_0026611,HAM_0002470,1
ISIC_0029609,HAM_0000211,1
ISIC_0029269,HAM_0002470,1
ISIC_0024518,HAM_0004985,3
ISIC_0031623,HAM_0005625,2
ISIC_0025047,HAM_0006149,1
ISIC_0029493,HAM_0005761,3
ISIC_0027667,HAM_0000146,2
ISIC_0028115,HAM_0007168,2
ISIC_0029482,HAM_0000211,1
ISIC_0025386,HAM_0003686,3
ISIC_0032305,HAM_0006456,1
ISIC_0028510,HAM_0002835,3
ISIC_0024870,HAM_0003686,3
ISIC_0028999,HAM_0006296,1
ISIC_0024406,HAM_0007480,3
ISIC_0030127,HAM_0004698,3
ISIC_0025969,HAM_0004369,2
ISIC_0031725,HAM_0006706,2
ISIC_0027040,HAM_0004924,3
ISIC_0026888,HAM_0005163,1
ISIC_0030397,HAM_0005614,2
ISIC_0027129,HAM_0007545,2
ISIC_0032355,HAM_0005888,2
ISIC_0024428,HAM_0000923,3
ISIC_0031092,HAM_0006492,1
ISIC_0027390,HAM_0005261,2
ISIC_0028450,HAM_0004839,3
ISIC_0028758,HAM_0004443,1
ISIC_0028167,HAM_0007456,1
ISIC_0027147,HAM_0000366,2
ISIC_0029339,HAM_0000418,2
ISIC_0025149,HAM_0000904,2
ISIC_0025938,HAM_0000904,2
ISIC_0028117,HAM_0006116,1
ISIC_0028216,HAM_0007049,1
ISIC_0026209,HAM_0001111,1
ISIC_0031727,HAM_0005855,2
ISIC_0027323,HAM_0006077,1
ISIC_0032436,HAM_0001207,2
ISIC_0026101,HAM_0003698,1
ISIC_0031070,HAM_0000632,2
ISIC_0024996,HAM_0005658,3
ISIC_0027978,HAM_0006470,3
ISIC_0027213,HAM_0002904,3
ISIC_0029589,HAM_0004069,1
ISIC_0027224,HAM_0002668,2
ISIC_0029641,HAM_0002675,3
ISIC_0026784,HAM_0002668,2
ISIC_0025633,HAM_0000783,3
ISIC_0031564,HAM_0005090,1
ISIC_0032141,HAM_0003723,1
ISIC_0031798,HAM_0005051,3
ISIC_0028484,HAM_0006258,2
ISIC_0031354,HAM_0002823,1
ISIC_0032163,HAM_0001427,1
ISIC_0026454,HAM_0006210,1
ISIC_0025562,HAM_0001313,1
ISIC_0027874,HAM_0002684,3
ISIC_0030967,HAM_0005881,1
ISIC_0030675,HAM_0003568,2
ISIC_0032474,HAM_0003282,3
ISIC_0032015,HAM_0005643,3
ISIC_0031285,HAM_0006025,3
ISIC_0030532,HAM_0002766,2
ISIC_0028304,HAM_0003005,1
ISIC_0024862,HAM_0007422,1
ISIC_0029528,HAM_0003707,3
ISIC_0028135,HAM_0002944,2
ISIC_0030581,HAM_0002916,2
ISIC_0029438,HAM_0002738,1
ISIC_0028715,HAM_0002053,2
ISIC_0029994,HAM_0007080,1
ISIC_0029926,HAM_0004030,2
ISIC_0027495,HAM_0000508,3
ISIC_0030399,HAM_0005870,1
ISIC_0032136,HAM_0001458,2
ISIC_0031353,HAM_0000168,3
ISIC_0025960,HAM_0002142,3
ISIC_0025198,HAM_0006408,2
ISIC_0029162,HAM_0005090,1
ISIC_0027486,HAM_0000129,1
ISIC_0025410,HAM_0005541,2
ISIC_0026599,HAM_0007144,2
ISIC_0031932,HAM_0004291,1
ISIC_0026987,HAM_0006994,1
ISIC_0027201,HAM_0003446,1
ISIC_0024841,HAM_0002368,3
ISIC_0027237,HAM_0003850,2
ISIC_0025245,HAM_0004020,1
ISIC_0030296,HAM_0005795,2
ISIC_0028679,HAM_0005239,1
ISIC_0029001,HAM_0005664,1
ISIC_0026739,HAM_0002033,3
ISIC_0024899,HAM_0002033,3
ISIC_0027671,HAM_0000971,2
ISIC_0026546,HAM_0000971,2
ISIC_0030121,HAM_0003088,2
ISIC_0029736,HAM_0003088,2
ISIC_0030816,HAM_0002205,3
ISIC_0026592,HAM_0001406,1
ISIC_0030790,HAM_0001730,1
ISIC_0030914,HAM_0001406,1
ISIC_0028998,HAM_0003253,2
ISIC_0026512,HAM_0003974,1
ISIC_0029183,HAM_0007491,1
ISIC_0032126,HAM_0000045,1
ISIC_0026573,HAM_0007001,3
ISIC_0026340,HAM_0000794,2
ISIC_0028217,HAM_0000763,1
ISIC_0027988,HAM_0007240,2
ISIC_0024963,HAM_0005620,2
ISIC_0027114,HAM_0005787,1
ISIC_0032489,HAM_0001327,1
ISIC_0025597,HAM_0000284,2
ISIC_0025225,HAM_0000284,2
ISIC_0027569,HAM_0005009,1
ISIC_0026698,HAM_0004824,3
ISIC_0030544,HAM_0003562,2
ISIC_0025305,HAM_0001492,2
ISIC_0029978,HAM_0006040,3
ISIC_0029577,HAM_0000886,3
ISIC_0024560,HAM_0000886,3
ISIC_0029993,HAM_0005987,3
ISIC_0026222,HAM_0005925,1
ISIC_0031117,HAM_0005176,3
ISIC_0027308,HAM_0003496,3
ISIC_0031046,HAM_0002657,1
ISIC_0029046,HAM_0004170,2
ISIC_0029138,HAM_0003355,3
ISIC_0032047,HAM_0005568,2
ISIC_0027963,HAM_0000891,3
ISIC_0024425,HAM_0006342,3
ISIC_0028557,HAM_0005395,3
ISIC_0027471,HAM_0005395,3
ISIC_0026706,HAM_0004532,2
ISIC_0028675,HAM_0001799,1
ISIC_0030328,HAM_0001334,3
ISIC_0030117,HAM_0001361,2
ISIC_0031220,HAM_0001028,3
ISIC_0026654,HAM_0000591,2
ISIC_0029369,HAM_0004505,3
ISIC_0024808,HAM_0000668,1
ISIC_0028297,HAM_0001630,2
ISIC_0031942,HAM_0003408,1
ISIC_0028357,HAM_0004283,1
ISIC_0029452,HAM_0005429,2
ISIC_0032444,HAM_0000949,1
ISIC_0028305,HAM_0001318,3
ISIC_0029645,HAM_0000225,2
ISIC_0026655,HAM_0007036,2
ISIC_0028186,HAM_0000634,3
ISIC_0026099,HAM_0000634,3
ISIC_0024836,HAM_0002291,2
ISIC_0028983,HAM_0000674,2
ISIC_0030180,HAM_0000362,1
ISIC_0026043,HAM_0000362,1
ISIC_0029544,HAM_0007013,3
ISIC_0028859,HAM_0000336,2
ISIC_0031612,HAM_0005873,1
ISIC_0028744,HAM_0002515,3
ISIC_0028529,HAM_0002171,1
ISIC_0029898,HAM_0004324,2
ISIC_0028364,HAM_0000777,3
ISIC_0024599,HAM_0004839,3
ISIC_0029286,HAM_0005450,2
ISIC_0032112,HAM_0003652,3
ISIC_0031306,HAM_0000063,2
ISIC_0025902,HAM_0005966,2
ISIC_0030704,HAM_0005966,2
ISIC_0028631,HAM_0000338,2
ISIC_0027490,HAM_0007133,3
ISIC_0029597,HAM_0007133,3
ISIC_0026601,HAM_0002899,1
ISIC_0024439,HAM_0005631,3
ISIC_0025492,HAM_0005631,3
ISIC_0027568,HAM_0006398,2
ISIC_0029679,HAM_0000366,2
ISIC_0026053,HAM_0001319,2
ISIC_0025443,HAM_0002497,3
ISIC_0030006,HAM_0003546,3
ISIC_0028599,HAM_0001319,2
ISIC_0027917,HAM_0003117,1
ISIC_0026097,HAM_0003419,2
ISIC_0028767,HAM_0003419,2
ISIC_0028378,HAM_0001001,2
ISIC_0026852,HAM_0001001,2
ISIC_0028589,HAM_0002480,2
ISIC_0029432,HAM_0002480,2
ISIC_0025846,HAM_0001077,1
ISIC_0030079,HAM_0003241,3
ISIC_0024908,HAM_0003241,3
ISIC_0031596,HAM_0002794,2
ISIC_0026491,HAM_0005786,3
ISIC_0030039,HAM_0001737,3
ISIC_0027883,HAM_0001737,3
ISIC_0028808,HAM_0005910,3
ISIC_0026513,HAM_0005910,3
ISIC_0027540,HAM_0005910,3
ISIC_0031700,HAM_0004127,2
ISIC_0030209,HAM_0000266,3
ISIC_0027073,HAM_0004127,2
ISIC_0031019,HAM_0000287,1
ISIC_0029959,HAM_0007066,1
ISIC_0024959,HAM_0000485,1
ISIC_0028202,HAM_0004942,1
ISIC_0025289,HAM_0006110,1
ISIC_0028689,HAM_0002537,3
ISIC_0028151,HAM_0000764,1
ISIC_0028857,HAM_0002107,1
ISIC_0029696,HAM_0005183,1
ISIC_0029975,HAM_0005994,3
ISIC_0031042,HAM_0005994,3
ISIC_0031049,HAM_0001688,3
ISIC_0030219,HAM_0006681,1
ISIC_0030981,HAM_0001552,2
ISIC_0025899,HAM_0001552,2
ISIC_0029127,HAM_0003918,1
ISIC_0025476,HAM_0006052,3
ISIC_0025950,HAM_0007477,2
ISIC_0027382,HAM_0007510,2
ISIC_0026437,HAM_0006251,2
ISIC_0025424,HAM_0006464,1
ISIC_0027503,HAM_0006464,1
ISIC_0029160,HAM_0006514,1
ISIC_0027181,HAM_0003640,2
ISIC_0025983,HAM_0004025,1
ISIC_0026818,HAM_0001330,3
ISIC_0032251,HAM_0001764,3
ISIC_0032253,HAM_0001764,3
ISIC_0029191,HAM_0003415,2
ISIC_0024476,HAM_0002007,2
ISIC_0028307,HAM_0000689,2
ISIC_0026551,HAM_0004802,1
ISIC_0024596,HAM_0004802,1
ISIC_0030966,HAM_0004802,1
ISIC_0026560,HAM_0000896,2
ISIC_0025051,HAM_0000896,2
ISIC_0026103,HAM_0000039,2
ISIC_0032189,HAM_0006028,1
ISIC_0032281,HAM_0004174,1
ISIC_0030425,HAM_0004946,1
ISIC_0026029,HAM_0004225,2
ISIC_0026610,HAM_0004279,2
ISIC_0028559,HAM_0000913,2
ISIC_0028032,HAM_0003058,3
ISIC_0032145,HAM_0003760,1
ISIC_0028951,HAM_0007116,1
ISIC_0028600,HAM_0007268,1
ISIC_0027469,HAM_0005884,3
ISIC_0028130,HAM_0007263,1
ISIC_0026359,HAM_0007504,2
ISIC_0030973,HAM_0004923,2
ISIC_0030444,HAM_0004923,2
ISIC_0024781,HAM_0003919,2
ISIC_0032292,HAM_0003685,1
ISIC_0032107,HAM_0003313,2
ISIC_0028400,HAM_0006118,2
ISIC_0026998,HAM_0006094,2
ISIC_0032218,HAM_0006094,2
ISIC_0032028,HAM_0002518,3
ISIC_0028648,HAM_0005670,1
ISIC_0025684,HAM_0006941,3
ISIC_0026329,HAM_0001479,2
ISIC_0028476,HAM_0007264,1
ISIC_0031832,HAM_0006972,2
ISIC_0027051,HAM_0006972,2
ISIC_0030340,HAM_0006972,2
ISIC_0031278,HAM_0001014,1
ISIC_0028580,HAM_0006881,3
ISIC_0025798,HAM_0006881,3
ISIC_0026922,HAM_0006881,3
ISIC_0028478,HAM_0002154,1
ISIC_0028150,HAM_0002451,1
ISIC_0025214,HAM_0004356,3
ISIC_0026133,HAM_0004833,1
ISIC_0031924,HAM_0002423,2
ISIC_0028963,HAM_0002423,2
ISIC_0026964,HAM_0004372,1
ISIC_0028905,HAM_0004399,1
ISIC_0030167,HAM_0004372,1
ISIC_0032327,HAM_0004806,1
ISIC_0028578,HAM_0003874,3
ISIC_0024809,HAM_0003874,3
ISIC_0025310,HAM_0005017,1
ISIC_0026752,HAM_0005017,1
ISIC_0027889,HAM_0002490,1
ISIC_0032423,HAM_0001014,1
ISIC_0024363,HAM_0004534,3
ISIC_0031014,HAM_0002675,3
ISIC_0024969,HAM_0002675,3
ISIC_0032936,HAM_0002552,1
ISIC_0030802,HAM_0004058,1
ISIC_0030742,HAM_0000603,1
ISIC_0031374,HAM_0000603,1
ISIC_0030422,HAM_0005980,2
ISIC_0031681,HAM_0006069,3
ISIC_0027242,HAM_0003578,2
ISIC_0025463,HAM_0007075,2
ISIC_0028179,HAM_0007049,1
ISIC_0033232,HAM_0002552,1
ISIC_0031081,HAM_0006596,3
ISIC_0029983,HAM_0006619,1
ISIC_0025542,HAM_0006685,1
ISIC_0024514,HAM_0002201,2
ISIC_0031662,HAM_0006947,3
ISIC_0031583,HAM_0007374,2
ISIC_0032109,HAM_0006947,3
ISIC_0031031,HAM_0004806,1
ISIC_0031742,HAM_0001803,2
ISIC_0028183,HAM_0003159,2
ISIC_0026108,HAM_0003159,2
ISIC_0031113,HAM_0000707,3
ISIC_0030792,HAM_0000759,1
ISIC_0025655,HAM_0000759,1
ISIC_0026658,HAM_0005436,1
ISIC_0032195,HAM_0007075,2
ISIC_0031813,HAM_0003987,3
ISIC_0030354,HAM_0003987,3
ISIC_0031476,HAM_0004170,2
ISIC_0025000,HAM_0001643,1
ISIC_0031754,HAM_0003940,2
ISIC_0029803,HAM_0003940,2
ISIC_0025106,HAM_0000273,1
ISIC_0026805,HAM_0006323,1
ISIC_0024680,HAM_0006323,1
ISIC_0027091,HAM_0001617,3
ISIC_0027271,HAM_0006757,1
ISIC_0024497,HAM_0006757,1
ISIC_0031594,HAM_0006835,2
ISIC_0029855,HAM_0003958,2
ISIC_0029530,HAM_0000267,2
ISIC_0031960,HAM_0004518,3
ISIC_0025640,HAM_0000014,2
ISIC_0031644,HAM_0005925,1
ISIC_0027036,HAM_0005925,1
ISIC_0026096,HAM_0006543,1
ISIC_0031802,HAM_0003836,1
ISIC_0026825,HAM_0000204,2
ISIC_0026445,HAM_0004288,1
ISIC_0030625,HAM_0007342,2
ISIC_0024684,HAM_0002481,3
ISIC_0028230,HAM_0004519,1
ISIC_0026023,HAM_0000815,1
ISIC_0032233,HAM_0006174,1
ISIC_0028116,HAM_0006174,1
ISIC_0029174,HAM_0001381,1
ISIC_0028870,HAM_0001381,1
ISIC_0026330,HAM_0001803,2
ISIC_0030251,HAM_0001989,2
ISIC_0032144,HAM_0007176,1
ISIC_0030740,HAM_0002319,2
ISIC_0026600,HAM_0002319,2
ISIC_0030772,HAM_0005086,2
ISIC_0029479,HAM_0005175,1
ISIC_0032278,HAM_0005175,1
ISIC_0026111,HAM_0000374,2
ISIC_0027255,HAM_0007284,3
ISIC_0028588,HAM_0000850,1
ISIC_0026581,HAM_0000889,3
ISIC_0026231,HAM_0006581,1
ISIC_0026216,HAM_0005762,2
ISIC_0027109,HAM_0006685,1
ISIC_0029095,HAM_0006685,1
ISIC_0030580,HAM_0006702,1
ISIC_0027005,HAM_0006596,3
ISIC_0031871,HAM_0006225,2
ISIC_0029075,HAM_0006225,2
ISIC_0028887,HAM_0006225,2
ISIC_0031567,HAM_0001803,2
ISIC_0028358,HAM_0001318,3
ISIC_0027766,HAM_0001609,1
ISIC_0030809,HAM_0001609,1
ISIC_0032311,HAM_0005086,2
ISIC_0026401,HAM_0000889,3
ISIC_0030370,HAM_0000889,3
ISIC_0032284,HAM_0002647,1
ISIC_0031107,HAM_0006725,2
ISIC_0026022,HAM_0006725,2
ISIC_0026577,HAM_0006835,2
ISIC_0027639,HAM_0000204,2
ISIC_0031249,HAM_0003223,1
ISIC_0032034,HAM_0006205,1
ISIC_0030451,HAM_0006905,1
ISIC_0031111,HAM_0000922,2
ISIC_0025667,HAM_0000762,1
ISIC_0028982,HAM_0000762,1
ISIC_0028602,HAM_0000778,3
ISIC_0027137,HAM_0000762,1
ISIC_0029182,HAM_0000277,3
ISIC_0032140,HAM_0004337,1
ISIC_0031806,HAM_0003142,3
ISIC_0030635,HAM_0003640,2
ISIC_0030817,HAM_0000073,1
ISIC_0029470,HAM_0000073,1
ISIC_0028472,HAM_0005769,2
ISIC_0030674,HAM_0006905,1
ISIC_0027840,HAM_0002271,3
ISIC_0024998,HAM_0007516,3
ISIC_0029749,HAM_0001962,3
ISIC_0030922,HAM_0005197,2
ISIC_0026671,HAM_0006526,3
ISIC_0024933,HAM_0000266,3
ISIC_0031192,HAM_0006932,2
ISIC_0028128,HAM_0005102,2
ISIC_0026488,HAM_0005387,3
ISIC_0026554,HAM_0005828,2
ISIC_0030603,HAM_0006921,3
ISIC_0031085,HAM_0005828,2
ISIC_0029221,HAM_0006458,2
ISIC_0027688,HAM_0001936,1
ISIC_0024704,HAM_0001936,1
ISIC_0030260,HAM_0006821,2
ISIC_0031462,HAM_0002861,2
ISIC_0028643,HAM_0005537,2
ISIC_0031981,HAM_0004337,1
ISIC_0025184,HAM_0007178,1
ISIC_0024561,HAM_0000707,3
ISIC_0028261,HAM_0005429,2
ISIC_0030198,HAM_0005695,2
ISIC_0027535,HAM_0006821,2
ISIC_0027098,HAM_0003451,1
ISIC_0026071,HAM_0001190,1
ISIC_0027908,HAM_0001104,1
ISIC_0030923,HAM_0005750,1
ISIC_0028243,HAM_0002556,1
ISIC_0025436,HAM_0002556,1
ISIC_0025989,HAM_0003033,3
ISIC_0026179,HAM_0003523,2
ISIC_0032340,HAM_0001881,1
ISIC_0024620,HAM_0001881,1
ISIC_0026217,HAM_0002205,3
ISIC_0025027,HAM_0004479,1
ISIC_0029079,HAM_0002888,3
ISIC_0025571,HAM_0002888,3
ISIC_0025776,HAM_0003785,2
ISIC_0025908,HAM_0003785,2
ISIC_0031930,HAM_0002271,3
ISIC_0031131,HAM_0004443,1
ISIC_0031473,HAM_0004443,1
ISIC_0029671,HAM_0003754,3
ISIC_0027789,HAM_0003415,2
ISIC_0031011,HAM_0003919,2
ISIC_0028761,HAM_0003415,2
ISIC_0028873,HAM_0001190,1
ISIC_0028787,HAM_0001934,3
ISIC_0026008,HAM_0001934,3
ISIC_0031134,HAM_0001934,3
ISIC_0024466,HAM_0001891,2
ISIC_0025892,HAM_0002754,1
ISIC_0026866,HAM_0002754,1
ISIC_0027351,HAM_0002293,2
ISIC_0025488,HAM_0002295,1
ISIC_0027999,HAM_0002295,1
ISIC_0030061,HAM_0000836,1
ISIC_0030960,HAM_0000836,1
ISIC_0030311,HAM_0000836,1
ISIC_0027346,HAM_0002326,3
ISIC_0031875,HAM_0002326,3
ISIC_0027997,HAM_0004008,3
ISIC_0024784,HAM_0001479,2
ISIC_0024922,HAM_0003223,1
ISIC_0029119,HAM_0003932,3
ISIC_0026151,HAM_0003932,3
ISIC_0032471,HAM_0003932,3
ISIC_0027578,HAM_0006458,2
ISIC_0032148,HAM_0000521,2
ISIC_0031889,HAM_0000521,2
ISIC_0030553,HAM_0005848,3
ISIC_0025477,HAM_0003125,1
ISIC_0028571,HAM_0006273,2
ISIC_0031573,HAM_0006273,2
ISIC_0025123,HAM_0001126,1
ISIC_0028276,HAM_0001126,1
ISIC_0027183,HAM_0001104,1
ISIC_0026374,HAM_0002238,2
ISIC_0027379,HAM_0002154,1
ISIC_0027468,HAM_0002154,1
ISIC_0027203,HAM_0000287,1
ISIC_0031064,HAM_0000798,1
ISIC_0027538,HAM_0000798,1
ISIC_0026751,HAM_0000798,1
ISIC_0029332,HAM_0000798,1
ISIC_0024827,HAM_0001125,1
ISIC_0031304,HAM_0001125,1
ISIC_0030856,HAM_0001730,1
ISIC_0029476,HAM_0004069,1
ISIC_0028809,HAM_0004991,3
ISIC_0028016,HAM_0005664,1
ISIC_0030456,HAM_0000194,3
ISIC_0030942,HAM_0000194,3
ISIC_0029344,HAM_0004638,3
ISIC_0029812,HAM_0005318,3
ISIC_0026347,HAM_0005318,3
ISIC_0028698,HAM_0003033,3
ISIC_0030694,HAM_0002490,1
ISIC_0028865,HAM_0004600,1
ISIC_0028464,HAM_0004600,1
ISIC_0029145,HAM_0000500,1
ISIC_0029441,HAM_0000500,1
ISIC_0027798,HAM_0007014,1
ISIC_0028141,HAM_0007014,1
ISIC_0032310,HAM_0007014,1
ISIC_0026323,HAM_0006104,3
ISIC_0028673,HAM_0004553,2
ISIC_0030151,HAM_0004614,3
ISIC_0030279,HAM_0002936,3
ISIC_0024380,HAM_0002936,3
ISIC_0027873,HAM_0006114,3
ISIC_0032344,HAM_0003919,2
ISIC_0031866,HAM_0003423,3
ISIC_0028344,HAM_0003423,3
ISIC_0030033,HAM_0002572,1
ISIC_0027262,HAM_0003590,2
ISIC_0024916,HAM_0003590,2
ISIC_0031039,HAM_0000778,3
ISIC_0031611,HAM_0003710,2
ISIC_0032074,HAM_0003710,2
ISIC_0028468,HAM_0000961,2
ISIC_0028608,HAM_0003434,2
ISIC_0030978,HAM_0002007,2
ISIC_0028649,HAM_0003754,3
ISIC_0024416,HAM_0002172,2
ISIC_0026166,HAM_0000562,3
ISIC_0028131,HAM_0003790,3
ISIC_0024377,HAM_0002088,3
ISIC_0025918,HAM_0003078,1
ISIC_0024876,HAM_0004680,2
ISIC_0030839,HAM_0006926,2
ISIC_0028504,HAM_0006910,2
ISIC_0029862,HAM_0006910,2
ISIC_0028118,HAM_0007514,2
ISIC_0030593,HAM_0002685,1
ISIC_0027959,HAM_0007083,2
ISIC_0031045,HAM_0001454,1
ISIC_0031794,HAM_0006616,1
ISIC_0026809,HAM_0000267,2
ISIC_0031379,HAM_0006241,1
ISIC_0027711,HAM_0005057,1
ISIC_0025763,HAM_0007508,3
ISIC_0028947,HAM_0002486,2
ISIC_0029252,HAM_0004095,3
ISIC_0026017,HAM_0004095,3
ISIC_0031599,HAM_0003263,3
ISIC_0028226,HAM_0003263,3
ISIC_0031965,HAM_0002511,3
ISIC_0025148,HAM_0002511,3
ISIC_0030140,HAM_0006512,3
ISIC_0027614,HAM_0006512,3
ISIC_0025243,HAM_0001933,2
ISIC_0030159,HAM_0007208,2
ISIC_0027512,HAM_0004738,3
ISIC_0030847,HAM_0005153,1
ISIC_0027945,HAM_0003054,3
ISIC_0032157,HAM_0000353,1
ISIC_0030434,HAM_0005733,1
ISIC_0032236,HAM_0006105,2
ISIC_0030919,HAM_0005008,2
ISIC_0028498,HAM_0000000,2
ISIC_0030210,HAM_0004534,3
ISIC_0028686,HAM_0005329,2
ISIC_0029560,HAM_0006129,1
ISIC_0027849,HAM_0006129,1
ISIC_0031809,HAM_0004835,1
ISIC_0025681,HAM_0007228,1
ISIC_0030912,HAM_0001020,3
ISIC_0024995,HAM_0003650,2
ISIC_0026260,HAM_0000187,3
ISIC_0027783,HAM_0001679,2
ISIC_0030263,HAM_0003672,2
ISIC_0029963,HAM_0007025,2
ISIC_0030937,HAM_0005173,1
ISIC_0025400,HAM_0005173,1
ISIC_0026991,HAM_0003946,3
ISIC_0029792,HAM_0005250,1
ISIC_0029208,HAM_0000604,2
ISIC_0028009,HAM_0005479,3
ISIC_0027415,HAM_0000505,3
ISIC_0024519,HAM_0007543,3
ISIC_0025166,HAM_0001689,1
ISIC_0028938,HAM_0001689,1
ISIC_0024479,HAM_0006469,1
ISIC_0026358,HAM_0006469,1
ISIC_0025141,HAM_0006599,3
ISIC_0026660,HAM_0006599,3
ISIC_0028766,HAM_0001541,3
ISIC_0027549,HAM_0006358,1
ISIC_0025581,HAM_0006358,1
ISIC_0028384,HAM_0005817,3
ISIC_0026451,HAM_0005712,3
ISIC_0032385,HAM_0005712,3
ISIC_0027523,HAM_0001498,1
ISIC_0025065,HAM_0005273,2
ISIC_0027319,HAM_0005273,2
ISIC_0029328,HAM_0001169,2
ISIC_0030384,HAM_0001169,2
ISIC_0029498,HAM_0001356,3
ISIC_0026333,HAM_0001356,3
ISIC_0031829,HAM_0006936,3
ISIC_0027729,HAM_0006936,3
ISIC_0031036,HAM_0005254,2
ISIC_0026820,HAM_0005254,2
ISIC_0029650,HAM_0001329,3
ISIC_0029879,HAM_0001329,3
ISIC_0029838,HAM_0002364,2
ISIC_0024712,HAM_0002364,2
ISIC_0028586,HAM_0000690,3
ISIC_0030182,HAM_0000690,3
ISIC_0026182,HAM_0001265,3
ISIC_0025061,HAM_0001265,3
ISIC_0028477,HAM_0005531,1
ISIC_0024577,HAM_0005531,1
ISIC_0028272,HAM_0001306,1
ISIC_0026603,HAM_0001306,1
ISIC_0025323,HAM_0002798,3
ISIC_0024857,HAM_0004360,1
ISIC_0026295,HAM_0006967,2
ISIC_0030485,HAM_0002587,2
ISIC_0031803,HAM_0002587,2
ISIC_0025278,HAM_0002795,3
ISIC_0032312,HAM_0002795,3
ISIC_0029055,HAM_0002296,2
ISIC_0026834,HAM_0002296,2
ISIC_0026657,HAM_0002768,1
ISIC_0028067,HAM_0002768,1
ISIC_0030977,HAM_0005154,2
ISIC_0024762,HAM_0005154,2
ISIC_0031595,HAM_0006645,2
ISIC_0031071,HAM_0003045,3
ISIC_0031475,HAM_0003045,3
ISIC_0031127,HAM_0000144,1
ISIC_0027558,HAM_0000144,1
ISIC_0029794,HAM_0006734,3
ISIC_0024821,HAM_0001172,1
ISIC_0027266,HAM_0003430,3
ISIC_0027867,HAM_0003430,3
ISIC_0026788,HAM_0001765,2
ISIC_0029759,HAM_0001765,2
ISIC_0030348,HAM_0002364,2
ISIC_0031602,HAM_0006913,2
ISIC_0024683,HAM_0006913,2
ISIC_0026122,HAM_0000666,2
ISIC_0026024,HAM_0000666,2
ISIC_0025168,HAM_0003035,3
ISIC_0024617,HAM_0003035,3
ISIC_0029231,HAM_0004996,1
ISIC_0030144,HAM_0004996,1
ISIC_0028909,HAM_0004996,1
ISIC_0029920,HAM_0004475,1
ISIC_0031188,HAM_0004475,1
ISIC_0030091,HAM_0005829,2
ISIC_0028720,HAM_0002589,2
ISIC_0026318,HAM_0002589,2
ISIC_0026742,HAM_0005193,1
ISIC_0028665,HAM_0005193,1
ISIC_0026480,HAM_0001902,2
ISIC_0029668,HAM_0001902,2
ISIC_0026942,HAM_0006553,2
ISIC_0030410,HAM_0006553,2
ISIC_0031750,HAM_0007484,2
ISIC_0030710,HAM_0007484,2
ISIC_0027714,HAM_0005720,1
ISIC_0030585,HAM_0005720,1
ISIC_0028903,HAM_0003872,1
ISIC_0029140,HAM_0004646,2
ISIC_0030557,HAM_0004646,2
ISIC_0025865,HAM_0005160,3
ISIC_0024935,HAM_0005160,3
ISIC_0029091,HAM_0002832,1
ISIC_0032026,HAM_0002832,1
ISIC_0030336,HAM_0006551,2
ISIC_0027970,HAM_0006551,2
ISIC_0031322,HAM_0006411,3
ISIC_0031985,HAM_0000406,1
ISIC_0030890,HAM_0000406,1
ISIC_0025355,HAM_0003027,1
ISIC_0031973,HAM_0000378,2
ISIC_0025956,HAM_0000741,1
ISIC_0027607,HAM_0000741,1
ISIC_0025860,HAM_0002726,1
ISIC_0025473,HAM_0002726,1
ISIC_0025670,HAM_0002332,1
ISIC_0025898,HAM_0002332,1
ISIC_0024540,HAM_0000159,2
ISIC_0027948,HAM_0000159,2
ISIC_0032008,HAM_0004667,1
ISIC_0031317,HAM_0004667,1
ISIC_0024734,HAM_0007445,3
ISIC_0027012,HAM_0007445,3
ISIC_0025062,HAM_0001418,3
ISIC_0027961,HAM_0005365,3
ISIC_0026749,HAM_0004777,2
ISIC_0029895,HAM_0004777,2
ISIC_0030059,HAM_0005246,3
ISIC_0028658,HAM_0004703,1
ISIC_0032020,HAM_0007437,1
ISIC_0024745,HAM_0007437,1
ISIC_0025881,HAM_0002571,1
ISIC_0029970,HAM_0005712,3
ISIC_0025101,HAM_0005712,3
ISIC_0028632,HAM_0005960,1
ISIC_0029537,HAM_0002147,2
ISIC_0031668,HAM_0000698,2
ISIC_0027431,HAM_0000698,2
ISIC_0030479,HAM_0007566,1
ISIC_0028834,HAM_0007566,1
ISIC_0030300,HAM_0002284,3
ISIC_0025252,HAM_0007239,2
ISIC_0027143,HAM_0007239,2
ISIC_0031395,HAM_0005974,3
ISIC_0033011,HAM_0006459,2
ISIC_0032706,HAM_0000412,1
ISIC_0033445,HAM_0000765,3
ISIC_0032697,HAM_0002027,1
ISIC_0032589,HAM_0006218,1
ISIC_0032931,HAM_0002553,1
ISIC_0033313,HAM_0003362,3
ISIC_0033234,HAM_0003361,3
ISIC_0033903,HAM_0003367,3
ISIC_0033105,HAM_0003356,1
ISIC_0033890,HAM_0003365,1
ISIC_0033381,HAM_0003363,1
ISIC_0034270,HAM_0003368,3
ISIC_0032572,HAM_0003356,1
ISIC_0028252,HAM_0001259,1
ISIC_0028170,HAM_0003040,3
ISIC_0031524,HAM_0007206,1
ISIC_0029401,HAM_0001009,1
ISIC_0033484,HAM_0000556,1
ISIC_0033540,HAM_0000556,1
ISIC_0034279,HAM_0000556,1
ISIC_0033888,HAM_0006925,1
ISIC_0033338,HAM_0006925,1
ISIC_0032600,HAM_0001930,3
ISIC_0032791,HAM_0001930,3
ISIC_0033537,HAM_0001916,1
ISIC_0032837,HAM_0002425,2
ISIC_0032682,HAM_0002425,2
ISIC_0032907,HAM_0003681,1
ISIC_0033760,HAM_0003681,1
ISIC_0033335,HAM_0005313,1
ISIC_0034053,HAM_0001442,1
ISIC_0032930,HAM_0000488,1
ISIC_0033614,HAM_0007333,1
ISIC_0033436,HAM_0007184,2
ISIC_0033572,HAM_0003208,1
ISIC_0033596,HAM_0003208,1
ISIC_0034212,HAM_0003755,2
ISIC_0033489,HAM_0003755,2
ISIC_0033907,HAM_0005316,3
ISIC_0033139,HAM_0005316,3
ISIC_0033225,HAM_0001106,3
ISIC_0033615,HAM_0001106,3
ISIC_0033418,HAM_0000675,2
ISIC_0034054,HAM_0000675,2
ISIC_0033364,HAM_0000214,3
ISIC_0033132,HAM_0004387,1
ISIC_0033821,HAM_0004387,1
ISIC_0033457,HAM_0005434,3
ISIC_0033588,HAM_0003774,1
ISIC_0033144,HAM_0003774,1
ISIC_0033777,HAM_0004854,2
ISIC_0033078,HAM_0004854,2
ISIC_0034055,HAM_0004854,2
ISIC_0033997,HAM_0006353,2
ISIC_0032712,HAM_0006353,2
ISIC_0033164,HAM_0006353,2
ISIC_0033395,HAM_0004392,3
ISIC_0033095,HAM_0004392,3
ISIC_0033040,HAM_0007478,1
ISIC_0034238,HAM_0002712,2
ISIC_0032543,HAM_0002413,2
ISIC_0033176,HAM_0001490,3
ISIC_0032658,HAM_0005717,1
ISIC_0032868,HAM_0004572,3
ISIC_0032528,HAM_0003945,1
ISIC_0034018,HAM_0002569,1
ISIC_0033211,HAM_0005062,1
ISIC_0033617,HAM_0005062,1
ISIC_0033889,HAM_0005062,1
ISIC_0033346,HAM_0004165,2
ISIC_0033098,HAM_0004071,2
ISIC_0032607,HAM_0004071,2
ISIC_0033584,HAM_0003777,1
ISIC_0032523,HAM_0002755,1
ISIC_0033159,HAM_0002755,1
ISIC_0032748,HAM_0001613,3
ISIC_0034260,HAM_0004705,1
ISIC_0034027,HAM_0005059,3
ISIC_0032580,HAM_0002724,2
ISIC_0033692,HAM_0002724,2
ISIC_0032793,HAM_0002074,1
ISIC_0033766,HAM_0005115,2
ISIC_0033008,HAM_0005115,2
ISIC_0033543,HAM_0000181,3
ISIC_0034185,HAM_0000181,3
ISIC_0032935,HAM_0004016,2
ISIC_0034229,HAM_0005689,1
ISIC_0028066,HAM_0005689,1
ISIC_0032828,HAM_0005308,3
ISIC_0033464,HAM_0000650,2
ISIC_0033895,HAM_0004348,3
ISIC_0032678,HAM_0004344,3
ISIC_0033970,HAM_0004350,3
ISIC_0033896,HAM_0004349,1
ISIC_0034250,HAM_0004352,1
ISIC_0033690,HAM_0004347,1
ISIC_0034193,HAM_0004351,1
ISIC_0033208,HAM_0004345,3
ISIC_0032402,HAM_0003809,1
ISIC_0034309,HAM_0003810,2
ISIC_0032900,HAM_0003811,1
ISIC_0032647,HAM_0003814,3
ISIC_0024715,HAM_0003815,3
ISIC_0029152,HAM_0003816,1
ISIC_0033622,HAM_0003818,3
ISIC_0027689,HAM_0003819,2
ISIC_0033290,HAM_0006233,3
ISIC_0034177,HAM_0006239,3
ISIC_0033681,HAM_0006235,2
ISIC_0033741,HAM_0006236,2
ISIC_0033043,HAM_0006232,3
ISIC_0032632,HAM_0006230,1
ISIC_0034302,HAM_0004215,3
ISIC_0032635,HAM_0004185,2
ISIC_0032562,HAM_0004191,1
ISIC_0033826,HAM_0004206,1
ISIC_0034248,HAM_0004214,2
ISIC_0033797,HAM_0004205,3
ISIC_0033772,HAM_0004204,2
ISIC_0032996,HAM_0004188,3
ISIC_0032591,HAM_0004182,3
ISIC_0033556,HAM_0004199,1
ISIC_0033892,HAM_0004208,2
ISIC_0032571,HAM_0004181,3
ISIC_0033623,HAM_0004202,2
ISIC_0033066,HAM_0004192,3
ISIC_0033383,HAM_0004195,2
ISIC_0033858,HAM_0004207,3
ISIC_0034081,HAM_0004210,1
ISIC_0033072,HAM_0004193,3
ISIC_0032634,HAM_0004184,1
ISIC_0033481,HAM_0004198,1
ISIC_0033567,HAM_0004200,3
ISIC_0033374,HAM_0006766,1
ISIC_0033877,HAM_0004237,2
ISIC_0033841,HAM_0000822,3
ISIC_0033751,HAM_0005257,2
ISIC_0033065,HAM_0001619,1
ISIC_0033375,HAM_0001147,3
ISIC_0033628,HAM_0004508,1
ISIC_0033733,HAM_0002037,3
ISIC_0032738,HAM_0007191,2
ISIC_0033353,HAM_0001000,1
ISIC_0032852,HAM_0002164,1
ISIC_0033417,HAM_0007301,1
ISIC_0033332,HAM_0001118,2
ISIC_0034130,HAM_0007172,2
ISIC_0032945,HAM_0003696,3
ISIC_0033597,HAM_0005439,2
ISIC_0033187,HAM_0003034,2
ISIC_0033064,HAM_0001209,3
ISIC_0033515,HAM_0002402,2
ISIC_0033735,HAM_0001433,3
ISIC_0033982,HAM_0006643,1
ISIC_0034195,HAM_0003300,3
ISIC_0033620,HAM_0003807,2
ISIC_0034040,HAM_0003808,1
ISIC_0029355,HAM_0007069,1
ISIC_0024757,HAM_0004370,3
ISIC_0027492,HAM_0003642,2
ISIC_0027528,HAM_0003642,2
ISIC_0031216,HAM_0006861,3
ISIC_0031769,HAM_0006861,3
ISIC_0025816,HAM_0007122,1
ISIC_0031209,HAM_0007069,1
ISIC_0025499,HAM_0005696,1
ISIC_0032379,HAM_0005522,3
ISIC_0029368,HAM_0005522,3
ISIC_0025653,HAM_0005347,2
ISIC_0027265,HAM_0005347,2
ISIC_0024437,HAM_0002566,2
ISIC_0027418,HAM_0001393,2
ISIC_0031359,HAM_0002408,3
ISIC_0024955,HAM_0001956,2
ISIC_0030038,HAM_0001956,2
ISIC_0030909,HAM_0000258,2
ISIC_0031323,HAM_0000258,2
ISIC_0031791,HAM_0004742,2
ISIC_0028338,HAM_0004742,2
ISIC_0031148,HAM_0005091,2
ISIC_0028399,HAM_0007122,1
ISIC_0025652,HAM_0003965,3
ISIC_0029038,HAM_0004857,3
ISIC_0031222,HAM_0004857,3
ISIC_0026326,HAM_0007609,1
ISIC_0032273,HAM_0006283,1
ISIC_0031299,HAM_0003384,3
ISIC_0028438,HAM_0003384,3
ISIC_0024830,HAM_0001410,1
ISIC_0028380,HAM_0003965,3
ISIC_0027924,HAM_0006283,1
ISIC_0031547,HAM_0000102,2
ISIC_0032221,HAM_0000102,2
ISIC_0031649,HAM_0003322,1
ISIC_0029417,HAM_0002644,3
ISIC_0029915,HAM_0006002,2
ISIC_0029360,HAM_0000549,2
ISIC_0026152,HAM_0000549,2
ISIC_0029659,HAM_0000673,2
ISIC_0026575,HAM_0006875,3
ISIC_0030586,HAM_0006875,3
ISIC_0029041,HAM_0006898,2
ISIC_0031929,HAM_0001499,3
ISIC_0032173,HAM_0001694,1
ISIC_0033456,HAM_0002615,3
ISIC_0030408,HAM_0002061,2
ISIC_0032329,HAM_0005027,1
ISIC_0031198,HAM_0003422,2
ISIC_0031191,HAM_0005931,1
ISIC_0030242,HAM_0006898,2
ISIC_0026362,HAM_0005301,1
ISIC_0030297,HAM_0001621,3
ISIC_0027084,HAM_0006893,1
ISIC_0030714,HAM_0003989,2
ISIC_0028231,HAM_0003688,2
ISIC_0026411,HAM_0004846,3
ISIC_0031918,HAM_0003141,3
ISIC_0030803,HAM_0004012,1
ISIC_0025831,HAM_0004012,1
ISIC_0027231,HAM_0005310,3
ISIC_0027719,HAM_0007354,3
ISIC_0024843,HAM_0004376,2
ISIC_0028381,HAM_0004522,2
ISIC_0030602,HAM_0007555,2
ISIC_0031874,HAM_0001922,3
ISIC_0025069,HAM_0006222,1
ISIC_0027700,HAM_0001383,1
ISIC_0025411,HAM_0002158,3
ISIC_0030076,HAM_0007085,1
ISIC_0028816,HAM_0003123,1
ISIC_0028232,HAM_0003123,1
ISIC_0026927,HAM_0003501,3
ISIC_0025539,HAM_0000967,3
ISIC_0030191,HAM_0003161,3
ISIC_0031043,HAM_0006217,3
ISIC_0025331,HAM_0001258,1
ISIC_0032455,HAM_0001337,2
ISIC_0031738,HAM_0005766,2
ISIC_0029930,HAM_0005889,1
ISIC_0026327,HAM_0002012,1
ISIC_0032349,HAM_0003086,2
ISIC_0029362,HAM_0005413,1
ISIC_0027708,HAM_0005438,3
ISIC_0027958,HAM_0003455,1
ISIC_0027896,HAM_0003455,1
ISIC_0031940,HAM_0001234,2
ISIC_0026729,HAM_0006560,1
ISIC_0028372,HAM_0006482,2
ISIC_0027506,HAM_0006482,2
ISIC_0026625,HAM_0005354,1
ISIC_0028854,HAM_0005356,3
ISIC_0031044,HAM_0006135,1
ISIC_0025712,HAM_0005117,1
ISIC_0032422,HAM_0004384,1
ISIC_0030826,HAM_0004384,1
ISIC_0031012,HAM_0005389,2
ISIC_0029533,HAM_0005389,2
ISIC_0024372,HAM_0005389,2
ISIC_0024707,HAM_0005448,1
ISIC_0026992,HAM_0003146,3
ISIC_0029563,HAM_0003146,3
ISIC_0030491,HAM_0002441,2
ISIC_0029715,HAM_0000859,2
ISIC_0029860,HAM_0001967,3
ISIC_0027650,HAM_0002648,2
ISIC_0024517,HAM_0001894,3
ISIC_0027303,HAM_0000490,2
ISIC_0029315,HAM_0004780,2
ISIC_0029811,HAM_0003157,3
ISIC_0024450,HAM_0005505,3
ISIC_0031743,HAM_0005505,3
ISIC_0026522,HAM_0005505,3
ISIC_0024771,HAM_0006301,2
ISIC_0027753,HAM_0006481,2
ISIC_0026492,HAM_0006481,2
ISIC_0026466,HAM_0000456,2
ISIC_0029932,HAM_0004722,1
ISIC_0030175,HAM_0003051,3
ISIC_0024575,HAM_0004722,1
ISIC_0031692,HAM_0007131,1
ISIC_0032203,HAM_0005954,1
ISIC_0025089,HAM_0002705,1
ISIC_0028314,HAM_0006434,2
ISIC_0026138,HAM_0005027,1
ISIC_0029371,HAM_0005264,3
ISIC_0031659,HAM_0005264,3
ISIC_0024946,HAM_0005264,3
ISIC_0030707,HAM_0001890,1
ISIC_0031211,HAM_0004563,2
ISIC_0028872,HAM_0000552,1
ISIC_0030953,HAM_0005924,2
ISIC_0025196,HAM_0005924,2
ISIC_0030821,HAM_0006604,3
ISIC_0031292,HAM_0007008,1
ISIC_0026083,HAM_0000552,1
ISIC_0025182,HAM_0006213,1
ISIC_0028659,HAM_0002070,2
ISIC_0031570,HAM_0001178,3
ISIC_0024418,HAM_0003380,3
ISIC_0027343,HAM_0003380,3
ISIC_0027172,HAM_0003939,3
ISIC_0028644,HAM_0001176,3
ISIC_0025637,HAM_0001460,2
ISIC_0026203,HAM_0003895,3
ISIC_0025811,HAM_0005255,1
ISIC_0026212,HAM_0003262,2
ISIC_0026014,HAM_0002882,2
ISIC_0032371,HAM_0006483,1
ISIC_0029610,HAM_0005459,3
ISIC_0033413,HAM_0002615,3
ISIC_0030785,HAM_0004609,3
ISIC_0029840,HAM_0004809,1
ISIC_0027047,HAM_0001786,1
ISIC_0030143,HAM_0005978,2
ISIC_0032356,HAM_0000982,3
ISIC_0026100,HAM_0000954,2
ISIC_0029567,HAM_0000954,2
ISIC_0024522,HAM_0005650,2
ISIC_0030387,HAM_0005650,2
ISIC_0029851,HAM_0000769,1
ISIC_0029573,HAM_0006879,2
ISIC_0025350,HAM_0005701,3
ISIC_0030280,HAM_0003633,3
ISIC_0031578,HAM_0003157,3
ISIC_0032397,HAM_0005459,3
ISIC_0030245,HAM_0004780,2
ISIC_0031672,HAM_0004439,3
ISIC_0030986,HAM_0004439,3
ISIC_0029268,HAM_0005459,3
ISIC_0029598,HAM_0003401,1
ISIC_0029002,HAM_0003401,1
ISIC_0026525,HAM_0001048,1
ISIC_0026709,HAM_0001565,1
ISIC_0032897,HAM_0000462,1
ISIC_0026206,HAM_0000490,2
ISIC_0025319,HAM_0003195,3
ISIC_0030730,HAM_0004592,2
ISIC_0030549,HAM_0002094,1
ISIC_0026178,HAM_0007349,2
ISIC_0027184,HAM_0007349,2
ISIC_0029462,HAM_0007349,2
ISIC_0028499,HAM_0004976,1
ISIC_0031421,HAM_0004976,1
ISIC_0025577,HAM_0000005,1
ISIC_0030591,HAM_0000005,1
ISIC_0024579,HAM_0000005,1
ISIC_0029638,HAM_0000005,1
ISIC_0025029,HAM_0003105,3
ISIC_0026388,HAM_0003105,3
ISIC_0026132,HAM_0004992,3
ISIC_0025790,HAM_0001004,1
ISIC_0025803,HAM_0005024,3
ISIC_0031286,HAM_0000909,2
ISIC_0030158,HAM_0005255,1
ISIC_0029900,HAM_0005551,2
ISIC_0029549,HAM_0005718,1
ISIC_0026905,HAM_0006180,2
ISIC_0024470,HAM_0006220,3
ISIC_0024646,HAM_0006252,3
ISIC_0033000,HAM_0006442,3
ISIC_0033295,HAM_0006442,3
ISIC_0031228,HAM_0006524,2
ISIC_0024763,HAM_0006524,2
ISIC_0028076,HAM_0006434,2
ISIC_0030142,HAM_0006434,2
ISIC_0024468,HAM_0006301,2
ISIC_0025471,HAM_0001967,3
ISIC_0028063,HAM_0006560,1
ISIC_0027930,HAM_0004899,1
ISIC_0027802,HAM_0006560,1
ISIC_0024329,HAM_0002954,2
ISIC_0029460,HAM_0000545,1
ISIC_0030844,HAM_0003107,3
ISIC_0025957,HAM_0007047,3
ISIC_0031927,HAM_0001277,2
ISIC_0027550,HAM_0004297,3
ISIC_0025605,HAM_0007047,3
ISIC_0030344,HAM_0007199,2
ISIC_0025264,HAM_0007623,1
ISIC_0026171,HAM_0000356,3
ISIC_0026457,HAM_0007303,1
ISIC_0026848,HAM_0007308,1
ISIC_0027562,HAM_0007622,2
ISIC_0028763,HAM_0000832,1
ISIC_0029133,HAM_0000918,3
ISIC_0027668,HAM_0001386,2
ISIC_0025427,HAM_0001416,3
ISIC_0032135,HAM_0003144,2
ISIC_0030463,HAM_0004655,1
ISIC_0029827,HAM_0002699,2
ISIC_0027452,HAM_0004033,3
ISIC_0032206,HAM_0001302,1
ISIC_0032199,HAM_0000361,1
ISIC_0033869,HAM_0000462,1
ISIC_0026857,HAM_0004363,3
ISIC_0029713,HAM_0006036,2
ISIC_0030036,HAM_0007008,1
ISIC_0024654,HAM_0005705,1
ISIC_0028820,HAM_0000931,3
ISIC_0027829,HAM_0004034,1
ISIC_0025368,HAM_0004472,2
ISIC_0026194,HAM_0003910,3
ISIC_0026040,HAM_0006252,3
ISIC_0029830,HAM_0006024,1
ISIC_0028517,HAM_0006220,3
ISIC_0027588,HAM_0001036,1
ISIC_0029025,HAM_0004384,1
ISIC_0030133,HAM_0001152,2
ISIC_0033811,HAM_0004282,2
ISIC_0026650,HAM_0000545,1
ISIC_0030877,HAM_0000193,3
ISIC_0027950,HAM_0000193,3
ISIC_0027615,HAM_0006180,2
ISIC_0028990,HAM_0006180,2
ISIC_0030655,HAM_0000356,3
ISIC_0033151,HAM_0004282,2
ISIC_0031922,HAM_0000020,2
ISIC_0032947,HAM_0006442,3
ISIC_0024948,HAM_0004034,1
ISIC_0033705,HAM_0001576,3
ISIC_0031430,HAM_0005705,1
ISIC_0033084,HAM_0002867,2
ISIC_0033550,HAM_0002867,2
ISIC_0032258,HAM_0003521,2
