image_id,p_akiec,p_bcc,p_bkl,p_df,p_mel,p_nv,p_vasc
ISIC_0025767,4.084759893885348e-06,6.55131600524328e-07,0.9999908208847046,1.7387486650477513e-06,6.198889082043024e-07,1.5502625956287375e-06,6.526335596390709e-07
ISIC_0032417,5.752831839345163e-06,6.577201929758303e-07,0.9999860525131226,4.7993826228776015e-06,1.407844507639311e-07,1.945121539392858e-06,6.792776616748597e-07
ISIC_0032343,0.00019339928985573351,1.1566552302610944e-06,0.999758780002594,4.3253976400592364e-06,3.507110886857845e-05,6.6012271418003365e-06,7.691535302001284e-07
ISIC_0028052,1.7201855371240526e-06,1.8515997908252757e-06,3.432839366723783e-05,1.5496219930355437e-05,0.0005987181211821735,0.9993426203727722,5.2470572882157285e-06
ISIC_0028774,0.00023824768140912056,4.139908469369402e-06,0.9732146263122559,4.4825578697782476e-06,0.026509305462241173,2.635673990880605e-05,2.749192162809777e-06
ISIC_0030565,9.91042543319054e-05,2.097436663461849e-06,0.014208932407200336,2.9710399758187123e-06,0.9856672883033752,1.6588919606874697e-05,3.16320483761956e-06
ISIC_0024623,7.998876753845252e-06,4.017907485831529e-05,0.9998946189880371,9.879282515612431e-06,4.451967106433585e-05,1.3543921113523538e-06,1.3913504517404363e-06
ISIC_0029613,5.1750334932876285e-06,6.5674280449457e-06,0.9999270439147949,5.002381385565968e-06,5.458473606267944e-05,5.579854587267619e-07,1.0361977729189675e-06
ISIC_0032929,0.016473950818181038,1.365248317597434e-05,0.570297360420227,2.8757798645528965e-05,0.41260507702827454,0.0005078873946331441,7.336652197409421e-05
ISIC_0032963,0.0002184822369599715,2.710103217395954e-06,0.9767898917198181,1.8071808881359175e-05,0.022831885144114494,0.00012884590250905603,1.0180023309658282e-05
ISIC_0032949,1.644777739784331e-06,1.4150422202874324e-06,0.037299077957868576,9.06659261090681e-06,0.002762300195172429,0.9599241018295288,2.490489578121924e-06
ISIC_0033322,2.781552666419884e-06,5.2641321417468134e-06,0.9565611481666565,2.1021938664489426e-05,0.0051949298940598965,0.03820578381419182,9.033976311911829e-06
ISIC_0033127,9.100238571591035e-07,1.379888885821856e-06,0.9975975155830383,2.18713080357702e-06,0.000300516898278147,0.0020952578634023666,2.1852022200619103e-06
ISIC_0032732,7.096121862559812e-06,1.7477680103183957e-06,0.007209994364529848,4.819064088223968e-06,1.691732177278027e-05,0.9927571415901184,2.1929115519014886e-06
ISIC_0032778,1.2741262253257446e-05,1.0636692422849592e-05,0.013525216840207577,1.5330118912970647e-05,6.572314759978326e-06,0.9864243865013123,5.252494247542927e-06
ISIC_0033466,5.825923835800495e-06,6.294929335126653e-06,0.0011068827006965876,7.541915692854673e-06,2.38633783737896e-05,0.9988477230072021,1.9211252038076054e-06
ISIC_0033691,2.1450812255352503e-06,1.2048008102283347e-06,0.9998500347137451,3.498497846976534e-07,2.18146997212898e-05,0.0001240887213498354,3.7994016111042583e-07
ISIC_0033910,0.0003649580175988376,0.0002472769992891699,0.995416522026062,2.3754453650326468e-05,0.0031744742300361395,0.0007658659014850855,7.130394806154072e-06
ISIC_0032556,4.556715339276707e-06,9.96286075860553e-07,0.9993218183517456,1.328251528320834e-06,2.0975265215383843e-05,0.0006491158274002373,1.362042212349479e-06
ISIC_0032842,4.441690907697193e-05,1.838693606259767e-05,0.008753560483455658,0.00021724721591454,0.810359537601471,0.18055014312267303,5.66815615457017e-05
ISIC_0032618,0.00011632218229351565,1.2007045370410196e-05,0.00011284540960332379,8.68348652147688e-05,0.9929828643798828,0.006674564443528652,1.4534844012814574e-05
ISIC_0032513,0.00010007205855799839,8.60609725350514e-06,0.002867278177291155,6.010812285239808e-05,0.016115186735987663,0.9808289408683777,1.9733077351702377e-05
ISIC_0033437,4.57189514690981e-07,1.2149719452736463e-07,0.00028831709641963243,1.5510539697061176e-06,0.9996963739395142,1.0970696166623384e-05,2.188743110309588e-06
ISIC_0033195,1.898357913887594e-05,6.528612175316084e-06,0.004679190926253796,6.307753938017413e-05,0.021950146183371544,0.9732657670974731,1.62330088642193e-05
ISIC_0032553,7.120680720618111e-07,6.469642812589882e-07,2.5388166250195354e-05,7.588452035633964e-07,0.999872088432312,9.80704789981246e-05,2.3105089894670527e-06
ISIC_0025180,1.0436636330268811e-05,1.3421946277958341e-05,0.21567052602767944,8.736771997064352e-05,4.5862161641707644e-05,0.7841001749038696,7.211987394839525e-05
ISIC_0026107,2.4554208266636124e-06,2.398819788140827e-06,0.013191970996558666,8.311058991239406e-06,0.00017493563063908368,0.9866122007369995,7.69465714256512e-06
ISIC_0033853,9.627451618143823e-07,7.931380991976766e-07,0.9999812841415405,2.1808145902468823e-06,3.0824699592812976e-07,1.4037781511433423e-05,3.706972790951113e-07
ISIC_0033453,1.239054085999669e-06,5.824412596666662e-07,0.9999366998672485,1.7054388763426687e-06,1.8306812989976606e-06,5.764588786405511e-05,2.7462769480735005e-07
ISIC_0034126,2.897889999076142e-06,4.65223195078579e-07,0.9999055862426758,1.0984039363393094e-05,1.139327468990814e-05,6.845568714197725e-05,2.2417204093017062e-07
ISIC_0034235,7.525713044742588e-06,4.399592398840468e-06,0.9625687003135681,5.948006219114177e-06,0.01091093197464943,0.02649674192070961,5.805330147268251e-06
ISIC_0034007,0.09860652685165405,0.008606997318565845,0.892309308052063,0.00022177434584591538,5.769747440353967e-05,0.00010690527415135875,9.080957534024492e-05
ISIC_0034259,4.494445704494865e-07,2.7550834147405112e-06,0.9991402626037598,2.7185617454961175e-06,0.0007804756169207394,6.629418930970132e-05,6.948607733647805e-06
ISIC_0033446,6.257556037780887e-07,9.225896064890549e-07,0.9995810389518738,3.240401156290318e-07,2.210913635281031e-06,0.0004142873513046652,6.507468128802429e-07
ISIC_0033200,1.5496695482397627e-07,4.851474955103185e-07,0.9999864101409912,1.3530031992559088e-06,7.026504590612603e-06,3.444171625233139e-06,1.173450868918735e-06
ISIC_0029472,1.0971727533615194e-05,7.272050424944609e-06,2.4822629711707123e-05,5.073040483694058e-06,0.14894317090511322,0.8509810566902161,2.7627071176539175e-05
ISIC_0029682,3.9215625292854384e-05,1.0846214536286425e-05,0.00018747967260424048,8.968189831648488e-06,0.29539355635643005,0.7043138742446899,4.6060478780418634e-05
ISIC_0034003,5.594346293946728e-05,8.338182624356705e-07,0.9999152421951294,2.532509142838535e-06,1.1403091775719076e-05,1.3425110410025809e-05,5.829577958138543e-07
ISIC_0033079,0.0006691358285024762,9.30245550989639e-06,0.9978808760643005,1.2356279512459878e-05,0.0014115917729213834,1.2402616448525805e-05,4.377759978524409e-06
ISIC_0033635,5.47731360711623e-06,1.0301002930646064e-06,0.9993802309036255,1.318212798651075e-05,3.2649968488840386e-06,0.0005915298243053257,5.323846835381119e-06
ISIC_0033868,1.3717154615733307e-05,1.3570370356319472e-05,0.1471349149942398,5.97509351791814e-05,7.803115295246243e-06,0.8527526259422302,1.757466816343367e-05
ISIC_0030124,0.00015688066196162254,5.816204793518409e-05,0.802872896194458,1.7802500224206597e-05,0.19210326671600342,0.004588641691952944,0.00020234328985679895
ISIC_0029600,0.00026199064450338483,5.064318247605115e-05,5.4112428188091144e-05,0.00033110822550952435,0.05532703548669815,0.93257737159729,0.01139777060598135
ISIC_0031876,0.027694936841726303,0.18114709854125977,0.019686702638864517,0.2988532781600952,0.0018973491387441754,0.46844759583473206,0.002273143734782934
ISIC_0030542,0.021715475246310234,0.09341434389352798,0.15043535828590393,0.3371177315711975,0.0008009376469999552,0.39381638169288635,0.002699800068512559
ISIC_0028120,1.8932627426693216e-05,1.2760921208609943e-06,0.9940966367721558,3.236050179111771e-05,4.307673407311086e-06,0.005844357423484325,2.0850902728852816e-06
ISIC_0032335,2.2488018657895736e-05,0.002487731399014592,0.9973942041397095,4.556534349831054e-06,8.780562893662136e-06,4.172991248196922e-05,4.0532358980271965e-05
ISIC_0027042,1.2864154086855706e-05,2.781605417112587e-07,0.9999338388442993,1.0064757134387037e-06,3.6755627661477774e-05,1.517328382760752e-05,1.4799152836530993e-07
ISIC_0031130,1.410166760251741e-06,4.4323718384475796e-07,0.9999934434890747,8.850362860357563e-07,7.328214906010544e-07,2.4104538169922307e-06,7.25722770766879e-07
ISIC_0024626,7.956346053106245e-07,6.456082246586448e-07,0.9997690320014954,5.260273496787704e-07,8.23276877781609e-06,0.00022039987379685044,3.6945405668120657e-07
ISIC_0031321,0.00012884697935078293,2.0247193788236473e-06,0.9996904134750366,1.599222855475091e-06,0.00017104878497775644,5.7724946600501426e-06,3.4168510865129065e-07
ISIC_0030731,0.00026505900314077735,0.9970883727073669,0.0023608822375535965,3.498036676319316e-05,1.2181347301520873e-05,1.4323461982712615e-05,0.00022419000742956996
ISIC_0028233,0.003083486109972,0.009925366379320621,0.9765126705169678,6.749857129761949e-05,3.741062027984299e-05,0.010307533666491508,6.60036675981246e-05
ISIC_0025874,3.6271699173084926e-06,1.0585788459138712e-06,0.0038594917859882116,1.2037412489007693e-05,0.9952322840690613,0.0008897935622371733,1.653157369219116e-06
ISIC_0025032,1.5680567230447195e-05,3.113661250608857e-06,0.9910160303115845,9.976576257031411e-05,0.0025887847878038883,0.006271838676184416,4.7661665121268015e-06
ISIC_0026301,1.2105675750717637e-06,3.8350708564394154e-07,4.4484080717666075e-05,3.580270799830032e-07,0.9999035596847534,4.993510810891166e-05,1.374890103988946e-07
ISIC_0030227,0.00035075779305770993,0.0062699345871806145,0.008990735746920109,2.0267041691113263e-05,0.6274465918540955,0.35689324140548706,2.8578164346981794e-05
ISIC_0028856,0.00014478282537311316,4.321476808399893e-06,0.008029897697269917,2.8412099709385075e-05,2.5825829652603716e-05,0.9917620420455933,4.687519776780391e-06
ISIC_0027026,0.7535665035247803,0.0008640336454845965,0.0002529117919038981,0.242449089884758,0.0027759952936321497,3.589160041883588e-05,5.553388109547086e-05
ISIC_0030095,0.00022538320627063513,3.332825599500211e-06,0.9994893074035645,7.977765562827699e-06,2.442701998006669e-06,0.00026935042114928365,2.2027538761903998e-06
ISIC_0031394,0.16140365600585938,0.00011772465222747996,0.8371950387954712,7.507573900511488e-05,8.779021300142631e-06,0.00118140724953264,1.8323471522307955e-05
ISIC_0028496,9.119494279730134e-07,4.951241407979978e-07,0.9999886751174927,1.0381182846685988e-06,2.6176185201620683e-06,6.115953055996215e-06,1.5376572548575496e-07
ISIC_0032348,5.246795353741618e-06,7.682196496716642e-07,0.9998694658279419,7.06922492099693e-07,4.93752486363519e-05,7.420795736834407e-05,2.216379471065011e-07
ISIC_0024773,7.067978731356561e-05,2.7719033823814243e-06,0.9975789189338684,1.9787826204265002e-06,0.0005638403818011284,0.0017813920276239514,3.6930941860191524e-07
ISIC_0024358,0.007338543888181448,8.316194907820318e-06,0.18255387246608734,8.837726636556908e-05,0.731494128704071,0.07849469035863876,2.2022160919732414e-05
ISIC_0027771,0.0005756533937528729,2.2412521047954215e-06,0.8745713829994202,2.89493673335528e-05,0.1093955785036087,0.01541613694280386,9.965096978703514e-06
ISIC_0027344,3.843885224341648e-06,1.3197204395964945e-07,0.9999233484268188,8.512406566296704e-06,8.217000868171453e-06,5.437935033114627e-05,1.5099627717063413e-06
ISIC_0025297,1.3122878499416402e-06,5.475957323142211e-07,0.99998939037323,2.987809011756326e-06,4.679626727011055e-06,7.86731277457875e-07,4.1652336335573636e-07
ISIC_0024676,2.165820205846103e-06,3.5122729968861677e-06,0.9999645948410034,4.3982581701129675e-06,5.017816420149757e-06,1.9820578017970547e-05,5.131020088811056e-07
ISIC_0024453,6.188596671563573e-06,1.064357547875261e-06,0.9997429251670837,1.3699983355763834e-05,6.528489393531345e-07,0.00023417868942487985,1.2774496553902281e-06
ISIC_0030522,8.31543147796765e-05,2.0302924895077012e-05,0.35107657313346863,2.4283621314680204e-05,0.0010536606423556805,0.6477313041687012,1.075833642971702e-05
ISIC_0029051,0.0002608438371680677,2.1784385353385005e-06,0.9906930327415466,8.229907507484313e-06,6.579043201782042e-06,0.0090263606980443,2.7807998321804916e-06
ISIC_0026861,1.6246799532382283e-06,3.095643023698358e-06,0.9999651908874512,7.379849762401136e-07,1.258291922567878e-05,1.6505002349731512e-05,2.7611355335466214e-07
ISIC_0031686,0.00015567877562716603,0.009470862336456776,0.06440749019384384,0.0013109110295772552,0.0001118086147471331,0.9242197871208191,0.0003234026662539691
ISIC_0028555,2.93123594019562e-05,6.599077551072696e-06,0.8090732097625732,4.3102074414491653e-05,6.048234718036838e-05,0.19078156352043152,5.729420536226826e-06
ISIC_0029568,4.628170790965669e-05,6.6460670495871454e-06,0.9908663630485535,0.0008554024971090257,2.212950676039327e-05,0.008183812722563744,1.9330564100528136e-05
ISIC_0027969,2.10867665373371e-06,4.0190948880081123e-07,0.9992110729217529,3.492291625661892e-06,8.844914987093944e-07,0.0007801260217092931,1.8689306671149097e-06
ISIC_0029557,2.8372357974149054e-06,7.199610649877286e-07,0.998914361000061,9.399420378031209e-06,2.9468783395714127e-06,0.0010682980064302683,1.4826373444520868e-06
ISIC_0032123,2.1239522993710125e-06,3.20746835313912e-07,0.9999200105667114,2.861485654648277e-06,7.15170187959302e-07,7.174840720836073e-05,2.1067664874863112e-06
ISIC_0030026,3.5980751817987766e-06,3.080938768107444e-06,0.9568154811859131,4.534477739071008e-06,0.04272833094000816,0.0004437385650817305,1.2911397107018274e-06
ISIC_0025659,0.7053035497665405,0.010903336107730865,0.0002949214249383658,5.60751068405807e-05,0.2832944989204407,0.00012943425099365413,1.830039946071338e-05
ISIC_0030346,4.794514552486362e-06,4.5991359911568e-06,0.999859094619751,6.248397312447196e-06,5.480219897435745e-06,0.00011915987852262333,5.531960596272256e-07
ISIC_0026526,0.0007838700548745692,0.00015952829562593251,0.9811781644821167,0.0011128420010209084,0.014276424422860146,0.0024753673933446407,1.392714875692036e-05
ISIC_0026444,1.0990646842401475e-05,1.3627456496578816e-07,0.9999748468399048,6.707595730404137e-06,6.014302016410511e-06,9.21283970001241e-07,3.304296853912092e-07
ISIC_0027806,2.1916972400504164e-05,1.1090785847045481e-05,0.9998772144317627,4.775315028382465e-05,2.450592774039251e-06,9.635547939979006e-06,2.9899238143116236e-05
ISIC_0027451,9.070216037798673e-06,1.158026293524017e-06,0.9999877214431763,7.401696962006099e-07,3.3891512885020347e-07,7.019752388259803e-07,2.073756917297942e-07
ISIC_0028750,2.0217214114381932e-05,3.05356991248118e-07,0.9997768998146057,8.706808330316562e-06,8.12793368822895e-05,0.00011124092270620167,1.2545834806587663e-06
ISIC_0028640,5.767587026639376e-06,4.969122073816834e-06,0.9994913339614868,1.19981723400997e-06,4.864915172220208e-05,0.0004468739789444953,1.2071431001459132e-06
ISIC_0030188,8.29649725346826e-05,0.002353096380829811,0.000167735357536003,7.9731187724974e-05,0.9969707727432251,0.00027741186204366386,6.829258927609771e-05
ISIC_0027437,2.2533544324687682e-05,7.359880783042172e-06,0.9679333567619324,1.1496163097035605e-05,0.005072553642094135,0.02694961242377758,3.009915872098645e-06
ISIC_0029126,0.00011004061525454745,0.9998399019241333,3.415853643673472e-05,1.0286874385201372e-05,2.1530884453113686e-07,2.493775355105754e-07,5.14957446284825e-06
ISIC_0028702,5.0627655582502484e-05,0.9385038018226624,0.06131052225828171,7.640575495315716e-05,2.5046581413334934e-06,1.479186494179885e-06,5.465672802529298e-05
ISIC_0028104,3.6567503229889553e-06,0.9998555183410645,7.431350240949541e-05,4.8699766921345145e-06,5.893720663152635e-05,1.756766550897737e-06,8.799439683571109e-07
ISIC_0024696,7.438376087520737e-06,1.7460817616665736e-05,0.9194043874740601,9.997036613640375e-06,0.07108909636735916,0.00946297962218523,8.684575732331723e-06
ISIC_0031522,7.208021997939795e-05,0.9956448078155518,0.003830554662272334,6.368164758896455e-05,1.5040432117530145e-05,8.757070463616401e-05,0.00028623430989682674
ISIC_0031150,6.496880359918578e-06,2.5582033913451596e-07,0.9990893602371216,5.880805474589579e-06,2.8270405891817063e-05,0.0008688839734531939,7.959244499033957e-07
ISIC_0026070,0.21826185286045074,0.0005386676057241857,0.01619354821741581,0.0006923085893504322,0.4716762900352478,0.2924655079841614,0.00017177045810967684
ISIC_0032235,4.9440848670201376e-05,9.255353461412597e-07,0.9676901698112488,8.127281034830958e-06,0.02954932302236557,0.0026992643252015114,2.6855041141971014e-06
ISIC_0029384,5.194929144636262e-07,2.1983817077853018e-07,0.9999748468399048,1.5632549548172392e-06,4.785722467204323e-06,1.7041063983924687e-05,9.536067295812245e-07
ISIC_0027982,5.942974894423969e-05,6.259039946598932e-05,0.09914792329072952,0.0003740096290130168,2.4938563001342118e-05,0.9001936912536621,0.0001374456041958183
ISIC_0030318,1.0117205420101527e-06,7.738745466667751e-07,0.9999861717224121,6.011929940541449e-07,4.2800635924322705e-07,1.0439847756060772e-05,6.23469361471507e-07
ISIC_0026737,0.00024487479822710156,3.164347435813397e-05,0.9959850311279297,1.8677825210033916e-05,8.344449270225596e-06,0.003700693603605032,1.070529378921492e-05
ISIC_0032358,3.47618015439366e-06,3.140155286018853e-06,0.9968764781951904,4.4985149543208536e-06,3.7815568703081226e-06,0.0031050166580826044,3.5975765513285296e-06
ISIC_0031200,3.6145826015854254e-05,3.671246759040514e-06,0.7995172739028931,2.3857737687649205e-05,0.0002893975470215082,0.20010429620742798,2.5331481083412655e-05
ISIC_0031537,0.9999077320098877,2.512831451895181e-05,1.7249540178454481e-06,3.4558983315946534e-05,1.5567611626465805e-05,2.7930868782277685e-06,1.2402447282511275e-05
ISIC_0026704,0.08651243150234222,2.1254816601867788e-05,0.18514646589756012,0.0009325111750513315,0.7269247770309448,0.00043054408160969615,3.203482992830686e-05
ISIC_0029302,6.354788979479054e-07,1.2410389160777413e-07,0.9999634027481079,4.718393029179424e-06,1.1818199254776118e-06,2.943918480013963e-05,5.055056249148038e-07
ISIC_0026523,1.2417982361512259e-05,8.474075912090484e-07,0.9999817609786987,3.10072005049733e-06,1.7645304239977122e-07,1.3944008969701827e-06,2.2316648085052293e-07
ISIC_0031951,4.5509856136050075e-05,9.94892070593778e-06,0.9962247610092163,0.00010513432789593935,2.8298420602368424e-06,0.0036073883529752493,4.436699782672804e-06
ISIC_0024312,0.0036854741629213095,0.20259518921375275,0.7460922002792358,9.613554720999673e-05,0.047377053648233414,0.0001175685683847405,3.638094858615659e-05
ISIC_0028707,0.9995928406715393,9.913362737279385e-05,4.111208454560256e-06,3.029468825843651e-05,0.0002649211382959038,4.401023488753708e-06,4.39355017078924e-06
ISIC_0027094,9.482763562118635e-05,3.0651968700112775e-05,0.9995242357254028,3.727952571352944e-05,1.4324712537927553e-05,0.00029504977283068,3.6365083815326216e-06
ISIC_0028628,1.940660149557516e-05,4.7600049583707005e-05,0.9992259740829468,1.5084752931215917e-06,0.0006877958076074719,1.702541339909658e-05,6.7028702233074e-07
ISIC_0028451,0.00018675674800761044,2.0276179384381976e-06,0.9997895359992981,1.1767388969019521e-05,7.725481736997608e-06,1.9485021311993478e-06,2.1492995472272014e-07
ISIC_0029329,1.2583349189299042e-06,0.0001643891300773248,0.9997738003730774,2.364852207392687e-06,9.384048098581843e-06,4.677678953157738e-05,2.0696636511274846e-06
ISIC_0025434,1.6487477978444076e-06,1.5011131608844153e-06,0.9999895095825195,2.47466709879518e-06,5.11455255036708e-07,4.147631898376858e-06,1.924154986454596e-07
ISIC_0028165,1.4758677025383804e-05,3.399121396796545e-06,0.999962568283081,4.718168838735437e-06,3.5873504202754702e-06,1.075771615433041e-05,2.926337003827939e-07
ISIC_0025799,0.00031877445871941745,4.6526361074938904e-06,0.9918465614318848,9.822900756262243e-05,1.4168798770697322e-05,0.0076925624161958694,2.5079694751184434e-05
ISIC_0029627,2.188961298088543e-05,3.2503348847967573e-06,0.9996973276138306,4.705203991761664e-06,4.110142617719248e-05,0.0002262806665385142,5.3959065553499386e-06
ISIC_0026277,1.3094341738906223e-05,3.878657480527181e-06,0.9853545427322388,1.8535450863055303e-06,0.001055099070072174,0.01356508955359459,6.485928224719828e-06
ISIC_0025378,1.3123776625434402e-06,3.376773634045094e-07,0.9999881982803345,1.1502999086587806e-06,7.6636624726234e-06,1.1655220077955164e-06,2.8153445441603253e-07
ISIC_0030394,7.648432074347511e-07,6.868797868264664e-07,0.9998867511749268,4.207883250728628e-07,6.0405895055737346e-05,5.0457732868380845e-05,4.458938178686367e-07
ISIC_0031677,9.739026154420571e-07,4.272708792996127e-06,0.9999023675918579,6.42960571894946e-07,8.008514123503119e-05,1.1413193533371668e-05,2.2719370917911874e-07
ISIC_0027270,5.503855504684907e-07,2.9343337359932775e-07,0.9997972846031189,7.621687814207689e-07,5.686069471266819e-06,0.0001947280252352357,7.29880468952615e-07
ISIC_0031329,7.873939580349543e-07,4.209651081055199e-07,0.9999939203262329,8.675287972437218e-07,1.7030222352332203e-06,2.019289695454063e-06,2.1994931387325778e-07
ISIC_0025753,3.528039997036103e-06,3.1545171168545494e-06,0.9993340373039246,2.0054619653819827e-06,5.9666752349585295e-05,0.0005967959295958281,8.308941232826328e-07
ISIC_0031600,1.043092561303638e-05,1.0206798833678477e-05,0.9995842576026917,1.7749616745277308e-06,1.1739151887013577e-05,0.0003772685886360705,4.268311840860406e-06
ISIC_0032159,8.567990334995557e-07,1.0229596227873117e-06,0.0023509410675615072,1.566855303281045e-06,0.9976251721382141,1.955848711077124e-05,9.807178003029549e-07
ISIC_0024382,1.1669066225294955e-05,1.2384980436763726e-06,0.014938782900571823,8.909956363822857e-07,0.9850175976753235,2.7185729777556844e-05,2.579757619969314e-06
ISIC_0028490,3.875499896821566e-05,2.109981323883403e-06,0.9992745518684387,6.675413169432431e-05,0.0006091969553381205,7.177998668339569e-06,1.5919641782602412e-06
ISIC_0025339,0.0002821739763021469,0.00015477393753826618,0.38235822319984436,0.00016493206203449517,0.6169918775558472,2.792784471239429e-05,2.010148273257073e-05
ISIC_0032111,6.46999069431331e-07,7.146759912757261e-07,0.9999926090240479,3.9867182977104676e-07,1.4106686876402819e-06,3.969655608671019e-06,2.5895405997289345e-07
ISIC_0031132,1.1988510777882766e-05,9.942426913767122e-06,0.9940366744995117,6.941370429558447e-06,0.0007876240415498614,0.005140196532011032,6.607734576391522e-06
ISIC_0030998,3.4076032306984416e-07,2.675313908184762e-07,0.9999833106994629,2.748800227436732e-07,4.6003347051737364e-06,1.1128856385766994e-05,1.6992831319839752e-07
ISIC_0027826,3.6274956073611975e-05,6.272899190662429e-05,0.8756203651428223,0.00012402325228322297,0.0017251510871574283,0.12241443991661072,1.704338501440361e-05
ISIC_0026530,1.977720103241154e-06,2.842515414158697e-07,0.999908447265625,8.45661531911901e-07,2.717981715250062e-07,8.749571861699224e-05,6.27832491773006e-07
ISIC_0024409,1.915243046823889e-06,1.5161795374751819e-07,0.9999947547912598,1.5882299067015992e-06,4.900018097941938e-07,9.124595408138703e-07,2.014145650264254e-07
ISIC_0029061,7.30366627976764e-06,1.2369340538498363e-06,0.9999866485595703,1.5419959709106479e-06,1.4997336847955012e-06,1.3065936173006776e-06,5.32022568222601e-07
ISIC_0031893,9.39168967306614e-06,2.0043737549713114e-06,0.9999754428863525,1.3723774827667512e-06,6.850624458820675e-07,1.0114024007634725e-05,1.0032707677964936e-06
ISIC_0030173,5.3977855714038014e-06,1.4468308791037998e-06,0.9829592704772949,2.6436907774041174e-06,0.0037769703194499016,0.013248939998447895,5.314156169333728e-06
ISIC_0029012,2.1828880562679842e-05,5.535229320230428e-06,0.025816721841692924,8.062776032602414e-05,0.12517520785331726,0.8488526344299316,4.7330817324109375e-05
ISIC_0032315,2.9127024390618317e-05,5.3922063671052456e-05,0.14208438992500305,7.747837662464008e-05,0.2975360155105591,0.5601577758789062,6.127203232608736e-05
ISIC_0028411,3.13813757202297e-07,5.800839630865084e-07,0.9999934434890747,1.8813157112163026e-06,5.79663094413263e-07,2.4310672870342387e-06,8.71632551024959e-07
ISIC_0034165,4.063192136527505e-06,1.2190809002277092e-06,0.05179034173488617,4.591729066305561e-06,0.9481590986251831,3.742440458154306e-05,3.2471980375703424e-06
ISIC_0033185,1.271062319574412e-05,1.6838253031892236e-06,0.42599162459373474,1.0930304597422946e-05,0.5737714767456055,0.00019640701066236943,1.5134685781958979e-05
ISIC_0033855,2.1503863081306918e-06,6.424114644687506e-07,0.9999759197235107,2.3626721485925373e-06,3.3684824529700563e-07,1.8147771697840653e-05,4.350426650034933e-07
ISIC_0033631,5.193706783757079e-06,1.6669092701704358e-06,0.999929666519165,4.557919601211324e-05,2.3521393188730144e-07,1.610852086741943e-05,1.5245941540342756e-06
ISIC_0034186,3.714031117851846e-05,1.3962780030851718e-05,0.9969586133956909,4.3088093661936e-06,0.0010139812948182225,0.001963103422895074,8.88029535417445e-06
ISIC_0031601,5.632332431559917e-07,8.019042070372961e-07,0.9986153841018677,1.885858409877983e-06,1.0594729928925517e-06,0.0013788186479359865,1.4225665836420376e-06
ISIC_0027747,4.001146953669377e-05,3.3300311770290136e-05,0.3981587588787079,0.002334479708224535,0.00034349955967627466,0.5987160801887512,0.0003738577652256936
ISIC_0031253,0.000360597186954692,5.59389591217041e-05,0.6779338717460632,0.05705587565898895,0.00011660703603411093,0.2638852894306183,0.0005918476963415742
ISIC_0031396,8.437932024207839e-07,5.515080943041539e-07,0.9999874830245972,5.696221251128009e-06,4.2988989434888936e-07,2.4831274458847474e-06,2.454636160109658e-06
ISIC_0032249,6.193466106196865e-05,1.5089862245076802e-05,0.9655297994613647,0.0012067033676430583,8.268565920843685e-07,0.03314382582902908,4.195240035187453e-05
ISIC_0026046,1.2428748732418171e-06,5.29583701336378e-07,0.999975323677063,6.498624316009227e-06,9.487956731391023e-07,1.2119026905565988e-05,3.3657172480161535e-06
ISIC_0026867,7.710845966357738e-05,7.022724275884684e-06,0.9920252561569214,0.00016134990437421948,1.1475313840492163e-05,0.007698524743318558,1.9258961401646957e-05
ISIC_0028503,6.314429015219503e-07,1.804838802854647e-07,0.9999806880950928,1.5625904552507563e-06,4.771934527525445e-07,1.5276869817171246e-05,1.2158305935372482e-06
ISIC_0029731,2.0896886780974455e-05,0.9898013472557068,0.009982268325984478,1.1881392310897354e-05,9.368747851112857e-05,5.49696633243002e-05,3.495180862955749e-05
ISIC_0027710,3.1351508368970826e-05,5.702622729586437e-06,0.44093450903892517,0.0010290421778336167,4.652082225220511e-06,0.5578978657722473,9.686109115136787e-05
ISIC_0027612,8.795484973234124e-06,4.2038359424623195e-06,0.9996525049209595,0.00012471868831198663,1.3706579693462118e-06,0.0001736394187901169,3.482469037408009e-05
ISIC_0029741,0.00014395109610632062,2.5529509457555832e-06,0.9994441866874695,0.00036337910569272935,2.920445695053786e-06,5.8876480579783674e-06,3.7026507925475016e-05
ISIC_0025654,4.956402221978351e-07,2.2568636381947726e-07,0.9999947547912598,5.634762487716216e-07,8.667678343954321e-07,2.4075507099041715e-06,7.127587196009699e-07
ISIC_0027027,5.486004738486372e-05,5.537327183446905e-07,0.9998321533203125,1.0549998478381895e-05,1.073688622454938e-06,9.850561036728323e-05,2.2543447357747937e-06
ISIC_0031761,3.121349072898738e-05,2.3078696358425077e-06,0.9983927607536316,0.00010107705020345747,1.309486833633855e-06,0.0014588774647563696,1.2441933904483449e-05
ISIC_0027008,0.0003561622288543731,0.8324288725852966,4.945718956150813e-06,0.16384261846542358,0.00307309627532959,9.147220407612622e-05,0.00020277744624763727
ISIC_0028790,8.53646342875436e-05,0.9498326182365417,1.678798616921995e-05,0.04871474206447601,0.0011172416852787137,1.7635882159083849e-06,0.00023135484661906958
ISIC_0027727,2.456430229358375e-05,0.0009625916718505323,2.3401416910928674e-06,0.9989510774612427,5.1338291086722165e-05,7.747016752546187e-07,7.30279953131685e-06
ISIC_0027107,0.00012028364290017635,8.935487130656838e-06,0.0002839465450961143,0.9994325041770935,0.00011875652853632346,9.298110853706021e-06,2.6223138775094412e-05
ISIC_0027648,1.2938907275383826e-05,7.953018939588219e-05,5.20190997121972e-06,0.9998780488967896,1.1076557711930946e-05,8.164493578988186e-07,1.2356508705124725e-05
ISIC_0032138,0.0047127665020525455,2.439295894873794e-05,8.90377486939542e-06,0.9952303767204285,2.2598351279157214e-06,2.113613845722284e-06,1.916234577947762e-05
ISIC_0029578,0.0009853767696768045,2.4791666874079965e-05,0.023565080016851425,0.005760995205491781,0.8672325611114502,0.1023927703499794,3.837428448605351e-05
ISIC_0031344,0.9963405132293701,0.000278271094430238,6.898190622450784e-05,0.0032718146685510874,2.0942136416124413e-06,2.1692017071472947e-06,3.616501635406166e-05
ISIC_0028346,0.6940857172012329,0.0030311918817460537,0.0002450144093018025,0.302432119846344,3.805080268648453e-06,1.4602076589653734e-05,0.00018757637008093297
ISIC_0031372,9.606393177818973e-06,0.00013986160047352314,0.002434569178149104,0.6881234049797058,0.2576620876789093,0.05002368986606598,0.00160675507504493
ISIC_0026313,8.081073247012682e-06,2.0374744053697214e-05,1.809278182918206e-05,0.9976972937583923,0.001907347235828638,0.00021075554832350463,0.0001380766771035269
ISIC_0031443,1.5250558135448955e-05,9.768300515133888e-06,3.435309736232739e-06,0.9999611377716064,6.5450617512397e-06,9.005044603327406e-07,2.991456312884111e-06
ISIC_0025223,0.00010664357978384942,7.554383773822337e-05,8.802823572295893e-07,0.9997765421867371,1.3685792509932071e-05,2.237969738416723e-06,2.4372286134166643e-05
ISIC_0029973,1.6774687537690625e-05,1.2169930414529517e-05,1.7741627743816935e-05,0.9995817542076111,9.03845011634985e-06,0.0001775905693648383,0.0001850205153459683
ISIC_0029177,1.6207843145821244e-05,1.1316452400933485e-05,4.0028412513493095e-06,0.9998148083686829,2.915182903961977e-06,5.6141401728382334e-05,9.465640323469415e-05
ISIC_0029297,4.91356831844314e-06,3.3177424484165385e-05,1.5200795360215125e-06,0.999881386756897,1.2133615200582426e-05,1.451444290978543e-06,6.538840534631163e-05
ISIC_0027216,0.0003994860453531146,0.00019297287508379668,5.0394311983836815e-05,0.9916328191757202,2.187617246818263e-05,0.007320898585021496,0.00038153360947035253
ISIC_0025451,1.1287017969152657e-06,1.5396605590467516e-07,6.562903536178055e-07,5.329268788045738e-06,0.0019051650306209922,0.9980862140655518,1.4355986195369042e-06
ISIC_0030119,0.13511702418327332,0.002064767759293318,0.041941870003938675,0.0013547163689509034,0.8167235255241394,0.0007303715101443231,0.0020677365828305483
ISIC_0028215,0.00955701433122158,0.00020353321451693773,0.5039153695106506,0.0001826982042985037,0.4859349727630615,0.00014053491759113967,6.583077629329637e-05
ISIC_0024729,1.2797401893749338e-07,4.0983093185786856e-07,1.001233513875377e-07,1.4270236761149135e-06,0.9999774694442749,1.8317048670724034e-05,2.119966211466817e-06
ISIC_0031711,3.396684178369469e-07,8.587167599216627e-07,9.790943522602902e-08,8.74438865139382e-06,0.9998284578323364,0.0001554386835778132,5.975553449388826e-06
ISIC_0025081,5.752880315412767e-05,1.8528324289945886e-05,3.7046524084871635e-05,0.00011831666779471561,0.011534594930708408,0.9694253206253052,0.018808677792549133
ISIC_0030134,2.551419129304122e-06,1.0899080962190055e-06,1.3085265891277231e-05,4.279265795048559e-06,7.28302329662256e-05,0.9998937845230103,1.2428618902049493e-05
ISIC_0024792,3.2513814858248224e-06,5.478463663166622e-06,0.9598362445831299,5.645892997563351e-06,0.037156157195568085,0.002985539613291621,7.672565516259056e-06
ISIC_0030898,1.0304544957762118e-05,6.663769909209805e-06,0.7422996163368225,3.486027480903431e-06,0.25731950998306274,0.0003576413437258452,2.7323083031660644e-06
ISIC_0025219,1.2898868817501352e-07,4.0159756053981255e-07,1.0081759000968304e-06,9.928362487698905e-07,0.9999908208847046,5.826869710290339e-06,8.069638397500967e-07
ISIC_0026458,1.0614112966322864e-07,8.237418001044716e-07,1.3917124306317419e-06,9.466212418374198e-07,0.9999945163726807,1.302786472479056e-06,8.718338335711451e-07
ISIC_0026158,0.0028511739801615477,0.8563456535339355,0.005497887264937162,0.0011525449808686972,0.018048014491796494,0.0020393463782966137,0.11406538635492325
ISIC_0027659,5.189445801079273e-06,1.7405258176950156e-06,0.0038364953361451626,1.786637199074903e-06,0.9821583032608032,0.013995828106999397,8.042596846280503e-07
ISIC_0030223,1.332952024313272e-06,4.853256427850283e-07,0.00014851405285298824,1.8530488432588754e-06,0.9997547268867493,9.203585796058178e-05,1.1139610478494433e-06
ISIC_0032182,0.11072161793708801,0.1996295005083084,0.0009274360490962863,0.008015654981136322,0.23099753260612488,0.003980496432632208,0.44572776556015015
ISIC_0029660,1.0181546713283751e-05,2.5315105176559882e-06,6.218200724106282e-06,1.9784858523053117e-05,0.7608451247215271,0.23907604813575745,4.009838085039519e-05
ISIC_0024496,6.630063580814749e-06,2.061663280983339e-06,3.959428067901172e-05,1.8496457414585166e-05,0.03515136241912842,0.9647639393806458,1.7856567865237594e-05
ISIC_0032408,1.3243868579593254e-06,0.00010320446745026857,2.95365862257313e-05,4.036362042825203e-06,0.9998314380645752,1.824821265472565e-05,1.2202225661894772e-05
ISIC_0028969,0.001971655059605837,4.939019163430203e-06,0.9836920499801636,1.620375223865267e-05,0.01226730179041624,0.0020409044809639454,6.991920599830337e-06
ISIC_0032441,0.0020773170981556177,0.00033828048617579043,0.6581936478614807,0.00023563792638015002,0.2590855062007904,0.07995840162038803,0.00011125553282909095
ISIC_0027300,4.405762410897296e-06,4.271911393516348e-07,2.0258099539205432e-05,6.090876922826283e-07,0.9999527931213379,2.075492920994293e-05,7.733832489975612e-07
ISIC_0028512,1.9801098460447975e-05,6.179935098771239e-06,0.025231432169675827,1.0073425983136985e-05,0.9745727777481079,0.00015653691662009805,3.2488514989381656e-06
ISIC_0024310,3.252614988014102e-05,9.132947525358759e-06,0.02985435165464878,1.1125279343104921e-05,0.9693204760551453,0.0007681638817302883,4.286171588319121e-06
ISIC_0030681,1.2881699262834445e-07,8.959571573541325e-07,1.4587157011192176e-06,7.4817803579207975e-06,0.99997878074646,7.209162959043169e-06,3.9872966226539575e-06
ISIC_0027327,9.488807251045728e-08,5.563404101849301e-07,3.159890411552624e-07,1.1434367479523644e-06,0.9999853372573853,7.3755277298914734e-06,5.179596428206423e-06
ISIC_0025589,1.7472673334850697e-06,2.4466953618684784e-06,4.447828416687116e-07,2.9838859063602285e-06,0.9999468326568604,3.218165511498228e-05,1.3226911505626049e-05
ISIC_0025835,1.014329541249026e-06,5.761911324952962e-06,0.00019802266615442932,3.375212372702663e-06,0.03923473507165909,0.9605486989021301,8.454145245195832e-06
ISIC_0030828,8.606735718785785e-06,2.5311879653600045e-05,7.74415020714514e-05,3.5399702937866095e-06,0.0359659343957901,0.9639074802398682,1.167520440503722e-05
ISIC_0033333,5.61778449537087e-07,7.590394943690626e-07,1.1343605592628592e-06,9.18913065106608e-06,0.0036178925074636936,0.9962602853775024,0.00011026837455574423
ISIC_0033717,3.6539589132189576e-07,1.0987921541527612e-06,1.510556376160821e-05,1.3573321666626725e-06,0.009561812505126,0.9904190897941589,1.3115375168126775e-06
ISIC_0034120,8.181438460042045e-08,2.1324319732229924e-07,1.5293040860342444e-06,5.867514119017869e-07,0.0001980817032745108,0.9997984766960144,1.0496057711861795e-06
ISIC_0032976,3.3432240797992563e-07,1.1697131867549615e-06,1.0962899068545084e-06,7.223409852485929e-07,0.9999909400939941,3.0388641789613757e-06,2.745555548244738e-06
ISIC_0033274,1.1563710131667904e-06,3.339289833093062e-06,1.266696244783816e-06,2.105125759044313e-06,0.9999840259552002,3.6676776744570816e-06,4.412118869367987e-06
ISIC_0026745,8.185143087757751e-07,4.0438945347887056e-07,2.014868732658215e-05,4.872702561442566e-07,0.9999749660491943,2.1132370875420747e-06,1.1167137472511968e-06
ISIC_0033034,1.9718154362635687e-06,1.219429850607412e-05,0.023691410198807716,6.002137979521649e-06,0.9500105977058411,0.02627462148666382,3.2576190278632566e-06
ISIC_0034294,1.2065363819147024e-07,9.772046496436815e-07,2.486650373612065e-05,4.239057034283178e-07,0.9999655485153198,7.2605034802109e-06,7.075880148477154e-07
ISIC_0034202,1.2382467673432984e-07,6.641496383963386e-07,6.040191692591179e-06,6.247307169360283e-07,0.9999644756317139,2.7200299882679246e-05,8.5846590991423e-07
ISIC_0033362,5.698583436242188e-07,4.217565106046095e-07,2.0440551452338696e-05,6.652052775280026e-07,0.99994957447052,2.6958434318657964e-05,1.353185666630452e-06
ISIC_0032875,9.791771304890062e-08,1.5529376184986177e-07,1.2163222891103942e-06,2.612712819427543e-07,0.999953031539917,4.45792029495351e-05,7.171567517616495e-07
ISIC_0033802,1.3067997315374669e-06,1.4458362329605734e-06,6.788549217162654e-05,2.8885867777717067e-06,0.944501519203186,0.055419232696294785,5.788404450868256e-06
ISIC_0033429,8.283060992653191e-07,2.541363528507645e-07,1.6173736412383732e-06,1.3523422239813954e-06,0.9945430755615234,0.00545142125338316,1.4716106306877919e-06
ISIC_0027100,3.923589247278869e-06,2.1399782781372778e-05,0.9880827069282532,1.1662860970318434e-06,0.01184546947479248,4.2758711060741916e-05,2.4439355001959484e-06
ISIC_0033180,0.00160455540753901,3.0095770853222348e-05,2.861965367628727e-05,0.0006515865097753704,0.9821550846099854,0.006802721880376339,0.008727402426302433
ISIC_0033962,0.0001945956755662337,7.203604764072224e-05,9.978121670428663e-05,0.0014476184733211994,0.9699022769927979,0.026526207104325294,0.0017575962701812387
ISIC_0033603,3.720401582540944e-05,0.002159334719181061,1.1701596122293267e-05,0.000706260500010103,0.04623956233263016,0.9465093016624451,0.004336787853389978
ISIC_0033485,1.0159850717172958e-05,1.577754574100254e-06,1.8068813005811535e-05,0.00017830150318332016,0.12460523098707199,0.8751789927482605,7.70286987972213e-06
ISIC_0033175,8.468752639601007e-06,2.0180091269139666e-06,4.1162813431583345e-05,0.00012988850357942283,0.17050199210643768,0.8292951583862305,2.1350975657696836e-05
ISIC_0033886,2.5577111955499277e-05,1.1743878758352366e-06,4.997097494197078e-05,9.929730003932491e-05,0.4755687415599823,0.5242405533790588,1.465470722905593e-05
ISIC_0030564,0.0006651653675362468,1.667678589001298e-06,0.19386164844036102,6.241176015464589e-05,0.6067777872085571,0.19855093955993652,8.044979040278122e-05
ISIC_0033240,4.196245129151066e-07,1.0684600511012832e-06,8.691498806001619e-05,1.1555694072740152e-06,0.9998828172683716,2.6419445930514485e-05,1.1520494354044786e-06
ISIC_0032782,7.986545824678615e-06,1.0851389561139513e-05,0.050511784851551056,2.037789272435475e-05,0.8365548253059387,0.11288639158010483,7.726008334429935e-06
ISIC_0032522,2.3565642095491057e-06,3.0382411750906613e-06,0.0018157565500587225,4.086774879397126e-06,0.9967489242553711,0.0014228839427232742,2.931904873548774e-06
ISIC_0033174,7.625424768775702e-05,5.1310548769833986e-06,0.013719321228563786,1.01826999525656e-05,0.9623257517814636,0.023850174620747566,1.3137968380760867e-05
ISIC_0033239,3.7842946767341346e-05,9.121924449573271e-06,0.0004824387142434716,6.8940598794142716e-06,0.6535845398902893,0.3458596467971802,1.94817748706555e-05
ISIC_0033985,9.296974894823506e-05,4.644003183784662e-06,0.005078462418168783,1.309016442974098e-05,0.22412164509296417,0.7706772685050964,1.1862541214213707e-05
ISIC_0032511,0.0001195276781800203,1.2034865903842729e-05,0.019344041123986244,8.61468924995279e-06,0.9803747534751892,0.0001401156623614952,7.719664267824555e-07
ISIC_0032603,1.0667693004506873e-06,4.022592747787712e-07,2.6049499979308166e-07,6.539336027344689e-06,8.9359498815611e-05,0.9999014139175415,1.030584371619625e-06
ISIC_0033871,8.115032983369019e-07,2.3322620279486728e-07,1.4694201126985718e-06,1.1083030813097139e-06,0.0005179591244086623,0.9994779229164124,5.933094371357583e-07
ISIC_0032955,0.00014957082748878747,1.881635739664489e-06,0.0058487155474722385,2.3104699721443467e-05,0.6760505437850952,0.31789806485176086,2.8201951863593422e-05
ISIC_0034012,1.4253752851800527e-05,4.5824819494555413e-07,4.828762939723674e-06,1.1295202057226561e-05,0.999958872795105,8.931977390602697e-06,1.2512292641986278e-06
ISIC_0034150,6.389277132257121e-06,1.7253770465686102e-06,4.6924369598855264e-06,1.8307941900275182e-06,0.9999812841415405,3.7134036574570928e-06,3.6666168057308823e-07
ISIC_0032915,0.04686401039361954,0.8177248239517212,0.006620271131396294,0.10543598979711533,0.017010720446705818,4.498530688579194e-05,0.006299257278442383
ISIC_0028460,2.458914195813122e-06,1.4906332808095613e-06,1.8399756527287536e-06,3.58502319386389e-07,0.99998939037323,3.822497092187405e-06,5.548532158172748e-07
ISIC_0034005,0.004437738098204136,0.9878974556922913,0.0033120696898549795,0.002266619121655822,0.00011629490472842008,0.001946201198734343,2.349814349145163e-05
ISIC_0032797,7.715958417975344e-06,1.7809324504014512e-07,3.3715277822921053e-06,5.60234752811084e-07,0.9999054670333862,8.233606058638543e-05,2.9093519060552353e-07
ISIC_0032596,1.8917705801868578e-06,1.1790675813472262e-07,5.604668444902927e-07,4.4209531324668205e-07,0.999985933303833,1.0279883099428844e-05,7.603094900332508e-07
ISIC_0032856,1.28579949887353e-05,1.7846112143615755e-07,2.834440920196357e-06,5.727379743802885e-07,0.9999747276306152,8.35806076793233e-06,4.6335708248079754e-07
ISIC_0033193,3.656561830212013e-06,1.6538686509193212e-07,1.7156945659735356e-06,2.853356022569642e-07,0.999991774559021,1.8483092389942612e-06,6.053195420463453e-07
ISIC_0033125,1.1422802117522224e-06,6.149045361780736e-08,4.195716883259593e-06,2.9639892318300554e-07,0.9999232292175293,7.043629011604935e-05,5.552951165554987e-07
ISIC_0032810,1.6367497437386191e-06,3.188459913872066e-07,2.3438973073552916e-07,5.371142037802201e-07,0.9999518394470215,4.480923598748632e-05,5.775989961875894e-07
ISIC_0033324,3.472482603683602e-07,1.329926703874662e-06,3.138140891678631e-05,3.2696823382138973e-07,0.9999649524688721,4.804032300853578e-07,1.1112006177427247e-06
ISIC_0034316,2.689441089387401e-06,6.5771996560215484e-06,0.0018845251761376858,7.275294819919509e-07,0.9981033802032471,1.2806992799596628e-06,8.077915936155478e-07
ISIC_0033710,2.6140516638406552e-05,9.63579168455908e-06,0.0011818533530458808,8.172476100298809e-07,0.9987779259681702,1.8167311282013543e-06,1.8105978369931108e-06
ISIC_0032958,0.2828061282634735,0.0022777828853577375,0.0033623152412474155,4.835522486246191e-05,0.7114540338516235,1.2039287867082749e-05,3.928759542759508e-05
ISIC_0033538,0.0004316908016335219,0.00016913970466703176,0.00010379205923527479,1.4692828926854418e-06,0.9992910623550415,9.349435572403308e-07,1.8860513364415965e-06
ISIC_0032869,0.21107588708400726,9.700534974399488e-06,2.9760503821307793e-05,5.1835722842952237e-05,0.7887822985649109,1.913347477966454e-05,3.132906203973107e-05
ISIC_0033524,0.01409979723393917,2.0872694221907295e-06,0.0020169836934655905,1.3707217476621736e-05,0.9822240471839905,0.001639191061258316,4.282921509002335e-06
ISIC_0033310,6.741278866684297e-06,0.018622076138854027,8.358910235983785e-06,0.00023057108046486974,0.9798038005828857,0.0005366301629692316,0.0007916812901385128
ISIC_0026430,0.0004100005317013711,1.3624423900182592e-06,2.117652002198156e-05,2.1530413505388424e-06,0.9995629191398621,1.4300321709015407e-06,8.864041660672228e-07
ISIC_0030031,9.618535113986582e-05,3.6869660107186064e-05,0.007324537727981806,1.3765627954853699e-05,0.009192068129777908,0.9833335280418396,3.0305413929454517e-06
ISIC_0028655,0.00014914371422491968,6.5977969825326e-06,0.001547544845379889,1.422717105015181e-06,0.9953255653381348,0.0029676202684640884,2.0136887997068698e-06
ISIC_0033704,1.4163227888275287e-06,2.8343790745566366e-06,1.9871526092174463e-05,1.7734621451381827e-06,0.0011175975669175386,0.9988540410995483,2.414133632555604e-06
ISIC_0032723,1.5939970410272508e-07,1.6148921133662952e-07,5.673317673426936e-07,7.369393983935879e-07,0.999768078327179,0.00022950659331399947,8.298490570268768e-07
ISIC_0032751,1.3538863186113304e-07,1.5357967697582353e-07,1.0382275377196493e-06,3.6028447425451304e-07,0.9999775886535645,2.0388579287100583e-05,3.368455736563192e-07
ISIC_0032597,7.203055218951704e-08,1.547708734506159e-07,1.4551467302226229e-06,3.944519733067864e-07,0.9999667406082153,3.077819201280363e-05,2.928638309640519e-07
ISIC_0033344,2.6588887180878373e-07,4.903909598397149e-07,2.3327891085500596e-06,1.3784034536001855e-07,0.9999836683273315,1.2912757483718451e-05,2.175044642171997e-07
ISIC_0032988,1.0030313291053972e-07,1.513303402589372e-07,2.427641675240011e-06,1.9303278975257854e-07,0.9999880790710449,8.801803232927341e-06,2.395345291006379e-07
ISIC_0032698,0.0011179259745404124,4.273856393410824e-05,0.002226659096777439,7.036492752376944e-05,0.8977165222167969,0.0988030731678009,2.270510231028311e-05
ISIC_0034107,8.464992902190716e-07,9.002039860206423e-07,5.441943358164281e-07,4.05305308959214e-06,0.9823659062385559,0.01762213185429573,5.6210460570582654e-06
ISIC_0033368,3.464460860413965e-07,8.093514338725072e-07,6.020511591486866e-07,1.8954453935293714e-06,0.017219776287674904,0.9827650189399719,1.1550941053428687e-05
ISIC_0032630,8.048207746469416e-06,2.9390798772510607e-06,0.00010883924551308155,5.704895556846168e-06,0.9863641858100891,0.013475874438881874,3.446482151048258e-05
ISIC_0033399,1.9033409159874282e-07,1.797443616169403e-07,7.18214414519025e-06,8.087721994343156e-07,0.9999299049377441,5.840866288053803e-05,3.2904933959798655e-06
ISIC_0033050,4.761522518492711e-07,8.946768161877117e-07,2.9281729439389892e-05,3.667730197776109e-06,0.012015794403851032,0.9879475235939026,2.3859527118474944e-06
ISIC_0033526,8.438584018222173e-07,6.729866299792775e-07,0.0001529561122879386,3.5365876556170406e-06,0.004078621510416269,0.9957612156867981,2.1642922547471244e-06
ISIC_0032807,2.5868212105706334e-06,4.4992571929469705e-05,6.100274913478643e-05,1.1517438451846829e-06,0.9952648878097534,0.00462316581979394,2.244128154416103e-06
ISIC_0032645,5.78484605284757e-06,0.0012010057689622045,0.0003183354565408081,2.104074610542739e-06,0.9714889526367188,0.026977702975273132,6.044754172762623e-06
ISIC_0033893,1.4062297850614414e-06,2.2427402655011974e-06,5.92346113990061e-05,1.4581666619051248e-05,0.00037887238431721926,0.9995428323745728,9.089056334232737e-07
ISIC_0033037,1.992163925024215e-05,0.013533398509025574,0.7336766123771667,1.2993036762054544e-05,0.23765432834625244,0.015085963532328606,1.6754660464357585e-05
ISIC_0033773,1.914335007313639e-05,0.0016778262797743082,0.8224589228630066,5.274788691167487e-06,0.1740494668483734,0.0017846134724095464,4.680170150095364e-06
ISIC_0033885,7.771832315484062e-05,2.5254459615098312e-05,0.05425362288951874,2.552917976572644e-05,0.9455663561820984,9.44014209380839e-06,4.213206921122037e-05
ISIC_0027069,0.7534053325653076,9.310751192970201e-05,0.0009995191358029842,4.296291808714159e-05,0.24489599466323853,0.0005452231853269041,1.778152545739431e-05
ISIC_0029502,1.1004161024175119e-05,1.3878457139071543e-05,2.1289544747560285e-05,1.2460492143873125e-05,0.006201061885803938,0.9937333464622498,6.962837233004393e-06
ISIC_0026268,0.013171786442399025,3.794347867369652e-05,0.00736538041383028,9.259332728106529e-05,0.9549704194068909,0.023823820054531097,0.0005381042719818652
ISIC_0025708,1.470507777412422e-05,1.252950937669084e-06,0.00017143441073130816,1.8449349227012135e-05,0.09908422082662582,0.9006389379501343,7.091552834026515e-05
ISIC_0024806,1.0138605830434244e-05,1.0766161295805432e-07,4.558551881927997e-05,2.1542141439567786e-06,0.9997450709342957,0.00019576185150071979,1.105866658690502e-06
ISIC_0024962,5.366019649954978e-06,1.007561331789475e-05,0.9798276424407959,6.549758381879656e-06,0.0005365674151107669,0.019491828978061676,0.00012192127178423107
ISIC_0024823,8.008559234440327e-06,8.320701454067603e-06,0.031833864748477936,2.782283081614878e-05,0.008960872888565063,0.9581852555274963,0.0009757943917065859
ISIC_0024449,1.445745283490396e-06,5.71319048958685e-07,0.00015842211723793298,1.0490377462701872e-05,0.009404958225786686,0.9904202818870544,3.8038333514123224e-06
ISIC_0031408,3.65322080142505e-06,2.938362229087943e-07,1.647160274842463e-06,1.14502472570166e-06,0.9980467557907104,0.001944337971508503,2.188965254390496e-06
ISIC_0025085,4.764919594890671e-06,1.8627226836542832e-06,0.00015829195035621524,3.208202770110802e-06,0.011513147503137589,0.9883143901824951,4.305287802708335e-06
ISIC_0031034,3.833905066130683e-05,7.1351441874867305e-06,0.00022506053210236132,7.882579666329548e-06,0.25023114681243896,0.7494848966598511,5.521799721464049e-06
ISIC_0026167,0.000627080095000565,2.0450630472623743e-05,0.0944487601518631,8.500116382492706e-05,0.008774934336543083,0.8958583474159241,0.00018547980289440602
ISIC_0028984,0.0009018339915201068,8.106727182166651e-05,0.21364401280879974,0.0030734562315046787,0.0019334880635142326,0.7802553772926331,0.00011071234621340409
ISIC_0032197,0.00981995277106762,5.4737240134272724e-05,0.11010558903217316,0.0004038445185869932,0.8549172282218933,0.024421976879239082,0.00027664442313835025
ISIC_0024701,2.968652370327618e-05,2.2849748347653076e-05,1.152075856225565e-05,8.600728324381635e-05,0.2899091839790344,0.7098793387413025,6.143873179098591e-05
ISIC_0030390,6.388814654201269e-05,1.3281995961733628e-05,1.1672126674966421e-05,9.266391134588048e-05,0.006017169915139675,0.9937558174133301,4.552323298412375e-05
ISIC_0030034,0.00013584138650912791,0.0001932347659021616,5.1082082791253924e-05,0.5759780406951904,0.018519967794418335,0.37742868065834045,0.027693137526512146
ISIC_0027552,1.094712752092164e-05,3.3068449738493655e-06,1.4236811693990603e-06,2.883032721001655e-06,0.9995703101158142,0.0003480158047750592,6.307745934464037e-05
ISIC_0027407,1.9376459022169e-05,8.604578738413693e-07,0.0019523542141541839,1.8318015690965694e-06,0.994734525680542,0.003289461601525545,1.6145500012498815e-06
ISIC_0027793,7.122437750695099e-07,4.093449135211813e-08,6.028287202752836e-07,9.207639664055023e-07,1.7572601791471243e-05,0.9999796152114868,5.440606400952674e-07
ISIC_0029013,3.9110059901759087e-07,1.9568041409456782e-07,1.1096161642853986e-06,1.2467507986002602e-06,1.284008703805739e-05,0.9999837875366211,4.818857064492477e-07
ISIC_0031077,0.000882553867995739,8.430503839917947e-06,0.00026565048028714955,4.21019722125493e-05,0.09007807821035385,0.9086815118789673,4.156003342359327e-05
ISIC_0030932,4.637402071239194e-06,4.734667129469017e-07,0.00985935889184475,2.792834720821702e-06,0.9900425672531128,8.842478564474732e-05,1.811340212043433e-06
ISIC_0027065,4.2819098666768696e-07,2.45921768282642e-07,3.6883536722598365e-06,4.1334138245474605e-07,0.9999721050262451,2.2476819140138105e-05,6.061083581698767e-07
ISIC_0030360,0.0025664896238595247,1.2356099432508927e-05,0.21041280031204224,4.2920353735098615e-05,0.0030594216659665108,0.7839016318321228,4.4961161620449275e-06
ISIC_0028718,1.915081520564854e-05,6.422294518415583e-07,4.951692608301528e-05,8.666580833960325e-05,0.007834899239242077,0.9919970631599426,1.2040418368997052e-05
ISIC_0027130,2.4215307803387986e-06,1.3539499832404545e-07,4.649607490136987e-06,3.475673338471097e-06,0.9999654293060303,2.3637732738279738e-05,2.805393535254552e-07
ISIC_0029318,0.008398361504077911,0.0015644208760932088,0.0012805464211851358,0.00012300474918447435,0.9884710311889648,3.680073859868571e-05,0.00012582738418132067
ISIC_0032070,0.00037309591425582767,1.475225235481048e-05,0.010438946075737476,1.0268016922054812e-05,0.9891250133514404,2.0718438463518396e-05,1.7251788449357264e-05
ISIC_0026796,2.628333731991006e-06,2.0526964306100126e-07,0.00018699938664212823,2.1298619685694575e-06,0.9976420998573303,0.0021651540882885456,8.289306947517616e-07
ISIC_0030747,0.00016135851910803467,9.5616621820227e-07,6.118373130448163e-05,3.1127521651796997e-05,0.0033129213843494654,0.996427595615387,4.9097775445261505e-06
ISIC_0031239,0.0019066121894866228,1.699957465461921e-05,0.041542619466781616,0.00026587449247017503,0.9067016839981079,0.049541082233190536,2.5149251086986624e-05
ISIC_0027105,1.530218287371099e-05,0.00010495370224816725,0.6668922901153564,1.8253982489113696e-05,0.005733305588364601,0.32722601294517517,9.838293408392929e-06
ISIC_0027502,3.705537528730929e-05,5.09574128955137e-05,0.32698512077331543,4.20112264691852e-05,0.008876043371856213,0.6640056371688843,3.174979156028712e-06
ISIC_0031529,5.845329837939062e-07,1.678654797387935e-07,4.993535185349174e-06,8.733243817005132e-07,1.0646642749634339e-06,0.9999918937683105,5.220580874265579e-07
ISIC_0028929,0.00020151636272203177,9.443665476283059e-07,1.276610328204697e-05,1.3040613566772663e-06,0.9997442364692688,3.8493864849442616e-05,7.384040827673743e-07
ISIC_0026746,1.2191567293484695e-05,1.8971185511418298e-07,0.00012714508920907974,1.2732261893688701e-06,0.9996193647384644,0.00023902562679722905,8.150332746481581e-07
ISIC_0030910,0.6997848749160767,5.200638497626642e-06,7.289688801392913e-05,0.0009455811814405024,0.2991136610507965,2.1821149857714772e-05,5.595699985860847e-05
ISIC_0029238,0.4146287739276886,3.131677658529952e-05,0.0002537855471018702,0.005114593543112278,0.5774524807929993,0.00020911925821565092,0.0023100299295037985
ISIC_0028685,5.508324466063641e-05,8.254161366494372e-05,1.644883923290763e-05,4.942001510244154e-07,0.9976047277450562,0.002236829837784171,3.849188487947686e-06
ISIC_0026847,0.00013411816325969994,1.0621341743899393e-06,1.922088358696783e-06,1.9898843675036915e-06,0.9998451471328735,1.50569276229362e-05,6.69555220156326e-07
ISIC_0029958,6.0064612625865266e-05,6.695523779853829e-07,0.9980528354644775,4.95562335345312e-06,0.0018444187007844448,3.6049957998329774e-05,1.1042347978218459e-06
ISIC_0028227,0.0001902081712614745,3.785216222240706e-06,1.7508330074633704e-06,9.632866567699239e-05,0.9893548488616943,0.010339776985347271,1.329276437900262e-05
ISIC_0031417,3.096409636782482e-05,4.852552706324786e-07,3.571090201148763e-05,2.2859359887661412e-05,2.8654415018536383e-06,0.9999061822891235,8.978258847491816e-07
ISIC_0028103,1.7457015928812325e-05,8.865501513355412e-06,0.10730010271072388,9.799420695344452e-06,0.8856710195541382,0.006984509527683258,8.388142305193469e-06
ISIC_0024554,0.00032114339410327375,1.3626120107801398e-06,0.9802189469337463,1.2478067219490185e-05,0.01920861005783081,0.0002344349486520514,2.9680350053240545e-06
ISIC_0030795,5.017090643377742e-06,7.225647209452291e-07,7.876902259340568e-07,8.138172802318877e-07,0.9991899132728577,0.0008016600622795522,1.0856067547138082e-06
ISIC_0027507,4.373150204628473e-06,9.60932084126398e-07,0.00013833041884936392,2.825934416250675e-06,0.007557058706879616,0.9922953844070435,1.145853730122326e-06
ISIC_0031005,1.9791609702224378e-06,4.240851865233708e-07,0.00014191053924150765,3.708480562636396e-07,0.9998366832733154,1.83470929187024e-05,1.1109802500186561e-07
ISIC_0030507,0.00018628573161549866,0.0007306458428502083,0.42082616686820984,9.902032616082579e-06,0.5395559072494507,0.03868348151445389,7.645847290405072e-06
ISIC_0028666,7.67026431276463e-05,9.759843123902101e-06,0.009183389134705067,0.0016126098344102502,0.0006529708625748754,0.9884516000747681,1.2961432730662636e-05
ISIC_0028352,1.875168550213857e-06,1.3900407793698832e-05,0.00048644671915099025,4.465713914214575e-07,0.9994350075721741,6.18132107774727e-05,4.71863273787676e-07
ISIC_0031498,2.2000569970259676e-06,5.862984266968851e-07,6.94539551204798e-07,3.10461109620519e-06,0.9994268417358398,0.000562832283321768,3.857222964143148e-06
ISIC_0029570,3.202749940101057e-05,6.5619674387562554e-06,0.0657997578382492,0.00010487940744496882,0.06642773002386093,0.8676040172576904,2.5129082132480107e-05
ISIC_0028930,0.003481067717075348,0.0019498057663440704,0.02205619402229786,6.922318425495178e-05,0.9185673594474792,0.05382150039076805,5.482311826199293e-05
ISIC_0031389,0.000296158017590642,0.00022681101108901203,0.009053814224898815,2.3557986423838884e-05,0.8678529858589172,0.12251674383878708,2.9874639949412085e-05
ISIC_0030925,4.0288563241119846e-07,4.77238188523188e-07,2.1195139197516255e-05,1.980551360247773e-06,0.9995977282524109,0.0003767595044337213,1.5450447108378285e-06
ISIC_0031778,4.848734170082025e-05,1.0123266292794142e-05,0.039688870310783386,1.51295671457774e-05,0.8461756706237793,0.11405203491449356,9.692253115645144e-06
ISIC_0030604,2.6119258109247312e-05,2.8229194413142977e-06,7.20256139175035e-05,1.2213721674925182e-05,0.8859184980392456,0.11395587772130966,1.2456112926884089e-05
ISIC_0024958,1.660701491346117e-05,6.6886354943562765e-06,0.030438769608736038,2.3979120669537224e-05,0.8483374118804932,0.12115704268217087,1.9621984392870218e-05
ISIC_0026258,2.0176386897219345e-05,1.4161158787828754e-06,0.0013512576697394252,1.9962941223639064e-05,0.01073533482849598,0.9878666400909424,5.14972316523199e-06
ISIC_0025235,2.6966736186295748e-05,1.1924465752599644e-06,0.00015393350622616708,1.9641687686089426e-05,0.1486414074897766,0.851140022277832,1.6804544429760426e-05
ISIC_0028764,0.00022585915576200932,3.3574631288502133e-06,0.05773020163178444,5.709077959181741e-05,0.13205330073833466,0.809916079044342,1.410412551194895e-05
ISIC_0029021,2.7989904992864467e-05,4.467673079489032e-06,0.00034452544059604406,1.4901108443154953e-05,0.14312393963336945,0.8564740419387817,1.0131879207619932e-05
ISIC_0027359,0.005528823472559452,0.0006760164396837354,0.12367536872625351,0.0003591229033190757,0.8307353854179382,0.0389404371380806,8.485334547003731e-05
ISIC_0027832,5.124165545566939e-05,0.0010620965622365475,0.27647876739501953,2.0877801944152452e-05,0.018002992495894432,0.7043739557266235,1.000971496978309e-05
ISIC_0031844,0.002756080823019147,3.120900146313943e-05,0.9601762890815735,3.242939419578761e-05,0.0005830500740557909,0.036414578557014465,6.408989975170698e-06
ISIC_0025611,7.638536771992221e-05,3.0210954719223082e-05,0.0007568132714368403,4.114465627935715e-05,0.4078396260738373,0.5912469625473022,8.873402293829713e-06
ISIC_0029404,0.00020039720402564853,0.0008528857724741101,0.0003227448323741555,0.0003794829535763711,0.00014146414468996227,0.0050132377073168755,0.9930898547172546
ISIC_0030275,0.0002008242445299402,8.504487050231546e-05,5.071800478617661e-05,0.0001269282802240923,3.74358642147854e-05,0.001217910903505981,0.9982812404632568
ISIC_0027385,1.5010125480330316e-06,1.6580719602643512e-05,2.6232365257783385e-07,1.304085526498966e-05,2.7343450710759498e-05,0.00010740304423961788,0.9998338222503662
ISIC_0030882,2.995917384396307e-06,1.9575074475142173e-05,1.2201633126096567e-06,2.2785317923990078e-05,0.0001598878880031407,0.00027249849517829716,0.9995211362838745
ISIC_0026163,1.09912502921361e-06,9.538945960230194e-06,3.3921623980859295e-06,3.8422676880145445e-05,9.973128953788546e-07,4.593372068484314e-05,0.9999005794525146
ISIC_0025807,1.637652303543291e-06,2.937588760687504e-05,3.479284259810811e-06,1.8834323782357387e-05,2.1380185444286326e-06,0.00019086171232629567,0.9997536540031433
ISIC_0033450,3.228245304853772e-06,6.246671546250582e-05,9.49046625464689e-06,5.3072832088219e-05,0.0021036225371062756,0.0016886589583009481,0.9960795044898987
ISIC_0033254,1.4390302567335311e-05,0.0007082528318278491,5.678095112671144e-05,9.376634261570871e-05,0.01742415502667427,0.008257917128503323,0.9734447002410889
ISIC_0030722,0.0010871218983083963,0.00027846021112054586,0.00027920823777094483,0.0016126757254824042,0.00014663217007182539,0.00037479636375792325,0.9962210655212402
ISIC_0024747,1.651157504056755e-06,0.00010889158147620037,1.6040856280596927e-05,4.207857728033559e-06,0.00010012923303293064,0.00032834496232680976,0.9994407296180725
ISIC_0031346,1.321217860095203e-05,0.0002804600226227194,5.036448419559747e-05,0.0001277083356399089,0.0006799522670917213,0.00013623475388158113,0.9987120628356934
ISIC_0032715,1.8684835367821506e-06,3.818828918156214e-05,4.712292138719931e-07,1.321820127486717e-05,1.6968937188721611e-06,0.00013376047718338668,0.9998107552528381
ISIC_0033991,5.06366905028699e-06,2.6260315280524082e-05,1.0455901247041766e-06,1.610075014468748e-05,4.593648100126302e-06,0.00011359541531419381,0.999833345413208
ISIC_0027563,1.73100834217621e-05,0.0016638762317597866,3.238714634790085e-05,0.001346798613667488,0.0033134513068944216,0.4437834918498993,0.5498427152633667
ISIC_0025612,1.4416712019738043e-06,6.141812264104374e-06,9.508924449619371e-06,1.2567172234412283e-05,5.8332475418865215e-06,2.138007039320655e-05,0.9999431371688843
ISIC_0029877,1.4535612535837572e-05,1.3114886314724572e-05,3.4261886412423337e-06,0.005345745477825403,5.35790513822576e-06,0.9882200956344604,0.0063977292738854885
ISIC_0030104,1.0772110954349046e-06,4.1332341425004415e-06,3.9345140976365656e-06,3.8033347664168105e-05,5.547010005102493e-06,0.0015066954074427485,0.9984405636787415
ISIC_0027888,1.8589131514090695e-06,3.972381364292232e-06,9.350817890663166e-06,5.363538002711721e-05,1.0973445796480519e-06,2.0810472051380202e-05,0.9999092817306519
ISIC_0028885,4.2383458094263915e-06,4.155263923166785e-06,5.574964234256186e-06,2.301115273439791e-05,3.965827090723906e-06,3.5808196116704494e-05,0.9999232292175293
ISIC_0025425,6.781885986129055e-07,2.1138239389983937e-06,4.79871857805847e-07,1.602583324711304e-05,2.564507440183661e-06,6.851481430203421e-06,0.9999712705612183
ISIC_0032057,1.5046357475512195e-06,1.207663899549516e-06,6.074241696296667e-07,1.846281338657718e-05,6.937110811122693e-06,9.261220111511648e-05,0.9998786449432373
ISIC_0024457,3.0741619411855936e-05,0.9960609078407288,0.00047967248247005045,2.2991189325693995e-05,0.0033701735083013773,1.230933685292257e-05,2.3109432731871493e-05
ISIC_0029193,4.35004858445609e-06,0.9999656677246094,7.351513886533212e-06,1.3923507822255488e-06,1.991106546483934e-05,3.3580425906620803e-07,8.960658419709944e-07
ISIC_0027526,1.2247386621311307e-05,0.9999587535858154,1.2212500223540701e-05,1.8033687183560687e-06,1.2956607861269731e-05,2.954761271212192e-07,1.7862487311504083e-06
ISIC_0030446,2.249011913590948e-06,0.9999243021011353,1.1209292551939143e-06,3.282599936937913e-05,3.162983921356499e-05,1.1625037359408452e-06,6.705651685479097e-06
ISIC_0031527,6.868247965030605e-06,0.999742329120636,2.409460194030544e-06,0.0001408564276061952,6.8639827077277e-05,3.3114188227045815e-06,3.555449075065553e-05
ISIC_0031749,1.3079319387543364e-06,0.9999899864196777,1.865613285190193e-06,1.5362619478764827e-06,1.7048794234142406e-06,5.380826451073517e-07,3.0400440209632507e-06
ISIC_0029847,2.9230159270809963e-06,0.9995771050453186,1.7173678088511224e-06,3.220830694772303e-05,2.362756094953511e-05,0.00011596977128647268,0.0002465003926772624
ISIC_0031943,6.78172955304035e-06,0.9993137121200562,1.7221307643922046e-05,1.8898852431448177e-05,0.0004415031289681792,1.7467649740865454e-05,0.0001842764759203419
ISIC_0027865,7.450513294315897e-06,0.9999556541442871,5.917434009461431e-06,5.237608093011659e-06,1.464370870962739e-05,1.355750328002614e-06,9.747783224156592e-06
ISIC_0030687,0.00047121281386353076,0.022166142240166664,0.0022261901758611202,0.0072173322550952435,0.9090395569801331,0.05220630392432213,0.006673283874988556
ISIC_0025584,0.0015608909307047725,0.09941881895065308,0.0004056219768244773,0.004678322933614254,0.8625786900520325,0.024638459086418152,0.00671917200088501
ISIC_0027545,6.590917109861039e-06,0.9979155659675598,3.94153394154273e-05,9.614242117095273e-06,0.0014352075522765517,0.000525397015735507,6.814998778281733e-05
ISIC_0027609,0.00010720598220359534,0.9852403402328491,0.00035499577643349767,6.866477633593604e-05,0.007220893166959286,0.006856499705463648,0.00015143142081797123
ISIC_0029034,0.003023915458470583,0.9964158535003662,4.785507917404175e-05,3.0742019589524716e-05,0.0004086642584297806,4.166397786775633e-07,7.244027074193582e-05
ISIC_0030800,2.614240884213359e-06,0.9999191761016846,7.054735760902986e-06,9.308389962825458e-06,5.6815671996446326e-05,2.452321723467321e-07,4.839987013838254e-06
ISIC_0027998,1.7210053556482308e-05,0.9996801614761353,7.955028195283376e-06,1.8609052858664654e-05,0.00022600872034672648,1.1071629160142038e-05,3.903827746398747e-05
ISIC_0028079,5.253601557342336e-06,0.9990795850753784,0.00036794322659261525,1.246697320311796e-05,0.00045131504884921014,7.239160913741216e-05,1.100409008358838e-05
ISIC_0032415,0.0003095662978012115,0.9916259050369263,0.0002907107991632074,7.772263779770583e-05,3.653547537396662e-05,0.006525516510009766,0.0011341652134433389
ISIC_0030177,1.0267891411785968e-05,0.9963002800941467,7.260970960487612e-06,6.068707079975866e-06,2.9108909075148404e-05,0.00014934144564904273,0.003497796133160591
ISIC_0028095,2.5737057512742467e-05,0.9999433755874634,1.2163518476882018e-05,1.5013345091574593e-06,8.053906640270725e-06,1.9806279851763975e-06,7.09359164829948e-06
ISIC_0032414,0.015042711980640888,0.9828220009803772,0.0007864142535254359,0.0001068543569999747,5.015389615437016e-05,0.0010518153430894017,0.0001401111512677744
ISIC_0031824,3.308067243779078e-05,0.9537357687950134,0.00021471131185535342,8.003824768820778e-05,0.00010474527516635135,0.04567195475101471,0.00015964209160301834
ISIC_0030145,2.747731741692405e-06,0.999956488609314,2.1672936782124452e-05,2.9679056297027273e-06,2.976939640575438e-06,1.0076996659336146e-05,3.0335822884808294e-06
ISIC_0024504,2.078734542010352e-05,0.9999159574508667,1.4121401363809127e-05,1.3419853530649561e-06,3.5092632515443256e-06,3.905065022991039e-05,5.264878836896969e-06
ISIC_0025600,1.357341375296528e-06,0.9999841451644897,4.028563580504851e-06,7.355958473453938e-07,3.881209977407707e-06,3.3102749057434266e-06,2.498583626220352e-06
ISIC_0030349,1.1330508868923062e-06,0.9999903440475464,7.404208872685558e-07,3.793535370277823e-06,8.957462682701589e-07,2.807454677622445e-07,2.8790420856239507e-06
ISIC_0026091,4.277462721802294e-06,0.9999872446060181,9.685452369012637e-07,2.3273046281246934e-06,5.271581926535873e-07,2.1849297127118916e-07,4.338905455369968e-06
ISIC_0034160,1.7964959624805488e-05,0.9863190650939941,0.0005900539690628648,0.010980515740811825,0.00036231771809980273,1.548107866256032e-05,0.0017145262099802494
ISIC_0024885,3.3548976716701873e-06,0.9999922513961792,2.0789393602171913e-06,6.032958594914817e-07,8.894168246342815e-08,4.6357695282495115e-07,1.1980225735896965e-06
ISIC_0024666,0.0002002305700443685,0.010479198768734932,0.0004606184083968401,8.876623178366572e-05,0.9810284972190857,0.007689917925745249,5.2795279771089554e-05
ISIC_0028890,0.0010950608411803842,0.039367061108350754,0.009472914040088654,0.001674841740168631,0.12760989367961884,0.8207452893257141,3.489248047117144e-05
ISIC_0025752,4.646990419132635e-05,0.000504618976265192,0.00011403279495425522,1.0568011020950507e-05,0.9971705079078674,0.0021497795823961496,4.034816811326891e-06
ISIC_0034123,3.883801127813058e-06,0.9997150301933289,8.483859346597455e-06,5.884409347345354e-06,0.0002442226395942271,9.06985690107831e-07,2.1594511053990573e-05
ISIC_0034026,2.433260988254915e-06,0.9998644590377808,1.3202653690314037e-06,2.6088890081155114e-05,8.51036820677109e-05,1.0806379577843472e-06,1.9537030311767012e-05
ISIC_0028871,3.873445621138671e-06,0.9999910593032837,4.996347797714407e-07,1.4101956367085222e-06,6.191375518938003e-07,3.729184641088068e-07,2.1349378585000522e-06
ISIC_0031836,2.096273601637222e-05,0.9953578114509583,9.899064025375992e-06,1.489686383138178e-05,0.004458793438971043,9.8163123766426e-05,3.9492886571679264e-05
ISIC_0027090,0.00011140124115627259,0.9713236093521118,0.013041309081017971,6.91462992108427e-06,0.014575120992958546,0.00016498062177561224,0.0007766146445646882
ISIC_0031026,8.693715244589839e-06,0.9720974564552307,0.00018149240349885076,4.8790330765768886e-05,6.314588245004416e-05,0.027588633820414543,1.1822460692201275e-05
ISIC_0028688,0.003840036690235138,2.8918164389324374e-05,0.012139872647821903,2.6022687961813062e-05,0.02376624569296837,0.9601919054985046,7.022826594038634e-06
ISIC_0028316,6.038205810909858e-06,0.9999703168869019,1.8043778027276858e-07,1.8927292330772616e-05,8.300256695292774e-07,8.631263312963711e-07,2.879764451790834e-06
ISIC_0028570,3.0497790248773526e-06,0.998960018157959,2.359827522013802e-05,3.2534185265831184e-06,8.052668999880552e-05,0.000757564848754555,0.00017193154781125486
ISIC_0031643,0.0006192975561134517,0.9993489384651184,6.309540822257986e-06,7.460642336809542e-06,7.068520972097758e-06,2.0448944724194007e-06,8.869149496604223e-06
ISIC_0027531,0.0007238656398840249,0.9990041851997375,6.791436317143962e-05,5.7776465837378055e-05,9.14929696591571e-05,4.132205867790617e-05,1.3444535397866275e-05
ISIC_0024331,1.2975749996257946e-05,0.999957799911499,7.254329375427915e-06,1.2074297046638094e-05,2.859742664895748e-07,1.1261507779636304e-06,8.522512871422805e-06
ISIC_0031384,1.687795474936138e-06,0.9999887943267822,9.287591069551127e-07,9.456828138354467e-07,1.3769370070804143e-06,4.2506303543632384e-06,1.939600906553096e-06
ISIC_0029129,5.8490004448685795e-06,0.999987006187439,1.0267826837662142e-06,9.144987984655017e-07,2.1241696686047362e-06,1.4753393884348043e-07,2.8845565793744754e-06
ISIC_0027704,1.9101094039797317e-06,0.9997914433479309,3.7663239709218033e-06,9.075447451323271e-05,9.026251973409671e-06,9.656250767875463e-05,6.603590009035543e-06
ISIC_0028583,0.9132458567619324,0.08586058765649796,0.00036125752376392484,0.00013335939729586244,0.00034538464387878776,1.0388134796812665e-05,4.306357732275501e-05
ISIC_0030594,5.477157856148551e-07,0.9999654293060303,2.476372173987329e-05,4.85146074424847e-07,6.961403755667561e-07,2.1106309304741444e-06,5.906970727664884e-06
ISIC_0024634,2.2022434222890297e-06,0.9998487234115601,4.98644385515945e-06,2.745301117101917e-06,1.3394875395533745e-06,0.0001350701495539397,4.999023531127023e-06
ISIC_0026074,6.230644657989615e-07,0.9999860525131226,3.7112654354132246e-06,1.0214735084446147e-06,3.25239454923576e-07,2.8452272999857087e-06,5.3321259656513575e-06
ISIC_0025940,0.5849385857582092,0.1923692673444748,0.11898938566446304,0.0002863959816750139,0.10332494974136353,6.830906932009384e-05,2.3128337488742545e-05
ISIC_0028113,0.00016210036119446158,0.9998226761817932,2.513882009225199e-06,2.317688313269173e-06,7.281765647348948e-06,5.185581244404602e-07,2.698709749893169e-06
ISIC_0027189,0.006655931938439608,0.9929745197296143,3.2951451430562884e-05,0.00025494021247141063,2.2860811441205442e-05,8.929012551561755e-07,5.784455424873158e-05
ISIC_0032307,0.00028459561872296035,2.6013907699962147e-05,0.998836100101471,1.0874918189074378e-05,0.0005623196484521031,0.0002795857435557991,4.2722550119833613e-07
ISIC_0028815,1.7912134353537112e-06,0.9999885559082031,2.7278251764073502e-06,1.2683797194767976e-06,1.66587966532461e-07,5.296780614116869e-07,4.969735982740531e-06
ISIC_0030181,2.236999080196256e-06,0.9999892711639404,2.003726649491e-06,2.1448850020533428e-06,4.272572766694793e-07,4.11944739653336e-07,3.526449745550053e-06
ISIC_0027229,0.00402792077511549,0.005436936859041452,0.603140115737915,0.00027571740793064237,0.23314358294010162,0.15360470116138458,0.0003710337041411549
ISIC_0027004,0.0010058411862701178,0.19588936865329742,0.7507734298706055,7.674553489778191e-05,0.0018403853755444288,0.050226833671331406,0.00018733079195953906
ISIC_0026433,0.00018005036690738052,0.00025415446725673974,0.9992855191230774,1.648236866458319e-05,3.9499951526522636e-05,0.0002173545944970101,6.9923785304126795e-06
ISIC_0032314,4.5926819325359247e-07,0.9999868869781494,3.291568873464712e-06,4.187456852378091e-06,1.2880536814918742e-07,2.06164077098947e-06,3.0229946332838153e-06
ISIC_0027425,1.0889760233112611e-05,0.9999542236328125,4.009547410532832e-06,4.771847216034075e-06,5.439699748421845e-07,2.0487095753196627e-05,5.10107656737091e-06
ISIC_0027629,5.682838491338771e-06,0.9999403953552246,4.140042619837914e-06,4.202544459985802e-06,1.5015555618447252e-05,2.3978136596269906e-05,6.633623343077488e-06
ISIC_0027038,1.348383284494048e-05,0.9999721050262451,5.825640982948244e-07,9.984268217522185e-06,3.4685092487052316e-07,1.230066857260681e-07,3.3411804452043725e-06
ISIC_0032030,1.1883956176461652e-05,0.9999668598175049,1.5828962887098896e-06,1.5463767340406775e-05,2.1954330975404446e-07,9.901420980895637e-07,2.993303041876061e-06
ISIC_0031318,3.409369355722447e-07,0.9999874830245972,1.4517919453282957e-06,1.391312594023475e-06,1.4702015960210701e-06,3.7176787373027764e-06,4.180201813142048e-06
ISIC_0031470,5.978105832582514e-07,0.9999833106994629,1.3342502143132151e-06,4.942214104630693e-07,3.998490683443379e-06,4.120018274988979e-06,6.094255240896018e-06
ISIC_0030249,0.9899703860282898,4.961356899002567e-05,0.008776235394179821,0.0011874398915097117,2.8339748041616986e-06,1.0132220268133096e-05,3.3792382510000607e-06
ISIC_0032302,6.382045830832794e-05,0.9998831748962402,2.4450855562463403e-05,7.349316092586378e-06,6.8017016019439325e-06,8.219504366024921e-07,1.3510476492228918e-05
ISIC_0029352,0.12239331007003784,0.8459517955780029,0.029605496674776077,0.0007944416138343513,3.56685632141307e-05,7.205234578577802e-05,0.0011472231708467007
ISIC_0028687,0.0002430282620480284,0.9915288686752319,0.005987441632896662,5.204073022468947e-05,3.4576496545923874e-05,0.002143597463145852,1.0555467270023655e-05
ISIC_0027120,5.449181844596751e-05,0.9999332427978516,2.869828904294991e-06,2.663290842974675e-06,1.4950497870813706e-06,3.6541166537062963e-06,1.5870889455982251e-06
ISIC_0032222,0.02533603273332119,0.860051691532135,0.10888504236936569,0.0005072212079539895,1.5572268239338882e-05,0.0050772554241120815,0.00012711636372841895
ISIC_0025019,0.16758108139038086,0.8314343690872192,0.0003315293288324028,8.87624264578335e-05,4.490866922424175e-05,0.0004918686463497579,2.7375202989787795e-05
ISIC_0027759,8.699608429196815e-07,0.9999839067459106,4.273356921657978e-07,2.2567219275515527e-06,6.097471327848325e-07,9.713118743093219e-06,2.2450508367910516e-06
ISIC_0024984,1.4544366422342137e-06,0.9999125003814697,2.53898565460986e-06,1.6181706087081693e-05,5.535583113669418e-06,5.461034015752375e-05,7.175809514592402e-06
ISIC_0029857,2.3595137008669553e-06,0.99945467710495,4.072237970831338e-06,5.975142812530976e-06,9.668490747571923e-06,0.0005159712745808065,7.280286808963865e-06
ISIC_0024829,9.653447250457248e-07,0.9999855756759644,1.1752844102375093e-06,6.958420271985233e-06,1.2814548426831607e-06,1.2046066331095062e-06,2.8372598990245024e-06
ISIC_0025775,2.677635677628132e-07,2.1051847909347998e-07,5.886258804821409e-07,3.711951421792037e-06,2.336473414743523e-07,0.9999943971633911,5.804591864944086e-07
ISIC_0024415,1.1875267347249974e-07,8.403192452988151e-08,1.3856155192115693e-06,1.228350811288692e-06,1.1682359399856068e-06,0.999991774559021,4.273816557542887e-06
ISIC_0032226,3.0262376071732433e-07,2.5934741643141024e-07,2.3348773083853303e-06,3.0884200441505527e-06,6.779181603633333e-06,0.9999866485595703,5.381096457313106e-07
ISIC_0029594,4.171090495219687e-07,5.60775447411288e-07,3.953872464990127e-07,4.240965608914848e-06,3.098715524174622e-07,0.9999889135360718,5.030669399275212e-06
ISIC_0027315,3.919126925211458e-07,1.316474254053901e-07,3.4857171726798697e-07,1.2126396313760779e-06,3.085362720867124e-07,0.9999972581863403,3.2836439345373947e-07
ISIC_0024364,5.6207491070381366e-06,1.4256479516916443e-06,0.0019955120515078306,3.508743247948587e-05,7.730996003374457e-07,0.9979583024978638,3.28471946886566e-06
ISIC_0026518,1.7941138139576651e-06,4.410376641317271e-05,1.2585825061250944e-05,1.5475130567210726e-05,0.1889750063419342,0.8109310269355774,2.0011359083582647e-05
ISIC_0030791,6.890734880471427e-07,5.655109021063254e-07,8.141710168274585e-07,1.3193030099500902e-05,1.827340412319245e-07,0.9999827146530151,1.744032033457188e-06
ISIC_0026768,2.431121401968994e-07,4.060899811975105e-07,2.2024431700629066e-07,4.78795254821307e-06,1.99516065890748e-07,0.9999914169311523,2.830525090757874e-06
ISIC_0024376,2.6285098897460557e-07,2.2081867427914403e-06,5.734211185881577e-07,7.063798420858802e-06,5.731728265345737e-07,0.9999879598617554,1.3008065025132964e-06
ISIC_0031486,2.3893986167422554e-07,1.095669745154737e-06,3.5654565522236226e-07,1.678236549196299e-05,2.6055752755382855e-07,0.9999781847000122,3.0292799237940926e-06
ISIC_0025723,3.900905767295626e-07,1.429634721716866e-07,2.2094478424605768e-07,1.4663756928712246e-06,2.6935700248031935e-07,0.9999967813491821,7.32910677925247e-07
ISIC_0030148,3.493209135285724e-07,7.218085897875426e-07,9.960189117919072e-07,3.34268997903564e-06,2.3371103452518582e-06,0.9999469518661499,4.536545020528138e-05
ISIC_0024979,2.588398047009832e-07,1.0185644327975751e-07,1.6610704278718913e-07,1.5729183360235766e-06,1.1743227332772221e-06,0.9999957084655762,1.0002263479691464e-06
ISIC_0027810,8.296659075313073e-07,2.646829670993611e-07,6.571859785253764e-07,2.161011934731505e-06,5.427755240816623e-06,0.9999746084213257,1.6145575500559062e-05
ISIC_0026039,1.7828098464178765e-07,2.356091215460765e-07,2.0651098964208359e-07,2.2062779407860944e-06,3.044116283490439e-07,0.9999939203262329,2.844650452971109e-06
ISIC_0025692,3.2816572570482094e-07,7.732630251666706e-07,5.411450842984777e-07,8.06345087767113e-06,8.956826604844537e-07,0.9999871253967285,2.30777072829369e-06
ISIC_0031966,8.208975827983522e-07,7.1899089562066365e-06,2.3586271424846927e-07,0.00016241843695752323,2.1735106656706193e-06,0.9998202919960022,6.936626505193999e-06
ISIC_0028889,2.561499741204898e-07,1.5707848888268927e-07,6.493706905530416e-07,2.967652108054608e-06,2.9755659625152475e-07,0.9999951124191284,6.236015792637772e-07
ISIC_0024327,1.402241451842201e-07,8.531995376870327e-08,2.1888970991312817e-07,9.51877836996573e-07,7.288729761967261e-07,0.9999960660934448,1.7820921129896306e-06
ISIC_0027339,1.7913232568389503e-06,3.1008647738417494e-07,9.050119842868298e-06,1.184004304377595e-05,1.4872296105750138e-07,0.9999727010726929,4.168647137703374e-06
ISIC_0032490,6.45549334876705e-07,1.074094839736972e-07,2.763660995697137e-05,2.279468162669218e-06,2.3506794605054893e-05,0.999944806098938,1.0199030384683283e-06
ISIC_0030573,4.081924487309152e-07,5.808273044749512e-07,1.5875655208219541e-06,1.4835826732451096e-05,1.0797143801255515e-07,0.9999808073043823,1.7554257283336483e-06
ISIC_0029293,2.744485243511008e-07,2.058688863826319e-07,3.6827012195317366e-07,2.1969128738419386e-06,4.813435680262046e-06,0.9999897480010986,2.444903884679661e-06
ISIC_0028424,3.104228767369932e-07,6.133318919410158e-08,8.908810968932812e-07,1.110182779484603e-06,2.382119419053197e-06,0.9999945163726807,7.360526410593593e-07
ISIC_0032153,1.3674730325874407e-07,2.1652138570971147e-07,7.479058581338904e-07,5.047572813055012e-06,8.59042029333068e-06,0.999983549118042,1.7348419305562857e-06
ISIC_0025201,4.100810429008561e-07,8.890036156117276e-07,3.53455334334285e-07,2.078776560665574e-05,2.56786961472244e-07,0.9999734163284302,3.931715127691859e-06
ISIC_0028682,3.921776112747466e-07,2.1786418358260562e-07,5.40803421245073e-06,2.6022848942375276e-06,3.043187177809159e-07,0.9999901056289673,9.076982792066701e-07
ISIC_0029112,2.910344392148545e-07,4.600213685534982e-07,1.8371387966453767e-07,8.17694490251597e-06,2.568107788647467e-07,0.9999890327453613,1.581321384946932e-06
ISIC_0028690,5.8481771247898e-07,6.90670560743456e-07,1.050141599989729e-05,3.2443167583551258e-06,8.482447810820304e-07,0.9999821186065674,1.995529601117596e-06
ISIC_0026914,2.5722860641508305e-07,1.0872514621951268e-07,1.5195113519439474e-05,4.847136551688891e-06,3.010305533734936e-07,0.9999772310256958,2.007754119404126e-06
ISIC_0032100,1.8816248825714865e-07,3.21927274171685e-07,4.578874097660446e-07,4.02436126023531e-06,1.862772194272111e-07,0.9999923706054688,2.4073956410575192e-06
ISIC_0025813,2.1706081554384582e-07,2.7585042516875546e-07,5.251893071545055e-07,3.3838232411653735e-06,2.736870499120414e-07,0.999994158744812,1.2992994697924587e-06
ISIC_0028862,2.9762389885945595e-07,2.0976455061827437e-07,1.2707165524261654e-06,3.0635769689979497e-06,4.2166803382315265e-07,0.9999943971633911,2.909455361077562e-07
ISIC_0029815,1.634847137665929e-07,4.995452513867349e-07,5.195944368097116e-07,3.2822881621541455e-06,3.3952571243389684e-07,0.9999938011169434,1.3046443427811028e-06
ISIC_0024544,2.3147288175096037e-07,2.660199811543862e-07,2.927084779003053e-07,4.157099283474963e-06,5.119362640471081e-07,0.9999902248382568,4.298560725146672e-06
ISIC_0028962,1.2052280453644926e-06,2.953177897779824e-07,2.3235322714754147e-06,1.1234942576265894e-05,1.838667458287091e-07,0.999982476234436,2.4073694930848433e-06
ISIC_0031638,1.9443623955339717e-07,2.392633575709624e-07,2.562728411703574e-07,7.513011951232329e-06,4.084315605723532e-07,0.9999902248382568,1.2090653171981103e-06
ISIC_0026562,1.6342718822670577e-07,1.5741900938337494e-07,2.688721849608555e-07,5.967107767901325e-07,9.196721180160239e-07,0.999997615814209,2.718890357300552e-07
ISIC_0032011,2.1026053786954435e-07,2.78938586006916e-07,5.563287004406448e-07,1.5768638377267052e-06,4.857622002418793e-07,0.9999957084655762,1.2693229791693739e-06
ISIC_0030308,1.4815592294326052e-05,2.8191909677843796e-06,0.0012336989166215062,1.6741523722885177e-06,0.00021672168804798275,0.9985283613204956,1.8958586451844894e-06
ISIC_0027124,2.0418066526417533e-07,3.3646367114670284e-07,1.477050801668156e-07,1.6843636103658355e-06,1.0991147973982152e-06,0.9999942779541016,2.249227236461593e-06
ISIC_0025366,1.7274822994295391e-06,2.2667676091714384e-07,6.242651579668745e-05,1.782308345354977e-06,7.581205068163399e-07,0.9999313354492188,1.7504843299320783e-06
ISIC_0028539,1.8438544202581397e-07,1.202763257879269e-07,4.7571547838742845e-06,4.038933809624723e-07,8.712075327821367e-07,0.9999920129776001,1.638313051444129e-06
ISIC_0031777,1.4884614074617275e-07,4.639491635316517e-07,5.593456080532633e-07,3.1012098133942345e-06,2.5528291303089645e-07,0.9999938011169434,1.6778026292740833e-06
ISIC_0028007,3.3437962088100903e-07,4.394837844756694e-07,4.096517614016193e-07,1.8742246538749896e-05,2.3545892702259152e-07,0.9999769926071167,2.7884150313184364e-06
ISIC_0025794,1.600738954721237e-07,1.3887607508422661e-07,6.233634053387505e-07,1.2873385912826052e-06,4.775884576702083e-07,0.9999946355819702,2.7122514438815415e-06
ISIC_0028137,3.742545970908395e-07,3.80179812964343e-07,1.1168875744260731e-06,4.998039003112353e-06,1.305861445644041e-07,0.9999912977218628,1.7589128447070834e-06
ISIC_0032442,1.2674472316120955e-07,7.060716029627656e-07,9.447332558920607e-06,1.322627326771908e-06,2.986802769555652e-07,0.9999868869781494,1.25524195482285e-06
ISIC_0031606,3.1001121669760323e-07,5.480851541506127e-07,2.3250453295986517e-07,1.6496462194481865e-05,1.1028603694285266e-05,0.9999644756317139,6.8466010816337075e-06
ISIC_0029633,0.0014287045923992991,9.806609887164086e-05,0.4046008586883545,0.40541911125183105,0.0008252660045400262,0.1874653697013855,0.0001626955345273018
ISIC_0030880,8.019133588277327e-07,1.898400228128594e-07,1.7582660802872851e-06,1.9682727270264877e-06,3.2410134735982865e-06,0.9999896287918091,2.3632205738977063e-06
ISIC_0025041,6.268431320677337e-07,7.748592167899915e-08,1.3474399338520016e-06,2.61033233073249e-06,3.3472244354015857e-07,0.9999936819076538,1.2521513781393878e-06
ISIC_0029822,2.7655551093630493e-07,4.479313133742835e-07,3.582083252240409e-07,8.260916729341261e-06,1.8887202202222397e-07,0.9999881982803345,2.292549879712169e-06
ISIC_0028694,6.11204029610235e-07,1.2151383543823613e-06,7.52360074329772e-06,6.179810043249745e-06,1.8148434719478246e-06,0.9999805688858032,2.0744414541695733e-06
ISIC_0030536,5.578933723882074e-07,1.1175141878538852e-07,1.0087391274282709e-05,6.789847248001024e-06,1.083954884961713e-06,0.9999804496765137,8.948638878791826e-07
ISIC_0028260,1.9719277588592377e-07,2.6937533448290196e-07,2.7203051899959974e-07,6.909329840709688e-06,2.2418071239371784e-06,0.9999876022338867,2.5048188945220318e-06
ISIC_0030041,9.78312755250954e-07,2.988822984661965e-07,5.252964001556393e-06,1.8313003238290548e-06,6.220043815119425e-06,0.9999849796295166,4.5892491584709205e-07
ISIC_0029317,1.4996817299106624e-07,2.4035458068283333e-07,1.6877817188287736e-07,1.0474575447005918e-06,3.4052277442242485e-07,0.9999973773956299,6.683561650788761e-07
ISIC_0026936,1.4530378678045963e-07,2.953220814561064e-07,3.025899104613927e-07,8.776914341979136e-07,4.6916940732444345e-07,0.9999970197677612,9.963880529539892e-07
ISIC_0024868,2.2704116986460576e-07,5.144335091245011e-07,2.0501402104855515e-06,7.84853364166338e-06,1.4576700380075636e-07,0.999987006187439,2.1897637907386525e-06
ISIC_0027290,3.2041248232417274e-07,5.772261602032813e-07,2.48471707209319e-07,7.877134521550033e-06,3.718605148606002e-05,0.9999527931213379,9.644186320656445e-07
ISIC_0031035,1.3636617950396612e-06,1.349130002381571e-06,1.60225670242653e-06,0.00015823474677745253,2.8419917725841515e-05,0.9997479319572449,6.107671651989222e-05
ISIC_0029604,8.901123749183171e-08,1.3576475055288029e-07,2.0638043451981503e-07,1.095142579288222e-06,8.080293810053263e-06,0.9999899864196777,3.8682901504216716e-07
ISIC_0032426,1.3588650915608014e-07,8.593187317273987e-08,1.5227735730150016e-06,1.21970458621945e-06,6.019226361786423e-07,0.9999955892562866,8.628074397165619e-07
ISIC_0031571,1.3272706667066814e-07,1.0153890883657368e-07,1.6971074501270778e-06,1.2767579846695298e-06,4.705950971128914e-07,0.9999957084655762,6.20174546384078e-07
ISIC_0031781,2.1125663351995172e-07,1.230166049026593e-07,5.592975753643259e-07,1.1755786317735328e-06,1.8443746796492633e-07,0.999996542930603,1.1777869985962752e-06
ISIC_0025175,3.087708080329321e-07,7.892905529160998e-08,1.775236705725547e-05,2.8240401661605574e-06,5.258518740447471e-07,0.9999779462814331,4.6853131152602145e-07
ISIC_0025878,1.0206234719589702e-06,3.43418548709451e-07,5.3911485338176135e-06,5.685858013748657e-06,2.5567276679794304e-05,0.9999604225158691,1.4675213151349453e-06
ISIC_0028365,1.2102998425689293e-06,4.690933792517171e-07,6.9071293182787485e-06,2.642771733007976e-06,4.908275877824053e-05,0.9999370574951172,2.6832453841052484e-06
ISIC_0031153,3.46130605066719e-07,1.2536665394691227e-07,2.3554540007353353e-07,4.487923888518708e-06,5.840728363182279e-07,0.9999922513961792,1.934343117682147e-06
ISIC_0030658,1.2074656297045294e-07,1.7753555425770173e-07,2.9977431381666975e-07,6.711992455166182e-07,3.219896314021753e-07,0.9999972581863403,1.1951232181672822e-06
ISIC_0027591,6.010806146150571e-07,1.6715748074602743e-07,6.062250008653791e-07,1.7574815501575358e-05,4.279643519566889e-07,0.9999796152114868,1.1645698805295979e-06
ISIC_0026136,1.358645960181093e-07,1.2778983204952965e-07,2.44537147864321e-07,4.350076778791845e-07,1.842888082137506e-06,0.9999954700469971,1.665355284785619e-06
ISIC_0028921,2.0305365922013152e-07,8.940993438955047e-07,5.417077773017809e-07,3.629541652117041e-06,9.473816362515208e-07,0.999990701675415,3.0667106329929084e-06
ISIC_0031038,1.766930779467657e-07,1.528162840713776e-07,1.733839667394932e-07,1.3564471146310098e-06,3.9653403405282006e-07,0.9999955892562866,2.2742810870113317e-06
ISIC_0029211,1.726378116018168e-07,1.2072871413693065e-07,3.606036784731259e-07,1.1989635595455184e-06,3.188936545939214e-07,0.9999963045120239,1.4810462971581728e-06
ISIC_0027467,2.428517120733886e-07,8.887200664275952e-08,1.2711450381175382e-07,5.216692215981311e-07,6.630262760154437e-06,0.9999905824661255,1.7901887758853263e-06
ISIC_0026659,1.9677371199122717e-07,1.7132654761553567e-07,2.5531317078275606e-06,1.383304606861202e-06,1.554092392552775e-07,0.9999945163726807,1.0285494909112458e-06
ISIC_0032231,4.562920707940066e-07,2.4984103674796643e-07,1.3422531992546283e-06,4.399438239488518e-06,9.706943160381343e-08,0.9999916553497314,1.8489049580239225e-06
ISIC_0030547,2.633506710481015e-07,1.5750630666389043e-07,8.456565296910412e-07,6.246673365239985e-06,2.3684124528244865e-07,0.9999903440475464,2.0404272618179675e-06
ISIC_0025947,2.0798945854494377e-07,1.1938841737446637e-07,1.5590100588269706e-07,6.160203724903113e-07,1.4449025229623658e-06,0.9999971389770508,3.2124211202244624e-07
ISIC_0025559,1.418263309460599e-05,7.931225241009088e-07,0.00018122460460290313,0.00019595296180341393,3.4664080885704607e-06,0.9995889067649841,1.5498470020247623e-05
ISIC_0026460,5.077814080323151e-07,1.5494802596549562e-07,2.1922405721852556e-06,1.240238816535566e-06,5.948812713540974e-07,0.9999949932098389,4.4291081735536864e-07
ISIC_0031250,3.16162356739369e-07,4.470218755159294e-07,9.126407007897797e-07,6.828127879998647e-06,1.6875715402875358e-07,0.9999891519546509,2.1726632439822424e-06
ISIC_0030519,2.1166275132600276e-07,1.2120374321966665e-06,2.087255234073382e-05,2.363827206863789e-06,4.771004000758694e-07,0.9999744892120361,3.540241664268251e-07
ISIC_0025003,1.8878802166000241e-07,1.0302946407136915e-07,3.211585806184303e-07,1.9476417492114706e-06,2.696403953450499e-07,0.9999964237213135,7.818124458935927e-07
ISIC_0028660,1.455315725706896e-07,2.864906321065064e-07,1.8351529718074744e-07,2.803591087285895e-06,3.6560507510330353e-07,0.9999955892562866,6.107313765824074e-07
ISIC_0030955,2.69274039510492e-07,2.830304026701924e-07,4.55784288533323e-07,5.561099897022359e-06,1.6953580939116364e-07,0.9999920129776001,1.3072461797491997e-06
ISIC_0027472,2.2739658334103297e-07,2.853702198990504e-07,8.007691576494835e-08,2.5227427613572218e-06,3.6607214042305714e-06,0.999992847442627,4.020843391572271e-07
ISIC_0029305,4.260820389845321e-07,1.0640405179174195e-07,2.0815357402170775e-06,5.171856173546985e-06,3.055284309994022e-07,0.9999909400939941,9.650220818002708e-07
ISIC_0024944,2.1935225049674045e-06,1.9801797179752612e-07,1.8801913029165007e-05,1.8827527128451038e-06,0.019908472895622253,0.9800671935081482,1.2588943718583323e-06
ISIC_0028813,9.457018563807651e-07,5.524798751821436e-08,3.020845042556175e-06,5.2228733693482354e-06,1.3773094906355254e-05,0.9999765157699585,4.885887960881519e-07
ISIC_0027482,1.9311572430069646e-07,7.063787421657253e-08,8.531641810805013e-07,6.899231266288552e-07,1.9241779227741063e-06,0.9999951124191284,1.0418114015919855e-06
ISIC_0026320,3.5426842259767e-07,4.645352760235255e-07,2.494415696219221e-07,2.8831689633079804e-05,4.7678616965640686e-07,0.9999650716781616,4.497785084822681e-06
ISIC_0031797,1.2844111552112736e-07,2.514481423077086e-07,5.706360298063373e-06,4.272280875738943e-06,1.449918158868968e-06,0.9999872446060181,9.061915307029267e-07
ISIC_0026114,4.2821230294975976e-07,2.90306900296855e-07,1.3712245845454163e-06,5.195382186684583e-07,4.601106695645285e-07,0.9999961853027344,8.71939221269713e-07
ISIC_0024964,2.4050126512520364e-07,5.841472372480894e-08,2.7608748496277258e-06,2.007428292927216e-06,4.945087493979372e-05,0.9999418258666992,3.6555911719915457e-06
ISIC_0028939,4.764069672091864e-07,4.5063558218316757e-07,4.547983962766011e-07,2.2787302441429347e-05,1.1327188076393213e-07,0.9999724626541138,3.2301857118000044e-06
ISIC_0026361,4.402094759825559e-07,2.1461340793393902e-07,2.0999275420763297e-06,3.377170651219785e-05,5.779093044111505e-07,0.9999606609344482,2.276384520882857e-06
ISIC_0028102,1.1605886385268604e-07,3.602778804179252e-07,4.468951715352887e-07,2.048490614470211e-06,5.444201747195621e-07,0.9999955892562866,8.82108338373655e-07
ISIC_0030332,2.746513700913056e-07,1.4400731629393704e-07,4.140775217820192e-06,3.587207629607292e-06,5.292675382406742e-07,0.9999904632568359,9.340884616904077e-07
ISIC_0029300,3.204401537004742e-06,1.1303866358503e-06,1.343076974080759e-06,1.0209364518232178e-05,0.9883255958557129,0.011636728420853615,2.1889549316256307e-05
ISIC_0027575,1.1774026233979384e-06,9.294429332840082e-07,4.0541941416449845e-05,2.5460109100094996e-05,1.9271263340669975e-07,0.9998846054077148,4.695938332588412e-05
ISIC_0031398,3.803483821229747e-07,3.447729000072286e-07,5.923309913669073e-07,9.658184353611432e-06,3.4507948498685437e-07,0.999983549118042,5.117207820148906e-06
ISIC_0030202,1.0358013469158323e-06,2.948721942175325e-07,2.303030214534374e-06,4.5760862121824175e-05,3.2239063330052886e-07,0.9999353885650635,1.4965344234951772e-05
ISIC_0025738,1.2065878536304808e-06,3.6173341300127504e-07,3.4775473523041e-06,1.0599867891869508e-05,8.589145181758795e-06,0.9999637603759766,1.202786916110199e-05
ISIC_0026201,2.6640125838639506e-07,6.835007582139951e-08,2.9306906412784883e-07,1.3183865803512163e-06,1.3524638688977575e-06,0.9999958276748657,8.71327074492001e-07
ISIC_0025359,3.500175864701305e-07,1.4670030168417725e-07,3.2532348086533602e-06,1.459620079913293e-06,2.402635573162115e-06,0.9999891519546509,3.3407500268367585e-06
ISIC_0025246,2.7017483716917923e-07,4.262734591975459e-07,2.9384003141785797e-07,4.657696990761906e-06,4.564919606764306e-07,0.9999909400939941,2.8868630579381716e-06
ISIC_0031018,3.9384684669130365e-07,1.283473949342806e-07,7.333298981393455e-07,3.9207443478517234e-06,3.403159496428998e-07,0.9999935626983643,8.62767819853616e-07
ISIC_0029708,2.718712721616612e-07,3.0269930562099034e-07,2.209829062849167e-06,3.784624141189852e-06,1.0766277114271361e-07,0.9999922513961792,1.0036235380539438e-06
ISIC_0027111,3.596508122427622e-07,2.9051258820800285e-07,1.3099779607728124e-06,4.600427018885966e-06,1.0856469856435069e-07,0.9999920129776001,1.3528533600037917e-06
ISIC_0031504,3.9065298551577143e-07,2.1583816760539776e-06,9.285301530326251e-06,7.067092610668624e-06,7.549332394773955e-07,0.9999783039093018,2.13652174352319e-06
ISIC_0031523,1.464993943045556e-06,1.2915019169668085e-06,0.0005676111904904246,6.632159511354985e-06,4.234306345551886e-07,0.9994194507598877,3.103889412159333e-06
ISIC_0024379,1.3287623232827173e-06,3.1900728458822414e-07,1.5867874481045874e-06,1.0795021808007732e-05,8.94521917871316e-07,0.9999825954437256,2.3701941245235503e-06
ISIC_0027605,1.745314364143269e-07,1.661489790194537e-07,3.704434732298978e-07,4.9548812057764735e-06,4.6064550929258985e-07,0.9999915361404419,2.379698571530753e-06
ISIC_0025390,1.8262211369801662e-06,1.2349419193924405e-06,1.1383780474716332e-05,1.2818086361221503e-05,2.4150413082679734e-06,0.9999426603317261,2.7644800866255537e-05
ISIC_0030237,3.246434516768204e-07,2.3239954316522926e-07,5.122963671055913e-07,3.5045584354520543e-06,3.4510657087594154e-07,0.9999934434890747,1.6336597354893456e-06
ISIC_0027108,2.8151728770353657e-07,5.543770384974778e-07,3.7554306686615746e-07,2.542076981626451e-05,5.984381914458936e-07,0.9999643564224243,8.360317224287428e-06
ISIC_0032241,4.065070982051111e-07,1.3173695379009587e-06,4.0712129134590214e-07,5.799113296234282e-06,1.0459509525162503e-07,0.9999890327453613,2.850589226000011e-06
ISIC_0031367,1.0942558219539933e-06,1.0909572978334836e-07,5.346877060219413e-06,3.7797196910105413e-06,4.1876941736518347e-07,0.9999886751174927,5.536535923056363e-07
ISIC_0024835,1.972735645949797e-07,1.7386443005307228e-06,2.3297880602513032e-07,1.2225338650750928e-05,4.740265069358429e-07,0.9999823570251465,2.6301536308892537e-06
ISIC_0031231,5.733064085688966e-07,2.313625060423874e-07,3.7537441244239744e-07,2.0387442418723367e-06,2.6394320684630657e-07,0.9999958276748657,7.193821716100501e-07
ISIC_0027871,2.355406962806228e-07,6.017439204697439e-07,3.018800782683684e-07,5.597475137619767e-06,1.5146470389026945e-07,0.9999856948852539,7.461695076926844e-06
ISIC_0024661,1.208062627711115e-07,5.562419858051726e-08,2.751875626927358e-06,1.5319124031520914e-06,9.853852134256158e-07,0.9999938011169434,8.13629696949647e-07
ISIC_0030481,1.2471051604734384e-06,4.690607227075816e-07,1.3296626093506347e-06,2.6292798338545254e-06,3.0864370614835934e-07,0.9999837875366211,1.0199949429079425e-05
ISIC_0025877,4.4703210733132437e-07,2.770581204458722e-07,3.9329336232185597e-07,5.912572305533104e-06,2.3737213439289917e-07,0.9999910593032837,1.6839857153172488e-06
ISIC_0030509,4.070513170972845e-07,3.363524854194111e-07,3.7599380675601424e-07,1.039236735778104e-06,2.818406414917263e-07,0.999996542930603,1.019874162011547e-06
ISIC_0024641,3.596717590426124e-07,3.5969236478194944e-07,1.236688973449418e-07,8.029795026232023e-06,5.013015424992773e-07,0.999988317489624,2.2953699954086915e-06
ISIC_0028711,6.46716898700106e-07,1.1649083120346404e-07,1.3300366390467389e-06,1.2987097761651967e-06,4.6609710580014507e-07,0.9999951124191284,1.0330920758860884e-06
ISIC_0026364,1.7317198341970652e-07,1.204655291076051e-07,5.525708957065945e-07,6.374394843078335e-07,2.50141994229125e-07,0.9999977350234985,5.220362027102965e-07
ISIC_0032188,4.216925901801005e-07,3.507221606469102e-07,5.07241963987326e-07,6.285356903390493e-06,1.6836646921092324e-07,0.9999868869781494,5.362539468478644e-06
ISIC_0024816,8.650263083609389e-08,1.202501351826868e-07,4.210431825413252e-07,2.8960112103959545e-06,6.199602466949727e-07,0.9999953508377075,5.58674742023868e-07
ISIC_0031820,3.178034830852994e-07,1.827980753432712e-07,7.4542722359183244e-06,4.2765846046677325e-06,2.542546724271233e-07,0.9999812841415405,6.2168005570129026e-06
ISIC_0029436,4.562096478366584e-07,2.5627724653531914e-07,1.538386095489841e-05,8.297720341943204e-06,0.00019276289094705135,0.9997766613960266,6.162520094221691e-06
ISIC_0028770,2.4013013444346143e-07,2.4414831045760366e-07,2.2525634335579525e-07,3.3893486488523195e-06,2.859766823348764e-07,0.9999948740005493,7.893585234342027e-07
ISIC_0032108,2.3589775821619696e-07,1.402609655087872e-07,1.6177844486264803e-07,9.779059837455861e-07,1.7705766595099703e-06,0.9999954700469971,1.270720417778648e-06
ISIC_0024744,1.5416496523812384e-07,3.3865401860566635e-07,3.4649062286007393e-07,3.365883685546578e-06,1.7870100066375016e-07,0.9999942779541016,1.3877162245989894e-06
ISIC_0026173,5.712015536118997e-07,1.3174057755804824e-07,8.646158562441997e-07,1.6296269677695818e-05,6.040655762262759e-07,0.9999798536300659,1.6268015770037891e-06
ISIC_0026227,3.030052369012992e-07,6.762737143617414e-07,1.4845409168628976e-07,2.0613073502318002e-05,5.429490101960255e-07,0.9999752044677734,2.47803473030217e-06
ISIC_0026696,7.236604915306089e-07,2.444828339775995e-07,6.667283400929591e-07,7.97181019152049e-06,1.438265826436691e-07,0.9999887943267822,1.4595011634810362e-06
ISIC_0024585,2.6463717972546874e-07,2.072058293833834e-07,4.795073209606926e-07,2.8407364425220294e-06,1.4816767190950486e-07,0.999994158744812,1.7956377860173234e-06
ISIC_0029189,1.3911724181525642e-06,9.588069360688678e-07,4.2755260665217065e-07,5.1021263061556965e-05,0.004553583450615406,0.995175838470459,0.00021676602773368359
ISIC_0030518,2.6593872348712466e-07,1.9636206616269192e-07,6.341510925267357e-07,1.398332642565947e-06,2.2320787707030831e-07,0.999996542930603,6.689664928671846e-07
ISIC_0026308,2.938118086603936e-07,3.451815189237095e-07,2.3578223817821709e-07,3.5534608286980074e-06,2.710275452955102e-07,0.9999940395355225,1.2213263289595488e-06
ISIC_0029167,7.994526640686672e-08,1.2992779829801293e-07,2.3179745767265558e-07,7.753162662993418e-07,5.827254767609702e-07,0.9999972581863403,9.248769288205949e-07
ISIC_0028208,4.1138805499940645e-06,1.1729950983863091e-06,0.00025587136042304337,6.249547823244939e-06,1.5230988310577231e-06,0.9997256398200989,5.418651653599227e-06
ISIC_0024559,4.5964864625602786e-07,1.3989283331738989e-07,5.149853450348019e-07,1.4747283785254695e-06,6.822297677899769e-07,0.9999938011169434,2.983476861118106e-06
ISIC_0029312,7.334447786888632e-07,2.0586146831647056e-07,1.0665621630323585e-05,3.81036511498678e-06,9.903412490075425e-08,0.9999833106994629,1.0943823554043774e-06
ISIC_0030545,3.082831199208158e-07,1.021672488832337e-07,1.3898529687139671e-06,1.025251322062104e-06,5.338183086678328e-07,0.9999945163726807,2.094374622174655e-06
ISIC_0028088,3.548329630120861e-07,3.611629608712974e-07,3.9400157447744277e-07,4.758187060360797e-06,1.4786265012389777e-07,0.9999905824661255,3.4418972063576803e-06
ISIC_0026884,7.72725798015017e-06,2.710713715714519e-07,8.288101867037767e-07,8.20743662188761e-06,1.125223889175686e-06,0.9999792575836182,2.6181505745626055e-06
ISIC_0030380,5.505278863893182e-07,7.955582503882397e-08,6.641260483775113e-07,1.2703573020189651e-06,1.6523226520348544e-07,0.9999967813491821,4.6380318963201717e-07
ISIC_0025017,6.296440346886811e-07,2.907611076352623e-07,1.9628846814612189e-07,1.3688201761397067e-05,1.716259845352397e-07,0.9999821186065674,2.954197952931281e-06
ISIC_0029456,2.618375845031551e-07,2.492412534138566e-07,4.675908655826788e-07,2.7220635274716187e-06,3.3518583109071187e-07,0.999995231628418,7.497770297959505e-07
ISIC_0031055,1.0830000292116893e-06,5.472044790622022e-07,6.591999863303499e-06,1.1841092600661796e-05,2.864165935534402e-07,0.9999717473983765,7.889779226388782e-06
ISIC_0029088,2.3531359261141915e-07,9.646803533769344e-08,5.147442720954132e-07,2.7230125851929188e-06,2.1507569272216642e-06,0.9999909400939941,3.2882910545595223e-06
ISIC_0026953,2.3707632124114753e-07,3.668164652026462e-07,2.6877052050622297e-07,6.0287870837782975e-06,3.9427180809070705e-07,0.9999904632568359,2.2182157408678904e-06
ISIC_0030866,2.194046260228788e-07,1.6343125253115431e-07,2.6238291184199625e-07,2.1838643533556024e-06,2.6223960958304815e-07,0.9999958276748657,1.122325215874298e-06
ISIC_0025919,1.8357637543431338e-07,1.7799720808397979e-07,1.8783156008339574e-07,3.3391306715202518e-06,1.2703666243396583e-06,0.9999926090240479,2.347877853026148e-06
ISIC_0026240,1.3123130315761955e-07,1.1774789498986138e-07,1.0778230574715053e-07,1.4544036730512744e-06,3.2624930099700578e-06,0.9999938011169434,1.1234859584874357e-06
ISIC_0031693,4.2263198452019424e-07,4.018692720819672e-07,6.29408873464854e-07,1.1772105608542915e-05,1.8419456182527938e-07,0.9999842643737793,2.28785143008281e-06
ISIC_0029264,4.792026402355987e-07,2.9512435162359907e-07,3.3658564007055247e-06,6.298775588220451e-06,1.1710274350207328e-07,0.9999833106994629,6.223896434676135e-06
ISIC_0025449,1.6026700677684858e-07,4.848749881602998e-07,5.410780659076408e-07,2.731257382038166e-06,2.1000222716338612e-07,0.9999948740005493,1.0274715123159694e-06
ISIC_0024977,3.2844235420270707e-07,2.955255240522092e-07,3.684583305130218e-07,1.9822612102871062e-06,3.0351770874403883e-07,0.999995231628418,1.553119432173844e-06
ISIC_0031785,9.025541913842972e-08,6.203114253366948e-07,1.744017907867601e-07,3.7887448343099095e-06,4.3023518969675933e-07,0.9999932050704956,1.6825124475872144e-06
ISIC_0024796,1.3433238166271622e-07,2.8037081278853293e-07,2.679471720057336e-07,5.032317403674824e-06,3.7155996324145235e-07,0.9999921321868896,1.8220440551885986e-06
ISIC_0027056,3.9025783848956053e-07,6.886141790118927e-08,4.253478493865259e-07,2.0296836282795994e-06,2.795674163280637e-06,0.9999934434890747,7.440501690325618e-07
ISIC_0027994,1.302849597095701e-07,1.455052114351929e-07,8.678203812451102e-06,1.4020371281731059e-06,1.0677208592824172e-06,0.9999880790710449,4.902050818600401e-07
ISIC_0024974,1.0430643442305154e-06,4.835388835999765e-07,1.0984612117681536e-06,1.4004043805471156e-05,9.072249440578162e-08,0.9999802112579346,3.143102276226273e-06
ISIC_0027936,4.564233506698656e-07,2.5323214458694565e-07,1.5641724075976526e-06,1.969843106053304e-05,1.5618329030075984e-07,0.9999750852584839,2.8669974199146964e-06
ISIC_0028535,1.4891250543769274e-07,3.08708990814921e-07,1.735145644943259e-07,1.3504522939911112e-06,4.848436674365075e-07,0.9999970197677612,4.762846685935074e-07
ISIC_0029226,1.740187087762024e-07,1.1834834623414281e-07,2.6553834686637856e-06,8.529528940925957e-07,2.9681774549317197e-07,0.9999953508377075,5.569984864450817e-07
ISIC_0027799,5.087171643936017e-07,3.1916843568069453e-07,2.515546100312349e-07,1.1160410394950304e-05,1.6711376815692347e-07,0.9999860525131226,1.4781737718294607e-06
ISIC_0024960,8.450230666312564e-07,3.547731068920257e-07,6.97354550993623e-07,4.739013547805371e-06,8.601325873769383e-08,0.9999924898147583,7.444498351105722e-07
ISIC_0026200,5.824661570841272e-07,1.9651156435429584e-07,4.5712035898759495e-06,3.5009645671379985e-06,6.933539680176182e-07,0.9999860525131226,4.453433575690724e-06
ISIC_0030781,2.0232764086358657e-07,1.330200092297673e-07,1.4884582810736902e-07,7.978065355018771e-07,1.377860485263227e-06,0.9999964237213135,9.198026873491472e-07
ISIC_0026109,6.828502137068426e-07,5.370316102926154e-06,7.138418141039438e-07,2.4592586669314187e-06,4.0701812054066977e-07,0.9999873638153076,2.983745162055129e-06
ISIC_0024362,4.1135845663120563e-07,1.6607755526365509e-07,6.41699102743587e-07,2.3664463242312195e-06,3.481319197362609e-07,0.9999946355819702,1.501987185292819e-06
ISIC_0029992,2.9910415833001025e-07,2.2215708384010213e-07,4.027328373013006e-07,4.844734576181509e-06,2.579846238859318e-07,0.9999927282333374,1.2442626484698849e-06
ISIC_0028902,5.392960815697734e-07,3.7086175552758505e-07,3.8566463445022237e-07,4.627377620636253e-06,2.287213334284388e-07,0.9999918937683105,1.9336710010975366e-06
ISIC_0027119,1.009524112305371e-06,7.542977442653864e-08,1.7807379890655284e-06,3.099167770415079e-06,1.3921173376729712e-05,0.9999759197235107,4.200738658255432e-06
ISIC_0026678,1.8883050870499574e-05,9.88835154203116e-07,2.0306873693698435e-07,1.6772388562458218e-06,2.6451498342794366e-06,0.9999734163284302,2.248521923320368e-06
ISIC_0025183,5.652923960042244e-07,4.1694130459291046e-07,9.26981670090754e-07,1.826866878218425e-06,3.505029440020735e-07,0.9999891519546509,6.8284007284091786e-06
ISIC_0028275,5.524758535102592e-07,4.1815653162302624e-07,9.081405210054072e-07,1.0268801815982442e-05,2.9178085014791577e-07,0.9999755620956421,1.199434518639464e-05
ISIC_0032083,3.2737816013650445e-07,3.456407853263954e-07,3.605156280173105e-07,2.457589971527341e-06,3.263513406182028e-07,0.999995231628418,9.44779344536073e-07
ISIC_0028284,3.093680334131932e-07,3.5955045518676343e-07,5.93213599131559e-07,1.49009274537093e-05,2.1215723222667293e-07,0.9999799728393555,3.5991599816043163e-06
ISIC_0027857,2.584181686415832e-07,2.5328245101263747e-07,1.9145345220294985e-07,1.0949155466732918e-06,6.164253250062757e-07,0.9999972581863403,4.010253178421408e-07
ISIC_0026708,4.60880670516417e-07,9.719542504171841e-08,7.026894195405475e-07,8.735499932299717e-07,1.91321464626526e-06,0.9999955892562866,4.2475167560951377e-07
ISIC_0027257,1.068848860086291e-06,7.156495848903432e-05,6.802691814300488e-07,2.117224175890442e-05,2.0187440895824693e-05,0.9998834133148193,1.8438717006574734e-06
ISIC_0028603,5.536002731787448e-07,7.125111665118311e-07,5.055950964560907e-07,1.5923493265290745e-05,1.931292246126759e-07,0.9999802112579346,1.797348204490845e-06
ISIC_0026537,4.212633086808637e-07,2.531849077058723e-07,2.311080606887117e-06,8.098896273622813e-07,2.623670525281341e-07,0.9999945163726807,1.4582935818907572e-06
ISIC_0029307,2.3696273387940892e-07,3.243885373649391e-07,4.6359619432223553e-07,2.41068437389913e-06,3.00380861517624e-07,0.9999947547912598,1.5339619494625367e-06
ISIC_0025147,2.464896624587709e-07,1.5249645457515726e-07,7.099372965058137e-07,1.4168966799843474e-06,2.570229753473541e-07,0.9999966621398926,5.38569338459638e-07
ISIC_0027417,6.564559953403659e-07,2.2547800426764297e-07,3.842169462586753e-07,1.908499370983918e-06,7.975887683642213e-07,0.9999942779541016,1.753615492816607e-06
ISIC_0031296,4.4597240389521176e-07,5.269246798889071e-07,3.7629752114298753e-07,1.1177630767633673e-05,2.454742684676603e-07,0.9999856948852539,1.577788111717382e-06
ISIC_0025137,2.6175172251896583e-07,2.2932120202767692e-07,1.785788441566183e-07,2.9354539492487675e-06,8.004454912224901e-07,0.9999933242797852,2.164521447411971e-06
ISIC_0032049,1.671375287060073e-07,1.988664735108614e-07,2.4265131060019485e-07,8.630938168607827e-07,3.139496982385026e-07,0.9999974966049194,6.87606075189251e-07
ISIC_0028193,2.114504979999765e-07,7.867454598908807e-08,8.307545158459106e-07,3.1272497835743707e-06,5.279252377476951e-07,0.9999945163726807,6.401904215636023e-07
ISIC_0027895,9.585730822436744e-07,8.206900474760914e-07,6.070874860597542e-07,4.172598710283637e-05,2.4944750975919305e-07,0.9999469518661499,8.641097338113468e-06
ISIC_0024685,6.448149747484422e-07,4.7015601012390107e-07,5.080879645902314e-07,1.9997605704702437e-05,4.884337840849184e-07,0.9999719858169556,5.852064987266203e-06
ISIC_0027259,4.169286285105045e-07,4.444395642622112e-07,3.2064153288047237e-07,1.6513256923644803e-05,2.511096909074695e-06,0.9999711513519287,8.49877960718004e-06
ISIC_0027409,4.3530499738153594e-07,2.355410060772556e-06,3.814166689153353e-07,4.223275391268544e-05,3.8033644500501396e-07,0.9999425411224365,1.17100771603873e-05
ISIC_0031775,4.286024477551109e-07,3.5504072570802236e-07,1.3177336199987622e-07,5.122789389133686e-06,6.087621500228124e-07,0.9999903440475464,2.9488039672287414e-06
ISIC_0029864,3.48178019748957e-07,2.7684700398822315e-07,4.863340450356191e-07,1.489350665906386e-06,5.644426437356742e-07,0.9999897480010986,7.191744771262165e-06
ISIC_0031679,1.1878422156996749e-07,1.4458954922247358e-07,8.14331713172578e-07,1.1330033657941385e-06,1.4219139075066778e-06,0.999994158744812,2.1397061118477723e-06
ISIC_0030073,2.3521508296653337e-07,2.788388258068153e-07,9.7791826192406e-07,8.606038136349525e-06,4.2232733221680974e-07,0.999987006187439,2.5720598841871833e-06
ISIC_0024720,2.438490298573015e-07,4.4030170442965755e-07,3.153726311211358e-06,1.7807044059736654e-05,1.0286485121469013e-05,0.9999594688415527,8.577419066568837e-06
ISIC_0026977,2.9205651230768126e-07,7.094067200341669e-07,3.983139436058991e-07,5.442725978355156e-06,3.124729630599177e-07,0.9999899864196777,2.8042413759976625e-06
ISIC_0031635,3.610491376093705e-06,1.2234535518018674e-07,3.573042022253503e-06,4.180126779829152e-06,2.3713719201623462e-05,0.9999638795852661,9.410826464772981e-07
ISIC_0025875,2.296648062838358e-07,2.6451706958141585e-07,2.1667925409474265e-07,8.689296919328626e-06,3.0701994546689093e-07,0.9999895095825195,7.936591259749548e-07
ISIC_0030897,2.8268391361052636e-07,2.9495933517864614e-07,8.409231213590829e-07,1.7050477936209063e-06,1.203097781399265e-07,0.9999953508377075,1.458076440030709e-06
ISIC_0029510,8.006443863450841e-07,2.9387299491645535e-06,2.3009979486232623e-06,6.17522118773195e-06,5.845759005751461e-07,0.9999853372573853,1.82158692041412e-06
ISIC_0030220,4.811140001947933e-07,6.11258769822598e-07,1.2889928768800019e-07,8.714803698239848e-06,3.801568198014138e-07,0.9999871253967285,2.5465155886195134e-06
ISIC_0025241,5.194130494601268e-07,2.3642523672151583e-07,9.605523700884078e-07,1.6473258028781856e-06,2.49052220624435e-07,0.9999936819076538,2.640100092321518e-06
ISIC_0024568,8.053326610024669e-07,4.493535357141809e-07,4.552048267214559e-07,5.989043984300224e-06,3.450436167895532e-07,0.9999864101409912,5.521250386664178e-06
ISIC_0025658,2.833789949363563e-07,1.9518506633176003e-07,5.495541017808137e-07,2.0714990114356624e-06,5.774181204287743e-07,0.9999945163726807,1.8487481838747044e-06
ISIC_0029806,2.525144395804091e-07,6.225331503628695e-07,3.4898172884823e-07,5.909766059630783e-06,2.4238357809736044e-07,0.9999884366989136,4.129043190914672e-06
ISIC_0024427,2.5565066152921645e-07,5.113737415740616e-07,1.486197561462177e-06,2.877439101212076e-06,2.420347584575211e-07,0.9999932050704956,1.506667672401818e-06
ISIC_0029542,1.6470943364765844e-06,1.294629100812017e-06,5.192625394556671e-06,1.0583543371467385e-05,2.63183437709813e-07,0.9999722242355347,8.70537041919306e-06
ISIC_0029485,3.3531460985614103e-07,2.4297904133163684e-07,3.346817152305448e-07,3.511646355036646e-06,3.774633796638227e-07,0.9999940395355225,1.246631654794328e-06
ISIC_0029788,2.2764460538837739e-07,1.2518263758920511e-07,2.370701253084917e-07,1.3162494951757253e-06,1.1721029977707076e-06,0.9999958276748657,1.0754171171356575e-06
ISIC_0031525,4.4049005509805284e-07,1.0169642905566434e-07,1.682586116658058e-06,3.3493254250061e-06,2.6810616304828727e-07,0.9999932050704956,9.88378587862826e-07
ISIC_0026191,1.0526171081437496e-06,1.7212246348208282e-06,1.6881529518286698e-05,0.0007482444052584469,1.305527621298097e-05,0.9992122650146484,6.712779850204242e-06
ISIC_0029595,5.308217509991664e-07,2.3774344981575268e-07,8.347710718226153e-07,1.7423659528503777e-06,2.047558211870637e-07,0.9999939203262329,2.455813046253752e-06
ISIC_0024990,3.4709117358033836e-07,1.686746458062771e-07,5.915508722864615e-07,4.4515927584143355e-06,2.3958509132171457e-07,0.9999932050704956,1.1425792081354302e-06
ISIC_0026536,2.1877900735489675e-07,1.47418745655159e-07,1.9799712447365891e-07,2.4622404453111812e-06,5.963750595583406e-07,0.9999955892562866,7.802996151440311e-07
ISIC_0026007,2.0206148576562555e-07,8.239113640229334e-07,2.683579225504218e-07,1.1701657740559313e-06,5.342714644029911e-07,0.9999963045120239,6.599505582016718e-07
ISIC_0024311,1.7268340002374316e-07,3.590998289837444e-07,4.325407587657537e-07,2.2900353542354424e-06,3.0114998139652016e-07,0.9999942779541016,2.183717015213915e-06
ISIC_0026838,3.9204380186674825e-07,5.780846095149172e-07,6.902330369484844e-07,5.067216989118606e-06,1.035438899066321e-07,0.9999892711639404,3.7849665659450693e-06
ISIC_0031348,1.5496647165491595e-07,1.766728843222154e-07,2.583435900760378e-07,8.006329039744742e-07,3.431350137361733e-07,0.999997615814209,7.224367664093734e-07
ISIC_0027439,6.142921620266861e-07,4.733324772132619e-07,1.1490735687402776e-06,2.4556824428145774e-05,9.738938615555526e-07,0.9999687671661377,3.4716067602857947e-06
ISIC_0029225,3.8152813885972137e-07,4.260940897893306e-07,1.0864539490285097e-06,1.480683931731619e-05,5.490967396326596e-07,0.9999810457229614,1.680896275502164e-06
ISIC_0026461,4.6558790245398995e-07,7.413537872480447e-08,3.2556558835494798e-06,6.49870003144315e-07,3.972920126216195e-07,0.9999949932098389,1.9855215782627056e-07
ISIC_0026184,3.111805426669889e-07,2.2214076977888908e-07,9.75273223957629e-07,4.436570634425152e-06,5.206941864344117e-07,0.999991774559021,1.7114390402639401e-06
ISIC_0024874,2.690324436116498e-06,5.089644037070684e-05,6.734948328812607e-06,4.052886652061716e-05,7.507253485528054e-06,0.9855962991714478,0.014295403845608234
ISIC_0031427,8.074556490100804e-07,2.5005615498230327e-06,1.4086440387472976e-06,3.567909516277723e-05,2.8039607968821656e-07,0.9999487400054932,1.0573538929747883e-05
ISIC_0026975,1.8251621725084988e-07,2.098089879609688e-07,4.0604982132208534e-07,9.830334420257714e-06,3.4686465255617804e-07,0.9999878406524658,1.2396599231578875e-06
ISIC_0027720,2.132708232238656e-07,3.038891804862942e-07,1.488186143205894e-07,2.2330211777443765e-06,4.821663424081635e-07,0.9999947547912598,1.7974841739487601e-06
ISIC_0024780,2.1273025652135402e-07,3.4588751418596075e-07,5.171990551389172e-07,8.671260729897767e-06,2.43460249294003e-07,0.9999878406524658,2.160150188501575e-06
ISIC_0025560,2.632528151025326e-07,4.0917018395703053e-07,3.4308752105971507e-07,2.7393409709475236e-06,4.602359240379883e-07,0.9999936819076538,2.1835201096109813e-06
ISIC_0030612,2.9530383471865207e-07,4.606955599228968e-07,1.4884915344737237e-06,4.583009740599664e-06,2.597848549612536e-07,0.9999886751174927,4.2866777221206576e-06
ISIC_0024950,4.119122252177476e-07,8.047938990785042e-07,2.8181002562632784e-06,2.8640190521400655e-06,1.495272954343818e-07,0.9999876022338867,5.266968400974292e-06
ISIC_0026002,2.5880467546812724e-07,1.7529112028569216e-07,1.1273075415374478e-06,1.013830569718266e-06,2.3257715042745986e-07,0.9999964237213135,7.837354587536538e-07
ISIC_0028850,2.8558869757944194e-07,1.5692712906911765e-07,2.889633776703704e-07,2.376606971665751e-06,2.2007003508406342e-07,0.9999961853027344,5.630349733110052e-07
ISIC_0024625,1.3916769603383727e-07,7.216427633238709e-08,2.5389184088453476e-07,4.850916184295784e-07,1.3684151781490073e-05,0.9999847412109375,6.349200134536659e-07
ISIC_0032196,3.3571623703210207e-07,4.518986145285453e-07,4.139213558573829e-07,6.097845925978618e-06,9.670835652286769e-07,0.9999866485595703,5.102628165332135e-06
ISIC_0024939,1.1845914968944271e-06,7.049167720651894e-07,9.070857345250261e-07,4.6695422497577965e-06,1.9217083035982796e-07,0.9999655485153198,2.679753197298851e-05
ISIC_0024583,3.485478998754843e-07,2.4803932774375426e-06,1.4779264745357068e-07,1.2603431969182566e-05,1.0178066531807417e-06,0.9999709129333496,1.249185879714787e-05
ISIC_0029024,3.539926467510668e-07,9.274364174416405e-07,2.2883661188188853e-07,1.4411129996005911e-05,2.783017691854184e-07,0.9999817609786987,2.0117265648877947e-06
ISIC_0027349,4.498926386986568e-07,1.1352828721555852e-07,5.075599801784847e-06,8.087702667580743e-07,9.944700650521554e-06,0.9999799728393555,3.6369801819091663e-06
ISIC_0027013,5.076673801340803e-07,1.2093960322090425e-07,2.531475047362619e-07,1.752076286720694e-06,1.1743459253921174e-06,0.9999954700469971,7.219846906991734e-07
ISIC_0029090,4.0646554566592386e-07,1.0217023600489483e-06,8.052063549257582e-07,1.2158283425378613e-05,4.674331250953401e-07,0.999981164932251,3.937831934308633e-06
ISIC_0026499,2.1142686534858512e-07,2.11280720918694e-07,7.571453863874922e-08,8.442625585303176e-07,1.0255248525936622e-06,0.9999961853027344,1.3795101949654054e-06
ISIC_0029925,2.0766414365880337e-07,1.1099104568756957e-07,1.197677903519434e-07,1.9186838926543714e-06,4.001474280812545e-06,0.9999929666519165,6.258708253881196e-07
ISIC_0025773,4.3252558157291787e-07,1.51643959611647e-07,6.089539397180488e-07,4.325505869928747e-06,1.9908068793483835e-07,0.999990701675415,3.6309684219304472e-06
ISIC_0032137,6.754088417437742e-07,1.8549387448274501e-07,5.523477852875658e-07,1.3082407122055884e-06,2.5875158371491125e-07,0.9999963045120239,7.111554509720008e-07
ISIC_0027943,1.3725380085816141e-06,1.5400418362787605e-07,2.4970531740109436e-06,1.172614884126233e-05,3.689667664730223e-07,0.9999817609786987,2.164525540138129e-06
ISIC_0025258,4.039625594032259e-07,2.483681385001546e-07,7.070750029924966e-07,2.958215645776363e-06,1.911579232682925e-07,0.9999945163726807,9.984972848542384e-07
ISIC_0025408,2.760965855941322e-07,2.9206975682427583e-07,5.445950250759779e-07,2.353616764594335e-06,3.2286624218613724e-07,0.9999943971633911,1.804093471946544e-06
ISIC_0026821,2.4295999878631847e-07,2.678505381936702e-07,4.0812810198076477e-07,7.030595838841691e-07,2.138406784979452e-07,0.999997615814209,5.113677161716623e-07
ISIC_0027081,4.0792895106278593e-07,3.39116041914167e-07,2.0546237067264883e-07,6.357477559504332e-06,4.4599266857403563e-07,0.9999910593032837,1.2011374792564311e-06
ISIC_0030215,2.3326042253302148e-07,3.461709923158196e-07,1.6717800122023618e-07,2.710159151320113e-06,1.946536087871209e-07,0.9999954700469971,8.276325047518185e-07
ISIC_0028363,2.634287170621974e-07,6.687830591545207e-07,9.3257244770939e-07,9.113061423704494e-06,2.2824441714419663e-07,0.9999864101409912,2.350099066461553e-06
ISIC_0029521,4.730362661575782e-07,5.858955205439997e-07,4.5418369154504035e-07,1.1750406883948017e-05,6.232430678210221e-07,0.9999836683273315,2.339901357117924e-06
ISIC_0032053,3.6801387182094913e-07,3.284051786067721e-07,4.160141884312907e-07,4.8711981435189955e-06,2.1298968988503475e-07,0.9999908208847046,2.938889110737364e-06
ISIC_0024434,3.4154902550653787e-07,5.378821015256108e-07,4.3249769987596665e-07,4.266800260666059e-06,1.106885321178197e-07,0.9999910593032837,3.1532183584204176e-06
ISIC_0030256,4.693936261901399e-07,1.5802974928647018e-07,1.5076745512487832e-05,1.1589207815632108e-06,1.3423442624116433e-07,0.9999817609786987,1.2194235523566022e-06
ISIC_0029414,1.4012231019933097e-07,1.8381705046977004e-07,3.9142599916885956e-07,1.2182661066617584e-06,3.5032098821830004e-07,0.9999963045120239,1.382638515678991e-06
ISIC_0032216,9.279249013616209e-08,5.4975419772063105e-08,1.6311609840613528e-07,6.841054869255458e-07,2.5705446660140296e-06,0.9999957084655762,7.821258236617723e-07
ISIC_0031729,1.2598004559549736e-06,6.757797166301316e-08,7.1552472036273684e-06,2.0429454252735013e-06,0.0001037831389112398,0.999884843826294,8.077560096353409e-07
ISIC_0025923,1.7622042491893808e-07,2.5243832624255447e-07,2.415507083242119e-07,5.60121634407551e-06,3.317991854601132e-07,0.9999910593032837,2.360919552302221e-06
ISIC_0024686,3.4460953202142264e-07,1.1718315136022284e-06,3.2118950912263244e-06,7.992329301487189e-06,2.7057456009060843e-07,0.9999797344207764,7.299006483663106e-06
ISIC_0029299,1.951820877366117e-06,1.7014637023748946e-06,1.5741783499834128e-05,3.581424607546069e-05,1.2677475069722277e-07,0.999942421913147,2.3054569737723796e-06
ISIC_0025174,6.022371508151991e-07,3.217682831291313e-07,3.2737946753513825e-07,6.967844910832355e-06,5.044958584221604e-07,0.9999886751174927,2.6553454972599866e-06
ISIC_0031767,1.5324864932608762e-07,2.6072999048665224e-07,8.288827189062431e-07,1.4663188494523638e-06,1.7641502836340806e-07,0.9999961853027344,9.864143066806719e-07
ISIC_0027245,1.6701410743280576e-07,1.565622227417407e-07,1.8786678879223473e-07,9.149179618361813e-07,3.850282723760756e-07,0.9999970197677612,1.1484005426609656e-06
ISIC_0027272,2.2591788706449734e-07,1.3560600109485677e-07,3.71363682916126e-07,2.0032678094139555e-06,4.794966912413656e-07,0.9999948740005493,1.926164031829103e-06
ISIC_0027380,1.4379537560671452e-06,6.876038582959154e-07,1.5126097423490137e-06,5.53581503481837e-06,3.603489346915012e-07,0.9999877214431763,2.762924395938171e-06
ISIC_0032403,7.923040925561509e-07,3.0544501328222395e-07,4.105778771190671e-06,1.3589388800028246e-05,4.271979889836075e-07,0.9999706745147705,1.0047478099295404e-05
ISIC_0028748,2.6774745265356614e-07,3.8729024254280375e-07,3.806921711202449e-07,1.5126613561733393e-06,4.0201783235715993e-07,0.9999933242797852,3.682534043036867e-06
ISIC_0030359,2.385945094829367e-07,3.4705396956269396e-07,2.6562545940578275e-07,3.696180101542268e-06,2.9418353619803383e-07,0.9999938011169434,1.2908338931083563e-06
ISIC_0029122,3.2594135745966923e-07,1.883457514395559e-07,4.461680305212212e-07,3.595276439227746e-06,3.1469750183532597e-07,0.9999932050704956,1.904232249216875e-06
ISIC_0026338,2.8620846137528133e-07,1.5504032546687085e-07,3.262941277171194e-07,1.3530798241845332e-06,4.121359040709649e-07,0.9999953508377075,2.162023520213552e-06
ISIC_0029175,2.987403036058822e-07,9.966508685010922e-08,4.2179385673080105e-07,5.388126282923622e-07,2.0722573026432656e-06,0.9999961853027344,2.798329035158531e-07
ISIC_0025480,4.13602350590736e-07,2.3693043260664126e-07,1.737119760036876e-06,7.5072380241181236e-06,2.254364233067463e-07,0.9999767541885376,1.3090919310343452e-05
ISIC_0030763,2.9670459866792953e-07,6.773162795070675e-07,1.9520685157203843e-07,2.0750578642037e-06,1.712590744773479e-07,0.9999935626983643,2.989320137203322e-06
ISIC_0028204,3.8910485500309733e-07,1.1909101260698662e-07,1.7387264961143956e-07,1.9868161871272605e-06,9.046131594914186e-07,0.9999929666519165,3.3614942367421463e-06
ISIC_0032386,2.577363602540572e-07,2.0276296197607735e-07,3.763746292406722e-07,2.934905296569923e-06,3.5226938166488253e-07,0.999994158744812,1.643333348511078e-06
ISIC_0030823,3.969183808294474e-07,1.977155505983319e-07,2.8126731876909616e-07,1.7648432049099938e-06,6.413288815565465e-07,0.9999935626983643,3.0881233215040993e-06
ISIC_0027687,8.355339673471462e-07,3.087786524247349e-07,3.034919473066111e-06,9.926285201800056e-06,3.169182321016706e-07,0.9999794960021973,6.0412276070564985e-06
ISIC_0029882,1.331272301285935e-07,1.46616883966999e-07,1.198553860604079e-07,9.833826197791495e-07,5.41960503142036e-07,0.9999964237213135,1.6700979585948517e-06
ISIC_0029058,1.4665786807199765e-07,1.4249042123992695e-07,8.969596478891617e-07,1.2319972029217752e-06,2.727286130266293e-07,0.999996542930603,8.615469369033235e-07
ISIC_0031608,4.739875976156327e-07,9.12735842462098e-08,9.555524371762658e-08,6.4855939854169264e-06,3.513417595968349e-06,0.9999880790710449,1.2635330222110497e-06
ISIC_0029446,3.422908321226714e-07,1.0363672942048652e-07,1.4139567383608664e-06,3.7011820950283436e-06,2.3279224592442915e-07,0.999992847442627,1.347186980638071e-06
ISIC_0024320,1.4106829837601254e-07,3.7140253539291734e-07,1.154584879259346e-06,1.5274074485205347e-06,4.2854910020651005e-07,0.9999946355819702,1.7347354059893405e-06
ISIC_0028824,8.001843099236794e-08,2.1229736546501954e-07,5.070349970992538e-07,9.209842346535879e-07,5.982172410767816e-07,0.999996542930603,1.1349926580805914e-06
ISIC_0025114,1.9649817772915412e-07,1.9122040839647525e-07,1.841756898102176e-07,1.5501748293900164e-06,4.17286770471037e-07,0.9999961853027344,1.2728924048133194e-06
ISIC_0029922,3.2086242640616547e-07,3.6385813473316375e-07,3.8366843568837794e-07,3.981476311309962e-06,5.259236104393494e-07,0.9999904632568359,4.044908109790413e-06
ISIC_0029042,2.7946097702624684e-07,3.1905582886793127e-07,2.3521126024661498e-07,8.025087367968808e-07,1.227011352966656e-06,0.9999936819076538,3.367239514773246e-06
ISIC_0032062,6.759362349839648e-07,8.254442462884981e-08,2.5648748191997583e-07,6.876679208289715e-07,1.4616091448260704e-06,0.9999958276748657,9.202004207509162e-07
ISIC_0024699,2.759070980573597e-07,4.246794560458511e-07,1.9337487344728288e-07,1.0011559425038286e-05,3.4261952919223404e-07,0.9999867677688599,1.9093372429779265e-06
ISIC_0025204,3.384641900083807e-07,9.82015990302898e-07,3.2506508773622045e-07,4.414782324602129e-06,3.693618282341049e-07,0.9999723434448242,2.1228210243862122e-05
ISIC_0031262,1.2187997526780237e-06,8.422001087637909e-07,5.243977057034499e-07,3.9377813664032146e-05,2.674491952348035e-07,0.9999535083770752,4.32457363785943e-06
ISIC_0027161,2.2028655166650424e-07,1.1103409036650191e-07,3.922286566648836e-07,1.5840512332943035e-06,1.6599518914972577e-07,0.9999972581863403,3.099211483004183e-07
ISIC_0030309,1.720592445053626e-05,4.450756478036055e-06,1.1594564966799226e-05,0.00022920106130186468,2.2015105116679479e-07,0.9997243285179138,1.3016554476052988e-05
ISIC_0024509,7.891757718425652e-07,1.308526293541945e-06,9.428098906028026e-07,3.394269469936262e-06,2.604839153264038e-07,0.9999912977218628,2.0661377675423864e-06
ISIC_0028405,2.4402660869782267e-07,1.5242248707636463e-07,1.0289656529494096e-05,3.463603945874638e-07,1.7546598485296272e-07,0.999988317489624,4.804740001418395e-07
ISIC_0032041,1.852301494409403e-07,2.5433539008190564e-07,4.838170184484625e-07,1.5176657370830071e-06,1.847941604182779e-07,0.9999945163726807,2.854394097084878e-06
ISIC_0024629,4.1493549929327855e-07,4.638719417471293e-07,1.4116830016064341e-06,3.1084275633475045e-06,3.122556506696128e-07,0.9999914169311523,2.84715929410595e-06
ISIC_0025189,7.575184213237662e-07,1.24691297287427e-07,1.557066570967436e-05,1.8130914440916968e-06,2.6871617819779203e-07,0.9999808073043823,7.034091709101631e-07
ISIC_0025845,1.9654150662518077e-07,1.4931042358057312e-07,6.036298714207078e-07,2.5178578653139994e-06,2.4058184067143884e-07,0.9999953508377075,9.53545281845436e-07
ISIC_0032452,3.0470212664113205e-07,1.7750394363247324e-06,4.608580468357104e-07,2.2793760763306636e-06,2.456274046380713e-07,0.999994158744812,7.342491699091624e-07
ISIC_0024785,3.5941107512371673e-07,2.858545258277445e-07,1.919194971833349e-07,4.498445832723519e-06,4.6007667720004974e-07,0.9999938011169434,4.330523779572104e-07
ISIC_0027705,2.8115860573052487e-07,6.252940920603578e-07,9.000448812912509e-07,2.038328830167302e-06,9.972553982606769e-08,0.999994158744812,1.972392738025519e-06
ISIC_0028176,2.518613939628267e-07,4.259032948539243e-07,1.3949629646958783e-06,4.573833848553477e-06,2.0505810027771076e-07,0.9999890327453613,4.049228664371185e-06
ISIC_0028806,2.47621045446067e-07,1.931935429411169e-07,3.3100931773333286e-07,1.6166119394256384e-06,2.3431547901964223e-07,0.999996542930603,7.935224175525946e-07
ISIC_0030931,4.4856852809971315e-07,1.5325748847772047e-07,1.2092204997316003e-06,1.667469064159377e-06,4.730788987217238e-07,0.9999927282333374,3.3538979096192634e-06
ISIC_0028717,3.077111045968195e-07,2.0439904346858384e-07,2.8048265221514157e-07,1.695779701549327e-06,7.057138304844557e-07,0.9999951124191284,1.6930276842685998e-06
ISIC_0025853,9.246722356692771e-07,6.551563842549513e-07,6.867486490591546e-07,1.6509709439560538e-06,1.493283576792237e-07,0.9999942779541016,1.6965257145784562e-06
ISIC_0031058,2.9291408054632484e-07,1.5022850163859403e-07,1.3019575817452278e-06,2.0286827293602983e-06,1.2461461551538378e-07,0.9999951124191284,9.760497050592676e-07
ISIC_0027746,4.421420953804045e-07,2.164118626524214e-07,7.186023367466987e-07,3.786987008425058e-06,2.7942376163991867e-06,0.9999849796295166,6.9830261963943485e-06
ISIC_0031179,2.9235161491669714e-07,2.9846594884475053e-07,3.4004324334091507e-07,1.5265279671439203e-06,4.457026534510078e-07,0.9999909400939941,6.0716483858413994e-06
ISIC_0024847,1.0883606904599219e-07,4.829304245390631e-08,1.5913248319066042e-07,9.897260042635025e-07,2.5024610295076855e-06,0.9999955892562866,7.355362754424277e-07
ISIC_0028013,8.583901944803074e-07,7.901592624648401e-08,1.913241931106313e-06,1.530320673737151e-06,3.34702662030395e-07,0.9999946355819702,5.318213425198337e-07
ISIC_0024622,4.713141663614806e-07,1.44853089523167e-07,1.0096201776832459e-06,1.5096948118298315e-06,3.3924703757293173e-07,0.9999957084655762,7.554195349257498e-07
ISIC_0029487,1.75822790993152e-07,6.895162840692137e-08,3.9151552755356533e-07,2.289286157974857e-06,4.2000237954198383e-07,0.9999960660934448,5.111469931762258e-07
ISIC_0029935,1.490450017627154e-06,3.38367522090266e-06,7.101838036760455e-06,2.8022925107507035e-05,2.1380427028816484e-07,0.9999532699584961,6.512875188491307e-06
ISIC_0029186,4.244336935244064e-07,2.0136820921834442e-07,1.5014819609859842e-07,4.91910350319813e-06,5.295669893712329e-07,0.9999924898147583,1.2503705875133164e-06
ISIC_0024677,2.024335969963431e-07,2.3184126973774255e-07,3.7238774552861287e-07,2.4693890736671165e-06,4.3350308942535776e-07,0.9999954700469971,8.189980462702806e-07
ISIC_0025886,3.456025297055021e-07,2.556311926582566e-07,3.123178942132654e-07,9.624395715945866e-06,5.516170062946912e-07,0.9999828338623047,6.069335995562142e-06
ISIC_0031075,1.0515018544765553e-07,2.6396412522444734e-07,1.1577279934726903e-07,3.167259592373739e-06,1.3905269042879809e-06,0.9999929666519165,1.961686621143599e-06
ISIC_0027330,1.1933504140415607e-07,2.934792462383484e-07,4.5967740902597143e-07,1.9506251192069612e-06,5.159403144716634e-07,0.9999953508377075,1.427178631274728e-06
ISIC_0026047,1.5431550082212198e-06,7.049642135825707e-06,3.1664876587456092e-06,1.586286089150235e-05,1.2240275282238144e-07,0.9999598264694214,1.2464349310903344e-05
ISIC_0031549,7.142187428144098e-07,4.9156373194136904e-08,5.9599478845484555e-06,6.162189833958109e-07,4.3838593910550117e-07,0.9999915361404419,7.071632239785686e-07
ISIC_0024921,2.8927152015967295e-06,1.5580276624405087e-07,4.413725491758669e-06,1.50967093759391e-06,2.62928807615026e-07,0.9999885559082031,2.1891949018026935e-06
ISIC_0031758,4.14545525018184e-07,6.436043804569636e-07,2.7393539880904427e-07,2.7295293421047973e-06,2.866468662432453e-07,0.9999923706054688,3.3663939120742725e-06
ISIC_0029766,6.721537033627101e-07,1.824106021786065e-07,1.0593958421623029e-07,2.1978034965286497e-06,2.1543746697716415e-05,0.9999744892120361,7.780235478094255e-07
ISIC_0030201,2.512267656129552e-07,2.8921675720994244e-07,2.5014637117237726e-07,2.9777054351143306e-06,1.9904246073565446e-07,0.999995231628418,8.689292485541955e-07
ISIC_0025216,2.057913803810152e-07,1.594998479959031e-07,5.225361405791773e-07,2.0042552932864055e-06,2.0106888598547812e-07,0.9999955892562866,1.3377895129451645e-06
ISIC_0028469,1.5113970164293278e-07,1.7710408428683877e-07,5.42906320788461e-07,2.007341208809521e-06,1.5208848935799324e-07,0.9999958276748657,1.2209476381030981e-06
ISIC_0031516,3.751071915303328e-07,6.521367481582274e-07,6.660004601144465e-07,8.023810551094357e-06,9.945333800942535e-08,0.9999884366989136,1.8093725202561473e-06
ISIC_0030046,1.490761178501998e-06,8.603571586718317e-06,1.6333991652572877e-06,1.545328700558457e-06,5.075626177131198e-07,0.9999817609786987,4.4674902710539754e-06
ISIC_0027399,3.1431832780981495e-07,4.7839389338832916e-08,7.457904303009855e-07,3.1630384000891354e-07,3.2003497381083434e-06,0.9999949932098389,3.9121201211855805e-07
ISIC_0025291,3.19364460210636e-07,8.180853683370515e-07,1.9154366270868195e-07,1.0326553820050322e-05,2.7057467377744615e-07,0.9999839067459106,4.117353910260135e-06
ISIC_0030267,8.109182090265676e-07,6.662627129117027e-06,2.535389739932725e-06,1.1204046131751966e-05,1.8941558721508045e-07,0.999944806098938,3.374653897481039e-05
ISIC_0027450,7.202567076092237e-07,1.9947982821122423e-07,4.4770058593712747e-07,1.6883159332792275e-06,8.277108918264275e-07,0.9999947547912598,1.3509284144674893e-06
ISIC_0030381,1.5307755063531658e-07,4.0980484072861145e-07,2.952313309378951e-07,3.1171837235888233e-06,7.816226457180164e-07,0.9999948740005493,4.362088077414228e-07
ISIC_0027586,9.394281050845166e-07,4.413630563249171e-07,1.2369812338874908e-06,2.0905916244373657e-05,1.1997407511898928e-07,0.9999723434448242,4.004777565569384e-06
ISIC_0031180,1.6664882423356175e-05,2.790560756693594e-05,4.792170875589363e-05,0.0003196281613782048,1.3915171166445361e-06,0.9995699524879456,1.6627926015644334e-05
ISIC_0031124,3.5282064914099465e-07,3.10938531811189e-07,3.995824613411969e-07,3.347380243212683e-06,1.327169485421109e-07,0.9999948740005493,5.862608531970182e-07
ISIC_0027880,2.3156151485181908e-07,1.324078056086364e-07,4.556341082206927e-07,1.919870783240185e-06,2.245036796466593e-07,0.9999963045120239,7.340148044931993e-07
ISIC_0030216,8.004356459423434e-06,3.180099952260207e-07,2.571526783867739e-05,1.2576854260260006e-06,5.3647177992388606e-05,0.9999070167541504,3.987794116255827e-06
ISIC_0030489,4.87120189518464e-07,4.7021890736687055e-07,4.3860916321136756e-07,4.441932560439454e-06,1.4888468058416038e-07,0.9999912977218628,2.6998422981705517e-06
ISIC_0026944,2.1961258767078107e-07,4.663150434680574e-07,8.649838605379045e-07,3.4664519716898212e-06,1.1045606385096107e-07,0.9999905824661255,4.280823304725345e-06
ISIC_0027676,3.5430410207482055e-05,5.611200322164223e-06,0.0003426896291784942,4.3129930418217555e-05,2.5511571948300116e-06,0.9995299577713013,4.060749415657483e-05
ISIC_0027441,3.2736554089751735e-07,3.060279993860604e-07,1.522381808172213e-06,4.693260962085333e-06,1.3051403868757916e-07,0.9999872446060181,5.719425189454341e-06
ISIC_0028549,1.7171589661302278e-07,3.181116028372344e-07,2.0428184654974757e-07,2.165232899642433e-06,2.752335888089874e-07,0.9999957084655762,1.1930294476769632e-06
ISIC_0031251,1.412824275348612e-07,2.1526771831759106e-07,1.580844610771237e-07,1.6800993307697354e-06,6.451497256421135e-07,0.9999960660934448,1.1137145747852628e-06
ISIC_0029765,6.849776355011272e-07,2.421341491753992e-07,4.573438161514787e-07,3.575303253455786e-06,3.4737777809823456e-07,0.9999936819076538,1.0381135098214145e-06
ISIC_0025010,1.1434094915330206e-07,2.986070910537819e-07,1.833562492947749e-07,6.333825695037376e-06,4.6395834374379774e-07,0.999990701675415,1.859660301306576e-06
ISIC_0025468,2.2917292881174944e-06,1.8148919878058223e-07,4.3191597796976566e-05,6.021927219990175e-06,1.3591131846624194e-06,0.9999449253082275,1.8707902427195222e-06
ISIC_0027792,2.3472215104902716e-07,1.3859705916274834e-07,5.007339041185332e-07,1.2897646683995845e-06,1.7156253306893632e-07,0.9999967813491821,9.144693535745319e-07
ISIC_0026410,1.1857220272304403e-07,1.3915543206621805e-07,2.5584034801795497e-07,1.467216407036176e-06,9.241870770893001e-07,0.9999967813491821,4.083084377271007e-07
ISIC_0027841,2.1158587060199352e-07,1.8710532856403006e-07,6.721094791828364e-07,4.9832387958304025e-06,1.045166868607339e-07,0.999990701675415,3.0240730666264426e-06
ISIC_0026534,1.4306937146102428e-07,1.2206761823563284e-07,3.1862427363194e-07,1.175965280708624e-06,5.270463816486881e-07,0.9999972581863403,4.724818438717193e-07
ISIC_0030983,2.3900707901702845e-07,3.6061641139895073e-07,8.070697958828532e-07,4.425696261023404e-06,1.4758400368464208e-07,0.9999924898147583,1.5337346894739312e-06
ISIC_0026482,2.0817229540170956e-07,2.5432353822907316e-07,9.472326496506867e-07,1.264004140466568e-06,4.1272480189036287e-07,0.9999955892562866,1.2639185342777637e-06
ISIC_0027918,3.0729123068340414e-07,2.0691184943189e-07,1.2138035572206718e-06,1.2709214161077398e-06,3.234364100990206e-07,0.9999953508377075,1.2559207789308857e-06
ISIC_0029178,3.752109478227794e-06,7.57545876695076e-06,4.616260866896482e-06,2.773557571345009e-05,6.510508114843105e-07,0.9999488592147827,6.727883828716585e-06
ISIC_0025572,4.354314171450824e-07,1.324376057709742e-07,3.282277702965075e-06,5.535493528441293e-06,2.801766356697044e-07,0.9999897480010986,6.731608550580859e-07
ISIC_0029165,4.0762785147308023e-07,2.255976880860544e-07,5.92844003222126e-07,6.09022390563041e-06,1.7809642827160133e-07,0.9999899864196777,2.501394874343532e-06
ISIC_0030185,2.0437954617591458e-07,2.4686167421350547e-07,7.584552577100112e-07,3.9585620470461436e-06,1.5352642890320567e-07,0.999994158744812,6.05970228662045e-07
ISIC_0025933,4.085100897555094e-07,3.3332142379549623e-07,6.290019314292294e-07,1.941631353474804e-06,1.3716454816403711e-07,0.9999955892562866,1.0248593298456399e-06
ISIC_0028801,2.8057527856617526e-07,8.086345246738347e-07,1.8646312582859537e-07,1.0433820534672122e-05,2.5947903736778244e-07,0.9999856948852539,2.280555008837837e-06
ISIC_0026306,3.481861199361447e-07,5.96663596752478e-07,2.6468805458534916e-07,9.954689630831126e-06,2.363979945130268e-07,0.9999853372573853,3.181661213602638e-06
ISIC_0031480,6.53786145221602e-08,2.0784041510069073e-07,1.9284506436179072e-07,1.8040300346910954e-06,1.467638639951474e-06,0.9999954700469971,7.486783601962088e-07
ISIC_0025012,5.473841611092212e-07,4.856034365730011e-07,4.995381459593773e-07,4.167817678535357e-06,1.8757745579023322e-07,0.999993085861206,1.0166475021833321e-06
ISIC_0031858,2.6518196136748884e-06,4.6750537876505405e-06,2.7507807317306288e-05,1.7076483345590532e-05,3.27913937780977e-07,0.9999425411224365,5.229010184848448e-06
ISIC_0029620,3.804667869644618e-07,2.1408118300314527e-07,1.2673226024162432e-07,2.0979025521228323e-06,2.8826473226217786e-06,0.9999924898147583,1.7335507891402813e-06
ISIC_0026973,4.242722582148417e-07,1.0967395525085522e-07,3.2098213864628633e-07,1.7999707324634073e-06,1.9664106787331548e-07,0.9999953508377075,1.7520243318358553e-06
ISIC_0027313,3.3666717058622453e-07,1.1834358559781322e-07,6.409202910617751e-07,2.005262103921268e-06,2.829387710789888e-07,0.9999961853027344,4.301835758724337e-07
ISIC_0027992,1.3390151707426412e-06,8.290278401545947e-07,3.8731486711185426e-05,6.192063665366732e-06,1.7123399231877556e-07,0.9999462366104126,6.504449629574083e-06
ISIC_0025725,4.203763523946691e-07,1.0373052816703421e-07,7.4968888839066494e-06,5.373041176426341e-07,1.3870244401914533e-06,0.9999896287918091,3.6055416785529815e-07
ISIC_0030887,1.6522912460459338e-07,1.702152729876616e-07,2.3068307086759887e-07,1.5695455886088894e-06,4.547023877421452e-07,0.9999959468841553,1.5070353356350097e-06
ISIC_0027075,2.017267917153731e-07,2.578098303729348e-07,4.768704116031586e-07,1.4360196018969873e-06,1.9570612153074762e-07,0.9999959468841553,1.484423933106882e-06
ISIC_0032390,2.2604595528719074e-07,1.7713774980165908e-07,1.5438490663655102e-07,1.507343085904722e-06,1.5417045915455674e-06,0.9999951124191284,1.265546188733424e-06
ISIC_0028601,2.8336538093753916e-07,4.256752674791642e-07,1.9229000258746964e-07,3.892094809998525e-06,7.06749744949775e-07,0.9999912977218628,3.096916771028191e-06
ISIC_0031765,1.2043242350046057e-06,4.264332801540149e-06,2.54336919169873e-06,7.946031473693438e-06,5.78405717988062e-07,0.9999723434448242,1.1020121746696532e-05
ISIC_0026381,2.5531684855195635e-07,1.2153403758929926e-06,4.6855365098963375e-07,5.235847311269026e-06,2.160754348778937e-07,0.9999912977218628,1.2993107247893931e-06
ISIC_0030331,2.2871689964176767e-07,3.623642612637923e-07,3.606232894526329e-07,2.614240884213359e-06,2.939097214493813e-07,0.9999924898147583,3.641746161520132e-06
ISIC_0029124,4.5734378772976925e-07,1.6341392949925648e-07,2.069609536192729e-06,5.920159310335293e-06,1.412404628808872e-07,0.999987006187439,4.260500645614229e-06
ISIC_0026951,1.8145078684028704e-07,1.3422909717064613e-07,1.39817032618339e-07,2.4895234673749655e-06,1.2680063719017198e-06,0.9999945163726807,1.2868094927398488e-06
ISIC_0024914,7.639369528078532e-07,4.602660510499845e-07,4.656125156543567e-07,6.474696419900283e-06,1.762159627105575e-07,0.9999905824661255,1.1057226174671086e-06
ISIC_0029244,4.843789156439016e-07,3.706036011408287e-07,4.46716171609296e-07,5.652546860801522e-06,1.0565596397782429e-07,0.999990701675415,2.2667866232950473e-06
ISIC_0026041,2.3604336263360892e-07,3.1070101158547914e-07,1.4791705780226039e-06,4.697272288467502e-06,1.4162650074922567e-07,0.9999898672103882,3.3052497201424558e-06
ISIC_0031101,3.9074291180440923e-07,4.917325213682489e-07,6.909791068210325e-07,2.850535338438931e-06,2.0470096728786302e-07,0.9999929666519165,2.4264729745482327e-06
ISIC_0030040,3.2824021900523803e-07,3.4121558201150037e-07,2.9917268307144695e-07,2.597288585093338e-06,1.7827790088631446e-07,0.9999938011169434,2.3969437279447448e-06
ISIC_0029285,3.820321410330507e-07,4.353006772817025e-07,2.7905986144105555e-07,5.633265573123936e-06,1.041796053868893e-06,0.999987006187439,5.160558885108912e-06
ISIC_0031312,2.075261988920829e-07,1.850210509246608e-07,1.812426546621282e-07,2.0971440335415537e-06,3.390857443719142e-07,0.9999960660934448,7.639936256964575e-07
ISIC_0026304,2.6189579216406855e-07,1.354650578377914e-07,1.1715525261024595e-06,1.3303349533089204e-06,9.563219691699487e-07,0.9999943971633911,1.8305197500012582e-06
ISIC_0031849,2.14950119925561e-07,1.220874850105247e-07,5.130701197231247e-07,1.3545393358072033e-06,2.3806131821402232e-07,0.9999958276748657,1.7752201983967097e-06
ISIC_0028553,1.2782179226178414e-07,1.530297879526188e-07,2.1462129495830595e-07,3.2309999369317666e-06,5.463643901748583e-07,0.9999946355819702,1.1570505193958525e-06
ISIC_0026793,2.9207840270828456e-06,5.329455348146439e-07,5.013525878894143e-07,1.9993998648715205e-05,1.013046016851149e-06,0.9999699592590332,5.0823546189349145e-06
ISIC_0030236,1.8766981213502731e-07,1.4918157376087038e-07,7.628039497831196e-07,2.2691608592140255e-06,2.187090285588056e-05,0.9999722242355347,2.5531039682391565e-06
ISIC_0028320,5.085511247671093e-07,4.863896947426838e-07,1.9652819105431263e-07,8.750920642341953e-06,1.5543754727787018e-07,0.9999877214431763,2.2434005586546846e-06
ISIC_0025098,4.144539218486898e-07,4.2087137330781843e-07,7.115591529327503e-07,1.0506144462851807e-05,1.9768417587329168e-06,0.9999830722808838,2.85499027086189e-06
ISIC_0024811,2.825152307650569e-07,2.6224623184134543e-07,5.60858779863338e-07,2.7886073894478614e-06,3.736228109119111e-07,0.9999945163726807,1.337561002401344e-06
ISIC_0030052,1.3811342114422587e-06,2.7418516879151866e-07,1.1724069963747752e-06,8.112848263408523e-06,1.8830674264336267e-07,0.9999872446060181,1.62998003361281e-06
ISIC_0030685,4.744838975057064e-07,3.526841965140193e-07,3.9331783341367554e-07,8.315671038872097e-06,1.401645022269804e-07,0.9999884366989136,1.900348138406116e-06
ISIC_0032293,1.2812522243166313e-07,6.197763724458127e-08,1.0125221194812184e-07,1.2612686077773105e-06,8.61554497078032e-07,0.9999967813491821,6.900854714331217e-07
ISIC_0025091,5.815890631311049e-07,5.636013611365343e-07,2.2946520061850606e-07,2.3629199858987704e-05,4.459763545128226e-07,0.9999706745147705,3.890032530762255e-06
ISIC_0031328,1.9874134693509404e-07,1.298242864322674e-07,7.785476441313222e-07,4.225281827530125e-06,3.920301878679311e-07,0.9999936819076538,7.083303330546187e-07
ISIC_0031182,1.630908286642807e-06,5.143969019627548e-07,1.4306855291579268e-06,2.2153060399432434e-06,1.5452149000338977e-06,0.9999738931655884,1.8706617993302643e-05
ISIC_0031737,6.098330686654663e-06,0.00039718448533676565,1.0443431165185757e-05,5.8162742789136246e-05,2.74241585884738e-07,0.9995026588439941,2.5221761461580172e-05
ISIC_0026617,2.258071845062659e-07,2.850338489679416e-07,4.216035733861645e-07,4.6343185999830894e-07,4.761769787364756e-07,0.9999969005584717,1.2663150528169353e-06
ISIC_0025187,1.6098061905722716e-07,1.3513911767404352e-07,7.845169420761522e-07,1.3129367744113551e-06,4.334360994562303e-07,0.9999964237213135,8.019800361580565e-07
ISIC_0024727,7.421569989674026e-07,1.095032402531615e-07,7.884609658503905e-07,7.468693752343825e-07,3.2623502193018794e-06,0.9999939203262329,4.6173866508070205e-07
ISIC_0027115,2.971096364490222e-07,1.8554635516920825e-07,5.9102899285790045e-06,1.7573753439137363e-06,3.7480072933249176e-05,0.9999434947967529,1.0764725629996974e-05
ISIC_0027381,2.1864362054202502e-07,3.101831680396572e-07,7.881388341957063e-07,9.761467936186818e-07,3.3413715527785826e-07,0.9999964237213135,9.480829703534255e-07
ISIC_0024992,1.5082130744303868e-07,1.79602466232609e-07,2.893233670420159e-07,1.4161671515466878e-06,3.271204889188084e-07,0.999996542930603,1.0207908189840964e-06
ISIC_0024819,3.3566647061888943e-07,7.548499638687645e-07,3.6909443679178366e-07,2.9477419957402162e-05,2.4326976699740044e-07,0.9999586343765259,1.030247858579969e-05
ISIC_0025764,1.8711477878241567e-06,4.021722270408645e-05,3.942049261240754e-06,3.8305668567772955e-05,2.8526767437142553e-07,0.9998985528945923,1.6954372767941095e-05
ISIC_0030393,2.703046675378573e-07,1.7925560769072035e-07,2.1792126858599659e-07,1.1297560149614583e-06,6.597253445761453e-07,0.9999954700469971,2.047343741651275e-06
ISIC_0028144,1.4587413943445426e-07,1.8460771400441445e-07,2.8818914188377676e-07,4.665971573558636e-06,3.8449323369604826e-07,0.999993085861206,1.2168723060312914e-06
ISIC_0032332,3.859107096104708e-07,4.6282087851068354e-07,4.1011284679370874e-07,6.6341667661617976e-06,2.6714536716099246e-07,0.9999898672103882,1.9734568468265934e-06
ISIC_0025705,1.7480846281614504e-07,1.2101355650884216e-07,7.907794952188851e-08,1.3810979453410255e-06,5.764786237705266e-06,0.9999915361404419,8.685515808792843e-07
ISIC_0030028,9.069817963336391e-08,2.6527021645961213e-07,3.1025419389152376e-07,1.467982883696095e-06,4.721769926163688e-07,0.9999964237213135,1.01711066236021e-06
ISIC_0031445,2.5181967089338286e-07,5.39538007160445e-07,4.3691409246093826e-07,3.6402445857675048e-06,1.194413528082805e-07,0.9999911785125732,3.6955432278773515e-06
ISIC_0024638,2.2419862943934277e-07,2.2617889783305145e-07,1.1331243143786196e-07,1.5792430758665432e-06,0.00015146339137572795,0.9998410940170288,5.293507911119377e-06
ISIC_0029565,2.501182621017506e-07,2.5790336621867027e-07,6.926664468664967e-07,5.0501075747888535e-06,1.635106912090123e-07,0.9999924898147583,1.1749012855943874e-06
ISIC_0026636,8.582671284784738e-08,3.1756235330249183e-07,3.165409623306914e-07,2.2735591755917994e-06,1.7874521063276916e-07,0.9999957084655762,1.0568153356871335e-06
ISIC_0030715,4.6542626819245925e-07,3.6996172525505244e-07,1.7698024521450861e-06,1.6420233350800117e-06,3.15088101388028e-07,0.9999948740005493,5.741943596149213e-07
ISIC_0032033,4.180531902875373e-07,2.973984010168351e-07,2.315499386895681e-06,1.8249543245474342e-06,7.58892824137547e-08,0.9999935626983643,1.63899062499695e-06
ISIC_0027096,2.2713882685820863e-07,2.9092475983816257e-07,2.6856764634430874e-07,2.072593588309246e-06,1.8315964211979008e-07,0.9999964237213135,6.266440095714643e-07
ISIC_0031500,6.6907250584336e-07,1.785319199143487e-07,1.9118130012429901e-07,5.440951099444646e-06,1.64124651291786e-06,0.9999861717224121,5.686373242497211e-06
ISIC_0028296,3.470394176474656e-07,1.0095148184063873e-07,1.2316071433815523e-06,3.441721219132887e-06,1.9723499633528263e-07,0.9999938011169434,8.589619255872094e-07
ISIC_0028922,4.4145824062979955e-07,9.206366513581088e-08,1.1056298490075278e-06,2.1297369130479638e-06,4.164062659128831e-07,0.9999953508377075,4.3453491116451914e-07
ISIC_0024341,6.481099603661278e-07,2.469462856424798e-07,7.634606618012185e-07,6.955377102713101e-06,1.1462688576102664e-07,0.9999896287918091,1.6519067003173404e-06
ISIC_0024678,1.7107868188759312e-07,3.4175411656178767e-07,1.1029138704543584e-06,2.541836920499918e-06,8.921414007545536e-08,0.9999915361404419,4.241555416228948e-06
ISIC_0030530,4.4227797957319126e-07,4.076188702129002e-07,2.9841893933735264e-07,8.80764582689153e-06,1.8681598135117383e-07,0.9999879598617554,1.9780600268859416e-06
ISIC_0029445,4.663197159970878e-06,5.703894885300542e-07,6.131577538326383e-05,2.2572716261493042e-05,7.845814252505079e-06,0.9998788833618164,2.4113884137477726e-05
ISIC_0029939,1.7062492361219483e-06,4.0269651435664855e-07,5.177459115657257e-06,2.1093751456646714e-06,9.617076557333348e-07,0.9999845027923584,5.094696462037973e-06
ISIC_0028006,2.8708336685667746e-07,1.5247870521761797e-07,2.694021929983137e-07,1.9007968603546033e-06,3.4956519812112674e-07,0.9999957084655762,1.3397238944889978e-06
ISIC_0030111,3.957081560201914e-07,1.497867856414814e-07,1.0306910098734079e-06,1.828214976740128e-06,4.25641644596908e-07,0.9999943971633911,1.793933392946201e-06
ISIC_0029461,1.6490707821503747e-07,1.645201876954161e-07,2.767173157280922e-07,2.8696783829218475e-06,2.9323885541998607e-07,0.9999933242797852,2.9299890229594894e-06
ISIC_0028575,2.6016641641035676e-07,2.0218986662712268e-07,3.148217899706651e-07,3.319362122056191e-06,3.382321835943003e-07,0.9999942779541016,1.207797822644352e-06
ISIC_0024467,3.833737309832941e-07,2.4502151063643396e-07,1.7473631430675596e-07,5.4184088185138535e-06,6.38832261756761e-07,0.999990701675415,2.5010961053339997e-06
ISIC_0030662,4.06570825361996e-06,4.681873633671785e-06,2.000205086005735e-06,3.6534605897031724e-05,4.4952690814170637e-07,0.9999392032623291,1.3202727132011205e-05
ISIC_0030735,2.635463260958204e-07,2.78264565167774e-07,2.406396788501297e-06,3.3965422971959924e-06,8.57928554864884e-08,0.9999902248382568,3.4121094358852133e-06
ISIC_0031083,4.5833468220735085e-07,9.096381603512782e-08,1.7878951439342927e-06,4.7335123554148595e-07,7.566821977889049e-07,0.9999949932098389,1.3690630566998152e-06
ISIC_0030266,9.430016689293552e-06,5.644988618769275e-07,1.7090258097596234e-06,0.00022011311375536025,4.183550572633976e-06,0.9997612833976746,2.697373474802589e-06
ISIC_0030424,8.765870518345764e-08,1.835504122027487e-07,4.846069714403711e-07,1.992148554563755e-06,2.334869293463271e-07,0.9999961853027344,7.579759540021769e-07
ISIC_0026568,2.782196020234551e-07,1.2807491884814226e-06,2.829971208484494e-07,1.3532729099097196e-05,2.973748394197173e-07,0.9999821186065674,2.111843969032634e-06
ISIC_0025385,3.168846660628333e-07,1.3309640678471624e-07,4.314853754294745e-07,3.0081066597631434e-06,1.1384247500245692e-06,0.9999936819076538,1.282422545045847e-06
ISIC_0026050,2.790804671803926e-07,2.5816240167841897e-07,4.665907056278229e-07,2.793343583107344e-06,2.6217082904622657e-07,0.9999949932098389,9.715481610328425e-07
ISIC_0030997,1.7423235476599075e-07,2.9469126161529857e-07,2.459618428929389e-07,4.586759587255074e-06,3.792907250499411e-07,0.999993085861206,1.3317295497472514e-06
ISIC_0028762,1.3809581389523373e-07,1.3940326937245118e-07,9.394513966753948e-08,2.0526267690001987e-06,6.118291366874473e-07,0.9999966621398926,4.00983793724663e-07
ISIC_0032394,3.949639619804657e-07,2.149508588900062e-07,3.138416104775388e-07,3.659861476990045e-06,4.6873753944964847e-07,0.9999935626983643,1.3631306501338258e-06
ISIC_0027803,2.3095962831121142e-07,2.2779326513955311e-07,1.4393381206900813e-06,5.376929038902745e-06,4.6891898364265217e-07,0.9999905824661255,1.6876085737749236e-06
ISIC_0028852,1.1806570228145574e-06,1.7290577147832664e-07,2.3536642856925027e-06,1.014732220028236e-06,4.75501536811862e-07,0.9999927282333374,2.04861339625495e-06
ISIC_0028669,2.2674321087379212e-07,3.420359178107901e-07,1.27177116837629e-07,2.6078616883751238e-06,8.645353659630928e-07,0.9999946355819702,1.19386140795541e-06
ISIC_0024401,5.115323915561021e-07,2.585315996839199e-07,5.125011739437468e-07,4.061213076056447e-06,2.1045808296094037e-07,0.9999926090240479,1.8127876728613046e-06
ISIC_0028191,2.8841179755545454e-07,2.0967263480997644e-07,6.571842163793917e-07,2.410293973298394e-06,2.35111713209335e-07,0.9999957084655762,5.186756197872455e-07
ISIC_0027288,6.661951488240447e-07,1.2923851500090677e-07,9.133369758274057e-07,1.950571686393232e-06,1.5308538081626466e-07,0.9999955892562866,6.263679779294762e-07
ISIC_0029198,1.282789696688269e-07,1.0829589314198529e-07,9.86999353358442e-08,6.741224751749542e-07,1.678755893408379e-06,0.9999963045120239,9.145343824457086e-07
ISIC_0031732,2.50988762218185e-07,3.6780326695406984e-07,3.3538219668116653e-07,1.695345190455555e-06,2.2327212434447574e-07,0.9999943971633911,2.796713943098439e-06
ISIC_0025486,2.8559065867739264e-07,6.66478456423647e-07,1.887833462888011e-07,5.15177544002654e-06,3.7039333733446256e-07,0.9999926090240479,7.215208484012692e-07
ISIC_0025329,8.272172067336214e-07,1.5525602066190913e-05,4.980856829206459e-06,2.6429981971887173e-06,5.707360060114297e-07,0.9999741315841675,1.3651440440298757e-06
ISIC_0027395,3.3004326382979343e-07,2.647648216225207e-07,3.453688179888559e-07,2.0528873392322566e-06,2.407625743217068e-07,0.9999958276748657,9.79105493570387e-07
ISIC_0028366,6.637208684878715e-07,3.7286616816345486e-07,3.0099022296781186e-07,7.562114660686348e-06,4.147185563851963e-07,0.9999881982803345,2.5096553599723848e-06
ISIC_0026310,3.1951964274412603e-07,5.867703407602676e-07,6.868609716548235e-07,1.1228588846279308e-05,1.5657678886782378e-07,0.9999852180480957,1.7795389339880785e-06
ISIC_0029928,2.844353730324656e-07,2.3822036609999486e-07,5.584029736382945e-07,1.7014575632856577e-06,2.6670178954191215e-07,0.9999951124191284,1.8978179241457838e-06
ISIC_0024350,4.4045034996997856e-07,3.853028260891733e-07,3.2605095157123287e-07,9.265639164368622e-06,1.6899225840916188e-07,0.9999860525131226,3.3752003218978643e-06
ISIC_0031375,2.2743424210602825e-07,6.720741225763049e-07,2.757140009634895e-07,1.1839464605145622e-05,3.843636022793362e-07,0.9999819993972778,4.541273028735304e-06
ISIC_0028475,3.1188446314445173e-07,2.864421162485087e-07,8.008965437511506e-07,2.4390760700043757e-06,1.702745464626787e-07,0.9999940395355225,2.0008224055345636e-06
ISIC_0032491,4.4603015680877434e-07,1.1214448250029818e-06,9.037698873726185e-07,1.6362217138521373e-05,1.693485387477267e-07,0.9999768733978271,4.225485099595971e-06
ISIC_0031835,1.813356789170939e-07,1.0998124366778939e-07,1.9983424692782137e-07,8.013451520128001e-07,9.074291824617831e-07,0.9999970197677612,7.871936986703076e-07
ISIC_0026363,3.5797543773696816e-07,6.454739605032955e-07,2.663128668700665e-07,7.077056579873897e-06,2.7629059218270413e-07,0.9999901056289673,1.3088316563880653e-06
ISIC_0028078,3.0246494020502723e-07,3.3220032946701394e-07,8.459019085194086e-08,4.519245521805715e-06,7.395449301839108e-07,0.9999929666519165,9.77747959041153e-07
ISIC_0030090,1.8904719922829827e-07,4.992562594452465e-07,2.0892676388939435e-07,2.0846828192588873e-06,3.1615184070687974e-07,0.9999949932098389,1.8126969507648028e-06
ISIC_0028743,2.551480804413586e-07,3.585876982015179e-07,2.3654817482565704e-07,1.6987088429232244e-06,1.4934366276975197e-07,0.9999966621398926,6.281136393226916e-07
ISIC_0027773,2.1412077444438182e-07,1.102289814980395e-07,2.083043142420138e-07,1.3266279665913316e-06,1.2799864634871483e-05,0.9999829530715942,2.4120727175613865e-06
ISIC_0031072,0.00015975545102264732,2.858914012904279e-05,0.0003380450652912259,0.001191368792206049,1.525973857496865e-06,0.998116135597229,0.00016462932399008423
ISIC_0028037,1.6859139861935546e-07,1.32456676738002e-07,1.43300013633052e-07,2.6767970666696783e-06,6.410249397958978e-07,0.9999953508377075,9.424442737326899e-07
ISIC_0026763,3.3226802997887717e-07,5.204333888286783e-07,3.982366933996673e-07,2.6910361157206353e-06,5.500348265741195e-07,0.9999886751174927,6.860204848635476e-06
ISIC_0031183,1.635142439226911e-07,5.65226976334543e-08,1.2287971173918777e-07,6.704946713398385e-07,2.006786644415115e-06,0.9999960660934448,8.69696009431209e-07
ISIC_0024440,2.884281116166676e-07,4.332470950885181e-07,4.776561013386527e-07,2.347285999348969e-06,3.0008860107955115e-07,0.9999951124191284,9.189238312501402e-07
ISIC_0027464,2.684330127067369e-07,4.027997420052998e-07,3.722220185409242e-07,3.1821036827750504e-06,1.4889852195665298e-07,0.9999947547912598,8.972694445219531e-07
ISIC_0026134,2.581751630259532e-07,3.672184902825393e-07,2.3071204680036317e-07,2.278823330925661e-06,1.6827019067022775e-07,0.9999957084655762,1.015005409499281e-06
ISIC_0024894,1.9176448518010147e-07,2.40801284689951e-07,1.9576370391405362e-07,3.437538225625758e-06,3.496498379718105e-07,0.9999935626983643,2.0637694433389697e-06
ISIC_0028049,6.713098628097214e-07,2.2948790956434095e-07,6.036999593561632e-07,2.547046278777998e-06,3.146662947983714e-07,0.9999933242797852,2.3956354198162444e-06
ISIC_0032360,2.659360518464382e-07,2.6709074063546723e-07,3.2314994768967154e-07,1.0819446742971195e-06,2.5481747911726416e-07,0.999995231628418,2.6337670533393975e-06
ISIC_0028783,2.9954182423352904e-07,2.40865404066426e-07,4.91821083414834e-07,3.9138230931712314e-06,2.041918634176909e-07,0.9999938011169434,1.0687426765798591e-06
ISIC_0025706,2.555722744546074e-07,4.740597887575859e-07,1.93381353597033e-07,3.1819877222005744e-06,1.2169250567239942e-06,0.999985933303833,8.655727469886187e-06
ISIC_0029777,1.237019944255735e-07,4.291060804462177e-07,3.318209564895369e-07,4.876045750279445e-06,1.9337232970428886e-07,0.9999908208847046,3.1188956199912354e-06
ISIC_0030496,8.797524628789688e-07,1.9416433133301325e-05,6.812744004491833e-07,0.0001315536064794287,1.1768728427341557e-06,0.9998379945755005,8.280197107524145e-06
ISIC_0030430,9.650544825490215e-07,7.377472570624377e-07,3.2722007858865254e-07,4.720323886431288e-06,2.1418827600427903e-07,0.9999891519546509,3.882291821355466e-06
ISIC_0030670,1.4986676433181856e-07,3.3570529467397137e-07,3.529758885179035e-07,2.3971754217200214e-06,8.3622007878148e-06,0.9999827146530151,5.716950909118168e-06
ISIC_0025760,2.437315060888068e-07,2.1068353817099705e-07,3.5619760296867753e-07,1.7932130731423968e-06,2.1638167879700632e-07,0.999995231628418,1.8887560599978315e-06
ISIC_0028172,7.783881414979987e-07,7.429422339555458e-07,1.8870734947995516e-06,1.2420134225976653e-05,1.3084402894492086e-07,0.9999775886535645,6.522220701299375e-06
ISIC_0024419,2.4060278747128905e-07,4.1839751929728664e-07,2.134629397687604e-07,2.1576122435362777e-06,2.4960840505627857e-07,0.9999957084655762,9.734650348036666e-07
ISIC_0024576,4.7211028686433565e-07,8.680456744514231e-07,5.541649557017081e-07,1.1289875146758277e-05,1.900237265317628e-07,0.9999735355377197,1.3038785255048424e-05
ISIC_0025426,2.487884387392114e-07,2.842320725449099e-07,3.3389503073522064e-07,5.012030669604428e-06,4.3340753563825274e-07,0.9999915361404419,2.153609102606424e-06
ISIC_0028348,1.131479052673967e-06,1.4414633824344492e-06,1.721130388432357e-06,2.1487114281626418e-05,2.772522975647007e-07,0.9999678134918213,6.109961304900935e-06
ISIC_0031420,5.296474796523398e-07,1.5674608278004598e-07,2.4702446808078093e-06,3.4681527267821366e-06,7.766989256197121e-07,0.9999918937683105,8.109369673547917e-07
ISIC_0032142,2.6578794631859637e-07,5.722549190068094e-07,1.6168576166819548e-06,1.8908922356786206e-05,1.1804058175357568e-07,0.9999721050262451,6.38516758044716e-06
ISIC_0026121,4.46450115987318e-07,7.362051519521629e-07,8.775698461249704e-07,3.253699560445966e-06,1.0259248028887669e-07,0.9999938011169434,8.566231599616003e-07
ISIC_0030739,4.903709509562759e-07,1.7415710544810281e-06,3.620015718297509e-07,1.5032930605229922e-05,7.737710348010296e-07,0.999975323677063,6.236674835236045e-06
ISIC_0032350,2.723056695685955e-07,6.413330311261234e-07,4.6089724037301494e-07,2.6600089313433273e-06,3.577895597572933e-07,0.999995231628418,4.855202178077889e-07
ISIC_0027199,1.0561891485849628e-06,1.7565538712460693e-07,3.127657691948116e-06,2.0065946955583058e-05,3.9512683542852756e-06,0.9999666213989258,5.1060942496405914e-06
ISIC_0027494,3.334741620619752e-07,4.4633097218138573e-07,2.918577877153439e-07,6.138769549579592e-06,1.8804853141318745e-07,0.9999902248382568,2.447459564791643e-06
ISIC_0025124,4.5481897359422874e-07,6.674343694612617e-06,2.8125020890001906e-07,1.1521898159116972e-05,3.1091863661458774e-07,0.9999709129333496,9.76943010755349e-06
ISIC_0028053,7.506424140046875e-07,5.526727818505606e-06,7.073516599120921e-07,4.22033917857334e-05,3.2488842407474294e-06,0.9998879432678223,5.9702098951675e-05
ISIC_0026807,3.733986488896335e-07,1.0623359685268952e-06,1.70285758827049e-07,3.5701817978406325e-05,5.531230158339895e-07,0.9999531507492065,8.9363911683904e-06
ISIC_0028955,1.2236865813974873e-06,3.3275540545218973e-07,1.4584716154786292e-06,2.5071831259992905e-06,1.507107327824997e-07,0.9999916553497314,2.629914661156363e-06
ISIC_0031841,6.211900540620263e-07,3.487020592274348e-07,2.781669081741711e-06,2.563972429925343e-06,5.641347229357052e-07,0.9999924898147583,5.546862098526617e-07
ISIC_0025263,3.771004912778153e-07,3.9043285937623295e-07,4.797380483978486e-07,2.682519379959558e-06,2.8242206440154405e-07,0.9999945163726807,1.2207318604851025e-06
ISIC_0028129,4.902249770566414e-07,2.7481092956804787e-07,9.902901183522772e-07,5.177138973522233e-06,1.5159945405684994e-06,0.9999885559082031,3.1179579309537075e-06
ISIC_0030497,9.893939534322271e-08,1.6491763688009087e-07,3.8710160765731416e-07,2.042962705672835e-06,5.5155868494694e-07,0.9999953508377075,1.4546972124662716e-06
ISIC_0029447,1.9333091927364876e-07,3.733109963377501e-07,3.3605087423893565e-07,2.0923253032378852e-06,1.3213603722306289e-07,0.9999959468841553,8.659640684527403e-07
ISIC_0031152,2.605958115964313e-07,9.372252520734037e-07,4.408474012507213e-07,3.884360921801999e-06,1.688631812157837e-07,0.9999926090240479,1.6063887642303598e-06
ISIC_0027054,1.2107468592148507e-06,4.0233121012533957e-07,1.970081257240963e-06,1.708686613710597e-05,8.728541445179872e-08,0.9999781847000122,1.0910255241469713e-06
ISIC_0028574,6.391851457010489e-07,3.1917423370941833e-07,3.971865396579233e-07,1.3611361282528378e-05,2.322823604572477e-07,0.9999831914901733,1.6257430388577632e-06
ISIC_0030725,3.413424565223977e-07,1.2207370048145094e-07,2.2461227899839287e-07,2.631111556183896e-06,3.1352570317721984e-07,0.9999954700469971,9.385265684613842e-07
ISIC_0029739,7.087063522703829e-07,3.7124718232917076e-07,7.772696903884935e-07,9.419420166523196e-06,1.5679634657317365e-07,0.9999864101409912,2.2160438675200567e-06
ISIC_0027946,3.007806981258909e-07,3.2868967991817044e-07,3.752501243070583e-07,1.8007301605393877e-06,1.7471585067596607e-07,0.9999955892562866,1.430173711014504e-06
ISIC_0025139,2.260807008269694e-07,3.8822139458716265e-07,8.314352726301877e-07,1.0590028068691026e-05,2.1116372295182373e-07,0.9999858140945435,1.958071152330376e-06
ISIC_0027947,2.674212851161428e-07,9.09215486899484e-07,3.80567570346102e-07,5.67174720345065e-06,3.453962449384562e-07,0.9999874830245972,4.890918262390187e-06
ISIC_0026932,5.661266868628445e-07,1.2630770243049483e-06,6.24780284397275e-07,1.0247217687719967e-05,2.1192569477079815e-07,0.9999818801879883,5.1040592552453745e-06
ISIC_0027690,3.3511412311781896e-07,4.851627295465732e-07,2.287878032802837e-06,3.4481215607229387e-06,1.3258893716283637e-07,0.9999910593032837,2.2874983187648468e-06
ISIC_0029333,1.0552196272328729e-06,7.09013420419069e-07,8.170031833287794e-07,2.4436774310743203e-06,8.910092788028123e-07,0.9999924898147583,1.6406731901952298e-06
ISIC_0030388,6.228324309631716e-07,9.222206642789388e-08,1.0563209116298822e-06,4.766024630953325e-06,4.242546935984137e-07,0.9999921321868896,8.731805110073765e-07
ISIC_0030499,3.635253733591526e-07,3.1336855954577914e-07,1.7613909619740298e-07,7.277909389813431e-06,5.997465564178128e-07,0.9999891519546509,2.061150325971539e-06
ISIC_0032301,2.4522620378775173e-07,4.12112996173164e-07,5.985901339045085e-07,5.581376171903685e-06,2.8429923304429394e-07,0.9999912977218628,1.6103715552162612e-06
ISIC_0031365,1.9812020468634728e-07,1.1444169558672002e-06,3.3500018048471247e-07,6.655260676780017e-06,4.221186600261717e-07,0.9999896287918091,1.5839516436244594e-06
ISIC_0029105,1.30294594669067e-07,2.1655758075667109e-07,3.477926782124996e-07,9.136415428656619e-07,3.028418859685189e-06,0.9999942779541016,9.846793318502023e-07
ISIC_0024983,3.080928649978887e-07,1.7407977281891363e-07,1.551525087961636e-06,3.223802423235611e-06,2.517469681606599e-07,0.9999914169311523,3.091328380833147e-06
ISIC_0030205,1.9447129773197958e-07,7.587789241370047e-08,3.563568498066161e-07,2.3835750653233845e-06,5.189911462366581e-06,0.9999902248382568,1.473006818741851e-06
ISIC_0028315,7.757660682727874e-07,6.560043743775168e-07,4.447916808203445e-07,9.089301784115378e-06,2.858749041934061e-07,0.999981164932251,7.568461114715319e-06
ISIC_0024942,5.130174258738407e-07,8.920021059566352e-07,3.783803208534664e-07,7.110219939931994e-06,1.9752570779019152e-07,0.9999836683273315,7.219525286927819e-06
ISIC_0026061,1.831601252888504e-06,1.0999950745826936e-06,4.125349732930772e-06,6.51098389425897e-06,1.554398068037699e-07,0.9999852180480957,1.0056082828668877e-06
ISIC_0031426,2.740682703006314e-07,4.3078065914414765e-07,9.072017093103568e-08,4.362388153822394e-06,5.122339530316822e-07,0.9999927282333374,1.4485523252005805e-06
ISIC_0031416,1.2788591163825913e-07,1.613845910242162e-07,1.4767876166388305e-07,8.246842639891838e-07,7.724078727733286e-07,0.9999935626983643,4.459468073036987e-06
ISIC_0030108,2.8134655849498813e-07,2.771070057860925e-07,3.9358565118163824e-07,1.3574685908679385e-06,4.113809382033651e-07,0.9999929666519165,4.369901034806389e-06
ISIC_0025604,3.681040254832624e-07,2.265654757138691e-07,1.1664455996651668e-06,2.067606828859425e-06,2.9749762120445666e-07,0.9999924898147583,3.3691148928483017e-06
ISIC_0029774,3.307501117433276e-07,2.0735966188567545e-07,2.925896467331768e-07,3.278726126154652e-06,4.664359778416838e-07,0.9999923706054688,2.91714673039678e-06
ISIC_0028732,3.5895743621949805e-07,4.4250654696043057e-07,3.903237200120202e-07,3.2299888061970705e-06,1.9871229994805617e-07,0.9999915361404419,3.845103947242023e-06
ISIC_0032217,3.678736391066195e-07,2.1202205857662193e-07,2.1336425959361804e-07,8.9883569671656e-06,3.213382626654493e-07,0.9999873638153076,2.583462446636986e-06
ISIC_0032205,5.838693368787062e-07,3.566243265140656e-07,3.558030812200741e-06,2.8296672098804265e-05,1.1649868270069419e-07,0.9999575614929199,9.589338333171327e-06
ISIC_0026589,2.160936674044933e-06,5.418083901531645e-07,1.2798286661563907e-05,1.987977339013014e-05,1.4079591892368626e-07,0.9999626874923706,1.740589368637302e-06
ISIC_0032475,3.522710358083714e-06,1.4414991937883315e-06,8.746766980038956e-06,6.301279881881783e-06,0.9739479422569275,0.026030253618955612,1.8046185914499802e-06
ISIC_0032294,6.8583367465180345e-06,3.392132384760771e-06,3.2810614811751293e-06,2.8121487048338167e-05,0.47137972712516785,0.5285733938217163,5.271464033285156e-06
ISIC_0030629,6.688275789201725e-06,8.936216318033985e-07,1.1813002856797539e-05,3.083877163589932e-05,1.7223054555870476e-06,0.999690055847168,0.0002579989086370915
ISIC_0031178,1.5324878859246382e-06,5.574258921114961e-07,7.80625305196736e-06,3.282358011347242e-05,4.460225682123564e-06,0.9999011754989624,5.167904237168841e-05
ISIC_0028423,3.2695152185624465e-07,3.8550140857296356e-07,7.03575733496109e-06,1.8619573438627413e-06,5.878621232113801e-05,0.9999309778213501,5.500303927874484e-07
ISIC_0025621,4.5295209361029265e-07,4.861603315475804e-07,6.728022867719119e-07,1.8569529629530734e-06,5.750525815528817e-07,0.9999948740005493,1.0359834732298623e-06
ISIC_0027444,6.763931651221355e-06,3.9795463635527994e-06,5.764780507888645e-05,2.3533259536634432e-06,0.9773919582366943,0.022536423057317734,9.728303211886669e-07
ISIC_0025702,8.628306318314571e-07,6.349724230858556e-07,1.8710630683926865e-05,7.148159397729614e-07,1.3574860531662125e-05,0.9999653100967407,2.0954071544565522e-07
ISIC_0027644,7.852017915865872e-07,1.5669969855025556e-07,9.323394806415308e-06,1.6591933444942697e-06,3.7817881093360484e-05,0.9999496936798096,6.077465855014452e-07
ISIC_0032376,1.5938807337079197e-05,0.0008061319822445512,7.529847061960027e-05,0.00045868215966038406,0.0032411718275398016,0.9943031072616577,0.0010996205965057015
ISIC_0031091,0.00044227016041986644,0.618782639503479,0.0061960164457559586,0.0028109264094382524,0.03375500813126564,0.3249870836734772,0.013026031665503979
ISIC_0026012,4.4329792103781074e-07,1.1584630783545435e-06,9.15642795007443e-06,4.416802312334767e-06,1.5996965885278769e-06,0.9999797344207764,3.489303026071866e-06
ISIC_0029752,2.5332550990242453e-07,8.570038403377112e-07,1.1642082426988054e-05,3.255397359680501e-06,7.523595968450536e-07,0.9999775886535645,5.7136726354656275e-06
ISIC_0027249,1.0721797707446967e-06,1.4968414689064957e-05,5.578683612839086e-07,3.0450157282757573e-05,1.4593315427191556e-06,0.9999393224716187,1.2189283552288543e-05
ISIC_0031563,5.134106686455198e-07,7.1070307967602275e-06,4.2820144585675735e-07,2.253128150186967e-05,9.680251196186873e-07,0.999930739402771,3.7608238926623017e-05
ISIC_0029653,4.560577337997529e-07,3.1077058793016477e-06,9.473887985222973e-06,1.0111365554621443e-05,6.589374606846832e-06,0.9999681711196899,2.041721245404915e-06
ISIC_0029374,4.412745227000414e-07,5.172892997507006e-06,1.8906484910985455e-05,1.1711739716702141e-05,6.418164957722183e-06,0.9999548196792603,2.5641277261456707e-06
ISIC_0031404,1.0151117749046534e-05,0.9979935884475708,2.4076459794741822e-06,1.562244324304629e-05,9.234913886757568e-05,0.0016377497231587768,0.0002481639094185084
ISIC_0026569,2.4952714738901705e-06,0.9999651908874512,9.425847906641138e-07,3.7725508263974916e-06,1.5507698662986513e-06,1.436867933080066e-05,1.1547914255061187e-05
ISIC_0026666,2.105403382302029e-06,8.409389096186715e-08,2.6276702556060627e-05,1.4890348211338278e-05,8.526989404344931e-06,0.9999469518661499,1.0877613476623083e-06
ISIC_0026552,5.245255579211516e-06,2.1344963840874698e-07,8.592595804657321e-06,3.0523013265337795e-05,0.004701253958046436,0.9952489733695984,5.193637207412394e-06
ISIC_0028332,1.503871231989251e-07,8.558068742559044e-08,3.0998437523521716e-06,2.024642299147672e-06,8.770000567892566e-05,0.9999059438705444,9.515696319795097e-07
ISIC_0032334,1.1264503427810268e-06,3.015303775555367e-07,2.4747650968492962e-06,3.1019510515761795e-07,0.9999138116836548,8.145762694766745e-05,4.890905529464362e-07
ISIC_0027987,1.9022360220333212e-07,5.198244821258413e-07,5.004261893759576e-08,1.7402004459654563e-06,1.9141905795549974e-05,0.9999767541885376,1.6015494566090638e-06
ISIC_0032257,2.372491394453391e-07,5.876398176951625e-07,1.7841323085576732e-07,1.401769168296596e-06,7.120754162315279e-06,0.9999896287918091,8.128523063533066e-07
ISIC_0030786,2.3113223505788483e-05,0.016973653808236122,2.5136681870208122e-05,0.9826601147651672,0.00011649695079540834,0.00012409458577167243,7.732836093055084e-05
ISIC_0027284,2.1559266372150887e-07,8.147559782401004e-08,4.3921968995164207e-07,2.3002562556939665e-06,5.016852810513228e-06,0.9999899864196777,1.9881140360666905e-06
ISIC_0024697,4.5889274247201683e-07,1.7568255543665146e-06,2.565932118159253e-05,1.038479786075186e-05,0.0013466858072206378,0.9985826015472412,3.2525291317142546e-05
ISIC_0027537,1.0701571682147915e-06,3.209669614534505e-07,2.5049361283890903e-05,4.57160922451294e-06,0.0027909947093576193,0.9971758127212524,2.1875139282201417e-06
ISIC_0027002,2.1465183408508892e-07,1.0567441677267198e-07,9.433419450033398e-07,5.56849772692658e-06,6.17120235801849e-07,0.9999918937683105,5.892529202355945e-07
ISIC_0026223,1.1521108717715833e-05,2.1863900201424258e-06,0.000297926104394719,3.864618338411674e-05,0.04138754680752754,0.958256185054779,6.057814516680082e-06
ISIC_0029430,3.4189261555184203e-07,5.6899596529547125e-05,0.00030013261130079627,4.487457772484049e-06,0.0010375769343227148,0.9985981583595276,2.4008270429476397e-06
ISIC_0027312,7.210571766336216e-07,0.0003320880059618503,0.0024501385632902384,3.0231392429413972e-06,0.00028794005629606545,0.9969227910041809,3.3353021535731386e-06
ISIC_0024906,9.365658115711994e-08,2.2636606900050538e-07,3.778174004764878e-07,2.1400139758043224e-06,6.332294560706941e-06,0.9999892711639404,1.5231473753374303e-06
ISIC_0025073,2.187031441280851e-06,0.0007635789806954563,3.5736961763177533e-06,2.200159360654652e-05,1.456448262615595e-05,0.9989487528800964,0.0002453560009598732
ISIC_0028401,3.551102167875797e-07,8.304171927875359e-08,1.0390581337560434e-06,9.84486541710794e-06,0.00014764853403903544,0.9998340606689453,6.894815669511445e-06
ISIC_0030371,1.6876649624464335e-06,5.329534928932844e-07,7.040308992145583e-05,6.35641981716617e-06,0.0007996655185706913,0.9991193413734436,2.103877250192454e-06
ISIC_0027738,7.932523294584826e-05,0.00046877359272912145,0.8299572467803955,5.0439593906048685e-05,0.03488573431968689,0.13446849584579468,8.995826647151262e-05
ISIC_0031518,4.275910396245308e-05,0.00028654697234742343,0.16949470341205597,1.2662539120356087e-05,0.24085626006126404,0.5892507433891296,5.63774628972169e-05
ISIC_0027497,1.5443822576344246e-06,5.111023710924201e-07,9.923667221301002e-07,1.2331496691331267e-05,0.0002912319905590266,0.9996905326843262,3.001696541105048e-06
ISIC_0028255,6.531335202453192e-06,2.9386185360635864e-06,1.1363908015482593e-05,3.8713875255780295e-05,0.00021072200615890324,0.9996660947799683,6.355560617521405e-05
ISIC_0029409,6.551886144734453e-07,3.5818203514281777e-07,4.7732241910125595e-06,8.725502880224667e-07,0.00016491435235366225,0.9998279809951782,3.985701368947048e-07
ISIC_0032364,1.8424906329528312e-06,1.1004239013345796e-06,0.008940626867115498,5.349039838620229e-06,0.003298626746982336,0.9877495169639587,3.0426531338889617e-06
ISIC_0030829,1.0130462442248245e-06,8.551556902602897e-07,2.4868409127520863e-06,4.688336503022583e-06,1.1313818504277151e-05,0.9999759197235107,3.725664328158018e-06
ISIC_0025367,4.061376444042253e-07,9.491322430221771e-07,9.786222108232323e-07,3.84183431378915e-06,3.2879695481824456e-06,0.9999876022338867,2.919785401900299e-06
ISIC_0028373,2.350624527025502e-06,1.1659385563689284e-06,1.049559887178475e-05,2.081961838484858e-06,0.004310356453061104,0.9956713914871216,2.147958412024309e-06
ISIC_0024714,2.870439402613556e-06,3.0473270840047917e-07,2.471920379321091e-05,1.7659236846157e-06,4.669202826335095e-05,0.9999227523803711,8.054695967985026e-07
ISIC_0028636,1.0758603252725152e-07,3.3155203027490643e-07,2.3223926746140933e-06,5.854639084645896e-07,1.452773722121492e-05,0.999981164932251,9.310488167102449e-07
ISIC_0025687,1.6856276374710433e-07,4.419498225161078e-07,3.014143601376418e-07,3.558961054750398e-07,3.296436261734925e-05,0.9999648332595825,8.983162729236938e-07
ISIC_0028851,1.4370709777722368e-07,1.651799692581335e-07,3.1431383717972494e-07,2.8456436211854452e-06,1.2075798849764396e-06,0.9999940395355225,1.33810010538582e-06
ISIC_0028527,6.876623046991881e-06,1.442621123715071e-05,0.004471664782613516,5.726951258111512e-06,4.439257099875249e-05,0.995383083820343,7.375347922788933e-05
ISIC_0027244,9.00450595509028e-06,7.4512840910756495e-06,0.2970501482486725,2.0106077499804087e-05,0.6886165142059326,0.014280294999480247,1.639028596400749e-05
ISIC_0025863,3.5650293739308836e-07,2.5988137508647924e-07,1.978168029381777e-06,2.15636168832134e-06,1.1845984772662632e-05,0.9999823570251465,1.0840789173016674e-06
ISIC_0024387,2.1223970634309808e-06,1.5109285413927864e-06,4.422379333846038e-06,6.169554580992553e-06,0.0036715357564389706,0.9963104128837585,3.7585764403047506e-06
ISIC_0031674,5.57495113753248e-05,0.02643647976219654,0.13002468645572662,0.0019190270686522126,0.029625223949551582,0.8038549423217773,0.008083942346274853
ISIC_0025834,1.6248086467385292e-05,0.002563129412010312,0.012381181120872498,0.0005997905973345041,0.014636310748755932,0.9626009464263916,0.007202448323369026
ISIC_0025631,7.54039092498715e-07,9.69091161096003e-07,2.5082927095354535e-05,1.5121688647923293e-06,0.017180945724248886,0.9827896356582642,1.1106999409093987e-06
ISIC_0031337,1.4434417039410619e-07,2.5519148039165884e-07,6.859179393359227e-07,4.349892037680547e-07,2.49497370532481e-05,0.9999731779098511,3.4560088124635513e-07
ISIC_0025555,4.3241826119810867e-07,3.7192023683019215e-07,5.013822828914272e-06,5.6603462326165754e-06,8.817950742923131e-07,0.9999866485595703,1.0963029808408464e-06
ISIC_0032242,8.169252510015212e-07,6.586521408280532e-07,0.00027331034652888775,3.331191237521125e-06,2.33719329116866e-05,0.9996968507766724,1.6091912584670354e-06
ISIC_0024317,3.634061158663826e-07,1.401213012286462e-07,6.685470452794107e-07,2.489018925189157e-06,2.920111728599295e-05,0.9999662637710571,8.353483735845657e-07
ISIC_0028751,5.387145733948273e-07,1.8563864045972878e-07,2.3960637918207794e-07,2.3479894935007906e-06,7.3063556556007825e-06,0.9999867677688599,2.477994712535292e-06
ISIC_0027024,2.8819997055506974e-07,2.856655214600323e-07,1.58113437009888e-07,9.259562148145051e-07,0.00012454007810447365,0.999873161315918,6.959884331081412e-07
ISIC_0028977,3.482482134131715e-05,9.331691899205907e-07,0.9993940591812134,3.992858182755299e-06,5.89971496083308e-05,0.000504171650391072,3.000611741299508e-06
ISIC_0033859,0.0004941993393003941,1.6977446648525074e-05,0.3321223258972168,5.3722396842204034e-05,0.0012565983925014734,0.6659483909606934,0.0001077949273167178
ISIC_0031546,1.491847115175915e-06,2.761809128060122e-07,1.970847552001942e-05,1.743241341500834e-06,5.6659784604562446e-05,0.9999192953109741,7.79836966557923e-07
ISIC_0028287,2.013997999483763e-07,5.464177093017497e-07,1.7898301507557335e-07,1.4813676898484118e-06,1.5141446283450932e-06,0.9999939203262329,2.112964921252569e-06
ISIC_0032633,1.5386852680876473e-07,5.479483888848335e-07,2.3647689886274748e-06,3.4950798522004334e-07,7.153514889068902e-05,0.9999245405197144,4.981833399142488e-07
ISIC_0034298,3.2523877280254965e-07,6.731466442033707e-07,6.846322776254965e-06,4.566873030853458e-07,4.667522262025159e-06,0.9999867677688599,2.5679867121652933e-07
ISIC_0033971,4.986679300600372e-07,9.538296552591419e-08,5.906092610530322e-07,3.368106945345062e-06,6.959997335798107e-06,0.9999860525131226,2.4372661755478475e-06
ISIC_0032527,5.61545675736852e-07,9.20642477808542e-08,4.108540281322348e-07,5.877951480215415e-06,3.433194069657475e-05,0.9999558925628662,2.7913333724427503e-06
ISIC_0032964,1.7357818649088586e-07,9.424510238886796e-08,6.994907266744121e-07,1.4286412124420167e-06,1.1791828455898212e-06,0.9999954700469971,9.43665725117171e-07
ISIC_0033363,4.476399681152543e-06,1.3909145764046116e-06,1.2679569408646785e-05,1.7747331639839103e-06,0.007739701773971319,0.9922387003898621,1.3109857945892145e-06
ISIC_0033058,4.3201254129598965e-07,3.5201645687266137e-07,4.419877768668812e-06,6.838714625700959e-07,0.0025525172241032124,0.9974404573440552,1.06380173292564e-06
ISIC_0032924,5.314302597980713e-07,2.4662898567839875e-07,2.381009289820213e-05,5.724695029130089e-07,0.0006121317856013775,0.9993621706962585,5.782445668955916e-07
ISIC_0033852,5.065683694738254e-07,3.589871084841434e-07,5.571354631683789e-05,1.8309084452994284e-06,0.004577937535941601,0.9953615069389343,2.2787589841755107e-06
ISIC_0033775,5.316603619576199e-07,4.802184889740602e-07,4.7760688175912946e-05,1.120759520745196e-06,0.0017472718609496951,0.9982008934020996,1.914067752295523e-06
ISIC_0033561,9.766466973815113e-06,7.043571258691372e-06,0.1018240749835968,6.316009148576995e-06,0.28451037406921387,0.6136313676834106,1.1100046322098933e-05
ISIC_0034225,4.1290547869721195e-07,4.3287562334626273e-07,3.32262999336308e-07,2.4644136829010677e-06,1.4371527868206613e-05,0.9999812841415405,6.59357510812697e-07
ISIC_0032916,4.874812589150679e-07,4.2898798824353435e-07,7.752734632049396e-08,7.142787126213079e-06,0.000444980978500098,0.9995402097702026,6.674250016658334e-06
ISIC_0033756,2.1049740439593734e-07,2.8396328843882657e-07,1.0585558811726514e-06,9.604733577361912e-07,6.398427558451658e-06,0.9999905824661255,5.166222081243177e-07
ISIC_0025619,2.8242643566045444e-06,2.4237704110419145e-06,6.498664220089267e-07,1.0036443200078793e-05,0.00022938521578907967,0.9997339844703674,2.072491406579502e-05
ISIC_0033823,1.3689199818145426e-07,2.1765778512872203e-07,3.85096512900418e-07,1.2379415466057253e-06,5.2514792514557485e-06,0.9999921321868896,6.587179086636752e-07
ISIC_0032954,1.4265364711718576e-07,1.0047746172858751e-06,8.132668654070585e-07,1.174485305455164e-06,0.00031335270614363253,0.9996775388717651,6.0564238992810715e-06
ISIC_0033371,1.1161890256516926e-07,2.9548368729592767e-07,1.0366682090534596e-06,6.745188443346706e-07,4.346838977653533e-05,0.9999537467956543,6.8039486222915e-07
ISIC_0029953,1.2806711993107456e-06,4.3342876665519725e-07,5.537419565371238e-05,7.057887160044629e-06,1.5423644299517036e-06,0.9999337196350098,5.695830509466759e-07
ISIC_0027643,2.642402023411705e-06,8.03559430551104e-07,4.52101812697947e-05,1.2796075452570221e-06,0.0006561495247296989,0.9992928504943848,9.783313998923404e-07
ISIC_0033227,5.5360101214319e-07,3.807631401286926e-07,2.037406011368148e-05,7.601682909808005e-07,0.00016244630387518555,0.9998145699501038,1.0679448223527288e-06
ISIC_0033365,3.2810601169330766e-07,2.575523012637859e-07,1.8663138689589687e-05,3.906058338998264e-07,2.7662836146191694e-05,0.9999520778656006,6.442330118261452e-07
ISIC_0033959,6.537779881909955e-06,5.716076339012943e-05,0.00016660013352520764,2.1053836462670006e-05,0.16269618272781372,0.8370473980903625,4.999074008082971e-06
ISIC_0032914,1.1352132105457713e-06,1.8172897853219183e-06,0.0003352055500727147,1.3909082099416992e-06,0.00015560848987661302,0.9995043277740479,4.710484233783063e-07
ISIC_0033309,1.2055852494086139e-05,3.0305418476928025e-06,0.0034963570069521666,1.0420206308481283e-05,0.016810297966003418,0.9796635508537292,4.3314735194144305e-06
ISIC_0031904,2.153569539586897e-06,1.607314317197961e-07,7.544839172624052e-05,9.839790209298371e-07,7.633188943145797e-06,0.9999130964279175,5.420233719632961e-07
ISIC_0026177,3.1326146654464537e-07,7.29385533304594e-07,5.835012052557431e-05,1.5323076922868495e-06,0.00025400170125067234,0.9996844530105591,6.493243631666701e-07
ISIC_0025990,3.740044485311955e-05,1.2843892363889609e-05,0.017116781324148178,1.915307166200364e-06,0.000312590942485258,0.9825152158737183,3.1841170766711002e-06
ISIC_0025778,3.711660974659026e-05,5.872423207620159e-05,0.12049296498298645,1.3905806554248556e-05,0.25212472677230835,0.627255380153656,1.7210579244419932e-05
ISIC_0027250,1.6710300769773312e-05,1.6761103324824944e-05,8.802594493317883e-06,5.259817044134252e-05,0.0033375166822224855,0.996356725692749,0.0002109431807184592
ISIC_0025309,2.206468479926116e-06,3.560610139174969e-06,5.595632046606624e-07,1.031014289765153e-05,0.00016040710033848882,0.9998133778572083,9.472330930293538e-06
ISIC_0026883,5.1713450375245884e-05,0.00044249717029742897,0.003043916542083025,0.00023480998061131686,2.7058158593717963e-06,0.9961814880371094,4.29758511018008e-05
ISIC_0031412,0.0007475136662833393,0.0007512631709687412,0.004194003064185381,0.9849148988723755,0.0003596376336645335,0.008043970912694931,0.0009887078776955605
ISIC_0024344,1.907113619381562e-05,1.6146805137395859e-06,0.002690249355509877,3.867321356665343e-05,0.5825504064559937,0.4146944284439087,5.4617585192318074e-06
ISIC_0025836,7.211947377072647e-05,1.0340475000703009e-06,0.0001014183580991812,2.835536542988848e-05,0.9439556002616882,0.05583220720291138,9.140727343037724e-06
ISIC_0026384,6.372305051627336e-06,1.5235636965371668e-06,3.6201927287038416e-05,1.3353350368561223e-05,0.01640433445572853,0.9835225939750671,1.5539490050286986e-05
ISIC_0028436,3.4553572731965687e-06,2.6621858069120208e-06,3.073213156312704e-05,1.567220351716969e-05,0.06526509672403336,0.9346747994422913,7.557551725767553e-06
ISIC_0032374,0.00041317977593280375,0.001518351142294705,0.007074992172420025,0.004598043393343687,3.2517487852601334e-05,0.9856868386268616,0.0006760794203728437
ISIC_0025855,0.05316168814897537,0.03948893025517464,0.7172672748565674,0.04920196905732155,0.004733153618872166,0.10972248017787933,0.026424473151564598
ISIC_0025541,3.2633400337545027e-07,2.202822770414059e-06,4.870277734880801e-06,2.6882213205681182e-05,1.301197130487708e-06,0.9999611377716064,3.260053972553578e-06
ISIC_0025117,8.426247859461e-07,1.0022687092714477e-05,4.047690254083136e-06,1.9546312614693306e-05,1.9260910448792856e-06,0.9999464750289917,1.711692129902076e-05
ISIC_0032009,4.23578910613287e-07,4.979393679604982e-07,1.7922704500961117e-05,5.201251042308286e-06,1.8046195691567846e-05,0.9999573230743408,5.703955707758723e-07
ISIC_0032784,1.5567907496460975e-07,1.8382461064447853e-07,1.3813161103826133e-07,1.933124849529122e-06,7.2915718192234635e-06,0.9999878406524658,2.388292841715156e-06
ISIC_0033459,2.733376049945946e-06,6.926985633981531e-07,2.1519012079807e-05,2.5098675905610435e-05,0.00869462825357914,0.9911508560180664,0.00010449148248881102
ISIC_0032710,6.506868430733448e-07,1.8405891921702278e-07,1.0993579735441017e-06,4.720302968053147e-06,0.0003708014846779406,0.9996080994606018,1.4312817256723065e-05
ISIC_0033231,3.3432803547839285e-07,2.2334624816267024e-07,1.3215706076152856e-06,4.753876510221744e-07,0.9994471669197083,0.0005500394036062062,4.1614026713432395e-07
ISIC_0033035,2.359954720532187e-07,3.2145254635906895e-07,3.281056706327945e-05,7.850657652852533e-07,0.00012011306534986943,0.9998451471328735,4.890346190222772e-07
ISIC_0032525,1.0574715361144627e-06,1.113667508434446e-06,0.0002187595091527328,4.503257059695898e-06,0.8121212124824524,0.1876497119665146,3.572446985344868e-06
ISIC_0033825,1.8316793557460187e-06,1.4109955372987315e-06,2.0882189346593805e-05,1.708172021608334e-05,0.9394356608390808,0.06050904467701912,1.4207411368261091e-05
ISIC_0033857,1.604938915988896e-06,1.8661913827600074e-06,2.861927896447014e-05,5.231638169789221e-06,0.9948059916496277,0.005155972205102444,6.866100648039719e-07
ISIC_0032731,4.6424020183621906e-06,7.470025593647733e-07,1.8834158254321665e-05,1.3031664821028244e-05,0.9729242324829102,0.027034476399421692,3.988292064605048e-06
ISIC_0032802,2.0638513831272576e-07,1.8799019585458154e-07,2.763134432370862e-07,3.0984372187958797e-06,2.1269793251121882e-06,0.999992847442627,1.2413662489052513e-06
ISIC_0032551,7.258775553964369e-07,3.316080210424843e-08,1.2774835340678692e-05,1.7659267541603185e-06,2.1497988200280815e-05,0.9999616146087646,1.63940876518609e-06
ISIC_0033544,3.490230824354512e-07,5.3850516934517145e-08,1.907448677229695e-05,1.7779553900254541e-06,0.0001465818495489657,0.9998311996459961,1.0154413985219435e-06
ISIC_0033906,5.468819495035859e-07,4.841437544200744e-07,5.155593498784583e-06,3.998115971626248e-06,0.0006383627187460661,0.999347984790802,3.3702458495099563e-06
ISIC_0033298,3.1243536113834125e-07,3.5355287764105015e-07,4.545832325675292e-06,1.8536543393565807e-06,5.213699478190392e-05,0.9999402761459351,4.127834642986272e-07
ISIC_0034210,2.859390235698811e-07,4.950837251271878e-07,1.4382683275471209e-06,2.7781495646195253e-06,0.003944831434637308,0.996048629283905,1.6515623428858817e-06
ISIC_0034111,2.458941992244945e-07,9.091923516280076e-07,3.811946953646839e-05,8.231328138208482e-06,7.175272003223654e-07,0.9999487400054932,2.966586635011481e-06
ISIC_0032676,2.8953880359949835e-07,6.316363965197525e-07,2.2211952455108985e-05,8.412876923102885e-06,2.6818254355021054e-06,0.9999637603759766,1.998547531911754e-06
ISIC_0034077,3.9633724213672394e-07,8.06791774721205e-07,9.886036878015148e-07,6.414371910068439e-06,5.710394816560438e-06,0.999983549118042,2.1147350253158947e-06
ISIC_0032761,1.192297247598617e-07,5.002668785891728e-07,1.6071248865046073e-07,8.892102414392866e-06,4.2376886995043606e-05,0.9999382495880127,9.691283594293054e-06
ISIC_0033160,2.2856656300973555e-07,4.984294150744972e-07,2.305867212726298e-07,3.3514627375552664e-06,2.5114741220022552e-05,0.9999692440032959,1.4071638361201622e-06
ISIC_0033930,5.991812201955327e-08,3.3022323009390675e-07,1.2469656951452635e-07,3.0486867217405234e-06,2.5377259589731693e-05,0.9999697208404541,1.2622381291294005e-06
ISIC_0025009,2.0464665794861503e-05,1.3623516679217573e-05,1.5596173398080282e-05,9.220783249475062e-05,6.526673587359255e-06,0.9997962117195129,5.538517507375218e-05
ISIC_0033492,4.817850367544452e-07,3.896438158790261e-07,7.152502348617418e-06,3.097002945651184e-06,0.012389305979013443,0.987598717212677,9.866382697509835e-07
ISIC_0032548,3.4514805520302616e-06,3.786153456530883e-06,0.00011758883920265362,8.274871106550563e-06,0.9256496429443359,0.07421492785215378,2.408696900602081e-06
ISIC_0033106,8.089879770523112e-07,1.2957980288774706e-06,8.127032742777374e-06,6.3303714341600426e-06,0.10901396721601486,0.8909679651260376,1.4187583019520389e-06
ISIC_0034153,4.2601463064784184e-05,0.9985463619232178,7.218604878289625e-05,9.724292794999201e-06,0.0006792953936383128,0.0006380394916050136,1.1836127669084817e-05
ISIC_0034017,2.1263547751004808e-05,0.9922245740890503,5.634730769088492e-06,3.3266114769503474e-05,1.2432108633220196e-05,0.007665437646210194,3.738901068572886e-05
ISIC_0034060,1.252732886314334e-07,1.3680886468137032e-07,2.088008841383271e-07,1.5472573977604043e-06,7.979108886502218e-06,0.9999892711639404,7.304426503651484e-07
ISIC_0033002,1.7549014330597856e-07,1.4812347615134058e-07,2.4749655835876183e-07,1.8911173356173094e-06,8.072449418250471e-06,0.9999886751174927,7.900013088146807e-07
ISIC_0033683,4.6362697503354866e-07,8.077382176452375e-07,1.6086252117020194e-06,6.5495246417413e-06,0.004925539717078209,0.9950599074363708,5.1512538448150735e-06
ISIC_0032707,9.791202728592907e-07,1.3583138525063987e-06,9.960542229237035e-05,6.3152915572572965e-06,0.9128504395484924,0.08703923970460892,2.019299017774756e-06
ISIC_0034311,5.842535301781027e-06,3.2848847695277072e-06,2.528033292037435e-05,4.211354098515585e-05,0.5124927163124084,0.4874241352081299,6.546356871695025e-06
ISIC_0032853,1.4935544641048182e-06,1.6515909919689875e-06,1.911872686832794e-06,5.134248112881323e-06,0.0005976377869956195,0.9993914365768433,7.177869179031404e-07
ISIC_0034148,1.2402296079017106e-07,1.979059618406609e-07,6.962247880437644e-06,1.6128300330819911e-06,3.795616430579685e-05,0.9999527931213379,2.954492970275169e-07
ISIC_0034241,2.1930968330252654e-07,2.762626820640435e-07,2.2832497052149847e-05,3.001125151058659e-06,0.00019425027130637318,0.9997785687446594,8.961066555457364e-07
ISIC_0033558,1.847290036494087e-06,5.9340732150303666e-06,1.417476414644625e-05,2.2784211978432722e-05,1.2985828107048292e-05,0.999937891960144,4.376120159577113e-06
ISIC_0033590,3.9252617511920107e-07,7.992630344233476e-06,2.77363255918317e-06,1.928172969201114e-05,7.575046311103506e-06,0.9999582767486572,3.700228035086184e-06
ISIC_0033303,7.760962034808472e-06,1.6859248717082664e-05,4.3200154323130846e-05,3.439656939008273e-05,3.250529698561877e-05,0.9998577833175659,7.429825473082019e-06
ISIC_0032584,5.642983751386055e-07,2.618936036924424e-07,1.3520416359824594e-06,5.480726940731984e-06,2.2733636342309183e-06,0.9999840259552002,6.026793471392011e-06
ISIC_0033731,9.700650025479263e-07,1.076666990229569e-06,2.3876778868725523e-05,7.895802809798624e-06,6.339554374790168e-07,0.9999597072601318,5.907810191274621e-06
ISIC_0032644,1.8761885485218954e-06,2.4662466557856533e-07,1.1430873200879432e-05,8.307250936923083e-06,5.517173485714011e-05,0.9999052286148071,1.766360401234124e-05
ISIC_0032969,6.415144980564946e-06,2.0411264358699555e-06,0.00019877760496456176,6.948011105123442e-06,0.7233445644378662,0.27643701434135437,4.251343398209428e-06
ISIC_0033894,9.276684977521654e-06,9.568808536641882e-07,1.8031734725809656e-05,3.4169613627454964e-06,0.9068297743797302,0.09313496202230453,3.5982459394290345e-06
ISIC_0032478,3.7369559322542045e-06,3.7133454497961793e-06,0.0006100210011936724,5.931583928031614e-06,0.9598662257194519,0.039505485445261,4.774391527462285e-06
ISIC_0032765,1.1392521628295071e-05,6.0426054915296845e-06,0.004630228970199823,1.6323439922416583e-05,0.057900797575712204,0.9374287128448486,6.474132078437833e-06
ISIC_0033093,5.221049832471181e-06,1.0060416570922825e-06,5.484031134983525e-06,1.0621838555380236e-05,0.0002850060991477221,0.9996874332427979,5.308263553160941e-06
ISIC_0033501,1.2111381693102885e-05,2.3598995539941825e-06,9.36686137720244e-06,6.209292041603476e-05,0.005640456918627024,0.99425208568573,2.1491217921720818e-05
ISIC_0032677,2.3347636215476086e-06,2.751523311417259e-07,3.267733336542733e-05,1.1619763427006546e-06,9.863085324468557e-06,0.9999521970748901,1.4728735777680413e-06
ISIC_0032649,4.05488435717416e-07,5.025177074458043e-07,1.006916249934875e-06,2.6716566026152577e-06,1.3806177321384894e-06,0.9999938011169434,3.2071912414721737e-07
ISIC_0034109,3.327466799873946e-07,1.923822168237166e-07,3.4530361858742253e-07,1.36870903588715e-06,1.006551246973686e-05,0.9999872446060181,4.442564431883511e-07
ISIC_0033439,2.373994675508584e-06,7.892193139014125e-07,7.852497219573706e-06,2.0654381387430476e-06,6.017139821778983e-05,0.9999263286590576,4.3721090037251997e-07
ISIC_0033451,6.894608759466792e-07,3.0012503771104093e-07,2.397853859292809e-05,2.5098645437537925e-06,0.9815874695777893,0.018377717584371567,7.399547939712647e-06
ISIC_0033552,2.711017941692262e-06,9.500228088654694e-07,2.082626633637119e-05,1.9229514691687655e-06,0.002978091361001134,0.9969922304153442,3.27775819641829e-06
ISIC_0034310,1.2209166015964001e-06,7.96545066350518e-07,0.000990847242064774,1.700466668808076e-06,0.0017512934282422066,0.997250497341156,3.6706580885947915e-06
ISIC_0033083,2.4046544240263756e-06,1.3697898566533695e-06,6.640245555900037e-05,6.637298611167353e-06,3.7389909266494215e-05,0.9998753070831299,1.052756852004677e-05
ISIC_0033133,6.590942689399526e-07,2.4490597638759937e-07,3.731586843969126e-07,8.282776434498373e-06,2.6817428988579195e-06,0.9999845027923584,3.3139810966531513e-06
ISIC_0033352,1.975828070044372e-07,1.5563792032935453e-07,3.6219043408891594e-07,2.425469801892177e-06,1.0448661669215653e-06,0.9999942779541016,1.5621942566212965e-06
ISIC_0032639,1.6319985718382668e-07,1.2764071755100304e-07,2.7825294068861695e-07,8.76307296948653e-07,1.3463725736073684e-05,0.999984622001648,5.29716430719418e-07
ISIC_0033525,1.383626653250758e-07,6.708339128635998e-08,1.0289377314620651e-06,9.86915779321862e-07,4.2307088733650744e-05,0.9999550580978394,3.886765966854e-07
ISIC_0033943,4.035126494272845e-06,0.00036523074959404767,0.0004383876803331077,1.1265363355050795e-05,0.05873166769742966,0.9404405355453491,8.89289913175162e-06
ISIC_0033434,5.127884287503548e-05,0.0016025725053623319,0.0007862410857342184,2.8357082555885427e-05,0.49267852306365967,0.5048461556434631,6.865588602522621e-06
ISIC_0033006,3.662001063275966e-06,1.6609573094683583e-07,2.401454594291863e-06,5.059038812760264e-06,8.415352203883231e-05,0.9999017715454102,2.85526721199858e-06
ISIC_0032518,8.9758395915851e-06,1.1518915243868832e-06,3.9939895941643044e-06,8.318666004925035e-06,2.4370399842155166e-05,0.9999394416809082,1.3649932043335866e-05
ISIC_0033548,1.079964590644522e-06,5.935567060078029e-07,1.5103872783583938e-06,8.620479093224276e-06,1.3389402738539502e-05,0.9999641180038452,1.0736025615187827e-05
ISIC_0033737,1.3878544677936588e-06,1.332948329491046e-07,2.8164342438685708e-05,1.0367562026658561e-06,0.00023487360158469528,0.9997314810752869,2.8547976853587897e-06
ISIC_0033932,4.147896106587723e-07,8.758802749753158e-08,3.2405780530098127e-06,1.6864728422660846e-06,4.1944995246012695e-06,0.9999868869781494,3.4306870020373026e-06
ISIC_0033532,1.35410090251753e-07,1.821314867811452e-07,7.981249723343353e-07,6.075700866858824e-07,3.3556148991920054e-05,0.9999643564224243,2.814906849835097e-07
ISIC_0032713,5.325400707079098e-07,7.624444720022439e-07,6.193317290126288e-07,3.7934905776637606e-06,0.00015049727517180145,0.9998431205749512,6.346672876134107e-07
ISIC_0033541,2.247677684863447e-06,1.948221552083851e-06,2.4758101062616333e-06,4.734018602903234e-06,3.660472430055961e-06,0.9999830722808838,1.8743439795798622e-06
ISIC_0032670,5.044709041612805e-07,2.9436080239975126e-07,6.32702437997068e-07,2.5007716430991422e-06,2.6746590719994856e-06,0.9999926090240479,7.964191581777413e-07
ISIC_0033441,6.117599582466937e-07,5.897883283978445e-07,1.41335328862624e-06,1.6011298384910333e-06,2.1612354430544656e-06,0.9999922513961792,1.3710218809137587e-06
ISIC_0034009,9.843279258348048e-07,1.3745078604188166e-06,0.003593104425817728,1.3953851976111764e-06,2.0885652247670805e-06,0.9963984489440918,2.5422455109946895e-06
ISIC_0034305,3.715892660238751e-07,8.303094887196494e-07,1.6883681382751092e-05,6.41165740944416e-07,2.49402205554361e-06,0.9999784231185913,4.3986599962408945e-07
ISIC_0034097,2.4328396648343187e-06,5.732099452870898e-07,0.00042375107295811176,8.617965931989602e-07,1.7958105672732927e-05,0.9995539784431458,4.36825587257772e-07
ISIC_0033462,7.965133477227937e-07,3.81453958198108e-07,4.3498216655279975e-06,2.1284387912601233e-05,4.973648628947558e-06,0.9999477863311768,2.0387347831274383e-05
ISIC_0033191,7.176545864240325e-07,1.9246697036123805e-07,4.243957505423168e-07,1.0117681085830554e-05,7.1481650820715e-07,0.9999793767929077,8.369816896447446e-06
ISIC_0033875,4.2533199007266376e-07,4.6480764126499707e-07,1.4429979273700155e-06,9.643712246543146e-07,5.999238055665046e-06,0.9999904632568359,2.849901079571282e-07
ISIC_0034200,3.676647963857249e-07,6.686130973321269e-07,2.4718631266296143e-06,1.191554474644363e-06,1.0406936326035066e-06,0.9999935626983643,6.921839030837873e-07
ISIC_0033197,2.2621972561864823e-07,3.513577553349023e-07,1.4498290568099037e-07,2.0623303953470895e-06,1.0749148486866034e-06,0.9999949932098389,1.1881666068802588e-06
ISIC_0032896,1.0316430234524887e-06,2.9070522487018025e-06,3.540003262969549e-06,3.36838547809748e-06,6.678616841782059e-07,0.9999781847000122,1.03173606476048e-05
ISIC_0034166,9.96589506030432e-07,1.0938507557511912e-06,3.5935347568738507e-06,1.3308735105965752e-05,2.1508120084945404e-07,0.999968409538269,1.2358251296973322e-05
ISIC_0034217,8.136786163959187e-06,2.9959151106595527e-06,1.658261680859141e-05,1.6777335986262187e-05,7.582538728456711e-06,0.9999264478683472,2.1401296180556528e-05
ISIC_0032952,1.695031983217632e-06,4.312903740810725e-07,5.50577442481881e-06,2.6624616111803334e-06,1.990931650652783e-06,0.9999850988388062,2.6194745714747114e-06
ISIC_0033463,3.098017623415217e-05,7.231556992337573e-06,6.952077092137188e-05,0.00013160065282136202,0.03195792809128761,0.9677821397781372,2.0531200789264403e-05
ISIC_0033757,7.114759500836954e-05,2.471834341122303e-05,0.11427729576826096,0.0003379149711690843,0.06870756298303604,0.8163673281669617,0.00021401362027972937
ISIC_0032588,1.55700519144375e-07,4.826231929655478e-07,9.67115397543239e-07,6.613066716454341e-07,2.7595722713158466e-05,0.9999691247940063,9.576622232998488e-07
ISIC_0033033,3.727882642579061e-07,1.5017974419606617e-07,3.701393552546506e-06,9.788766419660533e-07,2.65385697275633e-05,0.9999680519104004,2.8394634910000605e-07
ISIC_0033390,1.347445248711665e-07,1.5193475633168418e-07,8.956955753092188e-06,9.487061447543965e-07,3.673603941933834e-06,0.9999858140945435,3.189906863099168e-07
ISIC_0033836,5.818737349727598e-07,2.3289102557555452e-07,1.6081285139080137e-06,2.243899871245958e-06,3.998248416792194e-07,0.9999946355819702,2.7666544610838173e-07
ISIC_0029531,2.521467649785336e-06,1.0575174201221671e-05,0.00034989690175279975,8.364733730559237e-06,0.00026273555704392493,0.9993587136268616,7.168573574745096e-06
ISIC_0030961,2.8996728360652924e-06,2.2444983187597245e-06,2.7643593057291582e-05,3.103078370259027e-06,0.0001309286744799465,0.9998311996459961,1.9808194338111207e-06
ISIC_0030626,3.998772797331185e-07,2.534773955176206e-07,7.703206961195974e-07,3.307577003397455e-07,8.476304174109828e-06,0.9999895095825195,3.0011523222128744e-07
ISIC_0031163,2.7563387448026333e-06,1.6148860026987677e-07,2.4022626803343883e-06,5.693491402780637e-07,6.040869629941881e-05,0.999933123588562,5.882581604055304e-07
ISIC_0032496,8.136946235026699e-06,3.1518111427430995e-06,3.376842641955591e-06,1.4006865058036055e-05,4.0129981471181964e-07,0.9999489784240723,2.192816282331478e-05
ISIC_0027246,1.8414801843391615e-06,1.6999478020807146e-06,1.1142002449560096e-06,1.2929583590448601e-06,0.0033203675411641598,0.9966723918914795,1.3259877960081212e-06
ISIC_0025695,8.661080528327147e-07,5.134212983648467e-07,2.3457198494725162e-06,4.265736151864985e-06,1.1946233826165553e-05,0.9999780654907227,1.9670019355544355e-06
ISIC_0026427,5.867347567800607e-07,1.5204338978946907e-06,3.7658705878129695e-06,7.6708956839866e-06,1.7097003365051933e-05,0.9999666213989258,2.728118943196023e-06
ISIC_0025045,7.823369742254727e-06,2.223356858621628e-07,3.1703884815215133e-06,3.725382703123614e-05,0.0006017556879669428,0.9993488192558289,8.585651016801421e-07
ISIC_0030543,3.222024361093645e-06,1.0480221135367174e-06,1.7322605572189786e-06,5.947926183580421e-05,1.8998587620444596e-05,0.9999145269393921,1.0128710528078955e-06
ISIC_0024608,4.958425506629283e-06,1.8769408143270994e-06,1.6595940905972384e-05,2.8492546334746294e-05,0.6739829778671265,0.32594752311706543,1.7528387616039254e-05
ISIC_0025267,2.7068247732131567e-07,6.380723505117203e-08,9.084881753551599e-07,1.6195831449294928e-06,6.798995309509337e-05,0.9999282360076904,7.865122029215854e-07
ISIC_0029581,7.095865157680237e-07,1.1298298119299943e-07,1.2321661415626295e-06,4.599767635227181e-06,0.0003254263720009476,0.9996665716171265,1.2739310477627441e-06
ISIC_0029814,5.2330829021229874e-06,1.885111231558767e-07,4.766260462929495e-05,7.076296697050566e-06,0.006699688266962767,0.9932367205619812,3.3391777378710685e-06
ISIC_0031481,6.920206487848191e-06,2.2631397200711945e-07,0.00016462565690744668,9.033142305270303e-06,0.0013959172647446394,0.9984204769134521,2.8151655442343326e-06
ISIC_0030284,3.6419757520889107e-07,2.0098728725770343e-07,4.257413763752993e-07,4.44723445980344e-06,1.3129667422617786e-05,0.9999806880950928,6.935671876817651e-07
ISIC_0024319,1.0094605613630847e-06,2.708042927679344e-07,1.2357057130429894e-05,1.0678278385967133e-06,1.2328689081186894e-05,0.9999719858169556,1.0538202559473575e-06
ISIC_0030243,2.9647455903614173e-06,8.2358320696585e-07,1.602273914613761e-05,4.185198122286238e-06,0.00018944429757539183,0.9997848868370056,1.678284206718672e-06
ISIC_0032058,7.487314633181086e-06,1.022572746478545e-06,1.5704139514127746e-05,7.725555406068452e-06,0.00022048279060982168,0.999743640422821,3.888540959451348e-06
ISIC_0030841,3.816492437636043e-07,3.475738310498855e-07,1.2813449075110839e-06,1.8717408920565504e-06,0.9997052550315857,0.0002879330422729254,2.9330697088880697e-06
ISIC_0024361,7.474003723473288e-06,2.9253635602799477e-06,1.5984689525794238e-05,5.4641757742501795e-05,0.005898600444197655,0.9940102100372314,1.0157154065382201e-05
ISIC_0028581,4.474593879422173e-05,6.1213863773446064e-06,1.648193756409455e-05,5.164848698768765e-05,0.505570113658905,0.4942699074745178,4.102105594938621e-05
ISIC_0030773,2.1968241981085157e-06,5.884842266823398e-07,6.126447715359973e-06,2.3531376882601762e-06,0.00016201066318899393,0.9998252987861633,1.4186209682520712e-06
ISIC_0028692,1.7018946891766973e-06,1.2026683862131904e-06,3.256176114518894e-06,1.7592509493624675e-06,0.00022182503016665578,0.9997685551643372,1.7375898551108548e-06
ISIC_0032260,3.4521719499025494e-05,6.102945917518809e-07,6.8858930717397016e-06,5.322629021975445e-06,0.996076762676239,0.00387390423566103,1.8880502921092557e-06
ISIC_0030933,0.00011456499487394467,0.00013639563985634595,1.2392515600367915e-05,6.935006967978552e-05,1.3661766388395336e-05,0.9996426105499268,1.093810897145886e-05
ISIC_0025043,0.0004955168114975095,3.894558176398277e-05,1.6248579413513653e-05,3.915221896022558e-05,1.2125079592806287e-05,0.9993925094604492,5.396520919020986e-06
ISIC_0026272,6.841336812613008e-07,2.1806789618494804e-07,4.077235473687324e-07,1.4788713087909855e-05,2.379360353188531e-07,0.9999815225601196,2.1052692318335176e-06
ISIC_0024658,6.466920012826449e-07,1.7421587017452111e-07,2.8774090310434985e-07,1.0394793207524344e-05,3.41078930432559e-07,0.9999861717224121,2.039403170783771e-06
ISIC_0028957,5.103718763166398e-07,1.608967181709886e-07,3.203321625733224e-07,9.257621059077792e-06,2.644491416958772e-07,0.9999881982803345,1.2723883173748618e-06
ISIC_0030615,3.934656433557393e-06,4.783467375091277e-06,0.0048338016495108604,6.18161857346422e-06,0.00014042985276319087,0.9950098991394043,1.0643292398526683e-06
ISIC_0027412,2.2598935629503103e-06,1.5291927013549866e-07,5.973773113510106e-06,2.0606021280400455e-06,4.251141217537224e-05,0.9999463558197021,7.684985234845954e-07
ISIC_0027574,2.8947175678695203e-07,2.22807261707203e-06,1.024589323606051e-06,7.157430445658974e-06,3.3079717809414433e-07,0.9999858140945435,3.0807220809947466e-06
ISIC_0030058,3.602590084028634e-07,1.684255153122649e-06,1.5127890264921007e-06,3.354077307449188e-06,2.6784459805639926e-07,0.9999908208847046,2.0893694454571232e-06
ISIC_0028360,3.890870914347033e-07,4.376914830572787e-07,1.6345107667348202e-07,5.595082711806754e-06,5.717808448935102e-07,0.9999921321868896,6.886990036036877e-07
ISIC_0029861,3.616923436311481e-07,5.366204050005763e-07,1.8090854325691907e-07,5.337812126526842e-06,6.148605393718753e-07,0.9999923706054688,5.567530365624407e-07
ISIC_0024366,3.616923436311481e-07,5.366204050005763e-07,1.8090854325691907e-07,5.337812126526842e-06,6.148605393718753e-07,0.9999923706054688,5.567530365624407e-07
ISIC_0031657,2.9618487928928516e-07,1.9147404373143218e-07,5.577323918259935e-07,5.5293921832344495e-06,2.4746134386077756e-07,0.9999922513961792,9.669709015724948e-07
ISIC_0030077,2.2797807730512432e-07,1.306488854879717e-07,5.391459012571431e-07,7.060613825160544e-06,2.981291231662908e-07,0.9999909400939941,7.970302817739139e-07
ISIC_0029865,3.401321748697228e-07,1.5608588910254184e-07,1.044951659423532e-06,6.926857622602256e-06,6.996031629569188e-07,0.9999902248382568,6.92436401550367e-07
ISIC_0029938,7.242757646963582e-07,1.8816433566826163e-07,9.540535756968893e-06,1.4304451951829833e-06,1.948581302713137e-05,0.9999679327011108,7.053542390167422e-07
ISIC_0024777,7.242757646963582e-07,1.8816433566826163e-07,9.540535756968893e-06,1.4304451951829833e-06,1.948581302713137e-05,0.9999679327011108,7.053542390167422e-07
ISIC_0029196,1.4599646647184272e-06,1.101359316635353e-06,1.1930910659430083e-05,2.5473066216363804e-06,3.4634434996405616e-05,0.9999476671218872,7.863249606998579e-07
ISIC_0027827,2.3978043373062974e-07,1.429177700629225e-07,1.0689443570299773e-06,2.041853122136672e-06,6.338210368994623e-05,0.9999326467514038,5.098376050227671e-07
ISIC_0025491,3.037337137357099e-07,2.323361059097806e-07,1.4728441328770714e-06,2.443686526021338e-06,0.0003491166280582547,0.9996452331542969,1.1248705504840473e-06
ISIC_0031631,9.372125759909977e-07,4.5378286017694336e-07,4.93601146445144e-06,6.516156190627953e-06,6.389728923750226e-07,0.9999839067459106,2.573912070147344e-06
ISIC_0027150,8.34478385058901e-07,7.343234642576135e-07,5.150114247953752e-06,7.0780042733531445e-06,7.759664413242717e-07,0.9999818801879883,3.5674850096256705e-06
ISIC_0030588,6.172010103000503e-07,8.661971833134885e-07,2.432851431422023e-07,7.055971764202695e-06,2.5691267637739656e-06,0.9999827146530151,5.953606887487695e-06
ISIC_0025511,4.805206685887242e-07,5.772652116320387e-07,4.0612351881463837e-07,5.243146006250754e-06,1.001791019916709e-06,0.9999880790710449,4.166616236034315e-06
ISIC_0029640,3.996729446953395e-06,1.2451608199626207e-05,4.635995082935551e-06,0.0001362925540888682,0.0030156169086694717,0.9968145489692688,1.2488583706726786e-05
ISIC_0029724,2.0995114482502686e-06,3.4334057090745773e-06,3.0518071980623063e-06,5.909803803660907e-05,0.0002868838491849601,0.9996404647827148,4.942006398778176e-06
ISIC_0027707,6.350078365358058e-07,9.654165751271648e-07,1.4418425280382507e-06,1.6034535292419605e-05,1.779639205778949e-05,0.9999618530273438,1.2716280934910174e-06
ISIC_0032165,3.922138773759798e-07,5.026313942835259e-07,4.071069383826398e-07,7.0702094490116e-06,1.1000707900166162e-06,0.9999881982803345,2.3965142190718325e-06
ISIC_0024718,2.910998659899633e-07,1.2309599242144031e-06,3.495547957754752e-07,5.4928036661294755e-06,1.7890677099785535e-06,0.999985933303833,4.974720468453597e-06
ISIC_0024834,3.993385462308652e-07,4.936739514960209e-07,4.6630674432890373e-07,6.61018066239194e-06,1.149701915892365e-06,0.9999889135360718,1.987723408092279e-06
ISIC_0026052,2.727057108131703e-06,8.593009681590047e-08,9.400937983627955e-07,3.775665391003713e-06,4.0085047658067197e-05,0.9999501705169678,2.1433268102555303e-06
ISIC_0028706,1.2769108934662654e-06,1.4477343484031735e-06,1.1899105629709084e-05,6.379305705195293e-05,2.1029074559919536e-05,0.9993508458137512,0.0005497262463904917
ISIC_0027364,1.5220339264487848e-06,7.95538426245912e-07,8.443446972705715e-07,1.5972813343978487e-05,4.271270199751598e-07,0.9999790191650391,1.328411599388346e-06
ISIC_0024328,1.072315080818953e-05,1.0712453786254628e-06,0.00018690551223699003,1.3620006939163432e-05,0.01210173312574625,0.9876807928085327,5.143454018252669e-06
ISIC_0031559,1.3210966471888241e-06,1.0522852562644402e-06,2.0206698536640033e-06,3.1093775760382414e-05,6.5018471104849596e-06,0.9999561309814453,1.87905595794291e-06
ISIC_0028518,3.6914190104653244e-07,1.6197176933019364e-07,2.6490095478948206e-05,1.016410692500358e-06,7.203199493233114e-05,0.9998993873596191,5.155027906766918e-07
ISIC_0026764,1.0115866643900517e-05,4.990861270925961e-07,2.832529844454257e-06,8.187111234292388e-06,0.003340527880936861,0.9966300129890442,7.849319445085712e-06
ISIC_0031756,0.0004683852312155068,0.0027269520796835423,0.011503380723297596,0.0011556814424693584,0.10813689231872559,0.8747364282608032,0.0012722630053758621
ISIC_0028723,4.3874106836483406e-07,1.3982131008560827e-07,1.0629667031025747e-06,9.587191698301467e-07,1.4902906514180358e-05,0.9999821186065674,4.2653365994738124e-07
ISIC_0027751,0.0002456929942127317,0.0011972783831879497,5.17884582222905e-05,0.0005920169642195106,0.00028294246294535697,0.9975074529647827,0.00012273997708689421
ISIC_0025942,0.0007858767057769,3.4602007872308604e-06,1.304001943935873e-05,7.121068392734742e-06,0.998772919178009,0.00041347419028170407,3.9894712244858965e-06
ISIC_0025039,2.559085316988785e-07,2.226038873232028e-07,1.6014676020859042e-06,5.054320695307979e-07,9.15086184249958e-06,0.9999877214431763,5.35691867753485e-07
ISIC_0029277,0.00017365871462970972,8.385956675738271e-07,0.0001802514452720061,2.1844045932084555e-06,2.3879026684880955e-06,0.9996395111083984,1.2047158861605567e-06
ISIC_0028757,0.00012129644892411307,1.54578810906969e-05,7.460147025994956e-05,1.37515985443315e-06,0.00011934965004911646,0.9996671676635742,6.624335355809308e-07
ISIC_0028825,1.6692723647793173e-06,3.897366411820258e-07,2.140193373634247e-06,9.57892098085722e-06,1.4785005987505428e-05,0.9999701976776123,1.3586395652964711e-06
ISIC_0028092,4.648338745028013e-06,1.5901638334980817e-06,2.5488216124358587e-06,1.5405379599542357e-05,0.028868043795228004,0.9711036682128906,4.105780135432724e-06
ISIC_0032176,2.6427987904753536e-05,2.3413194867316633e-06,5.8151748817181215e-05,3.5493133054842474e-06,0.013341646641492844,0.9865662455558777,1.6857524087754427e-06
ISIC_0027236,4.473028639040422e-06,7.862288953219831e-07,6.264521653065458e-05,2.13416205951944e-05,1.4040641872270498e-05,0.9998941421508789,2.4684113668627106e-06
ISIC_0027293,0.00010577006469247863,2.2768845155951567e-05,4.90325728605967e-05,2.1805706637678668e-05,0.038252346217632294,0.9615204334259033,2.785395918181166e-05
ISIC_0026759,2.6575498850434087e-06,5.008225798519561e-07,2.5984772946685553e-06,2.0932815459673293e-05,0.0006021520239301026,0.999369204044342,1.947787040990079e-06
ISIC_0030819,5.053134373156354e-07,1.272514850825246e-06,2.3012728433968732e-06,1.045426188284182e-06,1.632485873415135e-05,0.9999779462814331,5.240141263129772e-07
ISIC_0029459,1.89898821645329e-06,1.1943941444769735e-06,2.0425393813638948e-05,3.533113385856268e-06,2.9667689886991866e-05,0.9999420642852783,1.1427582649048418e-06
ISIC_0026782,4.544673629425233e-06,6.249823627513251e-07,2.2647270725428825e-06,2.0378227418405004e-05,0.03478790074586868,0.9651784300804138,5.958368092251476e-06
ISIC_0026400,5.838604124619451e-07,1.64405137184076e-05,2.168022092519095e-06,1.1355422429915052e-05,0.00023751964909024537,0.9997228980064392,9.097732800000813e-06
ISIC_0028212,3.0368316856765887e-06,5.129455189489818e-07,5.605744263448287e-06,5.872253950656159e-06,3.767734597204253e-06,0.9999808073043823,4.902160526398802e-07
ISIC_0024937,3.1257698083209107e-06,9.93125581771892e-07,1.5349736486314214e-06,5.168682491785148e-06,0.00011662573524517938,0.999872088432312,4.793125185642566e-07
ISIC_0029693,3.8297807236631343e-07,4.358756484634796e-07,1.4264483070292044e-06,1.1466885325717158e-06,2.8994820240768604e-05,0.999967098236084,4.7662209112786513e-07
ISIC_0030592,0.00018588521925266832,4.837526148548932e-07,7.4595709520508535e-06,1.8842742065316997e-05,0.9904958009719849,0.00926510151475668,2.64280206465628e-05
ISIC_0031302,3.671318609121954e-07,5.125162942931638e-07,1.4564116099791136e-06,8.549400263291318e-07,0.0002382746315561235,0.9997579455375671,6.212422363205405e-07
ISIC_0029457,1.3617745935334824e-06,3.546438847479294e-06,3.6417407045519212e-06,3.4175216114817886e-06,0.030971866101026535,0.9690092206001282,6.8289218688732944e-06
ISIC_0030525,1.8193414916822803e-06,0.0009870277717709541,1.821738260332495e-05,6.393869989551604e-05,5.117688488098793e-06,0.9988879561424255,3.593168003135361e-05
ISIC_0026901,3.1039704140312097e-07,2.3826672190807585e-07,5.852357844560174e-06,3.629507716595981e-07,1.69536440353113e-06,0.9999914169311523,1.3688797650956985e-07
ISIC_0025946,6.586366362171248e-05,3.980670953751542e-05,0.9901943802833557,1.3946255421615206e-05,5.748350304202177e-06,0.00965881161391735,2.133098678314127e-05
ISIC_0024343,4.5992402419869904e-07,2.0422399416020198e-07,8.244627451858833e-07,3.785160743063898e-06,0.0002713638823479414,0.9997220635414124,1.2008955536657595e-06
ISIC_0031311,8.046372386161238e-07,4.617784270521952e-07,2.385374955338193e-07,6.420168574550189e-06,0.0001361490722047165,0.9998549222946167,9.916293493006378e-07
ISIC_0025013,2.7294315714243567e-06,3.115005995368847e-07,6.389895474967489e-07,6.062271859264001e-05,0.00015732272004242986,0.9997753500938416,2.892456905101426e-06
ISIC_0027724,5.464742571348324e-06,9.283689337280521e-07,4.017350420326693e-06,5.3539541113423184e-05,8.3148006524425e-05,0.9998499155044556,2.972373067677836e-06
ISIC_0029169,2.506669147805951e-07,4.841832605961827e-07,8.607275958638638e-07,1.2454148645701935e-06,9.720158232084941e-06,0.9999864101409912,1.1124936918349704e-06
ISIC_0025118,7.04033098486434e-08,2.4487175664944516e-07,4.4135680354884244e-07,6.374847885126655e-07,2.5248550628020894e-06,0.9999953508377075,8.358022114407504e-07
ISIC_0032300,2.0370111997181084e-06,1.6673044456183561e-06,3.0629012144345324e-06,1.8878085938922595e-06,2.307338263562997e-06,0.9999884366989136,5.715176598641847e-07
ISIC_0026034,1.652148421271704e-05,0.007034203968942165,4.851915582548827e-05,0.00014136808749753982,4.191017433186062e-05,0.9926948547363281,2.2646587240160443e-05
ISIC_0028420,4.474647710139834e-07,6.523022193505312e-07,9.010300709633157e-05,1.01592956980312e-06,0.9964861869812012,0.0034199163783341646,1.6426112097178702e-06
ISIC_0025563,7.633158929820638e-06,0.00025817437563091516,0.00014045722491573542,0.00018917376291938126,0.0015017015393823385,0.9978963136672974,6.590519205929013e-06
ISIC_0032067,3.1180861697066575e-05,9.436454320166376e-07,2.4859089080564445e-06,7.437849490088411e-06,2.547061740187928e-05,0.9999301433563232,2.387592530794791e-06
ISIC_0030733,7.735120561846998e-07,9.041262387654569e-07,0.0010137383360415697,1.4626014035457047e-06,0.00018826653831638396,0.998794436454773,4.0181546978601546e-07
ISIC_0029349,1.7438944723835448e-06,3.000820925080916e-07,2.4379036744903715e-07,1.522578600088309e-06,7.160735094657866e-06,0.9999886751174927,3.173693698954594e-07
ISIC_0029109,8.486114529659972e-05,4.436026301846141e-07,4.1207782487617806e-05,0.00013618716911878437,0.005008756648749113,0.9947261214256287,2.4630999178043567e-06
ISIC_0026921,3.311139380457462e-06,9.082199312615558e-07,1.4546978491125628e-05,6.263389423111221e-06,0.8153625130653381,0.184596985578537,1.5450927094207145e-05
ISIC_0027401,4.5211054384708405e-06,1.9089283398443513e-07,9.313671398558654e-06,1.4879974514769856e-06,0.9989877343177795,0.0009961436735466123,5.645356964123494e-07
ISIC_0028637,1.2660810853049043e-06,7.011337999074385e-08,6.136868250905536e-06,2.280839908053167e-06,0.9996376037597656,0.00035194706288166344,7.114769005056587e-07
ISIC_0026226,0.0002840085653588176,0.26793476939201355,0.000275088386842981,0.0002455434005241841,1.2078637155354954e-05,0.7312247157096863,2.3779697585268877e-05
ISIC_0028174,0.0033827070146799088,0.00043148535769432783,0.0003620214993134141,0.00019281830464024097,0.0006141329067759216,0.9949954748153687,2.1325879060896114e-05
ISIC_0024566,0.0003599911869969219,0.0007692973595112562,0.0003887736238539219,0.00014170272334013134,1.9521425201673992e-05,0.9983067512512207,1.3908584151067771e-05
ISIC_0025112,5.5537915613967925e-05,0.37467437982559204,3.249715155106969e-05,0.001012259628623724,6.357523034239421e-06,0.6240831613540649,0.00013588162255473435
ISIC_0028507,1.2403541404637508e-05,1.2009943475277396e-06,1.8769251255434938e-05,2.0209341528243385e-05,0.00038626452442258596,0.9995601773262024,9.513150303064322e-07
ISIC_0029773,8.605960601926199e-07,6.792414524170454e-07,3.0786789011472138e-06,6.233442036318593e-06,3.6474232274485985e-06,0.9999852180480957,2.5794773250709113e-07
ISIC_0029203,0.12755291163921356,0.17807435989379883,0.47857025265693665,0.03962642699480057,0.00025153328897431493,0.1704120635986328,0.005512393079698086
ISIC_0026712,1.1212591743969824e-06,6.986620064708404e-07,5.833040177094517e-06,0.00010053711594082415,4.357390025688801e-06,0.9998866319656372,8.677459959471889e-07
ISIC_0026452,3.8104249142634217e-06,2.2417470972868614e-06,3.184319939464331e-05,1.098493976314785e-05,6.948378722881898e-05,0.9998798370361328,1.7595323242858285e-06
ISIC_0027007,4.4954020268050954e-05,5.8030036598211154e-05,3.59537843905855e-05,2.7853116080223117e-06,0.0006352426717057824,0.9992222785949707,8.298826514874236e-07
ISIC_0026672,1.2811830174541683e-06,5.034650598645385e-07,3.225053717414994e-07,1.953363835127675e-06,8.321494533447549e-05,0.9999116659164429,1.0763587852125056e-06
ISIC_0025074,2.2788008209317923e-06,5.689552153853583e-07,1.4966991557230358e-06,2.4607868454040727e-06,7.298876880668104e-06,0.999984860420227,9.554942153044976e-07
ISIC_0026588,6.79253844282357e-06,1.1661862799883238e-06,3.43930660164915e-05,2.3122879611037206e-06,9.980985851143487e-06,0.9999446868896484,6.388046358551946e-07
ISIC_0024352,3.4441559364495333e-06,8.330853802362981e-07,1.444305235054344e-05,6.278585260588443e-06,0.9268929362297058,0.07306492328643799,1.7209698853548616e-05
ISIC_0026885,1.3537683116737753e-05,2.0597478851414053e-06,0.00015024907770566642,7.440795798174804e-06,0.5069183707237244,0.4929046630859375,3.649703785413294e-06
ISIC_0026293,1.7414025933248922e-05,1.4093104709900217e-06,0.001361366594210267,5.306284947437234e-06,0.9871121048927307,0.011492108926177025,1.0224260222457815e-05
ISIC_0030082,0.0005610419320873916,2.3585200779052684e-06,8.798715498414822e-06,0.00014583481242880225,0.9733195304870605,0.025847451761364937,0.00011504534631967545
ISIC_0026974,1.5977229850250296e-06,3.2147451634045865e-07,3.210827799193794e-06,3.117783307970967e-06,0.002254785504192114,0.9977350234985352,1.937949946295703e-06
ISIC_0029881,4.204516517347656e-05,1.2892436416223063e-06,2.1471907530212775e-05,2.9082813853165135e-05,0.9101013541221619,0.08977997303009033,2.4728657081141137e-05
ISIC_0031115,8.245816388807725e-06,6.930425229256798e-07,2.2189811716089025e-05,6.505018063762691e-06,0.9871940016746521,0.01275976374745369,8.656016689201351e-06
ISIC_0031919,2.2917662136023864e-05,4.213070951664122e-06,0.049363818019628525,9.356904774904251e-05,0.0002661444596014917,0.9502434134483337,6.0217976169951726e-06
ISIC_0030535,0.0017440144438296556,0.00026808390975929797,0.14292022585868835,4.4136992073617876e-05,0.001823481754399836,0.8531239032745361,7.616811490152031e-05
ISIC_0025341,1.3575946468336042e-05,2.0273058908060193e-05,0.020026367157697678,1.351680293737445e-05,0.8308190703392029,0.14908920228481293,1.796953620214481e-05
ISIC_0028993,3.0287965273601003e-06,5.930695351707982e-06,0.0015939197037369013,2.7017838419851614e-06,0.00029083408298902214,0.9981018900871277,1.685263100625889e-06
ISIC_0031710,4.3065068894065917e-05,9.439687005396991e-07,0.009535311721265316,2.7449401386547834e-05,0.09984523057937622,0.8904927968978882,5.5157179303932935e-05
ISIC_0028923,3.43900901498273e-05,4.3497490764821123e-07,0.00043497097794897854,7.762119821563829e-06,0.0014146612957119942,0.9981042146682739,3.56300120074593e-06
ISIC_0025396,1.4318561625259463e-06,5.883340463697095e-07,1.000688280328177e-05,2.639666263348772e-06,0.0005134799284860492,0.9994710087776184,8.345365927198145e-07
ISIC_0027949,8.130585229082499e-06,2.4685522248546476e-07,6.184791800478706e-06,3.128912112515536e-06,0.9999508857727051,3.083443516516127e-05,5.578875743594836e-07
ISIC_0026795,1.2465284271456767e-06,2.933753648903803e-07,1.3136065035723732e-06,1.2924308521178318e-06,4.969953806721605e-06,0.9999904632568359,4.1545422391209286e-07
ISIC_0029665,1.363108640362043e-05,3.6137680581305176e-07,8.295832958538085e-05,9.450941433897242e-06,0.015281891450285912,0.984609842300415,1.8139213580070646e-06
ISIC_0029614,6.608137255170732e-07,3.9945405205799034e-07,1.2485743354773149e-06,8.586442845626152e-07,6.431840574805392e-06,0.9999901056289673,3.674945787679462e-07
ISIC_0030645,0.00018783952691592276,0.0004117366042919457,0.7459880113601685,0.0015183758223429322,0.009477631188929081,0.24153386056423187,0.0008825260447338223
ISIC_0031076,2.484596916474402e-05,1.2835130291932728e-06,4.629389150068164e-05,6.581992784049362e-05,0.06656178832054138,0.9332789778709412,2.092839167744387e-05
ISIC_0026674,0.0011773195583373308,2.7568271434574854e-06,0.0014491501497104764,2.1026857211836614e-05,0.0019044632790610194,0.9954285621643066,1.6767731722211465e-05
ISIC_0032175,0.0029689178336411715,2.1014034246036317e-06,1.604879980732221e-05,6.182668130350066e-06,0.9962747097015381,0.0007275528041645885,4.538533630693564e-06
ISIC_0030873,0.0037158215418457985,0.00011083628487540409,0.8378770351409912,0.0001040192146319896,0.04113655909895897,0.1168590858578682,0.00019663959392346442
ISIC_0028355,1.5379114302049857e-06,3.0985120247351006e-06,4.3666441342793405e-06,0.00022413471015170217,8.019755114219151e-06,0.9997547268867493,4.024452664452838e-06
ISIC_0025171,4.04035154133453e-06,0.00010844881035154685,2.9367452043516096e-06,0.0007149509619921446,5.416359636001289e-05,0.9990715980529785,4.373478441266343e-05
ISIC_0030732,1.4526553968607914e-06,2.6426403110235697e-07,1.6192358089028858e-05,7.558280685771024e-07,8.503739081788808e-06,0.9999727010726929,2.1486809487214487e-07
ISIC_0025169,1.420499484083848e-05,4.2603952010722423e-07,6.579030741704628e-05,1.2675433936237823e-05,0.009974895045161247,0.9899285435676575,3.4857675927923992e-06
ISIC_0030008,2.042879032160272e-06,3.0295645046862774e-05,0.006013390142470598,4.773722594109131e-06,8.783247176324949e-05,0.993860125541687,1.5148644934015465e-06
ISIC_0032405,6.286627012741519e-06,2.0516397398750996e-06,3.158090839860961e-05,4.699448709288845e-06,0.013303696177899837,0.9866461753845215,5.525445885723457e-06
ISIC_0031933,8.003654329513665e-06,1.7044923197317985e-06,1.9204271666239947e-05,6.974728876230074e-06,0.011353323236107826,0.9886065125465393,4.3828054003824946e-06
ISIC_0029905,0.0007472421857528389,5.106333901494509e-06,0.0014619468711316586,2.170319203287363e-05,0.14406904578208923,0.8536830544471741,1.1963440556428395e-05
ISIC_0027197,1.6905434677028097e-05,4.3458279833430424e-05,2.8291977287153713e-05,0.00010007750825025141,0.0044235060922801495,0.99535071849823,3.705753988469951e-05
ISIC_0027627,9.69955635810038e-06,2.492357998562511e-05,0.00013019490870647132,6.600870256079361e-05,0.02835296466946602,0.9714059233665466,1.0278368790750392e-05
ISIC_0025533,2.155340371245984e-05,3.1809631195756083e-07,8.572844308218919e-06,1.967792286450276e-06,4.134361370233819e-05,0.9999247789382935,1.309675099037122e-06
ISIC_0028166,0.004844209644943476,7.733815436949953e-05,0.00023398151097353548,0.994417667388916,4.1099310692516156e-06,1.4657814062957186e-05,0.0004081042134203017
ISIC_0026406,0.0005309461266733706,8.55663984111743e-06,0.853027880191803,0.01791207678616047,0.0001091342928702943,0.12831173837184906,9.969776874640957e-05
ISIC_0031894,2.6139050532947294e-06,2.154502283246984e-07,3.03483119523662e-07,1.3103159290039912e-05,9.716416388982907e-05,0.9998860359191895,5.645046599056514e-07
ISIC_0028091,2.531630343582947e-06,2.0384723597999255e-07,5.66588869332918e-06,9.994122592615895e-06,0.0001060737922671251,0.9998743534088135,1.1613033166213427e-06
ISIC_0028023,0.00012383231660351157,9.433763921151694e-07,0.009603394195437431,0.00017464453412685543,2.1594338249997236e-05,0.9900720119476318,3.5722300708584953e-06
ISIC_0028139,5.865291541340412e-07,2.5430023242734023e-07,4.6162142552930163e-07,1.2482954616643838e-06,3.542794047461939e-06,0.9999936819076538,3.3985384106927086e-07
ISIC_0029026,1.18961897896952e-05,7.523751992266625e-05,0.18690373003482819,7.818090125510935e-06,0.00018825827282853425,0.8128044009208679,8.63355762703577e-06
ISIC_0030620,5.656968824041542e-06,3.2536213439016137e-06,0.0019095268798992038,2.9086579615977826e-06,4.425409315444995e-06,0.9980736970901489,6.365601734614756e-07
ISIC_0028987,0.00015568577509839088,3.829628258245066e-05,0.5626104474067688,8.919596439227462e-05,0.00016396654245909303,0.436910480260849,3.196273246430792e-05
ISIC_0028874,4.954355063091498e-06,5.240010523266392e-07,4.893209279543953e-06,4.244771389494417e-06,2.6771784177981317e-05,0.9999569654464722,1.6063651173681137e-06
ISIC_0028592,6.17504192632623e-05,2.9585892207251163e-06,7.996845670277253e-05,1.555850394652225e-05,0.00016676860104780644,0.9996497631072998,2.3145499653765e-05
ISIC_0030920,7.016603262854915e-07,2.5049982355085376e-07,7.204433131846599e-06,8.596750262768182e-07,1.5208697732305154e-06,0.9999891519546509,3.5258014463579457e-07
ISIC_0030833,1.1467249350971542e-05,8.258087973445072e-07,0.0017985835438594222,3.6684573387901764e-06,0.00020000201766379178,0.9979841709136963,1.2460103562261793e-06
ISIC_0031991,4.182124030194245e-05,3.2417219699709676e-06,0.11757654696702957,9.313420741818845e-05,3.1547588150715455e-05,0.8822506070137024,2.9997756882949034e-06
ISIC_0032065,2.10459597838053e-06,7.406996155623347e-05,0.00029376341262832284,2.2732025172444992e-05,1.8649521734914742e-05,0.9995741248130798,1.4515828297589906e-05
ISIC_0031074,0.0014822444645687938,1.4427228052227292e-05,0.0930214524269104,5.3178293455857784e-05,0.595901608467102,0.3094998598098755,2.728420622588601e-05
ISIC_0032186,3.602126889745705e-05,6.731569101248169e-06,0.010428491048514843,1.5434481611009687e-05,0.42289963364601135,0.566602885723114,1.07260593722458e-05
ISIC_0028447,0.00037495384458452463,1.9872706616297364e-05,0.9913638830184937,2.5340905267512426e-05,0.0013596724020317197,0.00682620657607913,2.9969516617711633e-05
ISIC_0028945,7.821930921636522e-06,4.847245509154163e-05,0.044951241463422775,1.1259929124207702e-05,5.29260141775012e-05,0.9549168944358826,1.1332042049616575e-05
ISIC_0030401,2.421777253402979e-06,1.1001402526744641e-05,3.1353411031886935e-05,2.0616844267351553e-06,0.0003697826177813113,0.9995788931846619,4.517714842222631e-06
ISIC_0032035,9.486869203101378e-06,0.0006179591291584074,0.0005236355355009437,6.798762115067802e-06,0.08105914294719696,0.9177543520927429,2.863019471988082e-05
ISIC_0032412,5.403834165917942e-06,6.161178021102387e-07,4.808337507711258e-06,8.88692829903448e-06,0.01425652951002121,0.9857214689254761,2.2683625502395444e-06
ISIC_0028882,3.853914677165449e-05,5.631190447275003e-07,5.508402978193772e-07,1.1385014659026638e-05,1.9380344383534975e-05,0.9999279975891113,1.4341662790684495e-06
ISIC_0027127,0.010128805413842201,7.892238500062376e-05,0.015286494977772236,5.6231416238006204e-05,0.7168976068496704,0.2572292685508728,0.00032266773632727563
ISIC_0028849,0.00010583435505395755,4.26585665991297e-06,0.0067502097226679325,2.116819359798683e-06,0.0006883332971483469,0.9924286007881165,2.068610592687037e-05
ISIC_0027756,6.626962658629054e-07,1.5605751286784653e-06,2.9328814434848027e-06,1.0232452041236684e-06,2.550436192905181e-06,0.9999891519546509,2.1170494619582314e-06
ISIC_0032125,1.1153859304613434e-05,0.9819017052650452,2.3115037038223818e-05,5.063106527813943e-06,2.011616015806794e-05,0.01776180788874626,0.0002770884311757982
ISIC_0025172,3.617788877363637e-07,4.834774517803453e-05,8.606070878158789e-07,9.598917358744075e-07,4.242784143571043e-06,0.9999369382858276,8.271063961728942e-06
ISIC_0025295,0.00022586218256037682,0.9351292848587036,0.0008945008739829063,0.00011158204142702743,0.002286633476614952,0.061305928975343704,4.6249137085396796e-05
ISIC_0029771,6.457861672970466e-06,1.4761506008653669e-06,3.9362848838209175e-06,2.5280540285166353e-05,2.725669901337824e-06,0.9999582767486572,1.9049394950343412e-06
ISIC_0027475,5.093098479846958e-06,7.667474051231693e-07,3.653157591543277e-06,1.046985198627226e-05,4.432550667843316e-06,0.9999740123748779,1.586076223247801e-06
ISIC_0031913,1.2324208910285961e-05,7.087322046572808e-06,0.0058589200489223,2.0579198462655768e-05,0.9833849668502808,0.010711737908422947,4.358234946266748e-06
ISIC_0031880,1.8010998246609233e-05,1.2264846418474917e-06,0.010338020510971546,8.654818884679116e-06,2.6715908461483195e-05,0.9896061420440674,1.3071233979644603e-06
ISIC_0024480,9.473616046307143e-06,1.5370400205938495e-06,0.002621513092890382,0.0005346675170585513,0.03658437356352806,0.9601771831512451,7.127757999114692e-05
ISIC_0030810,0.00729005504399538,1.8895135553975706e-06,0.01088131032884121,0.003123518778011203,0.000586370937526226,0.9781107306480408,6.205328190844739e-06
ISIC_0026157,7.391548706436879e-07,8.737512757761579e-08,1.3210114957473706e-06,2.7076926016889047e-06,3.7914719541731756e-06,0.9999908208847046,4.286966657218727e-07
ISIC_0024716,2.414719574517221e-06,7.471137450920651e-06,3.4672339097596705e-05,1.0809675586642697e-05,0.0038188202306628227,0.9961233735084534,2.4832372673699865e-06
ISIC_0030940,0.00016050967678893358,0.000242953872657381,0.12038103491067886,0.00025160968652926385,0.0021295666228979826,0.8767828941345215,5.150055585545488e-05
ISIC_0026123,4.9965139623964205e-05,0.04227859899401665,0.015532371588051319,6.111147376941517e-05,0.07109802961349487,0.8709514141082764,2.842332105501555e-05
ISIC_0028891,4.346617788542062e-05,1.8602435147840879e-06,0.006584832910448313,0.00022825004998594522,6.520706847368274e-06,0.993108868598938,2.6144067305722274e-05
ISIC_0032018,2.369554295000853e-06,5.722118316953129e-07,0.0004379727761261165,1.4152096809993964e-05,5.66143228297733e-07,0.9995344877243042,9.81173707259586e-06
ISIC_0028884,8.291601147902838e-07,1.986428060263279e-06,5.2760919970751274e-06,5.411094662122196e-06,2.0392192254803376e-06,0.9999827146530151,1.8011998008660157e-06
ISIC_0028785,4.099948398561537e-07,2.6904123728854756e-07,3.7757746440547635e-07,2.721442342590308e-06,3.2739289963501506e-06,0.9999920129776001,9.578001254340052e-07
ISIC_0027211,3.3214641348422447e-07,2.3900545329524903e-06,7.115833795978688e-06,2.6288043954991736e-06,7.686251774430275e-05,0.9999088048934937,1.92846846402972e-06
ISIC_0030900,6.78335425163823e-07,2.7306327865517233e-06,5.230012902757153e-06,1.1109713113910402e-06,0.005726800300180912,0.9942618608474731,1.6143277434821357e-06
ISIC_0029247,1.2291958228161093e-05,1.1515899132064078e-06,3.504038249957375e-05,1.3000204489799216e-05,5.781652362202294e-05,0.9998779296875,2.7375797344575403e-06
ISIC_0024752,6.081482297304319e-06,4.5893463607171725e-07,1.5207280739559792e-05,1.0384022061771248e-05,3.1121555366553366e-05,0.9999316930770874,5.058650003775256e-06
ISIC_0026816,1.3569666634793975e-06,3.8556805748157785e-07,6.206830585142598e-05,4.83139774587471e-06,3.951926828449359e-06,0.9999178647994995,9.46622276387643e-06
ISIC_0028635,5.711906851502135e-06,4.00426779378904e-06,0.00016768027853686363,2.8915208531543612e-05,1.7862830645754002e-05,0.9997362494468689,3.9529601053800434e-05
ISIC_0028562,2.1230123820714653e-05,0.9960495829582214,0.00019835765124298632,7.590031145809917e-06,0.00040364268352277577,0.0033017187379300594,1.783204061212018e-05
ISIC_0025553,8.484524732921273e-05,0.9986827969551086,0.0009999831672757864,2.1009665942983702e-05,0.00016171262541320175,4.082812665728852e-05,8.847251592669636e-06
ISIC_0030567,6.508295200546854e-07,3.9942692637851e-06,3.373309709786554e-06,4.057785190525465e-06,8.315611239595455e-07,0.9999817609786987,5.238919129624264e-06
ISIC_0025729,7.2912798714241944e-06,2.5994402676587924e-05,0.00011845615517813712,6.581540674233111e-06,1.1188345752088935e-06,0.9998143315315247,2.6266226996085607e-05
ISIC_0026889,1.2151239161539706e-06,7.355943125730846e-07,7.483534432140004e-07,1.3804125956085045e-05,6.773042969143717e-06,0.999975323677063,1.4197597693055286e-06
ISIC_0030963,3.8839431226733723e-07,4.100872672552214e-07,4.0209869212048943e-07,2.656528067745967e-06,4.628697354291944e-07,0.9999942779541016,1.4568379356205696e-06
ISIC_0029786,4.054646524309646e-06,5.75834519622731e-07,2.9656664992216974e-05,6.342915003187954e-05,0.004060383886098862,0.9956734776496887,0.00016843741468619555
ISIC_0027642,1.0409224159957375e-05,1.1178164641023614e-05,3.0103434255579486e-05,0.00015225220704451203,0.16932189464569092,0.8303791284561157,9.504531044512987e-05
ISIC_0029592,1.4313159226730932e-05,1.0333241334592458e-05,0.0028318469412624836,7.211478077806532e-05,1.2623568181879818e-06,0.9970583915710449,1.1745477422664408e-05
ISIC_0026037,0.010520551353693008,0.0008092256030067801,0.5779963731765747,0.01596910133957863,0.0010202884441241622,0.3883800506591797,0.005304412450641394
ISIC_0033140,1.1318290489725769e-05,1.6537946976313833e-06,3.741071395779727e-06,2.2109388737590052e-05,0.7905876636505127,0.20932462811470032,4.885317321168259e-05
ISIC_0032912,2.0189908411794022e-07,3.416947151890781e-07,5.234956006461289e-07,1.718703742881189e-06,3.120346036666888e-06,0.9999932050704956,9.035649100042065e-07
ISIC_0029808,1.2058063703079824e-06,3.842153546429472e-07,8.620789344604418e-07,1.0474024747963995e-05,7.013338745309738e-07,0.9999853372573853,1.0133660452993354e-06
ISIC_0025897,1.5241333812809899e-06,3.0659077765449183e-07,1.696543790785654e-06,1.0412367146273027e-06,1.368681296298746e-06,0.9999935626983643,4.191814184650866e-07
ISIC_0024507,1.058988118529669e-06,3.5020909194827254e-07,7.966796147229616e-07,5.614450401481008e-06,3.317468326713424e-07,0.9999915361404419,3.725351120920095e-07
ISIC_0033223,5.9599255308739885e-08,5.526170525627094e-07,1.761103192166047e-07,1.4180955076881219e-06,1.8345437638345174e-05,0.9999783039093018,1.1387395488782204e-06
ISIC_0032764,1.008364236554371e-07,5.465537356030836e-07,1.0813687367772218e-06,1.819519297896477e-06,0.0015300826635211706,0.9984655380249023,8.272856462099298e-07
ISIC_0034163,2.348034286114853e-06,5.930886618443765e-05,2.0133653379161842e-05,6.040020707587246e-06,5.473525561683346e-07,0.9999066591262817,4.8355109356634784e-06
ISIC_0034277,1.2505842050813953e-06,2.023491560976254e-06,1.007731725621852e-06,1.2074106052750722e-05,1.6563270719416323e-06,0.9999802112579346,1.7655453348197625e-06
ISIC_0034147,1.420939588570036e-05,3.511903742037248e-06,2.4906463295337744e-05,3.275404742453247e-05,1.2036402040394023e-05,0.9999033212661743,9.299209523305763e-06
ISIC_0033247,6.358898190228501e-07,1.705831209619646e-07,1.6969065654848237e-06,7.559149253211217e-06,7.92976607044693e-06,0.9999812841415405,7.648170026186563e-07
ISIC_0033918,1.5217946156553808e-06,3.1068921089172363e-06,3.0214407615858363e-06,7.295604518731125e-06,1.6577473616052885e-06,0.9999809265136719,2.557551852078177e-06
ISIC_0032889,1.8112812540493906e-05,2.7963560569332913e-06,1.0546375051490031e-05,2.6709178200690076e-05,7.230077017084113e-07,0.9999350309371948,6.134393061074661e-06
ISIC_0033916,1.6690521078999154e-05,1.7282038697885582e-06,5.517727549886331e-05,3.973862021666719e-06,0.04162069037556648,0.9582993984222412,2.3465854610549286e-06
ISIC_0032554,3.3366736715834122e-06,2.407076351573778e-07,1.536826675874181e-05,1.3133613947502454e-06,0.0008368118433281779,0.9991424083709717,4.866138851866708e-07
ISIC_0033082,1.381676383971353e-06,1.630197948543355e-05,1.1500070939973739e-07,2.2553269445779733e-05,0.9991375207901001,0.0008140929858200252,7.950862709549256e-06
ISIC_0034098,1.2321404028625693e-05,5.3528932767221704e-05,1.8157871863877517e-06,0.00016645163123030216,0.6967521905899048,0.3029237687587738,8.997444092528895e-05
ISIC_0032631,7.587834716105135e-07,4.119666243695974e-07,2.464097406118526e-07,9.970949577109423e-07,1.3823033441440202e-05,0.9999833106994629,5.256155191091239e-07
ISIC_0033879,3.074647736411862e-07,1.1918389475340518e-07,1.7196533690366778e-06,1.0142211976926774e-06,3.847213065455435e-06,0.9999924898147583,4.212970452499576e-07
ISIC_0033495,1.830840801630984e-06,8.461085963062942e-05,2.8119407943449914e-05,5.506050456460798e-06,0.011079637333750725,0.9887928366661072,7.387117875623517e-06
ISIC_0033161,1.0945982609200655e-07,3.034689143532887e-06,7.068770742080233e-07,1.0759815722849453e-06,7.70497354096733e-06,0.9999865293502808,8.530779496140894e-07
ISIC_0032796,3.060943924992898e-07,6.056555866962299e-05,5.490134935826063e-05,2.631964207466808e-06,2.8893973649246618e-05,0.999848484992981,4.241171154717449e-06
ISIC_0032800,3.5622110772237647e-07,7.372712218511879e-08,4.096322300028987e-06,4.262030870449962e-07,4.0491663639841136e-06,0.999990701675415,2.1650660642080766e-07
ISIC_0034072,1.0230063708149828e-05,7.063582415867131e-06,0.9999039173126221,5.761574357165955e-05,5.79926904720196e-07,1.6864303688635118e-05,3.683111117425142e-06
ISIC_0033341,7.259940844051016e-07,9.202737487612467e-07,1.6999254057736835e-06,4.727007308247266e-06,3.1656336432206444e-06,0.9999858140945435,2.8646147711697267e-06
ISIC_0032849,1.205042508445331e-06,4.717844603874255e-07,2.508537136236555e-06,3.873990863212384e-06,2.1713906335207867e-06,0.9999878406524658,1.9533713384589646e-06
ISIC_0033421,3.1261407684723963e-07,3.4260739312230726e-07,4.946171543451783e-07,1.5234395505103748e-06,3.2750180253060535e-05,0.999963641166687,9.391664548275003e-07
ISIC_0033602,1.3319447589310585e-06,2.358478923270013e-06,4.1587009036447853e-07,3.465882036834955e-05,5.342685108189471e-05,0.999848484992981,5.9293259255355224e-05
ISIC_0033467,3.7826276866326225e-07,1.7083185355204478e-07,6.005360546623706e-07,9.712725841382053e-07,3.3784651805035537e-06,0.9999943971633911,2.221381691924762e-07
ISIC_0033101,1.0932002624031156e-05,3.3778837860154454e-06,5.75890408072155e-06,3.327645026729442e-05,0.0001708571071503684,0.9997555613517761,2.0334444343461655e-05
ISIC_0034075,3.4279748888366157e-06,3.3194839943462284e-07,4.032840479339939e-06,1.5575976703985361e-06,0.00025817519053816795,0.9997320771217346,3.2647588454892684e-07
ISIC_0032606,1.1056380344598438e-06,8.795697681307502e-08,2.6454267754161265e-06,1.303787826145708e-06,0.00015455542597919703,0.9998396635055542,6.143083624010615e-07
ISIC_0033025,9.878591527012759e-07,2.4712603590160143e-06,6.904962788212288e-07,9.11056667973753e-06,5.700809560948983e-05,0.9999090433120728,2.0672576283686794e-05
ISIC_0033053,4.4143001787233516e-07,1.7098383295888198e-06,5.148634159013454e-07,2.6246702873322647e-06,0.00011756188177969307,0.9998666048049927,1.0626529729051981e-05
ISIC_0033882,6.323579668787715e-07,1.6380209899580223e-07,2.355024889766355e-06,2.78779111795302e-06,4.161274318903452e-06,0.9999887943267822,1.1756716276067891e-06
ISIC_0034019,2.30979807724907e-07,1.004636601464881e-06,7.629392371200083e-07,1.913975393108558e-05,6.154975835670484e-07,0.9999768733978271,1.4019852869751048e-06
ISIC_0032789,2.62855706978371e-07,1.5224095761823264e-07,1.922608589666197e-06,4.060039373143809e-06,7.454117962879536e-07,0.9999926090240479,3.1435084224540333e-07
ISIC_0033782,1.38782047542918e-06,4.219643597025424e-05,6.181086291690008e-07,7.758507126709446e-05,1.2559046353999292e-06,0.9998451471328735,3.182287764502689e-05
ISIC_0034045,1.962609985639574e-06,4.3417549022706226e-06,3.2936532079475e-06,1.1361829820089042e-05,5.095598680782132e-07,0.9999752044677734,3.4198278626718093e-06
ISIC_0033809,1.0944384030153742e-06,8.376790674446966e-07,1.7550427173773642e-06,6.386324093909934e-05,0.017364077270030975,0.9825605750083923,7.886255843914114e-06
ISIC_0026391,1.8483264341284666e-07,9.33186242946249e-07,8.796412203082582e-07,4.6231767214521824e-07,3.752539896595408e-06,0.9999929666519165,7.488492883567233e-07
ISIC_0025122,2.959197900054278e-07,5.650020398206834e-07,6.414040285562805e-07,5.553372375288745e-07,8.806698019725445e-07,0.9999961853027344,8.457824378638179e-07
ISIC_0028008,3.4303852203265706e-07,9.843023462963174e-07,6.20243156390643e-07,3.4349698125879513e-06,1.495809215157351e-06,0.999992847442627,3.3763964779609523e-07
ISIC_0026440,6.398795449058525e-07,3.2485138490301324e-06,1.8111826648237184e-05,6.511184892588062e-06,4.5942530846332374e-07,0.9999703168869019,6.372438861035334e-07
ISIC_0028585,1.185974724648986e-06,9.023383995554468e-07,0.000345011503668502,8.53208257467486e-06,9.204150046571158e-06,0.9996305704116821,4.4600519686355256e-06
ISIC_0032102,2.581836270110216e-06,3.6380536130309338e-06,0.006175123155117035,1.078061632142635e-05,5.284161943563959e-06,0.9937998652458191,2.6630407319316873e-06
ISIC_0025178,0.11358334869146347,0.018817098811268806,4.877231276623206e-06,0.867306113243103,0.0001818127348087728,1.446889200451551e-05,9.23480256460607e-05
ISIC_0028730,0.002374814124777913,0.00032310743699781597,0.00011460611131042242,0.9971150159835815,5.9557885833783075e-05,2.855135335266823e-06,1.0095426659972873e-05
ISIC_0025948,0.1656588762998581,0.7363290190696716,0.0842273160815239,0.0005675458232872188,0.0044767605140805244,0.008328317664563656,0.0004121131787542254
ISIC_0028158,0.9947199821472168,5.655330096487887e-05,0.003600682131946087,3.811302303802222e-05,0.0001566628343425691,0.0014157836558297276,1.2186638741695788e-05
ISIC_0029634,0.9980179071426392,1.0575373607935035e-06,1.9329843780724332e-05,4.888946932624094e-05,0.001877172151580453,3.2311501854564995e-05,3.4225868148496374e-06
ISIC_0032437,0.9999638795852661,1.7834110622061417e-05,1.9450967556622345e-06,8.15304429124808e-06,6.455170023400569e-06,3.7826276866326225e-07,1.3391473885349114e-06
ISIC_0025130,0.9719657897949219,9.563215826347005e-06,0.0012621163623407483,0.0001660934358369559,0.026570962741971016,1.1488757081679069e-05,1.4035260392120108e-05
ISIC_0029067,0.9963573813438416,2.462256270518992e-05,0.0007078781491145492,0.0015210371930152178,0.0013606587890535593,1.906842226162553e-05,9.245003639080096e-06
ISIC_0027577,0.036389462649822235,2.7791806132881902e-05,0.9635128974914551,2.554343154770322e-05,1.0402509360574186e-06,3.979993925895542e-05,3.4840302305383375e-06
ISIC_0029541,0.9972600936889648,0.0016739496495574713,0.0006183898658491671,6.911073433002457e-05,0.00026896275812759995,8.052316115936264e-05,2.9032300517428666e-05
ISIC_0030827,0.8723816275596619,0.00034583575325086713,0.12334377318620682,0.0030531047377735376,0.0003256122872699052,0.0005225902423262596,2.7535548724699765e-05
ISIC_0025358,0.9999594688415527,2.8318875138211297e-06,4.3431527956272475e-06,2.8555643439176492e-05,2.617590837417083e-07,1.6812591638881713e-06,2.875781092370744e-06
ISIC_0030341,0.22860270738601685,0.7710335850715637,0.00015229659038595855,5.871634857612662e-05,1.216044620377943e-05,0.0001157243168563582,2.482465424691327e-05
ISIC_0025825,0.999974250793457,1.95737788999395e-06,1.7272786863031797e-05,1.7069251043722034e-06,3.7119189073564485e-06,7.902747256594012e-07,4.121484096231143e-07
ISIC_0025808,0.25143998861312866,0.7482309937477112,0.00024091469822451472,5.761959982919507e-05,4.172950411884813e-06,3.0713558771822136e-06,2.3238520952872932e-05
ISIC_0029210,0.996870219707489,0.0018156726146116853,1.0300753274350427e-05,0.0001290223008254543,0.0011178512359037995,7.650199222553056e-06,4.922967855236493e-05
ISIC_0032154,0.7322085499763489,0.0001955947809619829,0.2592894732952118,0.0001276320981560275,0.0010746020125225186,0.007084920071065426,1.9253344362368807e-05
ISIC_0026549,0.0791524201631546,0.0009626711253076792,0.0846429094672203,0.00025551317958161235,0.00034623686224222183,0.8346298933029175,1.0306866897735745e-05
ISIC_0028558,0.9985145926475525,0.0002938575344160199,0.00047598156379535794,2.7327665520715527e-05,0.0006252701859921217,4.935553442919627e-05,1.3611984286399093e-05
ISIC_0027529,0.618667483329773,3.1831405067350715e-06,0.0030043793376535177,7.278284465428442e-05,0.3778431713581085,0.0003318455710541457,7.719070708844811e-05
ISIC_0024463,0.5009849071502686,8.273257662949618e-06,0.025432894006371498,0.00029931965400464833,0.46937474608421326,0.0038512879982590675,4.851162157137878e-05
ISIC_0028795,0.04918661713600159,1.3481990208674688e-05,0.0138557069003582,9.139931353274733e-05,0.9321997165679932,0.004552711732685566,0.00010034767183242366
ISIC_0026720,0.9979168772697449,0.0006481785094365478,1.7482669136370532e-05,0.0014093344798311591,2.609518787721754e-06,8.028425213524315e-07,4.743803401652258e-06
ISIC_0030487,0.9998295307159424,3.259125878685154e-05,5.094453285892087e-07,0.00011824250395875424,1.1874575648107566e-05,4.5675093929276045e-07,6.702171504002763e-06
ISIC_0032238,0.9997895359992981,0.0001429445546818897,8.065429142334324e-07,5.7025314163183793e-05,5.807529760204488e-06,3.4225058698211797e-07,3.532270966388751e-06
ISIC_0026149,0.9999771118164062,2.6305085611966206e-06,6.562535418197513e-06,6.805785233154893e-06,4.866575636697235e-06,4.3544375216697517e-07,1.5632226677553263e-06
ISIC_0025992,0.9995799660682678,3.531635002218536e-06,5.864942068001255e-06,6.628716164414072e-06,0.0003965887881349772,3.827719410764985e-06,3.7014499412180157e-06
ISIC_0029781,0.9999755620956421,5.945076736679766e-06,4.0421450648864266e-06,1.701176074675459e-06,1.0689010196074378e-05,1.061051648321154e-06,1.0144951829715865e-06
ISIC_0025247,0.2434457689523697,0.29715579748153687,0.002410551067441702,0.4567044675350189,4.116734089620877e-06,5.2450530347414315e-05,0.00022682496637571603
ISIC_0029043,0.29482579231262207,0.0030575727578252554,0.000754895037971437,0.7008769512176514,7.707392796874046e-06,0.00028884122730232775,0.00018822863057721406
ISIC_0027447,0.9994811415672302,0.0004518619389273226,2.185864786952152e-06,1.4347527212521527e-05,4.670461930800229e-05,7.037801310616487e-07,3.0898070235707564e-06
ISIC_0027536,0.9999583959579468,1.7583059161552228e-05,1.2173947652627248e-05,7.865850420785137e-06,2.712160949158715e-06,2.717583527100942e-07,8.956236001722573e-07
ISIC_0027580,0.02493966929614544,0.9749453067779541,8.396197517868131e-05,1.7645703337620944e-05,1.7543958392707282e-06,6.920550276845461e-06,4.659625574277015e-06
ISIC_0024925,0.9994862079620361,7.089229620760307e-05,7.152152829803526e-05,9.847321780398488e-05,4.4315482227830216e-05,0.00020628070342354476,2.2254173018154688e-05
ISIC_0031993,0.19381214678287506,0.8040705919265747,0.0010141978273168206,0.0002230353420600295,0.00030694075394421816,8.027847798075527e-05,0.0004927666741423309
ISIC_0029500,0.056739434599876404,0.9425833225250244,0.00024442176800221205,7.523719978053123e-05,0.00015641871141269803,5.291021807352081e-06,0.00019585950940381736
ISIC_0024539,0.0017735286382958293,0.0008158145938068628,0.9965112805366516,1.644981421122793e-05,1.7652535461820662e-05,0.0008596544503234327,5.582880021393066e-06
ISIC_0027294,0.13257499039173126,0.8658870458602905,0.0010622352128848433,0.00010349373769713566,1.7881320673041046e-05,0.00023535652144346386,0.00011900451499968767
ISIC_0025780,0.9999033212661743,2.2828171495348215e-06,6.006234616506845e-05,7.5383236435300205e-06,2.2718118998454884e-05,1.8201715192844858e-06,2.143553501809947e-06
ISIC_0028941,0.860364556312561,0.1369016170501709,0.0025537831243127584,4.054403689224273e-05,1.102851365430979e-05,0.00011311715934425592,1.530005829408765e-05
ISIC_0026468,0.001097888103686273,0.013475187122821808,5.351909203454852e-05,0.0005080329719930887,1.4638967513747048e-05,0.9848400950431824,1.0653570825525094e-05
ISIC_0026702,0.9999394416809082,3.6483470466919243e-07,2.107200270984322e-05,5.922865057073068e-06,3.112972262897529e-05,1.595355456629477e-06,5.352105176825717e-07
ISIC_0030825,0.03877381980419159,0.9581572413444519,9.530427632853389e-05,0.0006833872175775468,0.0019037174060940742,0.0002197919093305245,0.00016678158135619015
ISIC_0028370,0.999663233757019,8.798659109743312e-06,1.467556012357818e-05,1.0548235877649859e-05,0.0002993284724652767,1.09276004423009e-06,2.2471258489531465e-06
ISIC_0033866,0.00014410745643544942,6.207282581272011e-07,0.99977046251297,6.1625410125998314e-06,7.584375271108001e-05,2.3919742488942575e-06,3.266225974130066e-07
ISIC_0027254,0.14952601492404938,0.00931941531598568,0.5191338658332825,0.002845237497240305,0.0015203424263745546,0.3172311782836914,0.0004239007248543203
ISIC_0029309,0.9838317632675171,4.899326086160727e-06,0.00031115146703086793,1.1769448974519037e-05,0.015828724950551987,8.034890015551355e-06,3.678858092825976e-06
ISIC_0028393,0.9983640313148499,1.3571824638347607e-05,0.0010067091789096594,3.839847704512067e-05,0.0005694367573596537,5.3974490583641455e-06,2.4642135940666776e-06
ISIC_0032854,0.07490905374288559,2.2431977413361892e-05,0.9236832857131958,9.1385090854601e-06,0.0012737938668578863,0.0001003130673780106,2.0040019990119617e-06
