image_id,true_class,predicted_class,p_akiec,p_bcc,p_bkl,p_df,p_mel,p_nv,p_vasc
ISIC_0027419,bkl,bkl,0.004830162874424035,0.001688396628756825,0.9511020173357919,0.001292219784729738,0.031458285481069645,0.008931370845031473,0.0006975470501963375
ISIC_0031633,bkl,bkl,0.00844285031703958,0.25339807918845614,0.6964927766005898,0.0025231747790607833,0.013024415224345292,0.025127812613496316,0.0009908912770119412
ISIC_0027828,bkl,bkl,0.007175921740890639,0.035407879593304,0.6462407570701877,0.0037031969934452776,0.18589024288152553,0.10063560873406881,0.020946392986578136
ISIC_0029559,bkl,bkl,0.0043114772892031685,0.007197397292472095,0.5619028501215249,0.007435717445894023,0.07929016283728697,0.321350543975192,0.018511851038426924
ISIC_0025642,bkl,mel,0.011059278052039346,0.006288378713750386,0.10548981092813454,0.034501838454887565,0.5790477293413319,0.2539887661650262,0.00962419834483019
ISIC_0031691,bkl,nv,0.0045284319106891,0.3331719992661158,0.008040260758319297,0.01001453064520095,0.0029046647121735852,0.6228247066917066,0.018515406015794513
ISIC_0025419,bkl,nv,0.034955686322569304,0.1843515417290792,0.0933632322096926,0.008665478543971516,0.19487370966909445,0.47788048435344194,0.005909867172150983
ISIC_0029301,bkl,bkl,0.004209886737354667,0.01577139502250904,0.6132511904477661,0.017432746019506996,0.091765837311959,0.2147933396450802,0.042775604815823945
ISIC_0030377,bkl,bkl,0.007816781780658694,0.0312817083723579,0.6786854209301866,0.01817829105893909,0.06076254222595028,0.17817583773938606,0.025099417892521368
ISIC_0027960,bkl,bkl,0.055093468900356365,0.005323149035618942,0.7720188386009682,0.0030418577028516903,0.1585654513025689,0.0030044303139649007,0.0029528041436709925
ISIC_0031495,bkl,bkl,0.018668084639177837,0.003699307135375538,0.8621862740371371,0.01009276876834978,0.006834010723735361,0.09507919526780123,0.0034403594284231663
ISIC_0025099,bkl,bkl,0.0007388671480786463,0.0010759831497024154,0.6442395728396527,0.0007690923892645737,0.0013703220708131854,0.35042895550674924,0.0013772068957392336
ISIC_0029413,bkl,mel,0.007955570278996023,0.003303668573887287,0.12638533973969038,0.004400509345873901,0.8172370412347681,0.03713861271481979,0.0035792581119645016
ISIC_0025140,bkl,bkl,0.01585195308589352,0.00772134176039536,0.5249211268544188,0.014357164512140787,0.14473530839845164,0.2670070350267361,0.025406070361963767
ISIC_0029912,bkl,nv,0.0007243148775187036,0.0007046380586035012,0.012900277785881493,0.0011496123147635372,0.013566438677051032,0.9686831684739062,0.002271549812275469
ISIC_0033539,bkl,bkl,0.001119898198385293,0.00142745732221939,0.8922376916300403,0.012598997280962615,0.030734844722637683,0.06039963888513985,0.0014814719606148791
ISIC_0030005,bkl,bkl,0.00399501835998149,0.0003363947486561908,0.9885211552762492,0.0004836600469989556,0.0037081289122995144,0.002599720335805473,0.0003559223200092348
ISIC_0024832,bkl,bcc,0.03076200071062022,0.4253569461005345,0.2635265699022228,0.09555653186457043,0.06893438425524218,0.07738356040953169,0.03848000675727839
ISIC_0029837,bkl,nv,0.004387495354209016,0.003645633016167884,0.031031561058297175,0.004642187761754677,0.0020357362257157445,0.9500542764364931,0.0042031101473624525
ISIC_0025510,bkl,bkl,0.0037520215754919804,0.0023610091316875205,0.7011790287668771,0.004783463110621454,0.016222519882657844,0.26909224091892625,0.0026097166137378828
ISIC_0029060,bkl,bkl,0.025385115424725522,0.0075813828648477275,0.7252431854201807,0.007760645484006981,0.006753604331846434,0.22294930557160011,0.004326760902792559
ISIC_0026153,bkl,bkl,0.002167415086291955,0.002974328979980387,0.9057793930428417,0.0018524709091803512,0.025779684603317393,0.057502868191633166,0.003943839186755057
ISIC_0025063,bkl,bkl,0.12911296649142287,0.0035182175325767376,0.7828914012726567,0.0034657171467760025,0.04552535106334367,0.030988835202829596,0.004497511290394482
ISIC_0032306,bkl,bkl,0.007880181617748672,0.0013582720327955805,0.9773966830153813,0.00124040645685144,0.006251461676034075,0.004281848508927911,0.0015911466922610105
ISIC_0032304,bkl,bkl,0.0036793626723397063,0.0017698487959896937,0.9721640454779213,0.0006941063803701192,0.016232781352851503,0.004665187301895024,0.0007946680186326436
ISIC_0032382,bkl,bkl,0.003974721485212392,0.007267997304437283,0.9634974010798978,0.001363821507619014,0.0076663553128831635,0.013478740101284258,0.0027509632086660774
ISIC_0029674,bkl,bkl,0.006783169060922501,0.0015042867322889372,0.9378954568634016,0.0017392568653347845,0.005184591868819578,0.04345529438726587,0.0034379442219667844
ISIC_0028607,bkl,nv,0.008603522283486105,0.010334011280493065,0.439521636851505,0.011816650724129258,0.05983327706191268,0.4622549898462083,0.007635911952265651
ISIC_0028646,bkl,bkl,0.0025848362061102245,0.000720362289419966,0.9534552665865113,0.0009660070232957602,0.001081207011655434,0.04029658075505122,0.0008957401279560867
ISIC_0033041,bkl,nv,0.0026767822824304704,0.005871956818950221,0.24748929916078552,0.0031700831282530373,0.01808889383948901,0.7206090484479597,0.00209393632213206
ISIC_0033900,bkl,bkl,0.010487809996442929,0.006539546518178131,0.6584031217930917,0.0032912747640027737,0.17945539955410963,0.13793965110171194,0.003883196272462971
ISIC_0030276,bkl,bkl,0.0022059529005849705,0.0013437613747377486,0.9830808133886509,0.0022776391353747072,0.00543771495802234,0.0024400509873286572,0.0032140672553006115
ISIC_0033201,bkl,bkl,0.0006741013652594422,0.0005024078732818458,0.9784303071502537,0.0003525436985946132,0.002478298087892067,0.017166587411275087,0.00039575441344323636
ISIC_0033613,bkl,bkl,0.009266750866971991,0.0029856131196710546,0.9687141827219395,0.0007842351903627374,0.008880288280039872,0.00822687885027692,0.001142050970737891
ISIC_0032978,bkl,mel,0.0023027486740397076,0.0021472387691527277,0.11413658736691365,0.0012424484555226282,0.8777511021780646,0.0021844330295813213,0.00023544152672525597
ISIC_0032829,bkl,bkl,0.0003594835300802375,0.003785274168941846,0.9854944284349245,0.00041665873578599255,0.005103907753402169,0.004010548261405281,0.0008296991154599605
ISIC_0033601,bkl,bkl,0.0026638176784785804,0.013351986396260448,0.9112740919545761,0.002450080398307587,0.03212793430534106,0.03258060306276034,0.005551486204275891
ISIC_0032570,bkl,bkl,0.012671525545561921,0.004366598470618924,0.549412810365296,0.019973884970337554,0.010410427160004527,0.39085288793333256,0.012311865554848573
ISIC_0033410,bkl,bkl,0.00048769347273606767,0.0006126024028834332,0.9956176273363924,0.000172608739507459,0.00040769581844755205,0.0026274006351585336,7.437159487455905e-05
ISIC_0033306,bkl,bkl,0.00711863889962671,0.00146946845919303,0.9835868230519107,0.0007429453398048746,0.004362149432935083,0.0021812351164901232,0.0005387397000394277
ISIC_0033235,bkl,bkl,0.0011047045376143076,0.0005536338961683683,0.9863121257004601,0.00033325397786440245,0.0012580623521873222,0.010109879972391529,0.00032833956331390906
ISIC_0026085,bkl,bkl,0.014444137312459858,0.0013658971071663923,0.9520307251349489,0.0010584166347979615,0.026412461788697404,0.0033722656423138073,0.001316096379615711
ISIC_0032756,bkl,bkl,0.0005014218856044997,0.00034029647601287974,0.9926537879181967,0.0001893249257561526,0.003224800797726502,0.0028411717290282696,0.0002491962676749847
ISIC_0034031,bkl,bkl,0.023609088978408924,0.013608591526549776,0.5873368110157089,0.031777633222850175,0.16752768834039247,0.16176971736368154,0.014370469552408206
ISIC_0033449,bkl,bkl,0.0020568037852730457,0.0005875763669907603,0.9742508383663233,0.0006052970349479178,0.0008228341056421172,0.02120528471106875,0.000471365629754103
ISIC_0033414,bkl,nv,0.0029591546583951226,0.004937868092264823,0.035149529959042185,0.0036563887353862788,0.012400186060281617,0.9367580358085268,0.004138836686103242
ISIC_0033791,bkl,bkl,0.0023434436470419376,0.005915166306663549,0.5421274890533312,0.0034212273357317655,0.4151467568375671,0.02693796835407653,0.004107948465588035
ISIC_0033060,bkl,bkl,0.0007852874816077882,0.0016405043151006137,0.8472505747098302,0.0008945780066268569,0.002434324413214889,0.14608203892207042,0.0009126921515491951
ISIC_0031376,bkl,bkl,0.0025683548003669907,0.002091224899585337,0.9868829335479254,0.0006571632917633042,0.0037212524148945974,0.0035196029283063304,0.000559468117158025
ISIC_0027989,bkl,bkl,0.018215654828644238,0.0060919804929337575,0.8799209313499134,0.004114863608602531,0.047072152863199185,0.028819968514943433,0.015764448341763347
ISIC_0027218,bkl,nv,0.010391708138253656,0.016340478209031895,0.31281965165023035,0.0059598877510856066,0.053285694972947655,0.5930168713075274,0.008185707970923356
ISIC_0028020,bkl,bkl,0.009866730614452467,0.0045119239876841985,0.7667320303985642,0.10639354336746926,0.008473036271837778,0.07441800580876473,0.02960472955122735
ISIC_0026623,bkl,mel,0.1178982571589182,0.33555189961923537,0.06633029876494546,0.01576852419036349,0.419998103910302,0.03776226524101341,0.0066906511152220296
ISIC_0031989,bkl,akiec,0.7552773828054582,0.06287126266400941,0.12867613954224322,0.0034354841276070607,0.008492379807260175,0.03644229700717496,0.004805054046246992
ISIC_0029394,bkl,nv,0.017290010803304053,0.005881890215385987,0.04853956620100352,0.0148139214400572,0.3283757235631742,0.5675093829220683,0.01758950485500686
ISIC_0027374,bkl,bkl,0.008729015840194924,0.04720116076225483,0.809698528709185,0.0026235023822705258,0.004836081525717639,0.12233768965366382,0.004574021126713197
ISIC_0032168,bkl,bkl,0.027444480635543746,0.003730808356199756,0.8475847955757703,0.013613977192018137,0.009770245714224633,0.09498737840867016,0.0028683141175733667
ISIC_0028308,bkl,akiec,0.5966052974714091,0.15763922923996665,0.07332204859245545,0.019043793026581338,0.018514006717024887,0.12792792179342355,0.006947703159139079
ISIC_0029522,bkl,df,0.14467108628499895,0.015781292123101504,0.049356291473820466,0.4189657963585371,0.09946434194316758,0.25446579184600143,0.017295399970373118
ISIC_0031060,bkl,bkl,0.014413834735935,0.010927648362663394,0.6800249858434557,0.023349079781144224,0.07367250161476006,0.18698139791616852,0.010630551745873138
ISIC_0026634,bkl,bkl,0.0024210938982834286,0.0016750865992581731,0.9793562716147773,0.0006537252765462879,0.0018773841676553921,0.013332552021503026,0.0006838864219763066
ISIC_0026923,bkl,bkl,0.010830532732407706,0.0004197030301350208,0.9871963047600685,0.00010953574088956826,0.00011602882392220801,0.001141183634400558,0.00018671127817650562
ISIC_0030203,bkl,bkl,0.011369372438493312,0.22584561017699323,0.5970241432565704,0.02892903901935963,0.12394960488931861,0.0028757942353409872,0.010006435983923888
ISIC_0025985,bkl,bkl,0.002458727244756427,0.0721602762297595,0.894670707607702,0.002654888634191699,0.0018471710365970918,0.023605413046530733,0.0026028162004626595
ISIC_0030208,bkl,bkl,0.0013073716217266254,0.0017971399367116968,0.9863778533846288,0.0012675268357584246,0.0020314768207658897,0.006790659833619979,0.00042797156678858446
ISIC_0025986,bkl,nv,0.0012996299388956449,0.0040898564889763,0.06366065911027195,0.001974941807924299,0.030950996095410025,0.8663558432744373,0.0316680732840845
ISIC_0025805,bkl,bkl,0.004277256281239541,0.013392700519931387,0.5125587600222852,0.00581402958480891,0.009429998588565814,0.4482514534027491,0.006275801600420055
ISIC_0024880,bkl,bkl,0.004938884718206929,0.0007302758396534549,0.9859765892279724,0.0006792900862932881,0.00039547313036778257,0.006727381292161497,0.0005521057053446435
ISIC_0029525,bkl,bkl,0.025734168935231356,0.0013537281905109165,0.9695809087368495,0.0001693631981052515,0.0007869061831628825,0.0020417673336546303,0.000333157422485393
ISIC_0025376,bkl,nv,0.01571171855670788,0.03646359626228338,0.247269931670029,0.016251875634860493,0.043694185046684424,0.636698690821631,0.003910002007803854
ISIC_0024726,bkl,bkl,0.002093171386995444,0.00041321327108874916,0.9878789375969571,0.00025043538142323417,0.001994676524520296,0.007082155566582339,0.00028741027243279544
ISIC_0028100,bkl,bkl,0.009456556988588796,0.09119052694160637,0.763609525567908,0.005871209884524867,0.004864080836047847,0.11812018348349058,0.0068879162978335955
ISIC_0030636,bkl,bkl,0.0062649584394637945,0.021235425266203378,0.9505070495775376,0.005276362075903697,0.0007144445724337436,0.014917583292928728,0.0010841767755290276
ISIC_0031078,bkl,bkl,0.005114549170484199,0.0030791760319395086,0.7555366325022941,0.0029879640554315865,0.056023291521020514,0.17443068472954237,0.002827701989287702
ISIC_0025693,bkl,bkl,0.003261768116071267,0.001186168602830234,0.8985920439487102,0.0009119481455750613,0.09159258962288157,0.003795249675065642,0.0006602318888660461
ISIC_0032116,bkl,bkl,0.008195046603446573,0.017984225490741933,0.9075153158155751,0.004065083936651279,0.042204763040208655,0.015289037158175428,0.004746527955200962
ISIC_0024772,bkl,bkl,0.005882217373384726,0.0077709303695323246,0.7271276628067874,0.006765087589895401,0.13577583910859561,0.1125416513739252,0.0041366113778793
ISIC_0026219,bkl,bkl,0.041364796954598014,0.01152796467860439,0.8936002082075195,0.007796213700177612,0.015911365443347213,0.0270690328585856,0.0027304181571677
ISIC_0029139,bkl,bkl,0.00023342229876204036,7.482933699281156e-05,0.999238363448496,3.339272426935599e-05,0.0001912606389090424,0.0001832842635935787,4.544728897718863e-05
ISIC_0031061,bkl,mel,0.06469868674482505,0.07791222212635635,0.12150400517794137,0.24224610316686854,0.24487900913627553,0.2288807377847873,0.01987923586294597
ISIC_0027991,bkl,nv,0.007903498216189487,0.02047507731577791,0.2433854817847187,0.004727171561359615,0.10988692497999177,0.6077411457531294,0.005880700388833034
ISIC_0031289,bkl,bkl,0.002704977780670015,0.03323661746900942,0.5542709794898495,0.005239749189477721,0.34818793399432046,0.05503506786516224,0.0013246742115106723
ISIC_0031580,bkl,bkl,0.004082829930107993,0.0010802242804526581,0.9574429175783202,0.0005505337178190183,0.0016150665316650558,0.0346655695762894,0.000562858385345617
ISIC_0030365,bkl,mel,0.012533334572082933,0.000819947132611957,0.006430668977965782,0.005653513839323562,0.9461823292417465,0.027609038469402963,0.0007711677668663688
ISIC_0029810,bkl,mel,0.04187081062241912,0.14775173567547142,0.147939723947354,0.017562488443540955,0.49750697464744686,0.13240615371146902,0.01496211295229869
ISIC_0029678,bkl,bkl,0.023637108576271174,0.10754348845462698,0.4021772195285635,0.01229017990469681,0.27982833530677276,0.15546889040617773,0.01905477782289105
ISIC_0027990,bkl,bkl,8.844906266055324e-05,0.00015196092262665436,0.9976405478650411,0.00012298528852927338,0.0017726404633816933,0.00016562444908775763,5.7791948672965016e-05
ISIC_0031808,bkl,bkl,0.0034172207171396527,0.005128731526482572,0.8552007788047252,0.0013485162307092771,0.12963257040506532,0.004102525706596315,0.0011696566092816766
ISIC_0027470,bkl,bkl,0.010712156330187983,0.011390408383812509,0.6114065025338914,0.009702655556986456,0.0175935126129739,0.3251534065603812,0.014041358021766604
ISIC_0024910,bkl,bkl,0.06182808300115443,0.010318660250613726,0.4904936983711462,0.03367305362424711,0.10395128722061238,0.2890748864391959,0.010660331093030426
ISIC_0025374,bkl,bkl,0.0004387766863959139,0.0001468715155815902,0.9720000798352346,0.0003333338055114778,0.02157955136823011,0.005287397906312478,0.00021398888273379825
ISIC_0030533,bkl,bkl,0.0027187700686050866,0.029558662985134695,0.7305777566299394,0.0036005586651658727,0.008848471575793677,0.22038374098999422,0.004312039085366998
ISIC_0027335,bkl,mel,0.02431054668031232,0.030266588454188396,0.030939065694348743,0.008002581631797782,0.8806179849301932,0.024115697974402373,0.0017475346347572457
ISIC_0025389,bkl,bkl,0.019996605620489664,0.013339394912285363,0.9085397208449957,0.033639351073347666,0.009379229837829232,0.013488859142740449,0.001616838568312006
ISIC_0028593,bkl,bkl,0.0739160857440102,0.013680691596291551,0.8554785338607084,0.003440984841812427,0.0052601223088146265,0.04499138376187799,0.003232197886484764
ISIC_0030801,bkl,bkl,0.11008724363005928,0.005419003345270289,0.7537882201232837,0.006564042499578992,0.0056975042911100995,0.11273933909949807,0.005704647011199528
ISIC_0030231,bkl,bkl,0.32504636935087955,0.07957490068212768,0.533546455225741,0.007579320186569995,0.011558268780044526,0.03005364597334612,0.012641039801291195
ISIC_0029206,bkl,bkl,0.002111053164352374,0.001607795948056844,0.8524379779228712,0.002744767168598902,0.07587517586792361,0.06335588226193004,0.0018673476662670358
ISIC_0030608,bkl,nv,0.0010692330864986801,0.0006559360932824229,0.02835657199356406,0.0009433206834948185,0.0328540643176,0.9346343264712148,0.0014865473543451842
ISIC_0030935,bkl,bkl,0.009697699715892504,0.0024656651634085178,0.932137846940498,0.002872883494879179,0.007764000599697939,0.043477536110876965,0.0015843679747469407
ISIC_0028611,bkl,akiec,0.9621173973043061,0.008276095654363599,0.0006014828327634635,0.006256044397698796,0.007363401755426604,0.013337882411845048,0.002047695643596344
ISIC_0028842,bkl,bkl,0.004861349397216132,0.007710347267306264,0.9057680862151724,0.0026089294295417935,0.048536889417850684,0.02630980733820909,0.004204590934703634
ISIC_0028913,bkl,bkl,0.02040580808786367,0.0048956782794523975,0.9509632970337828,0.009403786793671291,0.00034523111956306744,0.013231243028152982,0.0007549556575138074
ISIC_0031831,bkl,bkl,0.0007417833592595199,0.0007062647353310795,0.9966113424466246,0.00011955290368368478,0.001191008087215209,0.000421907013839735,0.0002081414540461062
ISIC_0030130,bkl,bkl,0.03294115796382208,0.003429347542203782,0.9053891694691858,0.002751192176412944,0.02234215363570029,0.027831955421320564,0.005315023791354531
ISIC_0032031,bkl,bkl,0.0006116999670280111,0.00041769216614028333,0.9951638507290875,0.00013201204767206493,0.001653195131598678,0.001931296425695594,9.025353277779255e-05
ISIC_0028294,bkl,bkl,0.0007349924382914076,0.000919611812842373,0.9891352663758888,0.0006641152400866636,0.006721035087601622,0.0013007937478630581,0.0005241852974261031
ISIC_0030835,bkl,bkl,0.00045397497932748657,0.00018066388839179184,0.8905480593029257,0.0010192009051017633,0.01877194605518804,0.08852811348159573,0.0004980413874695715
ISIC_0027811,bkl,bkl,0.0030366350078786693,0.001245993596745368,0.9657142069121006,0.0014247471243508056,0.007628945436823945,0.02032237837768991,0.0006270935444107033
ISIC_0026249,bkl,nv,0.005055254054227462,0.02481105304179961,0.15671197893268296,0.005765421948406283,0.0028887548641931557,0.7998249263151257,0.004942610843564896
ISIC_0024774,bkl,bkl,6.751231676810453e-05,2.547120723173823e-05,0.9990769370621115,3.397813382136378e-05,0.0003093866371655366,0.0004290615580443633,5.765308485738387e-05
ISIC_0026016,bkl,bkl,0.00029838440954137565,0.0002778340255637702,0.9927535432194615,0.00014764499584228214,0.000524787140608347,0.005590279081308163,0.00040752712767452815
ISIC_0026069,bkl,bkl,0.0001322697399418203,5.936012411855013e-05,0.9979373534182766,2.032781470235159e-05,0.00020654583551491554,0.0015994109541265429,4.4732113319198546e-05
ISIC_0031528,bkl,bkl,0.002116918578334528,0.0013671074538578,0.8185487488632006,0.0014445892594540455,0.004603255347232986,0.1701002478144507,0.0018191326834692907
ISIC_0028623,bkl,bkl,0.0072118939640860935,0.0014388950961844945,0.9631226126496613,0.0019196541651959537,0.001779070389938429,0.02352217228954388,0.0010057014453898694
ISIC_0025103,bkl,bkl,0.003087672874576164,0.0017821678096829857,0.9749978918275565,0.004848795744833963,0.010098106573227702,0.0039612010138654315,0.0012241641562573077
ISIC_0030123,bkl,mel,0.016375363871746526,0.005958762887378968,0.02829999039651455,0.0031076633651334795,0.9298810681888658,0.010182588230238635,0.0061945630601220256
ISIC_0024782,bkl,mel,0.08516810875435607,0.014732310748504182,0.035849425875858945,0.014859702534903645,0.6622474290101197,0.16019340057903125,0.026949622497226162
ISIC_0029320,bkl,bkl,0.00747504471869744,0.002289463205610424,0.580861750416381,0.020058216384912578,0.013292586097578506,0.36985298597835314,0.006169953198466981
ISIC_0029924,bkl,bkl,0.027221388514140576,0.02859416500992114,0.49671420213806794,0.020213382860466148,0.2299908750502453,0.18033363639067249,0.016932350036486424
ISIC_0032498,bkl,bkl,0.007511877088793117,0.011411508597712257,0.49664266321309836,0.011627825493814671,0.25260849537150243,0.21213012659679803,0.008067503638281109
ISIC_0024943,bkl,bkl,0.004326389590163858,0.005850320285365314,0.6046014973039848,0.007295798538962219,0.028004132357573062,0.3451493741350771,0.00477248778887362
ISIC_0028449,bkl,bkl,0.0032823983272280725,0.00015783116825316543,0.9947038076798366,0.0001860286908969367,0.0007014625844519356,0.0007969103408117338,0.00017156120852159862
ISIC_0026174,bkl,bkl,0.0007103207137838664,0.000298440950461946,0.99365086536212,0.0004053861584079927,0.002034438289034513,0.002634038269731704,0.00026651025645996976
ISIC_0032170,bkl,bkl,0.0007175878405865151,0.0012231782196038422,0.9173949973435718,0.001178091123774586,0.0011052242050545087,0.07711251919224502,0.0012684020751637822
ISIC_0025005,bkl,bkl,0.0027905164313048593,0.0035044273570637176,0.9699367185789989,0.001982831873961983,0.008471890653294404,0.010554019137201212,0.00275959596817492
ISIC_0025851,bkl,nv,0.004818635628269517,0.003562304665934582,0.27888648761723234,0.005604290398135751,0.03465065961928034,0.6683854786946455,0.004092143376501928
ISIC_0033722,bkl,nv,0.0019221583904698901,0.002653041357855255,0.16787853586775886,0.011050743357642239,0.027240288122785915,0.7849742884775165,0.004280944425971451
ISIC_0032719,bkl,bkl,0.0024139552158313903,0.002392876512694905,0.9499208150622622,0.001708241192077176,0.006515572650416791,0.03596453798415485,0.0010840013825626322
ISIC_0030630,bkl,bkl,0.013964630921790278,0.006789852198825676,0.3926271878544441,0.0035588767460124084,0.347294677899817,0.23120477412725585,0.004560000251854693
ISIC_0032179,bkl,nv,0.0037936025050312205,0.006896076194767841,0.13739964799586113,0.009954793676262555,0.034999930840818705,0.7958963539336963,0.01105959485356223
ISIC_0034197,bkl,bkl,0.034436410921887116,0.004057443379599135,0.9364545189547293,0.0048472984650366644,0.009184536606769397,0.0075942095064487685,0.003425582165529632
ISIC_0033022,bkl,bkl,0.0006896223262258069,0.0003243730893427169,0.9925321139295874,0.00034534353376985467,0.0011570103142633467,0.004713201339461633,0.0002383354673492621
ISIC_0033693,bkl,bkl,0.0020453469424963995,0.009787208274157163,0.960464171956252,0.000756855198417442,0.014399475817892556,0.010786149477345599,0.0017607923334388741
ISIC_0033246,bkl,bkl,0.001751933654349773,0.0012045438099773595,0.9669211421910259,0.0029429821891296336,0.012447490999020358,0.012845561305871627,0.001886345850625355
ISIC_0033528,bkl,bkl,0.00019453299871905684,4.237537836161746e-05,0.9988455027601661,0.0001335179404860243,0.000510636725933017,0.0002229141663848695,5.052002994925215e-05
ISIC_0033865,bkl,bkl,0.0003877851387347809,8.942204166980769e-05,0.9978672313109123,0.00019921463589568956,0.0009242110665459271,0.0004324208996562346,9.971490658529823e-05
ISIC_0034296,bkl,bkl,0.0018125060613978549,0.0021036784657461546,0.9244588445005549,0.0031245493981081553,0.012547645733040945,0.05258026862890784,0.0033725072122441227
ISIC_0032763,bkl,bkl,0.0029057430444798626,0.00487918731801335,0.6062699755681479,0.004230250651165047,0.024241011881793572,0.35257014981356666,0.004903681722833703
ISIC_0034291,bkl,bkl,0.0014736322126834458,0.008168941630440962,0.9000973442285766,0.005089188745966464,0.04619996182057001,0.034267707171552274,0.004703224190210307
ISIC_0033701,bkl,bkl,0.0016567771500695756,0.002146210036925955,0.8730361941343275,0.001343276834407368,0.005280843524831634,0.11366284692453706,0.0028738513949008687
ISIC_0033945,bkl,bkl,0.0020172075320430203,0.006147756218580466,0.7823144778012943,0.009316849766036805,0.008248697774106552,0.18967378409833927,0.0022812268095996568
ISIC_0033750,bkl,bkl,0.0003933990440268507,0.0009568806647287153,0.9547444506452304,0.0010148725529887373,0.004168433650588125,0.03769943901150805,0.0010225244309291293
ISIC_0033490,bkl,bkl,0.007219597315226742,0.0029833586101290256,0.937543971706878,0.002737240263468479,0.002127189995705752,0.04557355610786927,0.0018150860007228045
ISIC_0032740,bkl,bkl,6.317121158528134e-05,0.00041394541461538313,0.9990221484890807,7.391113957074714e-05,0.000275976792496907,0.00011438400840891268,3.6462944242094274e-05
ISIC_0032271,bkl,bkl,0.008912134188556372,0.0022959220608731517,0.9561295175924679,0.001267279683486502,0.0008380858845794828,0.029161299087586107,0.0013957615024504974
ISIC_0029202,bkl,bkl,0.000542783842686462,0.0002469816546638739,0.9912247691290347,0.003360124993633639,0.0015432128457041096,0.002194799007180667,0.0008873285270965594
ISIC_0032124,bkl,bkl,0.003508654221425353,0.004096821909400628,0.9420020516816954,0.003431826446054195,0.002523368206058921,0.03867738149172951,0.005759896043636061
ISIC_0030959,bkl,bkl,0.0048335338497072135,0.009930773340495885,0.7199640858949747,0.014922882691004872,0.04821166070432287,0.13464448771269696,0.06749257580679748
ISIC_0029251,bkl,bkl,0.008586142787855812,0.0014637215718546887,0.9171730452689182,0.010590933480430371,0.00416672704299835,0.05472201034681456,0.0032974195011280377
ISIC_0026291,bkl,bkl,0.0006119951421345728,0.0011934578698193457,0.9837608088250821,0.0015376162299130074,0.006631105957956035,0.00494976923869492,0.0013152467363999891
ISIC_0029345,bkl,bkl,0.0022891687837673018,0.0026101864733909064,0.8423057139351406,0.006420402932643465,0.019086115581814434,0.1210405218626217,0.006247890430621585
ISIC_0028448,bkl,bkl,0.0010928804639849855,0.0005848595286188907,0.975870564651601,0.0008285520931084775,0.0004201468587589671,0.019797133730482506,0.001405862673445169
ISIC_0032460,bkl,bkl,0.037127304790159556,0.2312157243578993,0.5143202721180811,0.024258701236040327,0.0103948518421895,0.16491180135326272,0.01777134430236755
ISIC_0026959,bkl,nv,0.0006603015683942014,0.00023694285909444147,0.01955884304998352,0.0017923149942020017,0.00029099197576100926,0.976891764655008,0.000568840897556735
ISIC_0027167,bkl,bkl,0.001475937375306533,0.00047476531360189894,0.9791568839999224,0.0010138157009841563,0.0020233892003688842,0.014968494535800436,0.0008867138740157414
ISIC_0028525,bkl,bkl,0.08962268397618092,0.012363866624919896,0.4162914573608363,0.007625836675265331,0.26310723253954604,0.20502237667391982,0.005966546149331724
ISIC_0028331,bkl,bkl,0.05005267101266631,0.01080646413542971,0.5214627565793036,0.032344301897413344,0.14337150065223653,0.2286574775736838,0.013304828149266723
ISIC_0025330,bkl,bkl,0.002197749074287384,0.0016060626083636085,0.9556249840636393,0.002099971851744811,0.0018845416822317828,0.03293864909479422,0.0036480416249389325
ISIC_0026967,bkl,bkl,0.004151393919766114,0.010089533872166842,0.9417220476411814,0.009435356947420075,0.011766395003719307,0.020240271091786142,0.002595001523960149
ISIC_0031223,bkl,bkl,0.00011837590189696098,0.00013964687501217442,0.9971290526468953,0.00034481015102628363,0.0006439980620418894,0.0012740870537525082,0.00035002930937481463
ISIC_0025879,bkl,bkl,0.0027323196038239513,0.0009134565425957331,0.8055256405977167,0.004488898146209589,0.0019950864012814123,0.18255987569434712,0.001784723014025471
ISIC_0025387,bkl,bkl,0.0002223717353900542,0.0003129523834371711,0.995182090327126,0.0002039117394949283,0.0023530006171532006,0.0014322333526335027,0.00029343984476510373
ISIC_0028797,bkl,bkl,0.011370606863051653,0.06996798412691335,0.6146952792234761,0.03493187138120666,0.019344117230456686,0.21620958382881147,0.033480557346084
ISIC_0025668,df,df,0.004812583306959185,0.003272802169223357,0.0038705714659128592,0.8915300263201111,0.01684017193811554,0.07790387914985855,0.0017699656498193902
ISIC_0032642,df,df,0.005512088531591245,0.0010836850572916814,0.0026960554182008543,0.954749108588366,0.011023366173332666,0.023013965179001606,0.001921731052215918
ISIC_0029248,df,df,0.0012761908585939925,0.0038163656684144496,0.0013020114026403556,0.9838832088913664,0.0035691289745209656,0.004570274573185855,0.0015828196312779549
ISIC_0032247,df,df,0.02127492508655267,0.04291223324429716,0.13590929367653135,0.3829808321736697,0.31233438151665677,0.07368403458241346,0.03090429971987892
ISIC_0029967,df,df,0.002781429395111454,0.01387993475855164,0.0012679385956277211,0.9680581989273671,0.0031605987531467734,0.009681662399496666,0.0011702371706986349
ISIC_0028926,df,bcc,0.0199890759408317,0.723630178537315,0.001976402729862164,0.02063020041508682,0.010911109253464476,0.22128925683801287,0.0015737762854269772
ISIC_0029891,df,bcc,0.16056816656110656,0.6667732906462703,0.0717785526344229,0.027233643215521585,0.004193256646960758,0.0636900675892808,0.005763022706437096
ISIC_0034135,df,df,0.002185035164525048,0.00021987169952335307,0.00015481238850243267,0.9925790136641839,0.0018245076347632523,0.002431122313785982,0.0006056371347160452
ISIC_0033891,df,df,9.497949290130769e-05,1.983657815739277e-05,7.731801051930794e-06,0.9996369180303406,8.377318418183779e-06,0.0001994137432944637,3.274303583610929e-05
ISIC_0033554,df,df,0.0006820666966578895,8.301250661967274e-05,0.0001564852996702551,0.9977777005754236,8.116133500398942e-05,0.0010921540076576153,0.0001274195789669765
ISIC_0033422,df,df,0.0004963823375776148,0.0001620740858471615,3.704238223944708e-05,0.9981100360182431,0.00030014919556570473,0.0005477099743568609,0.0003466060061700635
ISIC_0033808,df,df,0.0016286123137261759,0.0001830551084395581,0.00035391723489740234,0.9870869199776433,0.0006065576339202685,0.009787020496475908,0.00035391723489740234
ISIC_0033847,df,df,0.002427713839985217,0.0004176260293885384,0.0004419364046032171,0.9877822828311482,0.0010087738041167679,0.00705771983254682,0.0008639472582111751
ISIC_0030830,df,nv,0.002368884738938531,0.0024043410129550766,0.003954959040777162,0.2935744596970052,0.054531362851466376,0.6388208365984374,0.004345156060420277
ISIC_0026254,df,nv,0.000991206628790548,0.010358470913403599,0.036120857547197065,0.012799507582828638,0.0021947227362508186,0.9307924907994884,0.006742743792040882
ISIC_0031271,df,df,1.8799082487856356e-05,5.216647926003332e-06,6.561909873656669e-07,0.9998752238945574,2.992198031849034e-06,3.13303167321939e-05,6.578166927735568e-05
ISIC_0027141,df,df,0.0013161769000386689,0.010738525044148415,0.0005567101670386718,0.9603758915257407,0.0009457026981190988,0.01761083601751666,0.008456157647397858
ISIC_0030623,mel,mel,0.003416761829123404,0.003843458253327885,0.013920090917197906,0.0028746475229949574,0.6337472922313082,0.2997682583473664,0.04242949089868112
ISIC_0026993,mel,mel,0.0016138334164187123,0.00018449072882712394,0.0005780366809393847,0.00030807738031484475,0.9962086498307318,0.0009224212339411013,0.00018449072882712394
ISIC_0028412,mel,mel,0.00168849654683578,0.0015521660029060933,0.0010138588086887944,0.004241616900692068,0.9371317971274399,0.0530797684730435,0.0012922961403939045
ISIC_0026531,mel,mel,0.0014096496090850775,0.00034098172726634596,0.000994976973953855,0.0005427996030461786,0.9946526401289981,0.0017752775702732267,0.00028367438737714065
ISIC_0032396,mel,mel,0.010025590609928515,0.004175742290518866,0.009976518691556841,0.006352295496650377,0.9555176553661502,0.010964781747956627,0.0029874157972385857
ISIC_0031499,mel,mel,0.002291267809332553,0.00039555322989772866,0.0029771388785814813,0.0012859725632879907,0.9539374909878433,0.038403374891608597,0.0007092016394483326
ISIC_0030486,mel,mel,0.23656048624668738,0.007179291876504141,0.11580744931874846,0.008993706774099558,0.5613585265823778,0.06625380056928046,0.0038467386323021184
ISIC_0027125,mel,mel,0.004040067943931693,0.011500725902525358,0.013211284433840178,0.007883769813485035,0.8369485019796962,0.11938059110413117,0.007035058822390365
ISIC_0024367,mel,mel,0.012140997351388372,0.005246386668703245,0.01853743484119822,0.010250292919860321,0.6129483220532015,0.3347981689201282,0.0060783972455201235
ISIC_0032079,mel,bcc,0.005031458781218115,0.660905022673034,0.007348909525597596,0.006942082794971982,0.2992444776510541,0.019017716675785785,0.0015103318983383561
ISIC_0032400,mel,mel,0.003062139684252415,0.0020635924802199783,0.0024592471788443247,0.0027770445063007095,0.9653218514039238,0.006870513314646346,0.017445611431812447
ISIC_0030211,mel,mel,0.004273032053562064,0.00042424456711012573,0.0006826858638369345,0.00037245332985115585,0.9916517889816283,0.0016480985222974893,0.0009476966817139302
ISIC_0027769,mel,bkl,0.006280851191921932,0.02765381370089701,0.5163179948512561,0.008450347076576523,0.06326134026399924,0.3705422391937494,0.0074934137215999
ISIC_0029913,mel,mel,0.004574728175340891,0.00837049937997295,0.024065193421227822,0.05522939111684127,0.5496645195526687,0.31683393584211805,0.041261732511830296
ISIC_0031557,mel,nv,0.003940934692697889,0.002243550577082097,0.04951063687272617,0.006153966612329919,0.18305113003860768,0.7513840396558235,0.0037157415507327635
ISIC_0028901,mel,nv,0.0029201044588568026,0.0014074020304446495,0.0028353890085035896,0.002640667714898761,0.3522193469203187,0.6362002889792934,0.0017768008876841285
ISIC_0032098,mel,nv,0.006297896858313071,0.012036000694620465,0.014772356417317563,0.013131270478023942,0.2836744539144766,0.6492614907772182,0.020826530860030237
ISIC_0025603,mel,mel,0.0026348675700594614,0.0032925832043893873,0.001973171975705372,0.006712742565937098,0.8341008771819801,0.1480382054778003,0.003247552024128277
ISIC_0032044,mel,mel,0.0010604203419735953,0.0008754394154967121,0.006502897115279684,0.0021986797629557587,0.9733486590039612,0.015067749609258909,0.0009461547510741952
ISIC_0024886,mel,bkl,0.018757968518639815,0.043693697463792515,0.6273335026597515,0.004835374479264601,0.18807856787733568,0.0944619277656484,0.02283896123556737
ISIC_0027102,mel,mel,0.01473723683272698,0.004565792874619843,0.0016562356950854968,0.006290750992085036,0.9455030124099846,0.01591671347914717,0.01133025771635087
ISIC_0031369,mel,mel,0.0076489288033601095,0.19087341865804114,0.03627471292705844,0.1340816571351468,0.5820745140314115,0.03652094299573518,0.012525825449246882
ISIC_0029547,mel,mel,0.0003719942918992883,0.002154863727341862,0.0014859343258748707,0.002165463033352486,0.9693141128540369,0.024209338755182535,0.0002982930123120618
ISIC_0027060,mel,mel,0.0018680510662035105,0.0013735486034847297,0.010779376164926174,0.001831647403217511,0.8734030716386009,0.10607966829273653,0.0046646368308307
ISIC_0025996,mel,mel,0.002872449338528988,0.0015683261663171147,0.02593173624041373,0.010322821317101698,0.9240340353971735,0.03363129996178319,0.0016393315786816637
ISIC_0031779,mel,nv,0.014078777612965677,0.008651014302805316,0.26801210824920213,0.005890500550473321,0.23751317359562554,0.455988106609287,0.009866319079640916
ISIC_0028442,mel,mel,0.09277338737845357,0.09195608817971306,0.04608149502499332,0.015492911801931785,0.6952054344035743,0.052725486483789163,0.0057651967275447425
ISIC_0031977,mel,mel,0.005654967526128141,0.003050617780885093,0.13284970592445916,0.010522126704048437,0.5497739774041214,0.291427197226088,0.006721407434269762
ISIC_0031517,mel,mel,0.000300761414708674,0.0014766166889083768,0.0015701104455510633,0.008935426316012162,0.9773276089732695,0.009292217781179312,0.001097258380370875
ISIC_0029473,mel,mel,0.003592111868113499,0.0044107867282608786,0.043490369754786005,0.015895023439216414,0.8819404180325864,0.04172373184287665,0.008947558334160189
ISIC_0029571,mel,mel,0.002272946785825596,0.0010894555211250362,0.0038373058345040566,0.002951474490681581,0.9702918930471621,0.01738036441518538,0.0021765599055161952
ISIC_0032220,mel,bcc,0.0017994675095725063,0.8868038953786581,0.013288974015620148,0.0025324606891934747,0.018312584348369194,0.05450578308628531,0.022756834972301347
ISIC_0028127,mel,mel,0.0009533882627013008,0.0003406836901214632,0.0003449755555539902,0.0005656507915357102,0.9926241719620775,0.004994341067215457,0.0001767886707945758
ISIC_0029241,mel,mel,0.022210675764490474,0.05125806655762918,0.2730002546569667,0.011944992318264498,0.4432649310950453,0.18228298154658204,0.01603809806102178
ISIC_0024875,mel,bkl,0.0045431951988594635,0.07971328712938534,0.5530898335195411,0.006125857291005738,0.33485031123386344,0.018635096342315086,0.0030424192850298484
ISIC_0030552,mel,nv,0.0146266573200997,0.009244860773778864,0.004807839843548,0.011858958674717403,0.12287084230741874,0.8226132048444281,0.013977636236009222
ISIC_0028029,mel,mel,0.001660623877949373,0.001555821643361437,0.013693725008815341,0.0015481858935816873,0.9371878087732726,0.04244559249818461,0.0019082423048349853
ISIC_0025489,mel,mel,0.00607382506920239,0.0037260733168006936,0.003702804141610491,0.006267084618459236,0.6286043827749447,0.3445044057714116,0.007121424307570897
ISIC_0025265,mel,nv,0.014574972796389227,0.010404869821252747,0.014538495393597755,0.008262597965474223,0.05792038376404573,0.8889960124213834,0.0053026678378569544
ISIC_0028489,mel,nv,0.004826317494815359,0.0022988255809825615,0.18926548244760732,0.002215545505644329,0.0177764673722571,0.7729867393086427,0.010630622290050663
ISIC_0027260,mel,mel,0.0029678259499752234,0.0012046880101793318,0.002524159163144905,0.0012017360862548363,0.9872544984791248,0.004050307157002394,0.0007967851543184654
ISIC_0026996,mel,nv,0.0015852518053355304,0.0011767887626976286,0.010750039565352115,0.004965344714523386,0.342555252576431,0.6294584766297687,0.009508845945891674
ISIC_0029562,mel,bkl,0.002706133507712781,0.03179667985075999,0.8154693178798943,0.004632134579010893,0.00758872071194012,0.13482306457796053,0.0029839488927214616
ISIC_0033268,mel,mel,0.002566206913289591,0.0004782034557706203,0.00300129023073942,0.00229542993549691,0.9089561043311478,0.08179451074706032,0.0009082543864953396
ISIC_0033834,mel,mel,0.0012795081843707142,3.7741220497251415e-05,0.0005332192716393322,0.0002790622194292145,0.9969351578463244,0.0008880317393409359,4.7279518398234705e-05
ISIC_0033678,mel,mel,0.000163461789194781,1.2821933730400947e-05,0.0001187669933422873,9.515938937323061e-05,0.999387019649205,0.00021068807188937192,1.2082173265007617e-05
ISIC_0033975,mel,mel,0.007569357296874055,0.026332930384335283,0.08581770730228622,0.06497318185839689,0.4783407650365225,0.27709078861249475,0.05987526950909036
ISIC_0034118,mel,mel,0.0012837857428203737,0.00018369604423488841,0.0031860517557285,0.0016712123840127839,0.9421075730083842,0.05102437834566897,0.0005433027191503074
ISIC_0033831,mel,mel,0.005121194633534704,0.0013987254369628196,0.002520273173317388,0.0017146176496579326,0.9157893597913679,0.07223665553552995,0.0012191737796292425
ISIC_0032583,mel,nv,0.03023422000701033,0.18529152534177334,0.011364042918065712,0.030007787546009447,0.26966378090829835,0.4647798663275317,0.008658776951311047
ISIC_0032564,mel,mel,0.017825321537156377,0.2287152557767264,0.10359449339466331,0.01912091625333512,0.5451469333973454,0.025538939095957617,0.0600581405448157
ISIC_0032993,mel,mel,0.00038861103899785727,0.00018924330149940025,0.00012518043030786585,0.00019111463907157074,0.9956586660186483,0.0032207145894143576,0.0002264699820606732
ISIC_0033154,mel,nv,0.0024773783105855613,0.0017448468142908281,0.035974143142198586,0.00263740682455388,0.19443493798322997,0.760080639865949,0.0026506470591921255
ISIC_0034222,mel,nv,0.001354455585309484,0.0484049547819369,0.007523329760941603,0.0023500488474720266,0.07820231084755587,0.8612623200590189,0.0009025801177652363
ISIC_0034064,mel,bcc,0.0031226463459928648,0.7014199923045474,0.003915720532281316,0.01440479604210945,0.03254873750931027,0.24205465702998755,0.00253345023577115
ISIC_0033902,mel,mel,0.0018693046715078574,0.00869371385432738,0.0029190637664782914,0.001484814660884998,0.9560793484120655,0.02452886070665838,0.004424893928077481
ISIC_0032840,mel,mel,0.001384015763636784,0.27626178405374585,0.0017728675932981808,0.005154106464552979,0.7008958231985317,0.011355100171820334,0.0031763027544141286
ISIC_0033570,mel,mel,0.0010520658484948267,0.021011011800418356,0.0004834839903192925,0.012325633469039582,0.9486643274552763,0.014919209732114577,0.001544267704337046
ISIC_0033129,mel,df,0.04036384869522324,0.07558294078103575,0.003987199162283168,0.39091896137176013,0.3553758064360821,0.11200243022686432,0.02176881332675145
ISIC_0033325,mel,mel,0.003787906901608065,0.04328825764163402,0.11151448670961896,0.007193093430739108,0.823528703154503,0.00899984695552816,0.0016877052063686952
ISIC_0033068,mel,mel,0.0009807161948271297,0.00020130528569940417,0.0035518774651570697,0.0003785037241591298,0.9922404341362877,0.0025253880790306344,0.00012177511483897343
ISIC_0032892,mel,mel,0.000244237457681227,0.0001175005892160585,0.0016370968977908174,0.00038344156938101005,0.9969239822091622,0.0006481714433217498,4.5569833446867955e-05
ISIC_0026976,mel,mel,0.0027292810480245545,0.0006699092858889497,0.07386673382451406,0.004998782621181463,0.8976335538506921,0.01899248960367043,0.0011092497660284857
ISIC_0032844,mel,mel,0.006072098505451381,0.0038567815253372807,0.005703862802147243,0.011181758295069654,0.9675770884818837,0.0037219934015314637,0.0018864169885792863
ISIC_0034059,mel,mel,0.00023435581731572064,0.0006789573799154185,0.0011901809126659765,0.0004128789304504581,0.9957211227214645,0.0015367936985170745,0.00022571053967080436
ISIC_0033272,mel,bkl,0.06032143490334222,0.007363661402042348,0.7827017170760273,0.010072236912192877,0.09873403178076268,0.03654661141204689,0.004260306513585623
ISIC_0032718,mel,mel,0.02666882088206954,0.21018165886296467,0.17319152395074563,0.0066543747829537194,0.5462082350769557,0.03126859549420497,0.005826790950105728
ISIC_0034269,mel,mel,0.008309122635394543,0.007468042541643073,0.010286127913130078,0.005388873713768532,0.8256520743492235,0.1390780916534243,0.0038176671934159767
ISIC_0032598,mel,mel,0.0013922541268897104,0.0004871841306026373,0.0002133827014154606,0.0008205548253255598,0.9896354032647505,0.007091383467390396,0.00035983748362571484
ISIC_0033004,mel,mel,0.007080071036967873,0.006011623726024201,0.01373915494168131,0.02024073752803471,0.6731346356760478,0.2735791562444257,0.006214620846818355
ISIC_0032072,mel,mel,0.0014260977858051662,0.008070692564170288,0.03762121248323115,0.006086682142793604,0.817855428747418,0.1273628779151585,0.0015770083614232602
ISIC_0033687,mel,nv,0.0031534644275551357,0.001872533719883843,0.014388052300984774,0.004969438320522875,0.4073935465295637,0.5656871982967913,0.0025357664046982567
ISIC_0032812,mel,nv,0.0009900432108214628,0.007730312388073526,0.0007825203177468447,0.0051919926128623645,0.04026425737511754,0.9427175317186648,0.0023233423767134932
ISIC_0033038,mel,mel,0.0008024555141528962,0.001495795455938818,0.0006865524368678871,0.0008860027813429605,0.9860745027145563,0.009845000138255358,0.00020969095888573715
ISIC_0033630,mel,mel,0.02522020883979711,0.005844514457715014,0.28415341894535534,0.005721345862614096,0.6194439676050829,0.05602214928281248,0.0035943950066230673
ISIC_0033209,mel,mel,0.10810302615589037,0.004459089622237357,0.043092888428771195,0.0026404991989025387,0.822683862235059,0.01703076338496541,0.001989870974174209
ISIC_0034074,mel,mel,0.007165601976236456,0.0009626596486708452,0.015466125751137844,0.0029194570536309186,0.6606364348147219,0.311203929526386,0.001645791229216113
ISIC_0032622,mel,mel,0.0004459091982745642,0.00025954203947798753,0.0002532352463703021,0.00039188411767435795,0.9942132712324612,0.004073494232490983,0.00036266393325059496
ISIC_0033883,mel,mel,0.0018886406383281402,0.0010381555818449587,0.05862086985262883,0.0070312174574414564,0.5637094945782872,0.3641709563170203,0.0035406655744489304
ISIC_0033470,mel,mel,0.0009408358999438986,0.00038847021668180745,0.0003817156400625786,0.001088010307923458,0.9800798195312226,0.016600332458424467,0.0005208159457412354
ISIC_0024482,mel,mel,0.004590247206420523,0.001180316934201102,0.0022929141492029747,0.0014048590931103567,0.9570180534377958,0.033211624656595454,0.0003019845226738215
ISIC_0033863,mel,mel,0.0006261726638957467,0.0003950740352324183,0.0008834218402393323,0.0008999809109087888,0.9880832516090288,0.008896179185114903,0.00021591975558009506
ISIC_0034242,mel,mel,0.0009963365110614484,0.00023343971415835436,0.00026068819066343466,0.0009382137687691359,0.9814576770105639,0.015810129171231622,0.0003035156335522142
ISIC_0032913,mel,mel,0.0003884724179578921,0.0005801845426277119,0.00937749036401277,0.0008612086555155917,0.9852993213666783,0.0032935135950943927,0.0001998090581133618
ISIC_0033981,mel,mel,0.004125389666419424,0.000496237444733658,0.004615414081236645,0.0011177980299183396,0.9775817803537282,0.011501001544278373,0.0005623788796853618
ISIC_0034188,mel,nv,0.0034424073659424102,0.017190332938439377,0.008983898964900646,0.028321054671941705,0.13058802379402226,0.7925579039433538,0.018916378321399772
ISIC_0032684,mel,mel,0.0006659283362715512,0.0007176697865004729,0.0012899542824160838,0.00040569587266461144,0.9918051866504426,0.004798131677002731,0.00031743339470192245
ISIC_0032836,mel,mel,0.001730022524102806,0.00032162477673596126,0.0014764854614124476,0.0017559165772152465,0.9709376580899428,0.023268533329583223,0.0005097592410074744
ISIC_0033546,mel,mel,0.0012487001281366583,0.0005966899733454101,0.0007777151482828823,0.004444715259519232,0.5784803765486446,0.4133499625325324,0.0011018404095388117
ISIC_0027306,mel,mel,0.0003744874217126345,0.00024198131532801028,0.00490974552984589,0.0009068651796834278,0.9902808955797713,0.00315940705063905,0.00012661792301975932
ISIC_0032552,mel,nv,0.02202126449267225,0.02240375254850001,0.3393039933064207,0.009320758452898054,0.08327025527716643,0.5101163506765667,0.013563625245775904
ISIC_0033300,mel,mel,0.0028905172393255307,0.002415380044680161,0.006913665766677027,0.00666320289556945,0.505194333946157,0.47040950046381486,0.005513399643775991
ISIC_0033611,mel,nv,0.0028942922988929465,0.0035900300946220018,0.04878152367008984,0.0066918985101714025,0.16575837921388048,0.7661474997789917,0.0061363764333515905
ISIC_0033586,mel,mel,0.0018428453172412678,0.003418136648473435,0.005871567222287324,0.005431007740100286,0.7847415447646249,0.1958805733640161,0.002814324943256654
ISIC_0033029,mel,mel,0.0008146791068131287,0.0034630378404781562,0.012922257683575637,0.005505357724946372,0.6188897201100598,0.3575066323807199,0.0008983151534069953
ISIC_0033670,mel,mel,0.00038168031169964214,0.0003045619312324883,0.0008544957015141542,0.0005624003400963178,0.9704501706176482,0.027066878978846645,0.00037981211896263205
ISIC_0032509,mel,nv,9.829855280259837e-05,0.00013856031134278733,0.00015529403415139059,0.00018834359170851963,0.00014513484750908884,0.9989043384676867,0.0003700301947988923
ISIC_0032592,mel,vasc,0.00829127523238236,0.15651510548324235,0.025670067653313,0.01846378408169843,0.2033904516145613,0.23513303710259548,0.3525362788322073
ISIC_0032687,mel,mel,0.0027808065555356785,0.0007745630219776287,0.01375102857368163,0.0019807471126217072,0.9301504282274923,0.050099988174515594,0.00046243833417549237
ISIC_0033055,mel,mel,0.008217633371771112,0.010141163382174143,0.07083997594872699,0.011711509731177815,0.7742985496292787,0.12163352691894509,0.0031576410179262136
ISIC_0033487,mel,mel,0.02909287903964596,0.08656378758581837,0.03294115147615672,0.024641807989086786,0.49797287340741053,0.31108728910610833,0.017700211395773335
ISIC_0033957,mel,mel,0.03777004227873571,0.0013949493156784518,0.0026881612133792814,0.005232410805028287,0.8714557502786449,0.07847243844146044,0.0029862476670728757
ISIC_0032626,mel,mel,0.0007665931577840789,0.0012728052388828123,0.006194328416943767,0.0005856932343632778,0.9899101675318461,0.0005923296511174432,0.0006780827690624838
ISIC_0033051,mel,mel,0.002196664669507551,0.009764811267053834,0.05043402124009377,0.00984980376008099,0.8770862792995424,0.04091569047561273,0.009752729288108735
ISIC_0027149,mel,mel,0.0032119439905365136,0.0031572548517310025,0.003832502995553359,0.008159250895700059,0.82177391453326,0.1580337753126313,0.0018313574205878395
ISIC_0032918,mel,mel,0.006279321120334148,0.00891818125340304,0.2799039690330025,0.023217391752189002,0.5306802435729944,0.14024155676661867,0.01075933650145821
ISIC_0033752,mel,nv,0.07797698167038507,0.04762676160936099,0.12484047929786744,0.00929618892707324,0.215068130779402,0.5200582706953129,0.005133187020598341
ISIC_0033730,mel,mel,0.002300502577570656,0.0007289695682133187,0.0022918786633073463,0.0008345044263397074,0.9531850327257932,0.04027026947148496,0.0003888425672907679
ISIC_0032975,mel,mel,0.0017874824344810167,0.0008900263533304315,0.0015152134460823137,0.0011121947129500596,0.9718033114910133,0.0224134395514304,0.00047833201071244714
ISIC_0033114,mel,mel,0.0030421928422550044,0.008393293588874659,0.11192373163514414,0.00458840255297712,0.8017208900543268,0.05583798802329359,0.014493501303128658
ISIC_0030150,mel,nv,0.01457149276074278,0.029609269937012978,0.06515975755077352,0.011070577793215403,0.18125273435195816,0.6910409417715965,0.007295225834700727
ISIC_0031233,mel,nv,0.014577320415835465,0.0008416665107982065,0.0027016633999275078,0.008607883582212783,0.38224074792549384,0.5895541783186886,0.001476539847043593
ISIC_0027204,mel,mel,0.0036575810601053153,0.0060538031624899815,0.2274482231613451,0.00428034595554696,0.7355290017716499,0.019396035136563454,0.0036350097522993207
ISIC_0028173,mel,nv,0.005850244760182675,0.005662887874339343,0.05228425381857167,0.002023575995842258,0.005352684067310809,0.9279261350011373,0.0009002184826159766
ISIC_0026770,mel,mel,0.0017698946533657124,0.002429923657321277,0.005251654638862672,0.0029695877339965425,0.9702221415623469,0.014816123719980763,0.002540674034126141
ISIC_0025512,mel,mel,0.0015588497752452174,0.0015247163079506083,0.01608330434899467,0.00210188881300169,0.9647682712289108,0.012058055225027968,0.0019049143008690388
ISIC_0025963,mel,mel,0.0018932680675911014,0.0015341490108261471,0.009017477847900158,0.0011115082080048115,0.9659725245149138,0.016238883011002493,0.004232189339761508
ISIC_0032134,mel,mel,0.00040323305952447787,0.0001368819384267934,0.0009981419817016353,0.00024530629405048116,0.9971613010792745,0.0009259137589349402,0.00012922188808718363
ISIC_0027561,mel,bkl,0.0013153037062193426,0.0009117459413886655,0.9825822175557652,0.0005970194110266645,0.004751878750460988,0.008787976971848742,0.0010538576632903212
ISIC_0025316,mel,mel,0.008017262784863506,0.0018778071799390654,0.0013797324494000081,0.0024830877562370727,0.8240404390963552,0.16064168841153081,0.0015599823216744303
ISIC_0029316,mel,nv,0.017757775428046012,0.02847824774008094,0.031191949426497216,0.14712125520194327,0.35013711644662504,0.3839737540886602,0.041339901668147355
ISIC_0030356,mel,nv,0.0018811750137369457,0.0028838835477332956,0.00016801407386002654,0.023947993637029742,0.019366717385172236,0.942767506277616,0.008984710064851785
ISIC_0025145,mel,nv,0.001729103123986778,0.0038509804755593596,0.006814442528081487,0.002934389625547705,0.3426020708370953,0.6352545708816478,0.006814442528081487
ISIC_0031999,mel,nv,0.011288287740604246,0.1261523672687001,0.008119358759055768,0.007664639335517059,0.41660436699428344,0.42027418953404005,0.00989679036779922
ISIC_0028481,mel,mel,0.0040057124288155645,0.001976014670542605,0.41456714785331955,0.0012429735373611047,0.5306260917662252,0.04589461432151941,0.0016874454222164798
ISIC_0029172,mel,mel,0.00926541386001058,0.006507587573376946,0.05048651491816875,0.008934804298926726,0.8566594843518659,0.06118308744630754,0.006963107551343522
ISIC_0031386,mel,mel,0.03249370236897728,0.005502573771621483,0.05205961118957661,0.024501669232661446,0.735222554419477,0.14541319313473455,0.004806695882951559
ISIC_0027302,mel,nv,0.0015430000168208111,0.00046338183126186486,0.004801899232265782,0.007743575113609127,0.04047109870378329,0.9432849320887566,0.0016921130135025048
ISIC_0028548,mel,mel,0.00556254728873509,0.0027440000727897563,0.19090173603201374,0.006133605801927777,0.7498948361423211,0.041566087657945026,0.0031971870042675214
ISIC_0032036,mel,nv,0.0030031449331173895,0.002877998993178598,0.034551260245557144,0.004844716022723866,0.13037366698369082,0.8211520766841436,0.003197136137588539
ISIC_0029843,mel,nv,0.000926479211092251,0.0018482821502158761,0.0008115210089400521,0.0009287550153749708,0.2956059731831164,0.6993533234955003,0.0005256659357601452
ISIC_0029454,mel,nv,0.03638761488026719,0.011704817750099473,0.01670222934802249,0.019458322786730306,0.2883736595638074,0.6216033503962124,0.005770005274860832
ISIC_0028051,mel,mel,0.011052624162145969,0.014441180112451466,0.00622505366912303,0.0037461813594547922,0.674853567292722,0.2863020006870758,0.0033793927170271353
ISIC_0027328,mel,mel,0.038362305970500984,0.2768665612469523,0.10220749816363389,0.006078002367278337,0.5549616034493878,0.012414099349986283,0.00910992945226035
ISIC_0024546,mel,mel,0.013682173020329893,0.0022324174175049737,0.0018563017797629182,0.002645404558275696,0.945947604076638,0.0318470460787808,0.001789053068707688
ISIC_0030382,mel,bkl,0.017653199674036224,0.013311690305128935,0.7341201358266803,0.013477518810456144,0.13044867684725928,0.08249586628516875,0.00849291225127025
ISIC_0028017,mel,nv,0.005541927966293257,0.005084735358668035,0.10437880296387514,0.01210220434077237,0.06600810916843235,0.801456969895658,0.005427250306300896
ISIC_0028288,mel,mel,0.013233459418886708,0.08591950060820094,0.00483661455276724,0.011302320879383152,0.8187532700808855,0.06320482378460604,0.002750010675270389
ISIC_0027030,mel,mel,0.0019647032857624145,0.0020195672009320417,0.03419622616503149,0.0076515830275610125,0.9203091628248832,0.032282575243845105,0.0015761822519847295
ISIC_0030689,mel,nv,0.041263001470525563,0.012794476860319376,0.12321952485464438,0.009315461346768791,0.373486711661942,0.43555952327365977,0.004361300532140051
ISIC_0024516,mel,nv,0.048810345125094315,0.006668598560786277,0.12662506297532256,0.015878744764498208,0.3936639278772036,0.3998727653562888,0.00848055534080626
ISIC_0029744,mel,mel,0.004536272184124355,0.0017343641381003668,0.0005894866133698376,0.00612996660875277,0.9680426960242229,0.0022474262131197374,0.016719788218310005
ISIC_0024351,mel,mel,0.002783240758000057,0.001957832964578574,0.004376516601548042,0.0014900056171560008,0.9615430562426461,0.027129974977215074,0.0007193728388560954
ISIC_0026916,mel,mel,0.0003753789009015473,0.00019704260639979995,0.0018780622555426482,0.0019201059977508607,0.9700730497915475,0.02536877766881657,0.00018758277904101688
ISIC_0029319,mel,mel,0.0025500028501322953,0.0004561488455685281,0.0011889852818025642,0.0015784809399925902,0.979178674569536,0.014703693277522687,0.0003440142354453825
ISIC_0028898,mel,mel,0.0061106077890639545,0.002885594446651423,0.009057776961833018,0.004884991854727072,0.9101731807562937,0.06293431761771753,0.003953530573713286
ISIC_0025413,mel,mel,0.019850802650614376,0.001130711259321033,0.002238220178194563,0.0016757478120522297,0.9260324861923606,0.04780635330783275,0.0012656785996244576
ISIC_0027663,mel,nv,0.005615254631603478,0.006616838734885251,0.004601004926473578,0.010220304642950808,0.0327850013237775,0.93669519136841,0.003466404371899436
ISIC_0030423,mel,mel,0.0005176780593808106,8.09658102838362e-05,0.0005808711703153579,0.00025776316699169553,0.9978687848611972,0.000630904743112767,6.303218871831073e-05
ISIC_0026897,mel,mel,0.0010016549792802782,0.00042338430661059017,0.00010291665046728193,0.0002999403125925786,0.9964272633597941,0.001621132726633878,0.00012370766462127086
ISIC_0030695,mel,mel,0.012227769566410116,0.005941305661373378,0.341317995485514,0.00474269053059492,0.5958179336417216,0.03769029646893891,0.002262008645447054
ISIC_0024679,mel,mel,0.0007243853994041488,0.00011377979404502649,0.001615777530872636,0.000385603876449475,0.996186064330656,0.0008956404019441181,7.87486666285316e-05
ISIC_0025832,mel,mel,0.0026228189957036786,0.003036907536342285,0.0008818095780626035,0.0015361181532054183,0.9442636110391687,0.046393752615373096,0.0012649820821442747
ISIC_0027179,mel,df,0.05619867127134822,0.10179911686254448,0.008470888049125151,0.6868264798449829,0.11088383785422759,0.021126487889521078,0.014694518228250549
ISIC_0026930,mel,nv,0.03187032522481352,0.034248058189262354,0.110324870650181,0.006815947037312281,0.06381612918934587,0.7428213656340471,0.010103304075037907
ISIC_0026738,mel,mel,0.012941864843218024,0.02445875818972964,0.09274360339693367,0.009861507311233305,0.7403640074003252,0.11797302441637045,0.0016572344421897957
ISIC_0032207,mel,nv,0.004408987854394724,0.01038510765673372,0.1747081980182718,0.005096206664957317,0.03053947496520668,0.771835911010982,0.0030261138294536117
ISIC_0024733,mel,mel,0.00840082183827726,0.0014616850270419324,0.003464290471944228,0.004532001985452201,0.9273066737076058,0.05307890928597886,0.0017556176836997677
ISIC_0031821,mel,mel,0.0038300602743728132,0.0023503718790046035,0.01396029806333385,0.002947307896006083,0.5371189271906411,0.4363090692787043,0.0034839654179371804
ISIC_0025128,mel,nv,0.01430011027655812,0.00680229706025554,0.023286764840706024,0.002545973701898755,0.042403706040895855,0.9054770467668135,0.005184101312872212
ISIC_0028156,mel,mel,0.012946565140247024,0.004196323773137849,0.05223739211645145,0.005230888155435936,0.529795782540242,0.39215081130281293,0.003442236971672809
ISIC_0030901,mel,mel,0.0014810755781729233,0.002193077283213169,0.10810232530995952,0.004034834307749583,0.84109007585826,0.039275780295949775,0.0038228313666950767
ISIC_0030995,mel,mel,0.005355714187944407,0.004510594854909016,0.25696746763755735,0.009793218020978977,0.36294802896803635,0.3481218626051827,0.012303113725391378
ISIC_0031368,mel,bkl,0.004379728679964665,0.0047093798438248465,0.8498362879833021,0.003138229569242511,0.11744687577514956,0.019269285952115613,0.001220212196400663
ISIC_0025724,mel,nv,0.005120281627466125,0.015130841922762189,0.0075575917662145005,0.0034044644896607085,0.012579629462372684,0.9426122590348585,0.013594931696665364
ISIC_0027067,mel,bkl,0.0032261945036132205,0.008469943223674144,0.7960763858592115,0.0020763923246638607,0.040176025796593524,0.14780294496528762,0.0021721133269562458
ISIC_0025941,mel,mel,0.05051466121208781,0.022751103592034787,0.004910757614420497,0.004043414260256249,0.5573584520699134,0.3566380341698253,0.003783577081461975
ISIC_0031901,vasc,bcc,0.028292413272961937,0.7206147549096256,0.00673970108452599,0.06131045352551606,0.02804536439390561,0.12411149227671137,0.03088582053675352
ISIC_0026092,vasc,vasc,0.000522865531625738,0.0035185783791098868,0.0006303549542061177,0.001252151801668268,0.0016432759510534255,0.0013463983308738062,0.9910863750514628
ISIC_0030956,vasc,vasc,0.0010009099548472942,0.0009321721091075616,0.0003120988005122,0.0012620683476194934,0.0008460765862957248,0.0011811768208793874,0.9944654973807383
ISIC_0027983,vasc,vasc,0.0020935360986131775,0.03509975699895903,0.0015211075190342538,0.0073012288383586385,0.004774995214620005,0.005471638328730107,0.9437377370016848
ISIC_0027672,vasc,vasc,4.306236816498818e-05,0.000818096419382348,4.482394342256613e-05,0.00018887385415895764,0.00030214875131022743,0.000644388279919444,0.9979586063836414
ISIC_0033031,vasc,vasc,0.0013573340305626919,0.00243073843358725,0.00036755195720084694,0.0008433029953135503,0.00454815336157082,0.001676169813030509,0.9887767494087343
ISIC_0032919,vasc,vasc,0.00029985855778303657,0.0007937903455626652,0.00022226405970676404,0.0006147565826415017,0.0015430038593956799,0.0011559657482296875,0.9953703608466806
ISIC_0033230,vasc,vasc,0.0033540350460896902,0.006959895620480712,0.00046181841118651736,0.006703633586683553,0.003006254000329914,0.0016719464823614608,0.9778424168528681
ISIC_0032270,vasc,vasc,0.0037830583922240464,0.0026437582178146,0.003517900187540567,0.014420303910496627,0.07987165239470219,0.3081976094547686,0.5875657174424533
ISIC_0026876,vasc,vasc,9.680701076410174e-06,4.509305608028631e-05,8.414199368312518e-06,3.252407330866273e-05,7.64802976660694e-05,0.00011545843641921369,0.9997123492360811
ISIC_0025924,vasc,vasc,0.0004183882612849014,0.0014700126597760451,0.0004902324859012303,0.000659848779274838,0.004286890200934485,0.004209317077849408,0.9884653105349791
ISIC_0027256,vasc,vasc,1.0199004673389963e-05,1.9852001173230837e-05,9.749553663449161e-06,9.625104680976183e-05,6.796070198922106e-05,0.0005076568108439798,0.999288330880847
ISIC_0032890,vasc,vasc,5.754485292968804e-05,0.00015017895990118843,4.625713992612183e-05,9.037634819576427e-05,0.00022210234640418584,0.0004676557053652136,0.9989658846472779
ISIC_0031706,vasc,vasc,0.00015994499363644637,0.0004575703916282134,0.00010923612709818496,0.0005140430707407988,0.0005934306375677294,0.0007163030721918356,0.9974494717071368
ISIC_0025677,vasc,vasc,0.000920841543616918,0.0006254357823093447,0.0015598436236700655,0.0024975313916574112,0.002127736311906543,0.005523501308440688,0.986745110038399
ISIC_0028680,vasc,vasc,0.0007500244287721915,0.0011181873742110095,0.0009152150417682402,0.0008479254482524585,0.0021765120438564274,0.0036047131137561914,0.9905874225493835
ISIC_0029742,vasc,vasc,0.00010768156612870101,0.00016220958329562,0.00013007185146157306,0.001051249398796008,0.00044461969522761527,0.0005816459961604253,0.9975225219089301
ISIC_0026490,vasc,vasc,0.00029355186373936624,0.0005517198194939539,0.00018576775539074517,0.0010117397181777588,0.00045539337118014327,0.0007038595463799237,0.9967979679256381
ISIC_0029099,vasc,vasc,0.0019455244474346424,0.01057242998764989,0.0033461005721397733,0.0025388503922511986,0.004797365290824528,0.008473545110970367,0.9683261841987296
ISIC_0027937,vasc,vasc,0.0010266239558691511,0.0020393098659586143,0.0006238338708931808,0.0033211242086007525,0.0012841978425641597,0.0011724726032885807,0.9905324376528256
ISIC_0026068,vasc,vasc,0.0003454594993605573,0.0004564301428276006,0.0003255282454240425,0.000587570977880864,0.0005633513224666374,0.001525246425212101,0.9961964133868282
ISIC_0031513,bcc,bcc,0.021366983470512503,0.8899129948841753,0.014480738422385814,0.023634462340561085,0.010157849681857989,0.03056528847177492,0.009881682728732357
ISIC_0027146,bcc,bcc,0.007961689861631982,0.715422318287979,0.0016021906976047334,0.22610997080456385,0.017212037245839477,0.02296286834634368,0.008728924756037386
ISIC_0028807,bcc,bcc,0.026398235006413633,0.9310702724356431,0.002645738330827456,0.00928433506823539,0.0026099515536278308,0.02629299440835918,0.0016984731968933736
ISIC_0031585,bcc,bcc,0.0603306147142036,0.8072116696836246,0.09056290405989507,0.001568539699796879,0.01107403092021239,0.027652526753933374,0.0015997141683341332
ISIC_0028693,bcc,bcc,0.0023640309712492894,0.9904165036277953,0.001048364900560838,0.0014814687242845448,0.00040965157208680325,0.0025011457350864823,0.0017788344689366672
ISIC_0027057,bcc,bcc,0.0030901490374582695,0.9692817151354189,0.00032644448524820935,0.011556139938314926,0.004725411914124334,0.006033163401572902,0.004986976087862444
ISIC_0025691,bcc,bcc,0.0060283486885992395,0.5100953030516087,0.029123019894363483,0.012818387586698938,0.039453860117148666,0.39184315542482195,0.010637925236759155
ISIC_0031400,bcc,bcc,0.007673807771281876,0.9434264792328345,0.0012054682930116843,0.03998293256295911,0.0012453514403439959,0.004029759404859036,0.002436201294709736
ISIC_0029747,bcc,bcc,0.014143812431629155,0.9421590499702686,0.017547618284396545,0.001792534061974341,0.004555344328213357,0.012027013108803431,0.007774627814714597
ISIC_0027433,bcc,bcc,0.012633476175004852,0.9631477880642599,0.0007151196999978922,0.0004758927799865447,0.00716798398238891,0.012323522944752174,0.0035362163536096507
ISIC_0026643,bcc,bcc,0.0556997713842901,0.8870664929909483,0.018995345936765936,0.010564377629637165,0.007224081444627636,0.00841435461254152,0.012035576001189343
ISIC_0032139,bcc,bkl,0.005964237253609248,0.21928040820308636,0.6169194986448456,0.006634299939853231,0.04390946705859764,0.06576201294917222,0.04153007595083569
ISIC_0031789,bcc,nv,0.003478439676093903,0.09892386795692408,0.0032508835880633116,0.00933596648894464,0.009418206011034448,0.8740654544617674,0.0015271818171721495
ISIC_0031169,bcc,bcc,0.002722377827960893,0.9849134673597807,0.0021510630561595973,0.001378098989424826,0.0012489529520632843,0.005619702207715443,0.0019663376068952917
ISIC_0026453,bcc,bcc,0.0014401767567500156,0.9737295565200982,0.0018067722347380856,0.0006723330322936529,0.001048940387100343,0.020267638066204876,0.001034583002814896
ISIC_0027297,bcc,bcc,0.04647890425146817,0.7861591804068802,0.10156203048227809,0.0018553397899240813,0.025587546313684588,0.034590183055161844,0.0037668157006030298
ISIC_0030114,bcc,bcc,0.00905588023318134,0.8129933026454037,0.15495384031413847,0.0009277466822912207,0.002012342968310288,0.015884487151847804,0.00417240000482717
ISIC_0033271,bcc,bcc,0.0020452576298228197,0.99098062546223,0.0011459080703042552,0.0004123320885227901,0.001174446856075019,0.003653817904176662,0.0005876119888684743
ISIC_0034255,bcc,bcc,0.0032219264138748883,0.9319100023419058,0.01616350062227999,0.002046453320679081,0.03501827350862433,0.010301172850028817,0.0013386709426070629
ISIC_0032652,bcc,bcc,0.014681184910454706,0.9677549337679001,0.0014845429736326523,0.0009883060663895017,0.001413802170032727,0.012599756839965967,0.0010774732716243294
ISIC_0034276,bcc,bcc,0.0017003946295452896,0.9947011003550004,0.0003689506499946035,0.0010991869409793132,0.0009808332551362743,0.000621077783721894,0.0005284563856222766
ISIC_0033468,bcc,mel,0.029071972552962365,0.2887335523842425,0.004882073583220658,0.020913844251087752,0.6230532626026397,0.006103275639263081,0.02724201898658398
ISIC_0032816,bcc,bcc,0.010858893630057504,0.8541539065647445,0.02907181451930825,0.010524036380266824,0.014467433103330034,0.07761298657339664,0.0033109292288962464
ISIC_0033372,bcc,bcc,0.005578692128182375,0.8491042996662685,0.04304942451124317,0.0009140861475238958,0.002121324412333052,0.09252335233698604,0.006708820797462903
ISIC_0033301,bcc,bcc,0.0035374674998485314,0.747489963868169,0.04109883387866877,0.007298492662127665,0.018277646895844202,0.1764715199143452,0.005826075280996649
ISIC_0033146,bcc,bcc,0.0004539497767378549,0.998169980159823,0.00046938054645875003,0.00013276852014372528,7.211417493155609e-05,0.000636492790257908,6.53140316472652e-05
ISIC_0032727,bcc,bcc,0.061381118481703516,0.7146123932913037,0.09237079743767215,0.0036599705408564345,0.00739664831169704,0.11321015114556027,0.00736892079120695
ISIC_0025617,bcc,nv,0.00018495121905875872,0.02434699511448492,0.0011564319497519707,0.00038928769961856,0.0012265752364791003,0.9723471107647755,0.000348648015831109
ISIC_0029564,bcc,bcc,0.01375937978127475,0.7861639302559288,0.02391730430658077,0.007699568889703831,0.007411512543071555,0.1351562341806128,0.025892070042827526
ISIC_0032146,bcc,akiec,0.48036328800433997,0.31885916798509906,0.018513170774341097,0.003730160431146461,0.15886253875683362,0.01794894337219085,0.0017227306760489306
ISIC_0025576,bcc,bcc,0.0011685691226842301,0.9947687098591415,0.00037064619012121193,0.0004529633473585314,0.0004375303172289793,0.0025852743149801893,0.00021630684848538472
ISIC_0029392,bcc,bcc,0.3661362092328335,0.6092460667374552,0.004192148916903712,0.004758357990734789,0.0015748178009954619,0.012396964670230225,0.0016954346508470546
ISIC_0027601,bcc,bcc,0.001050907064444867,0.9903334890183356,0.0011202500236525198,0.001652979638044433,0.0005512354063787015,0.00412943678371244,0.001161702065431398
ISIC_0031245,bcc,bcc,0.005257397734093992,0.9830784866324973,0.0016363506984740281,0.0012007629658553948,0.00033796880816330295,0.00798676799136059,0.0005022651695554307
ISIC_0027631,bcc,bcc,0.0003828838241046279,0.9913728289296527,0.0006352967750196059,0.0013858392124803662,0.0018561133174967823,0.0036750853434083454,0.0006919525978375145
ISIC_0028035,bcc,bcc,0.0064783116982820455,0.9743508149266102,0.0024372446375246484,0.0011812950412261232,0.0005592446125242397,0.014569287781884573,0.00042380130194813486
ISIC_0025299,bcc,bcc,0.0007625262843100582,0.9970630514823857,0.00043301610052608663,0.00015826035333638765,0.00045811063214280323,0.0009874795905041184,0.00013755555679479365
ISIC_0024595,bcc,bcc,0.0020906619044816378,0.9835142087203708,0.002545378740213726,0.0034724224673534023,0.0006186524098358435,0.006694484734291722,0.0010641910234528713
ISIC_0025046,bcc,bcc,0.005515146402641667,0.5704671480393799,0.024425535862085603,0.006624196070015261,0.061017705420141045,0.3137133071227736,0.018236961082962858
ISIC_0029805,bcc,bcc,0.00311017999393181,0.9906908587680544,0.00022804440528969444,0.00046298864596915773,0.000688060755588782,0.004420302991569485,0.0003995644395966441
ISIC_0025433,bcc,bcc,0.010860706885675623,0.9660730516555,0.007276391924313443,0.0025125717617202723,0.0011226161921515808,0.01058214110896398,0.0015725204716751534
ISIC_0026855,bcc,bcc,0.012919352188042297,0.5758003613277376,0.1515024750184763,0.00914493247389071,0.004902523857499707,0.2391096101234875,0.00662074501086605
ISIC_0028107,bcc,bcc,0.02601268689672527,0.9598401827895199,0.0037415560204009397,0.00198586689651367,0.002169756452853361,0.004331312560192837,0.001918638383794013
ISIC_0032022,bcc,bcc,0.0016002520042874403,0.99512225500755,0.0009425645604723354,0.0004495754445144611,0.00026889614434410413,0.0012839898161006564,0.0003324670227309179
ISIC_0031122,bcc,bcc,0.0029120942769028336,0.9779964659173773,0.006396558237466192,0.0012555299983034339,0.001149122217624441,0.007647788247668291,0.0026424411046575016
ISIC_0032225,bcc,bcc,0.18026030742338328,0.4644625759290629,0.028346216070267202,0.04410952656717253,0.08649585862017653,0.1900508323783119,0.006274683011625611
ISIC_0031007,bcc,akiec,0.8921987794035124,0.09544053463395483,0.005986934822135351,0.0006372344543397156,0.0006534041311434287,0.004473981772883191,0.0006091307820310972
ISIC_0032290,bcc,bcc,0.005624669594025019,0.7793121192070528,0.0028859348289463414,0.004504754310890656,0.005042932677325789,0.05386054532630602,0.14876904405545344
ISIC_0031728,bcc,bcc,0.016977530733733218,0.9195734803606914,0.0038790069163573103,0.033984916125154856,0.002074303680687536,0.020895855627266,0.002614906556109599
ISIC_0028973,bcc,bcc,0.002031899116466976,0.9875209932344656,0.0048267881710867605,0.0008618761210851327,0.00021290960125205759,0.0041657088173916385,0.0003798249382518579
ISIC_0031009,bcc,bcc,0.006340863488541695,0.8221530247513468,0.1553433724419051,0.007583976893996683,0.0021150793471614872,0.005476913914266129,0.000986769162782119
ISIC_0030452,bcc,bcc,0.08814677186055123,0.5489358749495865,0.3069042579035041,0.022463002297724036,0.0010277637745573671,0.024432081739627326,0.00809024747444935
ISIC_0031057,bcc,bcc,0.03752882390620842,0.9273343314204847,0.022748572832987927,0.0017975296456727422,7.865476946340071e-05,0.00985323806968737,0.0006588493554953625
ISIC_0031294,bcc,bcc,0.0008400730189515629,0.9875762779783811,0.0036322018058867122,0.0006466726423395576,0.001572928386723869,0.0043212348801517225,0.0014106112875654614
ISIC_0025530,bcc,bcc,0.01973469644206916,0.9264565636517038,0.0015552443168169268,0.03941147674235905,0.002614764696415693,0.006304507655096588,0.003922746495538805
ISIC_0029337,bcc,bcc,0.003246973635237067,0.9936286714014051,0.0008176631627178119,0.0006165725486748075,0.0002962645981685076,0.0010964876291858776,0.00029736702461085604
ISIC_0028652,bcc,bcc,0.0002199721393189103,0.999141746434611,0.00021046944490533926,4.672154095452553e-05,8.659351044882637e-05,0.00020790341931265725,8.659351044882637e-05
ISIC_0030782,bcc,bcc,0.00669952700197,0.85709797243258,0.024499106373368197,0.008604449507832701,0.008646772954190928,0.07460103738585182,0.019851134344206354
ISIC_0030915,bcc,bcc,0.2017646716176756,0.418096418184881,0.23148126051263596,0.02484511672569278,0.010512877985235095,0.10021179905054678,0.0130878559233328
ISIC_0032092,bcc,bcc,0.023710519319378474,0.9653594731436203,0.005114698210268624,0.00299169991989296,0.00011784053131728829,0.002406403012621641,0.0002993658629007838
ISIC_0029602,bcc,bcc,0.0007423831503139653,0.9947134290912136,0.0007456431551454541,0.00021945204732815664,6.189600126839936e-05,0.0033905314683810406,0.00012666508634933123
ISIC_0029053,bcc,bcc,0.08181310452907005,0.27556326838486117,0.08289650813764303,0.20657193729157503,0.1486281362877666,0.10757599349789142,0.09695105187119271
ISIC_0029220,bcc,bcc,0.008141464510872507,0.9629273120892224,0.009557807648487966,0.0025138404267683783,0.001229561724648693,0.014068180533748012,0.0015618330662520066
ISIC_0026829,bcc,bcc,0.0014702837713002999,0.9326173821624639,0.009579795378358463,0.001384287849166666,0.0020070049227070203,0.05117305960283276,0.0017681863131708514
ISIC_0028568,bcc,bcc,0.010326268133476044,0.9852399390981605,0.0006799721327804395,0.0015066423399836214,0.0001276770084192844,0.0019088368286762126,0.00021066445850383278
ISIC_0027595,bcc,bcc,0.004084085234995911,0.9442122539833204,0.007909037210663866,0.0004930314608484733,0.0006070162449653045,0.041470204020864564,0.0012243718443414311
ISIC_0026154,bcc,bcc,0.00406849928201598,0.9687973210178041,0.0011081668675976192,0.001970718983446571,0.003418933693551417,0.01939604021547708,0.001240319940107245
ISIC_0029917,bcc,bcc,0.014148109239836155,0.5493656996423559,0.002374443642112349,0.006121206884978358,0.005302815136520221,0.41942929277775753,0.0032584326764396364
ISIC_0026090,bcc,bcc,0.00970325009559814,0.9090496200878198,0.043603720124990156,0.003958078005927571,0.0010678693672555983,0.029861164770362384,0.0027562975480464502
ISIC_0025285,bcc,bcc,0.0987287471696042,0.5761341269810648,0.30668697277250856,0.002589831949879068,0.003206035557855688,0.010357803462173435,0.0022964821069141566
ISIC_0027920,bcc,bcc,0.023520922107759804,0.7589477217433519,0.13038601821216964,0.007690125735494269,0.0060243840038907434,0.04804333613850928,0.025387492058824342
ISIC_0025031,bcc,bcc,0.0014067565652445824,0.9863279211612449,0.002363137456605322,0.0052148694042312834,0.0007935080263986227,0.0029094749586768918,0.0009843324275983422
ISIC_0024931,bcc,bcc,0.00837944557216532,0.7275382274529151,0.007614854581306315,0.0043046469822138715,0.0059072378622569335,0.24209628213612006,0.004159305413022427
ISIC_0026957,bcc,nv,0.015126038413292265,0.24067852547505228,0.005903142086259277,0.0078059243818652205,0.047793960509848674,0.6644389666483246,0.01825344248535767
ISIC_0025564,bcc,nv,0.031908258513421,0.0510108949506581,0.021584123123462393,0.008287408229588593,0.007745254010347591,0.8772597504475477,0.0022043107249746564
ISIC_0032318,bcc,mel,0.004191349065637886,0.050734262628288354,0.06011986946904011,0.006598813455882469,0.8511508737057515,0.02391944542283484,0.0032853862525648522
ISIC_0032061,bcc,bcc,0.0016595625172059834,0.9593373569964877,0.0031781325727479564,0.002081625830765341,0.008101866626115513,0.02473377719431669,0.000907678262360804
ISIC_0028239,nv,nv,0.002723635975156394,0.009717277350660043,0.0013853291875114918,0.01365080217915543,0.023746953118302726,0.9447103342212784,0.004065667967935498
ISIC_0031325,nv,nv,0.0017614291410088334,0.0013316819003344298,0.002999675917818633,0.001442210251036315,0.011128589295672694,0.9784557407896428,0.0028806727044862444
ISIC_0025311,nv,nv,0.00010273324629204848,0.00021475743247897396,0.00030914616161741005,0.00023413334035756578,0.00023589864421719544,0.9981147457272374,0.0007885854477994181
ISIC_0031536,nv,nv,0.0011475026917592604,0.0015936004457349062,0.004852268760522457,0.0011018583994771634,0.0004959566424995306,0.989921431736736,0.000887381323270731
ISIC_0032060,nv,nv,0.005086982341501449,0.0031998671098155264,0.0016700453012202503,0.01435939942467963,0.008811734916497078,0.9630442293501735,0.0038277415561125466
ISIC_0026824,nv,nv,3.700756013000048e-05,7.032857045352957e-05,2.4661042185928094e-05,0.00010950556982783267,4.79146157636197e-05,0.9996277545578166,8.282808382246534e-05
ISIC_0030993,nv,nv,0.002267810575484957,0.0036936119815384307,0.004502767421060113,0.007333715180773825,0.056732816077550596,0.921324940494085,0.004144338269507058
ISIC_0029526,nv,nv,0.00037462861468167866,0.0022485344769880627,0.0010083584419898963,0.0006895307667789695,0.0002635273946252409,0.9946893324671885,0.0007260878377477164
ISIC_0032210,nv,nv,0.00019718033654325692,0.0001810767706453924,0.0024685548572516538,0.0007992033937895397,0.000125596234902237,0.9958996360823094,0.0003287523245586137
ISIC_0031207,nv,nv,0.0005749330596445975,0.01138778776364916,0.0002878405430926485,0.0018620104943882433,0.001663297849003638,0.9799807015450418,0.004243428745179944
ISIC_0027000,nv,nv,0.0007802485220996607,0.0011551438075259528,0.002291784108094736,0.003599293746680256,0.0010052494610169834,0.9891861118993431,0.001982168455239272
ISIC_0032317,nv,nv,0.0018412483116531752,0.005015813074599051,0.008411781380608338,0.002489678100711423,0.0006780202228203615,0.9799550622218268,0.0016083966877807592
ISIC_0027784,nv,nv,0.0006081524255119313,0.000599077253392564,0.0015466413634749713,0.0011740346580704235,0.004839722031232678,0.9896244772896333,0.0016078949786841633
ISIC_0028359,nv,nv,0.005826539020562933,0.02142845592682183,0.07076412637594755,0.005974266673603121,0.0025790769880126956,0.8889870690858445,0.004440465929207445
ISIC_0026948,nv,nv,0.0001396963025869472,0.00013360679965361094,0.000173491538908082,0.00040312146609517037,0.00034192036264991737,0.9982735669591871,0.0005345965709191066
ISIC_0031604,nv,nv,0.0306832581329862,0.014490039145933028,0.08069131161792753,0.010359987621510176,0.22701544696944412,0.6184498705060085,0.01831008600619039
ISIC_0029273,nv,nv,0.001273332935332105,0.004770255945272307,0.0020311440265635638,0.002573352880345387,0.08664481061194027,0.8993135380845371,0.0033935655160093237
ISIC_0027854,nv,nv,0.0018828852004482018,0.0019181784259070906,0.016767225784576605,0.00172657914508628,0.007152189696016049,0.967806216987865,0.002746724760100796
ISIC_0027752,nv,nv,0.0028872380678917776,0.003505544941549006,0.014011722926700507,0.003050740138647281,0.004272278520067408,0.9669604182175356,0.0053120571876084195
ISIC_0030669,nv,nv,0.00011719314225265441,0.0002315390415836754,6.680317492288763e-05,0.0008089957971707433,0.0025129798995690996,0.9959592131970824,0.00030327574741853303
ISIC_0025325,nv,nv,9.278705024147127e-05,5.7783792716737507e-05,0.00030090255306300026,0.00022109033637669596,0.0002035434707668081,0.9988359002120742,0.00028799258476109045
ISIC_0026036,nv,nv,0.00015008712531456683,0.0003485426845348753,0.0015940467403038386,0.000523683834614988,0.0015250026772783726,0.9950823783794643,0.0007762585584890036
ISIC_0028932,nv,nv,0.00024101218764997374,0.0005715214946408299,0.0006780839021507697,0.0010721734519865053,0.0003105130348521422,0.99639126952656,0.0007354264021597657
ISIC_0025676,nv,nv,3.469125803509903e-05,3.955612793572392e-05,7.201934168584694e-05,0.0002249631948990165,0.00017238960339467857,0.9993287790064593,0.0001276014675903216
ISIC_0025142,nv,nv,2.3633672833362995e-05,4.625781911729112e-05,0.00020011224829971855,8.037975243461746e-05,0.00013638598532921158,0.9993749518551418,0.00013827866684400266
ISIC_0030016,nv,nv,0.008568497095542221,0.011330414340687317,0.003886497058607574,0.0041377557284980266,0.010450795676107212,0.9524347605021728,0.009191279598384838
ISIC_0027160,nv,nv,0.009019337423078663,0.002233640515733858,0.006985090184493406,0.026175174357540677,0.010339150970930472,0.9416698866193056,0.003577719928917256
ISIC_0028395,nv,nv,0.006682434641856733,0.012005620601478171,0.031996235065018704,0.021394420075021344,0.013195737711808507,0.9052495315310027,0.009476020373813752
ISIC_0027316,nv,nv,0.0003498485582729901,0.0001435934382167131,0.0010415898811664385,0.0024263012873353565,0.0005951759210656072,0.9951318407988711,0.00031165011507187625
ISIC_0028034,nv,nv,0.0008645608388390271,0.00020832942038632313,0.00378917518102264,0.0007233352456962032,0.0006467394225155373,0.9933590883672334,0.00040877152430682755
ISIC_0030128,nv,nv,0.000405303375351111,0.0005265174682215226,0.00015056233620805846,0.0008584722019992379,0.0002386693474987031,0.9972744912458673,0.0005459840248540825
ISIC_0026435,nv,nv,0.0040089494001907585,0.0033766395476905976,0.011326995109542758,0.005490442191345386,0.006948704340812404,0.9557329765492576,0.013115292861160439
ISIC_0027416,nv,nv,0.002957907623544891,0.003131249950026115,0.03952565083921107,0.0029469419331874234,0.0020836374684378963,0.947451029241493,0.001903582944099579
ISIC_0024746,nv,nv,0.0005555127948877749,0.0014933921466191641,0.016459764441826955,0.002325295993964851,0.00297747551214059,0.9732583143670092,0.0029302447435514767
ISIC_0024580,nv,nv,0.0004726394973218157,0.000499462987004362,0.0005981582074678942,0.0006446339771850867,0.001134765941728075,0.9960801236468483,0.0005702157424444676
ISIC_0031701,nv,nv,0.004696754598144251,0.006220859965398869,0.0238505378180767,0.011510006387240672,0.021857072126544863,0.9248327444633345,0.007032024641260175
ISIC_0024369,nv,nv,0.009084496429527003,0.0064465604527659745,0.02575088786809721,0.006287154152085574,0.020141498429240918,0.9297078204485942,0.0025815822196890545
ISIC_0031157,nv,nv,8.384505896277685e-05,0.00048085202228148377,0.0005322077566148129,0.0002872040281103421,3.579527437494616e-05,0.9983026147102787,0.000277481149376921
ISIC_0027834,nv,nv,0.0016564238010709955,0.0016543876763880972,0.006810987523458856,0.0038136841331325947,0.011644265013683364,0.9711500664829426,0.0032701853693235966
ISIC_0032254,nv,nv,0.004668387995326524,0.002616457774224718,0.02541444076953264,0.0028197517265606035,0.003020259632383712,0.9589387807545591,0.0025219213474127903
ISIC_0030292,nv,nv,0.0005525841165851101,0.00029343007588336715,0.0009715356291903524,0.0006449464265644539,0.0002821349828159132,0.9965628643625775,0.0006925044063832975
ISIC_0031330,nv,nv,0.005240588649490387,0.004189474180824063,0.004288534537719804,0.017471942115931383,0.037112970629852665,0.9238515296331692,0.007844960253012529
ISIC_0028812,nv,nv,0.0004544042149734723,0.0006785543340367245,0.00012037301592613562,0.0019973774273594194,0.000372768797519447,0.9958569237771034,0.0005195984330813814
ISIC_0031174,nv,nv,0.000292513773960932,0.00013984243768819276,0.00020703417360409576,0.00045658227638171637,0.00045266802507074435,0.9981718593888249,0.00027949992446937703
ISIC_0028025,nv,nv,0.000611528188625875,0.00027381955352343115,9.535953395690971e-05,0.026393105633046105,0.0007990143213272641,0.970966545356153,0.0008606274133673981
ISIC_0027572,nv,nv,0.0010137325615494272,0.0005916305514747595,0.00034655805655527686,0.0009687506492233879,0.002736379805902714,0.9937061308386933,0.0006368175366011378
ISIC_0029918,nv,nv,0.003492996723419625,0.01874298618319123,0.004629455172916223,0.012939116160282914,0.23502036561796674,0.71523969581754,0.009935384324683218
ISIC_0025635,nv,nv,3.1577112739737745e-05,5.99637529421522e-05,1.6342879698869485e-05,0.0003845396907788299,8.101103739881168e-05,0.999365098477196,6.146704924560396e-05
ISIC_0031237,nv,nv,0.0009482447096135133,0.0008918327099550623,0.0042481020489048655,0.0021307315525617046,0.0008305857735829112,0.989520331162994,0.0014301720423879514
ISIC_0026613,nv,nv,0.003151630597240218,0.013221861964384162,0.002923394840024607,0.044436400020303295,0.0022527257387348837,0.9320339973572895,0.001979989482023346
ISIC_0029701,nv,nv,0.00021081789290150498,0.00031254817899021176,0.00013308526859758075,0.0005828392796875802,0.00017071675918763754,0.99834363533014,0.0002463572904954813
ISIC_0030902,nv,nv,0.017342147089204292,0.014870669183414422,0.004209814628946844,0.03423763546807908,0.02374573209364236,0.6482244891240794,0.2573695124126336
ISIC_0031837,nv,nv,0.0038079727354737797,0.003898012565882555,0.004212079278980931,0.010287512991127623,0.3391928693740337,0.633591806806608,0.005009746247893357
ISIC_0024512,nv,nv,0.002724664117333635,0.0016039375363948087,0.006857262223646311,0.005066276391362739,0.003220321843267368,0.9636054897727778,0.016922048115217334
ISIC_0024637,nv,nv,0.0003667167222165909,0.00020082268100716217,0.00019053620535078883,0.00034576179168353637,0.0032722612439027776,0.9948864840674254,0.000737417288413763
ISIC_0031947,nv,nv,0.0006316602529975846,0.000565060037509062,0.0037091150146825983,0.0017067838756005037,0.0022677627077655554,0.9903469043242418,0.0007727137872029532
ISIC_0029386,nv,nv,0.001251083845360585,0.007856946305549015,0.0008284523524864347,0.005528727361136519,0.004062272994427879,0.9782011226390555,0.002271394501984109
ISIC_0029410,nv,nv,0.0027270371928638476,0.0014420703007215418,0.001569801570838761,0.003251461674611286,0.00567276205153872,0.9823609710686827,0.002975896140743108
ISIC_0028044,nv,nv,0.0002055016355509975,0.00019757024388713325,0.0006784267448368567,0.0008740650845815898,0.0006324915478598146,0.9968949937215902,0.000516951021693443
ISIC_0024348,nv,nv,0.0007600218779131472,0.0007524480771173718,0.04001003604791974,0.0008030614103584826,0.0021162636688755025,0.9547631102442058,0.0007950586736099118
ISIC_0025444,nv,nv,0.0007143719574566574,0.0007916834115755532,0.0024109681477622216,0.0009094342376199232,0.0009880879397616662,0.993529573853111,0.0006558804527129599
ISIC_0027375,nv,nv,0.00019873848887557084,0.0002036880744754997,0.0003011857800694094,0.0005130195509732793,0.003126148398426504,0.9954164433145097,0.00024077639266995157
ISIC_0031534,nv,nv,0.01621360381182995,0.09007571427679024,0.024385102799512143,0.013978209139428157,0.0046801616491825,0.846619659737148,0.004047548586108971
ISIC_0028108,nv,nv,0.0023953417908562976,0.004930431489023302,0.002540615957641476,0.0016865680495202116,0.004129562221206645,0.9815761027717782,0.002741377719973861
ISIC_0027661,nv,nv,0.00038815455518582384,0.0006889955743692776,0.0009306957621728244,0.005440309436259816,0.007720404257690922,0.9842034532747058,0.0006279871396155707
ISIC_0028572,nv,nv,0.002205648487660288,0.0005778090160317919,0.02832487760621292,0.005689549337291579,0.0026060870019235204,0.9586593130063095,0.0019367155445704969
ISIC_0026168,nv,nv,0.0007776336816418327,0.0003239214480266603,0.002695024946401888,0.0011054782713642902,0.001652824308820946,0.9919527015876868,0.0014924157560576045
ISIC_0028613,nv,nv,0.0023694712307643917,0.003361106894084628,0.0009350495045948332,0.012397027540931834,0.005324266239299831,0.9733598299848825,0.002253248605442049
ISIC_0025054,nv,nv,0.002060968319919945,0.007469010082796448,0.007968917755377601,0.0024960707219319413,0.00027187578632446136,0.9775636412418203,0.0021695160918293495
ISIC_0031102,nv,nv,0.0003985618138191932,0.001011078011123367,0.01339003395553783,0.0007579396354119648,0.000975000581987805,0.9831166386650896,0.0003507473370302851
ISIC_0031461,nv,nv,0.00045517857259691263,0.00032143616761859324,0.001987401500412737,0.0008805689640910823,0.000903763011909095,0.9946954648983697,0.0007561868850018922
ISIC_0031909,nv,nv,0.0005426261680065684,0.00047163314467063127,0.0004263847485103919,0.0045733318170289436,0.006380601346134198,0.986416080505766,0.0011893422698832242
ISIC_0029142,nv,nv,0.006190289091667003,0.006782671339135567,0.01876834425187737,0.00248828402603626,0.024316616202030746,0.9362456768334424,0.005208118255810693
ISIC_0028319,nv,nv,0.00214281522944395,0.001701941279096779,0.004429234094287324,0.00270465721999874,0.0014737353222644889,0.9838351086121291,0.003712508242779634
ISIC_0025544,nv,nv,0.0006824925380860692,0.0009090847871468887,0.005868244107455346,0.00420680971760854,0.0002913294358334019,0.9864189747330059,0.0016230646808638497
ISIC_0029699,nv,nv,0.004901587314816829,0.005743402505681736,0.01532355164177775,0.007467316423579052,0.0009785543500104112,0.9622823819778242,0.003303205786310061
ISIC_0032066,nv,nv,0.0006532255226173179,0.0012469081943182968,0.0016738060889239068,0.002155854636513971,0.009800589156328433,0.9835242902884916,0.000945326112806415
ISIC_0024649,nv,nv,0.0026344560861961143,0.004321426421940489,0.0003868666848395292,0.002306166967976402,0.0003285398267509888,0.9893604602897523,0.0006620837225440974
ISIC_0031661,nv,nv,0.00025707222550641,0.0002624893913525595,0.0003527784728231887,0.0005399615368068283,9.694534317407188e-05,0.9979847797261183,0.0005059733042186189
ISIC_0026689,nv,nv,0.0007219736504706097,0.0020186528307963793,0.0010863120312158544,0.0005566847356374512,0.001588624454093283,0.9917472905439536,0.002280461753832802
ISIC_0027646,nv,nv,0.0007530603221767535,0.0007748119704081751,0.004035701217196105,0.0011950417974685348,0.000867211173847683,0.9905827293414546,0.00179144417744806
ISIC_0026862,nv,nv,0.0023064530618162244,0.001822418456934875,0.007536122324924376,0.00930168933432968,0.006260609163010048,0.9699330218099669,0.002839685849017975
ISIC_0025057,nv,nv,0.001356320733679776,0.0021804967955724426,0.0022293110116143764,0.005199395124116613,0.005779525617651999,0.9789342032437097,0.00432074747365503
ISIC_0030736,nv,nv,6.293007078490946e-05,0.0001049212432470366,7.11513287082458e-05,0.00029943366753477896,0.00017297028307163806,0.9989538374882452,0.0003347559184081806
ISIC_0028833,nv,nv,0.00015257931174848127,0.00026051898716761507,0.00018115133215117798,0.00025824414343109076,0.0001237729875801219,0.9988094663769079,0.00021426686101361724
ISIC_0030875,nv,nv,0.00021813152653635137,0.00017028765144944775,0.002287508649913079,0.0004511640542122203,0.0008556836709599634,0.9957360718361541,0.0002811526107748232
ISIC_0031647,nv,nv,0.0011685314422842706,0.00154325379630874,0.0011862328947734248,0.0023717783840211558,0.004739212624737774,0.9862205666171745,0.0027704242407001357
ISIC_0027938,nv,nv,0.0027044621168093286,0.0025370571143968346,0.0019971070901703214,0.008931189703442477,0.007456834796947214,0.9687893148547284,0.007584034323505475
ISIC_0029381,nv,nv,0.0035693613249639746,0.003010563536133441,0.0024061692623951825,0.0029032243949357853,0.013346724157387966,0.9735324171538907,0.0012315401702929568
ISIC_0024838,nv,nv,0.003384348150101108,0.0036228238635000434,0.13780921892508466,0.009912385163366089,0.003695303084288899,0.8073841332417641,0.03419178757189523
ISIC_0024804,nv,nv,0.001193481318707164,0.0011904943698883856,0.0013801768550755645,0.0033932858078323806,0.005215034334380813,0.9848156211778601,0.0028119061362554872
ISIC_0031364,nv,nv,0.0021666872850902475,0.0032879696879539702,0.01701632851078104,0.002779344835876557,0.012432287717396859,0.959213615515985,0.0031037664469162436
ISIC_0027440,nv,nv,0.0008533339196800557,0.0026067726612933107,0.0072548283611624615,0.0011108210980790992,0.002756122930800488,0.9832153003317606,0.00220282069722401
ISIC_0030743,nv,bkl,0.010505880783967794,0.009168284514414576,0.4896011560765771,0.016507616348639505,0.13560384679405785,0.3298554357916427,0.008757779690700384
ISIC_0024465,nv,nv,0.00039057627876676034,0.0005483370756858405,0.0017599518850532317,0.0012622616716740029,0.0007150085719626255,0.9940773067138952,0.0012465578029623857
ISIC_0029984,nv,nv,0.0009731471729680107,0.0014932162135821107,0.0014727940984566449,0.002305607417267611,0.02173148078533962,0.9709746942973053,0.0010490600150806623
ISIC_0025849,nv,nv,0.00017992724440354468,0.00012108526955379279,0.0002372942223940894,0.0012070874077270862,0.0010912796201597895,0.9968329709409403,0.00033035529482147616
ISIC_0030911,nv,nv,0.0019995012493288548,0.0016072888944994267,0.0015303274023669444,0.0030379873304684627,0.00794062148087187,0.9824798679386577,0.0014044057038067616
ISIC_0032166,nv,nv,0.005590612847448123,0.015136313460526045,0.005744977004752605,0.003566833696157045,0.015268059468602784,0.9500385935691269,0.004654609953386489
ISIC_0028375,nv,nv,0.0008965138059109271,0.0008368410697613414,0.0026397697669023556,0.003766550040354654,0.005397480034588456,0.9794141640988859,0.007048681183596326
ISIC_0031734,nv,nv,0.0006900907405560328,0.0010330378330716083,0.0007467692888873005,0.002605892848785374,0.004027558968339391,0.9894800833496473,0.0014165669707129909
ISIC_0027910,nv,nv,0.0017459421409550101,0.002326862918056553,0.00737709251566804,0.006798272748975295,0.021896182998037687,0.9570918389990102,0.0027638076792972587
ISIC_0030524,nv,nv,0.00024209755576556636,0.0010349268977768845,0.00016458801469120183,0.0001615237070778674,0.00013368188576752958,0.9981440542967114,0.00011912764220960063
ISIC_0029085,nv,nv,0.0003622460333697014,0.0006642977202131312,0.000468915391936931,0.0011335336094000453,0.0002121582413707096,0.9964426881321364,0.0007161608715730487
ISIC_0030193,nv,nv,0.0010787825720051086,0.005013295584487999,0.0024929278757032645,0.009295678706849228,0.009668849631941543,0.9703826371529615,0.0020678284760513683
ISIC_0026740,nv,nv,0.0007077042619453899,0.0009488042483506196,0.0018244292332438726,0.0017693287202969969,0.0022173418293349807,0.9888905090650748,0.003641882641753333
ISIC_0027307,nv,nv,0.00020595147304742684,0.0010412272350308685,0.00024768044495116615,0.00028426262838177025,0.0002532252144985208,0.9978490983555306,0.00011855464855966122
ISIC_0026731,nv,nv,0.0029819271684020624,0.001472826507836615,0.0005640890094384138,0.0025817967494281787,0.006646675717913425,0.9846388764181895,0.0011138084287918581
ISIC_0024555,nv,nv,7.088317302361985e-05,0.0002503863558659916,1.0027640707607888e-05,0.0014078759620032725,4.53003978754891e-05,0.9976453932879733,0.0005701331825507419
ISIC_0030660,nv,nv,0.0001815239197433683,0.0007613128480088566,0.00027516496548905876,0.0003782474308570928,0.00018699849010669006,0.9977255892964362,0.0004911630493587142
ISIC_0025931,nv,nv,0.0013184965750226518,0.0012579035128416375,0.0015719150633696933,0.0008095328953779273,0.016138592821833248,0.9776779383254796,0.0012256208060753288
ISIC_0025213,nv,nv,0.0006530318462270732,0.0004416370398547483,0.0001474273027522406,0.0006995977229311444,0.0003046095005879497,0.9968742577786002,0.0008794388090466624
ISIC_0026449,nv,nv,0.0024780427254413578,0.0013334571001615435,0.002550432340338762,0.0027735848499183258,0.0032637883382590823,0.985192986820178,0.0024077078257029225
ISIC_0028609,nv,nv,0.0030004731591570456,0.0005039905054469492,0.0026673639732520313,0.0014958723293827436,0.002553012359497797,0.9886618758058625,0.0011174118674009287
ISIC_0024860,nv,nv,0.0003062965226076057,0.0007995420576949761,0.0008328841840472933,0.0020935566486819765,0.00017459708646763407,0.9935029611651246,0.0022901623353759363
ISIC_0026267,nv,nv,0.0008826147324550225,0.0003461829964664194,0.0016826678536640677,0.0010758303839415598,0.010280041684799601,0.9850220436810941,0.0007106186675791697
ISIC_0030490,nv,nv,0.006351081597504892,0.0019328395161914993,0.002415744754588637,0.004734227234683769,0.0022947833004326786,0.9808723480290263,0.0013989755675721696
ISIC_0028403,nv,nv,0.01252678827388856,0.019634338567015214,0.25124189991121776,0.01499004171724139,0.03329164883361208,0.6477606214396175,0.020554661257407354
ISIC_0032411,nv,nv,0.00031680633147501664,0.00018603075828295797,9.782030804337855e-05,0.00027749676621892323,0.0017715814111574906,0.9971582048512252,0.00019205957359703983
ISIC_0032507,nv,nv,0.003466941689814092,0.006751868137851968,0.0006930090327953627,0.0027325100112910745,0.14983137556130768,0.830671099128488,0.005853196438451853
ISIC_0024404,nv,nv,0.0002628320715751253,0.000670952309140082,0.00043407921694755956,0.0013567017230087111,0.0002290928334838322,0.9943964559194959,0.002649885926348762
ISIC_0031097,nv,nv,0.006046231555242219,0.0036583772032216847,0.0003889009789286162,0.0018879373382730952,0.00381280652739294,0.9811665611363595,0.0030391852605819417
ISIC_0029004,nv,nv,0.008316651213118672,0.0021004923955801934,0.006275193605199785,0.0028518534333077782,0.0041705553682214866,0.9742234090667895,0.002061844917782573
ISIC_0025527,nv,nv,0.0011877572999033617,0.0004288936223119674,0.00035989131084891463,0.004400277227612767,0.0014261681447750435,0.9912065710880655,0.0009904413064824589
ISIC_0029492,nv,nv,0.03341785517475907,0.019348304564620777,0.02475846199165959,0.03027561607821677,0.0026150367036001836,0.8806348725771265,0.008949852910017141
ISIC_0030418,nv,nv,0.012239835731201708,0.0033145792047312044,0.003148740411036932,0.0035331080222507343,0.003125177390302608,0.9709100445310844,0.0037285147093923483
ISIC_0026515,nv,nv,4.780810344796167e-05,3.146023329971893e-05,2.0240815871500455e-05,8.183394767982635e-05,1.8494842572066404e-05,0.999763871568655,3.629048847399001e-05
ISIC_0032398,nv,nv,0.0002448137457933415,0.0021934110267030856,0.0001652399727041886,0.00039198156677873187,0.00036958295218509984,0.9951591278954535,0.0014758428403820452
ISIC_0026253,nv,nv,0.003780757084383967,0.0032373317301729286,0.0024265728859616436,0.0012148650142097977,0.003860427419174904,0.9846636133740247,0.000816432492072003
ISIC_0026000,nv,nv,0.0003788002925839893,0.000585091203316324,0.00018592774559421922,0.0006315613854143572,0.000193049242390341,0.9972738612572063,0.0007517088734944303
ISIC_0030972,nv,nv,0.0003283392790654677,0.00023014932366705154,0.0005133623847570525,0.0005101943483824449,0.0005387575832255529,0.9973626470095366,0.0005165500713658173
ISIC_0029536,nv,nv,0.007745798460823237,0.004913825029756849,0.003451362842603134,0.0027438995307005752,0.002365411324564139,0.9764716172920203,0.002308085519531795
ISIC_0026233,nv,nv,0.0029162997496867816,0.0009764008855001972,0.00020485674936506257,0.0004162688519864349,0.0019135332128828654,0.992990075183821,0.0005825653667576218
ISIC_0027317,nv,nv,0.00016285295460964682,0.00046844143067524866,0.00023524214901449357,0.00042142077838890665,0.00028048053747178973,0.9979845117280267,0.0004470504218131745
ISIC_0030413,nv,nv,0.000549430234593769,0.00033360223661192467,0.0006985890685751584,0.0005809088271256643,0.002735331980414398,0.994704416234602,0.0003977214180769913
ISIC_0028021,nv,nv,0.005513975984381964,0.0018399868959060462,0.006209860262253165,0.002153275662374986,0.0003767482146542594,0.9827595255777127,0.0011466274027168851
ISIC_0030307,nv,nv,0.0021145360787365583,0.23240662819238642,0.004907618374937398,0.0029880998925067327,0.0017854902735931226,0.749912312881184,0.00588531430665572
ISIC_0026832,nv,nv,0.0005090970842331789,0.00029969195853758447,0.0004645286949030505,0.0003060663615973856,0.00021321319299681497,0.9976848960525146,0.0005225066552172896
ISIC_0027553,nv,nv,0.010959873936274404,0.0034008517961047987,0.0037546892238562693,0.004769830065784669,0.018884008937075182,0.9553770386766128,0.0028537073642918792
ISIC_0029287,nv,nv,0.0009715820821747574,0.0005446170879768548,0.0003768051743999103,0.002103468112588021,0.0004379379138795522,0.994510250309129,0.0010553393198519043
ISIC_0030441,nv,nv,0.0005938723117612917,0.000501459049093469,0.0001325466952742131,0.0005655512906551576,0.0007629905685732825,0.9971359529887585,0.0003076270958841445
ISIC_0025164,nv,nv,0.0003408562203914065,0.00035406755917801754,0.00011286844949611659,0.0004383115361146402,0.00044317733755425186,0.9979522813071582,0.0003584375901074365
ISIC_0031532,nv,nv,0.0021102795574340074,0.0015335481331446553,0.002060676197932433,0.003383089744648469,0.005788410085771379,0.9811029078159939,0.004021088465075245
ISIC_0030913,nv,nv,0.000874686173788991,0.000337633956855896,0.000319893603938536,0.0023552648286614287,0.005271287212654484,0.9873063380163616,0.0035348962077390847
ISIC_0031434,nv,nv,3.232672473638821e-05,4.063675440036504e-05,6.273128129683953e-05,6.870896268449739e-05,3.89723801221791e-05,0.9996989969218595,5.762697490020741e-05
ISIC_0025007,nv,nv,0.005457677249133457,0.003741234857695754,0.0029145844803111676,0.044701299899635366,0.004814171993906321,0.9272666041917674,0.011104427327550563
ISIC_0028083,nv,nv,0.00014641705314344844,0.00026554261725264235,0.000489351758329537,0.00014268355279994317,0.00018887160314454696,0.998604179342231,0.00016295407309888094
ISIC_0030896,nv,nv,0.00022458094779018,0.0007932660627951772,0.0006582761479218103,0.0020171795225780546,0.00016177985286121372,0.9940334252603881,0.002111492205665478
ISIC_0032505,nv,nv,0.0008519536713560966,0.0011963254451085507,0.000256482308527886,0.0008603782346717052,0.0009540265351756746,0.9946516939431074,0.0012291398620527217
ISIC_0028279,nv,nv,0.00036666239459867743,0.0005804226142935911,0.0002887319337647832,0.0012834972654614018,0.0009314010665121967,0.9963358319634196,0.00021345276194974097
ISIC_0026688,nv,nv,0.003151798840451711,0.001218105880719844,0.00415870108376976,0.0011929670763865434,0.004797576320730092,0.9836638368256394,0.0018170139723026706
ISIC_0032339,nv,nv,0.0010485892608104765,0.0004963174145718581,0.0002867017536589063,0.0007840921850400937,0.005042418976719571,0.9918704146496606,0.00047146575953847255
ISIC_0027731,nv,nv,0.001899828752306235,0.0010271290718513498,0.000629537822921207,0.012812282539400612,0.01027088508079624,0.970512865731543,0.0028474710011812524
ISIC_0028318,nv,nv,7.76929530649206e-05,0.0001271677074009496,0.00014717114916151593,0.000388473129966537,0.0002716267278367736,0.9984008170046256,0.0005870513279436936
ISIC_0028133,nv,nv,0.029822312227624107,0.009442731607311981,0.40496055376728773,0.007731452045769351,0.015461766282570424,0.5220232970562432,0.010557887013193242
ISIC_0028771,nv,bkl,0.007319178319590059,0.002398992168119543,0.6768127626367113,0.024806548043855715,0.005578022146396851,0.27445013449730926,0.008634362188017315
ISIC_0031540,nv,nv,0.0003524092051163065,0.0003816588496516826,0.0003558845501592369,0.0009118442513586013,0.0004330594680349624,0.9957179497576276,0.0018471939180516254
ISIC_0027653,nv,nv,0.0004914609962228128,0.00017050399008531082,0.00012795975405394493,0.000388331846231198,0.00027443381689039087,0.9983231612436104,0.0002241483529059303
ISIC_0026649,nv,nv,0.0006248125268228256,0.0009480611799430315,0.0006066377561754576,0.0032097757709407234,0.003350973209386638,0.9896488438653437,0.0016108956913876943
ISIC_0026677,nv,nv,4.3366878467822036e-05,5.915546670788346e-05,4.8175771105974035e-05,0.0001811588158785237,3.8168153372807074e-05,0.9994892947793578,0.00014068013510922447
ISIC_0025438,nv,nv,0.00016028841267247428,0.00014670375746068804,6.546661660470455e-05,0.0010846338781410755,0.0014714975019493345,0.9968743291076642,0.00019708072550758568
ISIC_0032500,nv,nv,0.013673281771195303,0.004309717062435332,0.015999509887158002,0.005762173450566487,0.0020006118557412147,0.9560899160464736,0.0021647899264300424
ISIC_0030578,nv,nv,0.0012606937793192318,0.0450922678366102,0.000394145473855351,0.0016116072032342236,0.00018171212871358818,0.9505425078259969,0.0009170657522704773
ISIC_0025614,nv,nv,0.0016648077965610037,0.0009852701726888536,0.0003348798468573163,0.002262401720459121,0.11145425360953407,0.880520363206189,0.0027780236477106387
ISIC_0029387,nv,nv,0.007005300465939561,0.0037558365032168573,0.004805120722512304,0.0018271702648706065,0.003127019411724052,0.9759140210113303,0.0035655316204063134
ISIC_0025854,nv,nv,0.0003774848661444084,0.0002082191562542892,6.653842955351202e-05,0.001972572221586865,0.00022522470076370284,0.9969834039714012,0.00016655665429607974
ISIC_0024308,nv,nv,0.00010243782000784951,0.00011337041712887432,0.00016401749375867706,0.00010905489268680919,0.00041917043757120845,0.9989893827941523,0.0001025661446943287
ISIC_0029449,nv,nv,0.0002099395009593664,0.00018002044970428258,9.913912393423768e-05,0.00031196062236430567,0.00020968144875541472,0.998576821117471,0.0004124377368113335
ISIC_0026224,nv,nv,0.00021747306661450372,0.0007902401605191869,0.0001319863055225346,0.0016187708457338571,0.0006066114911041152,0.9944868575408617,0.002148060589644066
ISIC_0024919,nv,nv,0.04287209273970463,0.00046102221137557487,0.00043304898171107653,0.005200513672518058,0.002240837719015602,0.9484353699353363,0.0003571147403388093
ISIC_0028143,nv,nv,0.0003743220126342455,0.0005700783255598682,0.0005460573868403853,0.0009210098676805016,0.0006190482981324187,0.9963232040120787,0.0006462800970737917
ISIC_0027214,nv,nv,0.00010481662665763763,7.88701292314098e-05,2.3927667010004907e-05,0.0002033645244826332,0.00029356578996590256,0.9992089229693464,8.65322933060498e-05
ISIC_0025844,nv,nv,0.002216522896732181,0.00245635367458354,0.0032931949189129706,0.001676220339497988,0.001843677745931638,0.9861777462035283,0.0023362842208134154
ISIC_0031383,nv,nv,0.0033954918862660523,0.004474945516067716,0.005288971395695458,0.0022604834539104606,0.0019281992665552113,0.9797808147670501,0.002871093714454914
ISIC_0026244,nv,nv,0.09086141422392843,0.0029654262301368525,0.009985033871821536,0.00719096782031834,0.004169563525861309,0.8802701238994275,0.00455747042850605
ISIC_0027393,nv,nv,0.0017157801011678823,0.0008596886987140151,0.0035957228684325485,0.0026492580818713585,0.006615555742879898,0.9819509691829099,0.0026130253240243743
ISIC_0028301,nv,nv,0.000798667062718749,0.00047820399280358334,0.0002739240549152995,0.0011023528765807982,0.00023402123572816895,0.9964751386524587,0.0006376921247946102
ISIC_0028616,nv,nv,0.006112667503162648,0.00035645574684899117,0.0002972761629889805,0.00045612757234692367,0.00018514948931314294,0.9924344656267331,0.0001578578986062527
ISIC_0027200,nv,nv,0.0005545680437203945,0.00039590394224709574,9.874198799088764e-05,0.0003005617868112763,0.0012565616248987074,0.9970263761696925,0.0003672864446391436
ISIC_0024611,nv,nv,0.0015003497939401662,0.0005720828682059284,0.0005048001863344792,0.0012667019421268844,0.005603874020593001,0.9895827150618902,0.0009694761269093497
ISIC_0032180,nv,nv,0.02574191922964376,0.003497723612039156,0.002020885454704662,0.005326901218697126,0.006453667054253261,0.9542036929742554,0.0027552104564066214
ISIC_0024660,nv,nv,0.0010258760646070714,0.0007634533988096556,0.0006795458528527233,0.0010207517020514797,0.0004217649004503725,0.9945330939694157,0.001555514111813004
ISIC_0028772,nv,nv,0.00031816692977338853,0.00038203054093463156,0.0004633340307410612,0.0005398562034823768,0.0006353529751417696,0.9969957595867894,0.0006654997331373313
ISIC_0029906,nv,nv,0.0005457020868891666,0.0005068178735915501,0.0016322914713036794,0.0008471209361286438,0.0005335330112885752,0.9952438939639932,0.0006906406568052096
ISIC_0029168,nv,nv,0.0005201441166886231,0.000467052620569146,0.0006418960393636117,0.0014943755615826496,0.014762242856936133,0.9802816271621384,0.001832661642721401
ISIC_0024820,nv,nv,0.001228802026005665,0.0011528676132505136,0.0012348461660242026,0.0028262613552023437,0.001997316493170349,0.9886563343969232,0.0029035719494237395
ISIC_0027491,nv,nv,0.0381021804257422,0.012520622475474094,0.0020436437623250424,0.0010706163133758291,0.004253255911770669,0.9405452583232545,0.0014644227880577078
ISIC_0031964,nv,nv,0.000728887640938977,0.00028804469210530687,0.00015203842247060636,0.0006271405903485002,0.0012023771013177005,0.9965164261905419,0.0004850853622770201
ISIC_0027962,nv,nv,0.002069674364634724,0.002583527665221123,0.0012213020924533098,0.0016852512092545254,0.0029690096476043997,0.9877711385530066,0.0017000964678253094
ISIC_0027325,nv,nv,0.0004951620832185998,0.0006320662691225066,0.0005187898676008903,0.0006770114655396129,0.00020422511642979478,0.9972412997484781,0.00023144544961048086
ISIC_0024488,nv,nv,0.00715415957948895,0.013512294477586617,0.027004639644657245,0.002998431651149126,0.0011544400442421087,0.9457642168335668,0.002411817769309161
ISIC_0027048,nv,nv,0.0025518143215638813,0.0013109052653138842,0.0010852488691636799,0.00562945425928896,0.007598383567523462,0.9774731754194879,0.004351018297658249
ISIC_0029556,nv,nv,0.00029159056058447125,0.00032733034191259744,0.0008103564284250327,0.0003221379823791811,0.00046475838977367944,0.9974722107505001,0.00031161554642496393
ISIC_0029377,nv,nv,0.00018734691579491832,0.0002786110339480786,0.00012740545643324765,0.0005171116552721693,0.003076421688349917,0.9955299207751136,0.00028318247508809326
ISIC_0026062,nv,nv,0.0008116594570171837,0.0015074112453728344,0.0002985110620577773,0.0008760710238285332,0.0003606272878737281,0.9956647601481267,0.00048095977572326626
ISIC_0026300,nv,nv,0.031654464284794376,0.008220040354548033,0.03340518733478321,0.039039488060153345,0.17558341686306309,0.6980857741587254,0.014011628943932482
ISIC_0029517,nv,nv,0.00017870925946306788,0.000238170499146193,0.00012840662354736976,0.0002629675059917063,0.0006372953490938157,0.9981920740425487,0.000362376720209133
ISIC_0025290,nv,nv,0.0004342496143710449,0.0005908656786492161,0.001375573586727044,0.0012167506825385714,0.001714645768800771,0.9825310141629895,0.012136900505923877
ISIC_0028911,nv,nv,0.001190031069483666,0.0010355232271541733,0.00013401051834665623,0.0010887421601240295,0.0003975979604813438,0.995595748993798,0.0005583460706121888
ISIC_0030837,nv,nv,0.004540565805776188,0.09864145439275637,0.03600674338579987,0.002670439374027805,0.0003759708240533002,0.8485424644181653,0.009222361799421173
ISIC_0030068,nv,nv,0.04311040182773197,0.00936958701213943,0.009266714293222556,0.012755708015957788,0.007540940125842832,0.91293219834476,0.005024450380345424
ISIC_0026699,nv,nv,0.003525902306500525,0.003813867787395382,0.00622580115538334,0.001431220131685184,0.003153486269942623,0.9793732060810963,0.0024765162679965848
ISIC_0028927,nv,nv,0.02964404438734348,0.009771785017316705,0.010222629319825519,0.005817064475876102,0.00738980189734535,0.9333933011627192,0.0037613737395736356
ISIC_0028241,nv,nv,0.003333072169890479,0.000797388537097864,0.0007610722434638856,0.001152104770155219,0.09259123335717459,0.9000562576636437,0.001308871258574311
ISIC_0029006,nv,nv,0.0012807436681053896,0.000396917493013333,0.0001987651344960333,0.0023663891152007795,0.00046015870523821316,0.9938918591336878,0.0014051667502584558
ISIC_0024588,nv,nv,0.001884348555221012,0.002253771222975664,0.002357669545201119,0.0017458051545844243,0.005850682272868353,0.9842367619157589,0.001670961333390494
ISIC_0024671,nv,nv,0.00021783920535160787,0.00014747715712529343,0.00026835012746240894,0.0009934255345648735,0.00034128629338659583,0.9955410979182531,0.0024905237638560983
ISIC_0030295,nv,nv,0.0016919708259855383,0.001131482967986532,0.0009561455832597037,0.0016961655681926098,0.0002898704526272268,0.9928618228849561,0.0013725417169923768
ISIC_0031954,nv,nv,0.0019671882918628368,0.000993367102015545,0.007171667142397774,0.004787208393493046,0.001664919678799974,0.9797337152237521,0.0036819341676787186
ISIC_0029944,nv,nv,0.0014278125230708497,0.0012664520350828415,0.00040545168157385403,0.0011477688475696366,0.0002224640399253431,0.9950345889775795,0.000495461895197974
ISIC_0028387,nv,nv,0.08015416914658627,0.023028661517852364,0.1541732621248536,0.2316268506736022,0.011050042292155143,0.442214962976469,0.05775205126848135
ISIC_0024826,nv,nv,0.0008732979038844258,0.00047728338071650433,0.0001531755127999856,0.00043334874723733886,0.0013654116619132596,0.996301090822768,0.000396391970680509
ISIC_0028207,nv,nv,0.0005436548360679223,0.0015271186407295474,0.00480727235503688,0.001137900156948927,0.001066183406020902,0.9794388814749262,0.011478989130269587
ISIC_0028322,nv,nv,0.00014046150700823716,0.00026564325582894687,0.0008483541672383275,0.0003481266065113783,0.00028103805950070975,0.997935951457948,0.00018042494596442544
ISIC_0029874,nv,nv,1.4435872036766826e-05,1.337867582498928e-05,3.856691048551043e-06,4.646694619699478e-05,6.004637290075669e-05,0.999810682845245,5.1132596746927796e-05
ISIC_0026904,nv,nv,0.002818748127267893,0.001120561944059661,0.0025349783297333606,0.0008246143236622113,0.0016674144993650555,0.9896634158034917,0.0013702669724200743
ISIC_0029408,nv,nv,0.00019565085749314071,0.00020570600019338638,7.418648173670447e-05,0.0007566074114269706,0.00020212924190170215,0.995631215751928,0.002934504255320101
ISIC_0026564,nv,nv,1.5192638420123127e-05,1.5932856451411912e-05,1.2097076972720249e-05,0.000100478010416571,9.848541424744092e-05,0.9997023750202563,5.5438983235479594e-05
ISIC_0026299,nv,nv,5.403138297140065e-05,6.201552679888241e-05,1.8165719160429453e-05,0.00013984311869697446,0.00013792903430099123,0.9993490928000829,0.00023892241798839268
ISIC_0028248,nv,nv,0.0002716664809874654,0.00015343079995805355,0.00011189010579205396,0.0003257878946595849,0.0006230494122177374,0.9981110527181029,0.0004031225882822944
ISIC_0028991,nv,nv,2.5195783385849688e-05,2.7229335983124734e-05,1.765704809930035e-05,3.5728862472520066e-05,5.40056249347749e-05,0.9997976101085504,4.257323657403954e-05
ISIC_0026550,nv,nv,0.18616761149785951,0.013981055411853929,0.005762393472831184,0.007364909344498242,0.010748892050189675,0.7728352790955186,0.003139859127248787
ISIC_0029483,nv,nv,0.001021352142209361,0.0004759054704948191,0.0011093267223471442,0.001590904250240729,0.008002952828230946,0.9864356999134493,0.0013638586730277933
ISIC_0024601,nv,nv,0.005152537481314513,0.004458182618344092,0.00788162117289152,0.0026599554275175893,0.002945043781822517,0.9736856744403043,0.003216985077805442
ISIC_0027660,nv,nv,0.0002774508783809041,0.00016655830700209524,0.0002296910895171734,0.004499489771158067,0.0002002060885675877,0.9921132517893265,0.002513352076047615
ISIC_0028324,nv,nv,0.0002596633799521293,0.0004288996177619394,0.00017843749729202547,0.00025335361028346065,0.00019328926408033556,0.9983550896968365,0.00033126693379357294
ISIC_0024405,nv,nv,0.00015370932800153454,0.00010114993709103594,2.932845496425399e-05,0.0015165752630230133,0.00027847417531092617,0.9973007612994941,0.0006200015421151118
ISIC_0029532,nv,nv,0.055981542240927044,0.011941640843592465,0.003176274896400943,0.007126597552952305,0.023490616706963844,0.8922882859139665,0.005995041845196892
ISIC_0027273,nv,nv,0.007290120157774431,0.001426233389048781,0.0014580752356254223,0.0010942556112012287,0.01688088294691782,0.9711837918742798,0.000666640785152515
ISIC_0028778,nv,nv,0.001538852048989635,0.00037871707857706845,0.002660614057321165,0.0013026494122136527,0.004380723285611471,0.9871109570414209,0.0026274870758660643
ISIC_0028839,nv,nv,4.883459202699976e-05,2.4053409392526158e-05,4.379374018777605e-05,0.00013628916261544462,4.9077031541639395e-05,0.9995791622404328,0.00011878982380282525
ISIC_0026748,nv,nv,0.002824957598714646,0.0015174806891369564,0.003465015467652866,0.0006780274907239747,0.004899561974572272,0.9856746591189021,0.0009402976602972257
ISIC_0032377,nv,nv,0.003650151351423138,0.000986821603568835,0.007984659161581463,0.00163502066509566,0.003293761559128338,0.9801877916645686,0.0022617939946339353
ISIC_0026648,nv,nv,0.007820918055193974,0.003314203175680677,0.019728935690618312,0.006177750559652984,0.0021066363423997408,0.9555398520968538,0.005311704079600599
ISIC_0025521,nv,nv,0.0008087580727925985,0.00028220840849185026,0.005426364771905285,0.0005943869953329976,0.00043958056148850415,0.9921056281504176,0.0003430730395711301
ISIC_0027592,nv,nv,0.03834239201726762,0.04208616581886627,0.010506820452469897,0.0011498561496293047,0.013408911674025007,0.8892856903986095,0.0052201634891324575
ISIC_0024713,nv,nv,0.0006305350043325837,0.0007589977347763648,0.0007346713200963004,0.0009690494359383587,0.0006424970433529743,0.9956531583927806,0.0006110910687228025
ISIC_0031884,nv,nv,0.00015900232667695894,0.0012058991598935611,5.564855379603214e-05,0.001499948886461865,0.0004312913376625856,0.9964934797034446,0.00015473003206435226
ISIC_0028492,nv,nv,0.002716901332661698,0.0016428786561377144,0.0007953420155006781,0.0008936306755738146,0.0026199564580663554,0.9898469593121888,0.0014843315498709476
ISIC_0030799,nv,nv,0.0039259514089558,0.0025963366269790757,0.007340749011276975,0.0016020172270411674,0.0025899158152173046,0.9780673839634023,0.0038776459471273933
ISIC_0031669,nv,nv,0.005612028500749833,0.010486750738657439,0.0020857238300207195,0.005391475794557662,0.010214432209035774,0.963526549953349,0.0026830389736296253
ISIC_0024659,nv,nv,0.0017378328846493099,0.0033255817279375724,0.0017575398543672285,0.003904058357576002,0.0018995087277981872,0.9822452492668063,0.005130229180865319
ISIC_0028516,nv,nv,0.0005992100126693238,0.0003895716667831472,0.00014370432086065936,0.00022680314288414942,0.0018872267179739792,0.9966083626521668,0.00014512148666198112
ISIC_0026357,nv,nv,2.576281105659032e-05,7.850242317866746e-05,0.00013910807378648968,0.00013482173942783217,3.268101934851176e-05,0.9995187225050515,7.040142815043125e-05
ISIC_0025011,nv,nv,0.00017488515655650604,0.00024734454533714744,0.0001338489000782205,0.0004098966097597295,7.306191579870142e-05,0.9988451633676012,0.00011579950486846631
ISIC_0024956,nv,nv,0.037717849677955634,0.006838250792158052,0.005913930710817701,0.01767415856261994,0.025188645957739852,0.9000644648967562,0.006602699401952648
ISIC_0029467,nv,nv,0.003128485189894821,0.0016269857570269668,0.0014986152896007414,0.002808361509556552,0.005110107976125509,0.9848078911758819,0.001019553101913559
ISIC_0031587,nv,nv,0.00027770335622911383,0.0007762777762181964,0.0005159584837264735,0.001439632641995746,0.0002895304768919274,0.9954552692228532,0.0012456280420853672
ISIC_0030103,nv,nv,0.0027138565277933686,0.0021055388037644887,0.00915345759352713,0.0008666609284157924,0.01751031621132137,0.9645480688909784,0.0031021010441993745
ISIC_0028661,nv,nv,0.0002682142256201037,0.00010077559082474779,0.0006705613006266269,0.00022095757496611097,0.0008554356837242682,0.9974810125678863,0.00040304305635183066
ISIC_0028483,nv,nv,0.0015527253347503826,0.002109138879082106,0.009398564531456913,0.0006104539157064357,0.0012990884105167646,0.9837002235251662,0.0013298054033212654
ISIC_0024532,nv,nv,0.038193820651711244,0.001196928903152142,0.0022540428018245438,0.0075505278613295845,0.0009527494732434535,0.9489403391219821,0.0009115911867569753
ISIC_0029710,nv,nv,0.0034144884977166863,0.0023690223826889206,0.006985209017968635,0.003299202329670849,0.009829863379297366,0.970790848500448,0.003311365892209568
ISIC_0032038,nv,nv,0.0004902306601029983,0.00023378647138148047,0.00012034559097584996,0.0004593097773696082,0.00012370894141855318,0.9982926081517419,0.0002800104070095384
ISIC_0024895,nv,nv,0.00043938720304067316,0.0006232729835574714,0.002715394766720051,0.0004882733890442065,0.0003467597159155327,0.9942843516270025,0.0011025603147195903
ISIC_0031553,nv,nv,0.0031548208338136458,0.003371247206137957,0.006312225638723817,0.0016681427382876377,0.0017494183973074439,0.9825765837418309,0.0011675614438985964
ISIC_0028942,nv,nv,0.00033628233965816117,8.668718763140121e-05,8.603796358047407e-05,0.0002070740099139431,0.00027279368310179194,0.9984923567510203,0.0005187680650939446
ISIC_0028391,nv,nv,0.0007077013874617388,0.002862050118222039,0.0015359699246340955,0.002307787947609878,0.0042817448981070086,0.9863403973814823,0.001964348342482937
ISIC_0029086,nv,nv,3.9701513000177194e-05,3.537912294021721e-05,2.7814675159294037e-05,0.0003010689911884746,3.7855597195436395e-05,0.9993883563738967,0.00016982372661975855
ISIC_0027543,nv,nv,0.0004253415868338332,0.00016336035191228133,0.0001378573837336122,0.00028836154550059326,0.00019429691569540605,0.9986343052399976,0.0001564769763266723
ISIC_0030987,nv,nv,0.0044904727380461985,0.001987918534924054,0.0010143847742633632,0.002027428028247628,0.0018510416921593117,0.9871867122701187,0.0014420419622408216
ISIC_0030527,nv,nv,0.0005284754115037613,0.0005450880912320537,0.0015749088302809142,0.0004986019574735873,0.0005213271447640156,0.9954327470415314,0.0008988515232142507
ISIC_0024460,nv,nv,0.00032243501526408957,0.0006805824990582606,0.00024617242487529897,0.0005939455968719729,0.0019247656409235301,0.995150025979457,0.0010820728435497874
ISIC_0026602,nv,nv,0.00023188203331170204,9.856726107719602e-05,0.0001828239955207331,0.00018833777546176106,0.0004469259683833507,0.9986702165277164,0.0001812464385289251
ISIC_0027296,nv,nv,0.0003572227238449162,0.0006205623206295169,0.0002562776579739289,0.0010479620944709848,0.005299192683631442,0.9914162114713616,0.0010025710480875566
ISIC_0026771,nv,nv,0.003639545342269561,0.0014956701791669705,0.002334578882776796,0.0028041498851734993,0.014029472001849135,0.9675757836070449,0.00812080010171921
ISIC_0024536,nv,nv,0.0026327485611698834,0.002711625281009346,0.0016784171773113767,0.004222154015605578,0.010962846723969223,0.9756084015228798,0.002183806718054835
ISIC_0029478,nv,nv,7.183608034908235e-05,2.5573673088982863e-05,1.739140140325082e-05,6.434241451877968e-05,0.00011358879458506822,0.9996614370269172,4.583060913764421e-05
ISIC_0026724,nv,nv,4.6333974008159756e-05,3.156601977718576e-05,0.0002132330942923689,0.0001382508560858746,0.0002148229343041609,0.9990140424921318,0.00034175062940053244
ISIC_0030199,nv,nv,0.0005529069033141849,0.0003736586098275616,0.0005372135888615458,0.0008181425471408192,0.0009495740716783725,0.9961072011597367,0.0006613031194407566
ISIC_0026392,nv,nv,9.963071669876013e-05,0.00018240386349739358,4.784260083083277e-05,0.0006848476833103978,0.00022859049299726736,0.9983203576540268,0.0004363269886384765
ISIC_0029365,nv,nv,0.0011512403988936286,0.0019697528729518353,0.0044056354638610734,0.0008839874025504948,0.0006304462354950239,0.9896816379699155,0.0012772996563324454
ISIC_0030147,nv,nv,0.00026944599949882457,0.00018424897234800444,0.00019796585604225299,0.0005877706261703762,0.0005980470302455183,0.9977694577396092,0.0003930637760857478
ISIC_0025728,nv,nv,0.00029726754836895624,0.00021590415069382528,0.0001273791214230547,0.0005013874755190609,0.00022019520397843247,0.9983025174953117,0.0003353490047049378
ISIC_0026066,nv,nv,0.0003369149056749576,0.0004940092690217799,0.00019399353613767082,0.001681418711642118,0.000924624021059034,0.9949195524830559,0.0014494870734086118
ISIC_0024645,nv,nv,0.0005819505816592732,0.001004758057217261,0.0004528074842626186,0.004724170815284068,0.029384303871422743,0.9587628806452742,0.005089128544879928
ISIC_0030624,nv,nv,0.0001260537926643563,8.953818984817084e-05,3.331880257537532e-05,6.986674138220034e-05,7.752349394470213e-05,0.999527809232493,7.588974709225699e-05
ISIC_0028161,nv,nv,0.0030766552224593497,0.0015023259954938836,0.004316515841432319,0.00229998435846668,0.0011713622020726453,0.9854872291581614,0.002145927221913702
ISIC_0032503,nv,nv,0.0050536779015428555,0.0021692995143244654,0.00398810786714174,0.007070246069955691,0.001969796943691081,0.9773357979012615,0.0024130738020827127
ISIC_0025762,nv,nv,0.00041974652376677217,6.93305983258608e-05,0.00019427926219362993,0.00014174647601404927,0.0002375722964619226,0.9988323727772868,0.00010495206595096788
ISIC_0025721,nv,nv,0.00023047024061558085,0.000502053599323886,6.241901523593473e-05,0.0023181154326161716,0.0004916647211455155,0.9959469389214167,0.00044833806964620363
ISIC_0026418,nv,nv,0.0016454331727273795,0.0009199442709119952,0.0019063781286214635,0.0013097567391533813,0.001953726707287481,0.9910990782978825,0.0011656826834158846
ISIC_0028634,nv,nv,0.00010472859972905445,7.330833627426964e-05,5.0314676040031e-05,7.931235944858527e-05,0.0002390558011354209,0.9993043988345411,0.00014888139283146233
ISIC_0027611,nv,bcc,0.01080489165479397,0.5276445435481962,0.0033433116841738767,0.08697983943342422,0.0032039901725037997,0.35614000716620375,0.011883416340704223
ISIC_0024613,nv,nv,0.0003657772290436367,0.00018105746998024698,0.00015262198308100435,0.00022681594682371964,5.334943782795994e-05,0.9988648951671747,0.00015548276606872934
ISIC_0026667,nv,nv,0.0031268781306346516,0.0012302853377288137,0.0021865616183077835,0.0009782051536548577,0.0017363678707530948,0.9900623606176786,0.0006793412712422335
ISIC_0030895,nv,nv,0.03772090959206931,0.0035448090190634625,0.0031317428164337672,0.021395534151501326,0.0010666954849841473,0.9283232962300892,0.004817012705858746
ISIC_0031264,nv,nv,0.0021216475380662725,0.001256712997370906,0.00029159355340465417,0.0015743207635763588,0.0027076686552184575,0.9913721910972808,0.0006758653950825546
ISIC_0028996,nv,nv,0.00451552729437196,0.0017025685990528466,0.0022125073990276337,0.00733119811552739,0.00154111893797078,0.9799565668312571,0.002740512822792312
ISIC_0029586,nv,nv,0.0011623709621469756,0.0022710550949263317,0.002498209010592791,0.004498058249740085,0.0013926612103874472,0.9852139872960025,0.00296365817620389
ISIC_0027059,nv,nv,0.002181487686672725,0.001315217439604723,0.0010066076765213722,0.0019450984571815699,0.0007052866507441493,0.991575491373859,0.0012708107154164614
ISIC_0027483,nv,nv,0.0003376262174036024,0.0005747873083827158,0.0003046864105992737,0.000892516884416961,0.00014593503984217595,0.9961085151294287,0.0016359330099265986
ISIC_0030169,nv,nv,0.00014718257465946307,0.00029338177281158074,0.0009172098320576062,0.00044457019100717674,0.0007559056736502936,0.9971058945680815,0.00033585538773232745
ISIC_0028485,nv,nv,0.0011831218543319466,0.0006598500599018808,0.0024972848020838488,0.0007278878727094194,0.0015046881011612989,0.9924440944230783,0.000983072886733311
ISIC_0027459,nv,nv,0.001421756122513617,0.0019462854218210946,0.0027171386086020113,0.0023596452531584777,0.020995327564784793,0.966948182169977,0.0036116648591429774
ISIC_0028206,nv,nv,0.0011751868979400332,0.0008842789633713908,0.0012201995023246564,0.0038422204696902415,0.0006133426901594904,0.9905957441588409,0.001669027317673297
ISIC_0024783,nv,nv,0.0028282693754026027,0.00167479083320105,0.002579035670121306,0.0034603984309042016,0.0013521144698080431,0.98554846544541,0.0025569257751528124
ISIC_0029754,nv,nv,0.001111300399011621,0.00024297679721417136,0.0001402285540122468,0.0005765844791553218,0.00036020181529251583,0.9971268705096196,0.0004418374456945309
ISIC_0029692,nv,nv,6.466804250413732e-05,5.25953921036959e-05,1.8579429069904016e-05,6.919417977907538e-05,0.00030518020606239046,0.9993563319886736,0.0001334507618072643
ISIC_0032167,nv,nv,0.009637655825264149,0.00868870227610464,0.001509159232735257,0.0027026294917185468,0.012133702624450415,0.9641473213806938,0.0011808291690331635
ISIC_0024724,nv,nv,0.00041316489117688873,0.000524213507138946,0.0003700325413286909,0.000320781316956569,0.00018368386272355112,0.9976599547695271,0.0005281691111482551
ISIC_0030577,nv,nv,0.0004439076415209485,0.00048370928883675554,0.00010211045418988459,0.0015762059614468978,0.010751872740076105,0.9861993739748288,0.0004428199391006277
ISIC_0027555,nv,nv,0.0016105979783818708,0.0011301696654260533,0.0008228591481396118,0.0013375996728689592,0.013139032345477428,0.9797773662637723,0.0021823749259337172
ISIC_0031538,nv,nv,0.0008544991980532122,0.0009856949801160197,0.0004998317457261262,0.0011144672928391434,0.0016756441965501089,0.993900092355867,0.0009697702308483908
ISIC_0030288,nv,nv,0.004945682608898857,0.0015911628822290653,0.00038697968281552544,0.0015833027001064773,0.001069351538282275,0.9896494386070672,0.0007740819806006258
ISIC_0025495,nv,nv,8.757779739318057e-05,0.0004711521856764039,9.852405597564885e-05,0.00012914406852047107,0.00045690933241661515,0.9986902134294365,6.647913058110818e-05
ISIC_0027521,nv,nv,0.0004746440386320549,0.0005084895875768484,0.0013510989848993598,0.0010125633664219542,0.0009710914056664154,0.9951583887917284,0.0005237238250750026
ISIC_0030438,nv,nv,0.2583869466924874,0.010500283647042061,0.008422364903371624,0.018944644820148134,0.015464552471825505,0.6742212686989202,0.014059938766205116
ISIC_0030043,nv,nv,0.001754204353344406,0.0012293353537875765,0.0019658779107891585,0.010430469990657023,0.001534280046915867,0.9803431230583951,0.0027427092861109057
ISIC_0026662,nv,nv,0.000971028968381549,0.0003572860493795879,0.00131166658555542,0.004221795706375022,0.00056162593564053,0.9914564806820129,0.0011201160726550044
ISIC_0026088,nv,nv,7.781462067050177e-05,0.0007899352397832375,0.00021133240036013562,0.0007101519813592455,7.460710947978362e-05,0.9974913771622834,0.0006447814860636304
ISIC_0032127,nv,nv,0.008715891314301618,0.002364185630309742,0.004188656411137373,0.0020397648271558767,0.0020322520388733395,0.9786419404015013,0.0020173093767207823
ISIC_0029136,nv,nv,0.012548443699037915,0.0023987542459904345,0.00874866727061386,0.0030042803965524482,0.0027260911258228044,0.9688229655742162,0.0017507976877663754
ISIC_0025750,nv,nv,0.004415901861375112,0.003949481237319017,0.0007879884142652065,0.0053933173904719195,0.002074204783454711,0.9811574081857677,0.002221698127346338
ISIC_0030506,nv,nv,0.00079157678265733,0.0008915469671228575,0.00026206506073598896,0.0015582344154318846,0.0013594708538949205,0.9931591939708887,0.0019779119492682887
ISIC_0029131,nv,nv,9.116774446762407e-05,0.00014147466072039901,0.00018470813217963468,0.00016155130812618636,0.0002987207792712026,0.9988620865727598,0.00026029080247523854
ISIC_0027618,nv,nv,0.0010729757076945521,0.0006199349035208837,0.0015633227169979628,0.0009966419488431474,0.0008066040562961122,0.9940753364395379,0.0008651842271093732
ISIC_0024591,nv,nv,0.00011578774237442655,0.00012046703766924832,0.0001474040713066941,0.00018215962769367464,0.0002713838143135325,0.9987437066756423,0.0004190910310001242
ISIC_0026160,nv,nv,0.012585161450422282,0.004214117742215842,0.009017710609646686,0.00789110640503411,0.004542465046760558,0.9536018978287891,0.008147540917131442
ISIC_0030716,nv,nv,0.00695996450433785,0.004529322955431771,0.01058959452650456,0.004061792836230894,0.011889184398129523,0.9535273789463685,0.00844276183299684
ISIC_0027743,nv,nv,0.00025971092634047326,0.0002901124291916433,9.163064830995498e-05,0.00034846485099924974,0.0026644488235565587,0.9960846404539735,0.00026099186762867005
ISIC_0024558,nv,nv,0.000509146563989385,0.00012113489584605062,6.605568033522107e-05,0.0036849612132447704,0.0030574368623064027,0.9923288749291141,0.0002323898551640546
ISIC_0025111,nv,nv,0.003783914581926816,0.005227269280724628,0.0071367503238667284,0.003623453285678468,0.0009480234630321044,0.9771422700367393,0.002138319028031957
ISIC_0024633,nv,nv,0.0003578542491259334,0.0002943672894262797,0.00036600980629095483,0.0032323953270167786,0.0016114961803254731,0.9917263091728613,0.0024115679749533007
ISIC_0031842,nv,nv,0.00035361066860887716,0.00043427296374253926,0.00043754989031175983,0.0005117335333785711,0.00032554631263656916,0.9973708928954261,0.0005663937358955601
ISIC_0029853,nv,nv,0.00011454319676803877,0.00011696349145308717,0.00012225897320195932,0.00016505184724206079,0.000130815929151471,0.999094947163903,0.0002554193982803663
ISIC_0027015,nv,nv,0.003166826094364744,0.005652264614300791,0.006156698658080181,0.003447327723087,0.002688923536379527,0.9698233897683,0.009064569605487755
ISIC_0031684,nv,nv,0.001979544462921775,0.0012259830940818499,0.0004083455141209293,0.0016831763414664992,0.0028136195120678207,0.9913765166232633,0.0005128144520778317
ISIC_0024889,nv,nv,0.001827819986856657,0.0005743238836252354,0.0013961926799717023,0.0011087288648513615,0.00043870119090297745,0.9937503090549378,0.0009039243388543441
ISIC_0028672,nv,nv,0.001762618615154483,0.001087588300199483,0.0010172553791385338,0.005328098202953998,0.005275587023053497,0.9831268278470657,0.002402024632434234
ISIC_0024438,nv,nv,7.02154056499162e-05,0.00021341986276670884,4.745210203986526e-05,9.494306843161362e-05,5.128195944311938e-05,0.9993768225918053,0.00014586500986352288
ISIC_0026077,nv,nv,0.00020884274455536383,0.002465814839842299,0.0002914459940493957,0.0004650704433849749,0.0001796899324194389,0.9957294592932733,0.0006596767524752861
ISIC_0031300,nv,nv,0.00048067599233126026,0.00023814216230475522,0.0010172658786076888,0.0007072689953733783,0.0004121735149736332,0.9967104475937192,0.0004340258626901386
ISIC_0026434,nv,nv,0.00010168199595963229,0.00021269211072429486,0.00013068223179292537,6.578770341687051e-05,6.216880490857093e-05,0.9993022724254692,0.00012471472772844678
ISIC_0031780,nv,nv,0.004599057709503064,0.0025642954676071816,0.0006744114683718933,0.001479431247687374,0.0009698907256798368,0.9890543668254724,0.0006585465556782541
ISIC_0029616,nv,nv,0.01543455831737836,0.009701796631320064,0.006543989936544859,0.009869849128980885,0.01149132871932861,0.8760730902789624,0.0708853869874848
ISIC_0028624,nv,nv,0.00010615060834769899,8.029044699122174e-05,0.00012594280812117386,0.00013913674294282276,0.00020982516516522665,0.9992612724876873,7.738174074455411e-05
ISIC_0026899,nv,nv,0.00010773632782081318,8.259990652718588e-05,2.3012708809180057e-05,0.0002080405035580332,0.00020474039662740398,0.9993292679941209,4.460216253647961e-05
ISIC_0028892,nv,nv,0.00023403251377414805,0.0002404518440606369,0.00025633354222564223,0.0013756050577592778,0.0002195325321884881,0.9965231438489682,0.0011509006610235688
ISIC_0027050,nv,nv,0.012152631034369733,0.0031779586900101764,0.004424277602887254,0.004364820837899439,0.007425602197491824,0.9625184741665238,0.005936235470817777
ISIC_0025270,nv,nv,0.03246464652520251,0.01588897654605833,0.018802824819056787,0.010200639934343768,0.010251848934168594,0.8971927737734018,0.015198289467768182
ISIC_0029506,nv,nv,0.02031764961545859,0.006856970373055864,0.004828015687385951,0.004296931042208709,0.029455099620046825,0.9247544128898455,0.009490920771998585
ISIC_0028189,nv,nv,0.0005945214724137248,0.0005252204041425064,0.0006729665369303644,0.0006621028050154384,0.0011076042995363557,0.9960639420958035,0.0003736423861580568
ISIC_0028708,nv,nv,0.0005942745089536215,0.0005695100470538921,0.0010066610259624814,0.0005526531805736793,0.0009455803305285585,0.995650159594098,0.0006811613128297678
ISIC_0024354,nv,nv,0.004609638011339172,0.007503130790231705,0.0038094710580168526,0.0013768754407706837,0.0007936492464066713,0.9800948155966867,0.0018124198565482477
ISIC_0027342,nv,nv,0.00028365620417117484,0.00016595043383196143,0.00018505205553530566,0.0002826046167997533,0.0005113594192448772,0.9984033595346488,0.00016801773576820357
ISIC_0032295,nv,nv,0.0017947231364587946,0.004649988787792608,0.005187926407638887,0.003852321399803154,0.01022335569466137,0.958329226255502,0.015962458318143243
ISIC_0030012,nv,nv,0.01936820190213813,0.011586534990048736,0.02165110940451568,0.00405261278819806,0.006867288241062567,0.93155824395594,0.004916008718096864
ISIC_0027761,nv,nv,0.028046607025357044,0.006388467913910419,0.004267623075535485,0.005761369105049718,0.04379454711903203,0.9036511892263844,0.00809019653473086
ISIC_0024339,nv,nv,0.001613134800393757,0.0016192047722273163,0.001832853414960223,0.0011591371733332598,0.003029854816666391,0.9890133623703162,0.0017324526521028136
ISIC_0024627,nv,nv,0.0009817030798912544,0.0009255686767510408,0.007344123479078798,0.0009626232047516255,0.001317764345234239,0.9862102866501262,0.0022579305641667866
ISIC_0030152,nv,nv,0.0004992528044514772,0.0006629005958682839,0.002284841137765542,0.000606367216441464,0.0008387005679407932,0.9942671578665745,0.0008407798109579195
ISIC_0028867,nv,nv,0.006019912521907578,0.0010271148694359182,0.002976877432465362,0.0067000215729148835,0.002300167638601282,0.9796598604519342,0.0013160455127407557
ISIC_0031607,nv,nv,0.0005330696229004394,0.0004517145352400721,0.0006236984504040304,0.002627920361609303,0.0005751932695488757,0.9937432918064081,0.0014451119538891636
ISIC_0026616,nv,nv,0.0020269433245230207,0.0011472294780713844,0.0040960752505394896,0.002046932653294894,0.0008504754377561706,0.9862379046527926,0.0035944392030224583
ISIC_0026459,nv,nv,0.0009748033620191889,0.0021002763385925866,0.0006007386550597941,0.0048741221613185365,0.001846537255139704,0.9862581630512168,0.0033453591766534232
ISIC_0024384,nv,nv,0.0023749564119317727,0.0015493776305788671,0.0021940391217698803,0.001708573717705599,0.0011105096110178448,0.9890431541792734,0.0020193893277227165
ISIC_0029275,nv,nv,0.0035272448033555116,0.001165935705240029,0.001333214750379659,0.01018821472126026,0.001851509187886252,0.9801755914394026,0.0017582893924757415
ISIC_0026332,nv,nv,0.005401988600130312,0.002523414171951841,0.0036281024212498347,0.001498214773427691,0.006339809388110599,0.9785245503882568,0.002083920256872893
ISIC_0024600,nv,nv,0.01803794433556816,0.0017841837384931086,0.002412646060996762,0.022713054363764223,0.003864254417024296,0.9482807495636938,0.0029071675204596467
ISIC_0030078,nv,nv,0.029797360189488094,0.00951246104393058,0.015133709951331212,0.0028426882038772817,0.004141788822002637,0.9349320104196733,0.00363998136969681
ISIC_0029957,nv,nv,0.028577761949036017,0.010516095378553018,0.01425128630980337,0.015822958749776277,0.005084384954075462,0.9123847920344667,0.013362720624289148
ISIC_0028273,nv,nv,0.003997961050213841,0.005904819600947677,0.0003159380059926323,0.002069162930435778,0.011980880006123205,0.9728514916665101,0.0028797467397767497
ISIC_0027864,nv,nv,0.010988629270904432,0.003528818693234335,0.012229735290697156,0.008800841835803713,0.002675710160964492,0.9567843428574176,0.0049919218909782416
ISIC_0027292,nv,nv,0.003099531050499656,0.0028606955828132637,0.002455204759945516,0.0015796243039770531,0.004446369775046224,0.9832495671742498,0.002309007353468441
ISIC_0025269,nv,nv,0.0001417289745243427,1.4374129885624508e-05,7.391566519774862e-05,0.0002565492403254805,6.729135235355668e-05,0.9994056119803578,4.05286573554468e-05
ISIC_0031397,nv,nv,0.0010714894627444473,0.00046170857817551427,0.00022910949419272636,0.0081793391709294,0.0016649481547138226,0.9879518228847722,0.0004415822544718189
ISIC_0028171,nv,nv,0.0005684079826221548,0.0003805861695342737,0.00028627764039235843,0.0004709050659268695,0.009562301585093821,0.9878666881452015,0.000864833411228986
ISIC_0030001,nv,nv,0.0018911339984331458,0.0005141462962515746,0.0004155337880311248,0.0005994577422273087,0.0044441250531782606,0.9914931100031722,0.0006424931187063926
ISIC_0029535,nv,nv,0.002936481328772836,0.0023791523340159246,0.0021979151488199554,0.0025279495526095053,0.00040208593857445925,0.9883402250846984,0.0012161906125089286
ISIC_0025582,nv,nv,0.003841005013036809,0.0028927905830695108,0.0012856978745294893,0.0015027480454742226,0.008120910914316666,0.9808944774774653,0.0014623700921080798
ISIC_0029078,nv,nv,0.005176341831262014,0.004072471309465755,0.016290875139908536,0.005240403681813761,0.003535309686968543,0.962087883718504,0.003596714632077469
ISIC_0031983,nv,nv,0.02432042234008376,0.0042080762437460804,0.017015764691108458,0.0384572834985093,0.00268476983160494,0.908106966445718,0.0052067169492294755
ISIC_0027830,nv,nv,0.0018909744383134234,0.0013738280145164207,0.0009258299952810732,0.002284806140125025,0.001931682974588582,0.9889206988365675,0.0026721796006079746
ISIC_0026450,nv,nv,1.2569063193589068e-05,1.8723061370960604e-05,9.828044633576985e-06,0.00018722321021672495,3.200949648451538e-05,0.9996772250861363,6.242203796431943e-05
ISIC_0024817,nv,nv,0.0004058108546430752,0.0012992402643480798,0.00063131846241959,0.0006645689549420151,0.00045420963446390244,0.9960261853804306,0.0005186664487526954
ISIC_0031109,nv,nv,0.003955282591198406,0.0015436307811646354,0.0010833479739349111,0.025856148659281864,0.00569891342632821,0.9577117321911249,0.004150944376967
ISIC_0031307,nv,nv,0.03386558266232071,0.0046521297891895155,0.0016382914553329242,0.004934304538397541,0.048550763706718354,0.9008078895900004,0.005551038258040646
ISIC_0030472,nv,nv,0.005751137208986865,0.0022613954792343677,0.0026781453763336928,0.004572754285373301,0.1061561900551115,0.8733187456276672,0.005261631967293135
ISIC_0026563,nv,nv,0.0031331776554637788,0.00018624539954935273,0.00019288971208043681,0.0019537794640541568,0.002167715907458011,0.9921577340233092,0.00020845783808504196
ISIC_0025757,nv,nv,0.0011203230617612859,0.0009608849876091162,0.016363764585548127,0.0010478732442232178,0.009827153095139781,0.963787395543749,0.006892605481969373
ISIC_0025037,nv,nv,0.00022615474568312192,0.0005082133542398798,0.0002068678413195652,0.0005203097074223326,0.000856400087342802,0.9971868836190572,0.0004951706449351155
ISIC_0031439,nv,nv,0.031596626004987236,0.017108897193087325,0.15828019515273234,0.02109061991355406,0.047600510443951645,0.7001255997440085,0.02419755154767893
ISIC_0032488,nv,nv,0.0003455744627225768,0.00030875435934603037,0.0003188546108859876,0.0003455744627225768,0.0002641592670243512,0.9977624727529089,0.0006546100843896329
ISIC_0027977,nv,nv,0.0011230839302299334,0.00045828375244962244,0.0008976205185506201,0.005152559718730495,0.003012592041930905,0.987934936419041,0.0014209236190674934
ISIC_0030634,nv,nv,0.0014965542326174626,0.00036969438784811127,0.0019543046260757707,0.0020780434358346938,0.00493911135875481,0.9880446310650285,0.0011176608938406718
ISIC_0025538,nv,nv,0.000860004749497774,0.0008482335200003156,0.0005673479942186611,0.0017390103638631838,0.008451363992908963,0.9853768284117288,0.0021572109677823136
ISIC_0030719,nv,nv,0.049496253178906754,0.07790238785079848,0.0035173961537073688,0.006927138118780583,0.026669438306996834,0.8319786322780948,0.00350875411271529
ISIC_0026472,nv,nv,0.002223940717909949,0.0010853884892189022,0.002373534010746602,0.0007587313171780798,0.0016201978738947134,0.9908595920268788,0.0010786155641729657
ISIC_0032012,nv,nv,0.013040695261410407,0.004042730883018177,0.002266138946100788,0.001981821736478561,0.0013106946571325505,0.975937795789196,0.0014201227266634634
ISIC_0031717,nv,nv,0.003156262849305864,0.006668555188679562,0.0009864593107560265,0.0017349473505054863,0.0031130960078630705,0.9817958575542246,0.0025448217386653616
ISIC_0026307,nv,nv,0.005166019233183981,0.0009599240056717706,0.0004961612201693078,0.0031510975375823474,0.004318928279880203,0.9846521089732425,0.0012557607502699131
ISIC_0024483,nv,nv,0.000601723117740367,0.0005190874317377834,0.0010960421965393627,0.0009314224893500851,0.00048454845643151456,0.9955874506571589,0.000779725651042015
ISIC_0031879,nv,nv,0.0025149483541161643,0.0011661851839425232,0.0004929287196414477,0.0005279800916278138,0.0020794783568623054,0.9927433608387359,0.000475118455073801
ISIC_0027845,nv,nv,0.0013324920607230954,0.00026419227751142205,3.077458684805399e-05,0.000766356822349558,0.0019526499768914107,0.9952806655206509,0.00037286875502560567
ISIC_0028251,nv,nv,0.001572366180246352,0.0010662848576264237,0.0028654456782574744,0.005029290776944812,0.005538661256078124,0.9824173789378025,0.0015105723130443413
ISIC_0028940,nv,nv,0.004025125823285496,0.004146519325094087,0.0016384241609202722,0.009146584135214056,0.0009156266566511663,0.9770394399266531,0.0030882799721818495
ISIC_0028799,nv,nv,4.892679343015644e-05,0.0005723876540450314,1.1282096851511492e-05,0.00017458142450944405,0.00037099383112962976,0.9986483142826901,0.00017351391734413713
ISIC_0032435,nv,nv,0.0009695251067723205,0.0003028488226938992,0.000471552730634138,0.0014856590348226288,0.005286786072756232,0.9911121789055881,0.0003714493267326701
ISIC_0031246,nv,nv,0.00018814292319387774,5.9543020981131304e-05,6.66443847134636e-05,0.000312772538781112,0.0006628975995664069,0.9985089496674131,0.00020104986535094514
ISIC_0024325,nv,nv,0.0018480046307175395,0.0006798540048141515,0.0011051375459807044,0.0013306913633476189,0.002510230632442961,0.991646939842367,0.0008791419803300471
ISIC_0029987,nv,nv,0.0026392486295151074,0.0012081615143772055,0.00046407465595098334,0.0023691861864701858,0.007022205643286613,0.9840469079392156,0.002250215431184302
ISIC_0025464,nv,nv,0.0020142592596178767,0.0013544520681513157,0.001259590097261801,0.00622669661598118,0.0020835079700565204,0.9833182761435161,0.0037432178454152552
ISIC_0031265,nv,nv,0.00031447013494552553,0.00011784778039621465,0.0008696264118841544,0.00023756990560989987,0.0005461972102954414,0.9976638929716962,0.00025039558517249996
ISIC_0030563,nv,nv,0.004815622950536357,0.0018816542843320817,0.0011675579350842397,0.002454270802092171,0.014372671181507457,0.9731246110221033,0.002183611824344321
ISIC_0031047,nv,nv,0.0026819272281212478,0.0014720995686911427,0.0034402752535394525,0.0015179436893344844,0.00739190715599679,0.9817285262442955,0.0017673208600213302
ISIC_0025532,nv,nv,0.0032552935730322577,0.0041084057573132745,0.0074064026333199385,0.004959069022744657,0.012936909353481605,0.9608944534446793,0.006439466215429012
ISIC_0029134,nv,nv,9.321503016650344e-05,0.00012760489614815503,6.507185137841564e-05,0.00022851715533746557,4.2150548709245095e-05,0.9992250632364227,0.0002183772818375846
ISIC_0032147,nv,nv,0.0017104143933548244,0.000851119617115941,0.0009302358032369292,0.0006692692898042121,0.0005309052738221094,0.9943189693911421,0.0009890862315238874
ISIC_0026495,nv,nv,0.00017363044462284283,0.00014901910451218275,9.397274620351914e-05,0.00017648164894778817,4.849545781452965e-05,0.9990044325747086,0.00035396802319048325
ISIC_0032323,nv,nv,8.028080555473083e-05,6.37465420935059e-05,6.728173470878023e-05,7.08389716674604e-05,0.0012411388835272248,0.9982760033281223,0.0002007097343259746
ISIC_0025739,nv,nv,0.0003880477834130465,0.0004752958779783116,0.003196994072723078,0.00123075979541538,0.0005785280061598235,0.9926000747615648,0.001530299702745656
ISIC_0025460,nv,nv,0.00027756767137648055,0.00015024971241856924,5.0652342710549205e-05,0.00017608516160740037,0.0005713889921912927,0.9986138825167765,0.00016017360291920176
ISIC_0026939,nv,nv,0.0005965837106670289,0.0009358083702057142,0.00038691377556166346,0.0006963003591662983,0.0010527614023142953,0.9958984943979657,0.0004331379841192204
ISIC_0027340,nv,nv,0.15611602713849088,0.016285596231441702,0.0031650232732640675,0.005341238781548921,0.006574997361208627,0.8088436448625277,0.003673472351518082
ISIC_0030062,nv,nv,6.247578199175316e-05,7.123696152061987e-05,3.583397366867512e-05,0.00020153646125780115,2.2386074951919578e-05,0.9995481674902474,5.836325636184046e-05
ISIC_0030680,nv,nv,0.001588619433716107,0.004224586836412794,0.007163137174905148,0.0014822108820836757,0.019235426655126397,0.9615187306344023,0.004787288383353607
ISIC_0030439,nv,nv,0.00028261338630980687,0.0001421616043849863,0.00010457756537686036,0.0007618536817021619,0.0024828431927509135,0.9959651888880975,0.00026076168137782854
ISIC_0031341,nv,nv,0.00012558209383248644,0.00010327016157350236,8.576762850934909e-05,0.0002151874684540376,0.0009524347164449175,0.9982345006113982,0.000283257319787484
ISIC_0027891,nv,nv,0.0020743006034928567,0.001562781418219545,0.002241856333864143,0.0013770225101923704,0.0026733640988354044,0.9887394560385655,0.001331218996830163
ISIC_0030568,nv,nv,0.0013336809748532086,0.0009085989415050901,0.0012866467744358436,0.001417092191560906,0.028793602529632062,0.964750925585342,0.001509453002670903
ISIC_0026863,nv,nv,0.020984830155137153,0.1292119701333458,0.05769720660095894,0.021276044343581463,0.004338996891980654,0.6927453109814604,0.07374564089353554
ISIC_0029116,nv,nv,0.014044671908022454,0.002725531395187314,0.0010901541659772388,0.005201902375846035,0.001729039826539925,0.973401378796742,0.0018073215316849428
ISIC_0025334,nv,nv,0.005036910029267265,0.0030419415948284706,0.0011798672593922972,0.0030985858213710676,0.007993709491434386,0.9761534555350169,0.0034955302686896185
ISIC_0026019,nv,nv,4.537073718991042e-05,5.712365262754423e-05,6.282563439698249e-05,9.749319940799795e-05,8.090280340980645e-05,0.9995918654432588,6.441852970894292e-05
ISIC_0027817,nv,nv,6.0889817489228376e-05,0.00016710505692450712,0.0001289975610026891,0.0002538948624418738,3.691363409628477e-05,0.999039816370336,0.00031238269770938977
ISIC_0028162,nv,nv,0.0014176094176617231,0.0010185844447277365,0.0031542462313935986,0.001622420153513439,0.00036227400128824365,0.9905238490126602,0.0019010167387550887
ISIC_0030749,nv,nv,0.00027652833822451177,0.0005113220773426079,0.0002918223562203891,0.0005567573142817007,0.0010994232106848036,0.9967850509205374,0.0004790957827086148
ISIC_0031509,nv,nv,4.5827542746384714e-05,4.146014536741814e-05,9.749346001129653e-05,3.836380414621606e-05,0.0001316626601167297,0.9995945373930853,5.0654994526582046e-05
ISIC_0027413,nv,nv,8.019782880873382e-05,0.00015334684880223442,4.0125450793586094e-05,0.00016529502517644118,0.00010383413907445141,0.9993369998743946,0.00012020083294998719
ISIC_0026294,nv,nv,5.729151544043907e-05,8.631002111688966e-05,4.272292930012235e-05,0.00010405199016394722,4.823400437065819e-05,0.9995849410428265,7.644849678147599e-05
ISIC_0030029,nv,nv,0.00045433174601549795,0.00040639231426421165,9.476890600336447e-05,0.0004167044024990774,0.0004904164686442902,0.9974205225136402,0.000716863648933351
ISIC_0029796,nv,nv,0.0012550380661096564,0.0010488028116515233,0.0009629287822638385,0.0011579983032870135,0.008362643597854142,0.9863805405274427,0.0008320479113910912
ISIC_0026640,nv,nv,0.006860374319830531,0.002488804624964274,0.002608690226831648,0.005669511394351955,0.13810618238625152,0.8376643713014625,0.006602065746307505
ISIC_0028522,nv,nv,0.002378559297765778,0.002895626091417208,0.0005395895509738926,0.03475563524983093,0.0026691562165037973,0.9466062182153755,0.010155215378132847
ISIC_0025880,nv,nv,0.00011706744729930402,7.77143091556527e-05,9.573413016733259e-05,0.00035267064461877033,0.0014987735878384343,0.9976797338978941,0.00017830598302641005
ISIC_0027551,nv,nv,0.000554012003230425,0.0006914383360631665,0.0018062114467260904,0.0014932301789962834,0.001483912354079434,0.9931125521119047,0.0008586435689998458
ISIC_0031458,nv,nv,0.0012970337313319969,0.0011229909784138353,0.0022229381232755467,0.0008817777253486731,0.0015652036591363655,0.9915135106637699,0.0013965451187236172
ISIC_0025690,nv,nv,0.0004954073753562568,0.0005448580310862042,0.0002806236635453624,0.00036001439596551724,0.0010382143862693093,0.9964644927443377,0.0008163894034397205
ISIC_0027581,nv,nv,0.00016373467471219878,0.0001763604708947139,0.0005464729331909359,0.00021446387215815388,6.917001583441119e-05,0.9985797485080102,0.00025004952519938796
ISIC_0024840,nv,nv,0.0001670219633589021,9.832140286707157e-05,4.620249503036037e-05,0.00021001181449256244,0.0006019182649020663,0.9986489133561905,0.0002276107031584864
ISIC_0029890,nv,nv,0.0015123577458411206,0.002060380985357001,0.00028114255192929807,0.000891691585449619,0.0010106116811198875,0.9933203127795392,0.0009235026707637921
ISIC_0030259,nv,nv,0.00034893865799602125,0.00014712963448177828,0.00046896387439239,0.0004615446990576119,0.00023421172578832783,0.998080532775594,0.0002586786326898233
ISIC_0025995,nv,nv,0.007118032934637634,0.0005808763204738726,0.0013371664789056288,0.001498517630470738,0.001093076010804008,0.9879335012615944,0.00043882936311370724
ISIC_0024681,nv,nv,0.0008958236647449431,0.00040971773527917666,0.000954992200216227,0.00045041882565722793,0.0012183364361897369,0.9956584658864354,0.0004122452514773379
ISIC_0024444,nv,nv,0.000318044554337582,0.00039881995292750087,0.00042831103528413375,0.001141562802867101,0.0021271313228733513,0.9933129182111554,0.00227321212055491
ISIC_0029314,nv,nv,0.004492202740553928,0.0019237605338187113,0.00048437247982638685,0.0014116657292625354,0.003049064548523359,0.9863708351764539,0.0022680987915612498
ISIC_0029817,nv,nv,0.0001921898650685406,0.00017409187004580862,0.00013587094594182163,0.00031631635661473153,4.376040566748511e-05,0.9985084341679192,0.0006293363887424222
ISIC_0030364,nv,nv,0.0007434207062315234,0.0007130524855050211,0.0029442101113322074,0.001238381481225279,0.0008925095751728993,0.9927037316726991,0.0007646939678339565
ISIC_0024606,nv,nv,0.0010247208240173693,0.0009166734655123041,0.0006586505823262289,0.007800565308256007,0.0005833950678202264,0.9817962592614633,0.0072197354906045185
ISIC_0030946,nv,nv,0.00021256877874556505,0.00025880226219718663,0.0004109787317481018,0.00011749658643305803,0.00015572279987197788,0.9987228172113217,0.00012161362968236947
ISIC_0032432,nv,nv,0.0008093040953848133,0.002616314246310353,0.0005265928282874069,0.002652621872883788,0.0002277464880727131,0.9921932319062353,0.0009741885628256064
ISIC_0031393,nv,nv,0.0008175186636875079,0.00042347637990642115,0.0007717340710887134,0.0008530963866925214,0.0003337677831671459,0.9960051143549855,0.0007952923604721865
ISIC_0025497,nv,nv,0.005281417713970665,0.004578984151060121,0.008361555553178641,0.010318774073423118,0.020555733318547504,0.9434981348979085,0.007405400291911463
ISIC_0029672,nv,nv,0.01007955900404966,0.002580647253343302,0.003695343319006201,0.01535030814329607,0.004394702471131186,0.9578208802193238,0.006078559589849858
ISIC_0026001,nv,nv,0.0002572170956521697,0.00031163028746107553,0.0002071125661293657,0.00024845336505634365,0.00022867599585869844,0.9983665412715806,0.00038036941826173187
ISIC_0029429,nv,nv,0.0048860641300727415,0.004294953236435728,0.031441530436316124,0.012087140039941451,0.010604916667840057,0.9257706834899136,0.010914711999480327
ISIC_0025151,nv,nv,0.000130362752222678,0.0002553358669782093,0.0004262946286656806,0.000346671296554066,0.00013231394971225562,0.9984540015693304,0.00025501993653672615
ISIC_0025801,nv,nv,0.0005454672297130364,0.0015233791802968162,7.908750427941975e-05,0.0008508917660689593,0.00024703441691528185,0.9964713153311532,0.00028282457157328484
ISIC_0031952,nv,nv,0.0643916057944841,0.006688264413532222,0.004297692985177173,0.0028530193687913885,0.0028962381861880266,0.9176095493187035,0.001263629933123557
ISIC_0032172,nv,nv,0.0038261738160684866,0.007484439231872967,0.0014444250583640753,0.007466050106121948,0.002073689025245398,0.9755296350439157,0.002175587718411453
ISIC_0029673,nv,nv,0.0007174422844989786,0.0006503809070683872,0.0004739372984204182,0.000837360011998203,0.0016420501155783285,0.9951463151824147,0.0005325142000209298
ISIC_0028262,nv,nv,0.0004695123624250811,0.00020925840047222969,0.00012301882775154666,0.0008418057002678836,0.00038858259629053783,0.9952142829918178,0.002753539120974959
ISIC_0027664,nv,nv,0.00015524726637080146,7.18870530912807e-05,0.00012346035486234915,0.00019375737144135526,0.00011071996761877147,0.9991191980138442,0.00022572997277126765
ISIC_0028379,nv,nv,0.0054245063335037185,0.0016130741933992477,0.0004904548524934022,0.004926013331476332,0.00045269163868214625,0.9865029687272849,0.0005902909231602142
ISIC_0026289,nv,nv,0.00033452201368096567,0.0004574554705681194,0.0002546237400125309,0.0007472704288278718,0.0004076887599334494,0.9968842991717297,0.0009141404152473368
ISIC_0030218,nv,nv,0.00022218646769315135,0.0002257677489641951,0.0001619696516840705,0.0003634035277615896,4.306485525236841e-05,0.9986945185499759,0.00028908919866871773
ISIC_0024852,nv,nv,0.0025956686256687032,0.0007644937285307578,0.0015307516231517987,0.0022280407065091512,0.0006803989755455853,0.9912271738333305,0.0009734725072635764
ISIC_0028039,nv,nv,0.0010208812971722052,0.0014638267402652628,0.0005622099189020036,0.0044887621061997,0.0009027289107146764,0.9874177319759885,0.004143859050757623
ISIC_0029761,nv,nv,0.0006366386176182657,0.0007083392760121746,0.000407357427883305,0.0007890825396632246,0.0020454788057028906,0.9934269662494506,0.001986137083669496
ISIC_0032131,nv,nv,9.412516065707878e-05,8.398270389805117e-05,5.62429488794126e-05,0.00017217759073964638,9.663456049863119e-05,0.999371746817707,0.00012509021762017387
ISIC_0030412,nv,nv,0.00042579775801606924,0.00036339653562331294,0.001194969108029599,0.0006422615827376076,0.00033035409184543814,0.9960562925253179,0.0009869283984300227
ISIC_0025498,nv,nv,0.038499687077356494,0.008590651025358014,0.002200001592269545,0.0034893140060209393,0.0036338581615705337,0.9402728539736911,0.003313634163733366
ISIC_0026669,nv,nv,0.0009039819211419904,0.000617273477956945,0.00043355933788121625,0.003404486254993846,0.0006165167546686853,0.9919879206425012,0.002036261610856098
ISIC_0029110,nv,nv,0.0001104154409786946,0.00010071040341566152,0.00017150763564118896,0.00011653875604959956,2.3741422001109247e-05,0.999284381007284,0.0001927053346297061
ISIC_0026095,nv,nv,0.0004654431988860167,0.0002863294686562606,0.00012699124916245536,0.0009132647362645387,0.00016934472282267765,0.9977140238310231,0.0003246027931848719
ISIC_0030628,nv,nv,0.003905934017992772,0.003502864270572292,0.012403854401837982,0.004030113967760251,0.0046193429916611215,0.9674313818760281,0.0041065084741475424
ISIC_0027445,nv,nv,0.0007005867981108903,0.000344066499082112,0.0004469664373053029,0.0007032229311930356,0.0010953718429149066,0.996224926761525,0.00048485872986876326
ISIC_0026250,nv,nv,0.0018211132460504167,0.001548871160764468,0.002856620260257956,0.0015224987193940762,0.006789436113879315,0.9834673018317427,0.001994158667911079
ISIC_0029700,nv,nv,0.0008281219364386425,0.0007975729088865458,0.0010978011739020818,0.002678826379054196,0.0038791369153491255,0.9876611542802288,0.0030573864061406125
ISIC_0030405,nv,nv,0.0017704748844795382,0.0007861279600517205,0.0012310961138408045,0.0024461070493309823,0.0029224157574363014,0.9894743381604755,0.0013694400743852343
ISIC_0025212,nv,nv,0.00010190019076747564,0.00024324504442991228,0.0015743566477871146,0.00012449915901390258,0.0002085303935068714,0.9974855766369337,0.00026189192756100786
ISIC_0029908,nv,nv,0.0001311510018417761,0.0002968768964807399,0.0003608128756948373,0.0002764887503100893,0.00028755778612897656,0.998422941929661,0.00022417075988264782
ISIC_0029658,nv,nv,0.00020096423870295013,0.0001270194010555242,7.134116296980938e-05,0.00019632218315636076,0.00018235541162890288,0.9991634011196338,5.859648285265527e-05
ISIC_0027995,nv,nv,0.02353270881242219,0.047055222474656766,0.008714627218775023,0.011521076872763795,0.0895784906049738,0.8088836996603933,0.010714174356015082
ISIC_0026595,nv,nv,0.0005086929319198282,0.00022552893541129263,0.0005378375523313205,0.00021784487439899136,0.0012873985904880564,0.9968928832067135,0.00032981390873697687
ISIC_0029037,nv,nv,0.0003687018437018065,0.0001624852754874971,5.772477443330275e-05,0.0002058991953053107,0.0011889545621690686,0.9978156819243699,0.000200552424533135
ISIC_0028351,nv,nv,6.170510533458791e-05,0.0001899155779576364,0.00031215395264662274,5.483273948631737e-05,7.04713190368495e-05,0.9991956598909603,0.00011526141457771266
ISIC_0026723,nv,nv,0.0009385653611412005,0.0010381669242493757,0.000685881235420238,0.0009180139692986707,0.0020839127314133685,0.9930823285198057,0.0012531312586714232
ISIC_0026116,nv,nv,0.0014238124234495504,0.0008370308699989676,0.0009777180917569055,0.0059769856373053515,0.0007744713927097566,0.9870927729288898,0.0029172086558896847
ISIC_0025787,nv,nv,0.002888320481236409,0.0026452720143404986,0.0029828056987948417,0.00335509025173886,0.0013826998399441588,0.9830230175240365,0.0037227941899086988
ISIC_0028738,nv,nv,0.002498566969167108,0.001298696947176545,0.00046387407065036135,0.0014154688924945418,0.0013726059692642763,0.9919074516968266,0.0010433354544206316
ISIC_0025138,nv,nv,0.0011898064766159313,0.0003549725544196591,0.00048593275825767183,0.0009286730462598364,0.0004701021203958465,0.995605845220789,0.0009646678232620195
ISIC_0027241,nv,nv,0.0016159445548603636,0.0006038133008378621,0.00019798947748733952,0.0011426874030722688,0.0004829965564733117,0.995678120888633,0.00027844781863588545
ISIC_0031338,nv,nv,0.0024734083100144445,0.0011665746827084938,0.0022499042641139486,0.00088454977739347,0.0029984360440931776,0.9891930258659217,0.0010341010557547087
ISIC_0031610,nv,nv,0.000250569305986932,0.00017736488786682076,6.531274238989498e-05,0.002821218424266082,7.999755805080483e-05,0.9958595019270232,0.0007460351544162877
ISIC_0028726,nv,nv,0.0009167473933749781,0.0003964846745384077,0.00023602411437315324,0.0020085163128635065,0.0005184063544371406,0.9952990143379554,0.0006248068124573404
ISIC_0025839,nv,nv,0.0006368707561608238,0.00013153809052077395,4.8373662947572726e-05,0.0004965675817560241,0.000981678388048545,0.9975270434030812,0.00017792811748503377
ISIC_0027842,nv,nv,0.00012405892480868118,0.00018712707166520568,1.9513691405389973e-05,0.0008532161459959387,0.00017830651706483172,0.9984116252998573,0.00022615234920271535
ISIC_0027866,nv,nv,0.004781811670185543,0.004452224302717841,0.004088614547204146,0.0016703018276019172,0.0017321070479008104,0.9814651876097183,0.0018097529946714324
ISIC_0029164,nv,nv,0.0027503065133204535,0.0074923398853255115,0.0014426265606678305,0.0004911359075301286,0.0009235138925006292,0.9864467859557116,0.0004532912849439129
ISIC_0026800,nv,nv,0.004549965580024473,0.0034565587393330624,0.001669130204591758,0.004681388536906998,0.005970739417347327,0.9770365366864653,0.0026356808353310574
ISIC_0031944,nv,nv,0.0009672354505645766,0.0005418756680817709,0.0007347981602029135,0.0008663213410517556,0.002956549754719774,0.9932484878211003,0.0006847318042788761
ISIC_0031161,nv,nv,9.918872357315303e-06,1.6161913582051474e-05,2.172116435098854e-05,1.752482214359085e-05,1.928445440894404e-05,0.9998975165959954,1.7872177161795482e-05
ISIC_0028001,nv,nv,0.001144427715578,0.0017966990546477047,0.0015095280122717145,0.0009377166457426056,0.0008293671885270154,0.9928711811874368,0.000911080195796234
ISIC_0026856,nv,nv,0.00019333793927342474,0.00017586738941460266,8.963039246814149e-05,0.0004290076151673607,9.625818864760817e-05,0.9986064811884533,0.00040941728657555433
ISIC_0029255,nv,nv,8.951785490518366e-05,0.00015685041344653768,5.8121175978491105e-05,0.00011398379103889156,0.00012058947995051175,0.9993771662751441,8.377100953628575e-05
ISIC_0028300,nv,nv,0.005760738169161746,0.0012310943741054396,0.000901520072862306,0.011366220470195346,0.011948825785864401,0.966495858231632,0.0022957428961787713
ISIC_0032418,nv,nv,0.001493925268855447,0.0009056721479826864,0.0002582129699885017,0.0010793264109790974,0.006704543783635939,0.9889781077991215,0.000580211619436839
ISIC_0028704,nv,nv,4.5388967587668116e-05,8.416046305290438e-05,0.00010398887151324008,4.8745291951603655e-05,4.205631549270534e-05,0.9995959333100737,7.972678032824355e-05
ISIC_0032506,nv,nv,0.0002307163858398933,0.00014890550342408374,0.00014963991473283952,0.005501637993175563,0.00036728063022482664,0.9921173949906138,0.0014844245819890481
ISIC_0032261,nv,nv,0.0009554955882076245,0.0005362712636601333,0.000985897878910757,0.000627192514703032,0.005798296805467761,0.9903751679721474,0.0007216779769032328
ISIC_0029259,nv,nv,0.00512285448459289,0.007345585667689906,0.0036616867886060515,0.0033267125800471023,0.00934814653130364,0.9639302950268183,0.007264718920942189
ISIC_0031869,nv,nv,0.0013490538805549252,0.0012471937579017788,0.0045944809116627745,0.0020724700340272626,0.0004094549125109251,0.9887909627807295,0.001536383722612765
ISIC_0025025,nv,nv,0.00027198371746453294,0.0002849620468337584,0.0005472737955267475,0.0008213751644128383,0.0006866912923235305,0.9967193065473704,0.0006684074360682265
ISIC_0029481,nv,nv,0.0008311138613832582,0.0005031709426464656,0.0015203457034503702,0.004945610242504882,0.0006562936173281512,0.9896062605335689,0.001937205099117947
ISIC_0030157,nv,nv,0.003013846152706459,0.0011892737904698773,0.0012099303549571445,0.0026880817172888036,0.001743458005672404,0.988788801588674,0.0013666083902313037
ISIC_0029098,nv,nv,0.021444185827346023,0.008535119199835621,0.019055852493847503,0.01747305149859094,0.008954525495682772,0.8953817492494481,0.029155516235249007
ISIC_0031497,nv,nv,0.00024486032692872873,0.00025840290156335123,0.0004019964456383396,0.00032861478252863046,0.0004142580183417743,0.9978438327455178,0.0005080347794813847
ISIC_0031448,nv,nv,0.00019504278400409502,0.0003379189671882116,0.00017912594994463047,0.00030153396393290766,0.0027211138892756954,0.9957248850841847,0.0005403793614698395
ISIC_0028031,nv,nv,9.679879371869823e-05,0.00018375640360873742,0.000429137845698068,0.00018747425585866499,0.0002041328963205153,0.9987040506456346,0.00019464915916074844
ISIC_0028334,nv,nv,0.0004334166711140799,0.0006881605097951065,0.0008325255826637712,0.00045114671680072043,0.0003137039206470282,0.9966522468573035,0.0006287997416757916
ISIC_0030257,nv,nv,0.011411629145119413,0.0065185635553275095,0.02211198098397748,0.0038043379161009695,0.0024104595354073302,0.947421335786875,0.006321693077192254
ISIC_0031805,nv,nv,0.00795983653124753,0.0017228552837576737,0.011011182150139706,0.0021886570124947822,0.015521215062285456,0.9592485193205471,0.002347734639527721
ISIC_0024797,nv,nv,0.0001644708997318142,0.00022748893894480263,8.704089793370571e-05,0.0003306271999647068,0.0007083997931960006,0.9981146552401631,0.0003673170300658688
ISIC_0030807,nv,nv,0.00042050163719128286,0.0003789700192324937,0.0005235890035491011,0.0009387615893635134,0.00020536434367394557,0.9964714109026145,0.001061402504375231
ISIC_0028342,nv,nv,0.004365047871027155,0.009769169461340444,0.010737588119915369,0.007990875572425914,0.0015117436210559236,0.958714818757295,0.006910756596940136
ISIC_0024368,nv,nv,9.22818641668238e-05,0.00011564863204123462,0.00010770641610135051,0.00017124474664635352,0.0015328169398288215,0.9977526800879826,0.00022762131323286435
ISIC_0024397,nv,nv,0.0002446996038785343,0.00021328797860783156,0.0024161587201322063,0.00023789221343201256,0.00012071883588869509,0.9965035303448284,0.0002637123032323403
ISIC_0029799,nv,nv,0.0004815689920235716,0.0007164704203933109,0.00264868558794536,0.0006413899950175778,0.002141004008868621,0.992439819458643,0.0009310615371085598
ISIC_0028828,nv,nv,0.046115280857217354,0.06132602518236227,0.0056033884221813185,0.011334140513979357,0.146113528967037,0.7224881097447443,0.00701952631247842
ISIC_0026673,nv,nv,0.0032701617111896156,0.001569149980753121,0.0051421774994486105,0.0025382148408642884,0.02834351895170758,0.956914301096791,0.002222475919245774
ISIC_0025828,nv,nv,0.0003118110454186485,0.00027178444958572695,0.00013003131495216042,0.0006114567319600738,0.0011664154647369085,0.9972116203434036,0.00029688064994293006
ISIC_0025682,nv,nv,0.01502531662010352,0.006502577428775111,0.013846403685534862,0.0026931461544347987,0.03219315292715779,0.9222881390888145,0.007451264095179456
ISIC_0026431,nv,nv,0.0003122373253836127,6.751994940332495e-05,8.080202492279416e-05,0.00048081899636872715,0.005342816478832938,0.9933347202874387,0.000381084937649857
ISIC_0028440,nv,nv,0.0016479505231776837,0.0007693300183173616,0.0007942622508616764,0.006089456574112106,0.0019328599083925488,0.9865459004911081,0.0022202402340304643
ISIC_0024988,nv,nv,0.00045075276709601107,0.0010170471195184443,0.00023332113874455538,0.0015951441648268867,0.00022303913266515736,0.9946523309457713,0.0018283647313776636
ISIC_0029395,nv,nv,0.002556562777891715,0.001611028164233218,0.001495693314650676,0.001349632155941588,0.022564686438547976,0.9690643845675242,0.0013580125812105834
ISIC_0025194,nv,nv,4.786758428142893e-06,6.899188166049587e-06,8.012946617853647e-06,8.171769423802705e-06,3.040379072529348e-06,0.9999589852663116,1.0103691980052146e-05
ISIC_0024717,nv,nv,0.00341311247839483,0.0021126172997910976,0.015602541543410575,0.014216676361772719,0.0005256110995116679,0.960197734099732,0.003931707117387187
ISIC_0028213,nv,nv,0.000380517882140441,0.0004038159841571346,0.0003300215148340458,0.0024568837001286564,0.0009932859114906271,0.995053541237738,0.0003819337695110669
ISIC_0024491,nv,nv,0.0012234156872738596,0.0030774743881995304,0.005917588868594399,0.0014156962503338506,0.0037128178040008687,0.9819106947791956,0.0027423122224018775
ISIC_0030478,nv,nv,0.0013999309460173113,0.00220886983664961,0.009537673040003683,0.010295190838192617,0.0075031124076277425,0.9644753437486626,0.004579879182846451
ISIC_0028417,nv,nv,0.0022479929036237183,0.002201599670133465,0.11876153177863859,0.0026856055308642707,0.003047294450788709,0.8674554404932242,0.003600535172727049
ISIC_0030891,nv,nv,0.0020604698384318037,0.0021564076723318334,0.013322406974315032,0.005712162515522568,0.008503689957847562,0.9645536674996327,0.0036911955419185144
ISIC_0027186,nv,nv,0.023579269644807502,0.005564220564599821,0.0895876156002009,0.020057916587371088,0.004372253005252632,0.851522054249128,0.005316670348640117
ISIC_0025177,nv,nv,0.001038764628456736,0.002661700283939523,0.02532641675691498,0.004510639110169724,0.0023219290052658797,0.9594630064036723,0.004677543811580823
ISIC_0029049,nv,nv,0.0005653715605359418,0.005056004006014141,0.00198545304565761,0.0015688216128803894,0.006055084109433255,0.9803757852138804,0.004393480451598362
ISIC_0029018,nv,nv,0.004672557563645729,0.006859654540778952,0.020139462451415173,0.010460797313151124,0.015786978371558576,0.9205882390115834,0.021492310747867116
ISIC_0027112,nv,nv,0.002672524188459015,0.0017948418547141013,0.04716474676309643,0.0039053654020224163,0.003591153619319776,0.9374854204102757,0.003385947762112514
ISIC_0028791,nv,nv,0.0034430346404911386,0.007765953872320419,0.004145651936888681,0.008231246286037035,0.051256399175548265,0.9193378054848432,0.005819908603871224
ISIC_0027855,nv,nv,0.004703867375805617,0.0023363006843014266,0.0018325323351158418,0.007331543737382912,0.041933829934983284,0.9393653507136469,0.002496575218763989
ISIC_0026730,nv,nv,0.000447719635716001,0.0014896741090153526,0.002039260443023966,0.0008017844570238089,0.000631209221933633,0.993448823763666,0.0011415283696212808
ISIC_0026519,nv,nv,0.010337664279937231,0.0047807083740114475,0.005255621059456996,0.0058636219069454435,0.005928891917441397,0.9648816434454822,0.002951849016725236
ISIC_0028755,nv,nv,0.006391495805216771,0.006951191923529748,0.09504550923659481,0.0034204354567505583,0.0056671668334266,0.8757957998826698,0.006728400861811812
ISIC_0024597,nv,nv,0.005323055968648302,0.008013452390852868,0.0031058819044796487,0.008830590167102314,0.004372527515268793,0.9608820696115205,0.00947242244212764
ISIC_0029790,nv,nv,0.0021245639342798947,0.001874693738837148,0.003427980609142186,0.004785679516751058,0.0444561665516892,0.9405651913378089,0.002765724311491588
ISIC_0027898,nv,nv,0.0038178591347784565,0.04875713848858501,0.011677254936944855,0.01099621888453983,0.06966676561613447,0.8459139597616948,0.009170803177322544
ISIC_0028293,nv,nv,0.0011395812388502033,0.005673391648951936,0.0015056447046313494,0.003252049952021081,0.0038579495760177307,0.9827852167791254,0.0017861661004023041
ISIC_0032428,nv,nv,0.0008441265995532846,0.005035897754446191,0.0029972842091628847,0.0031020203686742344,0.04643750315593021,0.9388892798162174,0.0026938880960158266
ISIC_0027640,nv,nv,0.0024076192237760773,0.0007726820853134804,0.007728211946025522,0.0033507915919322945,0.023888444047477073,0.956567648541449,0.005284602564026519
ISIC_0030273,nv,mel,0.0020583120024427926,0.0026468106505425264,0.01671724020731295,0.0030032748542965218,0.9442342663807552,0.02875426073372432,0.002585835170925659
ISIC_0028971,nv,nv,0.0009402545871868214,0.0015288612128077869,0.0016710958830768443,0.0013320290921783997,0.0084654548861604,0.9843953908192413,0.0016669135193484131
ISIC_0031145,nv,nv,0.002056840879478173,0.001255984548628674,0.04184139043155374,0.0020723489048399633,0.02113894905750627,0.9302805253631764,0.0013539608148167156
ISIC_0027235,nv,nv,0.00419347394729622,0.006020361145965967,0.005946764401028677,0.008157643360979516,0.16203893333991115,0.7988207634711078,0.014822060333710712
ISIC_0024891,nv,nv,0.0038417830799522285,0.0072593635405889066,0.02481285995150584,0.003794513302773861,0.011175804462854504,0.9394887248011597,0.009626950861164947
ISIC_0025442,nv,nv,0.0007553122383937575,0.0005544131338823343,0.0031355181172381162,0.0008121961365620669,0.004282424710832096,0.9888673050884557,0.0015928305746359297
ISIC_0028461,nv,nv,0.0018016038226954137,0.005280736460845725,0.008561725698145374,0.02903147970879044,0.006516816688479061,0.9398399990408007,0.008967638580243274
ISIC_0029719,nv,nv,0.006610710844351724,0.0032610582986604885,0.1595451780976486,0.004075808843047128,0.1822055132921304,0.6370123544075804,0.007289376216581297
ISIC_0028453,nv,vasc,0.024297298462388327,0.012382712551601179,0.006302741015614133,0.22109959259644912,0.009541939603095568,0.13034696080924327,0.5960287549616085
ISIC_0031733,nv,nv,0.014325487886112978,0.017432023429876646,0.21314244798034016,0.006712374020174676,0.012640665379867057,0.49567268419459604,0.2400743171090324
ISIC_0031663,nv,nv,0.009602626943514334,0.01108563287709061,0.004107182346335716,0.010330300294866042,0.3661815212458602,0.589066303211778,0.009626433080555118
ISIC_0032096,nv,nv,0.005833477703009641,0.059771444949078274,0.44228574695656425,0.006105091163627216,0.019093077278154603,0.45778330872209394,0.009127853227472124
ISIC_0027358,nv,nv,0.0008969066013937518,0.005110210627903534,0.0014831006238917195,0.0073001688175686336,0.0012399111948144237,0.983017231714092,0.0009524704203358465
ISIC_0027734,nv,nv,0.005531751367929037,0.016242061357262146,0.14713134005676862,0.007317749451079835,0.04541313136811347,0.7485348567537583,0.02982910964508869
ISIC_0030874,nv,nv,0.0003483636940513913,0.0007364839738068466,0.0018634348902277667,0.00027807857069273907,0.0014210322389786375,0.9948720297857752,0.0004805768464675037
ISIC_0029389,nv,nv,0.012206532269139321,0.025951282502105488,0.02142431048778261,0.0274220914207476,0.15394594407244594,0.752033887231539,0.007015952016240059
ISIC_0026874,nv,nv,0.0004568646269063432,0.002639405960099697,0.056273021703939115,0.0007278511648723986,0.0029801953866093922,0.9351873878248066,0.001735273332766487
ISIC_0026389,nv,nv,0.0022435742106506843,0.056322519700322086,0.0239372891876785,0.004325783966754733,0.013792963017462214,0.828224350883329,0.07115351903380279
ISIC_0025428,nv,nv,0.0016835609376495487,0.0024589959606628052,0.013039976675516075,0.006661734866252102,0.006474716734573053,0.9649591527940932,0.004721862031253226
ISIC_0024824,nv,nv,0.0008644398956890991,0.001640995463830582,0.0013099116804367774,0.0011243746301811029,0.002721201414811929,0.991093145510172,0.0012459314048784982
ISIC_0027878,nv,nv,0.0006554954740780464,0.0005863795186480717,0.0017026219486662845,0.0014531004309894452,0.029837593471353823,0.9650708996757527,0.000693909480511658
ISIC_0028371,nv,nv,0.0020472620663884115,0.00485073183154564,0.0038064316850067374,0.004012097767054078,0.005355420517122118,0.9770746210324888,0.0028534351003942616
ISIC_0026006,nv,nv,0.0006292864692631596,0.01603685170803187,0.0020774698975896135,0.0017854490567987959,0.0016813187156500492,0.9731314154487654,0.004658208703901171
ISIC_0026541,nv,nv,0.010488978387862216,0.04365192657060296,0.027485750249564542,0.012250436832434682,0.05324945977839787,0.7703698246823876,0.08250362349875015
ISIC_0025869,nv,nv,0.0021873204436833843,0.005073134974877533,0.035965777232457675,0.0026524161745323438,0.0033562678177382808,0.948069146321728,0.0026959370349827596
ISIC_0027812,nv,nv,0.0013288208244095756,0.01828367580932847,0.001962612314665503,0.005310389056476227,0.016701132115161794,0.9517618488552264,0.004651521024731978
ISIC_0027410,nv,nv,0.0025166131056526203,0.0017290121486785853,0.013585244201459588,0.006330483175063064,0.301324750665077,0.6696509694687136,0.004862927235355568
ISIC_0027103,nv,nv,0.0005149417678103205,0.00037616355245408763,0.004202836140888241,0.0011443840763633172,0.010034324038651232,0.9825857704701018,0.0011415799537310652
ISIC_0028528,nv,mel,0.006392900419832702,0.0102783502879135,0.08783727069312239,0.008799362630983132,0.7584436242720497,0.12027837044120204,0.007970121254896545
ISIC_0029945,nv,mel,0.0037970908753071644,0.0028823204980700286,0.027241573061975333,0.0028859340590951664,0.8784112433553539,0.08212494667908206,0.002656891471116276
ISIC_0026148,nv,nv,0.006406973435104297,0.007137301552200756,0.12694283705679935,0.008029288696036531,0.15561199633212483,0.6844259938308216,0.011445609096912751
ISIC_0031094,nv,nv,0.005143242949074177,0.008288441172249505,0.010922934411515437,0.020456710106774544,0.4400324214135834,0.5085667799112835,0.006589470035519418
ISIC_0029488,nv,nv,0.01971676597428504,0.047761101908358604,0.2672440084018305,0.012160072652739043,0.0200337060258639,0.6079162148836295,0.025168130153293482
ISIC_0028804,nv,nv,0.002725957995189072,0.004397554035287102,0.05786423870400641,0.0019514265818652847,0.005053141820060672,0.9256054994442668,0.0024021814193245835
ISIC_0026781,nv,nv,0.00016219212096236084,0.0001610027665706011,0.0005794471058588912,0.00045617293061248006,0.0005157075714112606,0.9974151663702645,0.0007103111343198482
ISIC_0029846,nv,nv,0.0019749915370417923,0.005671808416839961,0.0008256332687153008,0.022521655201579442,0.005091437709297837,0.9504092483357498,0.013505225530775912
ISIC_0029194,nv,nv,0.001864103496829502,0.002680161737870203,0.0015058207066235927,0.005499796409158625,0.0033056700762106746,0.9810822614083862,0.004062186164921233
ISIC_0027034,nv,nv,0.0052226001303424165,0.002402494494873225,0.001202810243550788,0.005046264743932354,0.47625206947153975,0.5063768801834411,0.0034968807323204325
ISIC_0031887,nv,nv,0.00042760595553097646,0.0001634465091540081,0.00023557660579487616,0.0008303401346844246,0.005033278429147334,0.9928747394946595,0.0004350128710288111
ISIC_0028534,nv,nv,0.0001921435449450432,0.0016771021062887178,0.0001815067042263222,0.0011285039435013783,0.010668834145853852,0.9853559732547421,0.0007959363004426357
ISIC_0028222,nv,nv,0.016698469738975742,0.028226138321393892,0.1535298500715666,0.022587580506362583,0.017159536375245307,0.740592940213278,0.021205484773177814
ISIC_0026237,nv,nv,0.00029947291059115723,0.0007029272983621871,0.0006131972072279958,0.002086833071020335,0.0038328959325569607,0.9903607761556709,0.002103897424570458
ISIC_0027548,nv,nv,0.00015596548903509577,0.00038828936248291624,0.002564626207240992,0.0003763156183256518,0.0008539128204462473,0.9944632436741989,0.001197646828270192
ISIC_0028961,nv,nv,6.161222203765037e-05,0.00024044079830278192,0.0001517856456825853,0.00038322102045670187,0.0001885930351227465,0.9985678844636601,0.00040646281473748983
ISIC_0030053,nv,nv,0.0031352602768433308,0.011831829712017227,0.1635118959430824,0.004554329978613883,0.1509124335637478,0.663570743777917,0.0024835067477783084
ISIC_0025789,nv,nv,0.0009616698358843259,0.0027213816222388548,0.001042765952625292,0.0012626828332963913,0.004436968077436537,0.9876536910353323,0.00192084064318627
ISIC_0030184,nv,nv,0.0025177190088271203,0.0014966681839504406,0.0005017117397067553,0.0031610437350371224,0.005394757354872007,0.9859442508617878,0.000983849115818739
ISIC_0031501,nv,nv,0.0006668232004766732,0.0027233993165482737,0.0019251866860227136,0.003332089473649049,0.0014225412860435446,0.9786400919963857,0.011289868040874044
ISIC_0029354,nv,mel,0.02094410917520649,0.02489245851917623,0.01688519936234139,0.011125235824798867,0.5882503627481964,0.32752258642494225,0.010380047945338472
ISIC_0033356,nv,nv,0.000763400526698551,0.0010706997756929715,0.0013981941797902094,0.0027990828759623682,0.0016641851588898387,0.9914413053567267,0.000863132126239387
ISIC_0031158,nv,df,0.00312312045364464,0.015256400002278198,0.00013554562432815197,0.7497070451403746,0.02129840807305767,0.20622465549763683,0.004254825208680028
ISIC_0033846,nv,nv,0.003975484583132146,0.03377491107154801,0.002454663483710236,0.006754934760790225,0.09085338358123066,0.8543090300121294,0.007877592507459327
ISIC_0032691,nv,nv,0.0005863408918793982,0.0017924692073184158,7.886866125595707e-05,0.0011547361491592559,0.0026832576131078853,0.9912725264691562,0.002431801008122912
ISIC_0032891,nv,nv,0.006876760328478816,0.0036454204694436397,0.00684301029040425,0.01159871622107225,0.044136235165771955,0.9214762609843905,0.005423596540438522
ISIC_0033348,nv,nv,0.0002630631705209552,0.00032744915635391994,0.00014976355448740168,0.0012031094273862563,0.00200565596453581,0.9953826646473471,0.0006682940793685168
ISIC_0033048,nv,nv,0.001845848819313848,0.0016142493472029035,0.0023032881751697664,0.007341958033001969,0.007641395788319646,0.9747781374487489,0.00447512238824298
ISIC_0026618,nv,nv,0.002581336773307713,0.0023365558331240725,0.015689240389745746,0.001019857814481966,0.0045119250683764035,0.9731713674221495,0.0006897166988145878
ISIC_0025456,nv,nv,0.001434868605577598,0.0019004860516656878,0.0003064288187697411,0.010395226888218038,0.00126308176460572,0.981702612098065,0.0029972957730982617
ISIC_0033549,nv,nv,0.0038088613072666936,0.003250667689866862,0.005261731546066216,0.0017503880827068716,0.03269037116963048,0.947722791274458,0.005515188930004832
ISIC_0025239,nv,nv,0.0020278177348799753,0.0009887088981016174,0.20987056744742288,0.001906865094124516,0.0673550715859278,0.7162457480343998,0.0016052212051434825
ISIC_0034234,nv,nv,0.00011251656789780389,0.00023720418647167393,0.00037208134177558815,0.000357320106610048,0.0010223875400959203,0.9972847342126049,0.0006137560445440356
ISIC_0034274,nv,nv,0.0007277971821602803,0.000527108184830186,0.0012827327823868664,0.0012273192646929335,0.00888723128084905,0.9862528147508529,0.0010949965542277802
ISIC_0033759,nv,nv,0.0003266906775147107,0.00025630208436073875,0.0031728175216663283,0.0006367138611956075,0.0012016343900939034,0.9935841558467219,0.0008216856184467963
ISIC_0033386,nv,nv,0.005676401781513715,0.008838777612052384,0.01976376102275008,0.012354642820144994,0.05926591458335076,0.889122329917138,0.004978172263050006
ISIC_0033253,nv,nv,0.001108435064208876,0.0008607629823980649,0.0016340154451074547,0.0012913418419465096,0.02122004827665622,0.9733804225055966,0.0005049738840862045
ISIC_0033974,nv,nv,0.003379611675390807,0.0037262769246580586,0.009887499461510045,0.00204571214835704,0.03247357302857227,0.9451497608817718,0.0033375658797399014
ISIC_0025978,nv,nv,0.07405596500932658,0.010764546494623647,0.09139049717216344,0.0455053174128436,0.14353953814201084,0.6248084196380769,0.009935716130955115
ISIC_0025786,nv,nv,0.002705070546863319,0.0168916026417635,0.0031344552801879076,0.008554954302548528,0.03313096359183765,0.9309706582665099,0.00461229537028916
ISIC_0025525,nv,nv,0.0076793454591324445,0.041154132726746395,0.056975473731785,0.008788827973437406,0.07757778445079513,0.8012379718159726,0.0065864638421311225
ISIC_0027847,nv,mel,0.00984910359963403,0.010891341458751027,0.004666143575469176,0.004991818344727461,0.6699184779568103,0.2952240200668792,0.0044590949977288226
ISIC_0028780,nv,nv,0.007275155477660198,0.008735451361973783,0.0074317747419003904,0.01209927287541465,0.05721120151260191,0.8972959555407969,0.009951188489652135
ISIC_0031988,nv,nv,0.000710527217907248,0.0006698987549727284,0.001695482398183246,0.0010955643015144528,0.004104550225269272,0.9904022338695294,0.0013217432326236337
ISIC_0029662,nv,nv,0.0004801221732457593,0.0005882076779849463,0.0005360495740920743,0.0008817610493031403,0.0008883353093736204,0.9948096527944437,0.001815871421556754
ISIC_0025001,nv,nv,0.008616930086053454,0.009632597713121947,0.01435077158232463,0.030238236446130454,0.07974280622188168,0.8524517452582827,0.004966912692205083
ISIC_0028500,nv,nv,0.0008168906817962683,0.0011261198463284894,0.0009046919889727199,0.001626687327474509,0.015442509570374376,0.9786709743099268,0.001412126275126891
ISIC_0025262,nv,nv,0.008273625708230035,0.13403257177082992,0.023769569440638592,0.014127446886764188,0.39308214614900405,0.4134134985078362,0.013301141536696936
ISIC_0029348,nv,nv,0.003508065378272476,0.0014985939562823251,0.0619738062981814,0.0033551451940379905,0.01081644162350427,0.9070303754283291,0.0118175721213925
ISIC_0030429,nv,bcc,0.011263217585487172,0.3326517424851913,0.05740044956598014,0.012170704444068542,0.0219105487558229,0.24459360097127752,0.32000973619217243
ISIC_0030899,nv,nv,0.002261806002535571,0.001724662941098077,0.02639211775694958,0.0010989805180069688,0.004284462862467637,0.961956477139452,0.002281492779490255
ISIC_0032641,nv,nv,0.008859114812423395,0.006056768079329269,0.07744762164853,0.009547451604564107,0.008031027977859805,0.8868060812270893,0.0032519346502041325
ISIC_0032717,nv,nv,0.00048780791205137197,0.0005749578008062685,0.0016674554126609527,0.0006009171747248203,0.022964243157434446,0.9728363849643188,0.00086823357800332
ISIC_0032651,nv,nv,8.948262965265809e-05,0.00011265398261544163,0.00016494945114723246,0.000314398392770002,0.0005636308240516821,0.998543329450809,0.0002115552689539409
ISIC_0033503,nv,bkl,0.040686819909525385,0.0037367047260760595,0.6115338967262035,0.004452524012122258,0.041276823932045945,0.2958534625814629,0.0024597681125640434
ISIC_0033795,nv,nv,0.03851136108173214,0.008681407831090508,0.13066780336344413,0.015932462219471887,0.39154929706346875,0.4039976894062926,0.010659979034499913
ISIC_0033100,nv,nv,0.0040978549666009344,0.011129136775501747,0.10912815045890506,0.0014008483598398366,0.0038518800048162644,0.866976127301974,0.003416002132362182
ISIC_0033388,nv,nv,0.00033467769580314326,0.0010236409866209977,0.0036981128073419623,0.00037459282460592514,0.00099957968469267,0.9923663437185101,0.0012030522824251887
ISIC_0032811,nv,nv,0.0007120133981929571,0.0004708961381626939,0.0017882327860324725,0.0025878706279022835,0.0020167895523313297,0.991913986926796,0.0005102105705823101
ISIC_0033370,nv,nv,0.0014608372994627731,0.0011305840069061764,0.002702881702146669,0.0014699083036999576,0.005986179252412916,0.984730891841481,0.002518717593890462
ISIC_0033521,nv,nv,0.0019171924809565826,0.0013673510340134764,0.0032207136910338678,0.0010071031349226881,0.008985690525827456,0.9817869069960987,0.0017150421371471744
ISIC_0032623,nv,nv,0.004317757124172611,0.00427520341907551,0.006928681151499242,0.002978209674313444,0.020992908194273813,0.9539540142185615,0.006553226218103801
ISIC_0032821,nv,nv,0.001482670067619424,0.0010209935596579315,0.002153109126263878,0.002060804030925937,0.06835267423559285,0.9216301090912198,0.0032996398887202546
ISIC_0034133,nv,nv,0.0012210686369320285,0.0005060767089725188,0.003476073818223061,0.0008915861751675575,0.011665344900089853,0.9814149005597299,0.0008249492008850555
ISIC_0034152,nv,nv,0.001405871377334509,0.031504700384360006,0.098421953035406,0.004160663099691274,0.004757562951207224,0.8545098369495033,0.005239412202497635
ISIC_0034020,nv,nv,0.0020471703439834104,0.008380541902961251,0.0037204742349362763,0.014067650674953842,0.00261638696866868,0.9553904484167083,0.013777327457788199
ISIC_0034273,nv,nv,0.0032756606929058196,0.00445148100482515,0.00281521557283066,0.019234709235503817,0.01013241815330635,0.9523297286269143,0.007760786713713815
ISIC_0033633,nv,mel,0.005477614250981337,0.00693026705219183,0.11185105552192554,0.006587266455628108,0.48175854092751913,0.3751619605776016,0.012233295214152524
ISIC_0032948,nv,nv,0.00026383231318693627,0.00017797002298970522,0.0009490419253580561,0.00044211888295151585,0.0025012185642546087,0.9952945168234858,0.0003713014677734038
ISIC_0033657,nv,nv,0.00819626740705429,0.013120172906152604,0.02016670942046963,0.0048654641192086,0.06172636830790246,0.8888686564952981,0.003056361343914251
ISIC_0033837,nv,nv,0.004101198827989261,0.008541782728043757,0.0018942902022825096,0.0022530234204412624,0.032664090162412104,0.9464945513015853,0.004051063357245788
ISIC_0032612,nv,nv,0.006189598915376274,0.002858894934510391,0.002257542159863485,0.002851870879303629,0.09660911797283045,0.8863564439717955,0.00287653116632033
ISIC_0034039,nv,nv,0.0027208808103195486,0.0017176181130770362,0.0012156886469305917,0.004283724233771391,0.017432901944316924,0.9693529854422606,0.0032762008093239095
ISIC_0033071,nv,nv,0.0003884971927775068,0.0008165705890985641,0.0015429769610351717,0.0022480866215813518,0.0018693871879948596,0.9813057555429562,0.011828725904556348
ISIC_0034086,nv,mel,0.004330258673084581,0.005483731519161314,0.035249685165820166,0.004230234250612195,0.49939504895943515,0.44871509680332516,0.0025959446285614227
ISIC_0033242,nv,nv,0.04806468790331861,0.09216843614354148,0.008018043484480588,0.007849202723983364,0.06843597159080574,0.7669276810159167,0.008535977137953532
ISIC_0032961,nv,nv,0.001151025286830314,0.0017187258869679062,0.0025825516405953222,0.002012644449660561,0.06881305219288533,0.9216479172193109,0.0020740833237496443
ISIC_0034112,nv,nv,0.001043918391349269,0.002342236262214952,0.004131633520994751,0.0020052038256930106,0.011540024699630877,0.9763800475405323,0.002556935759584839
ISIC_0033838,nv,nv,0.00030423778990367655,0.0001304310457016202,0.000287919724862892,0.00036760116955209616,0.002370865761046282,0.9960840831439709,0.0004548613649625274
ISIC_0033990,nv,nv,0.0027917541298389218,0.003784397033600723,0.04633595610537571,0.008714847613053089,0.06600046626637554,0.8670306684759979,0.005341910375758185
ISIC_0034157,nv,nv,0.0008295001522953064,0.0003580736285762923,0.0009567120737233264,0.0009661725730941389,0.009114456942277001,0.9864707341555654,0.0013043504744685698
ISIC_0032770,nv,nv,0.0005498995385134009,0.0003830732366871613,0.00020048277995255692,0.004427460740629414,0.000961115157883626,0.9930920391219724,0.00038592942436147654
ISIC_0034184,nv,nv,0.0003190869620040576,0.00046779015341500264,0.0030651062001914417,0.0005738094229417391,0.00021954864440214825,0.9947879094344722,0.0005667491825734684
ISIC_0033385,nv,mel,0.0037670832871869475,0.007153550042120838,0.1020734709969313,0.006969962288682544,0.44594934387747825,0.42756736632079245,0.006519223186807596
ISIC_0033849,nv,nv,0.015151512393429581,0.0019170820773781367,0.04133371890308108,0.018561159386924892,0.05515571437904592,0.8647869679298935,0.0030938449302467834
ISIC_0032885,nv,nv,0.0015896073233851338,0.001999243556520076,0.0009727264298842815,0.004250423815790974,0.04272878878010353,0.9422772348285522,0.00618197526576382
ISIC_0032859,nv,nv,0.007195920651692571,0.0022783955066118236,0.0026537946875981465,0.015889036203351296,0.011661422884016311,0.9583313550456604,0.0019900750210694817
ISIC_0033138,nv,nv,0.00179634914406535,0.001705329677930814,0.0013596075866221537,0.004756344113967051,0.024989622604051142,0.9630222996838377,0.0023704471895258476
ISIC_0032728,nv,nv,0.0002169308020156801,0.00042174842179603603,0.00022292055175480614,0.000994633791196008,0.002200129506640019,0.995170996871555,0.0007726400550424381
ISIC_0034044,nv,nv,0.002361130806558592,0.0009646727297433356,0.0027359210034719854,0.0037330202471440635,0.49095667585468783,0.4970727068892089,0.002175872469185416
ISIC_0033763,nv,nv,0.00047235918071272955,0.0003518963543502809,0.00018916829962365738,0.0008637347277208683,0.03131194641276236,0.9654240817330165,0.001386813291813542
ISIC_0033069,nv,nv,0.007755800300513606,0.0052387006900985675,0.0033070494254120206,0.005245148019134339,0.09494713977190672,0.8802635585631138,0.0032426032298209567
ISIC_0032735,nv,nv,0.00015654290366444342,0.00021874091762400842,0.003830876193446861,0.00017573011650496792,0.0013689599050531575,0.9929297837839861,0.0013193661797204648
ISIC_0032546,nv,nv,0.002022272951807202,0.0023030099833527455,0.03283098139156521,0.001999865063527132,0.021570088777881656,0.9379446518395147,0.0013291299923513388
ISIC_0033958,nv,nv,0.00010735101842691873,0.0004441411213547916,0.00014026336476613674,0.000394858743209121,0.00035718231709760853,0.9973743755073551,0.0011818279277903071
ISIC_0033016,nv,nv,0.004219183120287007,0.01969004791933075,0.0054878801298502145,0.007429834547345593,0.39015265320300524,0.5658644357130709,0.007155965367110323
ISIC_0026810,nv,nv,0.004435649313272408,0.007885192231986698,0.0027089176375340728,0.004233631865573659,0.061388373666750234,0.9167371948856187,0.0026110403992642165
ISIC_0033351,nv,nv,0.0075993441940367095,0.008165096440928723,0.0027946893944282496,0.004434930830946759,0.4129124218526403,0.5606141339910241,0.0034793832959952526
ISIC_0033131,nv,nv,0.0006881417668761698,0.000602017137975966,0.0007541643167351103,0.001651258749675937,0.021793795221011044,0.9737821538540025,0.0007284689537232595
ISIC_0032683,nv,nv,0.006709374479649215,0.0026171123161123485,0.43806712679297266,0.003725158254950421,0.03536510377034204,0.5097155968621826,0.0038005275237906477
ISIC_0032971,nv,nv,0.0013784736753586734,0.002297346951584505,0.012663584862246889,0.002467273602146581,0.07148533112313289,0.9053849096237689,0.00432308016176149
ISIC_0034224,nv,nv,0.00491883801789285,0.0024769480978476116,0.0017798402978411385,0.00823882847679196,0.07100601120429084,0.9077978405645512,0.003781693340784463
ISIC_0032587,nv,nv,0.001087118145262424,0.0005589120287698442,0.00042003134856514085,0.007114302965574053,0.004609556608416493,0.9854301012702819,0.0007799776331301878
ISIC_0034300,nv,nv,0.001101696919685185,0.0014891413961245403,0.0005956246743859026,0.0015565618660317892,0.005434494980908754,0.9885596179604852,0.0012628622023786542
ISIC_0032609,nv,nv,0.001733441780918087,0.0013604295005925412,0.0021524086988220833,0.001945907021647593,0.004357890453403653,0.9831081805058574,0.005341742038758733
ISIC_0033729,nv,nv,0.006484039772376431,0.002181174394486891,0.012906062535375231,0.0071237563468956305,0.13289459334866233,0.8329378960141728,0.005472477588030655
ISIC_0034307,nv,nv,0.0004670214045837112,0.0002853261498219885,0.0005344948087108965,0.0013147230977100888,0.007496776362674792,0.9894712801161782,0.0004303780603202378
ISIC_0032822,nv,nv,0.0017189019153151545,0.0012950234209891565,0.020151826658489577,0.002191857955070605,0.021477318725485233,0.9498798354860792,0.003285235838571009
ISIC_0033976,nv,nv,0.010199966674196587,0.003323548107137083,0.023276016594553774,0.004159118878016193,0.015183090450386216,0.9383516208841174,0.005506638411592784
ISIC_0034314,nv,nv,0.001042828175847997,0.0016914029720911867,0.001455296331559514,0.0027228059351309818,0.06620899184481764,0.9253619465901638,0.001516728150388908
ISIC_0033983,nv,nv,0.000547237674329693,0.0007466556615666839,0.0022319804324354596,0.0005884852313617541,0.04965436664485919,0.9456975790572919,0.0005336952981553063
ISIC_0032541,nv,nv,0.0007347551541562941,0.000890173191780735,0.0008696112159231125,0.0018212377038588118,0.0022683891702573755,0.9918152518187954,0.001600581745228254
ISIC_0034190,nv,vasc,0.0012842434873697468,0.003088720324758196,0.0034962663413745237,0.0014428167313013918,0.005137965531314112,0.018731194265718235,0.9668187933181638
ISIC_0033961,nv,nv,0.00018108884348291195,0.00016177817225048485,6.798008010891524e-05,0.0003111401306878646,0.0029628571675344266,0.9959660023948484,0.0003491532110869902
ISIC_0033743,nv,nv,0.000309458791117446,0.0005230914804887366,0.0005818590748855787,0.0005869236004051849,0.001652262545991986,0.9840725643886681,0.012273840118442934
ISIC_0034149,nv,nv,0.00016334012880080972,8.84467039233544e-05,0.0004336866938596652,0.00010565415103243552,0.0004516959663929778,0.9986071658945852,0.00015001046140560988
ISIC_0033887,nv,nv,0.00029698894792588404,0.0003784195224295481,0.00024214003986114245,0.0005928554595339107,0.0040590205282981465,0.9936935228515756,0.0007370526503757639
ISIC_0034073,nv,nv,0.0032618004246632876,0.004642658431434992,0.002263634284453729,0.00803051586212266,0.0496129705127721,0.9289862478509099,0.003202172633643303
ISIC_0033107,nv,nv,0.0014726749006138808,0.0019347848821633462,0.005472333719108041,0.0018681389997911657,0.002855763710549337,0.9855918492763958,0.0008044545113784625
ISIC_0034078,nv,nv,0.005398088348646845,0.004172195306549735,0.007353438106449737,0.005095669305223882,0.15846684665951158,0.8149786196710905,0.0045351426025277254
ISIC_0033658,nv,nv,0.003192483205046831,0.004131712153128893,0.01592072844770522,0.0014672129377123605,0.051921625469432395,0.9143083338597613,0.009057903927213024
ISIC_0032908,nv,nv,0.0008154493904444191,0.0018504070340094733,0.0078734803946563,0.000934396463826489,0.002920428000382012,0.9846850960642487,0.0009207426524326499
ISIC_0034203,nv,bcc,0.02611896740524381,0.7833584997097601,0.010680903203548555,0.013311468821117554,0.041900020307255544,0.08438440295623435,0.04024573759684013
ISIC_0033188,nv,nv,0.0006890371374450155,0.00041408794305747965,0.00279687041383441,0.0009417248846507328,0.010062420254062166,0.9842444834152776,0.0008513759516726227
ISIC_0034232,nv,nv,0.002694366828851491,0.004069143002541775,0.000995783372282809,0.012403555179790443,0.00501614697716246,0.9623751484909264,0.012445856148444595
ISIC_0033649,nv,nv,0.001668039770932586,0.0003613098007585943,0.00236032479709524,0.0020074747703637437,0.029703888735113582,0.9624924109217063,0.001406551204029964
ISIC_0032820,nv,nv,0.0003788656082398725,0.0005460616469266371,0.00037793724643690643,0.000934505247717374,0.0640329443118994,0.933055355266686,0.0006743306720938133
ISIC_0032813,nv,nv,0.001554396933455604,0.0018762526345497425,0.007601858312104756,0.0024836139385676606,0.03144095275884815,0.9525926883749583,0.002450237047515872
ISIC_0033194,nv,nv,0.0006095607878095384,0.001494907946056888,0.00041857944388959043,0.0008379655695719225,0.0005198911754906291,0.9956517244818585,0.0004673705953230093
ISIC_0032620,nv,nv,0.001058234142922237,0.0063001245586908495,0.011722562399447745,0.002792199655601785,0.009410307960170552,0.9552464089080942,0.013470162375072621
ISIC_0030420,nv,nv,0.0013067801870565927,0.0017959796700920316,0.01025309568031814,0.003325064419202625,0.02359781697049429,0.9558620394182394,0.003859223654596881
ISIC_0033711,nv,nv,0.007189320705637093,0.0020302615195271208,0.04501586007509566,0.007551878467134978,0.08976147367410044,0.8456002836552874,0.0028509219032173223
ISIC_0034084,nv,nv,0.002501272308336896,0.0010533661093652224,0.0017037793228230796,0.0038143760608022347,0.0026238427824396165,0.9843216554804063,0.003981707935826654
ISIC_0032625,nv,nv,0.0034360235866396287,0.0019417230491771318,0.015435705331826722,0.005851361943192108,0.039716884232967875,0.9311978655260912,0.002420436330105386
ISIC_0032974,nv,nv,0.0006770392456262913,0.20192527182242456,0.0013325583829411865,0.002163308772880299,0.006678923937706388,0.7717478033111732,0.015475094527248122
ISIC_0032650,nv,nv,0.010569335816198067,0.0030393728521893185,0.00402514387389459,0.0047384444731777865,0.3199371040633425,0.6533099299038495,0.00438066901734829
ISIC_0032769,nv,nv,0.0003209181826238826,0.00015860242289389044,0.0013549328352242015,0.0003301265334833422,0.0013416657714725691,0.9961426877682745,0.0003510664860275779
ISIC_0033922,nv,nv,3.239331716277647e-05,2.7002065371216636e-05,6.910502770677864e-05,0.0002423104102008361,0.00022673910288000437,0.9992970762048489,0.00010537387182956875
ISIC_0033075,nv,nv,0.0007835782080399727,0.0005532670119812037,0.002041785515681458,0.0009804016290809714,0.015497249118576884,0.9794383568121905,0.0007053617044490678
ISIC_0032574,nv,nv,0.0005949857992755601,0.009739724745123952,0.002088498041856239,0.0010662747502433573,0.003759235507971902,0.981978352988537,0.0007729281669920424
ISIC_0033661,nv,nv,0.00013933912576915064,0.0007903136335611713,0.0004460733444024826,0.005638325818083528,0.0006869150682393906,0.9896979651591048,0.002601067850839486
ISIC_0033116,nv,nv,0.0010352079430318167,0.001893644636926017,0.0006017541392984603,0.003494445472586102,0.003498826435217607,0.9890771476580285,0.00039897371491155563
ISIC_0033876,nv,nv,0.0038176500828456003,0.0019480408183951035,0.0048437409161821605,0.010486663603493833,0.021502657375389086,0.9545069490015445,0.0028942982021497162
ISIC_0031482,nv,nv,0.0015537943528854104,0.0010089487942978668,0.010141123373184091,0.0037077133000049983,0.0012009313228135475,0.9733701952377407,0.0090172936190734
ISIC_0033433,nv,nv,0.005436768091445299,0.0009860536790727255,0.011379291269840894,0.008454948731884779,0.005106197988243503,0.9667232646440652,0.0019134755954476196
ISIC_0034127,nv,nv,0.0010758128203871879,0.0015654985243419915,0.004336710130096649,0.0026991704312641154,0.029669229202255756,0.9581414318494788,0.002512147042175577
ISIC_0033111,nv,nv,0.0011763747324046584,0.002250547238802404,0.014812613594453308,0.004215898271786606,0.14399364068747417,0.8301478462060266,0.0034030792690523484
ISIC_0034251,nv,nv,8.03291141777873e-06,4.2112585513841465e-05,2.466289834322228e-05,1.7563487028830162e-05,2.2517225363878883e-05,0.9997029933224275,0.00018211756990492344
ISIC_0033721,nv,nv,0.0029844835289214986,0.02126599735025731,0.00909568155710797,0.002806469129156805,0.030296727785493558,0.9184898211846545,0.015060819464408366
ISIC_0032565,nv,nv,0.0030774494774129355,0.002118556599463275,0.04967759500585983,0.0024715425963074654,0.04041244160616339,0.8998916840108637,0.002350730703929381
ISIC_0034261,nv,nv,0.00012676720210527697,0.00013873444743032058,0.0004029390579487734,0.0003761076654928586,0.0007837410893421674,0.9976566136431331,0.000515096894547518
ISIC_0033939,nv,nv,0.0015458470587327647,0.003490208087630397,0.0025041293197838417,0.003274165909653737,0.009979406642967136,0.9755778076021808,0.0036284353790512498
ISIC_0032772,nv,nv,0.000484527733196136,0.003945423495389594,0.002096648817161619,0.0008022911284915968,0.006203995164838038,0.9647334338360082,0.021733679824914837
ISIC_0032593,nv,nv,0.0028922702194484977,0.001857461192381391,0.001581724521861763,0.0025646633025637037,0.1483658491527967,0.8386151515555887,0.004122880055359152
ISIC_0031290,nv,nv,0.008809083472530604,0.0030983173884976864,0.027341646840128717,0.002924798208430517,0.11144664158143419,0.8403832221004206,0.005996290408557678
ISIC_0032657,nv,nv,0.001662599491721316,0.0011274757518308987,0.0013153315764282449,0.001595259518540068,0.128344197027844,0.8651411200097188,0.0008140166239167365
ISIC_0032605,nv,nv,0.013682891788653466,0.002034230304022311,0.0030518115453060666,0.0016340044296814904,0.004601401525813164,0.9733738837904916,0.0016217766160318554
ISIC_0033771,nv,nv,0.001194663578088863,0.0009787678664004518,0.0019846913628753186,0.0010008243917455067,0.009337387566905993,0.984158230741412,0.0013454344925719177
ISIC_0033102,nv,nv,0.00011500452217854086,0.00014412491176093832,3.926763659548919e-05,0.00024484018422270314,0.00451515556820581,0.9946328830806578,0.00030872409637875515
ISIC_0033564,nv,nv,0.0008058936904792319,0.0019853216248531735,0.008938509930539162,0.0013642888036554794,0.023244602715686038,0.9619400453098297,0.0017213379249572268
ISIC_0032627,nv,nv,2.8005866910505923e-05,5.590588739692063e-05,0.00010039837706010498,8.205808022631872e-05,0.0006873571302256241,0.9988983661900716,0.00014790846810899138
ISIC_0032380,nv,nv,0.00044336044886339075,0.0005568133893091953,0.000781720330991359,0.0008437560748356806,0.001907370730393651,0.9943926178141425,0.0010743612114643
ISIC_0028591,nv,nv,0.006549391570426618,0.0035198774365583084,0.03586266794695882,0.0014708593107043777,0.05223017005430764,0.8961570914821478,0.004209942198896389
ISIC_0033792,nv,nv,0.0007518904860158144,0.0006900217656367593,0.002165921636329344,0.0007839127498933223,0.004529870633666479,0.9893426486310859,0.0017357340973723915
ISIC_0034122,nv,nv,0.00020569105641398138,0.0005342422379267971,0.00032503488051359295,0.0009500225902679557,0.0065623961200281375,0.9904772531610208,0.0009453599538287701
ISIC_0034247,nv,nv,0.0005662407745037863,0.0007431126823331041,0.0034832395679875935,0.000845558089983488,0.012948494054012834,0.9799262842928851,0.0014870705382940825
ISIC_0034191,nv,nv,0.00718715141196816,0.002757318486136999,0.010052201077563208,0.007774136421496003,0.01517034307241978,0.9516118471402776,0.0054470023901382735
ISIC_0034033,nv,nv,0.00029622615251857906,0.0003979479977390229,0.0043565036404279245,0.001270840887134729,0.001845926755806692,0.9911412448727238,0.000691309693649269
ISIC_0032752,nv,nv,0.013390834470131075,0.015310280507107412,0.17109204817916648,0.008511175367912753,0.030403862102558396,0.7523547603420596,0.008937039031064244
ISIC_0033794,nv,nv,0.004816245962624539,0.00315061662785202,0.03911224213069167,0.0018391032416571326,0.0020739627371077697,0.9474663244305181,0.001541504869548655
ISIC_0032539,nv,nv,0.0045378514728349395,0.003401733541952333,0.05706921985195802,0.0036035478459173417,0.015375645210062048,0.9123354868078505,0.0036765152694247737
ISIC_0033277,nv,nv,0.0001573093382029189,0.0005074536656749631,8.856714307237785e-05,0.0004601717787484046,0.00044394311116223765,0.9981647333839674,0.00017782157917176948
ISIC_0033448,nv,nv,0.0017095902322755764,0.002594320553961874,0.017981269996551835,0.0023374412719170453,0.003671039073297964,0.969671448013393,0.0020348908586026995
ISIC_0033036,nv,nv,0.003687276980652773,0.0022140278368795595,0.002205820056181793,0.004472839329655579,0.025437885593581754,0.9592864373760115,0.0026957128270370273
ISIC_0033861,nv,nv,0.0008400545203067319,0.0030569095331275256,0.0005219205782667051,0.001475146337484395,0.17003507449697186,0.8224496218798054,0.0016212726540373824
ISIC_0033147,nv,nv,0.0040261860562276295,0.002108219209295209,0.007072089283248759,0.004689558962882464,0.039451425767948405,0.938370953508373,0.004281567212024503
ISIC_0033740,nv,nv,0.0005827544499306449,0.007171283852311827,0.0012506633734099873,0.002094803663153037,0.031025708924819397,0.9569872872283836,0.0008874985079915136
ISIC_0033153,nv,nv,0.0027139450399821124,0.0006575996361808522,0.0020490309003186567,0.00855649646428587,0.003621426456399891,0.9802297040162753,0.0021717974865572637
ISIC_0032848,nv,nv,0.0005867960846161893,0.0019347724047967401,0.0009718447399335252,0.002340301336572325,0.0025998138505439836,0.9855854934902697,0.0059809780932676
ISIC_0033656,nv,nv,0.0014801475866049378,0.0020046370210175333,0.003931259375315768,0.013564687054547697,0.0023840229454797864,0.9721415800150196,0.004493666002014674
ISIC_0029775,nv,nv,0.000510367144570666,0.002741872802396264,0.0016751437055942454,0.002070116282709309,0.0391235800909867,0.943636470258728,0.010242449715014848
ISIC_0031460,nv,nv,0.004214880445514384,0.004487747211715464,0.001539191920983635,0.002332626646898077,0.21112633074382772,0.7709616035693821,0.005337619461678582
ISIC_0028540,nv,nv,0.0012328488847381303,0.0015554986417231063,0.0006392316858585132,0.0010151017372623783,0.0068584011140653735,0.9878844170791317,0.000814500857220881
ISIC_0029704,nv,nv,9.249772926782894e-05,0.00043518739658096893,6.179040860983778e-05,0.0002442486507294474,0.0008690331698652732,0.9982196263685095,7.76162764372007e-05
ISIC_0029809,nv,nv,0.0034709867691627475,0.003943282651559277,0.003938448548116121,0.0033579094566367576,0.07535245149131006,0.9067632422104345,0.0031736788727805883
ISIC_0028538,nv,nv,0.00038179828610999646,0.0005686793701902942,0.01063835515046995,0.0014246727807211224,0.012966718820694017,0.972950451748276,0.0010693238435386093
ISIC_0031796,nv,nv,0.007645728716759062,0.014163864828361952,0.02985364666705327,0.008859360919642047,0.009103979176129512,0.9232132707042011,0.007160148987853094
ISIC_0026328,nv,nv,0.0005481625628811024,0.000497126820236203,0.00043421125725099334,0.0010450488255409436,0.0032876070058965056,0.9934879776979164,0.0006998658302778055
ISIC_0027567,nv,nv,0.0047969199940746604,0.0031843981636446063,0.0027350647360981192,0.0030170797744439445,0.09574458079443868,0.8888658930599843,0.0016560634773157077
ISIC_0027942,nv,nv,0.00025765462516715904,0.0004464942538057136,0.0006057483200816663,0.0005349832492032911,0.002333562062648547,0.9942940098895711,0.001527547599522555
ISIC_0030264,nv,nv,0.0006795664390409763,0.0006121061242412458,3.0215181979822868e-05,0.006757887500787968,0.0029207941503969583,0.9887920589884376,0.00020737161511540954
ISIC_0027052,nv,nv,0.0004765568286672195,0.05025290783107531,0.0014374098362960684,0.013037087380408771,0.02314743370141688,0.8365669857120566,0.07508161871007922
ISIC_0028894,nv,mel,0.0040244450979099195,0.009154942048926593,0.019390532870166337,0.006001829208995534,0.8603450817584218,0.09639993559571547,0.004683233419864272
ISIC_0025208,nv,nv,0.0009807029080844995,0.0007596672366923916,0.0012908590255070757,0.0002701034771035382,0.0006627663912378772,0.9958148264097987,0.00022107455157589073
ISIC_0030840,nv,mel,0.005203874683506652,0.00551235137013788,0.02197098706633435,0.0053962748972382416,0.5755481263619033,0.38460187252830536,0.00176651309257418
ISIC_0032291,nv,nv,0.0005802575698855976,0.0007397720599403374,0.0008115802267259135,0.000678551586849003,0.0013092527401337552,0.995567561208894,0.0003130246075713522
ISIC_0029566,nv,nv,0.0019908275231025367,0.003361969984395846,0.016136355297550125,0.003009662006300313,0.02581835073766437,0.9458100404278749,0.0038727940231118897
ISIC_0026841,nv,nv,0.001659744607563728,0.003120922714046554,0.006097063748111851,0.0017893244572465843,0.007243337016392279,0.9777086543393136,0.002380953117325297
ISIC_0025945,nv,nv,0.0006356479525676009,0.0018140692352978528,0.002264461497357737,0.0012551033182843876,0.004142245259642966,0.9887487966513637,0.0011396760854857787
ISIC_0031149,nv,nv,0.0025176472624239697,0.005879917226442091,0.00685531152686467,0.002268987443181431,0.006147348479722206,0.9734984626289584,0.002832325432407151
ISIC_0031360,nv,nv,0.002834702916114291,0.011577700760315189,0.001082442882961707,0.0038570640502932105,0.004338746789829601,0.9722185205904292,0.00409082201005677
ISIC_0032368,nv,nv,0.003237456328001923,0.002599222602230289,0.0026507412010309665,0.0021863875720344503,0.037058793927758245,0.9502878085508865,0.0019795898180577165
ISIC_0031905,nv,nv,0.0003989201150484748,0.00102782795012099,0.003501057052360284,0.0015076187100794935,0.004983352376205808,0.9877314985062903,0.0008497252898947099
ISIC_0025545,nv,nv,0.0012164374560394767,0.002773253865058425,0.0023060184843265844,0.005116944615467904,0.0119672610706016,0.9699500780872675,0.006670006421238513
ISIC_0024529,nv,nv,0.002091595035862694,0.0009469512989262134,0.004557927630979645,0.0030518381408692,0.002399631089841853,0.9857492055642466,0.0012028512392737876
ISIC_0024355,nv,nv,0.0017041737561860053,0.001962496943241969,0.0007261975738760857,0.0025546656888642246,0.002785937754422191,0.987718180440526,0.0025483478428836065
ISIC_0027423,nv,nv,0.0022793247912664292,0.021157833963863767,0.003462796722372326,0.015225738624608515,0.05513952255844503,0.8817970009630842,0.02093778237635972
ISIC_0024587,nv,nv,0.0002473869535812234,0.00015463951225802496,0.0008547302488319119,0.0003418738157095278,0.00232979876845477,0.9954415530356647,0.0006300176654998637
ISIC_0031541,nv,nv,0.0013519195190023355,0.006038650393794047,0.0019291261242674442,0.004939427299438322,0.0013706654883080477,0.9814797006142858,0.0028905105609040144
ISIC_0027596,nv,nv,0.001071429070000485,0.008419678028010679,0.001833197110355492,0.002816417535899512,0.0018286128998467293,0.9805680285080886,0.003462636847798573
ISIC_0031204,nv,nv,4.5793850337821864e-05,0.00014034556848002244,0.00016869790673717838,0.00018908388684184428,0.00034237387987847757,0.9987136140674641,0.00040009084026062196
ISIC_0024694,nv,nv,0.00018248046538473623,0.000489155594043225,0.00031353115875721487,0.0008467908840077155,0.004342830911998684,0.9936104510425823,0.00021475994322608835
ISIC_0025231,nv,nv,0.0009747603435001899,0.000726173292301104,0.0030223892672876685,0.0012534573089310916,0.008282206863405377,0.9852601296555892,0.0004808832689853565
ISIC_0027514,nv,nv,0.004921994437784097,0.0025084124607085115,0.007405044644334563,0.008835885046094996,0.1490267654576185,0.8251758466620158,0.002126051291443547
ISIC_0029382,nv,nv,0.004729311774841956,0.01704163035157719,0.002146413839756643,0.003026081473628594,0.012648975611351407,0.9584329505649511,0.0019746363838931
ISIC_0031811,nv,nv,0.000979803405608206,0.0013276424191388104,0.0011768783918805828,0.0010665893935861736,0.005516456737847291,0.9893748212967091,0.0005578083552298613
ISIC_0028390,nv,nv,3.4905253156320585e-05,6.727586608268582e-05,3.2567237402183485e-05,0.00015964579798008255,0.0015591408604533313,0.9980517850352214,9.467994970402729e-05
ISIC_0029661,nv,nv,0.04603910647186243,0.012134966692140939,0.20355156249381262,0.016490110511272534,0.19109016540477203,0.5210583834825138,0.009635704943625773
ISIC_0028030,nv,nv,0.0009540361841451679,0.0015719600170347235,0.00040629805325625187,0.005392898483016922,0.0022457084926129334,0.9873482799331336,0.0020808188368004097
ISIC_0026030,nv,nv,0.002699948697459752,0.0018875977932218367,0.00307973016364356,0.0017815707089073607,0.043324157527490685,0.9454736849563651,0.0017533101529117745
ISIC_0032427,nv,nv,0.0006471064158881246,0.0018653741901454462,0.010257829405480956,0.001717328412403119,0.011855026890846712,0.9694404193470015,0.004216915338234102
ISIC_0031405,nv,nv,0.003681165107178582,0.0026945786498452817,0.001847138740194322,0.023997269841295247,0.04827032361319523,0.9170840961601195,0.0024254278881717527
ISIC_0027897,nv,nv,0.000496477257033685,0.011671764644947775,0.005149605920794325,0.0010410581876997497,0.0011043725873531337,0.9788465080572251,0.0016902133449462752
ISIC_0032184,nv,nv,0.0037614297660045967,0.0027713478106602485,0.049069776872527025,0.005786081374552204,0.20227333185057306,0.7335035250965711,0.0028345072291117526
ISIC_0031399,nv,akiec,0.4730235144043084,0.036698878393443615,0.07035116636068284,0.0067360642818686915,0.09248520776676142,0.31266767261420453,0.008037496178730499
ISIC_0030621,nv,nv,0.019466928026240022,0.00918883794573001,0.03488311656534772,0.005502693484798905,0.2819276561514119,0.6428933009959825,0.006137466830488946
ISIC_0031510,nv,mel,0.018113918084649086,0.024081189047579707,0.03864295727760379,0.009802229489118418,0.7551469270067374,0.14719576689835256,0.007017012195959114
ISIC_0031483,nv,nv,0.0014923602992786712,0.02525548590640011,0.0010710115137153495,0.004630704703035331,0.0008485288219874667,0.9643627444925097,0.00233916426307339
ISIC_0032274,nv,nv,0.09259501869197949,0.014530844435754154,0.10191955678462523,0.00966930592143061,0.012696503301669956,0.7598095380299221,0.00877923283461847
ISIC_0025518,nv,nv,0.019121689715574215,0.009690404010398982,0.025865406969699467,0.006008952863113188,0.1421775171097277,0.7883267413811079,0.008809287950378513
ISIC_0025181,nv,mel,0.011427164204609644,0.002986050928081992,0.0067518994528159605,0.0040142266031823436,0.48893235205447916,0.48172218271866557,0.004166124038165259
ISIC_0031603,nv,nv,0.14804085900229969,0.0184939647502896,0.006567394457770731,0.014929936269458483,0.06080641865632602,0.7485083068056206,0.0026531200582347583
ISIC_0029867,nv,nv,0.02463086036246782,0.011391020324986532,0.2328856918496083,0.00449924753468388,0.0647460435472441,0.6570452477600341,0.00480188862097513
ISIC_0027045,nv,nv,0.003405194008701636,0.006686428634370123,0.008825898294133458,0.0011588287718234075,0.0008842617755297008,0.9776723297675065,0.0013670587479351908
ISIC_0025742,nv,nv,0.006821245377601941,0.0041376676829425404,0.032238988837410054,0.003975057909645522,0.003445978777106598,0.9476532486994836,0.0017278127158097138
ISIC_0031015,nv,nv,0.004461166710850694,0.007235210757784537,0.0011369254200271645,0.0034795630618246797,0.0007253455595354962,0.9822821581711719,0.0006796303188055104
ISIC_0030842,nv,nv,0.003998540894452684,0.0014916634801781404,0.00039975116240222313,0.004151695177499239,0.020022454048228208,0.9689051474811239,0.001030747756115632
ISIC_0028598,nv,nv,0.0032739407093076048,0.0022481829655565133,0.011685176388034011,0.003369657623910424,0.004591832249719429,0.9718509030224498,0.0029803070410222695
ISIC_0026147,nv,nv,0.0009463626831184759,0.0017389881437849053,0.0005886908489920215,0.0017909456098892836,0.0030555586223987644,0.9911974043297503,0.0006820497620662115
ISIC_0025340,nv,nv,0.0024378705594055995,0.0006782080305130867,0.0007555166464866977,0.0013348589048503296,0.005444465528546746,0.9880353394034126,0.0013137409267849533
ISIC_0025657,nv,nv,0.0007203001652498469,0.0033335400113186473,0.0006481833954038364,0.00378713363314982,0.0033622875183459736,0.9869294002263949,0.0012191550501370228
ISIC_0026615,nv,nv,0.0018339608325645114,0.03643998904025062,0.04252239052921623,0.005294832331775455,0.04944298172529445,0.8616933288011378,0.0027725167397609444
ISIC_0031934,nv,nv,0.0007794201328107522,0.0010757875004595403,0.003288728329774818,0.0009123186077438974,0.0048659086614300726,0.9881358708812642,0.0009419658865167187
ISIC_0029583,nv,nv,0.0040851324944274885,0.004729044928001072,0.04069925415836085,0.003380201789476834,0.00644742845893598,0.937006390628862,0.003652547541935688
ISIC_0029121,nv,nv,0.005158692779689313,0.0030367857435726815,0.001983597041990627,0.0023098705765041824,0.0066326633253314315,0.9799690693615393,0.0009093211713725254
ISIC_0031126,nv,nv,0.019955140291686515,0.1225018716865949,0.10912362406489676,0.012003670536701667,0.016149909823646277,0.707277045857514,0.012988737738959678
ISIC_0025506,nv,nv,0.01617666608415868,0.007031253670966432,0.0022054579656890848,0.0035965073850272723,0.003746487622525187,0.9662802569464353,0.0009633703251980654
ISIC_0030796,nv,bkl,0.01820537271211776,0.017352680831717236,0.5153445703220736,0.013402599198986098,0.18475344332197363,0.23167621024225793,0.019265123370873865
ISIC_0029197,nv,nv,7.90589595558312e-05,9.612479859302117e-05,5.281302903298585e-05,0.00017364608909375338,0.0003675590174663306,0.9990944504047108,0.00013634770154732012
ISIC_0028408,nv,nv,0.007910243313188431,0.015246086637501086,0.001387448270627077,0.005003219660965031,0.21781478427264148,0.7475032138495019,0.00513500399557494
ISIC_0026404,nv,bkl,0.007485661909800389,0.0018596412178217001,0.9568222948219651,0.0007902928864768002,0.030019179291365442,0.0024437097040031983,0.0005792201685673888
ISIC_0029298,nv,nv,0.008037477763102107,0.006787671386377067,0.010685890651362492,0.001798286545471701,0.0030691440695336325,0.9679344701069494,0.0016870594772035383
ISIC_0024790,nv,nv,0.0027707163608232934,0.0016170343296659092,0.0005957567533922308,0.0013110544391021037,0.05399522774271208,0.9388016966560221,0.000908513718282346
ISIC_0028551,nv,nv,0.004087362785312442,0.012272480028216806,0.0019206903902600906,0.0013694879699925546,0.0022676265331189093,0.9763544547389077,0.0017278975541914726
ISIC_0030962,nv,nv,0.0007416712470758157,0.0025791414473216585,0.0009834258157502597,0.0013429428861850192,0.0014139453103885083,0.9903676291451086,0.002571244148170157
ISIC_0025926,nv,bcc,0.023118336964178945,0.6453101386499052,0.029945458131155997,0.014124118331046548,0.04314649146370738,0.20303864425583348,0.041316812204172486
ISIC_0026741,nv,nv,0.0053056165129946745,0.0021696407252650486,0.006467533041299932,0.0017323399611374306,0.035148138507347965,0.948055916586929,0.0011208146650259362
ISIC_0032243,nv,nv,0.003005874598765473,0.0010532553823730225,0.0020206053019298335,0.0011073856084947876,0.0019805025638409083,0.9900623583024704,0.0007700182421255709
ISIC_0031363,nv,nv,0.030442805100628578,0.010735811152371705,0.056473249266868024,0.0058833055120831625,0.0021911683579586183,0.8926345451601906,0.0016391154498993136
ISIC_0026398,nv,nv,0.016138789756531755,0.0025349327419993697,0.0011547292405979714,0.00284126177041336,0.0022176743600242424,0.9745866022820775,0.000526009848355813
ISIC_0030416,nv,nv,0.011036639850670002,0.041819293612030635,0.3024012970495353,0.016833891706582484,0.0705577943966598,0.5498970140951142,0.007454069289407542
ISIC_0031451,nv,nv,0.0025634717622165966,0.0010062070327903861,0.0009333951925265519,0.00417705476680813,0.0012324410929122997,0.9877536963787114,0.002333733774034703
ISIC_0030115,nv,nv,0.001186373947269071,0.006097657017682175,0.0033655071458061213,0.0018114104416096248,0.013029537715423587,0.9734392977419618,0.0010702159902476716
ISIC_0025784,nv,nv,0.013089764955933234,0.02418622842648267,0.0050465308517037176,0.010599870882362803,0.04695485761642261,0.8958200902847446,0.0043026569823503644
ISIC_0027928,nv,nv,0.02709292411067539,0.012807182379144069,0.24062142034024314,0.012227475960255042,0.060124925577234395,0.6372796745527296,0.009846397079718397
ISIC_0027466,nv,nv,0.006351326496727684,0.003273553122002144,0.018539413504447606,0.004511456788278733,0.057488614163605525,0.9036259438585691,0.006209692066369213
ISIC_0026414,nv,mel,0.0708975926932707,0.01925121708385882,0.11913855667011747,0.01319674696251002,0.5268261281944822,0.24421381675192816,0.006475941643832695
ISIC_0024926,nv,nv,0.03192878970113599,0.031212370251051374,0.023039530456919432,0.21907059723891287,0.052248944619656026,0.6345554720551261,0.007944295677198192
ISIC_0026559,nv,nv,0.017962055646394016,0.09584595211806966,0.0693507869243328,0.005434182287643756,0.017375336396831476,0.789751098248609,0.00428058837811928
ISIC_0031708,nv,nv,0.003282240100749367,0.0006382514809125854,0.0008730204938661714,0.004767835513879151,0.19305570310664733,0.7963320629186053,0.0010508863853402072
ISIC_0024356,nv,nv,0.033589841825651806,0.034581460570541955,0.03951645474033126,0.006267851450736359,0.02553363322522632,0.8523516295384636,0.008159128649048731
ISIC_0031838,nv,nv,0.004354794695626177,0.0013889683149173725,0.004820112611256486,0.00272051197213617,0.035256372264957224,0.9491230054005251,0.002336234740581492
ISIC_0030253,nv,nv,0.011261653374925813,0.010035167445570502,0.1202420953699625,0.018782556126895385,0.16160204878306328,0.6693080212297715,0.008768457669810948
ISIC_0029733,nv,nv,0.012428714946435314,0.4134891508432548,0.01326360116144055,0.009868955011944451,0.005344427360997468,0.5349824355393599,0.010622715136567557
ISIC_0029054,nv,mel,0.0640702187894613,0.017365062950467823,0.3418720319009152,0.013356386605869453,0.4384666143862106,0.1167398687943683,0.008129816572707244
ISIC_0030069,nv,nv,0.013517126124802574,0.0030992668425117156,0.01717169985482951,0.006714095001145883,0.04166636315884617,0.9131098752227229,0.00472157379514121
ISIC_0025088,nv,nv,0.0017449061751237988,0.0014139403572915833,0.004732581795189986,0.0022497924671000796,0.001125844352450186,0.9849622761782385,0.003770658674605893
ISIC_0026786,nv,nv,0.05047720580311962,0.02165609800674152,0.2578792823353083,0.028107754410286977,0.023171814922622623,0.5652265779623789,0.05348126655954214
ISIC_0027461,nv,nv,0.003710877442028892,0.0013819748528887605,0.0019426098267977942,0.0008850019324130272,0.15113382968996267,0.837796128143072,0.0031495781128368684
ISIC_0026076,nv,nv,0.0032582945061674817,0.001636251878448229,0.007987424428200194,0.0010704304915676649,0.012277282706259798,0.9723912046410391,0.0013791113483175705
ISIC_0028441,nv,nv,0.020268175204557627,0.009204794264859623,0.0017567247934369707,0.005273138427748903,0.042956854955275264,0.918725466116322,0.0018148462377996102
ISIC_0030313,nv,nv,0.0025251136985700584,0.00769432851726576,0.0020667575397270697,0.024928817194928066,0.008687789597965742,0.7983567663723551,0.15574042707918823
ISIC_0025579,nv,nv,0.0010866409166839714,0.0020295069083380466,0.003373892903990643,0.0028923885446001905,0.05022089253744479,0.9376627297885187,0.002733948400423668
ISIC_0032459,nv,nv,0.0018724320646201324,0.007770536342338847,0.03764746320818,0.004658355188191153,0.015256261715351752,0.8499859369441491,0.08280901453716903
ISIC_0025730,nv,nv,0.0029365739610916156,0.00934304195569809,0.005766248002566165,0.0030757972420834088,0.02346172811521336,0.951986885603257,0.003429725120090376
ISIC_0027066,nv,mel,0.007080318800832393,0.0011982505458867183,0.07772340601889208,0.004666614624612165,0.8462853143588872,0.06142382931802562,0.001622266332863841
ISIC_0029465,nv,nv,0.010876131073995805,0.006927673904989447,0.006688855336050925,0.0029924025257327923,0.1485260597210906,0.8157329527783039,0.008255924659836485
ISIC_0025967,nv,bkl,0.02055415446989847,0.0008921077393881787,0.8174311182943151,0.005596660197069681,0.015284207367987964,0.13845547786783297,0.0017862740635076226
ISIC_0027360,nv,mel,0.01411234331417547,0.030583814178150977,0.27535638965281295,0.0065158786853254345,0.4214595885048955,0.2447665926655769,0.007205392999062848
ISIC_0029554,nv,bcc,0.009895663943541461,0.45289262877837266,0.034986516760763586,0.004781126254860797,0.08302953936707638,0.4120731250188728,0.002341399876512197
ISIC_0024578,nv,nv,0.0020855350735744516,0.0009784012660157958,0.0028901896733100154,0.0014136404993987306,0.0010505480424233345,0.9901541040315913,0.00142758141368631
ISIC_0025759,nv,nv,0.003090243798392444,0.0011765358005953012,0.07124160142008491,0.0018833115676840178,0.009968611461592891,0.9099194255330478,0.00272027041860259
ISIC_0031366,nv,nv,0.0011060495651385052,0.0009568997992991942,0.008527196542706303,0.0008392140152027599,0.005850840171326332,0.9814190008665894,0.001300799039737479
ISIC_0028310,nv,nv,0.002169351030410729,0.04516966227107387,0.003617346872726842,0.004622214626517414,0.006016933514253711,0.9318184334047016,0.006586058280315795
ISIC_0028281,nv,nv,0.0021364685418179745,0.01302797082649872,0.09586865110638658,0.001467092130687271,0.0022688970254904407,0.8828274167617559,0.002403503607363087
ISIC_0030598,nv,nv,0.010342959388135762,0.028045544893874525,0.29278105208145766,0.005187647779594271,0.044290576858261134,0.613929702256196,0.005422516742480573
ISIC_0028205,nv,nv,0.05789266681417985,0.03742358478022029,0.24921466130427622,0.012281617402488978,0.01359236354723869,0.6250555130984231,0.004539593053172843
ISIC_0025936,nv,nv,0.0003522969879295334,0.00017811705930527232,0.00018799491394876864,0.001288294025499158,0.009392631820652057,0.9881015427981318,0.0004991223945333856
ISIC_0025179,nv,nv,0.026171874892733604,0.04307507566739175,0.06735868911975446,0.00559758727356921,0.04272597638018001,0.8022335583409373,0.012837238325433539
ISIC_0024441,nv,nv,0.015501123606716542,0.007953768846816783,0.025753250908485254,0.010768308953621224,0.049202944275435354,0.8785855870363054,0.012235016372619414
ISIC_0030534,nv,nv,0.012016582013093365,0.007275960937377963,0.002353800364151173,0.0048657709515050745,0.022155675013657998,0.9481297239094989,0.0032024868107155607
ISIC_0031314,nv,nv,0.2436417660621281,0.0381050606106242,0.279695182337554,0.01823081023035144,0.033664790330951176,0.3629879589081296,0.02367443152026152
ISIC_0031121,nv,nv,0.006137961280678097,0.01950996817144797,0.08522403638760032,0.00765228447013447,0.026288126317118327,0.8400020755527634,0.015185547820257314
ISIC_0031301,nv,mel,0.02772298667159441,0.02748376890766511,0.1092574550027115,0.010182625507243817,0.7709725117461381,0.04881554333315026,0.005565108831496711
ISIC_0024882,nv,bkl,0.014225457207530575,0.010968675492078675,0.6147208514648979,0.0049052877771671895,0.015190186013936673,0.33389002356186437,0.006099518482524733
ISIC_0026956,nv,nv,0.007182231868524878,0.053298795333491036,0.0022098830248270095,0.003098612603053992,0.0010962239136090076,0.9318275084893581,0.0012867447671359089
ISIC_0031982,nv,nv,0.0035314997131504896,0.009178021152267355,0.008960506336828973,0.003755502852803621,0.006925036806041848,0.9634180394309291,0.00423139370797859
ISIC_0029833,nv,nv,0.006088039847547605,0.014763105871513468,0.028048428954996308,0.029113635465841937,0.01087451412409227,0.8982175645889225,0.012894711147085838
ISIC_0028736,nv,nv,0.004702400226837609,0.008008939813885967,0.07583699565517021,0.004086739677537146,0.02981040769883191,0.8758543731398722,0.0017001437878648889
ISIC_0024447,nv,nv,0.0049470227239267065,0.0024676318668084706,0.003423906592141664,0.0035566148383090095,0.100759457244372,0.8824756309158727,0.0023697358185695255
ISIC_0027498,nv,nv,0.0019896451436324865,0.007343062840945529,0.009261862355529452,0.0012793497351234091,0.002481240383218412,0.9752414863206547,0.0024033532208960692
ISIC_0024657,nv,nv,0.0005059934643463831,0.0009717679005068541,0.0005479904656543462,0.0006466851591876225,0.001254216281716531,0.9955790100266227,0.0004943367019654964
ISIC_0032279,nv,nv,0.005447942830831267,0.05566260300657409,0.0034646130986376697,0.008736897225497848,0.018799687983724025,0.9064592107648407,0.0014290450898944134
ISIC_0027922,nv,nv,0.005566591682124862,0.003843279189287159,0.10968503042183414,0.0026796395587791117,0.06497316197613702,0.8080679929390185,0.00518430423281916
ISIC_0027298,nv,nv,0.0314791112716049,0.029053478375999944,0.03623273520850935,0.011260649039245509,0.022192697351283017,0.8595177743880109,0.010263554365346301
ISIC_0032090,nv,bcc,0.008507462395457218,0.8707698513099646,0.001145600126973008,0.015991182813940512,0.0008427316307871033,0.10038249740155274,0.002360674321324719
ISIC_0026048,nv,nv,0.028684621514061422,0.008826350299312585,0.01086702862930942,0.017986435294540595,0.05385078040152806,0.8753339016883377,0.004450882172910218
ISIC_0026753,nv,nv,0.006705638806717087,0.0018410840897242718,0.02422549707518484,0.002828534523160946,0.002666906262928568,0.9604356419080167,0.0012966973342676377
ISIC_0025505,nv,nv,0.0037873207676591236,0.02149935413946508,0.0005210646834057973,0.0018009086770424466,0.0014673176905559162,0.970173019844038,0.0007510141978335529
ISIC_0025517,nv,nv,0.0034334003468988565,0.002835417334552904,0.002172763390750871,0.0014727664581027666,0.007786249644672427,0.9809692042077,0.0013301986173222266
ISIC_0031238,nv,nv,0.006117113651900103,0.005589450601763313,0.051411258653444904,0.023744759163794697,0.007446891245994455,0.8946263208564227,0.011064205826679874
ISIC_0026297,nv,nv,0.025029081841148455,0.11014824687480329,0.1883143966539417,0.012230679444810537,0.23014994932345967,0.4151717497517038,0.018955896110132493
ISIC_0030639,nv,bcc,0.004473031703261134,0.7123574679823014,0.026835428720864658,0.004981925008695623,0.008347932906766022,0.23563009659817813,0.007374117079933022
ISIC_0025165,nv,nv,0.0076887548694829794,0.0019414304326759739,0.000802692312763435,0.010477064914662501,0.004570611166592152,0.972854004986982,0.0016654413168409347
ISIC_0025237,nv,nv,0.08063814413453996,0.10175630919087782,0.2732856069453576,0.0068171423757206655,0.01618765818850245,0.4984932710310934,0.022821868133908182
ISIC_0029390,nv,bcc,0.025372270230798553,0.42208428423929634,0.11241024485283559,0.0068369177420898285,0.044526705634115156,0.37796588156350686,0.010803695737357663
ISIC_0030663,nv,nv,0.0015709100058469943,0.0008624237037072586,0.014238516502378468,0.0038934193780235816,0.062318751850887366,0.9160831862671958,0.0010327922919605404
ISIC_0025422,nv,nv,0.0017791063890926304,0.0048110686061138925,0.0032159076808159167,0.0013471159092031297,0.0035638736546940923,0.9843818981442358,0.000901029615844496
ISIC_0026665,nv,nv,0.0012408791834032146,0.0030870276001242584,0.0018874168498760452,0.000986808871899847,0.009246012271871943,0.9821437249618796,0.0014081302609450154
ISIC_0027984,nv,nv,0.0016670528386940073,0.001211236248923911,0.0026817427908899356,0.0022915652319539614,0.07257501608946776,0.9183829636214172,0.001190423178653148
ISIC_0026124,nv,nv,0.005187698437422055,0.017821456480424422,0.07575545614304678,0.007340047088664522,0.08876594727560208,0.8027045299098483,0.00242486466499179
ISIC_0026711,nv,nv,0.01601311829196731,0.00865467453451543,0.037311554512171524,0.004174065915641826,0.3399862601193513,0.5891009177012617,0.004759408925090829
ISIC_0030176,nv,nv,0.006334422555049527,0.0018599440106404157,0.006893917717272354,0.004672911448945428,0.007812779587610827,0.9669586573467716,0.005467367333709868
ISIC_0026580,nv,nv,0.0004468280578015903,0.0005242044725483679,0.0014602525095492032,0.00040369279629925335,0.0007506316670212478,0.9959822517541738,0.0004321387426065985
ISIC_0025346,nv,nv,0.022898077160451294,0.0015773199316236049,0.013670869039333454,0.009331870241980022,0.04243980358808401,0.9072411526125991,0.002840907425928505
ISIC_0025540,nv,nv,0.0005521075114475299,0.0006729708843920972,0.0051531438332412085,0.0009011117657048066,0.0027055350215406185,0.9857059210507464,0.004309209932927318
ISIC_0032333,nv,nv,0.0030767319173956942,0.00198198285649215,0.008330544643992405,0.002944727269500161,0.021272105760468087,0.9578455106075351,0.004548396944616423
ISIC_0028596,nv,nv,0.005225606834406891,0.008500482521798745,0.1155039046573592,0.010071757496101457,0.021130248187908148,0.8336756119866815,0.0058923883157440335
ISIC_0024902,nv,nv,0.002228474843351066,0.00040917516532029273,0.010238963414512263,0.0020097252918596987,0.0352781950197249,0.9489342021402554,0.0009012641249763992
ISIC_0026676,nv,nv,0.011642862629907831,0.022887558075008318,0.03608935741147492,0.006614037688478832,0.051737435909542856,0.8608180228914024,0.010210725394184864
ISIC_0032328,nv,nv,0.0018390891798047532,0.001748881682861812,0.004882741882591856,0.005172523988425303,0.011516362807081005,0.9714857648748844,0.0033546355843509248
ISIC_0025193,nv,nv,0.0004151292432618545,0.00039914956525547877,0.003033108020504927,0.0007703431574966053,0.0005450691239539368,0.9939225237601633,0.0009146771293639165
ISIC_0026218,nv,nv,0.0035274937531228406,0.003607885783602232,0.2523566118944937,0.002419990323314647,0.004628586334863647,0.7323190453366368,0.0011403865739661031
ISIC_0030155,nv,nv,0.006194880286325086,0.0025739341214541353,0.2403775304747001,0.01294141062237976,0.011176822933812293,0.7131799551810595,0.013555466380269122
ISIC_0028531,nv,nv,0.0022555344216030823,0.001493493137704374,0.003139128361342675,0.004653612083983264,0.010060699431360462,0.9748534702409042,0.0035440623231019638
ISIC_0025446,nv,nv,0.002495772410700439,0.0007475243111809873,0.08498484315018198,0.0013874308460872543,0.0016761370624971625,0.9044487459039466,0.004259546315405472
ISIC_0025647,nv,nv,0.009538688082241084,0.004282902679813371,0.033694279123347964,0.01111032631061253,0.38574354385079684,0.5436689830772238,0.011961276875964441
ISIC_0026371,nv,nv,0.0004917480396126812,0.0005349394569852573,0.0009489619833922953,0.006098767615672735,0.006428258155091061,0.9841831360833275,0.0013141886659184217
ISIC_0030019,nv,nv,0.0021960566465402337,0.00601722817075826,0.001108021796787838,0.0025748271846131395,0.011046679100860022,0.9746265614432306,0.0024306256572099116
ISIC_0028042,nv,nv,0.004287616517754154,0.022481664393248755,0.029728267020991454,0.013757177318527433,0.018455589465640646,0.8972890691550227,0.014000616128814912
ISIC_0030229,nv,nv,0.0012725738208230952,0.01127940542871531,0.008524581508238965,0.009656373209962533,0.01454603766959594,0.9499306145488361,0.004790413813828051
ISIC_0027133,nv,nv,0.00019249713671874033,0.00025550401716211134,0.0009403584998915567,0.0015033852807458778,0.0019546349081600127,0.9944216938526472,0.0007319263046744897
ISIC_0028756,nv,nv,0.0006969229583615514,0.0013470924545435506,0.003112781570966565,0.0030186824014921715,0.001889350983115494,0.9880716791660356,0.0018634904654850984
ISIC_0024818,nv,nv,0.0025737084443665115,0.001870323554627228,0.057437864033587534,0.00177897116952923,0.05830725944491664,0.8760996698126493,0.001932203540323551
ISIC_0025271,nv,nv,0.0040945482114422655,0.0039015451841950028,0.003872670612045422,0.025814593116358902,0.04204455788253979,0.9181790072433017,0.0020930777501169673
ISIC_0032042,nv,nv,0.0006193143844117386,0.00020918301228607693,0.002491733392068052,0.0005443903870708513,0.0008771195854992617,0.9931194570899862,0.0021388021486778283
ISIC_0030589,nv,nv,0.0038332768525676,0.06523275609962365,0.05784385244941032,0.03491682432629388,0.04075303723238061,0.642331576883423,0.15508867615630087
ISIC_0027140,nv,nv,0.0007501294016098935,0.001356781435479243,0.0005574132122635288,0.0018350391867418988,0.006843660111248131,0.9877252880522336,0.0009316886004236805
ISIC_0030404,nv,nv,0.0005636514879767729,5.854150259362706e-05,0.001407514046642646,0.0009464572062945353,0.004008509611411849,0.9915954233737442,0.001419902771336388
ISIC_0027311,nv,nv,0.0014755042744360111,0.00031087235848278286,0.00879531796493401,0.0019191843614631528,0.05474193247728545,0.9287301579032191,0.004027030660179465
ISIC_0031896,nv,nv,0.002433193491901837,0.0037913928869254335,0.03221852332388429,0.0029399527697858167,0.01601580744418805,0.9384880489030666,0.00411308118024801
ISIC_0032388,nv,nv,0.012940507026956947,0.0176643859139312,0.026720814911766408,0.011931511578330018,0.08390147852615203,0.8289802858275874,0.017861016215275985
ISIC_0030299,nv,nv,0.0015453345629042265,0.0020366873027900527,0.0022293319803277658,0.003216080893676754,0.015597595665015349,0.9719151786404161,0.0034597909548697435
ISIC_0028866,nv,nv,0.003767237221040818,0.005288668107163171,0.006691212624803142,0.006250756964177026,0.02586513259694067,0.9443548108541602,0.0077821816317149685
ISIC_0025253,nv,nv,0.0006847050431278889,0.0005423541164115745,0.006011541895058242,0.0018403137101527653,0.01706139759208795,0.9709409026546804,0.002918784988481257
ISIC_0026190,nv,nv,0.0018391919413100677,0.002123232376362489,0.010280098972326445,0.005261557660121608,0.014720530323001245,0.9618759990878277,0.0038993896390503834
ISIC_0030358,nv,bkl,0.019958954089229576,0.15388470835220516,0.29010864738160497,0.018353128487710826,0.2238100582524473,0.2863201282154582,0.0075643752213439336
ISIC_0030086,nv,nv,0.0010952030841347694,0.002472745725196308,0.004253906434464573,0.004296759132352157,0.007879527089334837,0.9791705046453766,0.0008313538891407895
ISIC_0034265,nv,nv,0.0029801546898391785,0.0023467521527027104,0.04030031005201258,0.005208718388908697,0.02218610871927801,0.9209124772713135,0.006065478725945235
ISIC_0033765,nv,nv,0.002401037020198101,0.0015844977003896278,0.005706435346214064,0.002289488027651772,0.02383034244258011,0.9617751088486304,0.0024130906143359724
ISIC_0032939,nv,nv,0.002342800498552735,0.0009064366904849277,0.003858503467946731,0.0024862441547532335,0.2759719365531854,0.7132844135354277,0.0011496650996493112
ISIC_0033682,nv,nv,0.001095144959688322,0.0006031076689749326,0.001110062784925219,0.001110062784925219,0.004194317964141268,0.9911778789415137,0.000709424895831404
ISIC_0032979,nv,nv,0.1551133074284809,0.04618308209281307,0.02347926686242381,0.012144080967480214,0.038544162204511984,0.7129037255349139,0.011632374909376136
ISIC_0033474,nv,nv,0.0066275845123994976,0.0030708539791039708,0.047881000540825475,0.005526578617512043,0.16701801463524452,0.7668281120101388,0.003047855704775645
ISIC_0034043,nv,nv,0.008443759292163445,0.006978115104190569,0.33194012871637063,0.016567838294651603,0.05397729161535935,0.5716981643849776,0.010394702592286788
ISIC_0033589,nv,nv,0.00042197627325774273,0.00029248441181308637,0.002514094274657976,0.0005343802283381801,0.007550995958477582,0.9882989043427134,0.0003871645107420585
ISIC_0032880,nv,nv,0.0002600955422295157,0.0002543000110771479,0.0004216962366056673,0.0008035323431662082,0.0015996921232915486,0.9956168389422353,0.001043844801394637
ISIC_0032721,nv,nv,0.0032696386924517627,0.002258054879592023,0.022975032722932005,0.0033557605352073647,0.013978580199639762,0.9520743059727955,0.002088626997381549
ISIC_0032616,nv,nv,0.0001298800084230427,0.00028136549672774325,0.0006004401985948305,0.00040413318089867656,0.0013565212333714741,0.9968593114195045,0.0003683484624798148
ISIC_0033355,nv,nv,0.00033308524307240996,0.001572068059396467,0.00035589618717378105,0.0012270376836989781,0.009929172638033456,0.9860265277972574,0.0005562123913675032
ISIC_0034219,nv,nv,0.001699295782769516,0.0017577637675354866,0.014664201042145348,0.002060938676268152,0.004837465785320575,0.9725729960242624,0.0024073389216985553
ISIC_0033118,nv,nv,0.004197348245651638,0.02139027445126128,0.008843303182569711,0.004280542914911043,0.0022398152479635447,0.9557605042887632,0.003288211668879579
ISIC_0033542,nv,nv,0.00010144758589821672,9.41009217070772e-05,2.3657130742773393e-05,0.00010773578422924002,0.0016243309159356212,0.9978633879524675,0.0001853397090195353
ISIC_0032575,nv,nv,0.0026233198381044893,0.0013302477293712961,0.005412010416400592,0.0018727514481488754,0.011520446070845769,0.9757163196092626,0.0015249048878663019
ISIC_0033842,nv,nv,0.0005794588576490052,0.0007037572310743782,0.018165929152044298,0.001198732519290939,0.002604888682330849,0.9760294892961209,0.0007177442614896237
ISIC_0032923,nv,nv,0.00020934360385603068,0.0007834902863837242,0.005003895682109305,0.0008099467166055538,0.0008581493034380244,0.9908553708030031,0.0014798036046042833
ISIC_0033577,nv,nv,0.0004044381651334866,0.0006107606959184259,0.000565112561320164,0.0006650770272581659,0.001413964374098346,0.9951148810592285,0.001225766117042868
ISIC_0033898,nv,nv,0.0034630639370867343,0.002236448991979641,0.00045041839116203355,0.003017214577291886,0.01347654418120224,0.9752947757737135,0.0020615341475640173
ISIC_0033173,nv,nv,0.0014407470857856078,0.0005820383092082998,0.0005467222406608187,0.0009226390427057896,0.0010695178048760548,0.9936345650176306,0.0018037704991328907
ISIC_0032655,bkl,bkl,0.00279224472204662,0.004476380845464585,0.582589076353748,0.007294047993458598,0.009357594211932111,0.389306889493741,0.004183766379609124
ISIC_0034114,nv,nv,0.0006379075504939755,0.0024765826765841387,0.0002942750189262535,0.0008235156122859355,0.0010433510831860493,0.9939008524462377,0.0008235156122859355
ISIC_0033039,nv,nv,0.0008259368468126477,0.0012719536882391622,0.0019066697131461675,0.0010249650947055818,0.0035490180008086606,0.9900354571095699,0.0013859995467179762
ISIC_0034228,nv,nv,0.0009457695122317946,0.002517165510607923,0.0007556034534968313,0.0026470009941845186,0.003982506424443484,0.9881488249849661,0.001003129120069353
ISIC_0032759,nv,nv,0.0023564670553208053,0.00480423962972854,0.0022190340492101255,0.0023446961579646195,0.004303079298483093,0.9812748649587959,0.002697618850496941
ISIC_0033647,nv,nv,0.00017390501209986158,0.00024024019237321958,0.00014247747001841352,0.0002983589262118922,0.00043957375434344146,0.9981781295831644,0.0005273150617887362
ISIC_0032956,nv,nv,0.001185929896659735,0.0009004213791829349,0.001071567771887604,0.0006700904964154249,0.006159755797850439,0.9893268727175044,0.0006853619404994211
ISIC_0034082,nv,nv,0.00020483901867687004,0.00035772617698979104,5.111120594887945e-05,0.0008209358679504833,0.00139730945608347,0.9964160743254783,0.0007520039488721784
ISIC_0034312,nv,nv,0.0008082048000813763,0.0030639821601991333,0.0005771212723373448,0.0009948899052542144,0.011808291436380217,0.9815471007194839,0.0012004097062637475
ISIC_0032578,nv,nv,0.00036772715184401505,0.0007648708247798728,0.00010890624674889735,0.0009205665150254716,0.00015005105696812277,0.9938879589447205,0.0037999192599131324
ISIC_0034266,nv,nv,5.9970332951728664e-05,7.83948398707546e-05,2.089989404111756e-05,0.0009671329061962033,0.0003049285570183988,0.9956528947937073,0.002915778676214419
ISIC_0034080,nv,nv,0.0010173991606093986,0.0011691051413378745,0.0007362110786824741,0.00031469130749047614,0.0034764505931228597,0.9925589315395148,0.00072721117924207
ISIC_0034154,nv,nv,0.0010563254282019256,0.001289242792994196,0.0336700813446217,0.0009294866008543522,0.005672221361440634,0.9548684770954071,0.002514165376480133
ISIC_0033028,nv,nv,0.0003002702059924458,0.0006083183314380065,0.01097790795503493,0.00035494459895126846,0.0020306085375705863,0.98509365289853,0.0006342974724827204
ISIC_0032814,nv,nv,0.004862483480728113,0.001888494333254729,0.0021746068774544944,0.006361040762904368,0.013509225891917307,0.967455132793968,0.0037490158597729807
ISIC_0033190,nv,nv,0.0010562731911472364,0.000690952566588886,0.001652822853294524,0.0012014728221692006,0.0010118831755442,0.9931106907867985,0.0012759046044574487
ISIC_0033535,nv,nv,0.00011198519364786919,0.00015047797451423321,0.00021445641359439313,0.00040305287505722654,0.00024581137176359546,0.9967157109810292,0.0021585051903934616
ISIC_0033330,nv,nv,7.531390641457076e-07,1.9115483588700148e-06,7.626269499722379e-07,8.84850121137373e-06,5.3695122280863845e-06,0.9999634121788894,1.894249329817573e-05
ISIC_0024725,nv,nv,0.002233573451789686,0.0030171128778709306,0.0025190498682817713,0.005560671173605721,0.07612787623795712,0.9057692452665568,0.0047724711239379445
ISIC_0031259,nv,nv,0.00041926255820508827,0.0004161225813415987,0.0014936001225725564,0.0015822109015410273,0.006310335146606381,0.9885683709179609,0.0012100977717724507
ISIC_0027138,nv,nv,0.01346728329893787,0.006322622685845105,0.005698157355830778,0.013843658176380204,0.048750935597860444,0.8995421726824088,0.012375170202736848
ISIC_0028014,nv,nv,0.008249875450606237,0.006982239907088491,0.3121928759213817,0.0047211819070466015,0.013861057851082614,0.6493348643385143,0.004657904624280125
ISIC_0031105,nv,nv,0.000996898624883484,0.0017555037987857403,0.01315665772947163,0.002131447729944705,0.005059377127139407,0.9749475028937458,0.0019526120960292328
ISIC_0029030,nv,nv,0.007013819271802446,0.012910590700974861,0.01809627901684231,0.005350845073832529,0.14701965677832368,0.8054387672222645,0.004170041935959627
ISIC_0031454,nv,nv,0.046845624064391994,0.057456969415805796,0.13326651414903737,0.02406640173435554,0.005446569915348737,0.6879909729890066,0.044926947732053975
ISIC_0028618,nv,nv,0.021998323794928366,0.02493039058720899,0.018413752662487324,0.010447598516068328,0.320155411541469,0.5999618861188529,0.004092636778984971
ISIC_0031488,nv,nv,0.0023266111952299972,0.007807969134161208,0.07064356334749819,0.001798243206272404,0.009618423640798473,0.9055349639778122,0.002270225498227593
ISIC_0027345,nv,nv,0.021926749460102368,0.01145815442932877,0.036397793063151426,0.004153067637262726,0.020110795158250226,0.8967857603221295,0.009167679929774918
ISIC_0029143,nv,nv,0.009577484856209082,0.0057900926213362465,0.013925689713278146,0.022691243810748763,0.04914031048274784,0.8945554093402477,0.004319769175432218
ISIC_0030693,nv,bkl,0.016185815103646493,0.005291925145372758,0.8747723244115736,0.023445998966109775,0.023168803693839567,0.046400129897566755,0.01073500278189097
ISIC_0031040,akiec,akiec,0.7421848440179616,0.062106930880670055,0.10528575736410413,0.06117815652526735,0.007135964502247236,0.011888769793782126,0.01021957691596747
ISIC_0027795,akiec,akiec,0.7248804907590559,0.007809606322811054,0.23968385576470386,0.005959237575880102,0.006933906267258877,0.011469485095414437,0.003263418214875787
ISIC_0024913,akiec,bcc,0.08984385701724332,0.8379308575459855,0.03251721756249231,0.008922207697732328,0.008684644601972763,0.012319211757297138,0.009782003817276612
ISIC_0026872,akiec,akiec,0.5373704168705655,0.06689048204987302,0.21537719695667415,0.048902627807536396,0.02836315630995847,0.09373055140257078,0.009365568602821651
ISIC_0031119,akiec,akiec,0.9450234436434982,0.02908899349693311,0.004962763305404589,0.002734790461936875,0.002868035584820815,0.01395342575383439,0.0013685477535720397
ISIC_0024562,akiec,nv,0.05536501632383144,0.08990459050950853,0.1447689253160717,0.0357224873925258,0.13654459283280965,0.5218424372786893,0.015851950346563726
ISIC_0025696,akiec,akiec,0.96030023055933,0.007040169373503293,0.012030541315592787,0.003110435290123977,0.011637968045259671,0.004377743373094756,0.001502912043095506
ISIC_0030794,akiec,akiec,0.9686473516627538,0.02110652624971012,0.0039015166335992866,0.0013038581568166753,0.0011848862204284895,0.003308110017361163,0.0005477510593304216
ISIC_0027678,akiec,akiec,0.9626193273350386,0.009651421791085265,0.0023530346324441374,0.005034026836517827,0.01115419868917368,0.008053125167011288,0.0011348655487292297
ISIC_0028132,akiec,bcc,0.040032453250093254,0.9469630423529802,0.002460688334231709,0.0022345598295576614,0.00245760965671609,0.00411638358667662,0.001735262989744413
ISIC_0030991,akiec,akiec,0.3422602834161192,0.33414887719279873,0.17814527416870868,0.012945096747157579,0.08270151037335516,0.03911398662137168,0.010684971480488964
ISIC_0029582,akiec,bkl,0.026410443564158583,0.0333039282065132,0.9311073408027618,0.001674466956283691,0.0005784666675621567,0.006068317911161845,0.0008570358915587223
ISIC_0031852,akiec,bkl,0.19644152672834836,0.14028782166232012,0.3501013462688426,0.010256742568855401,0.04694020129885336,0.24532750672505413,0.010644854747726043
ISIC_0031609,akiec,bkl,0.36213531242897734,0.08122879815346812,0.4025411193549862,0.009127263980275357,0.017799169613723055,0.11992539449307045,0.007242941975499461
ISIC_0026645,akiec,akiec,0.8127895642389191,0.10819323667280159,0.03401697100498304,0.00779467828745447,0.021357537256446926,0.010581957667827982,0.00526605487156688
ISIC_0024710,akiec,akiec,0.9024713380542713,0.07638221451672145,0.001330033308010127,0.0012778040087849942,0.009548002887906182,0.002872339802633902,0.0061182674216721245
ISIC_0030375,akiec,bcc,0.02001517633941446,0.7237009671709113,0.17257333816938758,0.005864742116819139,0.022690583685143952,0.050535445246195465,0.004619747272128108
ISIC_0031335,akiec,akiec,0.9430990092146123,0.020710901454954026,0.008268647702168026,0.013383370293735996,0.00927071232242646,0.004121822151546891,0.001145536860556337
ISIC_0027178,akiec,akiec,0.6431664045554363,0.01001698102552009,0.2922614836107583,0.006625268962987195,0.01082179917592265,0.030983033720109292,0.006125028949266148
ISIC_0028190,akiec,akiec,0.5591687510042485,0.40068603324882296,0.005876036893641127,0.006017595425818017,0.0023076140752081287,0.021572074496145788,0.00437189485611559
ISIC_0029059,akiec,bcc,0.0018616721138735915,0.996426856080763,0.0004905421247811363,0.0004760112057739914,0.00013615413512455823,0.0005099696853748247,9.879465430894706e-05
ISIC_0032277,akiec,mel,0.2951563016979379,0.029362900611504716,0.17501197335897514,0.011773458092847024,0.3321491995303261,0.1524278920313512,0.004118274677058047
ISIC_0025953,akiec,akiec,0.9750389146767264,0.0032974199765339824,0.00899957274375819,0.0007168789437285421,0.007252031123774377,0.0037186284910379914,0.0009765540444404414
ISIC_0033494,akiec,bkl,0.10195036583821457,0.16212164586818806,0.6127570882096053,0.012113169289394104,0.008754564714603886,0.09438851277606555,0.0079146533039286
ISIC_0031381,akiec,akiec,0.8922961382798583,0.00947803075851409,0.04446114631972063,0.0016384941305249271,0.03415592579598225,0.015559376743716425,0.0024108879716833458
ISIC_0029279,akiec,akiec,0.9571102415567943,0.008439666838856656,0.008423820766790484,0.002366098777618751,0.015146008595211738,0.006786511997978152,0.0017276514667499984
ISIC_0031431,akiec,akiec,0.7070834202214714,0.08890575404181919,0.10849130387496408,0.014529210277069772,0.031498493111655014,0.044028234399798374,0.005463584073222152
ISIC_0028224,akiec,akiec,0.9830341666101506,0.008954056775460658,0.0009424903265334231,0.0006256713158062015,0.0007948316700787437,0.0050324485141134655,0.0006163347878569009
ISIC_0026319,akiec,akiec,0.7591094062546488,0.024041018756178412,0.008807086909110891,0.006660260434790781,0.09816199001201613,0.09842368723696734,0.004796550396287586
ISIC_0032014,akiec,bcc,0.27325959792476423,0.5431374917129325,0.16085397612956104,0.01081113463021514,0.0024837971846632515,0.008264207357041232,0.0011897950608227386
ISIC_0024923,akiec,akiec,0.9213838074780377,0.056947560853153764,0.012569217787699994,0.0008507359174120855,0.0005911775557617949,0.006548689290875394,0.0011088111170592656
ISIC_0026626,akiec,bkl,0.15027528384764668,0.013422250276531872,0.7751784531508209,0.007277091064016932,0.033706529248775485,0.018183259751876228,0.0019571326603318577
ISIC_0028335,akiec,bkl,0.048668309395346734,0.11587149028943113,0.6456476749019714,0.01727218910259604,0.01794164698684727,0.14858430666174574,0.006014382662061577
ISIC_0026981,akiec,akiec,0.9352449313416952,0.014402131292828423,0.016416796073485656,0.025852448477561508,0.000814208452971403,0.005585526322024406,0.001683958039433465
ISIC_0031823,akiec,akiec,0.9777650424690869,0.01583569645531833,0.001562960588512989,0.0007342388071337584,0.0014174437577876649,0.001608655388554788,0.0010759625336055959
ISIC_0032404,akiec,akiec,0.955676414876537,0.000762463862624681,0.024463567764827603,0.0012129640091830076,0.015173798488995338,0.0019464368758436877,0.0007643541219887639
ISIC_0024800,akiec,akiec,0.6461332688843692,0.17906902242699696,0.03401947175469921,0.018592655696968646,0.02590828869682328,0.08637663246665175,0.009900660073490981
ISIC_0027767,akiec,bkl,0.049436715840161204,0.30832179432565604,0.3777314676420761,0.01703644775305188,0.029156181424855526,0.2118791792214013,0.006438213792797939
ISIC_0026984,akiec,bkl,0.016340549280344167,0.0032721094043893792,0.9025910228147692,0.002063054645009792,0.06620565858113653,0.008384450970858836,0.0011431543034920322
ISIC_0031506,akiec,bkl,0.059515794959304015,0.1639364085620345,0.6087524793916865,0.011896278436501678,0.0025926754682273384,0.1409338251865482,0.012372537995697713
ISIC_0026765,akiec,akiec,0.7514372168650193,0.23100169725921704,0.0018265070847402717,0.008368887027682806,0.0039253698368624385,0.002511734135699732,0.0009285877907785176
ISIC_0024511,akiec,bcc,0.014883616372717309,0.7508094058800397,0.020650180581870112,0.018032182913086333,0.03964102764163925,0.14988005200757837,0.006103534603068779
ISIC_0027884,akiec,akiec,0.9293542625483909,0.029517758404719405,0.019653812016365388,0.002307188927422554,0.0028807733747477993,0.013613124703760525,0.002673080024593355
ISIC_0031108,akiec,akiec,0.9799765822065083,0.009816938257132026,0.0029297683822925467,0.001957776209226889,0.0007128530931578688,0.0036337001962695134,0.0009723816554128626
ISIC_0027334,akiec,bcc,0.02262501342672647,0.9161625271524069,0.0145965888325644,0.01334350196224605,0.0030655629919891054,0.02460460498550454,0.005602200648562537
ISIC_0033358,akiec,akiec,0.9683121000907781,0.0019538183558959203,0.010534221402382447,0.0030988059971533534,0.00943313095509409,0.005631689628694027,0.0010362335700020789
ISIC_0029141,akiec,bkl,0.0284692726829835,0.020411542017403368,0.9024736937252728,0.0027759412323347635,0.00878996240573107,0.03410436079900256,0.0029752271372719724
ISIC_0028619,akiec,bkl,0.006962384095280693,0.0008069610222988662,0.986190332584017,0.0007646691501371291,0.0018739596752861323,0.003134869448560189,0.0002668240244199449
ISIC_0033536,akiec,akiec,0.9398836361373148,0.017668373676559948,0.019311687658423754,0.0033754419373938343,0.0017858240499931837,0.01662491162084507,0.0013501249194694154
