image_id,class_name,lesion_id,source,selection_hash,external_partition
ISIC_0070085,akiec,BCN_0000001,BCN,1a30f4c2fcc169ffe3b17d7c4d2f0f79bc970e41ba84a62949fed400dcc8b43e,external_train
ISIC_0067961,nv,BCN_0000002,BCN,4f24e2d6b0ce89e60019b7d71515c500a49600ac023d8edfa45c8314dd02106a,external_train
ISIC_0072455,bcc,BCN_0000004,BCN,1a45cab85da56f0dc556f4f43de7db2f10e91545fadc12e9aaf57c5274c74724,external_train
ISIC_0057086,bcc,BCN_0000008,BCN,209db2e14fc014e54c5f4f3fd028ce0ae0613a6791f6af106e64e26cea06144d,external_preflight_val
ISIC_0060295,nv,BCN_0000010,BCN,83d576db67901896ba2486d83f114f421689a555ed7471d90e60ffc1040db27f,external_preflight_val
ISIC_0072280,mel,BCN_0000011,BCN,551a67e9e26a23325b3a3f7e3fa67a7a673089845d85dba719f7c57b0cf9e27c,external_train
ISIC_0057827,bcc,BCN_0000013,BCN,cb82416857bdb94eaffdcd779f44e94bd357afb3f848c2af1844d3e63b669951,external_train
ISIC_0059845,bcc,BCN_0000015,BCN,3cb0429f8a1e65d64ae7e774a4a667f2f7f9dc70eabf0858130a7f9e163e0b6d,external_train
ISIC_0062486,nv,BCN_0000017,BCN,140e2e071e699dbe456da5c136bdba7dc45746732ef73f1e2f57938edbff8eae,external_train
ISIC_0060400,bcc,BCN_0000018,BCN,492d57a5a99c4f65b475b93445260c0c2334b2672914b980315fb067a1ca708a,external_train
ISIC_0062318,mel,BCN_0000019,BCN,02b7467106952c8a95b7903c15391af412de1afa7a066831918783762660023c,external_train
ISIC_0072932,akiec,BCN_0000020,BCN,82839748017f1cba3da91c1bc26d1b718bef2d2a375b12471c75477b4417db8a,external_preflight_val
ISIC_0060688,nv,BCN_0000021,BCN,208983fb93b15c94c164c4a2e0724469d4dbb65b0a792af1be48f8db657daf2d,external_train
ISIC_0056312,bkl,BCN_0000022,BCN,4690398ea57abc48cc00c395e3686b41b80c18157c41ad0e0632e56dba63578d,external_train
ISIC_0063923,bcc,BCN_0000023,BCN,44e37db55f9a8d341c9f02599ddd0860b8c8c752630376b9ad7b400b44bc8a7f,external_train
ISIC_0058987,bcc,BCN_0000025,BCN,a1133bf3dceab45d4f8f6441f7853d8cd4032d09fd69bce99f2f008bfa60aaf2,external_train
ISIC_0070633,nv,BCN_0000026,BCN,6b9f9f538a9ff67b13b594ce1db30c92115d4cfd50348535ea8902b6b2fbfbb9,external_train
ISIC_0069908,mel,BCN_0000029,BCN,0f32dfa7ea2026c5b1e9b8b4aa5b12190e7f78120164de6c4d655be947e33429,external_train
ISIC_0061234,bcc,BCN_0000031,BCN,127a2af21e17383b72b3fedaeb422478a192ae18bc5a7fb13b3d31bab7ef4102,external_train
ISIC_0065684,bcc,BCN_0000032,BCN,4c534be05d53ee56efad0dc50b2bf29f98a40ff05d78474e708a03478f68e3eb,external_preflight_val
ISIC_0058927,bkl,BCN_0000033,BCN,122872566d714feba64cc6cc857796edde4087ee88f1da092f1d39326255e65d,external_train
ISIC_0072889,mel,BCN_0000034,BCN,098ff94176d638bde343c18e48f17d598318018c0666eecaeec593a380ebdf81,external_train
ISIC_0068901,nv,BCN_0000036,BCN,0122840bc410dc653b3c5664817bcc6c21dcb89539afaeb300ee36fb69d0d83e,external_train
ISIC_0055379,bcc,BCN_0000037,BCN,14fdab7782ad9e3694853ea0c2d3eb634af12809ee01167c484e96a2e26895ce,external_train
ISIC_0057338,mel,BCN_0000038,BCN,133ea61556e78a1e5dfa800aed7d6355276459be99157fe729d400a9e52e7035,external_train
ISIC_0054684,bcc,BCN_0000039,BCN,dae7c29102999a9fc3beecb5a2e06644f8f44d6f514574e5b4e19a1ba1f5d8bb,external_train
ISIC_0066871,nv,BCN_0000041,BCN,0829e9cea1c732c413e76f591ace4990befd7a32da6e5f40ca2333206b637fad,external_train
ISIC_0070626,nv,BCN_0000042,BCN,02d1bb619439b5b452ea233d5abcdace643f7eeffe864e8d63c4f9be30ba0200,external_train
ISIC_0060994,mel,BCN_0000043,BCN,3f4e5b64f6249df63529a925df04ed7771c22e0459048d30addab3b8420665cd,external_train
ISIC_0053483,bcc,BCN_0000044,BCN,2d15683cbf0a8661d9dd6799e339060a57baeccd9ebcdeb0ae2219f6ddd96e8c,external_train
ISIC_0054735,bcc,BCN_0000045,BCN,2043ce56020dfde92735645c47cfd632b7546ff5e3ffe2f185775ab57f55daa6,external_train
ISIC_0059353,mel,BCN_0000048,BCN,4d29c7498975a113b160005e8eafbddb6eb422b7354921683551b2eb31ecc06e,external_preflight_val
ISIC_0059826,bcc,BCN_0000049,BCN,2dc6c12e47d2fa895db22c0b33819208f64e04c50acd779368e519907a3cf611,external_train
ISIC_0070266,bcc,BCN_0000053,BCN,222388a7e279fb4ce2825a8045769dc13d1e4eaa55e364dfda3889ccb8dc3da3,external_train
ISIC_0070490,bcc,BCN_0000056,BCN,006525f77112c7b17d9021fbbd057b7fcadb65900e56f90d21ed71fbe46d4857,external_train
ISIC_0068295,mel,BCN_0000057,BCN,0a710aba85dbe532047f7ded78e07fa3528ee3323a25fb9ce8ca335d40223049,external_train
ISIC_0063368,bkl,BCN_0000058,BCN,676864ec2878f1ac2a8bab1be17e8b804b575edf715910d7ee93fcebe89c7e3a,external_train
ISIC_0061772,nv,BCN_0000059,BCN,f52a96c4bddfd448647b9b973d19416f6895fd071213cc9ee41addf56397ac4f,external_train
ISIC_0062209,bkl,BCN_0000061,BCN,26a037853ee0daecbfd1edb6facf0bb6cfc5ce658dc3e917ab273555674afb58,external_train
ISIC_0055409,bcc,BCN_0000063,BCN,111ef793cf67ab9ba9f19f69760050f7af6391152f61d50fccdfa2343ef76d09,external_preflight_val
ISIC_0062046,nv,BCN_0000070,BCN,12fadc4ae0a17d7ae65a3bf7d5b829c4f5561240371011cce7376b90e5a9e34e,external_preflight_val
ISIC_0068226,bkl,BCN_0000071,BCN,95bd247a3867de59179f11256d164f6172ca580db87e2cefe56cbf08601d22ee,external_train
ISIC_0061827,nv,BCN_0000072,BCN,2204b73ca16a39da9ab38209e3992b3afcb54f933d8f6041e37f4b61f081419e,external_train
ISIC_0073077,nv,BCN_0000074,BCN,29aede5c7fd7925c850745a226c13f403c4bc97df4ac026abd653c73de72e1a5,external_preflight_val
ISIC_0069590,nv,BCN_0000077,BCN,969e47cf4787de46a4352722a20ab4023bb00ede9940139eb12fffed3b78895d,external_train
ISIC_0053950,akiec,BCN_0000079,BCN,3708c5fbff26038d681def4bcc9bbfb5a92e49cd62c735c8c1039dc4f14b546a,external_train
ISIC_0059775,bcc,BCN_0000080,BCN,f47cf5262f8a4215aa06d1728507bf90ebf34bcb180957fbeaf48aa0849fe495,external_preflight_val
ISIC_0058851,mel,BCN_0000081,BCN,75ef34feca3fda1c473048132436d81d0a8622e875239718b27886fb2f5b2928,external_train
ISIC_0060880,bcc,BCN_0000083,BCN,35000ddc251b991649746463dad9bf28c624d306ddfff0400f20427aa0bc0863,external_train
ISIC_0053940,nv,BCN_0000085,BCN,bd7f5ee786df03a546c541c23e3832b1c9960bb668e74626f72a266b78488cfb,external_train
ISIC_0055282,mel,BCN_0000086,BCN,96e3a319852c73880fc5e40f1f0be5f0779dfd381ad278644516a8bab642a0bd,external_train
ISIC_0057822,bcc,BCN_0000087,BCN,8c240d72403183820e7eded18a61d26e6021cb0e3b253757a6ddb201c55fd65b,external_train
ISIC_0053636,nv,BCN_0000088,BCN,0936c55431d3014ce8012487ee8ec9e75eaa231579a89f9a1721dc3389f26e34,external_train
ISIC_0072972,bkl,BCN_0000089,BCN,0b9044d55b1519feb7f8ddffdb811003caaa75f1ab4ed8704ca44554ee9ccf6c,external_train
ISIC_0060581,nv,BCN_0000090,BCN,53f4cb526d0984f7b7d85837a9cc4e9602bf02d021baa4a1fa3ac70d2a57c10c,external_train
ISIC_0062082,bcc,BCN_0000092,BCN,4bc782d707ab221874217e04ee76faf877f0d34f52d8b5b5e6d92931cd1c7a58,external_train
ISIC_0064418,nv,BCN_0000095,BCN,bd6723b1fe3e36b71d4ffd9f5ffd2d347fbc4e10f62700140ad2257e857a89c2,external_train
ISIC_0069555,bcc,BCN_0000096,BCN,a260062c75d6e8a825d3fff9a51a3e85b67011b04ad0c08e62aac542771ee077,external_preflight_val
ISIC_0067279,bcc,BCN_0000097,BCN,2c2732b434b2e27dd3f2f02f58bdefb5713aedc71ac36e3f89b11e65cb22887e,external_train
ISIC_0068982,nv,BCN_0000099,BCN,0118bec0924e3744b7430ca686e34d1502071186961c6f32ca4695b8407d5e92,external_train
ISIC_0069023,bcc,BCN_0000100,BCN,e8eec2b38d159a8cd96f803264707cf2936d955f17302d9f03f60f486900cd3f,external_train
ISIC_0058603,nv,BCN_0000104,BCN,5f329b980b57979b6690a4d779862b8a8faf9127d423b08d49dbb841b2884e02,external_train
ISIC_0069162,bkl,BCN_0000106,BCN,d6c773bf07762a334d1012172c4d963da41de8b474e0e19b2a1151979c3c179b,external_train
ISIC_0062685,bcc,BCN_0000107,BCN,363b6e4e6a07f8543f7038c33a89e4b7c60804ffcbccc5e43f1078a9fe3c28d9,external_train
ISIC_0069010,bkl,BCN_0000110,BCN,44cdf9ae5d94c0193193db1acd40bdebe2823296e29be99b5e30d3bc67fe6095,external_preflight_val
ISIC_0064160,nv,BCN_0000112,BCN,6559c92f0a27a50b5d55ed841d8b666fe4efb272c993cb8be3f4d7d6f2c17eba,external_train
ISIC_0058242,akiec,BCN_0000113,BCN,3753e8f911a61d174b1c1ce618e029543af51f61a161b954ee3c024318fe193b,external_train
ISIC_0060620,bkl,BCN_0000115,BCN,65536dc488d64bfeb781dc4a01030796aaa211bd3b90fdc6295e98a65f6a2f27,external_train
ISIC_0057994,vasc,BCN_0000116,BCN,e96d9dda637b0a5dece2e9231ad83e99019116c397bf10cf1d2a5af92a35a7fb,external_train
ISIC_0059463,bkl,BCN_0000119,BCN,0479849f38facf20659a33be60290faa5b1d794bce0efa83268388a79c3b2d97,external_train
ISIC_0070132,nv,BCN_0000120,BCN,04149e4e05bea9e763b311a34596f80102b5be47f9f6a187e7658d435ee01c3f,external_preflight_val
ISIC_0055899,mel,BCN_0000121,BCN,1d1e9b7f00c3e6fcdaab550ae0628619e2411b03faa361b669b7ae488b355074,external_train
ISIC_0068168,nv,BCN_0000122,BCN,05b0a2335d5b7d0290ee1927ae24ce7bc92fdef3153b44abc742aeb67bf19373,external_train
ISIC_0054528,mel,BCN_0000123,BCN,093b0dbb5f7b1e025b4becf5bb754a3673eb17061c80f38a344d2dde7d861d8e,external_preflight_val
ISIC_0062464,bcc,BCN_0000126,BCN,6646b5b564cc1b649449439f1548279cca8b71cb68a406416e30d64bbe989dba,external_train
ISIC_0070076,nv,BCN_0000127,BCN,13a71147280afcfe164c99db3757dcf563a1277752547b55674d3e494c0d081d,external_train
ISIC_0070088,bcc,BCN_0000128,BCN,0e27f1e4fef3d280502cb31e3eecc1dfd09832de1cb068966ae1915525906b70,external_preflight_val
ISIC_0069663,bkl,BCN_0000129,BCN,1fb658dacaccc95f4e54a4a4f111a02957edd56ab039f944beb56194cf1447be,external_train
ISIC_0055501,nv,BCN_0000130,BCN,396da654ce61ab261a44215dc1483f00c26f0da68b5148bedda43d01302519f4,external_train
ISIC_0059879,mel,BCN_0000132,BCN,07591d292fc1e0ef759a60de467d725ec11a6695eccf7e4976ad946d88f77dd7,external_preflight_val
ISIC_0066689,bcc,BCN_0000134,BCN,37e8a46fc51deb33b3961eb42e09f9e799f0d8286f8bc2a3817e5ae1003341bd,external_train
ISIC_0072265,akiec,BCN_0000135,BCN,2bfaa35a2a07f2e7c9163654c08bbdc95102d5d394901fe07683f79c4b2a8037,external_train
ISIC_0064583,akiec,BCN_0000137,BCN,3934e1b570b06eb8d2362114c85824f55d7b90705544959832cff98208db6319,external_train
ISIC_0062962,bcc,BCN_0000140,BCN,41a92fb9e7d6cc363c858fe6172a1d959103a70ca0c849721aaa029d17ef97ec,external_train
ISIC_0058868,bcc,BCN_0000142,BCN,8acdf9868f1cea0aac83c1ae83131d2b977afdcdc218614b0b9a2b758cc8d3c0,external_train
ISIC_0072688,bcc,BCN_0000143,BCN,5bb7812a34cf14acd90298dcb9795e9965761448ef8cf4b276392e3ebf20181f,external_train
ISIC_0069389,bkl,BCN_0000144,BCN,b19f8707107b70bda3dee40f6a59d58d05e36bc1b917cb436f441c6433930b29,external_train
ISIC_0071886,nv,BCN_0000146,BCN,0e658064bd2d63bff74419ca9923907839aa064cc9f37c2a09df509ab02be585,external_train
ISIC_0063404,bcc,BCN_0000148,BCN,0e71b39094df585e1af84d4f1fc11780116ab06ed91b27976c12ebbf9c43b96e,external_train
ISIC_0061274,nv,BCN_0000149,BCN,47559dfe76dacf5e5ec6f73946d80f189a6a466c936d93d2986f861dd805f04d,external_train
ISIC_0070086,bcc,BCN_0000150,BCN,3c0e655a2cffbf20846fea7efa1457c4460c2f056b2a182972243f7cc024fdc0,external_preflight_val
ISIC_0065605,bcc,BCN_0000152,BCN,123a13e8fedd725e962ef7aa8828822a4e55d3028824769724c5ff5f72b9e181,external_train
ISIC_0065993,bkl,BCN_0000153,BCN,87a1e9dc60eda6bb0e91e06a0156a1a5323995cddbddb8c624c1025b472095e8,external_train
ISIC_0071482,bcc,BCN_0000155,BCN,1527480f4f79f217397e8894cd1b0089c33840a8d1e16989592c48c1e75270cf,external_train
ISIC_0064293,bcc,BCN_0000157,BCN,7255b89f1a502876db5373e38eca2a3afe18aba0361692c706730fdd530e1c68,external_train
ISIC_0065129,bcc,BCN_0000158,BCN,24fb4aee7d80b6384efa1f2842e6c35cf5a5f61272e76b429a56dd81863564ee,external_preflight_val
ISIC_0065273,nv,BCN_0000159,BCN,1bdd07559459a808da3c9415dcdf06c80473ea7e46068f1815a5dbb71be99c9d,external_train
ISIC_0066492,mel,BCN_0000160,BCN,1658a26f98f38c75fff179fcb28fe03bdc6d566849f68f26c77978f96e75cea9,external_train
ISIC_0071710,mel,BCN_0000161,BCN,727a8b26d85e6da764ee85d089fc97157ed7ef13ff28f3e46a616465538e89ab,external_train
ISIC_0069080,nv,BCN_0000162,BCN,27d82370b80167e9ad52184df2383f48851cd78196fa3dcc9cdb8e9b3b3567ea,external_train
ISIC_0063212,nv,BCN_0000163,BCN,33c1f8630ecf055e36925e95b154718a01d88d145d27e683c9212b99842edd12,external_train
ISIC_0069642,bkl,BCN_0000164,BCN,c02b09c29c8a0e6ca765d5e7fe9b0c280de1336e0ee35fd9e480de135842f2c1,external_train
ISIC_0067940,bcc,BCN_0000167,BCN,7e02439403ec15d4b565e3b469d68f72d066769fb5a60d20a6ebb9f33481b2fe,external_preflight_val
ISIC_0063099,nv,BCN_0000168,BCN,4d45d65276e48b13b2ff952a0e261df1c77b4b7aaa22bc0821cb07e953964b35,external_train
ISIC_0055315,nv,BCN_0000169,BCN,2d74804dc864d57c3049d4c1cd6a09d36c3d9d79679b7bd10a1fde28df645b46,external_train
ISIC_0067695,mel,BCN_0000170,BCN,6c6c82b0a90ffdb2172137bf8caa9ec979a64ed18850b106760be2b853b507e1,external_train
ISIC_0066692,vasc,BCN_0000171,BCN,a4a8d778dae9ce9a47d04cfea9b280cacb627b3021e6471d3a01c0889e743814,external_train
ISIC_0072133,nv,BCN_0000173,BCN,07e3e86eb2ab33581fe22572ca2a53716394625e1c753b19ad4969eb30644413,external_train
ISIC_0058782,bcc,BCN_0000174,BCN,8460429645c5de2ee2eb33bc3510b4b96a55067d747c8e0fadd59317075d647f,external_train
ISIC_0059707,mel,BCN_0000175,BCN,26956128fb8c8e45ac6fc329403f60173b4d89eccfd4b6d3cc7200ebf1ec2803,external_preflight_val
ISIC_0071873,bcc,BCN_0000178,BCN,56d59f62314311fc6db8fc334b449365103ce50c98b64a371984e7ac475f76dd,external_train
ISIC_0055161,mel,BCN_0000179,BCN,0e0c7468f886581a9252d7685bd0e6ee6b4a32aa0e5a78d90a4b6f3a8ae63b85,external_train
ISIC_0065170,bcc,BCN_0000180,BCN,21f705f5c440f7ada3eeb86a602c90ac411f4a35c0e5c9456f389687bf26aedf,external_train
ISIC_0071308,bcc,BCN_0000181,BCN,429f998f679b8650a366bdb40fd58a66e4ddb0c72554dba4522491bebb581b42,external_train
ISIC_0063512,bcc,BCN_0000182,BCN,077910209b67cbd5ddaa53288bc03542a17315f7afae4a797e7927f5815c8a0f,external_train
ISIC_0066913,akiec,BCN_0000184,BCN,9c24c3762335c61f8c9e143e0e9414600dc57c6658629c00827da02cfdb99535,external_train
ISIC_0064613,nv,BCN_0000185,BCN,74386d9020b7329182117febd8b87648edc9a9b9020769f71fc052c8aa89495f,external_train
ISIC_0061792,nv,BCN_0000186,BCN,9c93cb854ad48c5304f05c05fd1ddb83a2bb0b19cbccecbaf6d4c87660d42621,external_train
ISIC_0057058,bcc,BCN_0000187,BCN,7f5603f5fdfce9d52275f1aa242133912c206e5f776875d6dbb600b69fa11996,external_train
ISIC_0068633,mel,BCN_0000188,BCN,012591ba02c05f9f71196e31139ccb23480c048510355b978eecca8af10e3b8f,external_train
ISIC_0066215,nv,BCN_0000192,BCN,67e79ad6f307f27370595a38725492dad166226e827b618f52733e937aadc8e7,external_train
ISIC_0056236,bcc,BCN_0000193,BCN,2f8b4fd150f5368363f0c4f88646677e6ade563abc9b1e844a628c761c7a27c5,external_train
ISIC_0056167,mel,BCN_0000194,BCN,031e4144c9c03bcefec46fb1155b6eecb6d7758af3a5888cf0ee1f940cbd17f7,external_train
ISIC_0061473,bcc,BCN_0000195,BCN,2f7ea2d0a2bd5033d2eb6b4b551d5971daa02aa191926505392509960ac920f9,external_preflight_val
ISIC_0067327,nv,BCN_0000196,BCN,178dee4e113d33128290a7da9f5e2f4a9f39081e722bd13cd217a5e3b12d574a,external_preflight_val
ISIC_0063697,bcc,BCN_0000197,BCN,4bf2aedf8c5ee5392c49023e2cadf20894accea0b512f6374eba26850b43259b,external_train
ISIC_0054346,bcc,BCN_0000200,BCN,31e8fe19517e0f1d0029c4bb8c4d3abfd5105044375fee377f09d75ab033f49b,external_train
ISIC_0071637,bcc,BCN_0000201,BCN,1fc98a5f4a8a38ee4d7de66824f7a7da2d20ba2fed7dd7f1b53ef9f1094068e1,external_preflight_val
ISIC_0071551,nv,BCN_0000204,BCN,246a4ad49404d0c5afa1450325f98a2a5709c38366e280429595f6171e49a16b,external_train
ISIC_0062225,bcc,BCN_0000205,BCN,0b30db63d15c0f44e9f6911f789776958fe37aa8f371be02137389c60452e008,external_train
ISIC_0070072,bcc,BCN_0000206,BCN,d04c77241cb959e1994ae420a0ffb9570f2b5702f386295dd6195611f512e326,external_train
ISIC_0063495,nv,BCN_0000208,BCN,12b6f59a6987bccae678607b053b816e34607796ff3114d5747f1c2cb05407e0,external_train
ISIC_0066881,bcc,BCN_0000209,BCN,0a1cf6764301f7170e98b5ada488f547fe20d88378b2fd7dddc5beedb4758226,external_train
ISIC_0069525,bcc,BCN_0000211,BCN,27f36e6bad445e171cedcb146c7a6b75611e3a5cadeb19fce98adaf25bf0e82a,external_train
ISIC_0068415,bcc,BCN_0000213,BCN,8166d8503aa1700483141d46707f6d715748d05225060b9ad120844480a9a9e3,external_preflight_val
ISIC_0071730,bcc,BCN_0000215,BCN,9cd72c058bba2c9d62f9f367b767dacc444cfbacc1d8d444bdbf1d6ecfbe927e,external_train
ISIC_0066567,nv,BCN_0000216,BCN,03a6f66f5205cf39e8264df572d7e721995e719e55dbe2609ded8e9146b2b8b1,external_train
ISIC_0068329,nv,BCN_0000217,BCN,31c80e82c575649eba04fca8957b76765bcd3d7299653d6b5c4332419c15ced1,external_train
ISIC_0060995,bkl,BCN_0000218,BCN,167462527873cc4310eba305aeaaedfee929d71ea7140af93ef08d0c88bd35bf,external_train
ISIC_0068741,nv,BCN_0000219,BCN,44c0481a1af170f384b76bb0ca37a3ad2cadcbb46b60b6bb6839412ba2bde7ec,external_train
ISIC_0055858,nv,BCN_0000220,BCN,4b4cf2a8679f83c655905de4138caf4cfe24926420de79b8d5a529fb5f6d316a,external_train
ISIC_0056089,mel,BCN_0000221,BCN,5989e8faed9472f849d824427764f3d7d42ca4dc79e7b2bef319771ce02ada32,external_train
ISIC_0066001,mel,BCN_0000222,BCN,5d75bd802ebe3064ce37180be9bff2942c3f87c74c18f02d176a6a3f1c49a8e5,external_train
ISIC_0066288,bkl,BCN_0000226,BCN,18afb9060b5e30246a69c2ccb65b2523e2927a02952a1042dcd0d81e13ae99c1,external_train
ISIC_0054220,mel,BCN_0000227,BCN,154fa9bf10ac8eee11b377017b5c109135a0a722f4911d2e78f8f7d5f2e41d16,external_preflight_val
ISIC_0062099,mel,BCN_0000229,BCN,0ad182c7eaec91d14cc6816d367850b97014c353151ba788f379e2d4b4dccc09,external_train
ISIC_0065547,akiec,BCN_0000230,BCN,67dee405e3161da1400fbe47996e5274e0fd077d5f360d69996e9612a2d6499e,external_train
ISIC_0058098,mel,BCN_0000236,BCN,1a0fefec3ce17bf4bc5afc5765ca1dea36d70a58d435d5e2ec5b02609400a9b4,external_train
ISIC_0064510,bcc,BCN_0000239,BCN,1d9aaa7afa5cde320b612d8cbfcc5331ba933f44862ace76064c9b958f6f3200,external_train
ISIC_0068151,nv,BCN_0000240,BCN,0cf8ba96bc6f463a67364e932a28c84bdebc5ca232d86535717f6c3490836f01,external_preflight_val
ISIC_0071102,bcc,BCN_0000241,BCN,92f93cc564fdae2878f9b5f058718026b3ca657850f9f8aae135e0e5468d76e4,external_train
ISIC_0061867,bcc,BCN_0000244,BCN,15d8b8c0253f1303f0c19ab627dff5d33c1843def18e907958ae698e6a0f8c84,external_train
ISIC_0065270,nv,BCN_0000245,BCN,5be34a68547800b2fde2448ffc796e4be93878557fecccd9b57d57f3bf3325a9,external_train
ISIC_0063815,nv,BCN_0000246,BCN,5cb6b00bd1f4b3e749dc9d40edea7e2af7d722a4fcdf862c424557eb889957bd,external_train
ISIC_0058791,mel,BCN_0000247,BCN,1aaa64c58968e6c81663f7256b782c07901bab2b4f36d58f2d8d649260d7d014,external_train
ISIC_0072500,nv,BCN_0000248,BCN,1e14d153464a79282313651a7b799c322ad32e5120c486a6c5884bea89b6c0f6,external_train
ISIC_0062488,bcc,BCN_0000250,BCN,1673e4cbe2a3e61736a3ba592238234f35bcd853ab59df325760c9766d9f668f,external_train
ISIC_0063653,nv,BCN_0000251,BCN,52d3193eaab3677c0f92c72205da761a9b75c685dc2572585c53ed0de011fb6f,external_train
ISIC_0056220,bcc,BCN_0000252,BCN,496cf495ff0e2e2a68590e044265b0393b5bc9480622dcc568e04c7bc5fb4358,external_train
ISIC_0053886,nv,BCN_0000253,BCN,034f64ffbf4d0a6dc3f5146eb4875dc9f1bf6db8facbd80f31e853c40b906fac,external_train
ISIC_0055381,bkl,BCN_0000255,BCN,1859d5f43d9f9aff4b6fd5a65c63bcb4b7892f7dfd7f26da57c4be284482f603,external_train
ISIC_0063227,bcc,BCN_0000256,BCN,40bd02cdf11954aab649b0de89add4ad0dd298590150042571b9b2844a097aef,external_train
ISIC_0073214,akiec,BCN_0000257,BCN,587df1876c4c24c97b990242b248640347ad976c5849450f26a97f90709591fa,external_train
ISIC_0064882,nv,BCN_0000258,BCN,44afab0be62deeabaeac8bc6d506e73bd867484b93dcd6a4e47d4fe752e93479,external_train
ISIC_0068319,nv,BCN_0000259,BCN,2a5478a566ae4d11033a10b12643f3cdaa7138572397701a54abc26203c593e5,external_preflight_val
ISIC_0068061,nv,BCN_0000260,BCN,0f24cbe265a9a55e26a5690cde4ce20d80b33cf3662a26842506c5e2dea1a41f,external_preflight_val
ISIC_0060939,bcc,BCN_0000263,BCN,6c361d54dab6c8f010343de2808cadf3467bca2254d24fb07b00bc1d27d32f5d,external_train
ISIC_0053890,nv,BCN_0000267,BCN,88fbd8a00ca016bb33180a23f065fe8200744c758a4a6db28e5c261f62ff214b,external_train
ISIC_0065570,bcc,BCN_0000268,BCN,345caad45422b4c069108326d12ee5039b7d6ad3521a3483ee2d3f991793fe10,external_train
ISIC_0057522,nv,BCN_0000270,BCN,2540bd2a089032624dd047f9de4eae9e422e64fc23cb3b3fea425a6d838d71e6,external_train
ISIC_0062915,bcc,BCN_0000272,BCN,18804a53ada22821f2575a650945ce66fc2c2cd74b2e6b3f439389bf3e69d142,external_train
ISIC_0058830,nv,BCN_0000273,BCN,8f6ae581f2d333603c0d6af7f9eb690f5345490e9924682f0f3a6c5dfa5cbb9a,external_train
ISIC_0068823,akiec,BCN_0000275,BCN,207ea811a1c5630c76ff5dead1adff2401d069f900a5933222c1d6ea039fb680,external_train
ISIC_0071468,nv,BCN_0000276,BCN,06e2e8ccda8feac1c5b86d26924f6de988c6594fbe61cd9449a7ff3d51219583,external_preflight_val
ISIC_0071245,mel,BCN_0000278,BCN,cc834231fe5ffa08149c2900cb985013690d8434190e4eb7bd7d3056d9917aa2,external_train
ISIC_0065937,nv,BCN_0000279,BCN,1e5bf666c2c17c8bb82d15618974577a99d3ed28b16355069779d6fd632a9ead,external_train
ISIC_0070775,bkl,BCN_0000280,BCN,0a1b9f1e094adf7cd6db08a93caae202b8f4165f37be38026134cca4329fde49,external_preflight_val
ISIC_0069137,nv,BCN_0000281,BCN,9623b8441f03dace14af3944682bf637a1c2abecac9c991c53d816fd579965b0,external_train
ISIC_0067377,akiec,BCN_0000284,BCN,b0f2424a52c5dd4082ad8e5b344926096871a6ee279df06c17e7a648d397ca72,external_train
ISIC_0059920,bcc,BCN_0000286,BCN,327de630a86d66a2350ab9c3bf7bb4d865e093877eed87c1a90dbcb43a6b9d43,external_train
ISIC_0069043,akiec,BCN_0000289,BCN,13ee75f84f4fb033114201462ef13099efb89245575a25d27ab699849eaea117,external_train
ISIC_0055639,akiec,BCN_0000290,BCN,3016fb5c42ee783656c9b6d2ba6769501432ad0e9ec22ff315ca7e70a144d520,external_train
ISIC_0054952,vasc,BCN_0000292,BCN,09ec762db3b10b310177b212f2939ee2eda19118062acd3e95765e027ef7a9e4,external_preflight_val
ISIC_0069189,nv,BCN_0000293,BCN,88ed4889252474546fd3da18d762367ed7cd03985218764e4948353fe4cb9712,external_preflight_val
ISIC_0072717,nv,BCN_0000298,BCN,826450a69564cbdd297f20b4ddf6abf3c69e27f4c6a7d9bef0256e58f472a68e,external_train
ISIC_0061049,mel,BCN_0000299,BCN,8f9f8e984878da59012c1b16dc7e7108d439a39db432d131f5aded0b9993360b,external_train
ISIC_0056302,akiec,BCN_0000300,BCN,2ac6b678ca5228069a9391a11d66abb008c6d8f198d4318c0ad086520cbc2ece,external_train
ISIC_0066469,bcc,BCN_0000301,BCN,10667ea8118b2aeb478c44a44eb7b3b32ee122c15be7e02deb1be58378db1551,external_train
ISIC_0056357,nv,BCN_0000302,BCN,37f96d4778c894bf6296a444e848a013a067240fceb3e07346498bde7628ed47,external_train
ISIC_0068596,bkl,BCN_0000303,BCN,4566a71cffbc21616a329438e64e64649717a839487146cc4595d8e8cedc08ad,external_preflight_val
ISIC_0064959,akiec,BCN_0000306,BCN,01d363eb3210672cbc1a517539d22c4d353e85022871fb820cded554e7526ba1,external_preflight_val
ISIC_0054555,df,BCN_0000307,BCN,44ddeb29c610d4180aa6092a303df82cf9529a61ca5834d8974486f59ad157b1,external_train
ISIC_0056456,bkl,BCN_0000309,BCN,0e0ed5d168f5783810bb1de1384517fd6dbadbe00f8c8bb16517f9311a0f9054,external_train
ISIC_0065412,nv,BCN_0000311,BCN,137f27c5c021e0e92800e532e896e448d6c68b73f62ab412284022c132581da0,external_train
ISIC_0058232,bcc,BCN_0000312,BCN,63acb72a06749208b644bfd292066c6496c4c15b985f63ff3b90d1171068751a,external_train
ISIC_0060418,bcc,BCN_0000315,BCN,14baa1711efcb34d43261d2aebd134e2d68125e48d9119b07000723015feb400,external_train
ISIC_0065580,nv,BCN_0000316,BCN,9eef34858122808122aaf24a96a9612086cd1bf743d41e3202ac88ab002842a8,external_train
ISIC_0070118,mel,BCN_0000319,BCN,350f555e69bca65b52e5e7ee75166a4452fab41d0d68c58afd2c8567af406487,external_train
ISIC_0058998,nv,BCN_0000320,BCN,00ad4d785cb5ae0f28af209239bd8abf27a356163a9c3f0bf9bacc27353c2408,external_train
ISIC_0072365,bcc,BCN_0000321,BCN,af205569658142f4182fee756054a56567ae6f7be7fc2ceca3c273ff1bebc3de,external_train
ISIC_0057942,bcc,BCN_0000324,BCN,3983662039bef11fb580f7d7f5ddff76cb434deb0a18de70d24da28f097ba092,external_train
ISIC_0066810,bkl,BCN_0000325,BCN,6c788ad14d7c1d9bee34583270ae13adeaa272fd8a42cdcd93e9d12796cff318,external_train
ISIC_0069970,mel,BCN_0000326,BCN,17816d4fb4d6411c86363a9f06646cbf5881d2c0b230711acb714d14e8f0d233,external_train
ISIC_0062544,bcc,BCN_0000327,BCN,7c22eb66b8e4109bc18d7303db28a932c15a24b596a4585150b6574464c17ce1,external_train
ISIC_0060030,nv,BCN_0000328,BCN,01046d251cebb34ab1eb08b3cdd3d796ceed06ebf08d6cd5b5e44fd104fab65d,external_train
ISIC_0063560,bcc,BCN_0000329,BCN,6b1b6ad50c84ee40aa46d5e1e7a7272c4e384f01a5dc9d013e13db1ec4a60132,external_train
ISIC_0067876,bcc,BCN_0000330,BCN,627948e9a2769e9813fa78069b9cb6621e4a11d40c2fd9f4f0604bb82589e13f,external_train
ISIC_0067672,nv,BCN_0000331,BCN,4c3b1e52afa827d2deb22a0d856455401b1f36064844a83d4f401bf4e23b2ed2,external_train
ISIC_0055275,bcc,BCN_0000332,BCN,4a1c55eae5c4d5dc08c4388dc6c4c6a6960667172072674c459c0b1575666f0a,external_train
ISIC_0058867,bcc,BCN_0000333,BCN,0573902fdd38b425e2ded385e6a6a0fb83f2d78b96226a928061ee33dae9aa73,external_train
ISIC_0072151,mel,BCN_0000339,BCN,649c692cb59b454abb4d982d99fc40c2ed67bde2ae1deaf4f1d468d5be597b40,external_preflight_val
ISIC_0061852,nv,BCN_0000340,BCN,8416375674f18e7f919f47abbcf13f346ed8584434381190c66e169d5ae8f4ca,external_train
ISIC_0059394,bcc,BCN_0000342,BCN,5dd20cc77d26b4d2c9a3386cad63f23dd8a98067ee2597fec32e2b6a631c230f,external_train
ISIC_0058978,bcc,BCN_0000344,BCN,b9b2636062ad9becc41f44e2d74aa298811292186a01b006ee7f008ef329fbcb,external_train
ISIC_0073113,bcc,BCN_0000345,BCN,1f164b0ce2da1a83f8f8286c36c20bacec01b4504774dccee29c4925c21c0bc0,external_train
ISIC_0070676,nv,BCN_0000349,BCN,25da71e2ab1e00070b22825f71436e3ec38a5f2fd71e17e5b9fe61bf5d096d8e,external_preflight_val
ISIC_0067507,nv,BCN_0000353,BCN,9e12a95a61e00be3aa8f7350ee3c0dc8724644e89adbc246953a3162cb742291,external_train
ISIC_0061370,bkl,BCN_0000354,BCN,9e1cab6035d30349fb54eb491c40ef36e585efcb7a80e67d10a829080c02dcf0,external_train
ISIC_0064747,bcc,BCN_0000356,BCN,41d37dbef7715b3cc6a5acb6a94275dcfbde6a2460254b6cd9d5f75bda0ce92b,external_train
ISIC_0070815,mel,BCN_0000360,BCN,4052220e2b51fe9aa1b7070f9f3ddf45d3dc06ec4d909f115e9480f0f1d5c50d,external_train
ISIC_0063861,nv,BCN_0000361,BCN,3f181857d8d43843c945c5ea07d8b82bf2c7aa7e1a3112fa3dd2ba09cff45d92,external_train
ISIC_0070730,df,BCN_0000362,BCN,3143bc19637fc4d7bdec579156e5118337fbb069fa4fc699a4f0d3ed53ef2647,external_train
ISIC_0058177,mel,BCN_0000364,BCN,0230cf6ecdc00a24a21eb7684cdfc5e1e37dab13c45554f7e81ec729529a48e5,external_train
ISIC_0053681,nv,BCN_0000365,BCN,13f6a6fb41ecfbfd85d035c29155f68c77db1d7345164768c7ccf447de37df0c,external_train
ISIC_0058146,nv,BCN_0000366,BCN,076b7b88d051eebc887171e51da7fc32429a74371becc66bf1487191b8b6fb3f,external_train
ISIC_0066237,mel,BCN_0000367,BCN,467840a9282cf22d614e17b584fc9afd6bc805379766036736840f9a4f8546b8,external_train
ISIC_0059317,bcc,BCN_0000368,BCN,3bb9e21ff5537cfc9b9099f954979dd7da29e3534e3e20b59678b50df6457064,external_train
ISIC_0064587,akiec,BCN_0000369,BCN,d01c275f46005735301ab88c722a40cff2918738acf75b55ed660975de06f85c,external_train
ISIC_0070319,bcc,BCN_0000370,BCN,1d4dffc84063330bbea400d21e88de43efefb554e3fdd882af818c36309f23a0,external_train
ISIC_0062080,bcc,BCN_0000371,BCN,d5da3301ef7996c2ef1f3191428e7448231c965b89511c3601b78986a9c80e76,external_train
ISIC_0061526,bkl,BCN_0000372,BCN,93068e75963b412acecb9816cf44f297fec4813bbe2803d836df9203898f50da,external_train
ISIC_0065721,bcc,BCN_0000375,BCN,0afb054fe24c573ad656fd56eb1fc49a09626d995dd82fe27885c065cc6d435f,external_train
ISIC_0064915,bkl,BCN_0000379,BCN,74aaba61ef5262deccb5215a79d019ee4b35cb8db91c53eafc1319c5722c38f0,external_train
ISIC_0070201,bcc,BCN_0000381,BCN,1a9bd26f41f7dfb563307e479e9b0d2d588f59f2537dfc0314b3b463c231423d,external_train
ISIC_0064012,nv,BCN_0000383,BCN,1785bcf3c72783f1deac426ee1ad6051c50028d006ddbf2e2458adf721d29d94,external_train
ISIC_0053497,nv,BCN_0000384,BCN,3b46943c7ed3c0ef4814344442b026c49c359176f350574b026277051d0c907b,external_preflight_val
ISIC_0068798,mel,BCN_0000386,BCN,10478aefc6a77fa8682a9366cb3d180d7e27bb1d2b423c7ae104fa14cb100082,external_train
ISIC_0061068,akiec,BCN_0000387,BCN,5c9910606a2cf8a08fc59bfe1a3cc9ab66c7b757f3b9046d321877054b70c33e,external_train
ISIC_0072983,mel,BCN_0000389,BCN,038c8e8a3d7b1073c56afbdd2d82b57ad25964ace5888a500854eb864d2b0be0,external_train
ISIC_0061639,nv,BCN_0000390,BCN,090959de61047f828f70eb51827a95db5d58512a0ee93a54685456e8b5bb133d,external_train
ISIC_0061465,bcc,BCN_0000393,BCN,412e004042f0bd3c30024d747dbb7dd2e29b5f238d12fa52bd606695f068b1a5,external_train
ISIC_0061147,nv,BCN_0000394,BCN,28dc0c87c0f3e11252d338ff5bd5cc27afad4ad4c47b4b6b428e21e810ea5af9,external_train
ISIC_0070098,nv,BCN_0000396,BCN,4d3b393d76660e79848f24294f177e9efbf3498f6b57649f682797e80e8b1203,external_train
ISIC_0054142,df,BCN_0000400,BCN,60fc8b69be37d172f505af7cb1792818033fced932113937046a633feb84f911,external_preflight_val
ISIC_0067657,bkl,BCN_0000401,BCN,396155becf8067863156e108625902d4009a17723f0e789cd36243877b4454ec,external_train
ISIC_0069676,nv,BCN_0000402,BCN,654b1a73dbfecfb237f85941b29217a33a056ae72fb7069ce081f68d2fb7e296,external_train
ISIC_0064655,bcc,BCN_0000404,BCN,09cedac4596dfa17b8e09fd847cbd6d8f1f6e8b2d157d8b2acdc8df3193a3a9e,external_train
ISIC_0056655,mel,BCN_0000406,BCN,14085eba3f30afbbce3b088004818003ceb0fe93daf2b5a45e69d498b689ffff,external_train
ISIC_0063712,akiec,BCN_0000407,BCN,424f4029d98f7cc68f84a6f79f888d8637203cc5caf468c4b47981233a5c084e,external_train
ISIC_0059067,nv,BCN_0000408,BCN,7e84626354788de74bc7082ff6f74220c682e87239bea5c087ba5ee49d34ce54,external_train
ISIC_0056030,bcc,BCN_0000409,BCN,359b345f4b574fcc2f54da161346b1104ce9577afcd3af76831d068579c070a7,external_train
ISIC_0057786,nv,BCN_0000410,BCN,07841f7bff26fa9d162f6654d5e482152ecdddb9bf1141824ddda7cf7b1d2f1d,external_train
ISIC_0054382,nv,BCN_0000413,BCN,0c82ec695228d262b580ee06d404520812684a4aa878f9831e24443e7b7d6414,external_train
ISIC_0055059,bcc,BCN_0000414,BCN,685fbd0cb92c87006f3761ce67e2ac60d26c666366b0048cabe41a9064cd3915,external_train
ISIC_0069274,nv,BCN_0000415,BCN,43778a5f794db3d51438c10b5927831f204aa63379d50fdcef628a26bf6e5466,external_train
ISIC_0066125,bcc,BCN_0000416,BCN,557e7704500481d38ffccfd5bd6c924c93b012abe7c27e74af0bc2dda4f1fb82,external_train
ISIC_0068614,mel,BCN_0000418,BCN,12560742dca8faa1e8e51ec977d76b981742a94908efc60177b6c8322ffa9c38,external_train
ISIC_0055426,nv,BCN_0000419,BCN,bf0bed5674eea4f3c9d98fe5e3580e648d970ac8803c2023b047439a9764c8fd,external_train
ISIC_0062964,bkl,BCN_0000420,BCN,43d404ed93de83a61ac6b28f1b305b2e78944de92f46e07589ed7d6d9efc8d42,external_train
ISIC_0057102,nv,BCN_0000421,BCN,13e9b3234ee7f7c004a02703c8354f3d3ced29b615ba80f53b0cdc8b4bef0ab9,external_train
ISIC_0064956,nv,BCN_0000424,BCN,0640a839b6ae3768586c079877bb13e71063860c5b24392c7edfc01942737ade,external_train
ISIC_0067736,bcc,BCN_0000428,BCN,a12ceeae7ab4584433d2082c6f6da8ee4de9298d50f50fdc56113829cdeaffb4,external_train
ISIC_0068423,nv,BCN_0000430,BCN,0977f5cb3dcf77a31af3248b6783c37201ae858babb8f7b0a105e9dba4da0e41,external_preflight_val
ISIC_0057517,akiec,BCN_0000431,BCN,616b66e49d07c3999e92673d383aac977b169d06b7d8e5d6b9c2cb5463a7a2e7,external_train
ISIC_0060145,bcc,BCN_0000432,BCN,927bad3b1efcd79728c7091f1eda68e9daca66d2cc4a96ff9899aa822038f20b,external_train
ISIC_0056178,nv,BCN_0000434,BCN,7017ba10a3658ef1841fdd96a75b885ccab4f8d2dd747b83cc61b16cfa78d487,external_train
ISIC_0061189,mel,BCN_0000435,BCN,5f2cdd38979c1ea08e21f20a844029116ac4bda33d1c6556973f5f175e40efe9,external_preflight_val
ISIC_0065061,bcc,BCN_0000437,BCN,08e6eec17d742a9135d1cd362aaa0cc4a3a36906a149a7d2eb60509949d5845c,external_train
ISIC_0059531,nv,BCN_0000438,BCN,a5a821c7ee0e6ac29a04f2842e13f003a485960fb1beab317e8358bccd3f9091,external_train
ISIC_0064495,bkl,BCN_0000439,BCN,3189cda053b8aa5ce18d78124c03a8d72004dcb8fe4b7fa0c0c327e7650e577b,external_train
ISIC_0071641,nv,BCN_0000442,BCN,d9436104160eeee656a7b4acf479f35eddd0851d166d265f104fbcb4facbf28b,external_train
ISIC_0071051,nv,BCN_0000443,BCN,214672ddd54c208b5e856109188691203fa725f088056f4c7708e733eb483b42,external_train
ISIC_0063475,mel,BCN_0000444,BCN,20fa1a935213c86a4d95796502b285ee61afcb54ceed1fd7c99348be6fea2e7d,external_preflight_val
ISIC_0059558,nv,BCN_0000445,BCN,440b8c6044a9cc301d438351b7dd6cea35f399dd10e83cee1d20651765004e02,external_preflight_val
ISIC_0054838,nv,BCN_0000447,BCN,546e9663f2b2a7343d09c41af93db205bf7ad642adc65ce016d451c6c53ba7ec,external_train
ISIC_0065254,nv,BCN_0000448,BCN,857392163665fcd6d07469ced4305e7ec285d6bceeccf82c38d2c1d0470368a5,external_train
ISIC_0057456,bcc,BCN_0000449,BCN,96bacf5fba527712e73a56e8e2b2e3ed2c083a650abc302ef5ee00001d9ce114,external_train
ISIC_0070638,nv,BCN_0000451,BCN,0ea4c22036e987403a0dba56173e30d2bf436e82dd6c586e3997b48a0d0f33e8,external_train
ISIC_0070245,bkl,BCN_0000453,BCN,3810f48aa02fa71be0257911cd776d309685050d55969b5dcc8d6df606fc5ad2,external_train
ISIC_0060251,nv,BCN_0000456,BCN,245b38e7233b1e04f5445db837a6619d812beee5ef3a4f7a28786f03b195f982,external_train
ISIC_0070707,nv,BCN_0000457,BCN,99e67b7c4c3bad38e8db31ff9ca525158e587d90285799b1bb32b0e5b241ea91,external_train
ISIC_0072649,bcc,BCN_0000458,BCN,07f2239a9451b9f3a2d6d54d2f787f624e791453644ea218235f6faa93cdb413,external_train
ISIC_0070538,nv,BCN_0000460,BCN,979e20568fc161266e5a9f671fc07e0c0eeb1f918f3e45d5d72d6cbf3b1f4041,external_train
ISIC_0053858,bcc,BCN_0000461,BCN,be18aa707f9557384e8611a56d3e95e78d5a28ff4c001a20a1b9c7617c13d9fc,external_train
ISIC_0058821,bkl,BCN_0000462,BCN,2349cc1f4a70c0ce8eca85c36e307db19877f99e303411d3af9d7a31a0384d44,external_train
ISIC_0063265,bcc,BCN_0000466,BCN,104040f576899cf1400227eebd7c47e6e4e5e44c2dafadbf6530176d1d588325,external_train
ISIC_0066920,bkl,BCN_0000467,BCN,36fde278c76992ebd7f8b70e246c639aa3f8285b6b6325e588789f73c8c00661,external_train
ISIC_0068865,nv,BCN_0000469,BCN,2a12f85d18c42470f302b296564cd5e9d0b9bfe859dd1fdf0f787ab534a4f72d,external_train
ISIC_0069071,nv,BCN_0000471,BCN,255d0bdf510b6cfd65d3e8ba9ce8e5457bf4b49cdabec93f9c3575adfeff3d99,external_train
ISIC_0064044,nv,BCN_0000472,BCN,0261a08e8042977042fb09d350f0e989c258551809615514e3a7244811e709c6,external_train
ISIC_0071459,bcc,BCN_0000473,BCN,4f7f8fd5ae00f455b11e34883d2001d35e74a489a6fa0b278419db208741f75d,external_train
ISIC_0072271,mel,BCN_0000474,BCN,75183e15819c39aa2ac4a3f2f0b28d6b83c62380484159d8ee63d843dd2204dc,external_train
ISIC_0054407,nv,BCN_0000476,BCN,04997f056e350b8790346e2f8f4ab17ae6e5301a7434e5183f4b1dc176a3f6d8,external_train
ISIC_0062706,akiec,BCN_0000477,BCN,3752985748d163f9b69d9871f5cda463622f93f6c1cb11925ed5dab1e3273f70,external_train
ISIC_0061747,bkl,BCN_0000480,BCN,404763b2c93ec24ecbd8574d1cbdb9d40dbdec9034a1a47cc7672e6a59214853,external_train
ISIC_0062173,nv,BCN_0000483,BCN,1225c5522449e9e0013a46954448a43964525e2d40235c142ada3dc5a33a150a,external_train
ISIC_0053719,bcc,BCN_0000485,BCN,4c5abc4f9c505d6c82f8373c19cdcbc5f0230baafd1bd3fdf5b702a4ee9deb86,external_train
ISIC_0064865,nv,BCN_0000486,BCN,6a2bfd569e399a95498ea7745f76d0fcfbf6bff7cb10e82f957dcde1bb83ce34,external_train
ISIC_0056799,mel,BCN_0000489,BCN,2602c36935cd388e40b3719fc1d14b272642455e8b0ef7b480a7ae52207f1907,external_train
ISIC_0066118,nv,BCN_0000492,BCN,b12b17cb45fd1fc25e6a27f899d9db14f3fd4690d1c84cb06d8200f5e5c5a0cc,external_train
ISIC_0055762,bcc,BCN_0000493,BCN,3a9b17041ea66c320e95a8a4aff69a5d3cd98d67492340d400770a1ee550cb33,external_preflight_val
ISIC_0057352,bcc,BCN_0000494,BCN,087386cd8032ba5bc9b3af7017ada4705f68556822ffc9a2f810c3f22c47a6c1,external_train
ISIC_0068607,akiec,BCN_0000495,BCN,585569a59efc0f19edc19c79b2b36b63fa1d49f6cb265fd5f0eb17b33a6b176b,external_preflight_val
ISIC_0054962,nv,BCN_0000496,BCN,893fe58563f056edd57ab323f6253db683dc6d216ad64e0476a88b3b1248a19d,external_train
ISIC_0059380,nv,BCN_0000497,BCN,24f22864961eb09edceaf59586de033f0fd1b339d587269170a8b0405fddcefa,external_train
ISIC_0059298,vasc,BCN_0000503,BCN,37bf64052630f6e312649fa9a54a55798b9b920b8649b67d10fa35e4198caf31,external_train
ISIC_0067835,nv,BCN_0000504,BCN,5e3f47bf77a15b1242a430d188dad5b0ecc5126caf5a74061f1c6c5e8a265321,external_preflight_val
ISIC_0061286,nv,BCN_0000505,BCN,12d096e6dad8bf4e44fd132e87578c96fc61a0a1a7a40ee1a1747ee3679c1398,external_train
ISIC_0066857,bkl,BCN_0000506,BCN,3d87a8fbbe301756e83026cd056509726b58215ef596a18e663cc70b382c7180,external_preflight_val
ISIC_0057287,nv,BCN_0000507,BCN,2f378f509cde54ec04728e0fd7e79d4fc1d90e84b151e305ab4f15e3b72fdf42,external_train
ISIC_0058418,mel,BCN_0000509,BCN,110074c1d288a515776e54cefe3745a0607e8431886c51c48397280677b194c5,external_train
ISIC_0062330,nv,BCN_0000510,BCN,8ee4c99c6d866e8288a20db92bdf37f9e41a531c657b70408d44bd4feb0a4773,external_train
ISIC_0068243,bcc,BCN_0000511,BCN,1b2e7e1efa974533eaec07dfb85d1081d3fd060849cbb615ea0def4c82cadf43,external_train
ISIC_0070392,nv,BCN_0000512,BCN,2b45b5b1b3d6d4f58811162a07a20ef1052842693eb515485c98a8071a142a5e,external_train
ISIC_0054351,mel,BCN_0000513,BCN,9e1946d0554f00449ef893e662a5883348df9e3ce499027402329a921a37927f,external_train
ISIC_0053515,akiec,BCN_0000514,BCN,066713269c603594c36235a4524975419012d5b02ec54897ffc6ec06523c2d7d,external_preflight_val
ISIC_0072318,bcc,BCN_0000516,BCN,c1aa10172661410af96c9a9ac672410809a9c4dd2159bf8bb42f8e9f57c8d147,external_train
ISIC_0071365,bkl,BCN_0000518,BCN,0facd43b321452dd037f8bf708fce9a0bfbf5ddb6a6b7f35d0399666d3ec163a,external_train
ISIC_0061739,bcc,BCN_0000522,BCN,b88be3f24a69019df9ccee66fe3ded87953ef44f2d76d93a89d263d8df4d750c,external_train
ISIC_0067301,bcc,BCN_0000523,BCN,4b2a64dffff2f3fea5c9954d0685003283b6db501adb9f48096477bb11071c2f,external_preflight_val
ISIC_0064183,bcc,BCN_0000524,BCN,9f4b199fb0a8a2d27803b31caec6cf164b5960a6ffd337a1bbbb991c469e4e6f,external_train
ISIC_0070484,akiec,BCN_0000525,BCN,1de77cfcceff4270248990ed23f437e24c8d4b6f298f2551f381b5ac6a749208,external_train
ISIC_0068131,nv,BCN_0000526,BCN,91a1b5ed3ae36674c9517729b4afc6a078342ebec63740bcda2dfe1d382a337b,external_train
ISIC_0061278,mel,BCN_0000528,BCN,2dcd01e5acee85d403e07ae8b633ad9915218627d87154efeb9b402b50c60691,external_preflight_val
ISIC_0067348,nv,BCN_0000529,BCN,5d671192dc0b0fc1b8fb2deabe4cf51baa32322fd31be0459ba684be8c2f08b1,external_train
ISIC_0062904,bcc,BCN_0000530,BCN,d2af1eb3596a0071c17878049a8d13d23a1f6e244a416b1fc91da5c25df73997,external_train
ISIC_0057547,akiec,BCN_0000531,BCN,40c6f8e6d70f5c402bda77731e07690b38454c16b26d8b5f789fbf7e67adb0a3,external_train
ISIC_0073128,bcc,BCN_0000534,BCN,52ff1c453f72e9406eba6d8694cdb5f7951b66e6b22b6deb1de633bcff187e26,external_train
ISIC_0069630,akiec,BCN_0000535,BCN,1f8af7fd618bdaff83a78ac59a73e8d80f5be458e72c111f3fb1ba86a601cce9,external_train
ISIC_0063353,nv,BCN_0000536,BCN,28854b4ad52f599c4afd0587a275d2d3f2b8a2e148f72cfee8817d877f1a4906,external_train
ISIC_0067039,bkl,BCN_0000537,BCN,16bb56722cc1e674b2cbb693af6bb0bf4c255dfd3d64d7ae44d3ae26199d2d46,external_train
ISIC_0062702,mel,BCN_0000538,BCN,5e4077e9a6dbea5764b983ea1219e32859111c08f0e6af10b3da357ecae6fb89,external_preflight_val
ISIC_0055123,bcc,BCN_0000540,BCN,26fe97959ce7ba0aee18af3b37ba0d75088204068dcb151c8de483078c1f4301,external_train
ISIC_0055139,nv,BCN_0000541,BCN,15f77176ea235b9e536230534ce9f9b74e092c4c63b812c1e36ad74b98e949c8,external_preflight_val
ISIC_0059553,bkl,BCN_0000542,BCN,4b74c77a907f1d4c8c2d6b584d8d7fa27e061be2435fd7533dc26951f1d504d3,external_train
ISIC_0069441,nv,BCN_0000545,BCN,039755e3c3c6a151887f81947b34f48b08409508a818ed43bb5d5eb60ac0898f,external_train
ISIC_0064605,bcc,BCN_0000548,BCN,e6906cb30ab6dc12959bb5df98866afdbcbc20748fc22dfec4e01e171bcf54f8,external_train
ISIC_0063243,mel,BCN_0000549,BCN,6f0de5e769774f32037708695ca740424a1d61e57a4304d5d2ff8a54ba93bc0d,external_train
ISIC_0054027,nv,BCN_0000551,BCN,90db6d0d086a2ee296beb7db6bc08e2e76d74bb04fe0e0b6292b93395413dfb2,external_preflight_val
ISIC_0054954,mel,BCN_0000552,BCN,174fa16787b2a3f611168907a34eed54ab926c3f6dffdd3365af37d1480992d0,external_train
ISIC_0062991,mel,BCN_0000555,BCN,41aef63bb45307aa09b1817b6307d1c9da5b20358a323b74342f3f3041c59ccb,external_train
ISIC_0057042,akiec,BCN_0000559,BCN,235dce9446894806b3a417c31dfd65af875c85307fb812dbfa6c0b0ec9ad97d9,external_train
ISIC_0056008,nv,BCN_0000561,BCN,012c10ad320f0745b8a2e857548caa68ffbd9314dd24db66b0a41ad49ce8ec8e,external_train
ISIC_0063628,nv,BCN_0000562,BCN,8f0ae29f77d993ddf5887f733170d2a61066c404e4ab2284cf36e74d2b9fe775,external_train
ISIC_0056556,bcc,BCN_0000565,BCN,7007001a84aead449e9bfa1414d4860be071d1d670a6598f4529ecff4033911a,external_train
ISIC_0069709,bcc,BCN_0000566,BCN,82fcb5a7ca130ce94bfa8e9925175924da58b99cbef63d5d8c826a69c991fed8,external_train
ISIC_0069221,bkl,BCN_0000569,BCN,55c5d33a56c99627f12b4b95b867dbda339605bc06252083c7a354b1508c8724,external_train
ISIC_0068788,nv,BCN_0000570,BCN,09b62a1221e44401e0a720482d648fe797b736924f293ff422a5add82c2dfc79,external_train
ISIC_0063377,nv,BCN_0000572,BCN,3d8629c9e13f03aa058b12d5c85cc2abcb5dd39e24e0c69755faa254352fc60e,external_train
ISIC_0071917,bcc,BCN_0000573,BCN,069a3014334daccf0fe760cf9ddf00864cc70efb1054022a825ec196cf8cd651,external_preflight_val
ISIC_0061574,nv,BCN_0000574,BCN,663c84712c9c9fdc99517cb71215e7eb99c270a5142f99091607c888e3c247a4,external_train
ISIC_0070575,bkl,BCN_0000575,BCN,26a9ed09ec26915663e1b6d616caf11da6a6e0c3e34ca5fb8183e70245f30529,external_train
ISIC_0071822,nv,BCN_0000576,BCN,134bebbe4cc7ee69c2a205fd855f1001137db651f835df0e5d2f044e8afe0d13,external_train
ISIC_0063337,nv,BCN_0000577,BCN,d3289d20d3c661725878885a487c7f0c100fc9c7001daf4fcc94b148b992bd85,external_train
ISIC_0059755,bcc,BCN_0000579,BCN,14467e4cd99b4df31d8ea6b05c7328e7133206cca41c7f53325762a6a43c1410,external_train
ISIC_0055583,bkl,BCN_0000580,BCN,a4d886801dffe8bc86d2af46c00574fcebe2a20ee70f37a4f2b1754aa7029263,external_train
ISIC_0070838,bkl,BCN_0000583,BCN,03f390f2a2b978049748b02415addd95419c4993cdb02d9f19fd500ecdb0600d,external_train
ISIC_0059748,bcc,BCN_0000585,BCN,0d8479c890699f7a894e57e07a747333b9f1b0f651b417f23b112ef119d3f5f8,external_train
ISIC_0054565,nv,BCN_0000586,BCN,3c57e74363b175146b886ea89daba8428576c15996179d7bb6d0544c9a7d39d4,external_train
ISIC_0070978,nv,BCN_0000588,BCN,2f931435fdd77f1e01e50971014ef258cafe94fa63dd4ecf083498134a31e367,external_train
ISIC_0062424,bkl,BCN_0000589,BCN,2629ead3a00cc55c9ad09cd1f6f347c1faf47f777490d7f4757aae7511a1db28,external_train
ISIC_0069309,nv,BCN_0000591,BCN,791752c8158385f73ead9549e7804fa3194eac2a7d9e5800a6a4d3bf4495e6c2,external_train
ISIC_0063681,nv,BCN_0000595,BCN,0eff27ff3a450d0cc6ea092d3a0ebf5455e103d6290c8328023bbd6dddc542eb,external_train
ISIC_0058874,nv,BCN_0000596,BCN,20483d82bbc5eb7d16485ced5cb8d308e59a704c6594415d0b0e5d864f64e303,external_train
ISIC_0068522,akiec,BCN_0000600,BCN,a71d197292ed723b18aa37e2dcd991fdd30e184843a29d202ff5a8ac804fe82f,external_train
ISIC_0066278,akiec,BCN_0000601,BCN,0a49096ce1a199f44fca017fc18f95776fda86a4e0e55acb6120a7dabbf7c6ad,external_train
ISIC_0054082,mel,BCN_0000602,BCN,86d02a514523adc2d02e2e627f5de9bd63d541cd5f80cfcd3b5716515f6c301f,external_train
ISIC_0056129,nv,BCN_0000603,BCN,4e20da38b519aa40750a86103c3f0c033f38c02d562904eabfc6f9c5f48e198f,external_train
ISIC_0072926,nv,BCN_0000604,BCN,268b951cff184cab7d17edeb0c953ca414ec8cf4d32ebd07b226b9fdff24ae95,external_train
ISIC_0060833,bkl,BCN_0000608,BCN,5874afe28c19bdd9df3b68b83c2b329cfb4fa87741d760061a9aabd7b54290a6,external_train
ISIC_0062215,nv,BCN_0000609,BCN,7e008d97d11b779a194b62335e81de47a473ec5342888e686a04ea8de6b80903,external_train
ISIC_0065393,nv,BCN_0000611,BCN,462d7af811893ff8ec9f5ae63a3faa6c5bf448a57f29ae7cd2543f735abcff90,external_train
ISIC_0072356,bcc,BCN_0000612,BCN,7d637ac8ee96ff9d85329127c467b15081647c0b3cc45f31e5f771d618528b11,external_train
ISIC_0063181,mel,BCN_0000614,BCN,1314e9f4acff2cf6107c6e3f8f5bc71a05c46ab18f752b8cbb7771145158840e,external_train
ISIC_0060166,bcc,BCN_0000616,BCN,060933412062e446a4708199eb0132bf9faa4dcea67943d21f022bf7dc8402f8,external_preflight_val
ISIC_0054595,bcc,BCN_0000617,BCN,be058420cf651a02e6a5f1704694823f8b58688d25e43670d672decc81ecc4d1,external_train
ISIC_0064660,mel,BCN_0000618,BCN,106013e2a908597746ab8827f53f5eef1401af2583d3c052688889ffc0984072,external_train
ISIC_0070718,bcc,BCN_0000619,BCN,6c5f067ddfe77d9f29ed7275dff04563df6ce84431c4bddfc8203121e945751f,external_train
ISIC_0072583,bcc,BCN_0000620,BCN,4ae04a00ca44f995383cc9950beec510a6898ff0f717aa7b967d49fe8d535b1a,external_train
ISIC_0056530,bkl,BCN_0000621,BCN,4cfa2a67bc4dfee2904fd3b05924be7574da6b061a3b34022010eda0af42a168,external_train
ISIC_0068467,bkl,BCN_0000622,BCN,987bace19107243751bb1766d0037240002c81ec3864e888bf01927ada3f7836,external_train
ISIC_0067236,nv,BCN_0000623,BCN,152598cb64804763ab196db08ae5b28d4e3d9db21848e969b55dbd739cc09408,external_train
ISIC_0059983,mel,BCN_0000626,BCN,35c869a17acadc7cc1fba2a9796a8d234d170711f49760526c77d4bfeec2d140,external_train
ISIC_0060972,mel,BCN_0000627,BCN,0902f623f0474ed26f6a9bd7096dbbe6db9f60425575734f7272c152abb326cd,external_train
ISIC_0063897,mel,BCN_0000628,BCN,7c479519c0b52c59ebef9f9cfefbb2b98549ad218e4ab38585d545e9365024de,external_train
ISIC_0060429,bcc,BCN_0000629,BCN,05c1d46e273ac346355398f7e81f38a56ecb3b74d91b7faa4eec2d898f5d9636,external_preflight_val
ISIC_0068794,bkl,BCN_0000630,BCN,6135d247196b0182af8279b2a05ae3ab120abf4df61dd328270e03e8e9c08c1f,external_train
ISIC_0057190,bcc,BCN_0000632,BCN,df9972cd227a2e051ade75fc534b0bfd4a60808b45462ac440358fe3ce18369c,external_train
ISIC_0065480,nv,BCN_0000635,BCN,009494d47399d457ca2c6437bb730768f54fe47de40af7738515bba6ba4b47fc,external_train
ISIC_0065392,nv,BCN_0000636,BCN,57f44d3ff756f6412dc4cbf23ae14aadfd096f10c7e846eb7d0128bef20c084b,external_train
ISIC_0070437,bcc,BCN_0000637,BCN,a2c7fec2f20a73dfd998e2f190aa5c3ce39fffda843193261a5d7e917a5537f5,external_train
ISIC_0072035,bcc,BCN_0000640,BCN,7f38509f0564d3e41fe8d40eeea33d8196b0063ee11e69e02299b0c0417afd0a,external_train
ISIC_0067680,bcc,BCN_0000641,BCN,74132469aebb4dfd73fa1071ff462ab64995792df481cbbebb2253182197e4e4,external_train
ISIC_0055669,nv,BCN_0000642,BCN,62d9585a7c36b3772957969883400787cad24ff08ed370fbe1d01820ba3093c0,external_train
ISIC_0056029,nv,BCN_0000643,BCN,7f1f79694d1434bc2c71db7e39cc8918b066d5f56e7e0e008a4a9036d7a5d478,external_train
ISIC_0071195,nv,BCN_0000644,BCN,0f794d5afce81d87967f31003c8eb8b201ae58c4ce66476c58194115ef451113,external_train
ISIC_0055608,nv,BCN_0000645,BCN,1026e3fdb15fa2c963a007b53dd4e65dfc7fae642ed59c709e30b351d50423e3,external_train
ISIC_0067506,nv,BCN_0000647,BCN,0fb4a6c25764da976b8e98b879441a87821bfef9d09295c1503001b6dd287fdd,external_train
ISIC_0055853,nv,BCN_0000648,BCN,4fbf87b0f66e2e20bf3d098336f020c108727ce4c89d380cc1bc2459cbb8c2f8,external_preflight_val
ISIC_0056343,akiec,BCN_0000649,BCN,83551a4b45143cbb2f7ba9154bbdbeab60c5632ab1635d58086d197888f662a5,external_train
ISIC_0060906,bcc,BCN_0000651,BCN,3740f23fb0de01c8adb4f61dbcc8001c49c392b3137f5a99156d52e7a304312b,external_train
ISIC_0057896,mel,BCN_0000652,BCN,3e22c965b173e88ea45962fc83be19785839d2fcc55a2331aa753e7bf4c1da32,external_preflight_val
ISIC_0063221,nv,BCN_0000653,BCN,360f2e8f15c763fe6f6106d4dd53684fc018418117514255b11c2ab96358b564,external_train
ISIC_0066251,nv,BCN_0000654,BCN,555de8d496a951c75c570f514ad51b8da5affcfa3061b4547a89ed5144d1478e,external_train
ISIC_0071421,bkl,BCN_0000655,BCN,69561770a09cc11528a2cf5fcac79aab8dabf574813e2c43c48c47dcf55c81ff,external_train
ISIC_0064906,bkl,BCN_0000656,BCN,660adfc76e0e19b80d1a5e29ebfec5d96929da6dd1a6e923f4961816817492ed,external_train
ISIC_0068747,mel,BCN_0000657,BCN,0b5e99c5bba0377215cf709f359c8a17b1ac961559460f74894e4036fba11432,external_train
ISIC_0053631,bcc,BCN_0000659,BCN,5fbd47ae07f874f17f5a18261254c6a84514ffe4b63ae0a617e33c0fefff4705,external_train
ISIC_0061265,mel,BCN_0000662,BCN,2da580f2207499636a6993fb1d4ff368df9dcf705492217247fd1559a6fbb537,external_train
ISIC_0053993,bcc,BCN_0000663,BCN,31c4efdc8c4b60d64c2dca18a99dc4563670e09dea72fb8876eb3054a3360b92,external_train
ISIC_0066747,bcc,BCN_0000665,BCN,681612a7dda09fe67db5fa6ee24dee79893f33712b220516e8766c1d5ed5147e,external_preflight_val
ISIC_0058607,mel,BCN_0000667,BCN,2270770be76098dce2d9feb6e82b2570f2b3dfaadeaaa05388ff34b286938d5e,external_preflight_val
ISIC_0057693,nv,BCN_0000670,BCN,22e9b0d7533d77706925ba5c47bec185a067d51a2cc5d972f94400d0efb6d4dd,external_train
ISIC_0072457,bcc,BCN_0000671,BCN,75b885b0b5c40328e9b2fedf1155bf05d55b9615c9081ba663729d4eea8a53d9,external_train
ISIC_0058452,akiec,BCN_0000672,BCN,63b669a03911795ae9c0a0bffdbac302160a462823f108990dbd12f6df0f9120,external_train
ISIC_0071026,nv,BCN_0000673,BCN,1b1b35d48cda6449a559a781b7f979418d88a8e6a4ba71494de48290aadf6e51,external_train
ISIC_0061005,nv,BCN_0000676,BCN,06c2ac1ff0ca29debdb2a5a13ce189e824e1f1d008ba96585b8bb68e47993bea,external_preflight_val
ISIC_0054787,mel,BCN_0000680,BCN,0200e3006eca67b4a1cfd52baad6c7c045abeb2b923ff89423e1f532bcb9f092,external_train
ISIC_0054192,nv,BCN_0000683,BCN,06711d2f315b8b4d4a170062e15f78e8f3add28b89cc53a6d2ade33264410584,external_train
ISIC_0073219,nv,BCN_0000685,BCN,1db1d5a8224c6453ee667dc43e06da40fad9b69ce9f3612e7a730ba6d7197ac4,external_train
ISIC_0056282,bcc,BCN_0000686,BCN,088144adbe070feeea00712597cd27daaf784766da8cc02fce2beeff2c290cdf,external_train
ISIC_0066755,nv,BCN_0000687,BCN,00507b1d25bacc3ad2d26adefe027e26c90303c36619243a787dfa46c26ff77f,external_preflight_val
ISIC_0069476,bcc,BCN_0000690,BCN,c2a6ebee1ddfcd261773e26beeba831342024bd1118dda59bb61e40edd1edfbf,external_preflight_val
ISIC_0053915,nv,BCN_0000692,BCN,e506016189107271b0272c37f7dc5d08be913b9320eb9d57873e2d9551fe7017,external_train
ISIC_0064741,bkl,BCN_0000693,BCN,290e385fb8c39880ad23bcd0e01c26f842db99a23eaf9d522fe5d904db3f1f10,external_train
ISIC_0055566,nv,BCN_0000696,BCN,4c44c363161ad9bafc37404b16cc82ae4c14b211f9dabc9a08a83ca679575024,external_train
ISIC_0055514,bkl,BCN_0000697,BCN,51eef0e8789761a8b2fc13bece559b99db553ee1e956eea617a704c16c74a7b1,external_train
ISIC_0063896,nv,BCN_0000699,BCN,6b071002c41cb9bedad6510eff506a134597be02fcd57b1b0128aaa9b8572e67,external_preflight_val
ISIC_0055886,bcc,BCN_0000701,BCN,4a1d4396e581a34106078f2c4b4d2905453ad6397f25ca37e04b5acda8601530,external_train
ISIC_0064446,nv,BCN_0000705,BCN,3c7dab0c695ce97053c6e9de5dfe7b38afde395620b66d4870e1230687eda3b2,external_train
ISIC_0061115,nv,BCN_0000706,BCN,119d06ae4b38e020f926d5d44fbaacc23e434f08248728a3a66ee3b4e1516487,external_train
ISIC_0064023,mel,BCN_0000708,BCN,287f88e872d78996303aacec1b9df212503327150592e66728186925dc2dd1fb,external_train
ISIC_0064471,nv,BCN_0000713,BCN,1925bbbf3a6e85328408edfa3e53fbdcc5e726c161b692175341d99602fbfcf3,external_train
ISIC_0063728,bkl,BCN_0000714,BCN,2accd23de973903605b3e1a219645b74a0a1c4bdc0e059b812f2d459d9d297cb,external_train
ISIC_0070075,nv,BCN_0000715,BCN,60b90447db63630fe406ea6f8cbab3f3154155a58a121a300027b4d5b6b08732,external_train
ISIC_0062363,bkl,BCN_0000717,BCN,5a8ef4743344c5c0ffed7f8e0e755d63f75a20ecd9ecb93f082701c1e75f5a2e,external_train
ISIC_0066742,nv,BCN_0000720,BCN,ccabd6bd4015bd578b0e08fac155e741e6f509026601383371dc95e6e86af584,external_train
ISIC_0064494,nv,BCN_0000721,BCN,57667e265a643af61f7ff6fadb06fa39c1cfdb2cd8545a1802714158d7cd2b83,external_train
ISIC_0054840,bkl,BCN_0000722,BCN,0ab1a89cc6309e8cf7c04ba50a24d471472e126e5ee026f42c6789d32d3ebb06,external_preflight_val
ISIC_0061894,mel,BCN_0000723,BCN,1bda0df660f5c6c0a82c720a103548d99e9fa7cd533ac6079b94a1740e089954,external_train
ISIC_0058385,nv,BCN_0000726,BCN,3f4e1cf67b5294d746a1f325579036a2adda51f29777be19ac405042bf62e0c1,external_preflight_val
ISIC_0054274,mel,BCN_0000728,BCN,4381a72f15a92e90bf9778f2604f5e1f50dc723d4ad36ef84249bae2de50ac76,external_train
ISIC_0062980,mel,BCN_0000731,BCN,1a2b0c19894c44cb166c32c7e4bf976ad851b3fae650de98a1accb4ca36cd3fb,external_train
ISIC_0059688,bcc,BCN_0000734,BCN,5b9539cfc1ed12c2c0571baa7f8117dfb5c9f45afdb9a8f1012119f42a53ad66,external_train
ISIC_0057986,akiec,BCN_0000736,BCN,69b3b84f22366091df3dce9327cbb9e8a84e8c133ffc0c0a87ac81f54ee42158,external_train
ISIC_0054477,bcc,BCN_0000737,BCN,6d29212f85f4be7237c662f8317b871cab605a58380d2ef6b78d149eb0427137,external_train
ISIC_0055908,akiec,BCN_0000740,BCN,5426e25bb67bb8c86479861077c7f3015984eedf536d1c9c3b0f23fc2294d396,external_train
ISIC_0054443,bcc,BCN_0000742,BCN,8d09fd39f8b9b75796489807710cafac0ff562eb1e96d829851d40b4a993953a,external_preflight_val
ISIC_0072731,bcc,BCN_0000744,BCN,508ed54c46206c00f5367006b1818be8a29eef6346b7a3adb378cd30f4bfa73b,external_train
ISIC_0054685,nv,BCN_0000745,BCN,2072a9ff87a1a42113b6865c319516e2b54650deb7898f3ebde8458bda583c8b,external_preflight_val
ISIC_0071165,nv,BCN_0000746,BCN,41280262cedf52bb670e9de3064a38eab7b31eeb3ad042623f1e100b3b0d99be,external_train
ISIC_0071022,nv,BCN_0000747,BCN,143e64f56ffddfd129b013ade6a5bc5ada71ba9dbbe7c86daf6b2ed6d851dcd3,external_train
ISIC_0072771,nv,BCN_0000751,BCN,1868a1e9d487f1d6b85e18f78c1914520ae81d88c886e66a24e8efb26bd5f0e2,external_train
ISIC_0064608,bcc,BCN_0000754,BCN,57247ba14404df50ca1b28f01d8820f0c04414e20406395d2e71b0d350eb698b,external_train
ISIC_0055324,nv,BCN_0000755,BCN,9c0d4f6632b91a727819c0afb381c7eb4c9ca85f33b92edbfa044b34f47d6bb8,external_train
ISIC_0056890,nv,BCN_0000756,BCN,0068830a802eb0f17c21ff12530087a5136b0a04779026172b20c768004dd198,external_train
ISIC_0063374,nv,BCN_0000757,BCN,74bd9cc16042a590f2723095d54c7a9c019411e94047b01a7193bcd1da578209,external_train
ISIC_0058495,nv,BCN_0000759,BCN,11815b5f8c9976372ca5c11b673d15a7f7e605f349d61a8c5d1620f23f9ffad4,external_train
ISIC_0070465,mel,BCN_0000761,BCN,0395e7a7685a097d97c2e37217743651a54d135d6ed7d0633bec20eecd4a766e,external_train
ISIC_0067167,mel,BCN_0000763,BCN,075ae6f63e06376f5a387e3bb014480d48de0c623971d5bbb24e322ea64f053d,external_train
ISIC_0073101,nv,BCN_0000764,BCN,6fa8bfb163f98da5846e4f570514b8516389c0a55656e15b56264bcd6bea507c,external_train
ISIC_0070587,nv,BCN_0000765,BCN,201e0eec45ca005326f13151ebd920d59149138fc861c242b20b65c53dd6435f,external_train
ISIC_0058436,nv,BCN_0000767,BCN,0e573ed28e5bd464a7cc88568db736bd295541658a5e34447db063843d106919,external_train
ISIC_0054568,mel,BCN_0000769,BCN,2fcc169260b4ba2d63c219fbbc1a67b5385431e9677fba6717bf68733fb6591c,external_train
ISIC_0065540,bcc,BCN_0000771,BCN,21061124dd72f1e01750608df7349a04e85718f8f5beada5a548b56122bb6046,external_train
ISIC_0070492,bcc,BCN_0000772,BCN,18f4f3ee53de4dc272bd691d7dd71208e7135e39ee141e405aa60d63e07f0c19,external_train
ISIC_0062388,nv,BCN_0000773,BCN,3fd62c4cf73c88ea4b60de460940ae6202c0f3c0f423aab26935b6ca01619cc3,external_train
ISIC_0070779,nv,BCN_0000774,BCN,1a48cfb11308af312e115f5c3d36f7d8149308734f62f51cfbabbb6dcc20a022,external_train
ISIC_0071233,df,BCN_0000775,BCN,75568c6fbb622167501132c229cd4d82fd9f6c3768da3e9d72e18221677771fd,external_train
ISIC_0060515,nv,BCN_0000776,BCN,36a57435060b68bb02fd91626982add14797f85365c1ec910232a5c331ec7ee8,external_train
ISIC_0061174,bcc,BCN_0000777,BCN,7205c1d3965a2e3c8d2a0d747f8d526ba92a62d7ff3ff858b521bd75089eb0ba,external_train
ISIC_0060377,mel,BCN_0000780,BCN,1ad39bcdca3eaa58c53493b3d090a262cf320019c778ce62256b1bb3f9a91a9b,external_train
ISIC_0072257,bkl,BCN_0000782,BCN,052a016b4246226c38483cf24181700b5f40c30d0ebd4517e9e47020f0421ba7,external_train
ISIC_0069675,bkl,BCN_0000783,BCN,a719e0860e4eb30f8dd84a20438d5bb5b014e5c49270bbecfb3302ec174074cb,external_train
ISIC_0065963,bcc,BCN_0000784,BCN,13c9ea9cca93621f248cfc76da598f17955e7332cc8ab4908f0b3bbc11b24384,external_train
ISIC_0057480,nv,BCN_0000785,BCN,2b5943a3f56a825c09b37b4cd8e71f62ad102a02c9ba86c6bcba6b0f4b2c5bd7,external_train
ISIC_0065118,akiec,BCN_0000786,BCN,5f50caf735dd9e10ed30f5e7ac7ffa38efdd58e87690f5ee1f5fd739cc5cee90,external_train
ISIC_0059287,nv,BCN_0000789,BCN,3403749c223bbde9cdbb913588b12f597764f6e5e17b632aa30b5e5b65de1b56,external_train
ISIC_0065323,nv,BCN_0000790,BCN,00d5bd50983ced10a2b9c35878bed8ec014ac5188075ac44ffe8a6b6308c00df,external_train
ISIC_0071548,bcc,BCN_0000791,BCN,4752025486ecc4ef9886c2153bc3bec437defbde4f59e258995b13a118c6dacd,external_train
ISIC_0066949,nv,BCN_0000793,BCN,1ce033c6607a087f5cbcba74406a9fd9842ed5929c5d4491ed5a55ade767c496,external_train
ISIC_0057020,bcc,BCN_0000794,BCN,510a0fb240d1899a7a70fd364a6018ec43f88d43c74dbb81448c2a6f07322890,external_train
ISIC_0058391,mel,BCN_0000796,BCN,1a5698b302530af9aaf8b9364767a6e8d18ff1c29d4b5630b3d18ddde092f829,external_train
ISIC_0060351,nv,BCN_0000797,BCN,15cabf40ee93763052046838393cc793fc027a7d11242fd14b4edcd9fe1b1b50,external_train
ISIC_0056930,nv,BCN_0000798,BCN,045f6fdec437ca436a2379109e08aa22526b1e405ca4b2f91dd39dc3eab37ed5,external_train
ISIC_0065635,nv,BCN_0000800,BCN,4cbd5febbdffd0c7970a0f3269b2da4bc8837e2ab8bf2f8269a0ff0b4c9f4f08,external_train
ISIC_0058956,nv,BCN_0000802,BCN,4e1d1f14ec3635250503adeedea5fb8d2fa08e38f70b5564763f43536c6f7b09,external_train
ISIC_0068231,bcc,BCN_0000806,BCN,e2a7410c9d9a77a3be4d033f68229912446ffd937bdf4cc0a68870630bff8e2e,external_preflight_val
ISIC_0067020,bcc,BCN_0000807,BCN,53745f3e9a92969605ff34dc2c5c1ecd3001c8a1eea4d9fc5457bec64828c974,external_train
ISIC_0056750,mel,BCN_0000809,BCN,84aaa47fe29e8ef156997d6c74fc7fa48325ae7fe7c07a7c8c88580aea8bf46a,external_train
ISIC_0068870,vasc,BCN_0000811,BCN,0e470eb7f1db9982f6470575777cbaf5f227206a3de802d8153856adf2d43841,external_train
ISIC_0058381,nv,BCN_0000812,BCN,22ad46e70dbb20aba24505fdc9cac2c6daa3a6e7c63f8f8541737610ef21472b,external_train
ISIC_0055354,nv,BCN_0000813,BCN,2e8afd5bb0a24351f06023817973b1500681ba37f0e3eec393fa5ac08dc2e608,external_train
ISIC_0058694,nv,BCN_0000818,BCN,343438880f0877674648fcb6667e6de8ac6693fc28a8445456d98ae1e69f1965,external_train
ISIC_0059112,nv,BCN_0000819,BCN,06cdc9cf5016a81c6c8c15d24044eccff4343f4ca14f186f97ad190dc66edf58,external_train
ISIC_0058832,bcc,BCN_0000820,BCN,5b41716e6f9959efc08443687dcdbf1a9c7309e2eef0569a0c2fdd7ed97a059a,external_train
ISIC_0060896,bcc,BCN_0000821,BCN,a067f2bec44a31b0cea520e12412b970708b05648b9353e7f6370eeb8834807a,external_preflight_val
ISIC_0055191,mel,BCN_0000822,BCN,442ba7134a13ff7d9fbe12f5cea8d7b12e741b552d25fd9c9147ec6e824a3806,external_train
ISIC_0063204,nv,BCN_0000825,BCN,1d8c77ec4626974015ef7a0ce31ddcc10e4b7206c0a36b6d738a6d5cd3eb7d10,external_train
ISIC_0064570,bcc,BCN_0000826,BCN,5e14d01c55976413f70d87442c06643ca0b2bbeeb87c95058bf41009d99c83ca,external_preflight_val
ISIC_0072463,bcc,BCN_0000827,BCN,8fb3bd7097dd4a7847454410027e0844e74bdfb5d81d65db901198568097fd31,external_train
ISIC_0053817,bcc,BCN_0000828,BCN,323602004712b61eb94d084a05fcac214a9c3f5c5df70313971e80a18d544a31,external_train
ISIC_0061926,mel,BCN_0000829,BCN,7a831f28704ee36029ac81bb365c22a99d6212243a85a37d5bc7b6d8977fe7d5,external_train
ISIC_0072034,bcc,BCN_0000830,BCN,2c36e230fc79651a02b3146d9de08e1cc4f5af2f1776290db1d1d5586457db95,external_preflight_val
ISIC_0068356,bcc,BCN_0000831,BCN,8ade9b8baf8c95b63571f7c720df2c197e2d6fead4c2909d228138ac368061c2,external_preflight_val
ISIC_0067380,bcc,BCN_0000834,BCN,871859e5265e782c3527f325a2707e986c7dbcf1899ca8efd947fdb95b1e9791,external_preflight_val
ISIC_0071320,akiec,BCN_0000835,BCN,2c46bde982de215260587481cd67c6ec54aea3811e6264754df3f141f286cd21,external_train
ISIC_0067774,bcc,BCN_0000836,BCN,448436b0447393899b75f39b28b63987f734c0cee14920c4da79418a6c917ef4,external_train
ISIC_0064149,bcc,BCN_0000838,BCN,4b4e5facfb2add84eb80fe16f771be264eb93d3dfaa5081bbc623f6916138ed4,external_train
ISIC_0056349,nv,BCN_0000839,BCN,6494a0662677b67c556ee440aa471d059194147f78b623536091775d4dd603af,external_train
ISIC_0063572,bcc,BCN_0000840,BCN,5469e2a63f806e9dfe6e4a5bb44ecb3de510e5c5d9227cf5ac6af4e157c70968,external_train
ISIC_0063835,nv,BCN_0000841,BCN,6bf43bb52910bb2bb82774cba8d4bc1ffa928e1db5a439a9e812dac186b6e292,external_train
ISIC_0063499,bcc,BCN_0000842,BCN,9614a745c608270893cfd98fc1a8da4fca8dff0b2b3aebd5f61371f2850ffb6e,external_train
ISIC_0059585,bcc,BCN_0000843,BCN,58e313268825f4606f6f3e828f53290d0cb453f0f99210aeb3723a4e975cf25b,external_preflight_val
ISIC_0062583,bcc,BCN_0000845,BCN,21268e507ec41cdfe9373bdbd2a7556a52459f06a16b45f3177ce8c059709f4a,external_train
ISIC_0060017,mel,BCN_0000846,BCN,058360c1b1bf14c32cc8e723f41d1b62ebc0d98c07537803cba8ef431c7b7bd3,external_train
ISIC_0066213,mel,BCN_0000847,BCN,3624b2a19f82dc4f4a825930f7e62315c6a60d1647a8df86eb4871995f09e770,external_train
ISIC_0072086,bcc,BCN_0000848,BCN,fbf99f3c2d3fabba330ff0b47bf444d95c3eff69e55d3f9e07532f271c2010b4,external_preflight_val
ISIC_0068621,nv,BCN_0000849,BCN,ed878e900747c0ed5c26a8edcec1eb72091e9d4e51966f3422bf8aa9a3a6487f,external_train
ISIC_0057236,df,BCN_0000853,BCN,42057d8cf9093767df2fce93811412c295923d9e02083aaac5795bc051542685,external_train
ISIC_0067072,bcc,BCN_0000856,BCN,0a8866d2e86da03641175f69885b57a5b15b7f41e04bbc733c41fb261c83d742,external_preflight_val
ISIC_0072730,mel,BCN_0000857,BCN,4740f32fdc9ba28c0e0b440000d9d11aeeb1dfe882939b79f3e345b60d1ac555,external_train
ISIC_0072040,bkl,BCN_0000858,BCN,1a60d0585486cfc71261964c4c6c14acdcf103ee1eb6fde7dc36ae7d1a25fd12,external_preflight_val
ISIC_0061066,mel,BCN_0000859,BCN,005742a64b9aaefb7eb56abf69d9c4687f46d2607fdb51882b2b0457e24eb2e7,external_train
ISIC_0055396,bcc,BCN_0000860,BCN,47a687532151554fdf9d351c799aef650cbe1ccf4546d81d730a8e86b74c6d12,external_train
ISIC_0059481,mel,BCN_0000861,BCN,0a9048ea3189e3e02662b507e96e461ffd027b5ec67a6169c385abb6bfb7ef8d,external_preflight_val
ISIC_0058180,nv,BCN_0000865,BCN,b2335cd18ebc7297db90841ee40e479897851e792554a655428787ab8dbdf97d,external_train
ISIC_0055691,nv,BCN_0000868,BCN,2644e4662098ad878d982d3e3ffc0352d7b077a621b773140aafe7a85560355b,external_train
ISIC_0053841,mel,BCN_0000869,BCN,a34c9abe2d205a61bf569289f5c781560f6a4b684ce2e53a5031c7f9c175d5ae,external_train
ISIC_0054815,nv,BCN_0000870,BCN,3d199b3946000ad4bdef8a91fafedea5368749ca7fcbb814a210f97cd7cf6295,external_train
ISIC_0053535,bcc,BCN_0000871,BCN,055361f5fb35f7ed790b04338c5fa5e140de28416b77f28ffdd35ac78df4ed16,external_preflight_val
ISIC_0056197,nv,BCN_0000876,BCN,7b1861a59004df3ef9bd8f31bc9663e5ed0decdb0dc4af5f467cc5d8f7915b83,external_train
ISIC_0068471,nv,BCN_0000878,BCN,214352c8ff34615715b59e626acc8c27e06edfacd5e73e78222171c063e05005,external_train
ISIC_0055744,bcc,BCN_0000879,BCN,1adfe96fb8fadf4a386715e2e429eecc4a1644e5c3f6eba34f7ce596e2a8e1af,external_train
ISIC_0060700,mel,BCN_0000880,BCN,324d89f5371e9fb0f143b59183ae886b4d82e1149927ee6413810c275fa9a96d,external_train
ISIC_0064651,nv,BCN_0000881,BCN,0fdf6fde2e3e630dc1cf137b73207013c18f3820aa3d962e02ecdf67b4029da2,external_train
ISIC_0057706,akiec,BCN_0000882,BCN,00ff4d8854f61caa1cf40dccab4552e048cba9e0d43311210711e62340aa5fd3,external_train
ISIC_0060109,bcc,BCN_0000883,BCN,4c203983380f9dc76b46064ebd4a049981cdc0820aa50093f405423f7a710b51,external_train
ISIC_0068731,bcc,BCN_0000884,BCN,f31706962bff94fe91cb8fc42e1d2b608bf0f873613acda928146c0cde180d4b,external_train
ISIC_0073200,bcc,BCN_0000885,BCN,c6a9d9c91e4961d365b4dd9dd23db29a4e9789954d6d06811183aaf4a6fef1ea,external_train
ISIC_0061295,nv,BCN_0000886,BCN,60eb4638e99a5f84bff19c7466deb85bf484dc237dc1b8a18eef22d16e5b6877,external_train
ISIC_0058147,nv,BCN_0000887,BCN,5a35e91021a38064d7403af38d6f1b71858f6dce6a69cdfdaade94f5c877a6af,external_train
ISIC_0067599,bkl,BCN_0000891,BCN,84ab19f4c92bd1008845ebb7aa2b1addd18f309e030fae2d536c16158a2a7165,external_preflight_val
ISIC_0062828,nv,BCN_0000894,BCN,21c3fb261592f91e3ec7b089eddf0a2d2e6b5ab4071dc8f1c840f19c48ff3d94,external_train
ISIC_0072646,akiec,BCN_0000895,BCN,464f5e508a00d8521cf267e93e624d14ddd905bf23cb01ec75d87a3c32f71d73,external_train
ISIC_0069624,mel,BCN_0000896,BCN,023e1d2e82a12167610e4c9bf4f8caea17bdcdacf1b1603182446d7d8d4bd6e4,external_train
ISIC_0053634,nv,BCN_0000897,BCN,7ce3d01375b824c7d571b2ffbcc143f7d2d6273b760cf81685188ef545078517,external_train
ISIC_0060535,nv,BCN_0000898,BCN,8bac3a0cf73afab6fff41a8f976a0c3ef948deb8530323e15f319b231418523b,external_train
ISIC_0066071,bcc,BCN_0000901,BCN,0ceea0db34b2840f655c54f927422ff4eded55185e5041325f7a2830e7627a7b,external_train
ISIC_0060818,bcc,BCN_0000902,BCN,0a80ec9d606fafb3d21878617f9b1cc921bf4eedeef3ecdfd79dc092a71bc305,external_train
ISIC_0066633,mel,BCN_0000905,BCN,0b874810b55225beb23c04a5f921941d801184e263b97e65bfa291ed9b2de099,external_train
ISIC_0070447,mel,BCN_0000906,BCN,1e2124f0fba22a33e257915c0531dc2c9be5b5a09e16f00f4c2415a626d53f27,external_preflight_val
ISIC_0058755,nv,BCN_0000909,BCN,6f5f7827bb6556875fc9e6e5679dfe53e582a507280c1c6301174e7235737378,external_train
ISIC_0065966,bkl,BCN_0000912,BCN,20d1dd52d555601a111b77b6049d619238ed6e930d2f3be5b9e63e7ad2ea3da7,external_train
ISIC_0061789,bkl,BCN_0000913,BCN,3324eff19ff20c50df339e16bcb672f6db8d86e5fd6bc6771595a7f43df8cd8a,external_train
ISIC_0068843,akiec,BCN_0000914,BCN,06534c778e704b4cca9029043709bf386d3f9d135a7b66543d3ffca11f3fadb2,external_train
ISIC_0062097,nv,BCN_0000915,BCN,0b9bab80ffad33268fb0eee754a5269a5744fe957c74760371745f7284769aab,external_train
ISIC_0063136,bkl,BCN_0000917,BCN,07a70c56b433413f4c5383b2d11358b83491f0ad1f3789241785488e9463aacf,external_train
ISIC_0061796,nv,BCN_0000918,BCN,120bafa9c5804cf46a055277d8210247da99f6a3220041dee62eccad2cc97898,external_train
ISIC_0066350,mel,BCN_0000920,BCN,04e49b944175db21388066279d526d86854b6b03dbbd6eb58084d6cc0c8716be,external_train
ISIC_0065943,mel,BCN_0000921,BCN,3025cc9ea4d0a8d6f71caa652542c99919a81fb59aa6b9d8172fd4ebd6a7343b,external_train
ISIC_0067108,nv,BCN_0000923,BCN,0bf69b63aa008099720841f578c44023de6f99fdaca61c06f483d940c20ef3d2,external_train
ISIC_0055868,nv,BCN_0000924,BCN,1b0ff71f7b7513be68ac74d89787d3b747b7a6c9c30646a7ad93bcc8998104ff,external_train
ISIC_0065506,nv,BCN_0000925,BCN,75c8a0b684a96d71e44f3bbf19885cd770de4067a50ab47a61d2d6fa029ecd34,external_train
ISIC_0054841,nv,BCN_0000926,BCN,ba0fb6f6f310615fffcc5ac056e3454e9f0a4c7c90c50371a9cfd02303750a45,external_train
ISIC_0069869,akiec,BCN_0000927,BCN,014ce7364317f7e4e814c36a39dabaa601152b40b58e7adac89728535d149d3b,external_preflight_val
ISIC_0063241,mel,BCN_0000928,BCN,4f415e74ebd2d105ee285cc2f12dc6bfe2c6e236feba433ee1080bef43d674e6,external_train
ISIC_0057915,bcc,BCN_0000930,BCN,58561193e929395cdb5baa4cbfc9d174b1b6bc838c8c02fbbefbf171688283b0,external_train
ISIC_0061397,bcc,BCN_0000933,BCN,2c2d9fc321c9cc9f116f26b58a6410f81628143f1d16d1c97daa5911a3f9c4e0,external_train
ISIC_0067337,bcc,BCN_0000934,BCN,000b4aed7536284cdf7f20c4fc6f8711e0e273cd07a47e924cba8a95b84663ea,external_preflight_val
ISIC_0056294,nv,BCN_0000937,BCN,1c8d6d89afb33878ef6d2df3dc034174f8c0ee0be7635a7507f8f68e1c9425b7,external_preflight_val
ISIC_0053549,bcc,BCN_0000938,BCN,a8715eccf7afb994d5fc9cca5b417b68a8607f5b5750442476d349926e5e5480,external_train
ISIC_0053740,mel,BCN_0000939,BCN,414c49d9372319a5c057011bd83443eaa99039c3aed573f5d159cc8244eeb27f,external_train
ISIC_0060439,bcc,BCN_0000940,BCN,8cd48ea7de817902ab53594ec8255c82a0bbd77f025dc3ecb88b4f6244e2c799,external_train
ISIC_0066713,nv,BCN_0000942,BCN,2f8c4ed2b795322d3d26e3996121f3bd6f068514cec0c9b99e59e1cb15aad489,external_train
ISIC_0063019,akiec,BCN_0000943,BCN,092467c2daa48c8955c28aa3e74921551ab61f3a91eda88d02b12cad6c03e2ed,external_train
ISIC_0062872,nv,BCN_0000947,BCN,35e67b8f036eecf0f162599329d9e05c2945936bfa52e64b3c812a0911f7a673,external_train
ISIC_0054062,mel,BCN_0000948,BCN,287e9827d1112347ff058dc59fe06c08b87b6f051098e88bf3364c645fee9416,external_train
ISIC_0068109,bcc,BCN_0000949,BCN,812a1170bea9eba7440b4c4feda34af29497456b602c05bf06e1f6c85c6be1a0,external_train
ISIC_0055917,nv,BCN_0000951,BCN,45cfde0d949fb89dc655e8c7c883fe1a90a39e91c35590a24e9410bf2f961ee7,external_train
ISIC_0056767,bcc,BCN_0000953,BCN,6347ff0e04564526e982e15b7376d3ceec6dfcf4f0eb3bad425b8fe66f26abe7,external_train
ISIC_0055553,nv,BCN_0000954,BCN,3cff14754d2e3bbce5b74696981c5ca3529c886beb4fb5602c31467793b6e1ab,external_train
ISIC_0069159,bkl,BCN_0000955,BCN,390d268cb619f9f8ed5a10dfd08978f605afa24d42df244b8f294364b1688b80,external_train
ISIC_0057655,mel,BCN_0000956,BCN,33afb24dd55b556032f6bae1dd06f6cf448b5f9f8de1d2aa1c6a2a23b9695dfe,external_train
ISIC_0058673,df,BCN_0000958,BCN,1e1b7d72484271784d2acc801fe8549302c14a7fa37140ee1f8493caac19a789,external_train
ISIC_0060248,mel,BCN_0000960,BCN,21858be71f1ea8c4c71d7fb2900caf9d739fb16a9b9e0c685ea4e738c2575412,external_train
ISIC_0065489,bcc,BCN_0000961,BCN,974cd3f04698841f596581673630c379ff5a4200c41fe79836e128cfadb4ee3f,external_train
ISIC_0069585,bkl,BCN_0000963,BCN,578eef091ff873374db23b3834d4f239824302b9c933c2ba0bdfa0bd4572e9d1,external_train
ISIC_0063408,bkl,BCN_0000966,BCN,2d04eb2835520d1babce6885265e1ff4d0549a52be933f0421e37f158aabde89,external_train
ISIC_0055828,mel,BCN_0000970,BCN,3800e87aafb6e03a53a917438058b35fd4fcc3c142e708d795f3b9b5c2fbeb2d,external_train
ISIC_0067403,bcc,BCN_0000971,BCN,3d2cefe971853c76c47f14341622c3f1f62c664749da3180c4d1d20c5622e57a,external_train
ISIC_0060546,akiec,BCN_0000974,BCN,ade78b335229cca0133ca5d08bb44280b80d7551d86cd71a2b168bc95b0ae817,external_train
ISIC_0071568,mel,BCN_0000975,BCN,ad7791158703731bd9f253175ded8c1801418fa515482e2e5c441c88c0744ae4,external_train
ISIC_0057364,nv,BCN_0000978,BCN,31aaece2a8f9cc97cb14c8ecbf6028c6581e83cd5be07ac8a06ab63814dc3e83,external_train
ISIC_0056835,bcc,BCN_0000980,BCN,5419be5a75c9a2aa753b9b09044f066acb5123ec965f055c8c5784d1335d6591,external_train
ISIC_0070347,mel,BCN_0000981,BCN,89da3528882f09dc81907f79920ec4b3abb6949ee8709a4e49d3951d1ba97fe5,external_preflight_val
ISIC_0057661,mel,BCN_0000983,BCN,062ee6fc509af586811d4f5b330c369d0f0438537062c2bd347250c771f5d04f,external_train
ISIC_0061596,bcc,BCN_0000984,BCN,1da17237f49066a5c23c3efde6aadf7ed72e0602bbca2176ce1aeefc21eba29e,external_train
ISIC_0053876,bcc,BCN_0000985,BCN,22b17c2bca0e5bf0f798c2ee31d952bde1c5796a1765dade29d97c0e37a48cdd,external_preflight_val
ISIC_0061208,bcc,BCN_0000986,BCN,107f8709b336b29649d44c6d3505313c92d299863a9988f05196ca4056bbfc18,external_train
ISIC_0061407,mel,BCN_0000987,BCN,5f90a09a51b59b980d70b755dbcf7ef16b7ff0f6ab3cb7661246f0d74718f18d,external_train
ISIC_0072514,akiec,BCN_0000988,BCN,b293d225cfab8d84ae07e21954ea269006bff297afe809c268f115c403159781,external_train
ISIC_0054215,bcc,BCN_0000989,BCN,53013a09ed812a3865e99338479e784de6c0fab7b8a50a4078f5e477d9bbd22d,external_train
ISIC_0061880,mel,BCN_0000992,BCN,4309c0feada6b8745ff534c7cc5d301d84084a30b76c707c5b8ef0d0d9de935e,external_train
ISIC_0072837,nv,BCN_0000993,BCN,1b7df020b91f8225b02960166c3e3c790659ddf90bb52506776233fc73d39015,external_train
ISIC_0053530,nv,BCN_0000994,BCN,2143c52437d4c6a47c8c0aba42b26c70d97f73e5da34073576633c4ad64b1afc,external_train
ISIC_0066635,nv,BCN_0000995,BCN,368056b2e1f1bf2ff34774919207ec805c2cfdc249a334f7582586fb151572b8,external_train
ISIC_0059404,nv,BCN_0000996,BCN,487e54b6148e24d6976ad98c37a43efd59c86608b530e6337c046f6aa2337626,external_train
ISIC_0059611,mel,BCN_0001002,BCN,1d6d49a402b24357a245d0ff4323f5848e0fd0eceb15f16ea04c2d5630d74427,external_train
ISIC_0071599,bcc,BCN_0001003,BCN,379668c4d02782d888db37a0db941a895715cc39dc47aa15b279c31677c76a88,external_train
ISIC_0057069,bcc,BCN_0001006,BCN,39adc3a0faf19ebebf89541c4b0589c7336f3f84bc5f0d2c45e969a68d7c7c39,external_train
ISIC_0061030,bkl,BCN_0001007,BCN,11b5a84e3ab59e203c92d186d6a2d414cee0b08befcbb39e89ed4ffb9da9e193,external_train
ISIC_0067313,bcc,BCN_0001008,BCN,8a3eb386950d764b8000a022f29c3a0cee65cb384a4b49da6c25d1cf16c13eb1,external_train
ISIC_0057088,bcc,BCN_0001009,BCN,248e534164a5138d595b621fd8f3b24de203ecbc62c72dbd8004b7a27f6af690,external_train
ISIC_0055118,nv,BCN_0001011,BCN,6bb21ffa40361861bac00d75fd0383122102b500b589cb4ff1efc35b78b90540,external_train
ISIC_0066489,bcc,BCN_0001012,BCN,17ba3dbaaa420e08230b7f34760a9535f8bb410ef640138ffc6903533083e00e,external_train
ISIC_0073224,akiec,BCN_0001014,BCN,10bba34182b1a5ae497a84907914acbfce64c63c1a173d73dade3f7061ecf96e,external_train
ISIC_0063534,bcc,BCN_0001015,BCN,473491c161915523608eb4d0811f83c2a87d987d2646cc23eae4a59e7251c4aa,external_train
ISIC_0054649,bcc,BCN_0001018,BCN,31ece575bd47dff8934f45484270018a0d090919b598d6b8a582b2884cacfd21,external_train
ISIC_0063799,bkl,BCN_0001019,BCN,110f985e20a390580cf2e738f869e49f49b5e19d47b5d5bda795e53116364ad4,external_train
ISIC_0062120,nv,BCN_0001022,BCN,1fae077d9f39938a7e7ef68ca3b50db086289257e39faafb45e58a87def59669,external_train
ISIC_0062837,bcc,BCN_0001024,BCN,9d2b8e7f1e816ff3dcc5285f0fb8b963975126fb5d5b228f2a6787f68500cde6,external_preflight_val
ISIC_0061326,nv,BCN_0001026,BCN,64f1de9a24c2369d7dcc6cb14bb811308c86c4a1c0534e657736071fdd7f73af,external_train
ISIC_0069496,bkl,BCN_0001028,BCN,1417ae4e12b9628b43d68d6f050ecde6c9aba6bb91603ba90e4977de5c22aa84,external_train
ISIC_0069988,mel,BCN_0001029,BCN,39add471a8fdc36dfab09437c28d0cc0f00cb199c8ee405ce390de451217100d,external_train
ISIC_0061157,bcc,BCN_0001030,BCN,4119c4f0b3104e7ee6ca358ac69cf380ed4e5a4e242152f158eb92517c611b7a,external_preflight_val
ISIC_0055731,nv,BCN_0001031,BCN,12ae4d64bbbc921f831451b550a6c002125f44bd51ad7a41bfb98f28ba25c2ac,external_train
ISIC_0055555,bcc,BCN_0001033,BCN,7c6273e0312b6476e5675fe7ba0731a7db8ffe7171d05c9aab76e5c1524fbad7,external_train
ISIC_0061745,nv,BCN_0001036,BCN,2cb6df805296dbd4000347a7520b7be833c9eaa092282daf20e1087f8c50bb41,external_train
ISIC_0061531,mel,BCN_0001037,BCN,2331329daf45e2b3b415feb2dba25e129f8369441b5775dcbfa17ae974578ac3,external_train
ISIC_0068322,bcc,BCN_0001038,BCN,2d2516f678fb11d5546a18b0c4f6fc2d9b2750467925231a2967d534209ae410,external_train
ISIC_0061500,nv,BCN_0001039,BCN,8841f8bbeb4feae8d74cc4ddbf303ac9c259a029fb47fa8e859ef1477247f56d,external_train
ISIC_0063267,nv,BCN_0001041,BCN,29eae78264bcd615b8b5bf638c1ca1d7f8a9fae6c6adcf4982ddfd7883b4093a,external_train
ISIC_0071427,bkl,BCN_0001043,BCN,32c4eb07882f4899988b59fbe1ca77a10801e929324d60f1c86af396732ed83d,external_train
ISIC_0058911,bcc,BCN_0001046,BCN,e4dfb15246cc994af32c1874e3d1331af5d4b3aee9dffcb00d7f52f9b6669cad,external_preflight_val
ISIC_0067259,nv,BCN_0001050,BCN,d8c30ce80e1606fb1c8540abdae40a941139643e15d3af2d35f9f46c6e340806,external_train
ISIC_0067755,akiec,BCN_0001051,BCN,2d073c1afa6bd8eec23763bb28e14aa070ad456a2fc946103e11e005ae5c6d8f,external_train
ISIC_0069085,bkl,BCN_0001053,BCN,2083468fba3337ba990ed2d3ee96af151e65d13bc46815b71b89c26a3f6167d3,external_train
ISIC_0054783,nv,BCN_0001054,BCN,60b88d7c931c2502c02c1dc00f2a11144788819d304e958ee2b8ec7148b55bdf,external_train
ISIC_0056124,bcc,BCN_0001055,BCN,50dfebb1409b136fc402df1bdbe9a03c1c913ab5b6e52e674d83974867a75891,external_train
ISIC_0060518,nv,BCN_0001057,BCN,51b695e198ac472399536b34bde275f8cb73ec09ffd5a6e5c43e9290a8a31efd,external_train
ISIC_0062495,nv,BCN_0001058,BCN,4acec9f6423480c696180d7fa72a026c9e63ae3cd30545aa131af714bf96bfdc,external_train
ISIC_0057138,nv,BCN_0001059,BCN,1fed0596ef57a552a5b1849e6e0cf4d07f0be7c05228b731e1febb84d40d8b05,external_train
ISIC_0068807,nv,BCN_0001061,BCN,00f53f2a8fb17545ff5acc5e4435038d5f4583e0109cd96e14412d250d43f696,external_train
ISIC_0068181,bkl,BCN_0001062,BCN,0189374a7d24a3bd6d7ee3172a83fd19b668099340d0ee0d79ae05f9ac9b95e5,external_preflight_val
ISIC_0072314,nv,BCN_0001063,BCN,1f51e3d233c2b589255eb289f848d308669516f0a33a5988be03ccc1886bbb4a,external_train
ISIC_0060699,vasc,BCN_0001064,BCN,14f64f9d0dee5de65f49de41a378d19dc05e83c2b8a53a789ad57d860b3f3fca,external_train
ISIC_0071724,bcc,BCN_0001066,BCN,46a859c2acf47b304f9edeb0f2f3381ecb72f9899ea0e6cb0713dfabb00ddb83,external_train
ISIC_0062616,nv,BCN_0001067,BCN,12bef369c367fc1d4ca40a62134cc3fc083e41579872dfddbfb2180902e9e82a,external_train
ISIC_0059265,df,BCN_0001068,BCN,234b1170171923dea896e13a268e684c43d398a1b5ddf65ff932ab71c89ecd69,external_train
ISIC_0069329,bcc,BCN_0001070,BCN,296f8d74b3a3336b2c221cff99b5ee181e1d276dcfee469427b84206cd1d2dc3,external_train
ISIC_0072871,bcc,BCN_0001072,BCN,06616e074513697afd8aa2f4aa6cb218da47c82601d48ae729134461fddd2a4a,external_train
ISIC_0066837,bcc,BCN_0001074,BCN,4ccfc4e25485ce9027c22ab0d6393031d30aa51b58d9393d10eeb3e1dae6efc8,external_train
ISIC_0055940,bcc,BCN_0001075,BCN,a374f9770b020ccb0805132bc39da7cab55d04fab0597af481e85bc12a5ade88,external_train
ISIC_0062689,bkl,BCN_0001076,BCN,3bc1bc0f2bc28b23da515e843c0fa1b1d4991fe75f7672e406fb54a614ba6d70,external_train
ISIC_0057950,nv,BCN_0001077,BCN,274aec81dd739e976008f495b8a0754e2f352a085ae181225cc8f3f802d95af3,external_train
ISIC_0072360,mel,BCN_0001078,BCN,3f3bcec122184e7f6d1fb624b186a0e024ec14a48c01cbd41b095f9f444643bf,external_train
ISIC_0058041,bkl,BCN_0001079,BCN,08e20e6ce86dc72962155ae7cab59ff4187c9c967538368f5b3dadc2a2a6b8dd,external_train
ISIC_0058233,nv,BCN_0001080,BCN,080a904d83c3ad5a3ac67f53afbf9f1f81d52c41812f4c1623013e118e8dcc40,external_train
ISIC_0062961,bkl,BCN_0001081,BCN,796d5cbcb02bfc32f34954ddda53e42d7a49e3e04f5012cca26755a5be2dcd5c,external_train
ISIC_0060154,mel,BCN_0001082,BCN,48ca3b61409bb927656e357f94860fadc6716b428c8ae7a3609ac7ebff4b7546,external_train
ISIC_0062260,mel,BCN_0001085,BCN,22b3c7970a2aea7455c25773c580b560352a985c9f4508e099b3f0ef22ce3fad,external_train
ISIC_0068740,nv,BCN_0001086,BCN,2eb3a06dabd9eb6e60f3111e64ea46982699f446885c4e972b2e16438ef68242,external_train
ISIC_0069391,mel,BCN_0001087,BCN,50c810a8b712327c2ae31a806ea11355bf6f4bf976a60d1deee3a70507e92e24,external_train
ISIC_0067723,nv,BCN_0001089,BCN,303ade542a0a64ec9f847a6227347a10edcb6978b70d1efa2baf778d7169da46,external_train
ISIC_0069301,bcc,BCN_0001091,BCN,1ebf9be7439c86415e23b85bcc52794df8fa5282901d67d0e685e8e932e07756,external_train
ISIC_0056490,nv,BCN_0001092,BCN,6500cce1a226114b20e8cdfa897465af8489a2b0c622c93e678e1552c0d97a42,external_preflight_val
ISIC_0069743,mel,BCN_0001096,BCN,1536cbdc83aa6425a612d6df4a76b3de71ee6fb4e4adf5b9df7992af8f1a53a6,external_train
ISIC_0064258,bcc,BCN_0001097,BCN,2e77d818b41a2d3c00937baeb6f91bdf966c1fcc08e5427d2c6160b1915eaa97,external_train
ISIC_0056466,nv,BCN_0001098,BCN,43648e238f74dc07dd82c1568c9fbaf393dd2043a8eb3f7fd2b84028f8e13df5,external_train
ISIC_0057853,bcc,BCN_0001099,BCN,5448420dd9350644221afabdc3980852863544c341e7042cf8e62836a988697f,external_train
ISIC_0071955,bcc,BCN_0001100,BCN,2fb5d7f34430c2bee14c2bfce93c64a3995306d4b8755acda139d3223fd933fa,external_train
ISIC_0070311,akiec,BCN_0001102,BCN,2295854158d066b0855ea569e70956b6096bce6fbb6142d4490002442e93f138,external_train
ISIC_0069905,nv,BCN_0001103,BCN,2db35f222e3111d37ff158fa0f0cec2b8ae4f25c8594e9069d192419edd154dc,external_train
ISIC_0058508,mel,BCN_0001105,BCN,280933b26bfc4ce07d95ae7d484744b0fcdd2f4a2a5cdcc2240f1afe52041783,external_train
ISIC_0067910,bcc,BCN_0001106,BCN,2d7670abd213f0963204a91ddd012904042cd3c8eb33832f16ec0fb2904190b0,external_train
ISIC_0057497,bkl,BCN_0001107,BCN,b1a7f58182c7be5b4b809846f468b419dee6604675bcfe0f646bec820da5dd8f,external_train
ISIC_0058033,mel,BCN_0001108,BCN,0da429375b83ee159bfc88915a440820e2c8e089ede7eb95054ac85feb944847,external_train
ISIC_0071392,mel,BCN_0001109,BCN,02472bae56d3c1da117a08449ab6b55de569aa10e6d6bc2ff6166111a9d919e1,external_train
ISIC_0057933,bcc,BCN_0001110,BCN,044e80f543a44c86834c949db07d8de5d99baac98e16a5f3e5a2a4819fcbf275,external_train
ISIC_0054128,bkl,BCN_0001112,BCN,57e412227d90ac0c28b450e3fc6e83f32f88dd6b9ac2f184121d1bf51e7fb0d5,external_train
ISIC_0068054,mel,BCN_0001113,BCN,0a7775fcb483b9b147f1303bfb4fdc71a735dcee083a707ba2666a70b2722075,external_train
ISIC_0067114,nv,BCN_0001114,BCN,b366998519e6e07fbd4f657236ce53841380db088e7e61911235bc54b7a1ccfe,external_train
ISIC_0064159,nv,BCN_0001115,BCN,cae3dedd25941f52571183aa92e525e6a20be3955fe2c1144e2a2239002fd973,external_train
ISIC_0058071,nv,BCN_0001116,BCN,b657065d39a5b3c865289712176b6cb681ff5751b71ea630cfe5158564e8759a,external_preflight_val
ISIC_0061719,bcc,BCN_0001117,BCN,3b23f750e3385782287db9945624c56699218594c1763b18257416e890782695,external_preflight_val
ISIC_0071062,akiec,BCN_0001120,BCN,4677433b9a8063c21e5861c19d5d1f5479aef3a79d98b2243166af15f53a3c73,external_train
ISIC_0058722,bcc,BCN_0001122,BCN,41073498fc99cd5c756a37d3538f67bfb2809cb563bca32a53f91f80d0135783,external_train
ISIC_0067079,bcc,BCN_0001123,BCN,0cfe75e795a04796997719754f43f7427046785c27b8ad69c93153337de28748,external_train
ISIC_0056866,bcc,BCN_0001124,BCN,f9de5616d057b62d6ed9105ae77c87e704db426806c0e1cf824f0bbce5e10e1b,external_train
ISIC_0054481,bcc,BCN_0001126,BCN,51740a63854514d2a48ff343ed050f862c317585c2abee74c664addc7299d611,external_train
ISIC_0054581,nv,BCN_0001130,BCN,32738f5424323fb90a27e57aebeb5929c5c4359cf8a087d91374503d17b65c56,external_train
ISIC_0065329,akiec,BCN_0001134,BCN,7bdb51196ebfa83c5a979df43ec4f6108b25dc38ab3b6b1109c013dfa4976f63,external_train
ISIC_0070305,akiec,BCN_0001135,BCN,13c661ff340dd573d51c17cdde1c9748d9b8623a0a86a9be3bbace4b21d63d44,external_train
ISIC_0072830,akiec,BCN_0001136,BCN,69874c69e954b4e80f9cc29486ece75ebebc3c12a553688c17fcf82364e533ae,external_train
ISIC_0057010,bcc,BCN_0001137,BCN,db354cea373815fd3c5da4ce7a73e1fbbf6985c18e71de4842f8036d1dc58911,external_train
ISIC_0062009,bkl,BCN_0001139,BCN,15499efe136ef1341d67dd8bd56a488610898f3eb62240ec4e6e2a477a76e033,external_train
ISIC_0069812,bcc,BCN_0001140,BCN,00d2cd98537c148fd3ac0b03b8a2f2a258b9d1586f14a6caaf953594dbcb34bf,external_train
ISIC_0059862,nv,BCN_0001141,BCN,19c2f9c18642cb904b8c538f124c9867703514531d37488a5b63df511713340a,external_train
ISIC_0070043,nv,BCN_0001144,BCN,3fb7844daa24e5757260f36971808d8a6a3920930ee3db26b38d2e563dbd7b2c,external_train
ISIC_0063777,nv,BCN_0001145,BCN,77dc6efe279e3b4f6aa55bc51f6d40b63f33ea05ea6aa62a0273ad32f2116b2e,external_train
ISIC_0054877,bcc,BCN_0001147,BCN,082f475d88faa23bc22c486a0e9efb787401099d0a2b022db01ca4b23dbe8769,external_train
ISIC_0063810,bkl,BCN_0001150,BCN,31a3804bd14c90c6cd3133b00c793b63448842563b32d886471d92088e2c225b,external_train
ISIC_0071053,bcc,BCN_0001151,BCN,3f4b3699c5a476792fe636258e32611b3c76d33c2127d49dd14825fe27402c88,external_train
ISIC_0061824,bcc,BCN_0001152,BCN,2b72b56756269c12dc26da530e4241e0dfd2dbbe4f2e2ad5da971ff54d6a5cbe,external_train
ISIC_0063179,nv,BCN_0001155,BCN,0c9368544abc6cdf9126e0ff6ba4724816c02bcd3cbf180178fcb29c348cdf3e,external_train
ISIC_0060215,mel,BCN_0001156,BCN,037983862e59d3f869a30fef9cb4428612203dcaf7953177d13fe0b694ce5da7,external_train
ISIC_0069925,akiec,BCN_0001158,BCN,4873e79bbe2f5753fa91ca5dc05f85ff03853d374da8c0f88e7e8854e09ee1c4,external_train
ISIC_0063544,nv,BCN_0001159,BCN,8dfbd4df117e12486952a24a394e525e649b3cb7c400e275d2f74da243df0d7b,external_train
ISIC_0058611,bcc,BCN_0001160,BCN,0a14cbda7d45fe57db5bab69751208f946054e28e77d5131852cefda4eaec0b8,external_train
ISIC_0056902,mel,BCN_0001161,BCN,2087125e1e81211b59d09324c864179e576e44201a9d77e881d0a4349a40ad0d,external_train
ISIC_0070549,mel,BCN_0001163,BCN,233fab2f861ed2cef346500b5f18b177715f320990849c2db116ef538ba8cafa,external_train
ISIC_0062764,bcc,BCN_0001165,BCN,1e8cdece5c858a14f9bf1dd12ab633c3e5e3ba717e5d10ef262e5d8a3aa688e0,external_train
ISIC_0069283,akiec,BCN_0001167,BCN,5f1e047f63839ee7a2e9ac80b71a24ba083fbedfd12d2905faa470685f5cdbf7,external_train
ISIC_0060603,bcc,BCN_0001169,BCN,1fb0f22c2f5d8975708881dedab5b4fd0aa63a12a933f5345c3fad19add71e98,external_preflight_val
ISIC_0064787,bkl,BCN_0001171,BCN,2da190bb5208f6e6e08debd80ebd836eecae0aefae8f925393e06c1a8773e28f,external_train
ISIC_0062591,nv,BCN_0001172,BCN,123b097ec8a14ad1fd85beb176490c2bd3b0178cb89ee32b10b25e7b912d6bb4,external_train
ISIC_0054521,bkl,BCN_0001173,BCN,373665bcbc813b46511646a3aeb10533b6a0013d70f5a71639c0e37e373224e4,external_train
ISIC_0063036,bcc,BCN_0001174,BCN,70f86d012c9340062980c851ff8f553f5040449cd6457862985395c536c675c8,external_train
ISIC_0072080,nv,BCN_0001175,BCN,09fe991eadaed7481633b267344d5e568a9513027a6be36a1d4562c31bc4edc1,external_train
ISIC_0060950,bcc,BCN_0001176,BCN,043dde260e2b2419c3f61aef0de5048bfd3ed2c2e882ce52a37d212408a95ccd,external_train
ISIC_0055960,mel,BCN_0001181,BCN,2289b978522e17ce51aec4340ccff15f835c466f07b957a95dc6d440a7550bc2,external_train
ISIC_0057820,bcc,BCN_0001183,BCN,725b355d460bcb5170fe65a610f7d4da77448604dcb9d55e1a377ba4e69939e2,external_train
ISIC_0062292,nv,BCN_0001185,BCN,282c3e31d0c8bb4f8eda7533637faadefd92bacd2083c7421ebf7616b69fd123,external_train
ISIC_0057071,nv,BCN_0001187,BCN,3628226a60f07d1c99162b7c44f021dd0da17b99c7b89b80f05ab05a12e0ee5b,external_train
ISIC_0061188,mel,BCN_0001189,BCN,076f06cccf7a67f08408404c0829032449a5b8628fd14dc622a256391b97fd73,external_train
ISIC_0066889,nv,BCN_0001190,BCN,12517539cafa2a01c52bda45f66583504e04cba637ef4ece92658e66d64f14dc,external_train
ISIC_0057897,nv,BCN_0001191,BCN,4c9f3be68ea8d39e28eca53cdd1a93507b186a778b28ef816ff440b06492d4fc,external_train
ISIC_0057784,nv,BCN_0001196,BCN,23e8512b293e0208d6c0094fd72aed3593dcdaedd9ee732c90d50f9a8b7bfb9b,external_train
ISIC_0056514,bkl,BCN_0001197,BCN,634cdbb53f3d2d1bcca9186e861b0d0ff3648c232684c00c483903d5e764f67f,external_train
ISIC_0067808,mel,BCN_0001198,BCN,1ee19d4a479e2a7a7956ffb283f34dba0368d02729c4ac4a845f1405811864ea,external_preflight_val
ISIC_0064501,nv,BCN_0001199,BCN,775877bf60ee1656ce748d2f71f2f9e0bcccd68422b39cb5d2f654cc53e03f7b,external_train
ISIC_0060105,bkl,BCN_0001202,BCN,b97a2a4b35a0af535c50c91038d2510b0a9092985c02c300f484a7cb2c034f5f,external_preflight_val
ISIC_0070352,mel,BCN_0001203,BCN,5df7d8dcfcab88f8f5d92093cb1b84e254b6b29b8715b48dce0e9f82766918f9,external_preflight_val
ISIC_0059423,mel,BCN_0001204,BCN,8dd47f384ab30d85177434a7da836902fd1a33033b8bf4892cd74cf307f97d7e,external_preflight_val
ISIC_0069574,bcc,BCN_0001206,BCN,3b099a37fc04c4e60b89c1f189fe318db29cf84e87193cda5352a88bb2e22fa9,external_train
ISIC_0072610,bcc,BCN_0001209,BCN,29fe6ac0c86191df1df4b52ec4cf07d91cb62672402da1503c06ee3103515ee3,external_train
ISIC_0061943,nv,BCN_0001213,BCN,04f733a9ce40f2bf42e8c6508c6d661525323ae84a84388ff384c512b270620f,external_train
ISIC_0059014,akiec,BCN_0001214,BCN,d9b44b1f9a9cc63ccd2cf6c87c93fe45e4c9c437c80b167f924858a03096702c,external_train
ISIC_0072877,bcc,BCN_0001215,BCN,2b36570d4996c2743796756a46e2bd7530893504c309a51ac916cc4b656d5af9,external_preflight_val
ISIC_0058812,nv,BCN_0001216,BCN,28ae89fbcfb1bb697a05c0fd2f6c8e21c8ea998e8bcda1ec29ef10bdc02a4102,external_train
ISIC_0067745,nv,BCN_0001217,BCN,4684ac564d93d9eae23056e6fa485b977f4f2d8bc065e433a174d6a459e6ae04,external_train
ISIC_0056907,nv,BCN_0001219,BCN,55ad7c47d901fe6d6660c4aa74ed29a09299ac24aa9c0de24a200bc29915b52f,external_train
ISIC_0057560,bcc,BCN_0001220,BCN,201d36c514c0d4042d3711ac9e4426c92354015e1eb224f9aa601452a6ebcc86,external_preflight_val
ISIC_0054814,nv,BCN_0001221,BCN,2dc67a4192f6f7288f2fea87d9debdc07dfad2001ef59d874ee1d0ac8c29420d,external_train
ISIC_0053755,nv,BCN_0001222,BCN,10c965d93e9dbc64b654820dc96280c4080b1fa273b4c701b60acf6e4886f3bd,external_train
ISIC_0063969,bkl,BCN_0001223,BCN,3b21e2ad150f250dbec4768abc66c88a9a3b2264f0054bb3708b3f5d4f1ddb7e,external_train
ISIC_0058869,nv,BCN_0001224,BCN,231f1444a844f46cb580fc52708403c8cde842d87ba5281a94e2bda7f456bbc9,external_preflight_val
ISIC_0060871,bcc,BCN_0001225,BCN,16fc57555a4a3eecdb92198abf7c45f0b14be42e233d691660fc7bbb97178cc3,external_train
ISIC_0059070,bcc,BCN_0001226,BCN,47b2dd5f17df4b0a707348087a4d8fe3d7d2163a4a19efd09458ba9315733994,external_train
ISIC_0066728,nv,BCN_0001230,BCN,7a8049f48a6df6a6316ee0c5a22c66da95dc5bc6f1d16cf86489821015fa3757,external_train
ISIC_0063124,mel,BCN_0001231,BCN,06c68fad455191170557abf382183cb222fec8aff2dc1629d7308d09c6797942,external_train
ISIC_0065282,bcc,BCN_0001232,BCN,08fb5a4816187c68cde73a3ae0e05ec5945bad6998d61b454461bb4890ea6f11,external_preflight_val
ISIC_0056229,bcc,BCN_0001233,BCN,2da93ab487608e84a119df8ddf217f02104401f0d33f9afe695fd0dc0072d07d,external_train
ISIC_0058965,nv,BCN_0001234,BCN,0070e0010c763ece220a469f7c5e32332b7695c20f93d80326c651da30828463,external_train
ISIC_0055973,bkl,BCN_0001235,BCN,35afedd4ff703e277891ce54f92d45f50159b74e6ec4b89c2b11d2c66625288d,external_train
ISIC_0061737,nv,BCN_0001236,BCN,6f9856602cc86a1743ed861f8f706ab8dfaa5283372255983125bbe5782cd57d,external_train
ISIC_0071590,nv,BCN_0001239,BCN,331206d861b0aecf171205e9fc28494f8717f9ed33ae063d657ff6e2d7426d7b,external_train
ISIC_0059649,nv,BCN_0001240,BCN,485e4705edc6a7b2c9ed027a11f5a134b2007813d54a3606686b0b23fcd9f3f2,external_train
ISIC_0053551,nv,BCN_0001241,BCN,00bc0920d63104e78fdc9937c461b974ad18dbd9869abf488d11b2c292be6f09,external_train
ISIC_0061697,bcc,BCN_0001242,BCN,108bd4e06e241430dce80bd0293e821b26a2fa1f6c0810b261bc0878a7ec4abd,external_train
ISIC_0061401,nv,BCN_0001243,BCN,342d09aef4fe9bf75adf45bd12acdcee7b4f01b30b9457597d50526d1aded833,external_train
ISIC_0056064,nv,BCN_0001244,BCN,2830a64cc646fa94811d7cd4b4693682a5d27e0f9aa1ed22fa9b5013a70806b8,external_train
ISIC_0053583,bcc,BCN_0001245,BCN,021e250529814208d9add1a9cba9e49530ce9f6ff20b1c9d5f0f9e0073eb6232,external_preflight_val
ISIC_0060697,bkl,BCN_0001246,BCN,bf0b9d049f0290ef4159912e3ef91a2db7184b583ea6eab48108257c83dbc1c6,external_train
ISIC_0057586,akiec,BCN_0001248,BCN,0d4206aa84e07f9e7add0d6660601ce39658219697e54ed52b23eb71d18217d4,external_train
ISIC_0066429,mel,BCN_0001249,BCN,1ea79795b7bb5d3fae0c005e733abef778fb4177258f35a9cbf133ee04ac929b,external_train
ISIC_0055629,bcc,BCN_0001251,BCN,7defe51caf41da151afd20f9d0ed0ca7e1671178ef22ae97762a2347f0620886,external_train
ISIC_0054542,bcc,BCN_0001254,BCN,13d431bc8ecabc4c9ec1217d604bac26f4101650bbb68cc1511cff18d9b20d34,external_train
ISIC_0071313,akiec,BCN_0001255,BCN,2d4a954f3c2be998148619b4d87a1ce7bec2c17314e6e14894a9bb0ac97afe77,external_preflight_val
ISIC_0060136,akiec,BCN_0001258,BCN,3fe949229816886b9164ece9fc8f989e786344895fcb373200e6479ad3a40add,external_train
ISIC_0069088,bcc,BCN_0001261,BCN,5898af89aa5e993ac51a87784d161ab2fc37466e373b473a4f634e65b6bee17b,external_train
ISIC_0064903,nv,BCN_0001263,BCN,15c665adccd6ebcc50c466f4f0b51caef5b68a62bcc64e45c28e63feb28c9a76,external_train
ISIC_0053772,bcc,BCN_0001264,BCN,88ecb054083d579b73bcfa0f8c0a84de960dbc1652f998e2a9d673abd44b91dd,external_train
ISIC_0070672,bcc,BCN_0001266,BCN,602f93701d4d01d29dfeef9bf515771d5238bf179f9284fd80fcfd89e60dcff9,external_train
ISIC_0065889,mel,BCN_0001267,BCN,78c7ce6eba7a7a0785e1dd4219cea1a8810a18c323923e2e2890af79bb1975a4,external_train
ISIC_0058079,nv,BCN_0001269,BCN,7e8eb5c51b854485ae2c918a92cc70abe15a775a6fc90e76c8edcee03ba1d35c,external_train
ISIC_0072760,nv,BCN_0001271,BCN,4fe937c8873aa8c23474ffdafc5ad99b92ea0b7facc245a6b418fb6b6ad0a0fd,external_train
ISIC_0063976,nv,BCN_0001273,BCN,0576a9732b79fa296dfb59ff9c42c4b7c0e23bc855cfde68c6ac9e2eacf5a1b0,external_train
ISIC_0062784,nv,BCN_0001274,BCN,29e14239bab522f5ad05a38b3a4374bdb63bc1cfd95fc77ec7d53afa8ecabddc,external_train
ISIC_0062084,mel,BCN_0001277,BCN,5accbec4a3d693a8f8107fcb367c64cf48333a9844e1bd874bb2ee60a5ad047e,external_train
ISIC_0060859,bcc,BCN_0001279,BCN,837ae781c59d656eefd71cf7f95c87ccc936d00f6ecdeb11b8527f7d9fa7bdb2,external_train
ISIC_0072988,bcc,BCN_0001280,BCN,468562a86c3765519f4d582dcb9b7009c90bed7dda243c0b81ee9176af02e0c9,external_train
ISIC_0055600,bcc,BCN_0001281,BCN,898ff472fad92f7de16a7408a548b16ad98adb579104eff6bd990863a24463ff,external_train
ISIC_0071383,vasc,BCN_0001282,BCN,0d560daa7e8801d1abeb89d25c40cbe926672e82bd70464c310a7b3a93176a9f,external_train
ISIC_0064448,mel,BCN_0001285,BCN,263f00e2b47d9a403c484cfe63fce6d32983c51db741b6cac7351a953297cf47,external_train
ISIC_0067733,mel,BCN_0001286,BCN,1388ef7622778199337511e02808403ff1ef24fe8961bfe24e9de8b54d802cf4,external_train
ISIC_0059614,nv,BCN_0001288,BCN,c0264a7a9f8f6e47939c5973ca13b822fe39b21406577f2cbd217305e06563b2,external_train
ISIC_0064323,vasc,BCN_0001289,BCN,9fc2152cf55829058773fe3f5fb8ee346e72d1a875f1885bf366c664ba8130ca,external_train
ISIC_0069195,akiec,BCN_0001290,BCN,c18da86f1d0511bf81b73ab4219dffc610c3af5efc9abc93a2b0377576f2db59,external_train
ISIC_0062658,bkl,BCN_0001291,BCN,2122f86058a57b5175d9daca9caae7de7f63d1ac70dd33618f3938d0d3bf2383,external_train
ISIC_0070942,bcc,BCN_0001295,BCN,7519d40e6ae123267f1fa7a0994db657ac8aab0331c1b059b898907311d3ce0b,external_train
ISIC_0055603,nv,BCN_0001296,BCN,357cdfbcb9a2374e1eef224f560a4e4034aabb4751ba7f9d4780b108969d05cb,external_train
ISIC_0060716,nv,BCN_0001297,BCN,47c2f9b765ed0c536733143ea9f341a231599d9746a7d1ad1eac9ff506a0bd86,external_train
ISIC_0056528,nv,BCN_0001299,BCN,283e4483353e578a74c968c858ad1da6e2d3d53350e25020ebbc9f8097e7408c,external_train
ISIC_0065629,bkl,BCN_0001304,BCN,3bfc7fb9595f59888b4f0004f8256af32796141cd18adf2bd7912bd875aa7e01,external_train
ISIC_0067336,vasc,BCN_0001305,BCN,81ec40708dfa105a7e7587e4899abc9e4a44ed1f222a0fa3bc4a158138864329,external_train
ISIC_0073155,bcc,BCN_0001306,BCN,28bb4c4f6b88804f27afe5b230714cefa1cef3a0acf43d3ed5d59a3f016cad69,external_train
ISIC_0065538,akiec,BCN_0001310,BCN,41e2117f7b8c96d31f1c95104711a2729c15c802a7a6a6225af263faf6fbd6bf,external_train
ISIC_0065688,bkl,BCN_0001311,BCN,217fb6cfcdf6581437766f153d929c03eb3a380d725f1a329a51c3cd9260bcd9,external_train
ISIC_0064452,bcc,BCN_0001313,BCN,73322f18b6523d3939230ded2af6481ecdc70479d29e7911f2d0447b3fb798d8,external_train
ISIC_0056544,nv,BCN_0001315,BCN,12b8bd9cfaac0420f2e6b17075af5d7e578267fb2138c1a7f884534b1648bfe5,external_train
ISIC_0071523,nv,BCN_0001316,BCN,9aca8de9f8293641c38076e625d80b0520d45f555afdd626f6f1f422218ccfdc,external_train
ISIC_0061062,bcc,BCN_0001319,BCN,8e51bf77ddf36790869047f49963b742da842f44e5ed74e37ecbee9db6c1cebb,external_train
ISIC_0069932,akiec,BCN_0001320,BCN,0bd342571fe7b7a33d62e834342d0851bc3e6b8d23199f78a50dc1eebe411dc7,external_train
ISIC_0060703,mel,BCN_0001321,BCN,0694cfddca3f9d01b409ba52c37d9f52198e0f2e616d565d63a79bc88df6a3ea,external_train
ISIC_0062473,bcc,BCN_0001323,BCN,03240f85cf55c9633312618ed851e9729d61cea2ece8b019ee8b2d5c0cfd8b5e,external_train
ISIC_0062123,akiec,BCN_0001326,BCN,17499ecdb536f6bc156e290b9902d01597100c98883c9c8563db41d230d75ed8,external_preflight_val
ISIC_0059791,nv,BCN_0001328,BCN,46d9f0ca6b53351acb3def8bf45e83a753ec72c1c64ff3f9e49a4c73747aeaa3,external_train
ISIC_0058236,nv,BCN_0001329,BCN,1f029514f94cd8a9c9bece5ce5d41ae3b0b15f20eb88b6c34e64ff7fd794e33f,external_train
ISIC_0070909,bcc,BCN_0001331,BCN,df3733143115c55febad5a8385d6466e405d27d63bef3fbe339c6e6219167a37,external_train
ISIC_0059081,bcc,BCN_0001332,BCN,7f523c8c18cb6289107d0c0f76a18fa665d48786d1e4cc270458f2ab754e695e,external_train
ISIC_0067726,bkl,BCN_0001335,BCN,35e66f22f307f1c59742546b9681ee55f072326de16fab7fda33365b819643d7,external_train
ISIC_0060004,bkl,BCN_0001336,BCN,122e33c568207325d1028473f014e0cffc06255eab1ce4da104023540e4b11c3,external_train
ISIC_0065699,bcc,BCN_0001337,BCN,a0e65b70b7f049bf056935510bdded9ca8d179210ddd5dc061d76dbbf5fd7bde,external_train
ISIC_0071929,nv,BCN_0001338,BCN,3c0926aec46f44cb40cf7bbeb2b128eacf98793cd8e147ae7f5342876fec97e9,external_train
ISIC_0061998,bcc,BCN_0001339,BCN,187a5e9b58f00a2a3c04f01e4a952f0655b3fae81b3a75075ce6a55a09654c00,external_train
ISIC_0073063,bcc,BCN_0001341,BCN,256882af5962fee2150cabb1ffb92c56e5a129cfdfc59fd36bf26bf82bfbf58a,external_train
ISIC_0072392,nv,BCN_0001342,BCN,22a4057d56fa45f166cba3c64f96ad48597ade72ab0e292be2432d3262830956,external_preflight_val
ISIC_0064459,bcc,BCN_0001343,BCN,f24897472ae3a05cd58bbc3608475c9c25c5ba6471194b2621074cc2755c078e,external_train
ISIC_0072139,bkl,BCN_0001345,BCN,248cd9efd243e73cf1692790b63208a0c84e502d27e5fa7c51a5e9e08510b4df,external_preflight_val
ISIC_0056359,nv,BCN_0001346,BCN,fcab0180466624a2d520f79985fdfacbb7f24bd6c97a7bf0fa300015dadd533b,external_preflight_val
ISIC_0072850,nv,BCN_0001347,BCN,457d74f4d622300eda9ebd2277ddbe48749a2b39768cb4dc55872d5fbad60d0d,external_preflight_val
ISIC_0065056,bcc,BCN_0001350,BCN,d7c014db06405804f3b136a533d248f769b2000db4d96d7b28a3e7f4f8ddb240,external_preflight_val
ISIC_0060990,bcc,BCN_0001353,BCN,4736e8a4df3fc76455ca5d1f5df37fa2965287e42f7aa95c3180c3690707374d,external_preflight_val
ISIC_0059361,mel,BCN_0001354,BCN,0c55c0b666bba1025cf2834c65d3165dcf8bd2e8bfb27142aa1eb57bb112d0cd,external_train
ISIC_0070967,bkl,BCN_0001355,BCN,aa23c9c700cba19b6f2474c123f6ea3ee9a93c6fa5f9346443557609ea1226a1,external_preflight_val
ISIC_0070044,nv,BCN_0001356,BCN,090df9537fdffd1fc3944a0e9aad496822013a2785786444a558a06fcb79e3fa,external_train
ISIC_0067000,bcc,BCN_0001357,BCN,3d801ffb75755f4ced4e079777d695e7b9c1e74baef8d8c944eb8353e5d069c7,external_train
ISIC_0060539,nv,BCN_0001359,BCN,26e2cba2e0703f8a37a101ee3ae953c51566aeeca9e779162b30cdceef4c2924,external_train
ISIC_0058766,bcc,BCN_0001360,BCN,1cd90075aaab83694d15e98062cacc65c09f02c0d1941580d8d67806bc85b1b1,external_preflight_val
ISIC_0055742,mel,BCN_0001361,BCN,7036a0849621b06077b222e0f90ea61b94d79be8a387a18ef72c3a9652fedefe,external_train
ISIC_0054804,bkl,BCN_0001363,BCN,1bd2e780c3710db7747d08d375eaa66b85269f8b1a1cb608b2a08b7a4229e9c1,external_train
ISIC_0055859,mel,BCN_0001365,BCN,02a3b2046ca91f49d9103d59e5dcc51415d06c4123e79c3379c93ab9dcd68bed,external_train
ISIC_0072041,mel,BCN_0001367,BCN,48762fd49cc7ee578318973af9b574067a8f59315bcede0e03f8b10df1957e47,external_train
ISIC_0064405,bkl,BCN_0001368,BCN,067a10486be7c9fc5ff27d3db53a27e06f696b548233653ebfb0af5ab1af58f0,external_train
ISIC_0067358,nv,BCN_0001369,BCN,51215429ecd81ef2dc36f5301b94b66faf2aa2929d2282f315e2ebdf199c8f75,external_preflight_val
ISIC_0071386,nv,BCN_0001370,BCN,0bf13007de482a164216b307a905ade4a3e4fd24acaada7e7aa66946425785ef,external_train
ISIC_0067648,nv,BCN_0001371,BCN,48dceb95e395748ed3d14427c7a21062969fefae52e684e8fb5d66f2004cd26e,external_train
ISIC_0060640,bcc,BCN_0001373,BCN,b8d9eab3f8adf30cac7e8cf6b92a4e697914562782e1ccf3b34274710422a947,external_train
ISIC_0069291,bkl,BCN_0001374,BCN,67d7fea89c950004fc2cc7462e7bb406269ed7e94c70b3a17848892a88fa0545,external_train
ISIC_0064802,nv,BCN_0001375,BCN,31b6bb10f600990b2638e10b33a5e2a974331af40acf7f6b207da163c6db4d25,external_train
ISIC_0069049,bcc,BCN_0001376,BCN,1fc8bce0c24c33e0e8d3f27a508d5b97160e18dd69e459877512e95170de27b2,external_train
ISIC_0055010,bcc,BCN_0001377,BCN,cc63bcd3c0559d83bd766570f630dbe88c50f26337cc4a5695db60bf8f322b3a,external_train
ISIC_0069589,bcc,BCN_0001378,BCN,14eb78a68dbfa5ae3fd994121da1c876b72639265705a2730201c1608cdad853,external_train
ISIC_0065239,df,BCN_0001379,BCN,14bfad35a1749a594f30fcc3df25c76750188595ef9f8b6f94633aa22f71dd79,external_train
ISIC_0068461,bcc,BCN_0001381,BCN,18fdf639c1e4b6ee6f4ef02414c90b472a7cd668be51a257f3f53ebd386d3b8b,external_train
ISIC_0058573,bcc,BCN_0001382,BCN,7d5325212a3bc7b687e242e283bb9658776b537ca5f7e3b8c937c4ae6f536617,external_train
ISIC_0068675,nv,BCN_0001386,BCN,90c992778a59f6442c97d3cbae69321d8ec7182898d1fae4601097150294e7da,external_train
ISIC_0058460,akiec,BCN_0001387,BCN,28d0c17f1ddca4107aa1eef2a7743a0a5eac6483f6df079adb5009f95ec61281,external_train
ISIC_0068082,nv,BCN_0001389,BCN,0116946a2b1cec23594c191512b6669727bd46751fcdbaf4bb06d2968f08a0b8,external_train
ISIC_0065742,mel,BCN_0001391,BCN,2f6c2474cf64ff41758cf3cac0b354153faf3a30994f02a3a71f312fba8fd2fd,external_train
ISIC_0063322,akiec,BCN_0001394,BCN,4ea4d732ca7cc982644931f65cf43b463db24dd43d21f0e4c628abe4ca8cd67e,external_train
ISIC_0055774,nv,BCN_0001395,BCN,01d8be92dbda7988ae9843fb5fc9549d5f8de0e4565e52f3852ef12f9cb641d3,external_train
ISIC_0059062,nv,BCN_0001397,BCN,49436f711c870ecfc8d8ecd0d64efe7de1e478ed8ca01416fade23eb61ac54b0,external_preflight_val
ISIC_0056695,bcc,BCN_0001400,BCN,0316bb3dd86c9bc6964eecb3e3d6f338cbc0529b77b4ecbce53ad84d6f1933bf,external_preflight_val
ISIC_0066624,nv,BCN_0001402,BCN,b01569e158febeb8ea721f268617b576d76933aa497b6f44a108deaeaa1dc45c,external_train
ISIC_0066022,nv,BCN_0001405,BCN,06794ea02eec4b18854a81c719bb27e4877c956c47886faa3ab8f42c4c93ac5d,external_train
ISIC_0056570,nv,BCN_0001411,BCN,289b4d70129fc15cf14d42d80c535567eab5b73903b42317a97c698d8ce3d7a0,external_train
ISIC_0065636,nv,BCN_0001417,BCN,2b96d697a4a40389fba806639beafa076d029aa025f756a0a87155691a9c7d41,external_preflight_val
ISIC_0068566,nv,BCN_0001420,BCN,107d7e8420b298c9d2c0b3b0f36903d541c2bf60c0f352cdfe67b5c82f0eb6a7,external_train
ISIC_0072290,nv,BCN_0001423,BCN,1458d53f4614c187da68835a55d28068b24c3d404123408cacf5ea1fa211a5f4,external_preflight_val
ISIC_0055346,bcc,BCN_0001425,BCN,0add34e32d7c54d739f0b50584a8e70547c1ab8490bcac75c8d430c3c4340dae,external_train
ISIC_0066878,mel,BCN_0001426,BCN,11385a84bbb0112ece9c65e3571db5bf7c0b364aeb3a2c0821ebc119c938b974,external_train
ISIC_0060296,nv,BCN_0001427,BCN,071720a03f21d0cbb42063e4864873b991e3c26154dc9b88071234470089cfe1,external_train
ISIC_0061426,bkl,BCN_0001429,BCN,00e26872601d9018fb24e729fa1825ffa265600efabdd9d59b324b093a86f9e1,external_preflight_val
ISIC_0069885,bkl,BCN_0001430,BCN,407c4b68f06cc32938ad05d2995085d93192fffca009363782a78b7741e6cb29,external_train
ISIC_0066754,nv,BCN_0001432,BCN,9e590205310b994dbc47077e2413a7b5fe12ee84138b95c23240122cf7c7c8d2,external_train
ISIC_0061205,bcc,BCN_0001434,BCN,4c1d33a80fc55347500d1a69310207ddc9a219f2fd09637fe68fe724f0f2cfb1,external_train
ISIC_0061410,akiec,BCN_0001436,BCN,a7cbe888c9ad2fd1687fb0c0ab00b8cd9898e7202020c2bd4ffb47d77b8d88d6,external_train
ISIC_0072099,mel,BCN_0001437,BCN,282af074a74606acc8e7bdfb9523eb17134f379cf64119ec73b21cf25df201ae,external_train
ISIC_0060560,bkl,BCN_0001440,BCN,731534f1e1f67a1b144b7690717bd888f9d89c8831a675f44b9829208b385e2d,external_train
ISIC_0061309,bcc,BCN_0001441,BCN,be6319430a16075442e1bba343d9f44d0b14a9f3028a23b100280b0494b9dd9c,external_train
ISIC_0061022,bcc,BCN_0001442,BCN,43c935418a319dba6dc1a4c611d737cee8eb8d4ddab3fe4af960730bb41569c5,external_train
ISIC_0069494,nv,BCN_0001445,BCN,5a800b8912a9f2e6c9d9b9c52937a23ddcb8039037edd0c4a0c674e0555ff59f,external_train
ISIC_0057592,bcc,BCN_0001446,BCN,4016734cbdf2665759913a56ada89fda167513767b914e90aa7b0069000bf80b,external_train
ISIC_0069622,mel,BCN_0001448,BCN,e810f8c4d5843fdd003f5f2da7c80536da60d026e2c9ea6e232278e8dea49314,external_train
ISIC_0058804,nv,BCN_0001452,BCN,2b4b92868cf1adf064c0c05a8248aa33630349437acdc48e5e8decba19b9c11d,external_train
ISIC_0062135,nv,BCN_0001455,BCN,568e4b5b21cd3e4704f739a82ffe455507e8f481c6330d71506db63bc56fdae7,external_train
ISIC_0070852,mel,BCN_0001456,BCN,264eca7ec77ca505d65679ab2da5fb0e2eda35e2c4d7d644222382bf3ff347ea,external_train
ISIC_0070386,bcc,BCN_0001457,BCN,42aaaa8c0f52fcca1f99ad747d695b90c65d99d3a218bb777b247442969e56dd,external_train
ISIC_0059554,mel,BCN_0001458,BCN,8b028e343aedbdff6153827e301ffad562ebc650f3b8019852c06c043e638b21,external_train
ISIC_0069144,bcc,BCN_0001459,BCN,080437471df81ce0415b04034c9942d3ee8824318c398524136d6ffa340ebe86,external_train
ISIC_0066306,akiec,BCN_0001460,BCN,5140a7fa763b5945f7eefa95ef6e6f81e871ce16a6c49aed104d39341434f171,external_train
ISIC_0068353,bcc,BCN_0001461,BCN,c1a8a865e5994c49bd18145e397e673bd210717c75f28eb5c044e1cea00aceb9,external_train
ISIC_0059416,nv,BCN_0001464,BCN,8c180f96f94b13554450f24c2d0d6dd399141e3bfb4c251c0cbda6dd64c85cea,external_train
ISIC_0057666,bcc,BCN_0001465,BCN,498f86c380e3a605ec9b3bf852d18a7b3f60f4d40a27d889b5d877e320eb1f69,external_train
ISIC_0069202,nv,BCN_0001468,BCN,0bb58491f2c770f06b83e0f51f327c1181ebe198e890d1597776a02bf2ebf2df,external_preflight_val
ISIC_0057094,nv,BCN_0001469,BCN,0b1469c2b6e0ecf16806d3d218f3629dab13b89dc88e0c29d79824f183b1034e,external_preflight_val
ISIC_0056330,mel,BCN_0001470,BCN,1b354839ff8e1b11e39ad3777bd1d9133ac0b6e4eb1bd312cf688ebec2bd5ed3,external_preflight_val
ISIC_0058427,akiec,BCN_0001472,BCN,34e47dbbe55addf705b28f0b3a5c4a25845ef0fd8942087100e38bc95a2e86c9,external_train
ISIC_0054211,nv,BCN_0001474,BCN,2e75508cd3ccfa960fbb800615be50d20077a65bbc40c1cf39f71fea8c40e798,external_train
ISIC_0057257,mel,BCN_0001478,BCN,324ed2a2c87c18b53b609419c39f3b27eaba003916a4a67f9a30cbecc26c1af0,external_train
ISIC_0066354,mel,BCN_0001479,BCN,17f895ffa417e0ee32000075a714aa0b993abae2d7db9bae4e3980ee08b1c260,external_train
ISIC_0058759,nv,BCN_0001480,BCN,2aa824ed28f55b94e4c34a915b3dfb3fa5ea9c65bd42a57aa58db939daddf20a,external_train
ISIC_0059706,bkl,BCN_0001482,BCN,26e4a0ec1c3a05b91b1d4f3caa081eadbad8e1480e0753d891c2e962f5be8c95,external_train
ISIC_0065287,nv,BCN_0001483,BCN,0763f19193cd28832caac6c41e38b690db008789ae6421412a8c4ff6da730393,external_train
ISIC_0060514,bcc,BCN_0001485,BCN,155fe86c8c795cb9baf9232bb5e4d918200a3034365bd707cd28633f91897cb6,external_train
ISIC_0069862,nv,BCN_0001486,BCN,d189248aa5ba2a25b6fbaca1e406ff0c39ea24b024abf16ef4bf3e72799bf262,external_train
ISIC_0065016,nv,BCN_0001487,BCN,d4acf0eec0af272a0f526f3fd7e4cbfcfe59aabf32859bde81569b4aad58b6f9,external_train
ISIC_0055293,mel,BCN_0001489,BCN,5d09675bdd0041996e6bb70caf382c90ec8be3ef322a485a25c6a5860ce9b3de,external_train
ISIC_0058670,bcc,BCN_0001490,BCN,8b0e92a5d152441a1293bd3e9c4f4676fe3f5f5c5c1e03b615bf2f6ba833ceec,external_train
ISIC_0061733,nv,BCN_0001491,BCN,4b00863170e875133a562c1f9db670c849bb0e6ce7c25faf9eb0a2ceadd78b89,external_train
ISIC_0069619,nv,BCN_0001492,BCN,178cba7cfd638d70bc1f5bd41f4ad8fd7a288b549faf8206420a6c83244445aa,external_train
ISIC_0060607,nv,BCN_0001493,BCN,11afd4d6446f5b27e1281be9f5a54bd8cc15dfcd625bc67ce4ca88cd49168751,external_train
ISIC_0053661,bkl,BCN_0001495,BCN,d24e8d7124922a4b78d5bf8bc2f18ffe67469184e6da5711cada67b878b3f9d9,external_preflight_val
ISIC_0060510,mel,BCN_0001498,BCN,5f7d825edce2739173492b08b6f74bc5e8332f6411f768007b96a74797913574,external_train
ISIC_0055111,bcc,BCN_0001500,BCN,81340dd6f90fb49d587eeaa6f2285cadc44d1db0b71c2a216293146ba3a5088b,external_train
ISIC_0063651,bcc,BCN_0001501,BCN,72a34c83364fc9ed799ce0e58c189c952aa18c251b4b114059e2464215ab2124,external_train
ISIC_0061186,bcc,BCN_0001506,BCN,23be25ba7022279182c2ce63e64eac491c8f1df26127ac1bd7a2c5dfcae389b2,external_preflight_val
ISIC_0068276,mel,BCN_0001507,BCN,5f3fe4b5f22aff4dc776ec3bf398e1d177baf552ed985b3ab725799cb3caca91,external_train
ISIC_0066148,bcc,BCN_0001509,BCN,0b8a89b42efa776f16b959b7b83d629d309630f08ac5a371fdb94418e0105ce9,external_train
ISIC_0066550,nv,BCN_0001510,BCN,16ddad201b2eb6dff3b2cf2fb6858caf5e2c283e689d17ceb66182930076dc2c,external_preflight_val
ISIC_0057296,nv,BCN_0001511,BCN,19b15ed5963090bd932d67eb6fd8456b68fe570648090c718f15d70832825dc8,external_train
ISIC_0063068,akiec,BCN_0001512,BCN,55f3c366b38af50a409765cebc0297338222f189c22a1d17b872febd840e8d4a,external_train
ISIC_0063824,mel,BCN_0001513,BCN,03d573678773b345aed40ca14f9f1f913cae12c2fa6988e5ce8a905331814f68,external_train
ISIC_0056998,mel,BCN_0001516,BCN,48699a953cc2c1d23c527490f86eaeb8c6be7efcb5982e4678b81cb68507c26a,external_train
ISIC_0064553,akiec,BCN_0001518,BCN,35c1a51c162fdd8829ca0ec76a3997c74d5143ce75bebefd1c14f251d60c5761,external_train
ISIC_0061700,bcc,BCN_0001520,BCN,3edc6ba98f2fea5844286368f0d767f67a335ca4476861fdcf6039a13c70bd3f,external_train
ISIC_0065398,mel,BCN_0001521,BCN,7ff6862903a1e6c6a097a00023b61624203bd4e35b49abdd66a759f72e57aeac,external_train
ISIC_0062056,nv,BCN_0001522,BCN,5dbc603d9c64e578b84ab451aa02b9486bf6952b86425ac5c37a9e2d7145f629,external_train
ISIC_0053697,df,BCN_0001523,BCN,072a85e9cdbba8fc92ffeb06239cadd0599d31c05861378a12bcb90a4d615e4e,external_train
ISIC_0056210,mel,BCN_0001531,BCN,14e4207e0496e5c214fc59e36454728237f9e43b48e213a8239bcf204db7abc9,external_train
ISIC_0066819,akiec,BCN_0001532,BCN,260aa8bc338c1ed7553c162cb5ac7d195aa17d84fd9c4929337a06e65fea70ae,external_train
ISIC_0057977,bcc,BCN_0001534,BCN,b247bcbca5718945a5ab431af719e494b531e39f4b35f2da333bf29d901e0610,external_preflight_val
ISIC_0066947,mel,BCN_0001536,BCN,1d56f403dfc3443ebdecfebcd45a143ec158155926e9e19de96475f4555886fe,external_train
ISIC_0063171,bcc,BCN_0001537,BCN,84f07ba5eafbbdb88dcd194ae1ad09d7c40298e7f38491916ce8323fdd4e488c,external_train
ISIC_0060112,bcc,BCN_0001539,BCN,01af08fe813efd5d5d8d57e26b0eecfe10dae6245251614f062d327829c96552,external_train
ISIC_0070057,bcc,BCN_0001543,BCN,046cb58d18cd58133dd0c8363d66b90bfa0059f868be3794ba0832e8b42315ff,external_preflight_val
ISIC_0060448,nv,BCN_0001544,BCN,0ea6e9cc5df02e9bfee8ff2611e0015c905e08e42067604ed2e61a11a38610c1,external_preflight_val
ISIC_0066939,bcc,BCN_0001545,BCN,5ee7fdde40e27197822f7ccb1973b25b85ba9db8e07024c9e82d1aaff8f1e468,external_preflight_val
ISIC_0070791,bcc,BCN_0001546,BCN,282b557af17a3666183c98490aa19f49424a24f290b6fead3f2472073c9f9f33,external_train
ISIC_0066572,bcc,BCN_0001548,BCN,77e472a2e7348197557101ce2a921fc1a56eea0e7523b236087973b1c26d8f8d,external_train
ISIC_0071239,mel,BCN_0001549,BCN,1a82acb3d71b6a79a7909d09545719546a9af78e35cb6b9e8a22c0aeb64ab686,external_train
ISIC_0062924,nv,BCN_0001551,BCN,09c6ab77040dbf10b4f5269e6aca94d185d22d2a321b1250912623bbe383dd94,external_train
ISIC_0067068,nv,BCN_0001553,BCN,2daeae01a0a3e00ee4d485bb256933bbc2437375aab7f8137aa221c98c0c2c80,external_train
ISIC_0062834,bcc,BCN_0001554,BCN,0c13dd7931d75933d57ea4e044a4594cb56fcdc245e1de871ac0529e1a6984d8,external_train
ISIC_0067819,bcc,BCN_0001556,BCN,05d85dc8e9a2f056637a71bc7bb2cda3af28627bd8a2a1d564b245234b4f4dd9,external_train
ISIC_0071604,bcc,BCN_0001557,BCN,743009e0df8b8542f5aedd2337e51b51b56ddda8845175cfd93b4cddd7237294,external_train
ISIC_0065548,bcc,BCN_0001558,BCN,069912ec9c4cc070871221d5740cd70711a9e3da4d9d27dfcd405973a8229ab2,external_train
ISIC_0054723,bcc,BCN_0001559,BCN,06969f36849acd956dbf9afb5af8a91bc901565a4a1733bfb188143e24c85006,external_train
ISIC_0060956,nv,BCN_0001560,BCN,13a19a34c8fac44fb2cd0f8e717af59eecb76a17a3fe499c045b255badd1f7f9,external_train
ISIC_0072750,bcc,BCN_0001561,BCN,9a8ac9a2be2270446f9d2414a5970bfd3f4799c6b610beaab436cffc03ddd7fe,external_train
ISIC_0064632,mel,BCN_0001563,BCN,78f037399a2dc7552f4f392e83fe817f8ed485e976b07be36f90a5a4acbdeafd,external_train
ISIC_0056557,nv,BCN_0001564,BCN,93382c69611fdec0ce394c2448b4aa1e50441823b6e8b0c75b56e503f5e55243,external_preflight_val
ISIC_0064788,bcc,BCN_0001565,BCN,6175941b36767e5d109d63b73a8757742f9b66e46e7bc8d7fdd2048e7844a621,external_train
ISIC_0072074,nv,BCN_0001567,BCN,302c675da22e02e0eebc2728c09b89dbf4b6cc987e04eb0dcf5723ee18c713bb,external_train
ISIC_0070683,bkl,BCN_0001569,BCN,567aa587646cce162756233e08604138d5f22beaf57fd43e01cb722a7f09b5ee,external_preflight_val
ISIC_0066257,bcc,BCN_0001570,BCN,a9a6f1e7c8f8c3aaeedd41a20540933b34827fc6960a64330c72aad5dc554f5f,external_train
ISIC_0067439,bcc,BCN_0001571,BCN,b2e82dbd7b07d6ac05e68b16f4c8d499d643603429ce62bc40e129c4fd1c1868,external_train
ISIC_0069259,bcc,BCN_0001573,BCN,bb7c2aa2d8a6d361a22c7c0b3da3b2fb91dbad41b3ab74a8d782af89594ed540,external_train
ISIC_0055897,bcc,BCN_0001574,BCN,7dab3013f19ae93dc7f3179a523295c14a7874f6adb607cb1d67a2c41d09876f,external_train
ISIC_0059619,nv,BCN_0001575,BCN,521918feeae85d4999bb6cf4ba675ccf6545daf4f854ead5390d45519fbfff97,external_train
ISIC_0055198,nv,BCN_0001576,BCN,0f80f2d6d36e769a6effb490abf19bc97fa82c3487009e7fd9e2293aac04ece6,external_train
ISIC_0067642,bcc,BCN_0001578,BCN,03fca0a96c55ec12e6168037362ab46d989784e6cfffae6d1c230b01c3edbb1e,external_preflight_val
ISIC_0068264,bkl,BCN_0001580,BCN,05ad017851ff00176291c6c353ff20002481f174ab8b7225ccf7ff763564ec04,external_train
ISIC_0062843,bcc,BCN_0001582,BCN,1f970630ad4025b1663d1162756b8a702ddb43a00b7c66b5be00ff42e2a494d3,external_train
ISIC_0062421,bkl,BCN_0001583,BCN,059f77ae8778ef5faa3ba5f0914acf897b088e2f115ba5f01af46074b35cc078,external_train
ISIC_0060310,bcc,BCN_0001586,BCN,26dd70a0c4a4502fb0829d3a7fbaab8da147fe6119bd8b5a9a64780650e5d6d2,external_train
ISIC_0062325,mel,BCN_0001587,BCN,00708f8d6ce6c9974128ebec03bd74bf40f56d24788f9cde60dec48797a938b5,external_train
ISIC_0058364,nv,BCN_0001588,BCN,055505f610cdaca04bb99ec3223dadf35f98a5eb1ffbdcff01214b918a6dc3ce,external_train
ISIC_0056888,bkl,BCN_0001589,BCN,23779de9710cda3bd27c9cd445e2da1080419edd000811a86da80e78e2e7bd93,external_train
ISIC_0070151,bcc,BCN_0001593,BCN,bc1bfe2b5689de50f5ea5bd1e38c0df7ea5aa4d3d72c2645b1c014650156d21c,external_train
ISIC_0068342,nv,BCN_0001595,BCN,04f2093152d3baa49f6f03b2d6f2e3185c8423dbfd813b8101c9dd98c7619e21,external_train
ISIC_0066563,akiec,BCN_0001596,BCN,2eb5be16e7c4a48bfd8db4967a5973ec18202190a26c29ef0d2c7475580d1c88,external_train
ISIC_0065602,bcc,BCN_0001598,BCN,024bb311650bae24149a93a68b0199176f0a7574cb11b79b496360eea2a8b89e,external_preflight_val
ISIC_0063529,bcc,BCN_0001599,BCN,5545c12521120d1c0872413e0dc334e473fb8cd86e3b772c0b8d3065467334d8,external_train
ISIC_0056068,nv,BCN_0001600,BCN,0782adf74a3bc4118b4f24e9142c853fe9229b2a9d3f308beec483f1239ef2f5,external_train
ISIC_0062165,bkl,BCN_0001601,BCN,30d6d2bb29cb52d6b8ccd407398300c936d29eea9edab91c4aebc6f2f16c5c66,external_train
ISIC_0064988,nv,BCN_0001602,BCN,286a79cd603fa8bae42d6297381df33d9bb204e71e29222285bce9fdd058eade,external_train
ISIC_0053611,mel,BCN_0001603,BCN,27e7625671553709b9ccc540cd63728812ac63a9fc8ed1dd0116b0cfe5493a4c,external_preflight_val
ISIC_0064463,mel,BCN_0001606,BCN,1388dee7b1cfa6c70825973f965bb04613aaa39ebfa76837aae5d4d42c1d50c7,external_train
ISIC_0055120,nv,BCN_0001608,BCN,68d622afd7e12bcda0236296e42756039be84b11ec0ae7ae823ac5bf8576de42,external_preflight_val
ISIC_0067137,bcc,BCN_0001611,BCN,233915bac93e00bf30f64de9a243240a6909dbc6dfce8afa60f53c5f39fabe5d,external_preflight_val
ISIC_0063479,bcc,BCN_0001612,BCN,c6b90b7157ec7d830946288f2cfa1f973ed681c58798e8e77612841b86214ed4,external_train
ISIC_0063130,mel,BCN_0001615,BCN,4127f50e5db4a7241e413dd724038317004e327f8faf9a71f9fe2790ad20d44a,external_train
ISIC_0057539,mel,BCN_0001617,BCN,2a312cce84d3f03cf7373e3dc1c64167c2a88de50dd85165f72da4369797b0a3,external_train
ISIC_0072205,akiec,BCN_0001619,BCN,28173d9fd763bf7714052afa7a4dcb490ef3cb59895be0a858a44fb95e3b98ab,external_train
ISIC_0071757,bcc,BCN_0001622,BCN,e88073658a47f6a4e43880267cfc965f21bfdb03a3aadb2baf9a282eb36fa4d4,external_train
ISIC_0059912,bcc,BCN_0001624,BCN,02cfd18079ab1c7d1732c2ffd10eafea79953bf9c2271ea9418b90263a7fb38c,external_train
ISIC_0071381,bcc,BCN_0001625,BCN,f7f81bf4d29017068966d7a32adf5143e58d037f256882ec734468af9c414d96,external_train
ISIC_0071860,nv,BCN_0001626,BCN,baa488dc646ced6569fb3af187c736d45bfbfddb89ff50fd519ce4fd287a20cc,external_train
ISIC_0064561,nv,BCN_0001627,BCN,baa727e42b5dd4b6496e74ac0bdd3df4e3e441323008c2aad6f188379d395b37,external_train
ISIC_0063434,nv,BCN_0001633,BCN,4e099f897e5c268cd52e4707cfcf6134a0bfa2bc815714dbe334fb851edbed8d,external_train
ISIC_0059352,nv,BCN_0001634,BCN,2639dbb0122e785dda1b3cdcd1df123a13b316cb509d973fdf043aa8eb1529d0,external_train
ISIC_0064003,nv,BCN_0001635,BCN,3584f4ee4ca85d39faf83a7a9bd63903de643ca4415889af6175b58979f7ee65,external_train
ISIC_0054022,nv,BCN_0001636,BCN,5cf652a54dad08b3cb561ab74f0b971f7fa92ec08f49282c817d57775c4d14d8,external_preflight_val
ISIC_0055931,mel,BCN_0001637,BCN,400ccd972116631915e4efce00464da249d4e8ea692cccbae909fa7930395b7d,external_train
ISIC_0059538,mel,BCN_0001638,BCN,33eac156337e51864ca89b8af406b25e8d158ceca1ae24cf48987acd1774ef98,external_train
ISIC_0071104,bkl,BCN_0001641,BCN,c17f586f8f96557c399a0eecc1ec1ec55627f04e0dca2bfa238acf5f1949ec25,external_train
ISIC_0055667,df,BCN_0001642,BCN,89c7fbd47761f3e80568f3dccd47de870f0952c3c10be9e531fd79364b88ce3b,external_train
ISIC_0071066,nv,BCN_0001645,BCN,295ace16b2b80f262f74187e9eb4294cc3383c28381653782c25bf28dfb3b273,external_preflight_val
ISIC_0057400,bcc,BCN_0001648,BCN,299baf0eec348d69bb1a16751f4671cb58d2d10eccdd935236e268b1935bdc91,external_train
ISIC_0072919,vasc,BCN_0001649,BCN,17b3ccf6b9f6eca3bdf008129872971b743d8f8d887a6aab987f5ae0458afb7e,external_preflight_val
ISIC_0072716,akiec,BCN_0001650,BCN,ae9e9560992fab731141881062cf734dd230eaf269878562c2833f13b3feea1b,external_train
ISIC_0061202,bcc,BCN_0001651,BCN,2dd257b88b6c68bfb01f80e3ba10a5104b1f8611fb860430a03520e9dc164be3,external_train
ISIC_0054403,nv,BCN_0001653,BCN,62d06c5d3b6f21c95666aad9e9035d0545afa46704f96da25dbe9586a2e38f3b,external_train
ISIC_0066478,bcc,BCN_0001654,BCN,9503790906c14fe424323db90524fbf8da32c0c838da27b748fcc92a13ad6204,external_train
ISIC_0068879,akiec,BCN_0001655,BCN,97b645ed2030aff40ec967de3a20d3f82227bdb5c81a91d992f2bee989e4858d,external_train
ISIC_0071630,nv,BCN_0001657,BCN,cb465c794af4ff3d1601a6dbe75b2f7273f274c42036d207219736df1cc429c4,external_train
ISIC_0053596,nv,BCN_0001658,BCN,3d15d62ebe51171021de7ff3a01a6a8cc051f4a1ffba83c6ce22581d8c667aea,external_train
ISIC_0067077,nv,BCN_0001659,BCN,858da77eedd9d4eb95034e9d03e2708b4adca11df47daaf8dc7f24a15d5bd136,external_train
ISIC_0064124,nv,BCN_0001660,BCN,08b741338465ff74293c133ded4d0386f5bd64d9e65aaa20ee980e803db579c3,external_preflight_val
ISIC_0060129,df,BCN_0001663,BCN,41c9f24bdc5cfb49a9f3ae421b1145d2771a38a6735c7741f8d83664991b1b3e,external_train
ISIC_0062586,akiec,BCN_0001664,BCN,95e2a23e80fa03b3e1b3dd325d83b97bcc3509f461f910d981bb1c957726f1db,external_train
ISIC_0059365,nv,BCN_0001665,BCN,b2fe1676e0e71f4e87b49eeeccf306d1d6f05f406db1f4b4f55fbe1e7905a5d1,external_train
ISIC_0072141,bcc,BCN_0001666,BCN,ef87f959c6dfe47c58315d9fe68df84501229434114fe0ce3326f0e2f841bec7,external_train
ISIC_0058257,bcc,BCN_0001667,BCN,462de1a5fc9bafb54f796542516910e7634545f333c440c7f08a273da219833b,external_train
ISIC_0070789,bcc,BCN_0001668,BCN,71ff48c5f03d74b76383458ec821ee6b37250ef3a3ee8d03403a8775271aa460,external_train
ISIC_0064127,bkl,BCN_0001669,BCN,0a3c976a07e7969bf180811702231db0bfca15a0c6c88051dceccd1681163877,external_train
ISIC_0070280,nv,BCN_0001670,BCN,84880c0fcf83571ab8e2d45aaefd5f6c88c38433203b87e5646e848b5c5f49d9,external_preflight_val
ISIC_0066330,nv,BCN_0001671,BCN,07dccc34edad449a224aff908e49d7abf0fd8130b0a5a805ebc60f05fc8d90a3,external_train
ISIC_0064052,nv,BCN_0001672,BCN,14c9578fda6a6919755fb8e840b85eba76f1afd90b383a644b2733c6c9ff53c0,external_train
ISIC_0071324,mel,BCN_0001673,BCN,03bd7b6e4d16364f4a87dad4b7044d92c4ba7e4309a0eba9f1d441dc8565fc08,external_train
ISIC_0054348,nv,BCN_0001674,BCN,451ef4ed5f99a0819e92ea3e3d0c2f4a1fa9ce1954adf64ac8dd5ed3fb20e6e1,external_preflight_val
ISIC_0067252,nv,BCN_0001676,BCN,3a7c67cda53b14617da118c5d66692afba3dd80458798f871f88753ada36cc5a,external_preflight_val
ISIC_0067321,nv,BCN_0001678,BCN,1774da67734a380dbb33db090a9ebeee7548f9d57174256ab7636e9f7d28572c,external_train
ISIC_0072658,bkl,BCN_0001679,BCN,16f97bb897cd6fa81d119a52d82202ba4cf4ce5c3d2134feafa67656b34c7cc8,external_train
ISIC_0057068,bkl,BCN_0001680,BCN,2e868c423033b6b9b454cbab3d5e0634c39e7977de359f8fb613cc254f5fe1fb,external_train
ISIC_0071479,nv,BCN_0001681,BCN,5e170f4e39dda78002829d9bd373c161bed8f5d8d0219c00ad281bfc9531d085,external_train
ISIC_0069963,nv,BCN_0001682,BCN,6aeb10e3f47cf40f854516e7265d43ca02a4c770169534758e61ef29d9622dc0,external_train
ISIC_0071893,bcc,BCN_0001683,BCN,08055db412524f3eec172de7570795970d6d401c603d258979872e26eeaf9619,external_train
ISIC_0060552,nv,BCN_0001686,BCN,4c2cc5d39b6e5a014089ace967fae9f1b209ca4849c14c45e9d6b7f7cd29f285,external_train
ISIC_0069154,mel,BCN_0001687,BCN,09d59f3a5581ab64d059db13336155a6acf3e8c7b6946d89560c78f3e9a76510,external_train
ISIC_0053815,bcc,BCN_0001688,BCN,140e064600e119c5fb30be13ee11444b3a3e7df360d7eaba8f15d26ddbe50f48,external_train
ISIC_0072928,bkl,BCN_0001690,BCN,45e5cdda55e82ee225fb7091ca802c0a897ab584884d88174a312950456a4879,external_train
ISIC_0070009,mel,BCN_0001691,BCN,11363d2e8ea61344a7c344be2f11d59dc796061393274547fd83a16c4b6a38e7,external_preflight_val
ISIC_0057677,nv,BCN_0001692,BCN,0354d9034194472cd0925504bc58e698afb86cbf4bc4d617e1ac159b2311ff24,external_train
ISIC_0062960,nv,BCN_0001693,BCN,2e4ebe8c39ee41b1a2aac3f878c56f8f4a240f764c81180ff35f67792ccdf7ba,external_train
ISIC_0060659,mel,BCN_0001694,BCN,3074586a60fd1225b005f80b0ca05564ac0644aa1f8b5ab1bcfbe2dc15ae65d6,external_train
ISIC_0059266,nv,BCN_0001696,BCN,6d4f02e55f2991192add470c4818e12717e010a2f5ad21c83a10e85f9fea33de,external_preflight_val
ISIC_0055435,nv,BCN_0001698,BCN,5039445f4a76e1b56cbd94510882d29a05f8aceb04c6d3d74440b4e3401b8349,external_train
ISIC_0065632,bkl,BCN_0001699,BCN,00e5f1ed70384df06dee3c87e481c1be7b713adc411b198e4afd0dede8366dda,external_train
ISIC_0064796,akiec,BCN_0001700,BCN,1501236a3e4f424e4356bfd96b35fc1120261c955373ee4bdb18c71e03472c5e,external_preflight_val
ISIC_0061550,bkl,BCN_0001701,BCN,011aba23b52cd4d3b201f3d2fe07d6e0086510064b7eafa07ea0093e50a517ae,external_train
ISIC_0054898,nv,BCN_0001702,BCN,dd0ab1de3552edf9f6fec0193148dd2b37bcd965a9999275dd93b94d2737ce29,external_train
ISIC_0070136,nv,BCN_0001705,BCN,047254fe9473e5867679eb337f70c513accf93e232d86c853d25356ddebfca9a,external_preflight_val
ISIC_0056662,akiec,BCN_0001706,BCN,38731845b9544fa42a441bfabcf9d7b7872fbe2ab99077a240b7694b6d4210d5,external_train
ISIC_0056193,bkl,BCN_0001707,BCN,4488ce29bc8feb308f3a4fda15c17c573e46ea039d455fe893a6727153d89eea,external_train
ISIC_0063406,bcc,BCN_0001710,BCN,69fd0a38472f63b18bd0fcf77969209b5ae50902f8051ffa61571b2a6f0697e5,external_train
ISIC_0071623,nv,BCN_0001713,BCN,22b76126e2e4591ecdb3be01cd57bed0f6681e1dabaf9fd0b77b8378c291afab,external_train
ISIC_0068098,nv,BCN_0001716,BCN,098d1ff5150c30ab297d807f9c626655d366461bc779adb308009b3a6c0f54ea,external_train
ISIC_0056613,akiec,BCN_0001718,BCN,250e8fba5fec17141fa9f026342985be1af66df12d25c626e49bbac2a6ec54b3,external_train
ISIC_0060064,nv,BCN_0001719,BCN,6879508eae3d94ae13eb846a0f54c451d8844a6c5cc48caab411ea5929dc470d,external_train
ISIC_0060240,nv,BCN_0001720,BCN,2b936ae4cf6f011a6bda165f16faeb01b747e66a726365fd04465defada2a093,external_train
ISIC_0068221,mel,BCN_0001724,BCN,2f2e96b8699ec80185bdc789b6823b6ffe1d5096481cc2759416e542758e641a,external_train
ISIC_0070356,vasc,BCN_0001725,BCN,0b685732f1986138bba85dd614fedbb9c4f80b0e46d6b3ce71e415d8126e6fc3,external_train
ISIC_0073012,vasc,BCN_0001726,BCN,2add6f21f9beae0e22ef923f3cb4af474999465e269350701ab32c408dfe4a43,external_train
ISIC_0068545,mel,BCN_0001728,BCN,03da4234d5bcbdfd2bea8a9d4b0b258ee0651b7d251b137d052fcd6de2a8f913,external_preflight_val
ISIC_0064986,mel,BCN_0001729,BCN,6b5ab99f23cfe9c65899935a6ed964763e323aebfb709b89c192b33589b4470d,external_train
ISIC_0055283,nv,BCN_0001732,BCN,0879a53d7ed84fb0af897cfa4dd7b783338b0d7f4c201a333c38020f1857fc46,external_train
ISIC_0053472,bcc,BCN_0001733,BCN,95daa38b121b7ce2b70ee3f9069b69491511c6b2457927d6d1cd8eb4b4c89b80,external_train
ISIC_0069084,mel,BCN_0001736,BCN,0114716b3dd4071d4a1ef513b8da74a842a10681ed0e0e9636f4532f2016511d,external_preflight_val
ISIC_0072159,nv,BCN_0001737,BCN,070e39b76b66f37c6cce7b61a8d887bc8def78bfbaab875c9a65a9e1670c639a,external_train
ISIC_0070436,bcc,BCN_0001738,BCN,361ed6b7b5e4461bb0c4cc6d8abf9aeaa2a3a12198dc8ff4b69aac95b1788d38,external_train
ISIC_0058542,vasc,BCN_0001739,BCN,61397287549c16c21878aec0b40bd215393b9bef11c41f28a8679dbdef9cfad6,external_preflight_val
ISIC_0066392,bcc,BCN_0001742,BCN,1bf7d0e01a6b55858ca174b4a9695425bd7b448586e331664e695f313477ac8d,external_train
ISIC_0069351,nv,BCN_0001743,BCN,88c6fc4db86e007f7b375e5fc546359b21e3cd3119b46c178aa2391db588dcc8,external_train
ISIC_0053534,bcc,BCN_0001745,BCN,5effcdd25556cb51282d491148847ab14d5bc6aa41053f63944d33d581855b76,external_train
ISIC_0059299,nv,BCN_0001746,BCN,258bf1d9c3be80cacd717a584178021fa99cdd43349c2aee50e31383dbd5670d,external_train
ISIC_0059065,mel,BCN_0001747,BCN,3d1f05ddeae0f8e8e78d1ef68ef6c30a7d41c88034c89ac19f352db96f585082,external_train
ISIC_0065391,bcc,BCN_0001749,BCN,e6571cb3cf89a54f54e5767156f9d22933c7ad919ae5e1ab94bfa077f3047bfb,external_train
ISIC_0056168,nv,BCN_0001750,BCN,19fe87099748f6e0c74775a5b4d29f2098b84fe27af3325ff49388ba7ef961d5,external_preflight_val
ISIC_0063416,bcc,BCN_0001753,BCN,08cd71fc5f10336738574a4abd851afe2447eb579f23ff598a29fe73db947bca,external_preflight_val
ISIC_0063214,nv,BCN_0001754,BCN,31a8d889cf67c28aa658c06fcfdb81671751aad9f30cfd9ca594b972c1eeac6b,external_train
ISIC_0063866,mel,BCN_0001755,BCN,0250445a5bae90e1dbcdc94b4f9ea7307b06eb8add67240332270374eaf43e2c,external_train
ISIC_0071283,nv,BCN_0001758,BCN,ac2bd3ae473e97bb09fac2002decd3e624e17860712d717c508e5229cff7b565,external_train
ISIC_0058272,nv,BCN_0001759,BCN,256a1826496ab853b4165f71347d620c626af5c9285a15607b11b6ceb5696ddb,external_train
ISIC_0068035,nv,BCN_0001761,BCN,3c67e196f08cf221f00d52a095ac6c692c61677e5dd70c2b0eeb2a2f766ecfab,external_train
ISIC_0071169,mel,BCN_0001762,BCN,17fea908d9a81752a6273ad46286613277a4940fe90487f30d7cd2b3353400c8,external_preflight_val
ISIC_0055636,bkl,BCN_0001764,BCN,7f714a7e9a861160f760c91f4ec4c9bd0a93b36465317fbe8ff087d65773d25b,external_train
ISIC_0066797,nv,BCN_0001765,BCN,0f5d49b527b522911272e9e8627f281efe963d1bc52e7e7f14ea714e2a42e56b,external_preflight_val
ISIC_0058387,bcc,BCN_0001767,BCN,ac714ed4500dede77c3d5f69880925b979457ec6c8eb00feacb445e10786b543,external_train
ISIC_0072661,nv,BCN_0001768,BCN,2a3ad744b41fb79fe8fa243a72e05d4a3a990de4c73b8f14284b79fd4461ca13,external_train
ISIC_0055805,nv,BCN_0001770,BCN,a8f8b88bedf619cf26ee065129a9c55718a28aa73b034aedf0328e2922899231,external_train
ISIC_0070609,nv,BCN_0001771,BCN,90d81780e923da0c8c0a4f42cfd156cced4cf6fe76a183cf73f313712bb10bda,external_preflight_val
ISIC_0068764,bcc,BCN_0001772,BCN,051c7b9c73683a1cf8db45c315e33b80513f9c790ae055f1bb5976662dfcd549,external_train
ISIC_0058295,nv,BCN_0001773,BCN,00bc56748b4a1643707ab90e80afea391d1987b65ff09bc2a0f76085f56e3939,external_train
ISIC_0070003,nv,BCN_0001774,BCN,1b6d5ea965047985a39f764e96612d9148876653675a7af09a60c56d96668e8e,external_train
ISIC_0064022,akiec,BCN_0001775,BCN,73848e93dcf90a00552e74c309f07646c0c3f54b9af34ff620b95b2e9470afd5,external_preflight_val
ISIC_0067740,bkl,BCN_0001776,BCN,1d9e08a66f2541a870c65a82f365735087268b23914df67e3bdba02b619be8e5,external_train
ISIC_0060012,nv,BCN_0001778,BCN,35fa749bb3d3b48a17a8db9499efc315e3eb1e9da50301495a58c0d43e16e877,external_train
ISIC_0071347,bcc,BCN_0001780,BCN,00a840ca2952fd2a5cb595d172b7862294711291f71789cf528561c98f888df5,external_train
ISIC_0066050,nv,BCN_0001781,BCN,382d12f8a1af57d5171e82f507da10b6614d45ef7c01bc424adb2fd557309258,external_train
ISIC_0056990,bcc,BCN_0001783,BCN,41787f2f2c19773b06c036c9bae49628517d345089f608e5b3bf9b945ee9c1ab,external_train
ISIC_0061167,bkl,BCN_0001784,BCN,9334bcc0a3b83a08b573b6b271d7580743d061f282069f8b439149c47dc0f077,external_train
ISIC_0067956,bcc,BCN_0001785,BCN,01f06f293ae8f79bf94c7ee080d56ea8066d6e131a60f7cfefdf347c833e9efb,external_train
ISIC_0069575,bcc,BCN_0001786,BCN,2ea940c05ce7664215daf17f34d3d301f76d6405be2dd5d1d41399aebf2ca1f5,external_train
ISIC_0071446,bcc,BCN_0001788,BCN,9e43f4c86ea9cecfa7bdb8005c09bcf58f23bf7c4c07d87eb91e0619ef12a940,external_train
ISIC_0062709,mel,BCN_0001790,BCN,1383709b74c4ac09cc718338cf5ed22a90d3b343df60bee21b62880291580874,external_train
ISIC_0057166,nv,BCN_0001791,BCN,1ac0ff0c7a4c59681869860f394fbf3acb037485ee8c3be4980ec117ab769055,external_train
ISIC_0069891,mel,BCN_0001792,BCN,7fe9cfc2a16ad65ee8dd809420bd1585629e07bd7b314d5b5c0874e9efb4c67f,external_train
ISIC_0065028,bcc,BCN_0001793,BCN,30b5e58786dabea4595692498b2ef554ce2f2e009f37daba0db76facbb935b3f,external_train
ISIC_0065920,nv,BCN_0001794,BCN,1a69bc750695e809750d6094a8b954f8468765028196673032fc8cc9c0902603,external_train
ISIC_0057059,nv,BCN_0001795,BCN,1c0fb5e100e977a9cd77ef8e5cde1535a16187e5395ac49763e3fff78dab9987,external_train
ISIC_0058939,akiec,BCN_0001796,BCN,2fc8d06593d04d6b094ec210dd79be0b7cab5a4d70155b3198289e4afd3174f4,external_train
ISIC_0060309,bcc,BCN_0001797,BCN,48c8ac917319054c45d0c721ba9ecfdc307a1f2504cd98a5966a9d58451de998,external_train
ISIC_0069533,bcc,BCN_0001798,BCN,09344596ece07ca7bd8189d02b1e703adefaf0c385a24fa8aae0d0c570783c70,external_train
ISIC_0067474,nv,BCN_0001800,BCN,966d5ac062dd26e7201719582c2cc9c6daad2f28a1db9999562ecf1dd4971ca7,external_train
ISIC_0056964,bcc,BCN_0001802,BCN,ef06589a995b965b1bc76783ff0705717aa8d7000285650c56b47793781ec144,external_train
ISIC_0072084,bcc,BCN_0001803,BCN,08fac8f7a61be79b68bf9e17121687fcf9faf5547ec2ac8c5040d080f750469d,external_train
ISIC_0059116,bcc,BCN_0001804,BCN,0ae57ab0ad12b5b186ff9ced171a977ec8345622238c0a9f954d2c96fe85265b,external_train
ISIC_0069933,mel,BCN_0001806,BCN,00c03e3bdc9545fe14ead838042583a8ea02e5412c1e6a0a86b7866bc4884984,external_train
ISIC_0063949,nv,BCN_0001807,BCN,d7e0624018048ed047e76cbacd93b9f01fdf7eda79624aa67cffcf3ddd1e72a1,external_train
ISIC_0065942,bcc,BCN_0001808,BCN,b6903d35ae2e18b9b950d25890b91f265260fed5fc5ecda48525bcefcd7b82ff,external_train
ISIC_0069859,mel,BCN_0001809,BCN,4dcc4a3232430bd1f59dfe9b1653b25b020160eeb947769c723f0e63a3df9ee0,external_train
ISIC_0071334,nv,BCN_0001811,BCN,7003155feddde48c08066491462d4a2ab64b265268aaf5d9ff57c97a2afa945c,external_train
ISIC_0063141,nv,BCN_0001813,BCN,1a60586240b91b2f32ed4d55a8503f12eea49d2c1cb906b7478a4042541124be,external_train
ISIC_0057188,mel,BCN_0001814,BCN,0e4f2882570fb009bcb5e2319d3604a87d13540ce0aff7ffea8a46ac997879fe,external_preflight_val
ISIC_0061681,nv,BCN_0001815,BCN,482777962c8c8c2396c2f16499bf9427e8367857026dd598cf2272f0532586a3,external_train
ISIC_0069561,nv,BCN_0001816,BCN,0be433767f85d7c7160790fffebd55eba2c23eed8be3bf6267c5c3013085a56d,external_train
ISIC_0056585,bcc,BCN_0001817,BCN,4af4a5325b53c7dc95cca8197bf604a37d0598acdcdcaa4b5fea67a55b4a7114,external_preflight_val
ISIC_0071824,nv,BCN_0001818,BCN,5354403f7b7cc980bff7b9ed2e5156856b519a01e64cb432d9d3c911808aa236,external_train
ISIC_0073248,bkl,BCN_0001819,BCN,67fcf004d4f3f12abc33a0652061878af5c87d86451c411c3dd0b7bebdc3d076,external_preflight_val
ISIC_0056226,mel,BCN_0001821,BCN,052bf511b9fc96bf569e9f05a0035126080708ffd581a50108fadbe8598b6512,external_preflight_val
ISIC_0053533,mel,BCN_0001822,BCN,619fcf2cfd26fe42a1feb39f735c7a3566c5f16779eddb5a407f9a618aa7d060,external_preflight_val
ISIC_0065558,nv,BCN_0001823,BCN,ad3f0be6faf6597a8052075c7873f15426f34a2cfd11c667b2b911b1d1559c1f,external_train
ISIC_0060372,bcc,BCN_0001824,BCN,0adf52b80ca10309130524b666b295d9bb25ab841d44fb26ec27b68d0337ecec,external_train
ISIC_0067150,akiec,BCN_0001829,BCN,21f4fa3a3944c27e71cdbec5bc708a6b3a7ed6e6bbd2e6e892a7e8d95113929b,external_train
ISIC_0062303,bcc,BCN_0001830,BCN,57232a1ca2517e20b70b22ac20558fc391bcb1deae926a841d5130dc36cd9e31,external_train
ISIC_0065469,mel,BCN_0001832,BCN,635bb4a593f4361653392c5455156b26333f7afd2b3bcbd865f76c1f9fbc050e,external_train
ISIC_0059561,akiec,BCN_0001834,BCN,00d1e4202ec6d820299d627f6e89d964068bb6622465eb857db568093b296024,external_train
ISIC_0070922,akiec,BCN_0001837,BCN,1e4ad4eb063e1a5f0b1e0c04f5b0b15e1a0648cc655bcef9d2a26a866eacbc15,external_train
ISIC_0065461,nv,BCN_0001838,BCN,388f564121932498e3b14f2de498b3b0f1523835cf87c98b7ba00581ae53c6e3,external_train
ISIC_0070460,df,BCN_0001839,BCN,3c52bdd979179f64a3347263b2464da5a84a87839895dab25aa7bd8a4dc070c8,external_train
ISIC_0066327,nv,BCN_0001840,BCN,23dfca9758d413366485aed8ab4c21e2d6a2ddb1e39433ddb7033d71ce3ab7cd,external_train
ISIC_0067735,nv,BCN_0001841,BCN,6018043f8c5d2ef471d51fcce70a6c75735573a4ae7355f6a6f83a25717455c6,external_preflight_val
ISIC_0058046,mel,BCN_0001843,BCN,25e8d8aea57128e9aa80f3fc8708f69c9aee584851b34cde6aee2dfd7d2460e0,external_train
ISIC_0061951,nv,BCN_0001844,BCN,3e9ed81502af0fe831b839cb2df438e1b23d12eba43b19366473dc92a5401960,external_train
ISIC_0059756,nv,BCN_0001845,BCN,91c2f261ec9895ed460e00d6f2daad765cf94025280999498e749c2f4a688faf,external_train
ISIC_0068829,nv,BCN_0001847,BCN,3970b562094b67f54b18792e4417544b53f9849566df8b75724b39136dd556bd,external_train
ISIC_0063040,nv,BCN_0001849,BCN,b282cc2c4ccf92a5048f7a54b0d6b8bb45b28a71a8e28929364aa9a309d2b357,external_train
ISIC_0070336,nv,BCN_0001850,BCN,371622dc76de1a9dbe2dfe87a8ff658843b629fc479179ebfe69dae0214ab686,external_train
ISIC_0069014,bcc,BCN_0001852,BCN,2a101295802422cbd6c37c7a7f64614cf5a7ba79946261ea985722f09c894752,external_train
ISIC_0070321,akiec,BCN_0001854,BCN,129517f27bfc41f0670162773090a9eb151032cbfe44ffb58963e97204af25f2,external_train
ISIC_0067965,nv,BCN_0001855,BCN,25f707f717d0880e3719ceab2c9fc53cfad264cc619c8e5295c9380d4bd7758a,external_train
ISIC_0053558,bcc,BCN_0001856,BCN,5c08c82c7f0e624d889a5ab25af4a1507012437980125ab9d09451ab06699443,external_train
ISIC_0061079,mel,BCN_0001857,BCN,08fb2435f8785da2f1118fa5530d70a7ba058798126dcb2856ba91df15c3e621,external_train
ISIC_0068250,bcc,BCN_0001858,BCN,46c967ec39945fca1a034a7d59b59a00014062f172fa262b429b7de69b3783a0,external_train
ISIC_0064137,bkl,BCN_0001859,BCN,055a0c6d33ce79cef6ebf49e11d0abdfe2aa9cb4732dae48a1c03b73388ffe48,external_preflight_val
ISIC_0065809,nv,BCN_0001860,BCN,2e5f456326a8b06a4d4ced3154a4183f3a74f0f4aca431e8ae16260d52c8f254,external_preflight_val
ISIC_0058819,bcc,BCN_0001864,BCN,52d420e6d4a9e54975d48472be3791625eb69125893f223fec9311ea9dd336f5,external_train
ISIC_0058775,bcc,BCN_0001865,BCN,2f3556bb0f2895fc69c292f4e21950bdc0849954f1ea62737b4b3cad0fcfbef0,external_train
ISIC_0063159,bcc,BCN_0001866,BCN,0899ccd7a9224d62ce446b05a92524a50e61d89ad73e5fd72b34caa08264144d,external_preflight_val
ISIC_0057868,df,BCN_0001867,BCN,276f405810f2dc4295d4fd15e0d3c71f3a287776ab8d16adb7a99fe96ae84aa4,external_train
ISIC_0057453,df,BCN_0001869,BCN,252a84c241cb8b9a61adf0f7661f0fd0b4251b1eecf3140afd8247455f21c3f8,external_train
ISIC_0054998,nv,BCN_0001873,BCN,a7596d143a571de9869a37c1e3ebded0cd63fa62af9c033f9963c918c57ab1eb,external_preflight_val
ISIC_0070355,bcc,BCN_0001874,BCN,416d786a12bd4ea570ce74eb18358ef407b987ca6ef9910576e7ae980417ef5e,external_train
ISIC_0055814,bcc,BCN_0001875,BCN,1270e185e666a036b564b2264126700d57f90d613d846fa65810546e1c41db3e,external_train
ISIC_0071759,nv,BCN_0001877,BCN,4449443a0a0a15acd94aabbc67544d0a45e9d25bf74501e6cbf8a9ec018cd3ca,external_train
ISIC_0069385,mel,BCN_0001878,BCN,20623354f603fd7af35fa112843f87198237722bad010fd4903afa1c7c2d2990,external_train
ISIC_0070528,nv,BCN_0001879,BCN,1d8dc7ce887d4b9c616b41b92e13916a8ec47eda123e0d745c768c1a06064a99,external_train
ISIC_0054691,mel,BCN_0001883,BCN,0e1d6ac78c5119ce1e09472e81b7b651adac404ce4d40303cb5bd3d0abb234b3,external_train
ISIC_0061081,bcc,BCN_0001884,BCN,199e434bf3a18ad22952ac5d1f933e2deedb31d2ea90d9eb77f332131778f007,external_preflight_val
ISIC_0064567,bkl,BCN_0001885,BCN,5ade2e7fc9f4b8dee3acaf2781f70aba8a83cb5382025abcc498bc756c6aea9b,external_train
ISIC_0072974,bcc,BCN_0001887,BCN,4b9fca81046eb4508eb0247a099b9de7a69712ef3d7e8fc6bb45541d9e8d7ff6,external_train
ISIC_0058654,bcc,BCN_0001888,BCN,2951409914a4a920ea7fda6f1efc7e1fa933c39777bc35506d94e52be1a47be6,external_train
ISIC_0055719,nv,BCN_0001889,BCN,2eec9d6f89cd0dff841b04b3db25272b323ea370a02ca3da83a2496d4321e507,external_train
ISIC_0063497,nv,BCN_0001891,BCN,6d62af34483aa6f5ffbaf10654a84afd85a705d645db18e0f72802718ed1ac39,external_train
ISIC_0057439,bcc,BCN_0001893,BCN,832244609698fe56d945a5057601750351284985503e75da5d3f78e091fae6c9,external_train
ISIC_0061615,bcc,BCN_0001894,BCN,0ef6b4d653d2c33b884a02a637166fcb1ac1ef1a382d5659085d05933a1de080,external_train
ISIC_0057892,nv,BCN_0001896,BCN,8613a380580c9625d7cf172bdcfc8de7e5e6cb5d8f215c2648eeba3606beacab,external_train
ISIC_0059719,nv,BCN_0001898,BCN,02107de1d23c005139aeaeefd201c00207aea726ea5d9c57ad9b73b9319562f4,external_train
ISIC_0062243,nv,BCN_0001901,BCN,59be53b0f7da2bb081fd09b0f7ca2795115800ecaef221854b178c35364a40b2,external_train
ISIC_0057551,bcc,BCN_0001902,BCN,6fea7ba397b23111dea72b1b0ec7169a69c5e08e89fc820d3910fbafe39490b1,external_train
ISIC_0062997,nv,BCN_0001905,BCN,4fa3f5900b90ec7f6d6d310b9f85f8db3695cf7a557a3f3fbd31b284b0441797,external_train
ISIC_0067838,nv,BCN_0001906,BCN,03d1bd355d64857848efdfe1988d4ff726de9ed6e117cd3c61c09493277738ba,external_train
ISIC_0056468,nv,BCN_0001907,BCN,1697bcca1229f5947f71068af457da31918d54a651f0f97edd524cac7ae3158f,external_train
ISIC_0067098,bcc,BCN_0001908,BCN,2c0140ef24a77b8646a2ce1039359958dd5f2fa48d351f3875271f9e2fd0721b,external_train
ISIC_0065192,mel,BCN_0001909,BCN,14eb3a2168afa7ad39a6108457e36c42a50f52a2e39ed1058f4c193f8b6bfbe1,external_train
ISIC_0068160,bcc,BCN_0001910,BCN,20612ad96d5d0ef41bbb13f85dc838780e820d1d3b7f1385f5a3460d566d6c0a,external_train
ISIC_0072348,mel,BCN_0001912,BCN,13224a61ae4c3e528cf51a6c4e75b875633f11e52bb608a1570035c6259143e1,external_train
ISIC_0063309,nv,BCN_0001914,BCN,39e2bc9478dddd33314d8277b655efba448b19228b34ae1d4422bb5f10a81ee0,external_train
ISIC_0069761,nv,BCN_0001915,BCN,392be3847eab2b1b077e4a583b3418a3c1c879c5bd5b10c8ed82dbe5c6e453d3,external_preflight_val
ISIC_0065278,mel,BCN_0001918,BCN,9548fe09cd9b4ce9e099b4b5d1ad3ad1c92d78cb9fa378eaa04d5639e3b79744,external_train
ISIC_0060890,df,BCN_0001919,BCN,751fc67d5978d81d3f0b30ae035638256d9f3d0a63c2da60a47c39715681af87,external_train
ISIC_0068154,nv,BCN_0001920,BCN,4bcaed4970fe3666ffb2ecea2be696f256e8614c6aa46ed85d9b958cf54cc611,external_train
ISIC_0072088,nv,BCN_0001921,BCN,2c7a2395f7e6175859859ac5f5f46090d5976db5b6daeaffc4ced928031eb77e,external_train
ISIC_0057571,nv,BCN_0001922,BCN,29335b4568c7532362a081c0fc441c651586853e649dc40edbb9a5edf25c9f55,external_train
ISIC_0058144,bcc,BCN_0001924,BCN,497b0f4a51d21f6fd7258006adb17e3dd35614321675eae55998ca8db756b01e,external_train
ISIC_0072043,nv,BCN_0001925,BCN,1dbc5b6c69d165189d5452e3d47e55472c4ab85d075bfe19b1bf24e3f9af2082,external_train
ISIC_0066149,nv,BCN_0001927,BCN,e3aa580b31081acd0d92c226d5fb76da6933230b3b1ff57392d132b4a3a5592f,external_train
ISIC_0069530,nv,BCN_0001928,BCN,85601946dc1d705bf2a71618bd55a30ae46dae172d2f0a47c10a9166c86c6602,external_preflight_val
ISIC_0058296,df,BCN_0001930,BCN,04854759bd02874938b64eb042028c26e72342eb5d91d352b1a4f68118cdc299,external_train
ISIC_0072986,akiec,BCN_0001932,BCN,5962927eaaa1571490d32645096379a57c8cbb666c231da28f8db433af5853e6,external_train
ISIC_0067886,nv,BCN_0001936,BCN,c7fd0c68d0b7f5b76bcb0b8b4c794c50e6efd5042528b985212ff60a09169a65,external_train
ISIC_0055091,mel,BCN_0001939,BCN,19c98d80ae7bc5119482d0e2c85b0f62d94a60c80c09cd4d9719363c0f4156f0,external_train
ISIC_0066628,nv,BCN_0001940,BCN,25ad89568e88021dd02b2edd8a84f5e945f3b223fc6e48c6270f404a5b146c08,external_preflight_val
ISIC_0072609,nv,BCN_0001941,BCN,95497fab5d5651f7fefc3992da09110ffeda489741e819775d6c3ddcefd468bd,external_preflight_val
ISIC_0073164,nv,BCN_0001945,BCN,290d695156fe43f27da1562b53354cdb75581e30e9e3084a21e97822cfbb844d,external_train
ISIC_0073215,bcc,BCN_0001946,BCN,62177d3ed13f34cd5d86b1e70fcbc4e869fa4258d0dafdd920e6a8d5d8a3316b,external_train
ISIC_0058421,bkl,BCN_0001947,BCN,2f231cb36962c8420f58fcddfc367ae5463c554097efdabd7723b4ee1199420e,external_train
ISIC_0060821,vasc,BCN_0001948,BCN,35c8baa52003f4364cae6e4f1a53e8c12976422262b57ecca7bb29af5dbdb440,external_train
ISIC_0057806,akiec,BCN_0001949,BCN,0005e5e1aef687fdaa8175f4090d4a9affd0d31578b6a123e4107b9626ebbd89,external_train
ISIC_0070746,nv,BCN_0001950,BCN,613bc68a09dcf9075a8c7155a3fbb4a12531dfa1ed23908eb618b70f08bc1c27,external_train
ISIC_0059028,df,BCN_0001953,BCN,23fdd503fbbdd96a35cca61f8ed67d4dda729b1633ce4499dc419b53d64bc51d,external_preflight_val
ISIC_0064881,mel,BCN_0001954,BCN,024d48a062ca1adf4f998a0d50912d22236526c0db60b56957135664edad7c73,external_train
ISIC_0066495,bcc,BCN_0001955,BCN,368949b271d164de4ce84ec4230772d1dd2988e6dd556241f3f2d02f90435abc,external_train
ISIC_0059570,bcc,BCN_0001956,BCN,2fc28462f6d394919af4df9295d6e84689900f08cbedc00a2913187908600d00,external_train
ISIC_0067839,bcc,BCN_0001957,BCN,1d2f4dc3029e3255340c493f14c26fb12a7063a60f79f839a6cf6a3009d4e4ce,external_train
ISIC_0055939,nv,BCN_0001958,BCN,d20488a2ef1afb69da72b3cbb871c414ba6e62abc1bd28eb49cdad05c1469b26,external_train
ISIC_0069396,nv,BCN_0001961,BCN,0bd09eba8fc9f2d5a76f6c55c582c6bb6d3f4cd18ac1cdda61472b1d58cb3887,external_train
ISIC_0061884,mel,BCN_0001964,BCN,0d3baa7919eb08cf969b703e5eff71405915ac12aba1490933538c2e65b93797,external_preflight_val
ISIC_0055969,bcc,BCN_0001965,BCN,2ddabdd29093cb7e43c997e283569d012f9ee58130697c833835cc7593ff33ae,external_train
ISIC_0063524,nv,BCN_0001966,BCN,200cdd1193f957b2558e460a9ce35277186793f9c7a9288d7859ac69b956602a,external_train
ISIC_0064681,bcc,BCN_0001967,BCN,aa87e91d3c39b9d818962ae253e14130cef9b48af9653c73ec4da4732d1a4e08,external_train
ISIC_0061774,akiec,BCN_0001969,BCN,2f7d60780f48cf0f4b78971598fe6cc6f8e66afcffae60a485b2d4ad0d5d8972,external_train
ISIC_0056951,bcc,BCN_0001970,BCN,2404ac5c503a183db6ca1b2c0ddd79dc4297f39b6e40f53b197ea0f895455e47,external_train
ISIC_0057161,bcc,BCN_0001972,BCN,d0d362cc79bd9f5cd451d82b3dcc14960bcca0cf2a6d863d51d8a487817eea7a,external_preflight_val
ISIC_0072446,nv,BCN_0001973,BCN,035f09c4a56c122f5bd41206bc7a54a01bd4d854145daedebb4434cf60c065fa,external_train
ISIC_0056071,akiec,BCN_0001975,BCN,97eeff9713f587c9c4ec519ee84ea55a33bfbd28c9538332c52865b9c7f6f8d8,external_train
ISIC_0060032,mel,BCN_0001976,BCN,078930d387d83d9844461f253e037222ce4485942671ed300df57054fd585062,external_train
ISIC_0064932,nv,BCN_0001977,BCN,6e5cd940548e88330779de25cfefaffe236959aa044f3b9c07ff9f5a80501e67,external_train
ISIC_0070496,nv,BCN_0001979,BCN,0b5db5b6744ed22e7cd05831937fdbe9d80033f373a8c6cd0f9ae456fae3d9fd,external_train
ISIC_0056650,bkl,BCN_0001982,BCN,06988bfaacfee144c22c571f6b80d64839dce6bcf9693d2f7c832161740f166d,external_train
ISIC_0054432,akiec,BCN_0001984,BCN,24af6e3a0e4c32325b7dfe43736e73627512fbb3acd1ee62e4183679dad2057a,external_train
ISIC_0058850,nv,BCN_0001987,BCN,1db769ed3370628d91399443f1ee2d5a03318c8f9009b956d926843ce0bf0337,external_train
ISIC_0063514,bcc,BCN_0001988,BCN,34e3f91f6781188fd114cb684c6b21a74b1ace181dea5ca1b04c3596c2540080,external_train
ISIC_0071188,bcc,BCN_0001989,BCN,2e64f0a790d8d97f2f175c2c42a6c8ef59c0e5e23174fc71045233fc83c4f0a8,external_train
ISIC_0072485,nv,BCN_0001990,BCN,87184b71dc4e5e1423895ddc9662b1fb19cb2a2e72f2e64cb52247060be160cc,external_train
ISIC_0070657,mel,BCN_0001991,BCN,09e33b7634c1134283199abdc0c4b0ce93989104013a36682d34140db783f779,external_train
ISIC_0071835,nv,BCN_0001992,BCN,413bbc35c3f036377303f749224c53358efd575d5b97baeb460961f774318248,external_train
ISIC_0053546,bcc,BCN_0001994,BCN,8132ca0cc834bab3bf20a1e69d3abfbcea0af4902c7ad308c6588b168385f924,external_train
ISIC_0062649,mel,BCN_0001995,BCN,70a159776d6e272ce3809b4e632ecc1c7700e65a3db6ebe56ac0af0e123bbca2,external_train
ISIC_0060138,nv,BCN_0001996,BCN,09a522a66d70bd6cfafb092cd9f13c65a2c08eb57991c0f224be962d7beeb0b8,external_train
ISIC_0062454,mel,BCN_0001999,BCN,6f912638488100b83e646ae84116f8fedfc82f0e14ba9c7dff566bff35fd9344,external_train
ISIC_0062777,nv,BCN_0002000,BCN,d27ec38324bc57b7d1febc35baa3d276d5b454b0114360df99c12930c57c110f,external_preflight_val
ISIC_0067670,bkl,BCN_0002001,BCN,3717ffda8bee2d2041c02da7a6c2c3a7290dcd419f34d0b0bb23eddcc587cdbd,external_train
ISIC_0068107,mel,BCN_0002002,BCN,280f032792a46b0206629a47ed4d40b2b2d12188895ed53ba75a13dd1ebe2aaf,external_train
ISIC_0065833,bcc,BCN_0002003,BCN,33f9abbe24f888647fc09e4280dca1ad0b1e51d045d9c2ee0626084754001d6e,external_train
ISIC_0064753,bcc,BCN_0002004,BCN,07c28ef43b23da95cb585b5fd1847d9c1f6c0726fab4057f2dd6caaf773bd443,external_train
ISIC_0066593,mel,BCN_0002005,BCN,8777f9028c2d6e230f95b99b39b6366fc92d5da62d3b31dfb0ab4f9dd5f271f4,external_train
ISIC_0057098,bkl,BCN_0002006,BCN,4bca33e8592bc10c015867664a70dd805ee5a7678de6d89542b618607898bb44,external_train
ISIC_0053588,nv,BCN_0002007,BCN,42165607dd3341b4eee4b0be62d36afdabf801f0c3ac01e9a6cec804f4c57298,external_train
ISIC_0058259,bcc,BCN_0002008,BCN,8bf3c94297efc59d285d4975b74cb6d6a6d8bafbd33679bcd312a2636b9361ed,external_train
ISIC_0072810,bcc,BCN_0002010,BCN,7e9ce66f4798d78132df7ee049c65ab8edaecbb26c6bbdadeebceecc7af00526,external_train
ISIC_0064943,mel,BCN_0002011,BCN,4158239ffd32959e1cc2bae46f4525b68b62e11bc2edb8a101e17c63d0066547,external_preflight_val
ISIC_0065771,bcc,BCN_0002013,BCN,df5756b16e32437af005df15f694e9a8d5fed9c66b3407f8f9d1257f5f7a5ea5,external_preflight_val
ISIC_0063581,nv,BCN_0002014,BCN,1b41fb554ef86e870e03e0eab390f35d8a1ce0d6ebcb2049dfb2c25c638faa4f,external_train
ISIC_0054123,mel,BCN_0002015,BCN,41f336a006289bd301b8c124e70ff203e69e60d3e952016ea30b2febc45eef74,external_train
ISIC_0066649,mel,BCN_0002016,BCN,1fec54ab679c57e78d26857e4bd8617862f95860f90e85c0cb6c9b3ca13db3a0,external_train
ISIC_0069357,nv,BCN_0002018,BCN,22c9f541a6d98aafa0bea2f926da8f7d202ecd2325af0745c39c1fee2fe9fca6,external_train
ISIC_0060764,mel,BCN_0002020,BCN,7c45e1a39b3513cfc9933f26603962a7d2f50763eba174bec7e5ca2ef9a8ef63,external_preflight_val
ISIC_0053544,nv,BCN_0002021,BCN,d5a0ae89f2043e12e7f118a346eb7eadb634a8cb088abf247321fd068816d58a,external_preflight_val
ISIC_0060324,nv,BCN_0002023,BCN,13b27b987072c54c6f99b7200fa8578caafa2050403bd72ed39cc2cd6d970578,external_preflight_val
ISIC_0067389,nv,BCN_0002027,BCN,00b9baf55a64e93d5873c74dd35c9cc5083111b8e37074ba46bb5b5f58074aae,external_train
ISIC_0060813,bkl,BCN_0002030,BCN,2715f34745c955330f3b12c5b9a17593c963e8efb46549c50b3f5747b56f9078,external_preflight_val
ISIC_0068014,akiec,BCN_0002031,BCN,275961a2de5de5eb58f8d1461d59d9b99bc949c3d5cf59b0ffbefcef5928e94e,external_train
ISIC_0063284,bcc,BCN_0002032,BCN,54db131ddedf3fdc60b250b179d7018f3c162156cda32d19b6c49adceaf83445,external_train
ISIC_0062993,nv,BCN_0002033,BCN,4b9326e29dfe5133c28e6dc0c9e2517e4431d4542037bbdac8a0dd329467fa86,external_train
ISIC_0071114,bcc,BCN_0002034,BCN,7f2a2278fba2d6404c04f8572881326e69fb94ef9d0326b7a508e810340c0e87,external_preflight_val
ISIC_0068511,nv,BCN_0002035,BCN,11fc3324ce495829bde2bc4dab2d9ad81068fcd3aac89ed07ae7bb9989db1864,external_train
ISIC_0070548,nv,BCN_0002038,BCN,f1315315c7e43329f034110da8de65b867fa3ad4322784f0d30364d4174e97cd,external_train
ISIC_0059303,nv,BCN_0002042,BCN,10ed5fe8607655ff5be0d0bea5b120efe56c7d5c186864fb7a2de26fba9a5209,external_train
ISIC_0067889,mel,BCN_0002044,BCN,664e802a9bd75a995620916a4e4e78da98fecf2591a4172ed37c64a8a054801d,external_train
ISIC_0062835,bkl,BCN_0002045,BCN,0b97ea64c7cc6142c40373523f2cb2851d3df6679a8868234bc0a566d08f7d03,external_train
ISIC_0072023,bcc,BCN_0002047,BCN,0bc1997ad222044d58be735df57dc183c3be1fb01f42ea0352c4e24ee526c088,external_train
ISIC_0060156,nv,BCN_0002048,BCN,93467fdb4e24d5f5fb90379880724c666c04750be026decf2e4bccf4b54594f5,external_train
ISIC_0063106,nv,BCN_0002050,BCN,616aa045fa71211abd6d3c38ad95da1511a025cfed29cd3c591e6def00d6130b,external_preflight_val
ISIC_0058857,nv,BCN_0002051,BCN,d31e2a1e1f0df8110162c5b661c9691d79028bf87a15fbab6b30e14f44d8f055,external_preflight_val
ISIC_0061923,bcc,BCN_0002052,BCN,3e7781c555ed065db7a75533c9f894e0c07f729cbd57b7e81d4c791726f32654,external_train
ISIC_0060493,bkl,BCN_0002053,BCN,4d7d7f380b810131ce892b5fd392003d4926dd844559d9e69f7f65a7909fc836,external_train
ISIC_0069364,nv,BCN_0002054,BCN,4d6c388815b20cee53be0a2ea04f648f6b89279bb23ac9e85e9d6f268102166a,external_train
ISIC_0063209,bcc,BCN_0002055,BCN,0be9107594d11f53f90107c0628829ca7a1e9eff3b0318178b41e27f1467c746,external_train
ISIC_0064367,nv,BCN_0002056,BCN,0290c6aa0001d9e673f24465eb260d2f96e02895fff872f2a9b7f19c6ee47288,external_preflight_val
ISIC_0066643,mel,BCN_0002059,BCN,00db76be220eef2221dad530d1678ba950f433ee8fbc3ca4f8af858641c27c8c,external_train
ISIC_0063614,bcc,BCN_0002061,BCN,4b38a86aee60e7783d43c7bd89f8dbb9cdd66a8ebd8598d60a02d6f64eac14dc,external_train
ISIC_0060243,nv,BCN_0002063,BCN,48f0da23057764ca071bff04512b792b7857ba07475c6eba54fb0a9c5e0001ea,external_train
ISIC_0065231,bcc,BCN_0002064,BCN,3714aab1a51fc858ee73acb95a9108fc5c7be8927f6bb528605718fc06ea1310,external_train
ISIC_0056812,nv,BCN_0002072,BCN,6e98e9f6d0f74d60d83b78fe62558dce778fb71c49bbd982642055b63c9d4945,external_train
ISIC_0067953,mel,BCN_0002073,BCN,1f2482575b436383df21060cd160a746ce51a2166bc2f7ed000e88de3da24763,external_train
ISIC_0054043,mel,BCN_0002074,BCN,1a5ca70a8d19c98a9f2201b682b4ba1f4ffa540e3b3433a1cadfb14ed3ae4d29,external_train
ISIC_0058546,nv,BCN_0002075,BCN,25a9f2ce7989fce2fa79d83bb5ed4970fde4b64bd6974d7ac59dd3de3e095685,external_preflight_val
ISIC_0071600,mel,BCN_0002076,BCN,61044ef4e58c749553043f28dd00fde34b237efbaf4cc132d4c95bd1ed183c2d,external_train
ISIC_0071650,nv,BCN_0002077,BCN,38bcc637ea1777fd01111585e7f43c5022e34787ddf14fedba30ab2f4168bf4e,external_preflight_val
ISIC_0064927,mel,BCN_0002079,BCN,170e3a54e7dab2606407fde245c558aa998d448203833f30b174cfaf533cbb9b,external_train
ISIC_0059923,nv,BCN_0002082,BCN,0625b8329b412f7f731260b3fa00ccd6ae8407b93569fcd236c3649a347033c9,external_train
ISIC_0069033,nv,BCN_0002083,BCN,39a50a5819b477288f5a4ec562636f80f19697921db36a533025683b652eb6fd,external_train
ISIC_0053760,nv,BCN_0002085,BCN,d92c748ad5a9a5ee040e32de3d83c80267d0f35f9259b9f29db8f6831726ae46,external_train
ISIC_0059818,nv,BCN_0002087,BCN,cf43669cbe1d6455980f355d6fe214a9b79b0b15677e40ad41ce9c6707031442,external_train
ISIC_0055735,bcc,BCN_0002089,BCN,38726c42ed55c0bac33e253470ae271276f930ff815c0431d0511e70da66ceec,external_train
ISIC_0067882,bkl,BCN_0002090,BCN,b824ff136d89997e20dd0957181f6c5b01e41d39b978c4a37cea609e900be2c9,external_train
ISIC_0061740,bcc,BCN_0002091,BCN,441cc8383ac733d6c2de60080df1df2e56a6d94c1324d3deb1a805fd7d763699,external_train
ISIC_0062333,nv,BCN_0002092,BCN,19639621b1b6956d20402011b9f790375f1e84284c6b95d302ecd659f6bfb0a7,external_train
ISIC_0059211,akiec,BCN_0002093,BCN,79bbf216baa91075091968fd0cd0c709860cba22a81a02ea1a0e0649dadcc82d,external_train
ISIC_0059793,bcc,BCN_0002096,BCN,84e307a8972132d1c64ee7440a28dc0faae272726871f00731306e87cb1dbf78,external_train
ISIC_0064642,bcc,BCN_0002097,BCN,6e25ee1c42044dfd90d7bbd336d8535a08d71ba196334fe58f5646d1e405a476,external_train
ISIC_0058744,bcc,BCN_0002100,BCN,20484cd16695c2f234b1c7eb4397541c8114f855adc453d0c1fc4fc9367ecc9b,external_train
ISIC_0070451,nv,BCN_0002101,BCN,c5c29b740ad6c262f9396a293fa1ec0b6c2abc8231fa0788215861eee940a2f4,external_train
ISIC_0059882,bcc,BCN_0002102,BCN,9ffe0098978988d7a7274e915df9ba0b8ac195aaf48d113abbf90ce776c356d3,external_train
ISIC_0067866,nv,BCN_0002104,BCN,1ca558676d100b0d88905a750e05bfb884f7036e00798d57c42396dd06e1aad0,external_train
ISIC_0073033,bcc,BCN_0002106,BCN,a4ceede964b01760998af2f7f498085be8675a85c322e83fbfc83eeaf09447a7,external_train
ISIC_0071609,akiec,BCN_0002107,BCN,06816b9647301a4f5fbeb9b5705c9a9aaa0980075e9574fd808512595c77d4e5,external_preflight_val
ISIC_0066384,mel,BCN_0002108,BCN,1a09af326e05249a7a21631d6fe30f42cd556f6b860e985a736dc128b066b591,external_train
ISIC_0057326,bkl,BCN_0002110,BCN,010c7000abedfc4e5f2b4844e28c09ef730478db84788da8ba7d9d922db94f85,external_train
ISIC_0069836,bcc,BCN_0002111,BCN,244d19c4a7141bf22c8743eaead84abf533bd21928e611438234ad3dad93ad16,external_train
ISIC_0056149,bkl,BCN_0002114,BCN,a5308386fd7ac80962b14dbbda2199a709f333488b8d61cb3e0bf1e047eed2c1,external_train
ISIC_0063268,mel,BCN_0002116,BCN,23a122e2501092f67cd4ff5cf056758a54cce3fd46be88c5f484edabdb85ddde,external_train
ISIC_0057751,bcc,BCN_0002120,BCN,df0d57e0240ceadb556cb503461255297c2cffd89fb3502e3c6ada09192e62e9,external_train
ISIC_0057342,nv,BCN_0002123,BCN,26f5a230a52ab69b3eb0bc81cdbcdb33c2944ad97c9a8b279265d7873bf9fed0,external_train
ISIC_0064808,nv,BCN_0002125,BCN,52ad7cc3d30c3aba5f073495fb891d1b209cbb0e3f27f0d31e8909691c8ee801,external_train
ISIC_0071554,nv,BCN_0002126,BCN,14f5591ca8f739750fd5555e75e1814c75b94140a1b63c955516b46c2574196a,external_preflight_val
ISIC_0057609,mel,BCN_0002129,BCN,45031c3487e1286d96e91c1393517edece008a3c1733ebb26a78d7cd04621d91,external_train
ISIC_0069000,bcc,BCN_0002130,BCN,1dc669ffe8b93d60d5a4be2ac5f22417965beb70a077d89af710a462170e9363,external_train
ISIC_0062967,bcc,BCN_0002132,BCN,2ee13a5ca5e6ef7bdfebdd2f010b56a5878071ac5914a1835157523b36afc47c,external_train
ISIC_0062547,mel,BCN_0002133,BCN,2aad7da6a256855730aa446914615918d2841aed249d28c83d248a1a0f035082,external_train
ISIC_0072376,bcc,BCN_0002134,BCN,351305c3bb6df71177ae51050dce59d348fb5f803bc59d429755acf6e024f3fd,external_preflight_val
ISIC_0064540,nv,BCN_0002135,BCN,57a650b4ec6bfe94c2fa1b782988bf82444365d19437dd0be069fba27d1d9cc5,external_train
ISIC_0056529,akiec,BCN_0002140,BCN,310a0e00309e47d9b7a104551eeb8968e5baf3eedd078f8663d74c5fec0f6193,external_preflight_val
ISIC_0070635,nv,BCN_0002141,BCN,8e63ab7b7812436c2db90b5f6ba832436d5fb0150c8a4092f0270fbcdf9cb669,external_train
ISIC_0070381,bcc,BCN_0002142,BCN,2074b10fffa74efbf105cff3f6a7c30193f83e31a663b723a71ff982130137bf,external_train
ISIC_0059654,nv,BCN_0002144,BCN,79b40144d4e4540408f368727dc142baa189026b3c57f1be3488a61d7102c0ae,external_train
ISIC_0063151,mel,BCN_0002145,BCN,8f51405cdd31c7d92e8a349dc25b4b123f48b73e5e8cb0728351b1511b1013d4,external_train
ISIC_0073193,df,BCN_0002147,BCN,9df4fe5d2b35b54e46c8e55af7418b2a5c633157a3ee14cd5e9973d063d6961e,external_preflight_val
ISIC_0073082,bcc,BCN_0002149,BCN,197229c31b7f8df94b5f39ce57ebf2ec6c144d4f29d03b17d9369a02b1bb0c28,external_train
ISIC_0054634,akiec,BCN_0002150,BCN,2cd81e1a0a6a62bac0abe4e46423002269588a3f0af837b3b24935af76562749,external_train
ISIC_0070933,mel,BCN_0002152,BCN,97268113eb09800119ee84701d106c793ae69b17152cc0c83836588ce3bf363b,external_train
ISIC_0065399,bkl,BCN_0002157,BCN,b76bc6b548f84616d728c8361cd48b59a16c32a41762323e9072995b58fd7aae,external_train
ISIC_0055657,nv,BCN_0002158,BCN,578149fdca05dc435279f963d8a0081b5eb6151f4518c922e5cf69cf7009a543,external_train
ISIC_0069097,nv,BCN_0002159,BCN,aadf4aea97078a9ab752eee8ea84d734871324389bd51413e0e26e0e0df17993,external_train
ISIC_0071788,mel,BCN_0002160,BCN,0e59faa201a979505ea52804660f6f384c6d9703369e82e166a9ef428fa8b5b9,external_train
ISIC_0065649,bcc,BCN_0002161,BCN,0235a6b89aa79b20607c6e92db06fbba291e220590ba405ef76e03bc5a4c5c53,external_train
ISIC_0057140,nv,BCN_0002164,BCN,1eb45a9f7ee934a53667f6bdd9dcda6eeacd605484aada09fbaa3c85d04212b6,external_train
ISIC_0067290,nv,BCN_0002165,BCN,2e2f80af3b0c8f09db310c07a53ebb0c292217dcc3dd055c34ee686bdbe9ca50,external_train
ISIC_0059627,bcc,BCN_0002166,BCN,4690e10307c652ece42e64e3a25e09dcb4e3ed11a7ffc76cccb7a15fabeb18a6,external_train
ISIC_0070951,nv,BCN_0002169,BCN,1d2eddd85311ca9e291fb2cb9b5dac085c55f1dbd62b8ddd4e20f1970747c1b7,external_train
ISIC_0055495,nv,BCN_0002171,BCN,05086c391479f4842d4e5da3c85cc050b79ab022201049f43df004d332b16e82,external_train
ISIC_0073059,bcc,BCN_0002172,BCN,0ceec51f044e700d7d203199c46b47e2b5d643e929022c8d16052181fe94c536,external_train
ISIC_0060403,mel,BCN_0002175,BCN,0b1911d15c973de58d0eab036393fecf93066b71d8783d89860b955a06894859,external_train
ISIC_0064738,nv,BCN_0002176,BCN,aee95a5531f9de38bf4097d9dd14e749ce5325ffc1ff03bc4666ede25e7e1068,external_train
ISIC_0054831,nv,BCN_0002177,BCN,57fe843dd84af676e1f37cfc7d6e359fd37645d2e8405e91de4c44d722b9d13c,external_preflight_val
ISIC_0061088,bcc,BCN_0002179,BCN,1bbddca9e0d74d42a3b382bb60ebae1603bfb5826f0a313b28c230350a7aa7f2,external_preflight_val
ISIC_0066587,bkl,BCN_0002181,BCN,1ab9d8598bc5e29d5cef62477f6e6b36257f9acdf78abc2336b19a8da2e90298,external_train
ISIC_0061313,bcc,BCN_0002183,BCN,466bf449df19017551121cbfce69bd3eccc94d20b93da288405ce1f47a539fab,external_train
ISIC_0060158,nv,BCN_0002184,BCN,69e2927fb367d117b9fae4c68381127390ad470fa04f859bac62728288bc6fa4,external_train
ISIC_0064039,nv,BCN_0002185,BCN,14f618547d1f6af2d9a3d7d8a8d4c9251e72ff813e81a51363c28d24281479ed,external_preflight_val
ISIC_0055414,nv,BCN_0002187,BCN,0d312b337131e662754e988f0e8efe8f40abc1c892718f018a35982e16a09c13,external_train
ISIC_0067913,bkl,BCN_0002192,BCN,a5a746c42fc10db9d55d4c27f48b37350019d1086b737d5bfa4f33e8dd9429f2,external_train
ISIC_0072666,bcc,BCN_0002193,BCN,75b7eeb110a87cc62339dd8cda3a2efe2a6db48dbff29fc65add1453822b62b2,external_train
ISIC_0067431,nv,BCN_0002194,BCN,4f93c7bda846070a0dda8f9268c1bbb38e46ce488f31a250181cbc954605177c,external_train
ISIC_0063931,bcc,BCN_0002196,BCN,3b220c2eef5aa35b383a52a732e468bbf0fd0380430686975bb030657bd119ee,external_preflight_val
ISIC_0066589,mel,BCN_0002199,BCN,01bd04da904e51afc3e3df1420cbe767e20fe41207e34f5f21332f2a7efce905,external_preflight_val
ISIC_0058078,nv,BCN_0002202,BCN,3789d95282457f49ea05d3242ca5c71bebc1f169d95ea19a7b6256988ec10aae,external_train
ISIC_0054178,akiec,BCN_0002203,BCN,17639fc7109dc9a9f472d3ce74e92f5f134bf8a2c847845a47ebae6d910a9224,external_train
ISIC_0069934,bcc,BCN_0002207,BCN,2db2ff26e0577d12e084fa6ff7af05161f8490822b2adcdaa7ef041e908b68f4,external_train
ISIC_0066569,bcc,BCN_0002208,BCN,152860bc0c58d4958bdc0b7ffdb67e5b8c29b2203475cf2ca313919556328e7d,external_train
ISIC_0070534,bcc,BCN_0002210,BCN,8c50794c3c06d13a90b483916bbc3ca0eedd7954984b91142bc68ad433f7a258,external_preflight_val
ISIC_0061807,nv,BCN_0002213,BCN,99b1405e7a4c97f4378ce7456617b18ff3e0c99d509475323b07b40f1298b1fc,external_train
ISIC_0068851,mel,BCN_0002214,BCN,3eaad5311d0c92ff1b7a57291fccad3d997103c07d3e4796d4f505d71cf4478c,external_train
ISIC_0067707,bcc,BCN_0002215,BCN,7f3e5cacfb6f70ca235c3066ec41c674f9b46882be8bc96b6d6c2ed039ab7c47,external_train
ISIC_0061311,bcc,BCN_0002218,BCN,7cbd07dc8e63f21fdc103225193767f14039dd3649c8ac985aa1fccb58e0a3d3,external_train
ISIC_0062981,nv,BCN_0002219,BCN,10623ba94c36556d5b2e2cb0538d2f4d06a4f71e8fb15069cea504b10a7de10e,external_train
ISIC_0057250,bkl,BCN_0002220,BCN,b69e5b4fefe0de3cc1a4a611edec027818742a29199e774305a3d4503503fbe9,external_train
ISIC_0062576,nv,BCN_0002221,BCN,2cb4f7e55bb628104095322a576c5e696b38b9847b22d17f6e8a62246d194201,external_train
ISIC_0064896,bkl,BCN_0002222,BCN,c537055647a4fee0f4308678a05b364401188338c56c82e2c3623547b8ae4245,external_train
ISIC_0059001,nv,BCN_0002225,BCN,7bdc44cfd5e8c02f17bacc0fe1a90b98b50e746b894be89d0c22412df13b1aad,external_train
ISIC_0060730,nv,BCN_0002227,BCN,107a70ccafb5388c50a71c5ae7815435af797b43c1c0fb277e9aef8fea2979ea,external_train
ISIC_0057887,nv,BCN_0002228,BCN,1a2e7b936bf2cf07704c434f9ecf1e87409778a93c809ea3f615cedd9474ec7a,external_train
ISIC_0070208,nv,BCN_0002229,BCN,11140cd0ef8de43dc8b4fe392087c877f1ba5db313a27849661a5dbc6ca88d85,external_train
ISIC_0062356,bcc,BCN_0002230,BCN,3040da2ebd9cdba23e8597ac88b17c19eb232e931411e79df6aa46030a1a9ac6,external_train
ISIC_0056703,bcc,BCN_0002231,BCN,77f0d6604fe6d9ad2add55e453f164e231ec24ede3047af6ba11c3651ded136a,external_train
ISIC_0069392,nv,BCN_0002232,BCN,4624ea20bfe443580049f812e2880bb5bcae8cf8bb50daf68e14bcd1b9c9e0fa,external_preflight_val
ISIC_0054133,bcc,BCN_0002233,BCN,3e09a25e6cab0fe69ce9c933378be0a469a95ff31046ea10f286d3f6a81f0bef,external_train
ISIC_0065722,nv,BCN_0002235,BCN,0399f9d57111b55031dbbf33bc604b4901e5406cd3f89943884d2f6b6c7cd52b,external_train
ISIC_0071517,bcc,BCN_0002236,BCN,308035fd0d73f94c97c8f300edea7cf430304a6605d29c25387f52aaf005451f,external_train
ISIC_0062180,bcc,BCN_0002238,BCN,453330e3e1ba03cb46d4dc6c23bc9f45142ce384f4ea1c0f7db528c6bd2b8ced,external_train
ISIC_0071616,nv,BCN_0002240,BCN,2ec1ad06883b77dbbb471e97d40b5f648dd36e3e22b8d4ab71d8ddf19b19a0c7,external_train
ISIC_0067812,bcc,BCN_0002241,BCN,4eebf6f337aef46d08b3919aed1307cc5a397c76f2f46ce00adaee207923d8a6,external_train
ISIC_0071516,nv,BCN_0002243,BCN,6bdeab6e37839dcd9722514c5e4c0eabd9256b369cd64a0bfd4b4a020e5017fe,external_train
ISIC_0057054,bcc,BCN_0002244,BCN,23a936bdaad7cbba55cf2103aea9851f9cea8695c2a6951b50aec4ae57070c26,external_train
ISIC_0070818,nv,BCN_0002247,BCN,87e083e5964e67801a562fab02e8ea4c76cab947f9bf6b312e9cae33bd329815,external_preflight_val
ISIC_0067058,nv,BCN_0002248,BCN,8cbfd496d23f2de8bbd00a04af5dd19bbc3d69e36cbf1e80356636c3dc60274e,external_train
ISIC_0058884,akiec,BCN_0002249,BCN,21f6319a38a7142b8484ca68a07f67e20ae04fde2a37a257be16d4f4df9db7e7,external_train
ISIC_0066013,bkl,BCN_0002252,BCN,af51da3e2f1cdaeebf67e6245c2b59d1f3428e950ee4d9ecae6284059bc8631f,external_preflight_val
ISIC_0066540,bcc,BCN_0002253,BCN,325a3b2d6e97d4b0689b31beb60947ffb85a88a484db4e6f4f9a31651004acdc,external_train
ISIC_0054745,bcc,BCN_0002255,BCN,78b667b2b84fcf8de1ca1d51473ccc4b302eed9b2a13bea40eafdad7cf7b68e8,external_preflight_val
ISIC_0064449,nv,BCN_0002257,BCN,29559f2afb70fd471bc7e1c752663fcd259e118485894b1fae8ff1a643197334,external_train
ISIC_0053627,bkl,BCN_0002258,BCN,4500b3087cefc3c22dae410783f0c50a5a98e05f8c95e58b0b6cc446f6a542f2,external_preflight_val
ISIC_0057329,bkl,BCN_0002259,BCN,0b94aabd80c005189992f8b9cf3005990987273312e33c2d16c722d4265bf15b,external_train
ISIC_0059392,nv,BCN_0002263,BCN,3d0199890f5a1415a20d9eedb05cdc1306587eee182dbeccf99d11a7a4fa70e8,external_train
ISIC_0069029,mel,BCN_0002266,BCN,1546e1d84aa6bfff8a966bd13ef5ac83395dd3973274934bf5b635102348fea9,external_train
ISIC_0064212,mel,BCN_0002268,BCN,2470f5364fb901202c963d425a7d5d25da5391a773e475eb11bae9228da90d48,external_train
ISIC_0055727,nv,BCN_0002272,BCN,3766cf078943ea2a8a349cb3fffa25956ea876483013cd6195834d394b4dcccd,external_train
ISIC_0070786,nv,BCN_0002273,BCN,236a4af0af10c88bf493a52bc18965531ccceaca8e187e21dc82ebb3ed0b9bff,external_train
ISIC_0060031,bcc,BCN_0002280,BCN,759a87b00d8fefb619f107e8c1c2db09a90dee8499b438da5f0eadaac9e1f8f5,external_train
ISIC_0063518,nv,BCN_0002281,BCN,17895f0b92e6cdbee9023496cdb0c2f8440bb1a69f44e08bd1a9b2d8dae8309f,external_train
ISIC_0058809,bcc,BCN_0002282,BCN,5a3f2cd3257556b7a5de9571a5a8a740867549c58c96e8ba257dc9519774742b,external_train
ISIC_0066790,bcc,BCN_0002284,BCN,7445727f50775d25ca963aa640fedd85ce4822d64df4cce0a4245929760df570,external_train
ISIC_0068721,mel,BCN_0002285,BCN,0c5cbd1a134f1d28b2c60dc38fbb58d901e9bd6bdfd4642d687f4845de27a78e,external_train
ISIC_0062639,mel,BCN_0002287,BCN,3ea691aaf19df33307b98d01829309340679d8ce78e657514e0d33b1cd3fee36,external_train
ISIC_0063389,nv,BCN_0002288,BCN,5e8047aae1df899d10c934284c50401e4a3819c661a5053a7f1917f556fb4ff0,external_train
ISIC_0065245,nv,BCN_0002289,BCN,28301d254dead1a123a699d1430ec22a0ef768c71a972d8ce44758ce96f46fef,external_train
ISIC_0062918,bcc,BCN_0002291,BCN,350a0438b1c7b98fe5f5228f3f1d60e3c72b7931e22bbd719d2f951476375082,external_train
ISIC_0064622,bcc,BCN_0002294,BCN,4f9a64278c5d9b0721a2ce317504d40a572ee0ee9eac7d1b491aa02ea71a8b9e,external_preflight_val
ISIC_0062050,nv,BCN_0002295,BCN,59a356fa4556c4af190c96bf53dc086030506fd00846dab8bfb0b8092a60acf2,external_train
ISIC_0054436,bcc,BCN_0002296,BCN,74777c3bc5006c3f7d1abb971d2163929bd86bf7a7b477f13e897f270f1e9a51,external_train
ISIC_0056406,mel,BCN_0002297,BCN,09df9dfacfa48b0ce271f4520a7d831b35f238c5e7c5c3bd27331e4bfe32662b,external_train
ISIC_0053873,bcc,BCN_0002298,BCN,1c84bb3280149d1bcbf1d8018b76c1c3806c74b60799dbacbbfacd0895719ccc,external_preflight_val
ISIC_0064612,bcc,BCN_0002300,BCN,6634b2abf68c78b0f227161c13f1261c5302933d5709c8bdb823515ea695624f,external_train
ISIC_0062540,nv,BCN_0002301,BCN,013a912af5b137815242fc78ee75252eb945a778798dedfcdfc8f09359ebff60,external_train
ISIC_0053666,akiec,BCN_0002302,BCN,25b733920b813d2836b459c6da3e21a685c4e42a2b2f20c8c130f52986870386,external_preflight_val
ISIC_0072673,bcc,BCN_0002303,BCN,2db25aa7911534b147cb1b0595ab4277f963f2837cc76f6a0dea97385c7a1ae7,external_train
ISIC_0071897,nv,BCN_0002304,BCN,44ddd45b156ee5bcc6afd08430220b5498d2d42a2cb6e44e8dfa0ec9f227e367,external_preflight_val
ISIC_0062119,bkl,BCN_0002310,BCN,3c41e482b96b9375d913c25b0272c96904679fbc44dbd0649e3e7445d977d4fd,external_train
ISIC_0070917,bkl,BCN_0002311,BCN,70b2b817c315d48542fc441a19290cc5c200715a7f501a83544fb1acfaa46574,external_train
ISIC_0067109,mel,BCN_0002312,BCN,49cd82a847a4dcd3580b580425705a595a36f5e5f7ce1e9a88da79e2d3958800,external_train
ISIC_0056020,bcc,BCN_0002315,BCN,6e39d01410401e1d386ed33a34dfb240817d0982d3ff3672771f5c9c8faac4e8,external_train
ISIC_0058666,mel,BCN_0002316,BCN,33d5db6deffee793aab70bd7c581740c51e09d374bad9c54442375f5446bf142,external_train
ISIC_0072215,mel,BCN_0002317,BCN,4587b61fff75585c108ca79266611687f62f147155322b32bdebcbfee5b4a32b,external_train
ISIC_0064455,mel,BCN_0002318,BCN,72c60d9031a5a775e6d2ff3d11dbe7af548116dce55f3322217e827df9ab2d9d,external_preflight_val
ISIC_0067418,mel,BCN_0002322,BCN,79e4fc45929499543b8a79474a6cbc21f03111f789ee97707a5c5744789a43f3,external_train
ISIC_0058410,bcc,BCN_0002323,BCN,07070b15f16ab8ed66e0cb6a5966d53ca2c7b54454add4d152b6efc538667289,external_train
ISIC_0060305,bkl,BCN_0002324,BCN,2bcf6cc187e18208f933c69d40776e409d11c34c096f87461bf56ba0722c443e,external_train
ISIC_0068889,nv,BCN_0002326,BCN,5df0694d3b42898c918458fe15a3b88a307aa67cc762a196743c1b93aa37ba43,external_train
ISIC_0066934,nv,BCN_0002327,BCN,6ac331711a4b973d882ffe3a72da8c8e1e365b1e061052dd6af8dec5e03bddf9,external_train
ISIC_0070642,bcc,BCN_0002328,BCN,948eb93493f72af374322fca100963bce8374fb74fb123cfbdc206ac553ce91b,external_train
ISIC_0062940,akiec,BCN_0002329,BCN,16e55c472e78ab11c13c170b857363b0e9565492744655c07293680cfbe813b2,external_train
ISIC_0059964,nv,BCN_0002331,BCN,a27435706f4f73dade13317ced43c4c45fb62e2ad597315981696806a9fa8c10,external_train
ISIC_0061059,akiec,BCN_0002333,BCN,76bbe98463fd38cc43907f9603579c70ad4bee16be6a874b34b7f5717507a57d,external_train
ISIC_0065586,nv,BCN_0002335,BCN,d2881fa8a243bda73fca2b6564427d2679d9eb0aecb8ee1eb4565c1bb79ef1f3,external_train
ISIC_0072652,akiec,BCN_0002336,BCN,548195de2a8c8d28573632da71acc3ad618454ffebf8113286b2c18e649abd80,external_train
ISIC_0070216,nv,BCN_0002337,BCN,5a7be9dd8804c61b3e76d0ff5b7e187b4f07aaed7e8d81b6ed9898a524c396e4,external_train
ISIC_0059322,nv,BCN_0002338,BCN,48bd420b474775f912c1394743520f5df7164f88c96aa532fd8f7947f8cee79b,external_preflight_val
ISIC_0060407,nv,BCN_0002339,BCN,211e97d1da2845c2664bb822ac26194fc9757efc26ae8ecc5c3a3adb75a2e7a3,external_train
ISIC_0056654,bkl,BCN_0002340,BCN,22900015c0dbaaee7d0eb3a960dbec52b5b3719b3de4debf1235e1acdda6004e,external_train
ISIC_0070616,vasc,BCN_0002341,BCN,d5f292cae9c698cbd4b7bd129e52bdce63d18a5f6fcad60593a44017f1ccf994,external_train
ISIC_0053510,mel,BCN_0002344,BCN,1dcc4c83b25173676ef86b50be28a543e16c2eab306955f1465d24b2ab580ee9,external_train
ISIC_0058192,akiec,BCN_0002346,BCN,4029fb3966bb586f32bb32bd235283158e2c00f7a7ac34f170813d8b4e31c254,external_train
ISIC_0055253,mel,BCN_0002347,BCN,4a4530f3b9867279be304523cf34c252a6ce99d6332c6660740b1c5b34b54e59,external_train
ISIC_0070819,nv,BCN_0002348,BCN,418d6051d4b7b131c094b1b1b27e25a2228aa94e65351be958fc4ab142792d21,external_preflight_val
ISIC_0060622,bcc,BCN_0002349,BCN,9aa0eff941536fc1f70941604852550eb191b028cd45f7a754adadb1e3aba5d7,external_train
ISIC_0053550,bcc,BCN_0002351,BCN,18451c902d1cfe69afbc4e10e5bf5f804d3ac96b90d3ca09d91abfca8597c8dc,external_train
ISIC_0071906,mel,BCN_0002353,BCN,61e265a8c602057181de95f40e0bc24347cd78e5669b196bae6944a43519cb0e,external_train
ISIC_0057754,nv,BCN_0002356,BCN,49242eb26477ef11be3cbfa86b396d0d7e014b9b6f9655e7f8a9cdc0cd81b6bf,external_train
ISIC_0058463,bcc,BCN_0002358,BCN,077c51d8e3c4edd3271da3ab48a852be9911294ece4861e927cefed720209ca0,external_train
ISIC_0055968,bcc,BCN_0002359,BCN,0997315958c8013d25d93844dc943d3d04143e159b0f9a6f7064ecc3a027d70b,external_train
ISIC_0069553,bcc,BCN_0002360,BCN,1c89fba325b73eea0b9f15d85f7e8b47ef3eed1932f4f957693a8835a0d879a9,external_train
ISIC_0056889,bcc,BCN_0002364,BCN,258fa8585da2d6e9ddd63aaf1e5b29a8b7c918cd57a2bf92c5b8b8b6b72514e7,external_train
ISIC_0063930,mel,BCN_0002367,BCN,9fe34e84dc3d6ce32dfa579936d5a072ab094a30931f0aa95d5e3868255cbd47,external_train
ISIC_0067254,nv,BCN_0002369,BCN,b568b454900aebd320c68a9b7d6aa13acc6c225689e2ef6219f84f30d2b4efea,external_train
ISIC_0063051,nv,BCN_0002370,BCN,119b7350621dfc3b9cdde6a31f9ad0f3aa4031d514c97825f014361a0f3052f4,external_train
ISIC_0061955,bcc,BCN_0002371,BCN,cd004060321f968ba09895e2db4338b3a411b89e3e6e40bc28bd82e56aa614af,external_train
ISIC_0069015,bkl,BCN_0002373,BCN,3a0f8d2e43d105d4c232895c433d795946480dc307cc8bfe63efc783312e68f5,external_train
ISIC_0069481,mel,BCN_0002375,BCN,04c21d280f28ae7cdae30e6c300282813948e48d8f32b92cfa98bd783fe52338,external_train
ISIC_0064228,bkl,BCN_0002376,BCN,cf8ccb086f99f07167b8ea3baa9911ab6cbf351f0439fc3222b18d751a96572f,external_train
ISIC_0072430,vasc,BCN_0002378,BCN,3aef02d385f97c679f2535051922514a306831cadb87ea4ce43886684bcced41,external_train
ISIC_0061280,vasc,BCN_0002379,BCN,77fcc6a673dbd6521055f2f79dc70fca337b6436338a68a2033f2940493119ed,external_train
ISIC_0067159,mel,BCN_0002384,BCN,9056937dda5f7a3d460f06604e8d8be6b6d6f806e759595cd4501c257f7987c5,external_preflight_val
ISIC_0054227,bcc,BCN_0002385,BCN,60eeb68f291edcd28bba260a34df31aa47c8302645a2bea41a0b259e4f1be718,external_train
ISIC_0065876,bcc,BCN_0002387,BCN,66656cb25af6637bf3379168be6a79ae4ff286f9f868cfcf8f03537b1553ec8c,external_train
ISIC_0072556,nv,BCN_0002388,BCN,1de4566c40963deadfb0728f61f2c9f85114af9968f38ed69057794b128e7d8d,external_preflight_val
ISIC_0070507,akiec,BCN_0002389,BCN,1c9e5b5d60eb3ef9ca08c251af93f4edf8ca15ae2e9ec522d56f727292aeda1e,external_train
ISIC_0072703,nv,BCN_0002390,BCN,92669cbe6c751cec7949640448c6084ce61b594de21331dabb64653fba663fc1,external_train
ISIC_0065337,nv,BCN_0002391,BCN,2ac4b22d738515a102eaa81facb4ed569eae7d00a0eece87db0e93bf7756ef4d,external_train
ISIC_0062351,akiec,BCN_0002395,BCN,0366439e71959a2fb97f9e17da8730049668f1af3a8dcd2f25adc31c71dfff15,external_train
ISIC_0071116,bcc,BCN_0002397,BCN,41fe97cd7e54bd4569a061a735b4761fca15d11165bd6b301916ebd4216e9a0f,external_train
ISIC_0056917,bcc,BCN_0002400,BCN,0be8477a0181418e04e149d4b17baf7c925b0f694f793f8ed0c99d2bbe731f46,external_preflight_val
ISIC_0068659,bcc,BCN_0002401,BCN,b5007ed920a39a972d255e7eee210a953f123fa1c650ec8476ea0233ba9ddf33,external_train
ISIC_0056934,bkl,BCN_0002402,BCN,1112ef56cbee3a586e1a53794a053fbb8b5f82c1d847425401768ee95e27bfe2,external_train
ISIC_0071793,bkl,BCN_0002404,BCN,018161142341082389d1e30d6f5b657473f0b6b434f163ff0face7d43f37ee32,external_preflight_val
ISIC_0057038,akiec,BCN_0002405,BCN,09af9f54a8501ed579e0bd44ac4213602fddecf33680b5e82b9d71d8bbcf98df,external_preflight_val
ISIC_0071000,mel,BCN_0002406,BCN,0658519e608fea5337461e09e07eca40bca826d35f426a6d5392856639b8fd93,external_preflight_val
ISIC_0057170,bcc,BCN_0002407,BCN,0a830a7daef2b43db60f0facaeea211a8e38b25f64c5ad657cecc1129b6359b3,external_train
ISIC_0072660,bcc,BCN_0002411,BCN,38b106fcaf57e7c0863aee0c2a4ef575dbb01901d28a814ced4ac5bb3b4a79fc,external_train
ISIC_0058094,nv,BCN_0002412,BCN,cc07d00b8ab99962ac26ab72a7c804ff6610ff3597d8bb1fbc3f41d604a05275,external_train
ISIC_0066313,bkl,BCN_0002414,BCN,b359c3d0f03a00f21859dcfcee074c2a7eeb7266eca227e983bcaf4a1b14cf2b,external_train
ISIC_0065678,bkl,BCN_0002415,BCN,4b444ed75071cd233f5eb52a4c414b1e05c39a40c9ecddef15040935ce639e22,external_train
ISIC_0068155,nv,BCN_0002417,BCN,6fa4908842b88d2a1f26771c32f65b95898dc6ef5cfa0d3e00702f241becc679,external_train
ISIC_0073015,nv,BCN_0002421,BCN,3cffcc0802b5663fec91579cd65a38eac0559a6f23dd20139eb8bf0a74ae04be,external_train
ISIC_0054148,nv,BCN_0002422,BCN,79968baccdf00c0cf071065e7a17f5614e947f62c28cd1a4658949d7e47fea7f,external_train
ISIC_0055926,nv,BCN_0002424,BCN,d174603f68d03c74a73e7f50ff7e6b13969c1d672160c85101f2da29b4ae4527,external_train
ISIC_0069188,bcc,BCN_0002425,BCN,4d4b6cb930cf10a3aaccf82df058cf0e8c0f7961c438c78427c2fd5667bc9238,external_train
ISIC_0067656,nv,BCN_0002428,BCN,33fc765f01e4ad93c0b4dc314c0bdb89db5d0749c5d5a53100e0352496482e47,external_train
ISIC_0069332,bcc,BCN_0002431,BCN,8f42d242688137ae9acb420e92bbce322aa20aea7839693902c7d36688926c50,external_train
ISIC_0058792,mel,BCN_0002433,BCN,1cd14cedc751ad4ef06dd7361e13ba869cad54cd7e7d96127395fbab1a3e9aac,external_train
ISIC_0071632,mel,BCN_0002434,BCN,90fa456907fd295b5958b9d714605ee89b65a539f150eda4785cfd2d4f0aa4ab,external_train
ISIC_0066739,nv,BCN_0002436,BCN,94770e2a2f69f79fe4b8c31dcad6f043d0d26b8dc860951d4461183b94720ccf,external_train
ISIC_0056486,bcc,BCN_0002437,BCN,672c34245a126bd0c510362c9fbea583444052852cce2aafb57c31d366c73d48,external_train
ISIC_0070749,nv,BCN_0002438,BCN,9df3721d6bd43a5225541ca5755e9c18f52a3eb7588bcffa2117e6a3d0cc206d,external_preflight_val
ISIC_0072723,nv,BCN_0002439,BCN,3131246ecc897b6c47e4fef2ab1806b429f8f49525a500a91e4378c617089a04,external_train
ISIC_0070571,nv,BCN_0002440,BCN,72dd62ad6aec3db3b7c034a52f67d0935c924914d7dfe63af56641fc53e82433,external_train
ISIC_0068392,bcc,BCN_0002441,BCN,082e94bb0075d85fc520b7790e9382276728f17f2ad5d5e8af2ba31cfcc13fdd,external_train
ISIC_0067390,nv,BCN_0002443,BCN,158b81ce46016bbca5c70c5d4b6910576086f5df9447bccdf01944ea6d41c339,external_train
ISIC_0068352,bcc,BCN_0002444,BCN,4a9158a2be917a16922b8ea904464050d5da0ff0e02ce4a59c04f14f043e33bc,external_train
ISIC_0059376,nv,BCN_0002445,BCN,1519f6897d51a0d4b7ee6867e0b74c68c0f6d0174bfae86cdb1f920598d06daf,external_train
ISIC_0064231,akiec,BCN_0002449,BCN,80df948386fee4eee92f03128a62f1d87aa5481dee6ea6aac7b16e61006e2aac,external_train
ISIC_0061471,bcc,BCN_0002450,BCN,a6a6ed3425c331ddd38989733168ce94e33904d1cda2526d16bc0ce75960ba2d,external_train
ISIC_0068145,mel,BCN_0002453,BCN,29333ed69b0de1706ab0ed951b6e93641a2854aec0f48c3432ef3e314a80cfd1,external_train
ISIC_0068170,nv,BCN_0002455,BCN,4db9078a12ef581802298cff987b68b53ed5dfbf974bc96b1b7df7ee31bd401e,external_train
ISIC_0068434,nv,BCN_0002456,BCN,12b20e54cc9737d9bcc6b83afa2f80c2c5dafd4739ce302c649cd2bfc0382786,external_train
ISIC_0062040,nv,BCN_0002458,BCN,1d8d1f6817e809aa03a1db497eee4129488719462cdee1b0e80fc6380d733b74,external_train
ISIC_0066922,bcc,BCN_0002461,BCN,4933f525e5dada6661efc7988a96f16b1c41fa131fe8f78456aad885dc584b0c,external_train
ISIC_0068119,mel,BCN_0002462,BCN,1d2f766a55721a84c39e5a7ec289aec773016b925022ac3b1bf39977fbff2d3b,external_train
ISIC_0054533,akiec,BCN_0002463,BCN,2a8e44d4c6f6fb29298290df175a0c32aeb4794e1d63dfd67200c3163f42906d,external_train
ISIC_0071044,vasc,BCN_0002464,BCN,84eeb8da6394a0d774e54eeb9f1cb4d62a9b81beedb8c2e7da02e97463ac4fd1,external_train
ISIC_0068413,nv,BCN_0002465,BCN,114093f4ee41505aab204084554894e10755fb35d2d4e97c8d6381e0e3fd7207,external_train
ISIC_0063735,nv,BCN_0002468,BCN,32861a8d430eec472e89a177930a5ca57562c730ead4d80c8f010ada4eb88738,external_train
ISIC_0057690,nv,BCN_0002469,BCN,3536e808420620c28de0546b2543cd9c0a3ae5f78c9935317f99745e97211622,external_train
ISIC_0065462,bcc,BCN_0002471,BCN,3621fec250141eb3188dc3fca7ba71067111d8946282f183e213268bc47e3224,external_train
ISIC_0073153,akiec,BCN_0002472,BCN,0b03b35fcfd3cc830465eb14376f292d43e5c9237edcbcf77764be2946283a75,external_preflight_val
ISIC_0059289,nv,BCN_0002473,BCN,76ca85faf160a21d5517193940aecd41f9e2f1d156832ba68551d1b425665172,external_train
ISIC_0071368,nv,BCN_0002478,BCN,199779e45b0910dbac0db353353443dda8c83c71821f54c2ddeacb4b38e18b7f,external_train
ISIC_0066210,bcc,BCN_0002481,BCN,374e3cedd5308fac9fc2926a42fb9ab2cfd95cbf6bcd227dd8fe05cc461f5272,external_train
ISIC_0056884,nv,BCN_0002482,BCN,b9877651848124b51e47f9dddca0536071e6d7c76c7770253e4c890c5205c87b,external_train
ISIC_0056939,nv,BCN_0002484,BCN,344fb47187cc4d606eb8e025f34f1d63d5c60d583849fce0cb738570b042d4c2,external_train
ISIC_0059300,nv,BCN_0002487,BCN,391e9744526e815eb35fd5dd7e7666270f63c7ebb0828a6add4b7f7afc9d9e0c,external_train
ISIC_0054370,bcc,BCN_0002491,BCN,4901f4d02cc7e02d9d87959524f99af6872b2fde60672735585def39db31e3aa,external_train
ISIC_0066845,mel,BCN_0002493,BCN,212cc623a0d0d382d1a19fb25731c20c5fb00f28b18a8692f4d9e7f14547c32f,external_train
ISIC_0062309,bkl,BCN_0002494,BCN,082c81a3b1435067ab87f41ee2b56011f739146b68935ae4a9849435dee6fa6f,external_preflight_val
ISIC_0054995,mel,BCN_0002495,BCN,22d43827009926eb4d14f4ec13b5b3b9800960d57e8953c5e0f59cd3e3e6725e,external_train
ISIC_0067759,akiec,BCN_0002498,BCN,2da901e17acc5c16dd187decca2d51f5e9dfe8e03d5e16e5aeb9096cec1831e0,external_preflight_val
ISIC_0064918,nv,BCN_0002500,BCN,3b4eeb1b58f8fa85abfcabea27bc4259d81d75575ab45ed1a22ff8d424c70176,external_train
ISIC_0057558,mel,BCN_0002501,BCN,78d00a2be86d4e6c6fde2bf459ce30b35304986456cb9730eaa4fbfe488537d5,external_train
ISIC_0068656,nv,BCN_0002502,BCN,10bb60cc084c586c3d6bffb13b6409fe70e45ed11e4481cb77a3a7bf080f6f0b,external_train
ISIC_0057273,bcc,BCN_0002504,BCN,a032a2d8df6eee391c2901d0c5821db618759ae65707753ae3e1ad025efd5fb2,external_train
ISIC_0067320,nv,BCN_0002507,BCN,0a94b46d8787a368b86f3f23a50e5fbb8da965b613d8db39d5d1113ec86102eb,external_train
ISIC_0070761,bcc,BCN_0002510,BCN,a11153488dbf3d29699b57925a755af7ac3e5b1c2acc4e03741e49ee64cff8d1,external_preflight_val
ISIC_0069661,nv,BCN_0002511,BCN,385e71bd4b77b72aa673a8843fde59bcb6a10546eb2a3c28edd1802b91f556fc,external_train
ISIC_0057966,nv,BCN_0002513,BCN,6d37340e8146707c407850d54ec32b663c2ef49d5697cfc1ad6ddb84de1856cd,external_train
ISIC_0058653,akiec,BCN_0002517,BCN,862576ed2de5b5fb93dec4d85374ce2aa85270df6a7950170c2e0c67b024cd69,external_train
ISIC_0067012,nv,BCN_0002519,BCN,5623c8d9f6e7fb594af829937c3ddeac36d5822c10041ef91bedab141703c29e,external_train
ISIC_0056681,bcc,BCN_0002520,BCN,46fc652a0b87ce2a41ffed5febaa80e48d9fe975ba88fb823f771ac56f6c8c2e,external_train
ISIC_0066138,bkl,BCN_0002521,BCN,78f3410ab0488b14ad49ed50d788313055a9dd9954b1d7c8176d2a645fae0cfd,external_train
ISIC_0054476,nv,BCN_0002522,BCN,308ac97fe0d870d44d1947ff0082c8eae8a570565d9470d2a2220a4eda2133bb,external_train
ISIC_0061419,bcc,BCN_0002523,BCN,4ef9fadd6510d9f0cca8ca5b5abdaee24dcfe0b11470c91a6a1c21dc8c512bdd,external_train
ISIC_0053641,nv,BCN_0002525,BCN,1c2f9e25754a8abe5e356a754651f68181ad3ec4a84e441fe6d69fa91bd310ce,external_preflight_val
ISIC_0054964,nv,BCN_0002526,BCN,5bec56ac41ebab1fba27a380904ef0713873cbe4dc54fed22608c801087f6bf7,external_train
ISIC_0072524,nv,BCN_0002528,BCN,d72f0f13564330db43239ee8d4e64b5866a4bc0440ed89ae30c4114dc3962169,external_train
ISIC_0058891,nv,BCN_0002530,BCN,2240365754774d37f800a6b621502a5a1fab04478bcc48a379cfae48f44dc5d2,external_train
ISIC_0054671,mel,BCN_0002532,BCN,151c08f73c7fd1027754724e5b6db7d6fa63a4a0f52a144a488226e905b6f9c6,external_train
ISIC_0070005,nv,BCN_0002533,BCN,90a39f5fe88e7e6d75b200a05041d1e7bfb646251a23ace88c16b891797315f5,external_train
ISIC_0069371,nv,BCN_0002539,BCN,a52435b7bcb2857b794532779ca2998ca388f840c8f9f2c4484a0f53c50dc57c,external_preflight_val
ISIC_0055069,nv,BCN_0002540,BCN,1306bfea80fe50ed4c6f0dfdb81d32e6793322629c2bb8de5a0311534d8b372b,external_train
ISIC_0069257,mel,BCN_0002541,BCN,1cdd8cdafd2aefb716c673f03906671f0eef836ac2225ce2982f5bfc9eee1489,external_preflight_val
ISIC_0062399,bcc,BCN_0002542,BCN,48251ca958db56fcfbc3945dbf6802fa2704258dd6f8a4dacbb21401a168af7d,external_train
ISIC_0065039,mel,BCN_0002543,BCN,065bfda21b824ada18d126ec7ca0df9154e2573cb79585123c4a8d3da3d82a45,external_train
ISIC_0064955,nv,BCN_0002545,BCN,1e2252b82a78f62e0f8d1fc9b738dec86aac359e9e5d53ca21d4a623601c4fc8,external_preflight_val
ISIC_0062146,bkl,BCN_0002547,BCN,294cc0fcff13a002353acf9179f7796ad929f2c1d7f10e226c429ebe69100a7d,external_train
ISIC_0059473,mel,BCN_0002548,BCN,1a4915ea82681abfc9c46f664394f651a9632295be88c9a9a2ff8cdb9f11405a,external_preflight_val
ISIC_0058032,df,BCN_0002549,BCN,5ad2fb31462738ea6824a520bfd42016a4e99e6e9ad78df47a39d5d4a77ec62b,external_train
ISIC_0072364,akiec,BCN_0002551,BCN,181e6fad4bf801b06c3793c66e5f318924134f19440507251ba50ac4c075c411,external_train
ISIC_0058582,nv,BCN_0002553,BCN,a0367e91e871d2c1dd721a527e3667967cca328a46b99a8bbf7a7d8b82098cf1,external_train
ISIC_0063116,nv,BCN_0002554,BCN,07aa249051d1927f5b3e63fe31e23ca9fae9ba7d019bab9651577bfca0d2286c,external_train
ISIC_0068403,mel,BCN_0002558,BCN,000c628694ea73a9718a2d7be22b9f5f70437aaeb18220a9aa6bf410324005e2,external_train
ISIC_0057164,mel,BCN_0002560,BCN,0977cb24a3749e6b592f6b7b63c89a1023f1e2fa7221d40d1ea3e585a9a87823,external_preflight_val
ISIC_0071294,bcc,BCN_0002562,BCN,0cb664ed1387c1753cdff7461eb3049018767eac9703e22a3aa5bc7ee5bef34f,external_train
ISIC_0071691,nv,BCN_0002563,BCN,5f9c56ab568cdfce2d1d649232c55901dd9abe674372cd4f8ff7ec610f716a21,external_train
ISIC_0066853,nv,BCN_0002564,BCN,075892098f904864e42735bae587deaaa8cdc14e27cfdd41b732928fd6a78dd0,external_train
ISIC_0067436,nv,BCN_0002565,BCN,7206213fd61f3600ca47d3c1a16fb7ba88f113e16ca8e99397469527ee9f6a2a,external_train
ISIC_0067251,bcc,BCN_0002566,BCN,6df2b82e5c62648b3d71d1004bdf162713f60aa4fde7844b76e9bd5ecf6e9e42,external_train
ISIC_0062304,nv,BCN_0002567,BCN,1dddfa9ec4bdad268ee7286c521e5583140a61c4c4aafcc15725cb683664a2e0,external_train
ISIC_0060273,akiec,BCN_0002573,BCN,47753087624caac1e741d103ea592ab4ddf8eb0d5813026ff5c240b6fe7e1bfb,external_preflight_val
ISIC_0065630,nv,BCN_0002576,BCN,286a19e36e0db0b007fe00cb6adb469dd160e70ae3a5a078b1f1702b60d87f09,external_train
ISIC_0062313,mel,BCN_0002577,BCN,0ea110cc50777d9b61255ccd81c224cb63ffbca4f166dd4a5e61416598fa068d,external_train
ISIC_0060781,nv,BCN_0002578,BCN,975ec8d51dd456c0cc5dfbb47322ce45987bd1891f6931dbc25ead987c55c3b7,external_train
ISIC_0071836,nv,BCN_0002580,BCN,68ac5e01b8c6b516acbbd99c1bf49be6c58cfb6f1b0d679d5d7ab482ef6e0b12,external_train
ISIC_0061612,nv,BCN_0002581,BCN,3650aac8868b37827515cdf777aaf1fa074766c75d6852536f1b25fd6ec39146,external_train
ISIC_0067796,nv,BCN_0002583,BCN,0bf36ebb702245f2b4cf66936ebe91f8ea63589f27295d349496a602907db253,external_train
ISIC_0064502,df,BCN_0002584,BCN,4a7c80f992c8618597190e604eaa341b9953ac59c2f0aa168d4a3d5f32f1f758,external_train
ISIC_0061231,mel,BCN_0002586,BCN,16591d5e576023e8db1cdb9e2816d984bb7e8b8616e5e77e0c271bc94e2a55cc,external_train
ISIC_0055829,nv,BCN_0002587,BCN,8df5eb79ff7c20b5cca516dddc9f734176d3ad26aebedc208c41ecc74e4b8433,external_train
ISIC_0069341,bkl,BCN_0002588,BCN,1bdd5876c78974f0a74e94b5f494c1a706c48b59b0bebdc1672b638366558756,external_train
ISIC_0061356,bcc,BCN_0002590,BCN,0ddde7ede279b8036d21063c3c986bf394279e5c2d754f5c6bdfdafb1e5f2d64,external_train
ISIC_0062439,bcc,BCN_0002591,BCN,d0f61d1ae8a1308aa3bc7b13b4b5ea11b8596a166522f513e1a379c5c35c6520,external_preflight_val
ISIC_0056736,nv,BCN_0002593,BCN,8c7eb1d6a2bd92398a2c0793400896dee668755566880d42f943a9e8bdd3ba67,external_train
ISIC_0054008,nv,BCN_0002597,BCN,e0ccd1f3b7eda52eff7b87439f0b31162dd1b2fbd415b56d3c17277a2f11733a,external_train
ISIC_0060946,mel,BCN_0002598,BCN,37c785b3c103bbfe8140599ccefacd1af78ce6cb71e6d7f851e24164c48737a0,external_train
ISIC_0058231,nv,BCN_0002599,BCN,5341b263cbbead5e729a04a4380a1f11c4c2643dacc719fffd455e4e9e9f08c2,external_train
ISIC_0070273,bcc,BCN_0002600,BCN,07f92d9f65bb1b67e003d3a51180a2931b9760a7925359c44614045ed98492df,external_train
ISIC_0060794,nv,BCN_0002602,BCN,1daca09c257c5ccd788659e1897306970de5429d474854a789f60070c5d2f2ba,external_train
ISIC_0071331,bcc,BCN_0002603,BCN,1fc46d2888d3afe0156116d526c7dc21239bdb62759af0db999c94bda3184c79,external_train
ISIC_0067715,nv,BCN_0002605,BCN,370914f859be31ca17ccbdb3b7a9a79736170b6a23c92bdf81f43f9667c04026,external_train
ISIC_0068386,nv,BCN_0002606,BCN,7c7d5b1763970051742b03d8fa6b119c9ba937b2d8f2b0e5b99ea2ac9a93843d,external_train
ISIC_0070955,nv,BCN_0002607,BCN,3ac8131b2590b37f5bf78668d77359153b5b9c7bd86a747f99522c5b3c697fc9,external_train
ISIC_0054573,mel,BCN_0002609,BCN,2e74b6ed4fc4d1e5ad4717744bda201a1693a543cdf7945e6b39b8657485e453,external_train
ISIC_0065498,bkl,BCN_0002610,BCN,14ec242cb9c2a0c559af1d62c52e7e6456d46e369cd77813a9b225de01eb5c16,external_train
ISIC_0068475,nv,BCN_0002612,BCN,1224af4842be9479d9c9e212aa8d91c2b0654bf95e9c2bda2751acb78d9c43e2,external_preflight_val
ISIC_0069093,mel,BCN_0002614,BCN,3a842dc7cbad79aed1c83e1494989f7e125b085a825813bedf992582561e8c26,external_train
ISIC_0068611,bcc,BCN_0002615,BCN,e45d2009ee327026e08128d80d2cff4fbd65b6330dc64c7ce747cd403a9e2663,external_train
ISIC_0069087,mel,BCN_0002616,BCN,7baf35b771851806fdea2db323c04ed4e708d45494f68acad25237c1062a7b91,external_train
ISIC_0060706,akiec,BCN_0002617,BCN,1c5d400e2b36ae6dcab822490004ebc8003b190f25680fa8a80267c64d2929bf,external_train
ISIC_0066413,df,BCN_0002618,BCN,522bb33a1a6d792c7e484159b435892f7e9dfc22d0e6f32bdb643f66a28dde85,external_train
ISIC_0061414,nv,BCN_0002619,BCN,48edc4a9e9db891dff9f82b79fe12bf3ffa767483f231aaefb1eb58368fcb397,external_train
ISIC_0067249,bcc,BCN_0002621,BCN,222afdb8ae45b7e2342fd4cfd0464ff8647dddcb1e4ebf0667e798dc59f4657c,external_train
ISIC_0056164,mel,BCN_0002622,BCN,0bd4f54c63d6449c16b7a3cddfa98b4cf07ddec1df6c3af1c90d06fcb87a275c,external_train
ISIC_0071973,nv,BCN_0002623,BCN,0f8ceeb2d0694b4b9af49be9cc60baa023110414111a7f5baace83efa4d3a506,external_train
ISIC_0056710,mel,BCN_0002624,BCN,18fa1215a9e5b7f6a12cbf8c8364d5d53bcffb74c20becbbf0081ab816ee6ed7,external_train
ISIC_0063166,bcc,BCN_0002625,BCN,098035e4bd4e981565cc52f3ee111685d57e4c9b196dac1023536fb065ec679c,external_train
ISIC_0056969,mel,BCN_0002626,BCN,19febc70036fb41aeb322b0fe6671a5b7142a6de8ab1746c644cd1aad4f4b780,external_train
ISIC_0066911,bkl,BCN_0002627,BCN,07def191b6ba59232551c97dfa7dbc890f9e249afbbe06af9e628bc2e6f7d8a9,external_train
ISIC_0060213,nv,BCN_0002629,BCN,069f729221c7c6dbc723f35b80431b7c2bd808a139e2e3232098ce9d0b43208e,external_preflight_val
ISIC_0071225,bkl,BCN_0002630,BCN,b7c6d065fa6f9754443308673f51d206704e1fa2b6fe8172060ad19b9e5ed4e1,external_train
ISIC_0062016,mel,BCN_0002631,BCN,0c268909917841bc7071a17801968a20b85e6daf812c5cd5bc6d962c54455b92,external_train
ISIC_0059166,nv,BCN_0002632,BCN,0ccc3b90d0062ee81b211995e00004eaae8064d14a60551f3a46d18747605c67,external_train
ISIC_0056738,nv,BCN_0002633,BCN,6561c6310af3201d752c96ec28c33def77023ace0968522e3c71226f541fa49b,external_train
ISIC_0067131,bcc,BCN_0002634,BCN,286af2a031716bb8334ad2329c459b3287f3168d6d71e2122f328f9140c31d92,external_train
ISIC_0067177,akiec,BCN_0002637,BCN,41f11b41aaa3d365f76093cfacb6fc1d68da7c51e3fe8f6f812889988be1de2b,external_train
ISIC_0055108,bcc,BCN_0002638,BCN,740817aaac31718587de228ad6a60b880ef6721335bb6cdc42932319cbe6547e,external_train
ISIC_0068232,akiec,BCN_0002640,BCN,b7a224064119341268740d134d4157333c3237ce03de2e6bd9637628757b1132,external_train
ISIC_0065837,nv,BCN_0002642,BCN,3ae18431ad36f8aa6d8b0a56593d3e95c46dc29ef4aac4d6f836f819d0d143cd,external_train
ISIC_0057902,bcc,BCN_0002643,BCN,4a67e97e988ba53428eee0de8ea59aab266578d0926c89c4ba7695ea5584bd52,external_train
ISIC_0060565,bkl,BCN_0002645,BCN,4ed683afbe0cb1b4d9a7aca82848d423ba313da57af233d700f074a3bf9c143b,external_train
ISIC_0066017,nv,BCN_0002647,BCN,296de3897deb5788a80255b12bf586aeee0b97a5bf2a2f03d27b1b3d64512c1f,external_train
ISIC_0061842,nv,BCN_0002648,BCN,3c4c6b0171335a7da8788d6d750db3f424a5873dd705fd72334e2cff930cd4fb,external_preflight_val
ISIC_0060320,bcc,BCN_0002649,BCN,0733003c698a5588c36cbc19f2df6d9cf040ef75c574a9643dd09955f76b85c8,external_train
ISIC_0066072,bkl,BCN_0002651,BCN,98c033fd64b5d22e09ecb95ec3b0ae5dd66344b3b14f5c327302359e0106e452,external_train
ISIC_0072679,nv,BCN_0002652,BCN,0970efb1eebe31a4a6b57e92e65da23debe7f9bde2ff6185f3c6764296fa401c,external_preflight_val
ISIC_0064467,nv,BCN_0002653,BCN,8b04e8b0660c0ed96ce725833a1f7bf485b790c63fee7eac1ea95578448bb7eb,external_train
ISIC_0069896,nv,BCN_0002654,BCN,3f486f8c39d22ecaa2f21a774e136c2dd47f389f0b1b8aaf0b79bb1fe0b2b8b6,external_train
ISIC_0071089,mel,BCN_0002655,BCN,1cfae57562bfe71dfdec573ee384a97786420dfcd2235430e3beaac15d11970f,external_train
ISIC_0072914,bcc,BCN_0002656,BCN,601b5dfb456cfbe3ec50f2746a819c6c2fb3f44ec86776c0a4be4eb399c19e31,external_preflight_val
ISIC_0064382,nv,BCN_0002657,BCN,35f52da4dec679fb32bf349a7b30aa9f812899604bcf477e13aaf022de50ba99,external_train
ISIC_0073148,bcc,BCN_0002658,BCN,96736fa04ca17faab874fdacf29ea4c42faaee7ee77ea7baf13f42a7749c6374,external_train
ISIC_0066843,nv,BCN_0002659,BCN,1e869a830e61f58362a14a31d9e498b1be6a586480f1849a9d233ce8011f706c,external_train
ISIC_0067818,bcc,BCN_0002660,BCN,8b6a5a94ad4b63a855fdf9f34974195aaa89e02d6a3068accf3bad580f1d712b,external_train
ISIC_0065357,nv,BCN_0002661,BCN,109bf87050340ad80bf7859b82cce5d5d5d6739063ad5af4cd659d5354213be3,external_train
ISIC_0067178,nv,BCN_0002662,BCN,23a69c3223377e67614014349e9026b1ec8f12f3151ed9b516d231f64e5c7669,external_train
ISIC_0064351,bcc,BCN_0002664,BCN,8330ed462f1c828527b6bd2392cd22638a61cfaa0267e0739bb6a2d46fd739b8,external_preflight_val
ISIC_0055251,nv,BCN_0002665,BCN,0a3326298002d8c90e7e44c2f9e1dfd76f30d7cd71b0887bfdfef20481f5966c,external_train
ISIC_0056205,bcc,BCN_0002666,BCN,0392655d1b6f7fb85df90d8c06c30df585060fbc15c39e98ae35cd825c4bcfdb,external_train
ISIC_0057589,nv,BCN_0002667,BCN,6a237078d0b5e7d654bfee143e89c359302ed45c880e7f1dd546a102ad0e96a4,external_train
ISIC_0054277,nv,BCN_0002669,BCN,524133fc2255664e3e5b9d518ef7c1888344c7af2b94d76ee37396ff6a0d6de4,external_train
ISIC_0058145,nv,BCN_0002671,BCN,2cbc2f04c7700b36276e4c17065cf2c368fc7c09a9f107d4a62270cf6b000aea,external_train
ISIC_0055307,nv,BCN_0002674,BCN,13de470eedc09540f650a23e74b02351f4502ccb3b4a81def9302fb552503cd8,external_train
ISIC_0054138,mel,BCN_0002675,BCN,0a530ccd45e2250b5564ef349fdf877dcfe6f998c41d01c323825868cac6a897,external_preflight_val
ISIC_0054543,bkl,BCN_0002676,BCN,27982788040de48c87273e828e358135dce043e7b95880be869e3f9de2f9bd53,external_train
ISIC_0071337,vasc,BCN_0002677,BCN,107dd26f473add7da781b0eb33f3b96924967cbf691f95674a5ca48f9a45a45a,external_train
ISIC_0072530,nv,BCN_0002678,BCN,3f4310399a26ca9a82b00a9deedde69989f8689c3accbbee9c37c83d212975e5,external_train
ISIC_0063729,bkl,BCN_0002681,BCN,a7441c5e993292c5295a147b02f8e8eef6af1a3845f9585cc6f9512f39d3a961,external_train
ISIC_0071410,nv,BCN_0002684,BCN,229451ca22439342f9932258c07955ab94047ca2ed829b7ab0a44cc2d0afa6ea,external_train
ISIC_0064318,nv,BCN_0002685,BCN,7fd2cebf0df1b4070f8db43f642a97698f1d633b1adbc0c116cf69ccaeb1f279,external_train
ISIC_0061795,nv,BCN_0002686,BCN,227d075135a7631aab063b88271714aedea9fa62758904df5a85b94595d52b1c,external_train
ISIC_0072807,bcc,BCN_0002687,BCN,121be8ea2bff06ee1f5afd1447c2a1e33d7f2a95d8b414a8f93b07258cb0de6b,external_train
ISIC_0061878,vasc,BCN_0002688,BCN,0046da1b2bc9f71c01561ecf946c1fcb7c1562affbd3aaa9dbdcacc2ea9d3738,external_train
ISIC_0059529,nv,BCN_0002689,BCN,2f32e2367e8881de2c9fd602469cdf11fc2621692ec051d3949ea54152ece836,external_train
ISIC_0066290,bcc,BCN_0002691,BCN,6ec1c7a7306a6a9f3089f9a04b73e52027e4bd7a676ca611e158abafa805ac04,external_train
ISIC_0072865,mel,BCN_0002693,BCN,4c34602dfb0953d77ca824dbe52a77b61d6abe22ac951002fc235487a9f81505,external_train
ISIC_0059608,mel,BCN_0002694,BCN,76259b468f29ae3cb1e3d72f8a0f8bde63127b74bcd13d2b64e650205a76ac23,external_train
ISIC_0063910,nv,BCN_0002699,BCN,0d6a8ac7be5fa730defde809bdc3df2c0b6d76f6e91b46fee9e17438a32e42d6,external_train
ISIC_0072907,bcc,BCN_0002702,BCN,65ebde276284fe0e6e0cd163c0d389d8e72e1ad4617c53f99784f73d6e2e19a3,external_preflight_val
ISIC_0061650,nv,BCN_0002705,BCN,077029e1ed75a07a51971a16a3d1226ca8d87e1d07d6b2395f481a1627fed68c,external_train
ISIC_0060522,akiec,BCN_0002710,BCN,1cc632402c7f15e52ab4e8b9f3e58c5144eab1b8dd8e34e249d3fe6741928769,external_train
ISIC_0060959,nv,BCN_0002712,BCN,5900f2a7a3355d2e3fdffbb27ef8056535b9be5fd47f63d554654f546f25b1c5,external_train
ISIC_0065845,nv,BCN_0002713,BCN,0286095049e7fb33a19a627a3e3d3baa52086f4e045f726cab58db526542e693,external_train
ISIC_0063506,bcc,BCN_0002715,BCN,f3aa4e7a900d53ba69b2848d0049ddb1ee33eb61dbbf41a85ed5a68904a77dbe,external_train
ISIC_0056027,bcc,BCN_0002716,BCN,27ba6c08f6bb57b38975c08870b79aa46c93832ef573bc14f312ef6da64d0ade,external_train
ISIC_0053816,mel,BCN_0002717,BCN,067b9f8c478078f394413a5b6e50bfa810887cf8fb4a192eff619c2c36080854,external_train
ISIC_0066474,bkl,BCN_0002720,BCN,084a7270944845e9f950855ffdaa1bbf650053789da905fc9a70b86d60b14294,external_train
ISIC_0068458,nv,BCN_0002721,BCN,3a065e2180f8c1d098099711f55a7d2a9762d2f02e5fd8d07a0a84530d928ebd,external_train
ISIC_0065047,bcc,BCN_0002723,BCN,d10faa85349f6132e9af47da213105a5499cde7276314ed030ccaa6a85b8d80b,external_train
ISIC_0064997,mel,BCN_0002724,BCN,039915cbe7555d167b2d0abfa73153c6e299090f66861ace15b54a3ad4ea1fa1,external_train
ISIC_0067408,bkl,BCN_0002726,BCN,16d76954981c26b303b9357577af8883cf32b60ab23172b7b9cc6a16d78d8f56,external_train
ISIC_0055812,bcc,BCN_0002727,BCN,37e7201cb2421c31131d71fb616ab9f66fad6394c46443a650c246cefac3657a,external_preflight_val
ISIC_0064475,nv,BCN_0002728,BCN,4caf91fd94c2a8f31b5119a1cf2ab6b404d00c9908e0abb1027366524b35aae1,external_train
ISIC_0067951,nv,BCN_0002730,BCN,889cdcc51eec2a05b6fbd73e5a33303dbc264df09055079757d4a07700b3e5a4,external_train
ISIC_0070395,nv,BCN_0002731,BCN,093220378d46196c3a41a02350983ba9214542cce36f9ef2a79df4e7b072fb85,external_preflight_val
ISIC_0064251,nv,BCN_0002732,BCN,2f18f0d80f65901c7d3583eb3b1d9962e7d1c215cdec5a3c1d856e53b3389e75,external_train
ISIC_0069978,bkl,BCN_0002733,BCN,2c7fc51c6f4e463d877c134aa21c80d178b0d5ba583abc4051ab84139fa50a64,external_train
ISIC_0070276,nv,BCN_0002734,BCN,5cf48c40f0926c1d861c61bd1f8219e5732a18218b43b69af9e1ca1fd76bc2df,external_train
ISIC_0060635,nv,BCN_0002736,BCN,56a1d30909a9073b817cd8d7a809aef21828924f3a43ce4fced0f9f26cb67f53,external_train
ISIC_0071181,nv,BCN_0002740,BCN,5431e0ae9c60b14f16f08b0325d716e9aab050ed3861cdf54ae4d5a8fff5bcd6,external_preflight_val
ISIC_0071029,bcc,BCN_0002741,BCN,2b1c286eacbfa774ceb011f28cab10b527c66c35c85568d114cb3fdab330e4f9,external_train
ISIC_0071997,mel,BCN_0002742,BCN,0580a9052668cfc73084d903103727b329b8ec147af9aefe30f0231106279eaf,external_train
ISIC_0066719,nv,BCN_0002743,BCN,2dd1ee1fd6d7e2f0e1126bb622d9ed58c80eb87d50b84d2470d62c281abdd19e,external_preflight_val
ISIC_0067333,mel,BCN_0002746,BCN,3a43e57bf23722ade80beb41f47973fa0df0217652205928ae9e4597b91670d2,external_train
ISIC_0066113,nv,BCN_0002747,BCN,05484a19f7c21b890695dca651d4212bb22ced6bbf42895752577d779576a004,external_train
ISIC_0063713,nv,BCN_0002749,BCN,d97e5ebd12158dff7655afeeaa8a3f736e519225f35937d3a1716aa2cc60e3d8,external_preflight_val
ISIC_0067070,bcc,BCN_0002750,BCN,57166f1cacb9acbaa278d935827ef327863b975c4a8e3f307e6db50c7e7b0000,external_train
ISIC_0055176,akiec,BCN_0002752,BCN,19eea2514df92de594c3e98e93c751b0a8b4fd4b9c7823d23614078efc970ff3,external_train
ISIC_0065222,nv,BCN_0002754,BCN,768ad2957f8b172722e04a360cbafe6e2373e366fbb7742a136fa446376ec2a5,external_train
ISIC_0071900,bkl,BCN_0002755,BCN,1e069b3f70547b3049f89411d6edf2714a7f9ada95ef7a2f9c90898b0c1ebf54,external_preflight_val
ISIC_0058223,bcc,BCN_0002756,BCN,382fae0662422436e454cdd1971195cce27c601d87928328d297d3994e842bbe,external_train
ISIC_0062063,mel,BCN_0002758,BCN,1203bfc20363c862b411a139f15b8236759c936fcd3bc546cfb6415e60cb51d8,external_train
ISIC_0053664,akiec,BCN_0002759,BCN,004bbed8cc2492590bd883231b14ddd9f7a3d88119ef0c6812b205e35406b2b5,external_train
ISIC_0055221,bcc,BCN_0002761,BCN,5e225bd6d92326edf58f62c05fda50270e9e362a2ad43bf9a0d3d8787d41e11c,external_train
ISIC_0068420,mel,BCN_0002762,BCN,80d68e9e15c02904b44f07586b9bf4eee98bbce26767564108d4ca1000760cbe,external_train
ISIC_0061325,nv,BCN_0002763,BCN,98b4e4fe7feaffc1e981f2469594339182f72215cb4525a12a89bb3f773c895e,external_train
ISIC_0058570,nv,BCN_0002764,BCN,00f39541972032a27e6cef4221164e02ddfdd7d80f1bce0f224ccfef364a7fa2,external_train
ISIC_0062979,nv,BCN_0002767,BCN,0608137834e9251d1eead3d48333c06648492075dcc8fc076e476f12d139fc86,external_train
ISIC_0070237,bcc,BCN_0002768,BCN,5051172a300722080f7bcdc682480beb24d4c9da2f480bbaece3e30e3e74900d,external_train
ISIC_0069067,nv,BCN_0002770,BCN,66b2fdb5f2e670dd5f136ebf9d222aafe86fc316e0ff6b8e76dd5031a08eb3b8,external_train
ISIC_0064461,nv,BCN_0002771,BCN,4168a63b82ed31e3e1457c898bfbdc8b1e6d6a5786ea65e6f1045daf8864d5f9,external_preflight_val
ISIC_0070600,nv,BCN_0002773,BCN,8645eb2fb836a822bb5a8bd6485ea12f52e9fddc0e1aeb87c243ffee2d38bf1f,external_train
ISIC_0065307,mel,BCN_0002775,BCN,152263012c8ca892525f263b2f295f3472263388f11a87dad609e78a08e377ab,external_preflight_val
ISIC_0073201,nv,BCN_0002776,BCN,7b5248349f2355760988715161cea49cb185221383280280b8f6c6780fec1054,external_preflight_val
ISIC_0062869,mel,BCN_0002782,BCN,07d23933e4c2ca7003178327beed4bed03324231a6b60b0bfc91416789cf1ab4,external_train
ISIC_0056255,bcc,BCN_0002783,BCN,099f6ec6ba840d1fde1f1221fd1e8f3847f394013db9bfee34b9f0de998475a0,external_train
ISIC_0056206,bcc,BCN_0002785,BCN,6a28de296d789d1b4ca9960421f45c4bd1eda98ad47123c4658a8edbcd20998d,external_train
ISIC_0073142,bkl,BCN_0002787,BCN,858559284e9cf7655d4515c00a0b95e5da3a6deefc3dd78e871b73bfc347c1de,external_train
ISIC_0067307,mel,BCN_0002789,BCN,074213880c594243e9b9c4950278b63d13b603975c42616e948eba738eafeee7,external_train
ISIC_0064631,bcc,BCN_0002790,BCN,241a479befdf2e222527815e12a4cca8c322a1138f00b97927a1f42a93969c6a,external_preflight_val
ISIC_0053579,nv,BCN_0002791,BCN,90b0c0f170cb9fa6a6f7bf5edc8ded61b9b22c9c6a43ee6676bd6861eadafdaa,external_preflight_val
ISIC_0056004,akiec,BCN_0002793,BCN,3f83c04f43882865f736b2092e288c584705da3e27225948641ebda9c3c7e234,external_train
ISIC_0067273,bkl,BCN_0002794,BCN,0842bfc2f5415dc3d6604ae3349891421eee356952587641e39acc46769bde26,external_train
ISIC_0061621,bcc,BCN_0002796,BCN,48841edd909743dbe423de078f40cdec01cbd98eb516d5b61f1928fbc2b19514,external_train
ISIC_0066381,bcc,BCN_0002797,BCN,87e654aca10c0fd79edc853ab60e07ba755a15644a4c1c9fc500d27a448050fd,external_train
ISIC_0058506,akiec,BCN_0002799,BCN,c343c6df07baed0496452c94f4f7d08e63085deeacd4436a9410cb6554631400,external_train
ISIC_0065826,bcc,BCN_0002801,BCN,7b92d44d4e4788ca40b3fae4e4ec782614c8a553252a8e7a03ea71b35ee597e2,external_train
ISIC_0068126,nv,BCN_0002802,BCN,34b54502424a9f326a0f8377a81866c70990fe9318a1de8da5b70354347ae4be,external_preflight_val
ISIC_0063197,nv,BCN_0002803,BCN,055b3858a56bd77c933f6c858db7d1409c3e8b0cb63e48451a13557ff85ef3c3,external_train
ISIC_0064742,mel,BCN_0002806,BCN,5f807f81e0ea58d8e895bc7812f4debb66d52d4e036cd9717985468e32e09e05,external_train
ISIC_0062677,nv,BCN_0002807,BCN,3e395d09fbafe07dd4edb02b6712f5a0bcd036e310921505e72bc49449ebdd90,external_preflight_val
ISIC_0060492,nv,BCN_0002808,BCN,9eb57ab2c17310810b2358dd6d61aae806e5e723f12e01dd10ec94b1b37ee25e,external_train
ISIC_0056988,mel,BCN_0002809,BCN,04c70c2a840e21abbd1440de28b8d34ce1e6a7141eb76adfba616ffff07e4af9,external_preflight_val
ISIC_0059250,akiec,BCN_0002810,BCN,3bcb94939883547ada8d927f91350fa16d433156af676b8c356e39357708b1c6,external_train
ISIC_0067794,nv,BCN_0002813,BCN,9b9234af3c4106df347b6683e8b9aebb2c98a28732a9067e78f55c3904b17671,external_train
ISIC_0066020,bcc,BCN_0002814,BCN,0af3406663aded67426df44e11d8581d4799fbc184e897a9cf8e5dac088bd6a0,external_train
ISIC_0064675,nv,BCN_0002815,BCN,1d0ca2b7244e7a8429bd6de302acc833c946cb2f391701e06b7850d2c5145b1f,external_train
ISIC_0066894,bcc,BCN_0002817,BCN,42c81b925645d05637e397155aef8ebefe67d301e0c6d82ce59b252130379067,external_train
ISIC_0059690,bcc,BCN_0002820,BCN,0237f0b9368f54c8a04b16ceb8a42af6294eff96f951cedd85b421e9afa9eca2,external_train
ISIC_0073031,vasc,BCN_0002821,BCN,76ffea4a5ed123f3ffa4751510e26757811ab02f072937597572a515647a4c19,external_train
ISIC_0067183,mel,BCN_0002822,BCN,3a189572d744486e5514dab76c16b46bd26a606687900ebe92d79d872af53f6d,external_train
ISIC_0071776,mel,BCN_0002823,BCN,32783f8d28db1d4e0eeaffa41c4b4a0136632fa7a020e6c308ec74ae2c886741,external_train
ISIC_0059055,bkl,BCN_0002824,BCN,27b40a6b168d207e9cf4160bf85c8bf6a568e5e5d0a0cd16b2ed3b8c3535c0b4,external_train
ISIC_0055075,bcc,BCN_0002826,BCN,99cd17f146598c30a4080d6dccd222eb8b2addf9eebb3e3ed7fb6d08bf133ae8,external_train
ISIC_0060207,akiec,BCN_0002827,BCN,07df37bcacee20ee34f7f9ebbb5041a79048fa6c39db573e69aef5f4af4e291f,external_preflight_val
ISIC_0061479,mel,BCN_0002829,BCN,63f1c1aa4dfc0ad6e99306bbd4362d81b78ac6118a24b3a39da6e7e582ad96d5,external_train
ISIC_0054616,bcc,BCN_0002831,BCN,86db89e418d875a53f904fe7e95ff59ad79c1d2e9956c22df7d811f2a3532f65,external_preflight_val
ISIC_0068927,nv,BCN_0002832,BCN,92e26e3df35a34e3a7d480c5eaab75f780709774884b26e45094a4f514970950,external_preflight_val
ISIC_0056132,bkl,BCN_0002834,BCN,1902bd51e61e6a5d5aea29cf722fce9a8728f039c1e7e6c776371089e15240a0,external_preflight_val
ISIC_0072846,nv,BCN_0002835,BCN,1cc52f12d64a861ee6ecc60713c2aea5d86eca069edf753dcefb26e5b27ef60b,external_train
ISIC_0057187,nv,BCN_0002836,BCN,030607447445e322887314edb2a32c1af51ea182665b0c3397435c90afa2a6dd,external_train
ISIC_0062131,nv,BCN_0002837,BCN,1a471fdd904ebcdd9986a1196e37fe9f1365632702a72f6c94a494f50fe70ba2,external_train
ISIC_0056685,bcc,BCN_0002838,BCN,74e93c16c424377397086241b6a2a59c2536edff6a6361267f42d19e0c991986,external_train
ISIC_0068644,bcc,BCN_0002840,BCN,30ec40a176252771d63caaa31d323174bb88fa9c199d12590f03b64f76f2ef25,external_train
ISIC_0068198,nv,BCN_0002841,BCN,2fa849434c4e0c693389da8e18d12afe7b93806d12eefdb7c3a22af4f35de822,external_train
ISIC_0059227,bcc,BCN_0002842,BCN,18ef17633e03b4cf6f8edecd8811778a9d779d8071ab18b88a1c5aed81dcfa6a,external_train
ISIC_0055799,mel,BCN_0002843,BCN,0dbea8c9a997a4e3d4707706d102f2a11affca541a38b091df59fd43b4eaee63,external_train
ISIC_0061169,nv,BCN_0002845,BCN,3124afd4918d80de3245e4b0251292f97a8dbfeeb7a64cf23ae4b08b17947d35,external_train
ISIC_0067532,bcc,BCN_0002846,BCN,2758681830bf6832b4612c91484630dbdebc9a0b5c3d5be8de9ff7ef0c073feb,external_train
ISIC_0062153,nv,BCN_0002847,BCN,0cdce982782285e1b85f0cd66d52e751c26286925a95bc8615528bb30415bc81,external_train
ISIC_0066360,akiec,BCN_0002849,BCN,08f4fc81c76895039d36a615c4f190075c0f38ea049b5c1d563417994f76a2a6,external_train
ISIC_0053572,nv,BCN_0002850,BCN,07caeee60d071d8507f888564438a94193704fa42757b96423c7d2d36e9b0873,external_preflight_val
ISIC_0058072,nv,BCN_0002852,BCN,90f1e9f882129b8175a59a7911748b629253532a152c3e07917cc68e3207c1a2,external_train
ISIC_0057562,nv,BCN_0002853,BCN,081da78a7b7dd750d8001d1b781ed0b6404971fb6027e279d9a0cb0813298e12,external_train
ISIC_0066945,bkl,BCN_0002854,BCN,0d16499ac0a4248a0f67aeb4b9564b380d8afc804baea7f4e0a95d8c2dce2acf,external_train
ISIC_0071998,df,BCN_0002855,BCN,d00ddabac09607736a165aca5ceafa8fe195cd7d6737c2e048cfd192deebb8a6,external_train
ISIC_0066218,bkl,BCN_0002856,BCN,cb9c2e97bae6d8deb5e80374350c285aa05ff12260fd5edfa42adcdc36068752,external_train
ISIC_0069226,nv,BCN_0002857,BCN,1b594ac19dea16a0440459b499826fe3f12e8d39fd013187cb78cd457e04a729,external_train
ISIC_0067274,mel,BCN_0002859,BCN,915793b0a73c337ee284b47181a5621fa71c47aa615d243194f78557bd49e110,external_train
ISIC_0054996,nv,BCN_0002860,BCN,2289fc0f4adf7cda944633915c31b9e2122171ac37c6e3c4d502e1cef94cc476,external_preflight_val
ISIC_0065091,mel,BCN_0002861,BCN,0b4e007fefdf2fcf9d760a846e361ecd249055c019fd11879268da62ecf85b68,external_train
ISIC_0059312,nv,BCN_0002862,BCN,348e2491a2c61b7ac5fc017042c2b405c6e0f6d7a8fbdb552444f2f9313c174d,external_train
ISIC_0055222,nv,BCN_0002863,BCN,260c2572b1e1e3e17c45aa9045087166ff8cf8ebe31d8ab41d9f8254375e4aa6,external_preflight_val
ISIC_0068224,nv,BCN_0002864,BCN,1181199b08089a4fd9a2522f77d4d3d9203ca9374983c21a4ee22e7e6d936650,external_train
ISIC_0054449,bcc,BCN_0002867,BCN,42d426506a91b84be16a757e3ee3e98ff26402b1f16f1c32b36e1c5ba9874a0b,external_train
ISIC_0055659,mel,BCN_0002868,BCN,5b651b290caaa4a5cc6efe8bdc493c5217d982237a6b83777f2aad5dfd0f294d,external_preflight_val
ISIC_0067631,nv,BCN_0002870,BCN,59d1133971926fb946f5d3ee6a735c9e5e22e0082e00507145417da4a6cf77a9,external_train
ISIC_0069956,bcc,BCN_0002871,BCN,7b39e78980ea4066e6ca721ab2bbc660c207fce6ac281588aaeb3fcac273cd52,external_train
ISIC_0061035,bcc,BCN_0002874,BCN,5cd6a13f9880c0a94ffbc3e8dc51209b217e07989507412a61bbc35ff0434488,external_preflight_val
ISIC_0066798,nv,BCN_0002875,BCN,7bbcef54e4e6d23f243713ff5c2857caf702c2be5fa9a4f96113460901018495,external_train
ISIC_0059275,bcc,BCN_0002876,BCN,24a4f2ad949e439331c51fa3a4016763fac123f5397f3ca57c8fc2b183f3e604,external_train
ISIC_0067063,bcc,BCN_0002878,BCN,4958f5383200b3cbad4ad5a6f6340327104db6b3fa8a3fb2b376ed6832524497,external_train
ISIC_0061054,bcc,BCN_0002879,BCN,0b51293a12cfb7f49b234e0d4c2e42cca2189e352633947dd1db080080b6be12,external_train
ISIC_0061352,nv,BCN_0002881,BCN,31e9cdd781c695d0f591f0686541a903b51eb8229cf7eef89944f9f12b930330,external_train
ISIC_0069707,nv,BCN_0002883,BCN,3d6fe650757058051f72b3ed890181ad09ef497823ca2c44d031c7b41bb5d402,external_train
ISIC_0055352,vasc,BCN_0002887,BCN,50d237fd9db490265e04d10390ab75b5396939693d616ae40280e71f07823ece,external_preflight_val
ISIC_0063557,nv,BCN_0002889,BCN,6ae08193b6aba28d0ba95036ca24db6b711374053e0ed355ab5d054b00ef5dc8,external_train
ISIC_0071375,nv,BCN_0002891,BCN,3c160eaa494be8c086850319e5e74c15fad97b432943a51cf8e90a165a95638b,external_preflight_val
ISIC_0058274,nv,BCN_0002892,BCN,ee3f5a5f2096895fc5175afed5ef95b7ded0edc4b6ecbe118493960a60739614,external_train
ISIC_0072887,mel,BCN_0002894,BCN,0b5712eb223fa8913b49068308068f20f1ef11ae6c26c349b351a8145319b88e,external_train
ISIC_0063748,mel,BCN_0002897,BCN,53cdebb6d0600016e3dacd4c4b5599e3ed1b64d3aa5ce34e455025bb51cd4497,external_train
ISIC_0062184,akiec,BCN_0002898,BCN,090edbbe3494e9f66e3e92d1964509a192f8a0c050dfac354e784997fabee80f,external_train
ISIC_0072081,nv,BCN_0002899,BCN,376b541e3ad1e4580205a1e3d309ae69eff58846986688ca60067f4d036c673e,external_train
ISIC_0061348,bcc,BCN_0002900,BCN,1f2f7b54c18933bc0527f47a8dcdb9497587a9c014016dfe46995ca2b371e116,external_train
ISIC_0066126,bkl,BCN_0002901,BCN,176e7d33c64d14a60410d89074a334491b1a274ae32ff72fd2a93a9528518094,external_preflight_val
ISIC_0063583,nv,BCN_0002902,BCN,b7e2122c9fdfe15b093c64e720ffad0cc91036cbbd09856cd5fe8ed878fcdba1,external_train
ISIC_0071868,nv,BCN_0002903,BCN,a82506353072fc91f1c0c27739de45420ce045307d50296807eeaeb25bea00e2,external_preflight_val
ISIC_0068631,nv,BCN_0002905,BCN,0e44dfdb1ab68f41d07ca53b9581a5d426b23d7d02d480b4df160c9263403211,external_preflight_val
ISIC_0065953,bcc,BCN_0002906,BCN,8de27ab0e8549df95fc314703c1596f1b0416b4a6c873646435d288fa2ebc02e,external_train
ISIC_0071345,bcc,BCN_0002907,BCN,0d2a6ae501c14070c2456c65dacabd50e04af3ec1bc94dbfcdfe410f5beb323f,external_preflight_val
ISIC_0064889,nv,BCN_0002910,BCN,1e07d5a73e65c1412e85400fafea369cf60e783fae8ea84f38c13958f687b718,external_train
ISIC_0072540,bcc,BCN_0002915,BCN,957125620983271abf860242d356c470d6a70fca257d33f38d7771fb44828dde,external_preflight_val
ISIC_0072212,nv,BCN_0002917,BCN,0a60103bfda7ab4b493616ddc496381a7cc308a55a19d81eff04c936f134d04c,external_preflight_val
ISIC_0067015,nv,BCN_0002918,BCN,30f46f23c97b28eee1e08793536d07330066e37914ffca14bb9772e2265472e3,external_preflight_val
ISIC_0071073,nv,BCN_0002919,BCN,04dafc3793b0a8dbbce7390c6dfdf106c2500270e3a6e1042ef072c7337d251d,external_train
ISIC_0061972,nv,BCN_0002920,BCN,42401cae3aa13102f20f9816a7afb4fd26c296680a7f58f2bf006fe631167df8,external_train
ISIC_0058198,nv,BCN_0002921,BCN,7a6499efc53712b59883e507239d69380985fca39415afd329d3ab0bfacd7c6d,external_train
ISIC_0053554,nv,BCN_0002924,BCN,46ed3cdb5f763a110c76eaa53b93381124feb1f564f51e97f6d507d8b2e38fef,external_train
ISIC_0054530,bcc,BCN_0002926,BCN,4f8add4cc8f8fe6755a701060db348d32643acdcd0d475ec88d5a54fee0d9ce1,external_preflight_val
ISIC_0065740,mel,BCN_0002927,BCN,a28f75248206952022fa6f5941b748d1003fb9480a9f320fba655d668c270e8a,external_train
ISIC_0071711,akiec,BCN_0002929,BCN,a43c4a72c076a19e9c3c80144cea004950b00fa4d7a323ff4a066855a1e3ca69,external_train
ISIC_0065272,nv,BCN_0002930,BCN,15531edb565200a1814ae1637c85f780624cfd95f214b1ae5d0343a31b1fd23b,external_preflight_val
ISIC_0062889,nv,BCN_0002931,BCN,1cc03df25972990be246c45986631e3823ffea2800074b27c36824fc5174abb3,external_train
ISIC_0071552,nv,BCN_0002933,BCN,000eb8ab6209e6147e6e9ca209c2af2a5366773bf1534dc6eee2ca5a50cafd04,external_train
ISIC_0068265,bcc,BCN_0002934,BCN,22bb74341c8fef848bbeb5f16ba450f783f104cdc1bf667da7aeb8eb07b4810f,external_train
ISIC_0062025,nv,BCN_0002935,BCN,5c67f11147912745fd0ac278bdf11cf5b06eef18fa0f308a9ce490df9d8f0103,external_preflight_val
ISIC_0068050,bcc,BCN_0002939,BCN,41398bbae0b5e639b081cca645886f30167aad90146d1d5c483290fcb6a87e23,external_train
ISIC_0066010,bcc,BCN_0002940,BCN,29d4de91a3c1d8f2485e0745ad38baab0a22d65ef8f070cd539a4e537dd4978d,external_train
ISIC_0071809,nv,BCN_0002941,BCN,10c742c44236dafbf3da2218d4fc61aeb0480e724197ba4a9b906a1bc53c4d8c,external_train
ISIC_0059994,bcc,BCN_0002942,BCN,276a86b2fd73c7ec5add7ab632197b40288695ed9c44c96d9ea44bace194fafe,external_preflight_val
ISIC_0055709,mel,BCN_0002944,BCN,4a414c8c43767e26a828a58c8443cb695a2f82d1be14c910537d302af800e54f,external_train
ISIC_0068687,bkl,BCN_0002946,BCN,57aea7dd20729ce018ca7e303455d34282544a9f9915bbe05dd1a45bcbb6e29e,external_preflight_val
ISIC_0069069,bkl,BCN_0002947,BCN,48ab4069f28fa8498ca32da51e40ff81a2a2b366e01ebcc6c559e755501ca513,external_train
ISIC_0068057,bkl,BCN_0002948,BCN,0971675c85ad25e78290765ee39faaf2161be7fc7f09164c6c98b1e911695c19,external_train
ISIC_0062630,bkl,BCN_0002949,BCN,4969f4d6309798142476a51562e37d2bf50f3ffa8b06133b7107e9eff8e44bc0,external_train
ISIC_0054499,nv,BCN_0002951,BCN,14c11e35830097d916a3d98568afe7c3e68039811fed1f7484026d283beb8a6d,external_train
ISIC_0065801,mel,BCN_0002956,BCN,09f879328f9a22467c6593fe4b836118cab76bfb8f1af1bee6e1ffb25d8f1ba9,external_train
ISIC_0069370,mel,BCN_0002958,BCN,01f2ca139746f38e6d95f1e26ef34eac989558d05a96ffbb34a0e3c4728a1e50,external_train
ISIC_0053846,mel,BCN_0002960,BCN,04925698e000839d97055c987f577b2f4d48abfe99ea44365cea80edaa80f60f,external_train
ISIC_0070659,nv,BCN_0002961,BCN,4ecb2bb597a916061bd371e54eb58528183828a1db0829ccce36f0a2c9ea8430,external_train
ISIC_0066531,nv,BCN_0002962,BCN,54e46c49c3a3eeaac93c92cf7457b22b11b6cc515e1874906178bc227cfe2c47,external_train
ISIC_0060476,bcc,BCN_0002963,BCN,373699097f960d089814b821924d077970920536eb872c68f0923f5b5e1b46e0,external_train
ISIC_0057179,bcc,BCN_0002964,BCN,89538ecd9057c82837767a243ede27bd838e7fd701ee6a4c41af8a9e1b7eb916,external_preflight_val
ISIC_0060646,nv,BCN_0002967,BCN,46801aa5efd1c547022ffe97c63213d4e3fb9833db2d894fde5a8bbf2173d9ee,external_train
ISIC_0070299,nv,BCN_0002970,BCN,267447b8060202cb53baefd5dac8f1a0ca919d418dd006d2de97219de0b732d2,external_train
ISIC_0057743,nv,BCN_0002972,BCN,7d6c5a21189b55844de2f16b729cb473fb8b9a50d2170e843d83e377d34a5c27,external_train
ISIC_0054325,bkl,BCN_0002975,BCN,6ec852e233c3d6504cc83b89d1e006a137f29c70d366320d627be72bb32ef616,external_train
ISIC_0071171,nv,BCN_0002976,BCN,74e0a6933d360b7f40c102574515865b86c82d1e4f15586c2abad4dfd4a2e420,external_train
ISIC_0059208,nv,BCN_0002979,BCN,06244f85dc20e4d7093552a21f5483f9cc86a0bc1516f4bb656e18c45cd96f92,external_preflight_val
ISIC_0059873,bcc,BCN_0002981,BCN,c9ab65b7039f55adc92a87185e635e5ac3ef46152c6997621ea3c7571ba7d1d8,external_train
ISIC_0055166,bkl,BCN_0002982,BCN,0994488f2985051357e841fbb190bb3503cc459bd191ee81d7c151d90fc6707b,external_train
ISIC_0054419,bkl,BCN_0002983,BCN,7650cee06edd6028c1194a1a8c543a2b767f300425a7803504a1464c3e12a50f,external_train
ISIC_0066968,nv,BCN_0002984,BCN,56efd2942f9e7c20fe0cada7537ae792b14b54d0922cbea2cb9e6be1c37150a8,external_train
ISIC_0061338,bkl,BCN_0002987,BCN,3b2436db7f241f713a62b660d317560d9d79b118337e32a56b7108bcd45a35b9,external_train
ISIC_0071975,nv,BCN_0002988,BCN,56af5774a0f919f53394d1c73be3300360b84f49df26401f77f213e20bddae6f,external_train
ISIC_0059313,mel,BCN_0002990,BCN,12079fe904a0c3337720fd72661cb9ddbaa88c2f3ac3799def9032fc3983d52d,external_train
ISIC_0071080,bkl,BCN_0002991,BCN,134e8567e97fe6353cf4e68155dcec19568c9e5c4959f7bb3632408197651460,external_train
ISIC_0058735,bcc,BCN_0002992,BCN,1c4c4e6115239c25e3ebe70923f7a5c48fbce7c826284fa8ae8bf10cfd8d4a0d,external_train
ISIC_0054944,nv,BCN_0002994,BCN,03a47adc039dec168d6c065fe7db345c8d7d69f1d84bbba88824845dc9ba8e69,external_train
ISIC_0070624,nv,BCN_0002997,BCN,339cd539e09d3d08bb58c9383f2efc661ac81100a2a42c4f78376eab38466bf1,external_train
ISIC_0060846,nv,BCN_0002998,BCN,08eb00dfbaf8dedf2244f4cf25990623c922b2902b7f973684075e86566cc8d9,external_preflight_val
ISIC_0064109,bcc,BCN_0003000,BCN,0728ca4855782c29dd84c130f85ba7b642a3490e44f515b5b214c7b4fb7731fc,external_train
ISIC_0071194,nv,BCN_0003001,BCN,0b8ed4da1c7e48da153421bbad8a27e22561c0553055a6c2ca7f2aa823498006,external_train
ISIC_0054171,bcc,BCN_0003002,BCN,536582919c49a9966e484b5808a58fa3119fabcafdf856c656e1e9eccc78d136,external_train
ISIC_0067065,bkl,BCN_0003003,BCN,247b40da063b454302ac2c4aa45cf332336be1c56cb9a5e220f38c73e9e7ee13,external_preflight_val
ISIC_0058389,bcc,BCN_0003004,BCN,3526765057c93a62102e6335b3fe941fa58b9b8e2fec0f3173df3423f2518135,external_train
ISIC_0057172,mel,BCN_0003006,BCN,3b873f5812ac0f3a814df0a30bf5345eb317b14df88ea3188789f9b0d9442442,external_train
ISIC_0055235,bkl,BCN_0003010,BCN,09b5ae05b1abc5bad78754839f1a29f56a51c5da50dc27f97a478b6351875113,external_train
ISIC_0060749,mel,BCN_0003012,BCN,4440508524b4c3f731f365e19ce98f63a118bc88532f76e1508896c2c10d1f5e,external_train
ISIC_0065542,nv,BCN_0003014,BCN,3d6097fe8fd1082e6a9c5529275e9e436a9780eea48f9b273ef47d48e62c867f,external_train
ISIC_0055630,nv,BCN_0003015,BCN,252b70ba94b5f1289cc35286c5344274c278570f29ad718d1dd223e541d3cb91,external_train
ISIC_0065221,bcc,BCN_0003017,BCN,252340d20405b9fc0045d1537c5275156a4fe119661f3b1d1a3a9e34c7b22cc6,external_train
ISIC_0059470,nv,BCN_0003019,BCN,7840db37f443a7200a36596fccd7d32e4922f394a52331e66afc74b5eb769815,external_train
ISIC_0055552,nv,BCN_0003021,BCN,6625a6dd8f472a6a4ddb1174ada3e184835b7dcb5682103eaddfe8938463e6a8,external_train
ISIC_0057393,bcc,BCN_0003022,BCN,3891f8de5a8ee1006bf6dec7ee92bbe5eb3aa221296b467f10b27c06a829aa5c,external_train
ISIC_0064031,nv,BCN_0003023,BCN,11bac9473804a37e0518c784ebecde7e3a9a94506f0fd8106b004d5abab441bd,external_train
ISIC_0055241,mel,BCN_0003025,BCN,44a2c18ecccf38a60ee561eaabc088fff51ac5fd1979d2174589f0ea64853220,external_train
ISIC_0062647,nv,BCN_0003027,BCN,00778e62e64526bde9acbedf848d5f01659bb7b412f9b82439a8b933555a5f71,external_train
ISIC_0068240,bcc,BCN_0003029,BCN,be90972547b075d976c79cc52d2c48ab76524502e41e787065db6a672d9f6d01,external_train
ISIC_0068559,bcc,BCN_0003031,BCN,033f894d82ee68d7c603fc54a50bf0d28effbf48651b45df9e197a91cc3a2ff4,external_train
ISIC_0060046,nv,BCN_0003034,BCN,2b7b5827d1b21e9e2df6ee7581b1141761c868c7c50f7df1f99b660cf00f7e26,external_train
ISIC_0062198,nv,BCN_0003035,BCN,4aad2f19a0efcb86e6e436d456ca00f28e5f2424b7b404c15adc618c9e1470e6,external_train
ISIC_0072993,bcc,BCN_0003036,BCN,c86b94d424fc016416508e673ef71c9c6d1c0ef6e9d35636bb7d9b7b83eb3d91,external_train
ISIC_0073151,bcc,BCN_0003038,BCN,012e862fc8e818ef2e37b9f3f4267a4ef135e68837b52052e44df9b97984b423,external_train
ISIC_0058310,bcc,BCN_0003040,BCN,078aab9d0a2271fbd56b260415c5eea45fbd05e265d886dc8cc7130b0a70704f,external_train
ISIC_0065924,nv,BCN_0003041,BCN,302f4e9f0c0c6e90666a59ee84b8114bb8a6fa7f29234ee0ca8f5fa595bf32ad,external_train
ISIC_0070190,bcc,BCN_0003044,BCN,ced2f305f288e38d9424de923f6c689a227552a360cde7a375ecdb820781a6aa,external_train
ISIC_0064617,akiec,BCN_0003046,BCN,73162b815d1c80dee5c99d6f7f9871ea8efd0c3c793af5539301f13049adaeca,external_train
ISIC_0072855,nv,BCN_0003047,BCN,13c7b2e308054074aa9b594d51f1a2bf5c2cff473184060a6c53231601683bd6,external_train
ISIC_0070787,nv,BCN_0003049,BCN,2442f27bc6b898fc5c43abadc751a487798dc7e870c81c1f69a4a495a72b55dc,external_train
ISIC_0069304,bkl,BCN_0003050,BCN,4ab375724b188960e7870937664123accaf531f2cc58553ad03e7fe262324169,external_train
ISIC_0071570,bcc,BCN_0003051,BCN,2624f2ba24666661a24dc19ce44a0eed21763729d9b80a41f7d5659166c9a0a0,external_train
ISIC_0071021,nv,BCN_0003052,BCN,22f30d97fa616c58b46a0593c28f7f7b001ead2621099f5a16b7a2d47de9f2e7,external_preflight_val
ISIC_0057308,bcc,BCN_0003053,BCN,47ef30986b6cbce980cd59f35c3c8154deb595342d383f382a0fe282e2932d0d,external_train
ISIC_0056292,mel,BCN_0003055,BCN,50a67e228124e6fdf7cbdc541804002ccb71a4b7dafac28ff86b06fefe4b66a0,external_train
ISIC_0061020,bcc,BCN_0003057,BCN,198a63e84a430b93470c744e4da58df4496aa85fb99e92bc9e4853da97180a54,external_train
ISIC_0056733,nv,BCN_0003058,BCN,39f0598eff8b043518541045aacbc8211fb17d2b28a187c95e131826acdffa4b,external_train
ISIC_0064869,bcc,BCN_0003060,BCN,0930da4f7f64b14fbe581bb06f55e283fb327cab96e6c86f936e35048bd96a9a,external_train
ISIC_0070047,nv,BCN_0003061,BCN,14796fe00b3c6b5b64fb163c381ab3664d56e62e81a041ee3cfc3f96d7866ad0,external_train
ISIC_0055335,nv,BCN_0003062,BCN,50b4d6df01cc669457402eb0c6c344d11fc5ecfcb83f152219dabbb552b01a63,external_train
ISIC_0057344,mel,BCN_0003064,BCN,446b04165c51445579580b288e72f8a21541d98af46730b9feb99da647e6e446,external_train
ISIC_0056836,nv,BCN_0003065,BCN,19d4b12c7063062844c6e440cfc3aace2778d4647a3ce01bbd7be46dfac0cf3d,external_train
ISIC_0070827,bcc,BCN_0003067,BCN,54c2f24e7148f52d3108a6d30454401f12c1066c318478c96ac45f85b78e38bc,external_train
ISIC_0055313,bcc,BCN_0003068,BCN,771cadae699e6f67e419783f3520d862a79d188fec761fa178a4d374490637cd,external_train
ISIC_0054663,mel,BCN_0003069,BCN,8e27da937abb273d2ced41f0e251f200cd6f249120d6967bb7b1ccee5afa01d9,external_train
ISIC_0071946,akiec,BCN_0003071,BCN,5d6ad0c7e64996d2630dc2c08f7058088bdf7c226567325d228b1c9d7b2b9e87,external_preflight_val
ISIC_0059691,nv,BCN_0003072,BCN,28f125d72595ca56a3d6e6ec84bf190a4bf1a890f388cf5ba6789ff1f19ccb81,external_train
ISIC_0055353,bcc,BCN_0003074,BCN,032812557251da7a78ac836745b5e24e4fcde646633a18b225c6a46ba2d8c2c3,external_train
ISIC_0063672,nv,BCN_0003080,BCN,05b01347890b3c1207df18256a577d2a4a4ce97b59ba1411a5fcf8be6c7275b4,external_train
ISIC_0065407,bcc,BCN_0003081,BCN,4aea65b6a14dc503b3e1d25f644c20684cdcdb9030c0b1f4335c395f1fdecca4,external_train
ISIC_0070809,mel,BCN_0003083,BCN,1bbcadfa7f30f3858e3ac8d86a3497983ac54d283ba9114a49269c810bd652a9,external_train
ISIC_0064672,mel,BCN_0003084,BCN,3328d97c78a428d1bda9f22cf911b5a5c97e6a399a598a433f7e8a87c5c8e056,external_train
ISIC_0064114,mel,BCN_0003086,BCN,2e713c11dbe047135aa220b95e1e47a4db357a49952094f2a0dd5e8beccf923e,external_train
ISIC_0054166,nv,BCN_0003089,BCN,6e5c49dae6552564557b211e1754bdb15fe66782dd0a2817b310edd04d294e02,external_train
ISIC_0056775,bcc,BCN_0003091,BCN,260224068d60cadd2d2fb90db9def2d432164889a7227d59ee653319e51c538a,external_train
ISIC_0062334,nv,BCN_0003093,BCN,f11253f766a1d0d086063fcb353099f56dd7d36b9180175accdc906478a4f421,external_preflight_val
ISIC_0061560,nv,BCN_0003094,BCN,6461e376f84b7cd5ff3305826bc51ffa8e0b6775f76efce7821d433ef04616e2,external_train
ISIC_0070703,vasc,BCN_0003095,BCN,237bbd4c5286294d5d1cc1c6635dc4a0d94b8f100e6c7baf7345c474237f9630,external_preflight_val
ISIC_0064101,bcc,BCN_0003096,BCN,026c1d07f3b09dcae2a3df2deb7e6fd8e3f5fbf1499c9dd92de3ff4b05dcee66,external_train
ISIC_0061212,nv,BCN_0003097,BCN,7954fcbeafaae76a64a54166946da91924090832897a14baf2ad78e9a7a930ed,external_train
ISIC_0068868,nv,BCN_0003098,BCN,4e6b484fe13beb1630f036c3eeff3e2e8f3eeb80c3dd80c2a8834a28259c62b0,external_train
ISIC_0056942,bcc,BCN_0003102,BCN,b160c0727031b02463279dcb37aa91b6eeb13cb1acc177acc3e1c9d946a87531,external_train
ISIC_0067645,nv,BCN_0003105,BCN,3470f07e25d62b9fe83bda3db038a3c211138fe7307a8c3d6af513d344ec446b,external_train
ISIC_0055464,mel,BCN_0003106,BCN,4e76f9b84ca4044b9fc74ebe778a818f70f32e9b9cab80ebe2911a93d707b292,external_train
ISIC_0071090,bkl,BCN_0003108,BCN,00b1a9e6dd1cac2c781e53bae6ea69f4b37bd92e6120d519f5e6cd9e51ba1978,external_preflight_val
ISIC_0057885,bcc,BCN_0003109,BCN,11a92eb7c1df8fb76818cf37e652329a837b81c2298e805bf3f7772e18ff6dd2,external_train
ISIC_0060951,nv,BCN_0003110,BCN,28da4df2d102092696f5783dde04a8863acad1125c444a948bc63a1a391d9873,external_train
ISIC_0059551,mel,BCN_0003111,BCN,aaaac4268f350b6e333b34015618155276356f13fd07e4cbfb9e54cdd31e90a4,external_train
ISIC_0071277,nv,BCN_0003114,BCN,19cf53bb1b8dee11e8be23ae9692cc31e9e2a83a96ca04c51b64a1e3709620a4,external_train
ISIC_0068597,bcc,BCN_0003115,BCN,40f0225bdcd3d324bcd0b173399cecc642fc6b101f8c276debc5d0860b7f045d,external_train
ISIC_0072058,bkl,BCN_0003116,BCN,89e78ed9d01cbf4bd8b48c985adfc51e33305fb2331b279f0fedfb6b42acb8ef,external_train
ISIC_0060268,nv,BCN_0003117,BCN,01fc9421e190967e9e80c6abd6fbe5364ccd9c7aee7056f6ee6bf7573ec66c5a,external_preflight_val
ISIC_0055485,bcc,BCN_0003119,BCN,b7bfd3b3866c8d8681414853832cd7bd6db2501623b2198ac0e4faee4f2944cb,external_train
ISIC_0059378,bkl,BCN_0003120,BCN,2c90ae029f4fcc518b346210c13ab0adc1dd7e984560ecb3775a6e1fd91c1491,external_train
ISIC_0066450,bkl,BCN_0003121,BCN,080455e74fbb77b4508979d2050181406e68976377f6fa2035330781e9e93635,external_train
ISIC_0057753,mel,BCN_0003122,BCN,50ca50fc4b622ea1147c420dd788a228655246eb139f97034f7fdbc04d67a120,external_preflight_val
ISIC_0058158,nv,BCN_0003123,BCN,623e0ed9ac125d1f72adbbe4d4909f301d978687fc945ea94b9f29b92e2ec8f2,external_train
ISIC_0062006,bkl,BCN_0003126,BCN,01ccdd508a6c7d8b0a4739d8a08b5f7b0bc12f14a3d939cd1b9d9485e6738294,external_train
ISIC_0062715,nv,BCN_0003127,BCN,2904a013df3de222e76875a1989b7c2de8a6e30455341f1a296b11421bc6306a,external_train
ISIC_0059192,bkl,BCN_0003128,BCN,320bdfcd929d4269bac006b2a1be43f7ec6d76686667fc213a0a47c8482ecd6c,external_train
ISIC_0064385,nv,BCN_0003130,BCN,342c21fc937bdd23be0e814305660d27a780624d7a77757396aa01cb43f9a543,external_train
ISIC_0057814,nv,BCN_0003132,BCN,65777023c70f0fa28b12eeee3965fca6f8edadb064be565c5a9bba2695a3c4ab,external_train
ISIC_0058269,bkl,BCN_0003135,BCN,2877fec53fbf9fb52e9cfd2f5b7057868f6e25f155ced43cc3e354929dea2f72,external_train
ISIC_0054731,bkl,BCN_0003136,BCN,733d99c7dd1b8d2dd157492fd9fc8752963deefbeada8a328fa5a72a9e9637ec,external_train
ISIC_0057523,bcc,BCN_0003137,BCN,f3dea415474bf2ee84ed87c40ec9af46e69ddaf2846dd522834d146a90de5ad8,external_train
ISIC_0068105,nv,BCN_0003138,BCN,6551dc7866ef42449fc9af5597b3c65816f56d4e621e97255b45c30c3df36140,external_preflight_val
ISIC_0060147,mel,BCN_0003140,BCN,38d43f21205a748dca784bfeafb2f42c754c301ba96ca4c89a4a3c3a14c207a4,external_train
ISIC_0063853,nv,BCN_0003142,BCN,16d735abc5d39c6e7122a441891236a6557ffc7b20e81c30bc756a3bb669aef2,external_train
ISIC_0058645,mel,BCN_0003144,BCN,192e1d2cfa3185a5e63d5ca2539d2e92d0e5f648c175c80082ad017312e9fdc4,external_train
ISIC_0054065,bcc,BCN_0003145,BCN,2c3dd468052bfef6e6db34bd8b40419bf63e225305108216bd9140bb3d659ec4,external_preflight_val
ISIC_0053810,mel,BCN_0003147,BCN,4d21c0a5c238b9d64704a3467ec50220d767fc7a0c70d45cd9ac63483c4e6a72,external_train
ISIC_0060585,mel,BCN_0003148,BCN,05b152ce0b32f7ba1a764d2a23c05806351f49b18d65ed187dbf7b56d76222f3,external_train
ISIC_0067055,bcc,BCN_0003149,BCN,9ed3d614afc46ec1f50c188d5e7fa11750496e3f7f674dec37a54a7a0adfc0c1,external_train
ISIC_0060084,nv,BCN_0003150,BCN,218ed6d87cefad28ca59c4380b1225bf7bc66667a1999aeb7d46953d5fce4c6d,external_train
ISIC_0071091,nv,BCN_0003153,BCN,f6f8d2428223c119b57fe65151f0642bde75a777b770e01b48bedb68534429bd,external_train
ISIC_0068684,nv,BCN_0003154,BCN,168e594980c1e4d235605c6096f683890b7dfd6bfa55484130dd009f19d34594,external_train
ISIC_0060101,bcc,BCN_0003156,BCN,09c07aaec28579d9426cb815802ae1c34e4457d2c705c42ecc1e7ac60691e598,external_train
ISIC_0070229,nv,BCN_0003157,BCN,15df058a4dd01de7df21aef45959cd4e702e05938e418377d4cc931f83acbea4,external_train
ISIC_0054605,bcc,BCN_0003158,BCN,74322eef22a12a20099d6f1bf8cadcfd7bce5992ad05f708de7efbb251c365da,external_train
ISIC_0071385,bcc,BCN_0003159,BCN,01725b8733f554b17df6d592dfede32db7dd1aa11450e947353faa00ce5c8968,external_preflight_val
ISIC_0058420,bcc,BCN_0003162,BCN,2da04d584f0ea35902241dbebd27799ebe413587a1020a37cece99d33358bf44,external_train
ISIC_0060533,bcc,BCN_0003163,BCN,64a45636cca882eef3499508c49007baf19d589b44a5829b7fc86c90ab9fc1ae,external_train
ISIC_0053983,nv,BCN_0003165,BCN,9ab7bb2b281f0fa958f3fa7adfe580a911147fb1494ae7a9bc2ae8edabb8d9a2,external_preflight_val
ISIC_0066483,mel,BCN_0003166,BCN,2204623fa38c696baeb19cb3e2f2e51208f7e122cd0feff94c138d67d3673b44,external_train
ISIC_0072161,bkl,BCN_0003167,BCN,de466f9642dba3b5fe3cb4d0b8afed5f864bd06cce51660669d8c4bd3105fc36,external_train
ISIC_0056188,nv,BCN_0003168,BCN,31a60ce313eddb99dfc82d21174467fc7749526800455bc3befa55bd1617a801,external_preflight_val
ISIC_0053928,bcc,BCN_0003169,BCN,27d2ceac900a349eb5adc145e0fd936b2b8b976f5bee8bb8282744ed5b550918,external_train
ISIC_0065095,akiec,BCN_0003170,BCN,3d43fb75898354d3779fea41149026bdcc5a651a227160d8abf29e5c9b5a3a22,external_train
ISIC_0060738,bcc,BCN_0003171,BCN,f1da2fc32cbc60893547db8a5da16c300d4bb04c4ba66420d11fab78096c52e4,external_train
ISIC_0072412,nv,BCN_0003174,BCN,9d8fd57e6c5e3d01d08264bbb63360fb8bcad7b296bdfd18595e3f005e15182c,external_train
ISIC_0055863,nv,BCN_0003175,BCN,0f2419a249322e1d9426c97c78e4d4aa4047528b46e484d959a782af584ad078,external_train
ISIC_0070499,akiec,BCN_0003176,BCN,1f95c6dc8a42d06f87673259bf48a77519d24811bb84b9ddf32171e5790a4730,external_train
ISIC_0057567,nv,BCN_0003181,BCN,d888748c6f8b5fbafe67e6521fa861291766ac299f015494dd6464bc5239903a,external_train
ISIC_0071461,bcc,BCN_0003182,BCN,f26e22073a714f19ac134c7734975b9eb7ffb342860a020ae8d6bf89ee08e844,external_train
ISIC_0056329,bkl,BCN_0003183,BCN,2213e82e54eae99b22664b07732d3db0c8faf4c022ac8f436fc549b230ec7aaa,external_train
ISIC_0068941,mel,BCN_0003184,BCN,30d1f10078a76aa6c48fe38b606665eb73d2ce29448003979038e9ce65e816b8,external_preflight_val
ISIC_0068845,akiec,BCN_0003189,BCN,89e7a10f20ea4549d8d57f2fbcc28a4e49f3f43b51088640ffb560d0bc113214,external_train
ISIC_0057748,bcc,BCN_0003191,BCN,34a8fe21ac1a03f8827366cb06f1873d8ac3c3f206355e35ece37bb242c24a73,external_train
ISIC_0070363,mel,BCN_0003192,BCN,48999b4b726303b10a607f459e496cd883f1bc652f6b91c648be97ec755ff919,external_train
ISIC_0056796,mel,BCN_0003193,BCN,1602b70092c64ec46c9f5fb70d3a757cbe7dfe84f5eefa9091e601e15888749e,external_train
ISIC_0070743,mel,BCN_0003196,BCN,0b4dcf7f40b116f75d0c3dd8bebd6b7c4413c8c4c76110cf026dea432ba53a23,external_train
ISIC_0059108,akiec,BCN_0003197,BCN,33f3f62071c51d1d0e21e927a1e9980c1ac24401e4fe432f9b0ac5ee81c2e12e,external_train
ISIC_0055606,bcc,BCN_0003199,BCN,1448b615d45debda14998acbe2ec0ee6115a7a51341ea4ea890c56c9576d36f0,external_train
ISIC_0066666,mel,BCN_0003200,BCN,1a85875d138a849b0b79bc7c2e1c7d7b0a85eb840e39fad23b54301872b1ce1f,external_train
ISIC_0070907,bkl,BCN_0003202,BCN,01fcf742a50a3de56b6fb710bb22036ee3a8e62e2946eb889b5ba09180f1aa8e,external_train
ISIC_0067030,nv,BCN_0003204,BCN,77a68563a014f7410c84e35f7dddb349684901bf9b1cb904bd48fb363329a164,external_train
ISIC_0061628,nv,BCN_0003205,BCN,80ffd07176f9ee77d80a51164a332ce252168cd889b2baa79ed700e8a83577c1,external_train
ISIC_0072501,bkl,BCN_0003207,BCN,3302eb9b4582f57e768e720238bb1e1611b7436583ac08d8d1e3112229c6d79d,external_train
ISIC_0059802,bcc,BCN_0003210,BCN,9413d952d186f10bef9e60c45e1dc68a04e61289bdba462022f63d36cf22c63b,external_train
ISIC_0067586,nv,BCN_0003211,BCN,79fb630fac767e5dd04c1576e9c4ccd23835d59d51b6b852d2ac62f13d33e806,external_train
ISIC_0058781,mel,BCN_0003213,BCN,09665439afbbc669100931479f2c600275dda465edba2695c3dae81a5c921994,external_train
ISIC_0058760,bcc,BCN_0003214,BCN,8e48f0fa27a9f3b669a1b179fa897064f1d4a28950f2933b4c865afd0f1eeef0,external_train
ISIC_0059092,mel,BCN_0003215,BCN,10c8d5e9bd123ebd7ca8b07404447f1a80aa3787ca0bcedc8f814003d9ef0a0b,external_preflight_val
ISIC_0065900,nv,BCN_0003220,BCN,2c5cf0782a4071c15ae535d7b8334770f92689b53ec426e47e18676d51a6cf03,external_train
ISIC_0063476,nv,BCN_0003221,BCN,067de1be10c0a3a6b7d9702057873e49a22e5e7c5c79ab102f01231bcfc290da,external_train
ISIC_0069715,bcc,BCN_0003222,BCN,03fa30cc8fdb201066fe260c4b1ea080e65f71f2ca28535c3cf14c82e638d8d9,external_train
ISIC_0057923,nv,BCN_0003223,BCN,170f6c542c7de77569968a4164b11e7717b924657669a6b7db2a89cb263b3b7c,external_train
ISIC_0056840,bcc,BCN_0003225,BCN,dbeb702884248339044ad24623c7eb9ed4670cad609addd4321deba8dee11f1c,external_train
ISIC_0055679,bkl,BCN_0003226,BCN,153eb16be2e3b6f824de5fa581b5cdbf78dd0b7b65b88cf19bad374303ca12e6,external_train
ISIC_0071593,nv,BCN_0003229,BCN,3bc84f9e68572dab5f088809e7fb8266945fff9e80cb5878c2a1468c30d820db,external_train
ISIC_0070519,nv,BCN_0003234,BCN,15a008f8aea33e33aa565e4e1e49c2940e1e733fab154f7d955cb5e53bae2005,external_preflight_val
ISIC_0057026,nv,BCN_0003235,BCN,1b44fb7aaff686d0ac529b2fa46e05ff04b896ff8721c2b0cba7ee362fdd396a,external_train
ISIC_0068610,nv,BCN_0003238,BCN,d2dee59edfbb0013da9902a2a5a12efe2ca58b70162518e5e923d17b5224a506,external_train
ISIC_0053885,bcc,BCN_0003239,BCN,9d2859a939240e85562721f7b545b0c026c751688251b16e642ff5a25dd38444,external_preflight_val
ISIC_0054722,bcc,BCN_0003241,BCN,7dd1d9f44564a9cdb51573974a77181736ef656041ca2c374e2b931d04e8a670,external_train
ISIC_0056275,nv,BCN_0003242,BCN,fb498b8d8e114863ee08606651804aea599fe4f11ae33e619ca5b82fa4e63a05,external_train
ISIC_0064397,nv,BCN_0003245,BCN,60029566de3d9515b47bc397034bb26abc826f1217db08afcd503f9a4e4ea3fe,external_train
ISIC_0070808,nv,BCN_0003246,BCN,08c6515e322eb9ffda90745c473b2b3a69ff4e748356e856370d7692fdc60c31,external_train
ISIC_0069648,nv,BCN_0003247,BCN,34137caa6f6cbb328fd1eb11dd2b7c446c8e4dfa8490c876a583958df81bf682,external_preflight_val
ISIC_0071126,nv,BCN_0003248,BCN,71cdaa668149dfcb4249bcbb3e364fec72aeb212a5716ab2bebbbcc57126f9ee,external_train
ISIC_0056828,nv,BCN_0003249,BCN,9341ccb0be8a085210c15cb63ca881556f5a3ec675936150ff25e7093a200447,external_train
ISIC_0071150,bcc,BCN_0003250,BCN,7dd1400f95c9903580334c2bc46f55033e77cb261cc7f0f05c77d2ab302955b9,external_train
ISIC_0055188,nv,BCN_0003252,BCN,1725c3db7d1e8b54f303276420d7698d75c7f133b010325fce2648f58336a42f,external_train
ISIC_0071437,nv,BCN_0003255,BCN,47a9c20aca31c772005a801349d26c67a49da29bacec54675bd3ad070657c5c8,external_train
ISIC_0058561,nv,BCN_0003256,BCN,001ade0fec2496b317d0903da00782409098a45a1b0a36ef0a5214a498d7121f,external_preflight_val
ISIC_0054302,mel,BCN_0003258,BCN,18b0728cdd2c88f3de6bedab0b27a4986e2dd869284e140ace0262451a6394ac,external_train
ISIC_0067668,bcc,BCN_0003259,BCN,022d62cec1906ea0e9ae02c7a17dbc59b965e109307d5e557e8327dd2aa3335a,external_train
ISIC_0057404,bcc,BCN_0003262,BCN,631721a99f0e71016e96eee6093eef216da8188c3d78b7c2652eb04e9e48322e,external_train
ISIC_0065585,bcc,BCN_0003264,BCN,62b2a40eae7546d40113624822d997f5a2a1b2224ff522753c5b332113a81098,external_train
ISIC_0059243,bcc,BCN_0003265,BCN,7dee19cd9dbbe9f88935265c5fb214eee1e9d1e6fc4800f0fa4a3d0885d577dd,external_train
ISIC_0059306,bcc,BCN_0003266,BCN,1e6a0b9560c9ea82f10b0f1e2254bcbdc562646493538cdc236101e2cdb59e47,external_train
ISIC_0059235,nv,BCN_0003267,BCN,140dc8077761e13fb35f0524d35a83d972c5e3f6669dea5dc403d10ac42f7c41,external_train
ISIC_0060144,bcc,BCN_0003268,BCN,06d876bce545a12700ae0cbe6626c3bb49430a7191ca6f2b0c4c3e44e707e2ad,external_train
ISIC_0066123,akiec,BCN_0003270,BCN,892bf75819f939dfa996ae48780fdb737a2593b4ecc1971d9715df2a0f73e710,external_train
ISIC_0065582,mel,BCN_0003271,BCN,17df286d8657a67fdba06660dcae04fbbc9db9f31986dcf28d26c2286ad8a1f6,external_train
ISIC_0068594,nv,BCN_0003275,BCN,6ac1a3f4173840e4d1f44e7a6675aa91757d2010251a90314655c9743d27a6a8,external_preflight_val
ISIC_0062731,nv,BCN_0003276,BCN,42ba37e05f3fe4a4fdca1e03061339499c9e667f632a141a2e6084c460388f8c,external_train
ISIC_0065841,nv,BCN_0003277,BCN,30325e2b8175970cd5203ef6a869a9cf39febf8867b324eab6626c1bddc5a136,external_train
ISIC_0060122,akiec,BCN_0003278,BCN,8ce5b0e56f533bf14208d610983b3677bbc50c589bb069a128db11a9cd088ce5,external_train
ISIC_0064024,bcc,BCN_0003279,BCN,92522c259f1d731cf61a403bf435c1ee59b3cc766a69bd7d154dd23f797d6837,external_preflight_val
ISIC_0053568,bcc,BCN_0003281,BCN,75413ce8c847b7e84e967b7a25b45b5f8a30b20eb566124248373ab511be2eb9,external_train
ISIC_0071300,nv,BCN_0003283,BCN,900b0dd6791bed8cda116053e6f3c92798724a374429ad59195a93536716d949,external_train
ISIC_0058342,bcc,BCN_0003284,BCN,6b4778bafd9ba42f530e7aa4db8178456c5563e598a3c83170140706c9d808fe,external_train
ISIC_0054869,nv,BCN_0003285,BCN,467c31b3fd7c0e4cc3f3049b00739c87cbb6fbe03522a5aa9ec8d59deb658e43,external_train
ISIC_0071574,bkl,BCN_0003287,BCN,2a645cb8a4a1dee9c8844c47480b210b354cc56c38b94fc0be7c2b943daa59af,external_train
ISIC_0062072,nv,BCN_0003289,BCN,3efb5bfb188eb2565c43af8211febbdfb24332bc3340fb6bd9e2f91da5efc985,external_train
ISIC_0054230,nv,BCN_0003293,BCN,4cad86f8ab0413ac3fce2eff561fe5d83c43424f7c19b56baf65593a20982b3f,external_train
ISIC_0060636,akiec,BCN_0003298,BCN,64b207925018e123ca57d8d1ff2afc5fe872de1955118829f7e36cb0e158343f,external_train
ISIC_0055385,nv,BCN_0003299,BCN,257062017aed0c2217c51c1dba8833d07e5aaa851a3a9d11a077c04e439044a7,external_train
ISIC_0056869,nv,BCN_0003300,BCN,1d4a8ce6fe8d60a77ea1d0071ae2e5b3b4c13f7e363a19ebdf7d774af91f3f7e,external_train
ISIC_0058289,bkl,BCN_0003303,BCN,4078d99cbcf9dacaef4a19193ab0f26eae991673c19435f649b2ab106e1e725c,external_train
ISIC_0065892,bkl,BCN_0003304,BCN,0a7b78fa433367de113220b17dff3bcc1fe893008003d4bb28b865cd31b8a5ec,external_train
ISIC_0060209,bcc,BCN_0003305,BCN,33918393e43a72767cec5e9e7d1acd1d74856e15f56ea877354e12f5d6a860aa,external_train
ISIC_0069686,nv,BCN_0003307,BCN,98bdc0ee5175ec1e6b98091caa4a5915bd3fdd151ff8763624124186e543ca31,external_train
ISIC_0065633,akiec,BCN_0003308,BCN,c31639e10d9dd5ae8cf95966fb3e8627c83dd5fd390a62193c57ace5e3e1a704,external_preflight_val
ISIC_0057969,nv,BCN_0003309,BCN,2037f0971bf975e1b7e2e89a214d524e01321e30f2e74cfb12bb97ce5c5586ed,external_train
ISIC_0061961,nv,BCN_0003310,BCN,0e86247b8dbcadc1fdc1c2f4d4ca127bf5552b496d9ace6240116a20e9e02bb9,external_train
ISIC_0065525,mel,BCN_0003311,BCN,3699a6f6720d2c63c8dd6a2423b6dac11edf3410ace84fb3291bd8198e1d857f,external_preflight_val
ISIC_0053459,nv,BCN_0003316,BCN,0ee0977d3000e1f3b7237d3815c4fda3a9b06d5d1abb20506be49d5958755c48,external_train
ISIC_0065473,nv,BCN_0003317,BCN,20365c56dccda262b3eee6fbbac359475e5a702f23d1252eacf7b976e40c8f79,external_train
ISIC_0054621,bcc,BCN_0003321,BCN,14b713ac34c140b2caf795082817a38069da000f5f930cf6828b1fc3fbd4c6fc,external_train
ISIC_0060283,bcc,BCN_0003325,BCN,2820c75a5b7d5e7023c0d57b65e601739b2db1d12e7137f7dd1225e0c32a1c50,external_train
ISIC_0065387,bkl,BCN_0003326,BCN,246c4eadc00e1596abfd4429c3fcb0b03ec338c97e2b3ad596dc7c83e0c78539,external_preflight_val
ISIC_0066870,nv,BCN_0003328,BCN,36bf8e1e33a128b0e4cd622c81e58e265c19606a97b9ceb5775377b5ca96512f,external_train
ISIC_0072176,bcc,BCN_0003330,BCN,1672691da1c8a904ebf17ff913e595d6c6c32ae67bf466ea9f42050e6467bd3e,external_train
ISIC_0067364,akiec,BCN_0003333,BCN,2588488065963c2c3f29f7795271edf3901ef7a6de7afb1f70c6568dee43d759,external_preflight_val
ISIC_0056895,bcc,BCN_0003335,BCN,aa9aa7946d9e626894ecc69c93df7ddaab96dc3e43c60c8c80c5e68800e8524c,external_train
ISIC_0072124,bcc,BCN_0003336,BCN,8b0902866f195de96f2e2dcd5b94cc1378ff7004c7748d9f7e6248e956f73a3a,external_preflight_val
ISIC_0061055,bcc,BCN_0003338,BCN,5469e395a619deee151aad7a2bdabc3e91af69b7064231c849ae7106795db041,external_train
ISIC_0066799,bcc,BCN_0003339,BCN,4f79946481e833f6067fd103667e3e8fd5857e2aeb4446ab4d55c140fcc39608,external_train
ISIC_0060045,bcc,BCN_0003340,BCN,7223767eec552f30f9e8d8a359f62e55fef96cb746974cf68ac7e26266024ac1,external_train
ISIC_0070382,bkl,BCN_0003341,BCN,a0986ac95e862a0514f748d65e5954f49a7ef848db07bf563478101dedb3f34f,external_train
ISIC_0062255,akiec,BCN_0003344,BCN,4a29fdf157fb302dcbf03d12d1b8dfd930d08d9c1895cf6e40f59a78c1d63d4b,external_train
ISIC_0057192,mel,BCN_0003345,BCN,3b44cb6429e2e0df88d8b3216e3eff7751a41adb86932b21cd7c6a2834069af3,external_train
ISIC_0058135,mel,BCN_0003347,BCN,00d2e1085bbb0e8d036e7d42ee5db66ee4a0dfcc9b5429eec33938ec3c03645c,external_train
ISIC_0066143,mel,BCN_0003350,BCN,664e5754efcaa99f8f4fdb55204f8cb2194768991a583cb1a2564507187478ea,external_train
ISIC_0066964,nv,BCN_0003351,BCN,1da9ecec994c1a24bfba3e3098f197dc326f86f80ee31fa17d059813ffea81e2,external_train
ISIC_0053763,mel,BCN_0003352,BCN,190d5d622e769f226d91902322a153f351ac80b6e01a7a9d64a0284ad47b9586,external_train
ISIC_0061853,nv,BCN_0003353,BCN,2693489f4f294d5f6044364a41f98965d0632cc61b5dd04a1d0625ad8c5d6e09,external_train
ISIC_0069090,nv,BCN_0003354,BCN,052e4f9f132c918c953d99de6ef946bc744150e884abeae6ca68b64e253ccffc,external_train
ISIC_0062055,bkl,BCN_0003355,BCN,8b11d1276b5437210d7a3a7b9a3f1a890d0142a21907275472dfd2ebcfcaa244,external_train
ISIC_0063378,nv,BCN_0003356,BCN,0abfaffcf6593bb8de856ddc0aa0df9fdda8397ddea59f4f93d883497afa76e8,external_train
ISIC_0073245,nv,BCN_0003359,BCN,6ead36fcb50de9305c70e992a0e41fd359df3cb5c29da6ec6fedc4d39e158dec,external_preflight_val
ISIC_0061752,bkl,BCN_0003360,BCN,825d22b6cbd4141f2a67aebdd2d270cad0b881f93fda3b538d41ab5c32e2fef2,external_train
ISIC_0064968,bcc,BCN_0003361,BCN,31917828053a957d23795cc9648236cffa293c604e03bf85c62162c3995d4b49,external_train
ISIC_0058993,nv,BCN_0003362,BCN,2fcadedde312ce25d07eeb1e3225c47318ec0f711106e8177ffaddb8d24818b3,external_train
ISIC_0067308,mel,BCN_0003363,BCN,3c6116c5f635e8cef22f791ff7934235ba854c0aed107b24126e8d5768bb6954,external_train
ISIC_0058105,nv,BCN_0003365,BCN,143eefe4337d20d7a6fea06a798ad9a9081586ed3b798c7ba8f30e12644c7a01,external_train
ISIC_0061904,df,BCN_0003366,BCN,096171a19808a1c9316cace4e3325f3cb94a173b2693b81b898e97af6fdbabfa,external_train
ISIC_0058556,bcc,BCN_0003367,BCN,160cb56507b7b9c1f3416a0406c1df74bd56b41fee305e14c677c26a27a3135d,external_train
ISIC_0067567,mel,BCN_0003369,BCN,27db92732cce2945dd01c2932e5d09d39f48cae7a05dc5c1e78e2ac14844cf43,external_train
ISIC_0054116,bcc,BCN_0003370,BCN,388c00e3f37dd8f54fd1cc37b6d2fa090db6e20dc2e077131a57368c2b471dac,external_train
ISIC_0070928,nv,BCN_0003372,BCN,88c67334d4c02e99e302bbc857e51cce9431510cb3fb6261f64d2d579e7ae505,external_train
ISIC_0054442,nv,BCN_0003373,BCN,5dd88a253d4a9a510676d401cdfafa06d524fcde33140b5cb9ef058147b0b95f,external_train
ISIC_0056630,akiec,BCN_0003374,BCN,5972198dfcd1ad6a71d7cfbef354f9337514d6182d6caebb4cd5a30f3d270aff,external_train
ISIC_0070700,bcc,BCN_0003375,BCN,064d968d4d73050504203717fc42910128333f5c93189f6ad3088f708d586459,external_preflight_val
ISIC_0067810,nv,BCN_0003376,BCN,36c7f802b0312ac74a24aebf8ea543c2aae05bfacd28b98d024b9921d8cedcb7,external_train
ISIC_0067414,df,BCN_0003377,BCN,3748ffbb47405d907bee8e6e866194479c43ff27aebc697d2faf0cee3679f49e,external_preflight_val
ISIC_0054071,nv,BCN_0003382,BCN,06c4998a7eb94a295dcc70fcd506440a638b4d92e5e2218ca8bbe24fa4f55c1e,external_preflight_val
ISIC_0056552,nv,BCN_0003383,BCN,35e30465019f86a450acd18f3c66c636a86ee7bb1a755432fbaa40081d372e0b,external_train
ISIC_0065450,akiec,BCN_0003386,BCN,4b8c0dfa922831f2493eab27bc531cdc1587abc1bb0057fab2834a7fde25409a,external_train
ISIC_0072506,bcc,BCN_0003387,BCN,2968e48ef26a7725b92f0e7144cb4ef634198225da1618ec3daeb1ec6a06ab87,external_train
ISIC_0072105,bcc,BCN_0003389,BCN,1abaa6e0a72b19b302989b9fffcb9de36e02b44f2bdb2d1e7a32b322efad2810,external_train
ISIC_0065161,nv,BCN_0003390,BCN,3e45664f0f4e9d0e1f5a4dab6bbc9be230cdf30597537976b6deef6e6b11cad5,external_train
ISIC_0069311,bcc,BCN_0003391,BCN,6b0576516a30f431be773904a630837862a6bdf405a4a934f9003b40bdae08f0,external_train
ISIC_0053813,bcc,BCN_0003393,BCN,3b2fcbfedadf7bd917864278c38ee670241486846595a3acdd2fcaa8c61c8980,external_train
ISIC_0055428,nv,BCN_0003395,BCN,ab34683320bc166c7af411859bb11c47217d254386c6864d6f4967dd13e8f3c4,external_train
ISIC_0054975,bcc,BCN_0003399,BCN,3b7bddd730702468b42d016ef27ce11ab679e8853386d2781bf0424711d1d5b4,external_train
ISIC_0059191,bkl,BCN_0003402,BCN,906b8dbc3b8c5cdd263b9838b0825616f15c9a86abb4d78b1342bc4855ab0464,external_train
ISIC_0060698,mel,BCN_0003403,BCN,0928f32d6640a3d21614cc5e742a254df8a48a166e09fa5f6374d0fcb1df7c13,external_train
ISIC_0068402,bcc,BCN_0003404,BCN,432a6da8f28d3e05b6301c0c72382824d4bf148e62ade837bc095d92221c0705,external_train
ISIC_0068777,bcc,BCN_0003405,BCN,20f38a9a5f19d2f9f791cbd4557e5255ea65f076c46c0acf3ef8fc5453fa849b,external_train
ISIC_0066834,bcc,BCN_0003406,BCN,a6df8fabe34d8c2c45fe983c631e84c96c5e4ea718d574d5240057c13d990937,external_train
ISIC_0073205,bkl,BCN_0003407,BCN,412e07f09b8fdeba39dc47791744b1a662fba7e5cf8dcb5ffcd95d63bcff8b79,external_train
ISIC_0059232,mel,BCN_0003408,BCN,0469d00b1c22d57797fe8db43ae4e27e369bdcf2a05ffde3725719d919ff74c0,external_train
ISIC_0071869,mel,BCN_0003411,BCN,03555f8b69b646f7257346fd13e6fad9537938da5dd99cf7b38e634fee2f1d30,external_train
ISIC_0069407,bcc,BCN_0003418,BCN,2b2c20ae3d949201e586fc55bca5a6512c9628f3fd2bfe7cd00f1305564738bd,external_train
ISIC_0057905,bcc,BCN_0003420,BCN,2639e6b21328b0af06cd00a9b976a85703f16cb526fb70938fe10921ead68b3e,external_train
ISIC_0055855,bcc,BCN_0003421,BCN,08e89a6b6716d63292d847a4f830c4dfff24d1f05737bca514fcd568944abf4f,external_train
ISIC_0064028,nv,BCN_0003424,BCN,20a32a15a733708659899668ef1ba542495732e2c3c426a3739ab5ecb59ca57f,external_train
ISIC_0055988,bkl,BCN_0003426,BCN,1ca2799db3bffe367e2b442c01cff9ee0e9408da1ece0095857c9db425c7a31d,external_train
ISIC_0053790,mel,BCN_0003427,BCN,60f7ea60eafd8a08a374d78cc456d4096ad97bc08051939aa21f2704e233f6a6,external_preflight_val
ISIC_0058514,bcc,BCN_0003429,BCN,e20001083f3c8d9d6217f97f3f5407f64c24e0607c7d1c206f16cac3718daa77,external_train
ISIC_0056517,bkl,BCN_0003430,BCN,1fb74e91c17e11685d0d50affa2a5554440a328f8d5b5f08d9a424ea953cb595,external_train
ISIC_0059210,bcc,BCN_0003431,BCN,c5775388312b07862cba8605ea00d7e86f0ceca79a487d807498b9c0d9595436,external_train
ISIC_0059057,bcc,BCN_0003433,BCN,8b341aa2fcebe9db287427521961e77200165ba7727f0ab38d9367fc63566e08,external_train
ISIC_0060702,bcc,BCN_0003436,BCN,d9e0b4d94db594e9e213e7295da5735d55b7048219e59096b4c4871d2dc7eca2,external_train
ISIC_0055359,mel,BCN_0003438,BCN,b00ae6a3d12d94e6f08787696bed798ea501fcd1efd9657c41713103be739de8,external_train
ISIC_0056958,nv,BCN_0003440,BCN,38f60b793feeb707cc8af5460e0d3007674c84e5be36871bc85bd8dd32b5f36d,external_train
ISIC_0058324,akiec,BCN_0003441,BCN,357663f8516fc80f8c8d9389014aefaca5a708eb2331bcd0fb11fbc0e711cc4f,external_train
ISIC_0067790,nv,BCN_0003442,BCN,19b0b6897a41d62655a4ec540b642ee87fbdae3f36091fa0135639be288af8ee,external_train
ISIC_0055434,bkl,BCN_0003443,BCN,8bd63ab3fc4a465a00ede22fc8066a67a35f6e84a2dbb8a22442c5188badc26a,external_train
ISIC_0054732,nv,BCN_0003445,BCN,05af0d0b20350674a9f668bd56ba6ae842b9a65d777c1754a13962cb15b7df86,external_preflight_val
ISIC_0072082,bcc,BCN_0003446,BCN,414e43050f5d7ddd2bc87363d02d334f487819fb7e55b3c607b2bf333f89e481,external_train
ISIC_0059639,nv,BCN_0003448,BCN,1a8b2b88e14e19afa312b9646e2446cf1666af7fae2e5df908d8e6a975d76209,external_preflight_val
ISIC_0066130,nv,BCN_0003451,BCN,7afe97d13564ac975ce1dab1965242e91671e5fbb9411aa746ba09c959512d2e,external_train
ISIC_0063585,nv,BCN_0003452,BCN,544a150107bf2517f37cce21ad59bdef5b714200ac3ec450910900016de6406b,external_train
ISIC_0059758,bcc,BCN_0003453,BCN,4031f2624153845fef86bd3329b26760cd5e5375fcc933a1f4c5bcd3238b5f37,external_train
ISIC_0065789,nv,BCN_0003454,BCN,2fcab72b5b0cd4278eea2b828f7e5d83e3930ae1a7ebcb66f10f832d46f32425,external_preflight_val
ISIC_0057440,nv,BCN_0003456,BCN,48b1b32aff10849f8ac12a0db9bcd06985bc0bae5bb9fe03837eeccf05c140ba,external_train
ISIC_0062956,bcc,BCN_0003460,BCN,a94f65546f31713357298f4efb8c8c575c31fb2adeb727ec7fb8ed9fe9b0ebeb,external_train
ISIC_0058639,akiec,BCN_0003461,BCN,a6e1cee32629f251006e5c83b338f091bf0665ed37d97911f2fd3ed32a96fa64,external_train
ISIC_0064666,nv,BCN_0003462,BCN,ac69f05f11791cdada78c8a6b60a400024d4b3acca061d3b84788da122a47e60,external_preflight_val
ISIC_0072125,nv,BCN_0003464,BCN,6f924a36ba52058fdaa84eaa44c1137b717991d0b57d5ff263f83bb4c96f2b4c,external_train
ISIC_0062752,bcc,BCN_0003467,BCN,3c6bf1d1fa899b6a1000bc751d9c21a074182de8d9480020d26b168fb3ec0fac,external_train
ISIC_0071865,mel,BCN_0003468,BCN,6f2292edcb86d9dc6789f87a2e3e03ed395658f76b2bad02ddd3a3572fb0d2bc,external_preflight_val
ISIC_0065294,nv,BCN_0003470,BCN,52955952f79bf9390c501b3e1a2c3a260b88288a0b11a535bf8cd81d68a869e5,external_train
ISIC_0055906,nv,BCN_0003475,BCN,6bd91cb47ecaf4e49d867f4d7e1af3d9d4ee7eb0f6bba9897fb3794494fd9a74,external_train
ISIC_0067295,bcc,BCN_0003477,BCN,551c013c19c369d54a727740d973619d7b741b51f3b93ab89ceb4c59df6124d0,external_preflight_val
ISIC_0067930,nv,BCN_0003478,BCN,202f481e6812f97361607bb83381e272ab9620e1e2ec06141bb5e381e480fa5b,external_preflight_val
ISIC_0068407,mel,BCN_0003479,BCN,052548d74d5326a933c402ce9ea09d2e4ab55b63040eacd8dbbbf16e86774c1b,external_train
ISIC_0058374,nv,BCN_0003480,BCN,2692dc796255f9252691026c5c767c3d19e1a2884a3d9d4b8be8f200d91af184,external_train
ISIC_0064843,bcc,BCN_0003481,BCN,963a2b56672aaceeea7c163d42104b9b0feaa28cf073ea70d3a08fbdd6cefdc8,external_train
ISIC_0062501,bcc,BCN_0003482,BCN,129bc5adb91650aa457d5775429749c0deb6ed1f619521e37d12bd6bf8c9a41c,external_preflight_val
ISIC_0064277,nv,BCN_0003483,BCN,272e88bf36f8e58fa0d16c395f23bdcf8e4cc01e7d7a909692ea1895e90139b6,external_train
ISIC_0054631,nv,BCN_0003486,BCN,729c6232fc3bd3c9caae48efd06a0a2fa10ccb7790944cfb13e4f3399274f617,external_train
ISIC_0069813,bcc,BCN_0003487,BCN,43dfc8ca65daa9e9c21736d796d1e7eff3ae19877619ef344f5b79f57c9945c6,external_train
ISIC_0068805,akiec,BCN_0003488,BCN,73c4e8d2f1cfdf31d7b1fb4a8d7714e9b591cecc8d249257b0eaa86dc3d0ecec,external_train
ISIC_0067874,nv,BCN_0003492,BCN,447eaff13d6a3f830fa81f42892b2f9d649476e896ecaa8beabe300f4f89e216,external_train
ISIC_0056467,nv,BCN_0003493,BCN,01419ec0c517420b4fc217112cefbdfbe2e5fabca1a0661ea751768784b7a099,external_train
ISIC_0064370,nv,BCN_0003495,BCN,4de67218ed51fd8bf5803a3f95b0e84c1fd10843480c0adec1965c4a3f9cda66,external_train
ISIC_0054871,nv,BCN_0003496,BCN,560499a6088b20814f224b5b64027c268e2faed74f0537537c289b93189a9871,external_preflight_val
ISIC_0055334,bcc,BCN_0003500,BCN,2fe1c5b65120618f68c16cd96043a3390f33cb5763c789c4e4c27a09f1529a22,external_preflight_val
ISIC_0057593,mel,BCN_0003501,BCN,0cb1a66328d155f2f2c7c19de0f5fab0ad2bce70bb616136e2165fc66f6eb53d,external_preflight_val
ISIC_0056445,bkl,BCN_0003503,BCN,382e4a009542c891b16c8011464a3f8692c01bfe562893b0a037d8ad7e4fae6a,external_train
ISIC_0054669,nv,BCN_0003504,BCN,7020b7d89a4f168293cd21f7610c378c9aa1a851c3c2bf9277ccc9575fdbba32,external_train
ISIC_0068521,bkl,BCN_0003505,BCN,40cb2d767db0691d2ed8d6286e2eb2fd0f6074f236371e779015fdd5190ba2c6,external_train
ISIC_0059996,bcc,BCN_0003509,BCN,165313eec42d2155edc1656e24ba1980971845632c3279487311ab458150d852,external_train
ISIC_0064414,nv,BCN_0003510,BCN,4dc4abb6dadf1f67fc1224ed04c5a48d2c01eec2d25239692d77966b3f9a62c2,external_train
ISIC_0057617,mel,BCN_0003514,BCN,138e3e7520f6513a32ad77646b727185795f5aa9420436be2d34e11533026e7c,external_train
ISIC_0056235,bcc,BCN_0003515,BCN,58eb9b143fe6efd7c98c735d65d6aeb5dade1a83b153d56ec7f76d682244342e,external_train
ISIC_0058349,bcc,BCN_0003516,BCN,338ffdd48b45d953e4db3af3b788d3155d04af56e582cd51a53c28ba2e4a018c,external_train
ISIC_0057854,nv,BCN_0003518,BCN,1aab33c127ae198a1eb280720ff6be615c2e686ab6e81032fc93ae66219405af,external_train
ISIC_0058538,nv,BCN_0003520,BCN,955419b360055ef28b77f0e723f7694f92de06a411a2a428a7ce65fe618959aa,external_train
ISIC_0062840,nv,BCN_0003521,BCN,2007d9781be3c46e130986270c5f02a2d2462b7595d3602ef6ae184ccf18164f,external_preflight_val
ISIC_0058633,nv,BCN_0003523,BCN,29229d45528d0681f94e4d2e4cf3caa28a2d3539301e2fdd708053d0d6e303d5,external_train
ISIC_0067045,nv,BCN_0003524,BCN,23ef144fe8ef76a59a6f85e872f21473aec64cbe7d39cb02b400d4b4b2efebaf,external_train
ISIC_0054038,mel,BCN_0003525,BCN,4b1c8c4abf5e2537f9577fb849c73719a1372759c358a8c87c2bb5e32f934040,external_train
ISIC_0069422,bcc,BCN_0003526,BCN,335bf4624eda758f58c148fa88d0a22c237510671623123660482f2e07491422,external_train
ISIC_0056829,bkl,BCN_0003527,BCN,12b900fe0f3923af15effda9846464aaa36a8828cd3a90286ec1111fc22a032f,external_train
ISIC_0057289,bkl,BCN_0003528,BCN,0d293e0e6b5a0acabc54676b7d5ed611708f9c18ef09ae597f96c20f8b03a69b,external_train
ISIC_0062693,nv,BCN_0003534,BCN,4fcb743e0b3844b3d09ffb7643a14175c0977b9e0701f533aca343de328373d0,external_train
ISIC_0068355,bcc,BCN_0003535,BCN,444464d08612b49b66a77429e59c5f9f0c1b0387422df0d507b793710ba5d4d3,external_train
ISIC_0061946,bcc,BCN_0003536,BCN,1fb3e0900f59a94a16adee8a00b70c6ace3d183b5a4132d31bc4adaad1edb646,external_train
ISIC_0061335,bkl,BCN_0003538,BCN,417eb0093e92b0126e98960de6a555cee1c4ea0b78e8a125348727c5010f6f79,external_train
ISIC_0057554,mel,BCN_0003541,BCN,49b27ed4da5296a6b7aaacc4f1dc2964bcea4a5762bf6b6d2f83d23805ebf360,external_train
ISIC_0069876,bkl,BCN_0003542,BCN,1792b00a17a951f1c8fec690002946388e767c7dcfa3439068c627d1e80133bf,external_train
ISIC_0070975,bcc,BCN_0003543,BCN,106a00a4e18265fe1813b1a5bf43c4c8c9bf6d73cdbcfbaac7c2e66b0ad96691,external_train
ISIC_0067647,akiec,BCN_0003544,BCN,205918fbdd98bf9d0d3ad4e066db212fadb467bf9670ad392a9665982865b752,external_train
ISIC_0065747,nv,BCN_0003546,BCN,92184d26a818beee94cfc6dbf64c5904aaf8c9826af1b639d0ff9fb6cf135159,external_train
ISIC_0072169,akiec,BCN_0003549,BCN,7b1280d27de9010f02557094eae93cf0d8f55e9d0c45b5dd408293b4d64c881d,external_train
ISIC_0054433,akiec,BCN_0003551,BCN,27b8f90902816b54984775ad2e0bb7abb5b4dbeb53577e5e2d18ed8b8c60bbba,external_train
ISIC_0066680,bkl,BCN_0003552,BCN,39324efeda977dc4aae96de9d32bbc6f737cde43ec5b1b7221ab9b406800ae82,external_train
ISIC_0056135,nv,BCN_0003554,BCN,370a29b5490d2dc95ef093ad9852f3f7083be437dc4b3ecb8ed8269d97279d7c,external_train
ISIC_0064864,bcc,BCN_0003555,BCN,47fa2209b1cfe8d0af94b06aeed35b6457a7c6c966af7e920684735b217e8a75,external_train
ISIC_0060572,nv,BCN_0003556,BCN,4ccb3e16e08a782299935653677dbf213435a0e8d7e73a21d925a816b0f63383,external_train
ISIC_0061594,nv,BCN_0003557,BCN,1b8d0b39f9972d2e06645beb3043a497dc31b0dcd5a8893953581892b8c11dfc,external_train
ISIC_0064685,bcc,BCN_0003558,BCN,6150b3f96d2935fc503d402eca54d4ca18d4f89fcfdd01835ba6072c91493d95,external_train
ISIC_0063059,bcc,BCN_0003559,BCN,0ef0ceeb5073be3dfe36ea3d550f6c5f4487f451e2599bb755e67c7256a08fc2,external_train
ISIC_0059435,mel,BCN_0003562,BCN,1b82bf5856784be836fc2817d5dd03bd1c97247bd0d38c8f98fcd829ac0f1369,external_train
ISIC_0065063,bcc,BCN_0003564,BCN,98a38f10e0d474b470d2193cb1eba4911f2b601c27dbe3cfb0df8f8777bf144f,external_train
ISIC_0066436,bcc,BCN_0003565,BCN,373213d61790040ad9b8a9063bfce575024be622b60d0c7310f9860acd194dfa,external_train
ISIC_0069157,nv,BCN_0003568,BCN,961c8dd04394e268d8cc855014e76db35a7d56a5a33ad9b127a128d98107fa8f,external_train
ISIC_0057015,mel,BCN_0003569,BCN,c46b99f0c10a7d84c2426ff57b98928cfe5ed7087569d6e3e6f10c1eb7d97689,external_preflight_val
ISIC_0055393,mel,BCN_0003571,BCN,2663820fe22df7845e2cc14443b3245a3a926a8676b3d72db9d5a93c0bc8d280,external_train
ISIC_0064578,bcc,BCN_0003572,BCN,04d343d7fc27b2ea6b9db797d6f9a438896e8ede5644b8ef4989d07e324d9d15,external_preflight_val
ISIC_0061018,nv,BCN_0003577,BCN,8063b050947bee51344729ac1ec871d630405d66d1e011dea3d6f25fad9fe546,external_train
ISIC_0061791,mel,BCN_0003578,BCN,1152f6e33668e847c90de35fb143d777acbe75f85bac0bd1a01c15902685653d,external_train
ISIC_0057245,bkl,BCN_0003580,BCN,5c8c0cdb8fedf3f6201b64ae4024a29c64471b72e06833bb5461465f561d749e,external_train
ISIC_0060080,mel,BCN_0003581,BCN,173c1d744e1fb867173d17f144b402c60188e09b0d6f60395dbc41f681a13430,external_preflight_val
ISIC_0067539,mel,BCN_0003583,BCN,3378af00db908846acd7dcd979c2f3ceb694accb0d926202337bb94a67a627b6,external_train
ISIC_0053766,mel,BCN_0003584,BCN,84a41e155304e0548c18fb0d694bf0b6638c6dee07ec0ad90021dd5e2713657a,external_train
ISIC_0062024,akiec,BCN_0003585,BCN,2ba0257cbb0f194ac708fabb8011fbbc7ba10b2ada9db8f0b75ccbf4199b2fab,external_train
ISIC_0058517,nv,BCN_0003587,BCN,2127a24442268986340f75da64c5ac9553b976ce56caf1ff2cb6720856f76003,external_train
ISIC_0071947,nv,BCN_0003588,BCN,1504dae9d8e07f0a8f3e73ae51bd588634b34bb5670284806844782288c1ca4a,external_preflight_val
ISIC_0071448,bcc,BCN_0003592,BCN,22938c418982b4a11af297984b1e05dc33dd9595427641a5e0ff4a2c189f4a56,external_preflight_val
ISIC_0064456,bcc,BCN_0003593,BCN,1a3542929bc3ac4009e36a038175c21dc3eb785b86da7bc6b110026d541639e4,external_train
ISIC_0054805,akiec,BCN_0003595,BCN,58cb78c2e4ff3b0cfd5404f362808a467d0a4da01b359d47e2ee34f07313801c,external_train
ISIC_0070646,bkl,BCN_0003596,BCN,5bf98bd838b9a07414d76f628bb01813706287333505bb760ef91294ba6c3a20,external_preflight_val
ISIC_0062726,nv,BCN_0003597,BCN,3a03c2bdb39da77ebb21a3a21689ef168a1d19a68e5323a8a377106e70ab73a7,external_train
ISIC_0053599,bcc,BCN_0003598,BCN,45f112c0e12b75a5921407e6aad002cf2213ec4ef841d22ba5732d67f7619897,external_train
ISIC_0055839,bkl,BCN_0003599,BCN,3d6c2aa5a2622f87958bc775f93b0acecaaa8a11f74feaf22295dfae1ac0d1ed,external_train
ISIC_0056391,nv,BCN_0003600,BCN,4af246069a64feefbef6268fe5eef816e346403476b829322e23943ed11db978,external_train
ISIC_0065297,nv,BCN_0003602,BCN,16e1a6c6a6b9cd4967d3e05273c8f7dc2d9a73365292febee3821f8f322cabb9,external_train
ISIC_0055303,bcc,BCN_0003603,BCN,14d890053da8969d7a4c35f8b1076f8348fa5783206451c7538f09116b7341aa,external_preflight_val
ISIC_0069183,nv,BCN_0003604,BCN,0b9c3c1428af762c5e6edbf89b5710301013d9884833cb648f6983d73ec3936d,external_train
ISIC_0056863,mel,BCN_0003605,BCN,1c3f2b771291ae19c586160cbb0f0a261ac514563c3533a59791156aa7c7973e,external_train
ISIC_0060254,bcc,BCN_0003606,BCN,5ca44e74004d6b491915a4248ef1c0d88eb69b08ab43a57df47b74249b3ff977,external_train
ISIC_0054751,nv,BCN_0003607,BCN,37749a04cd8932f4c09fcf90cf3920c6168819c5feb5c5c7f2b0cf624ed721d3,external_train
ISIC_0063607,nv,BCN_0003609,BCN,3b2e63b1a0ff920831bf5aab6f076bfb1ee138c0cdcfb9586cc4edd3863d4c05,external_train
ISIC_0064393,mel,BCN_0003610,BCN,84156f73a8701a819255ae69daad1ea381c2d09a6d0e5264d92730259a699a37,external_train
ISIC_0054826,nv,BCN_0003613,BCN,0f4dff220fdb98903d3f2197564d057295b1faf17761d9e0a59293787cd45313,external_train
ISIC_0063379,bcc,BCN_0003615,BCN,3d0b8dd2b426a3679bf0148b32cb2c528eb2757b160df0c7a04c3a57a0cde614,external_train
ISIC_0057909,bcc,BCN_0003617,BCN,737671eb6cf43014741ac5dec8cab489df784b98b7d5a183853506623cd61a0f,external_train
ISIC_0056444,nv,BCN_0003618,BCN,aa9a92ad1226a50eadde7090552500362938ed5f90436a4369349aa3df2063ae,external_train
ISIC_0061170,akiec,BCN_0003619,BCN,08c8ab1a7b992b04737e117a22f5a9e9bb85e3c7abab99a472815eb9699ee57b,external_train
ISIC_0066736,bcc,BCN_0003621,BCN,0570276b7860bd09cf1f2eee86c89c2fc0dbd5cadec6041fe35f54f5f5ebb434,external_train
ISIC_0068573,nv,BCN_0003624,BCN,0a92285eb5078a2177fbe77aeccc3c6956a8479b3b2200bee6284996b328ae88,external_train
ISIC_0062635,nv,BCN_0003625,BCN,551bef62bcd53e759f2d17724eff0699f36fa97a8f0939b6ef78736a261c98f1,external_train
ISIC_0058541,nv,BCN_0003627,BCN,060237ed77d9847c528c24e40207fada79709b2cc11886922186860f80bcc6a0,external_train
ISIC_0072157,mel,BCN_0003629,BCN,14419aeb071386a5a16b7805c2aa75f5c745c54d3accf332afc7b2385be82b99,external_train
ISIC_0066221,bcc,BCN_0003630,BCN,54ceea4ff9498738d053a5a809d0dd85c37d32f41ba3f1474ee5ab2d556bd997,external_train
ISIC_0064603,bcc,BCN_0003632,BCN,9250f8d9e61fe4b6c6606b2698d26c87644e9c6b577386f98a90608a405400fc,external_train
ISIC_0062271,bcc,BCN_0003633,BCN,5203728c6a12923b35415ff0b0081f124860420bb48521a945559c499417ce84,external_train
ISIC_0066314,nv,BCN_0003634,BCN,0455e3e1f65a13c7178a96bd0f2e175f880a0db85994312583e4aefdc2df141e,external_preflight_val
ISIC_0071200,nv,BCN_0003635,BCN,0b3adb40fa10d2bb570a5fc3520d41b903ff26961bb0bf660acfbf60bf409b4e,external_train
ISIC_0060982,nv,BCN_0003637,BCN,91e0b47f0bdd2abec1a7dea919d9b58ffe7cd190abb7ceeed85656de59230ebc,external_train
ISIC_0072910,bkl,BCN_0003639,BCN,5103d64a386b10c7ce29c1fee60f0993a917c9352cbf15a9e0b750196ee0c8ed,external_train
ISIC_0057749,nv,BCN_0003641,BCN,16eb91c88023d38959f84c43216199a25c2aeb6315cddce68d8bf327f6efd38a,external_train
ISIC_0060023,nv,BCN_0003642,BCN,5e914a40c29630d852a1b672b9d33cf23dba4a2515a40b6e411e6bcfd019ca30,external_train
ISIC_0060576,bcc,BCN_0003644,BCN,51b1be07219c2350524b816b5a2a79de0972a95f8869c8df89dddd0f810d9275,external_train
ISIC_0070162,bcc,BCN_0003645,BCN,4dd53011806bf5bd1931eb9856983a6701c02fc9ea2488686b16afc7e170acb7,external_train
ISIC_0058471,mel,BCN_0003647,BCN,0259313e66291dd68d90fc7bcd9321872a2c194d24a1d2b40a73df78088ee027,external_train
ISIC_0055954,mel,BCN_0003649,BCN,031059cc9be8021d67b12b5ad04303574d67cd9b1bbcb950e36c314b05e2d7a5,external_train
ISIC_0071139,nv,BCN_0003651,BCN,176d6a9e4ffbeb42448743254ee419df543dbafc04d7c2eb5f3c6a9a383e6320,external_train
ISIC_0061102,nv,BCN_0003653,BCN,504f5bd87a73c8c5756be173ead43fb84662b2a300a6161bae72e706ac805ad9,external_train
ISIC_0063984,bcc,BCN_0003654,BCN,0cf800fee90e0d471d0e2ccb2adf0f0b93baa00553516416d08d5b17c7db1934,external_train
ISIC_0061110,bcc,BCN_0003655,BCN,65fdf7506d6d6555e16049ffc975a2c68537b066f1e6f81255b4f14dcf1eb102,external_train
ISIC_0071896,nv,BCN_0003656,BCN,a94da9665828e1f6715a1e2154dd596f0bcc416591658093979a380fa31a0988,external_train
ISIC_0068339,bcc,BCN_0003657,BCN,d2e5d53e9aebd7ed813f176518b3f18e9b37659d82127ffc96e59b9b13bf4837,external_preflight_val
ISIC_0072202,nv,BCN_0003658,BCN,241f92727e7b413914645ed8081eb331d5fee6045ee558c0847becafe7e1de13,external_train
ISIC_0060204,bkl,BCN_0003661,BCN,d55820a0fadb961bd8026f01403dce5d322d41f8139641f17f2808932da11817,external_train
ISIC_0066963,nv,BCN_0003662,BCN,17699834a5d8f0a5e75e5b06439dd96a9948179d04ae2546a897657fd690d1d4,external_train
ISIC_0072764,nv,BCN_0003663,BCN,71d8f2b9a213a97d2d814ba1df54abd01c50650893f03b2754a871c21d4b4ec4,external_train
ISIC_0073091,bcc,BCN_0003664,BCN,71adbcca1b8720a1ecb3725e2eb0d6fc2164c03862e5ae7791bc1ab306918eeb,external_preflight_val
ISIC_0059480,bkl,BCN_0003665,BCN,a8e4ab8829393b3e9c726549b0f16972efa7633bbfa6555d395576370b93bfdf,external_preflight_val
ISIC_0072029,bcc,BCN_0003666,BCN,2dae4ac93979a577a4a74edfbbf136e2ed22dcc61649fc27e34480406c608c2d,external_train
ISIC_0055465,mel,BCN_0003667,BCN,0a37d659aecc2d1d4abda44750fd7da184ce9dcfe35c1aa0cd633797b13e77d1,external_train
ISIC_0063993,bkl,BCN_0003670,BCN,18071bf45275b2c053fef126af8cb3b59576deffddd85fa4090f018d69ea5f9b,external_train
ISIC_0055492,mel,BCN_0003671,BCN,0027122b352b6f08dd0b75f2ebc5f00ae70c5ceb51e43631d1bbdfd056055025,external_train
ISIC_0067546,bkl,BCN_0003673,BCN,b05d94be48d0ca08e5fc6d2badcecb6aee2a77661910cc4dd614ad63a913cb8d,external_train
ISIC_0070736,nv,BCN_0003674,BCN,64f8912afa97698812cc23a337d6306a6d162ea8fc301cc97cea4393bca12f9e,external_train
ISIC_0069363,nv,BCN_0003677,BCN,35859800566c5e16327d3588b894478c2109ab4127430363fa29ecd92c5d14e3,external_train
ISIC_0062873,nv,BCN_0003679,BCN,3f45bda76de5de40ab9d72db8f59cd15aceaa4ad57b1febc94438cf6540fe7a3,external_train
ISIC_0057189,nv,BCN_0003680,BCN,0009999fcef063dd827079137a19c3ebeb1536a9ad964ae151378c862646e3be,external_preflight_val
ISIC_0066737,bkl,BCN_0003681,BCN,4d5d1927afb54194d550ca65ffb02059156aa83a870c65a20deb109a4e0fc1ac,external_train
ISIC_0067519,akiec,BCN_0003683,BCN,538867b09b78e6ac10345ad2a6a43dd1028e543ed02190fba80f79f5f20af447,external_train
ISIC_0061476,bkl,BCN_0003684,BCN,3747a19db07ff394cbfda97d021d91d067b8e2834ea8507260147f33feb9da1a,external_train
ISIC_0068504,bkl,BCN_0003685,BCN,a63600ccfc0e4aa68592a59493a610af124539d31fd06ce009114bd180c54f63,external_train
ISIC_0055809,akiec,BCN_0003686,BCN,7e2c357d1f4a730bd5ab395e2b2694512399ae1ce95619fa2afb514f7eee7b89,external_train
ISIC_0070835,nv,BCN_0003687,BCN,0da353f3c5104344c1775e67d055d6b0490cb2a3b44abe11c1fbff226767e4a1,external_train
ISIC_0056175,bkl,BCN_0003692,BCN,153aa37188a1c3d2ab6f280150d820e672d180d57736528544fa386563139f47,external_train
ISIC_0060120,bcc,BCN_0003693,BCN,caf4ccae9c61460a02d38bcc1a91d5000bb4bdcf9148ef8b5a867d93b69d3dcd,external_train
ISIC_0063038,akiec,BCN_0003696,BCN,a88a6b90f620a7d3c8ad874524bad366e1e5d729fa8cba61a14ffdfac6babf10,external_train
ISIC_0062760,nv,BCN_0003698,BCN,03842144c5d6fce3ffd68f6a8cbcb68f91958e14889f51499c3be63cfa289d8c,external_train
ISIC_0072531,mel,BCN_0003701,BCN,2dd37c993ae3178944015f449b44f5385b21c4c3a8487a0ddfc2c55f562d9743,external_preflight_val
ISIC_0064481,mel,BCN_0003702,BCN,59bbca2a03852ef64aebe5a86883d2b4edc4e4eae562f2fc336307045a7dd48b,external_train
ISIC_0064115,df,BCN_0003703,BCN,038219c19af0178b847046f5afa25fc9f10225e1c1e0da7488d69cf8efc320b8,external_train
ISIC_0066653,nv,BCN_0003704,BCN,535d0a4945f1f3c8a0ef027a327baa8e177aa59f3f28155f675c1a354660c14a,external_train
ISIC_0064883,bkl,BCN_0003706,BCN,267745569d311a0a55c5bba57cc84aff6d5e86a93e9d5d33657f5047863af29d,external_preflight_val
ISIC_0058988,akiec,BCN_0003707,BCN,339b75cae6f38092391757c15e798c00aaf494f02cc5479b38d65ef3a34cea3b,external_train
ISIC_0062909,nv,BCN_0003708,BCN,3ff099c1a9d669856999fea77869a9f199b42068068616e22312d7d5828408fa,external_train
ISIC_0065345,bcc,BCN_0003709,BCN,82ce326eb3926c687e20a509a7c17d7c1cf0414afac71ee13cbf5547b2b50ff3,external_train
ISIC_0059134,bcc,BCN_0003711,BCN,989af433cd0296dc3cfb33b267242decc64c9f00383f18fea9856a3a05297a81,external_train
ISIC_0061837,nv,BCN_0003712,BCN,0cd30e97bcbb76123c0dd2013fb8cc3202c431dc84fb5d10528c95ed533660f6,external_train
ISIC_0059155,bkl,BCN_0003715,BCN,2d6f0243fb9ea6ce836e2d82ff986a83a410b86c50b707592f2f844ef707c0c4,external_train
ISIC_0064095,nv,BCN_0003717,BCN,2e1d2f65ac23bebecc7f1a356e746eb1f8516bba640d697189ba7c998746b610,external_train
ISIC_0059439,nv,BCN_0003718,BCN,417a4e23519721c7e80a2401cdbbfa67e9fc080088dfb8c35c8671e6b305ba45,external_train
ISIC_0060544,nv,BCN_0003719,BCN,6a9fb28ba01c148ef68e0ed551e63755fc6cda81a4536ed03bb3722f2bdca5dd,external_train
ISIC_0070131,bcc,BCN_0003721,BCN,7e6eaf0f72467194760da8fae7313dc90844e45f2b5859119db53ef20e4b30eb,external_train
ISIC_0061781,bcc,BCN_0003723,BCN,61172eca8fbc12c44d47954b1258ee2110699c192fb32fe1ead3442086b5f7be,external_train
ISIC_0060556,mel,BCN_0003724,BCN,06a08ee01f3bf08d8529e4035e6a5cc63f3cc125282a2cc22d885c2717b0ebc3,external_train
ISIC_0054973,mel,BCN_0003725,BCN,0901716442b0c6183f471ed5495fabd5733d038ccec1388fd4e6cffa1b465ca4,external_train
ISIC_0070794,mel,BCN_0003726,BCN,3c92d778a82b0e91c7d3ac0e2a765bb6b8179a0b67dbb01267a0ff2069599e32,external_train
ISIC_0054238,nv,BCN_0003729,BCN,2b45a5fb7213ff82f11e8d61f424ea3f3b0cd20535ac5838483774f539ce2a1b,external_train
ISIC_0055125,nv,BCN_0003730,BCN,0c60c7750547a8012a17e22603420b6573a5dc6d3b86e3b1075ef1f0658d818e,external_train
ISIC_0057654,bcc,BCN_0003731,BCN,37403565c487340879bf26981f5e5191e7c326d236c41835ef6dc804e2a609db,external_train
ISIC_0064265,nv,BCN_0003732,BCN,185f9dd21c6fe24917e2795867cfe1d84bf54f61e244b94023688d99582f8ba5,external_train
ISIC_0056499,bkl,BCN_0003735,BCN,189f671c5b16e0f7d5bb3ef3e6fd836ad37260b12d0e38c4a927a00cf2bde096,external_train
ISIC_0061180,nv,BCN_0003736,BCN,c211fc488a7e1faf184d995eb1b2de701b143242793fc699a9adb22daf396a5a,external_train
ISIC_0055132,nv,BCN_0003737,BCN,220d3bcb87651bccd778248616b99e4b6538a2affd0114adc1aca547cfd5ad8b,external_train
ISIC_0059753,nv,BCN_0003739,BCN,b5a852c7625af987b2c2ae0da6f7a90fc236faa9f4335320e10e4a3857786e54,external_train
ISIC_0061749,nv,BCN_0003740,BCN,87fb64c5af2e9815077604ae6a2e388c13b2a2a9c2087a76d44e59249ed2da08,external_preflight_val
ISIC_0071001,nv,BCN_0003741,BCN,5b4b2da8d345649e4ad24013234a94d4fd9c822c098887c3d718f63e3f6b26a1,external_train
ISIC_0069763,bkl,BCN_0003745,BCN,bc179c98ac3aab48245003d5e4a7682f5e1ee7aa3b93fdb597a17d1396970b66,external_train
ISIC_0059341,nv,BCN_0003747,BCN,8de63d544c66e5b5dbf88d61459ce43f478785f13a08e5e5c692193a4258610c,external_preflight_val
ISIC_0067478,nv,BCN_0003748,BCN,5b849b7017c12e3e365abb718aec6ad803d5a95c2969f021f7e323de88ada3c4,external_train
ISIC_0063458,bcc,BCN_0003751,BCN,799be53e43148a67ed6e0309abd1e2965a84b4dffd5790ee91e7aabb2bdeb47d,external_train
ISIC_0069373,mel,BCN_0003752,BCN,11e4fd4916e1e3b56255ff0bbef5057be4449f02b5881a2b76f850ac41419f28,external_train
ISIC_0069287,bcc,BCN_0003753,BCN,8b2a889a1420fcf26e93391ebdc5a9d221d25591de889bc7fb08bb641c5a0e92,external_train
ISIC_0073008,nv,BCN_0003754,BCN,0bd40c5ae362e81b5be0a2b973075e60dfe4200f335c3d47077153e671872518,external_train
ISIC_0067750,nv,BCN_0003759,BCN,3c3d1a6c228124dfa50ec14d1d955b33cb14c84c1f09bada596c29ad262518e5,external_train
ISIC_0071192,mel,BCN_0003760,BCN,223b5aef4e16b5948fdd76047ad7c902f90a4b9baccb61df732a1576d08d81e5,external_train
ISIC_0067219,nv,BCN_0003762,BCN,42733e3012b5e64dfdbc75fd8db7eaf64dfa037fe3bacacb09fb3d033bbb510c,external_train
ISIC_0055356,bcc,BCN_0003763,BCN,7caa807d6e022817a3e4bce8c54569b45c6387eb6e5477c9b3a2daf7f0961804,external_train
ISIC_0053833,nv,BCN_0003766,BCN,19b411967462007aad5152d93811035ecce36724caa91cdbb2d8a0d315cc5b49,external_train
ISIC_0054107,nv,BCN_0003769,BCN,069a74700f3d4e5e566cea02cda39d5c559a76e2863c32fb294870d86919bfa2,external_train
ISIC_0061582,akiec,BCN_0003771,BCN,8a1288a9a9d94074259e44004376279aa401e49bfc5ecfb1637eb82b6e27c4aa,external_train
ISIC_0053620,mel,BCN_0003772,BCN,23109d06bbc898b4ae06ca4262f0d844dbc76d84aa2b2ece6d71871788b7aa8f,external_train
ISIC_0067345,bcc,BCN_0003776,BCN,05cb8b837907be65e52cb43ccd3ab00735a3545cf1a00cd7f904160049cd9c7a,external_preflight_val
ISIC_0064354,bcc,BCN_0003779,BCN,45174cadf8dc542f55b8aa1e9a5a9c0cb65d7f45568127ce36eab76f7797cccb,external_train
ISIC_0057008,nv,BCN_0003780,BCN,af884ddc124400c31f8ace75ba75d6abe6e49865357dcb28dadf7afdc936fdae,external_train
ISIC_0061143,bcc,BCN_0003781,BCN,1b05c091a978bf2b027aa2c385e27c56317226763482fe6d464645fc466aab60,external_train
ISIC_0065203,akiec,BCN_0003783,BCN,63ecd42bc17a2527df4561997992f24a0f1a13a55ac41d91c31d3b44f6c84d23,external_train
ISIC_0072117,bcc,BCN_0003787,BCN,2c22dd5ed9f22db48e38e23c07aa57a4a8931b786d292d3c080dd3d55269846e,external_train
ISIC_0069168,bcc,BCN_0003788,BCN,fb51bbc5c3f6e4b62dbf68939a972a4319622eaa5d8fca620e02e7a3e8426c61,external_train
ISIC_0059477,nv,BCN_0003789,BCN,bacc34a1f049ce8658a10ab03a3085c0554ee471f3b328ea65557788458d8239,external_preflight_val
ISIC_0060354,akiec,BCN_0003790,BCN,b307cf4bd6a92143efed4666dbcc9efce7df396145b3107a9fc683eefa02b329,external_preflight_val
ISIC_0060311,nv,BCN_0003791,BCN,040c011b08f83bc212e6ba81a56ffc11dc607b43fc4359eb99dc152b526a791a,external_train
ISIC_0054798,nv,BCN_0003792,BCN,99b8b5b5587ab46746f41bddd79aff7c7bbbbcac72237a4d5adcf87476247850,external_train
ISIC_0063716,bkl,BCN_0003793,BCN,211c12f9cb591afcf46e9348920286ee3f227a015b1358f8ea6f641bc5d85d5b,external_train
ISIC_0062679,nv,BCN_0003794,BCN,16ba6ad1f6165e8feb0f95bf8f505ca07a4d1c595631e9390598f7f9a5c89145,external_train
ISIC_0058432,mel,BCN_0003796,BCN,17ea65704f9a1615214c51ff2242c6723781e9779af2dca1a898d02b20025238,external_preflight_val
ISIC_0062623,bcc,BCN_0003797,BCN,12af8d66b39e1d647eb91dcb3f07762944b08f83dde7a6740197ff0dc3d21e67,external_train
ISIC_0061709,mel,BCN_0003799,BCN,20587bdb9dc6a729c3574671445e0facca9183578d7e92ff809b85a6fe4cf018,external_preflight_val
ISIC_0072572,akiec,BCN_0003802,BCN,f64b10b42a209d93abbd89ef0dba324657b5d4bbbc410643837c6290627e5b17,external_train
ISIC_0064129,mel,BCN_0003803,BCN,05ca0ae0c8b323a314f4e74d679b67ee0a8953c69601bce88586e5ce4edeb864,external_train
ISIC_0067804,mel,BCN_0003804,BCN,9ec4cff8e415e807c3de1356c30e0693e4d11d68be6870af19e2f705209fea38,external_preflight_val
ISIC_0070698,nv,BCN_0003805,BCN,22338f11476dd491ab06ec8e2b0068536f19263fb93dcf43f0e680e35beb87d9,external_train
ISIC_0066661,nv,BCN_0003806,BCN,225bc851e8bf73f270496a6d75a1a4ddc309f9bbfd29216501381599b618c9a5,external_train
ISIC_0063673,bcc,BCN_0003807,BCN,585b5d16ed074f64bc4d0446a41ce950c8ca70c76e30738147503df98eede177,external_train
ISIC_0059546,bcc,BCN_0003808,BCN,6a149a6785f7a424297b3f1473678d28e7cff4fbe232964e89fb6ff28b4e6b56,external_preflight_val
ISIC_0071968,bcc,BCN_0003810,BCN,2d52a8e07b65c34373112e91e4ceeb2fa66011a41874a9c6ec9342ca0edc0c0f,external_train
ISIC_0061488,nv,BCN_0003811,BCN,3424115d4abd3321923698ee269b34e8f507af1046e48ade59a1591a3d788e6f,external_train
ISIC_0070999,akiec,BCN_0003815,BCN,3556877af9ea2ec8762f81154c9c8dca64dd077e2e9822dbe64f8ba80bb2c4e3,external_preflight_val
ISIC_0060171,nv,BCN_0003816,BCN,079bf26771ba5d1d8596904cd8e16bbad26b8516b5c332f129f672ce2bfcbd89,external_train
ISIC_0055441,bcc,BCN_0003817,BCN,7f07941f58439d8497f544ada044c9568efe001df55bcf6d37a06c89cc7dad01,external_train
ISIC_0058188,bcc,BCN_0003818,BCN,14309755414e2a867cc16c176ec717395933c2ffd6c8dce7c69ae3a21f4bc101,external_train
ISIC_0053849,bkl,BCN_0003821,BCN,364603ea8983fc1fcb46e56dbf1f05f85bcaf4ab2013fec1862a0f707f195b0c,external_train
ISIC_0054717,bcc,BCN_0003824,BCN,3c8d9fb6896337ef7f7a6d174078c22cd92f87fe0e3a70c19bae11716a31a35c,external_train
ISIC_0061354,nv,BCN_0003825,BCN,8b50192c11e30cfd58fe99b08f2010c2565d5ecbfc502795546230674687cf52,external_train
ISIC_0058801,nv,BCN_0003827,BCN,8ac06641c189156011108cf9471c6807857c39418d9c1330c35bc6740702a78a,external_train
ISIC_0071212,bkl,BCN_0003828,BCN,04dfa4be2dd86166503bd2a87952c6dff8c65b19a70b94646f35186dcb956237,external_train
ISIC_0056693,bkl,BCN_0003829,BCN,3e71fb18b0396da9b2e8c1d49ce8ec279d152da259081cabfa74cf822956414b,external_preflight_val
ISIC_0059230,nv,BCN_0003832,BCN,c735e14143201f4a97e8a7a0eb34dc2feaa1147524f560bba14b07b49cc8eaa6,external_train
ISIC_0054993,bcc,BCN_0003833,BCN,1eee7e208dbec4ed1c8ebb6795d838825d06cb18376e05806bffc8be0643af28,external_train
ISIC_0064604,nv,BCN_0003834,BCN,7f516fd9f4f3793c54e5df2263829b9c199f8aeead7db33825ddec56d43244a6,external_train
ISIC_0064329,nv,BCN_0003835,BCN,a35719586f8d4da2b48d8eb0ac6e0b6c6c8457a162d120c17501038d5536e289,external_train
ISIC_0063668,bcc,BCN_0003837,BCN,0ee504552a13f9e476b2d198d69978e1952482b471a51c9a3e2b45696863944a,external_train
ISIC_0069678,nv,BCN_0003839,BCN,01032494055d213d4722350e5a40f820ffa08c71ef71682ae48ebc6f7fdffbfb,external_train
ISIC_0054602,bcc,BCN_0003840,BCN,b8da5bbd6fbaf115443b5a4dd92f4225c0e4d8fb82619f3e979486aa2075afee,external_train
ISIC_0069434,bcc,BCN_0003841,BCN,5a0ab270519e7bee1298fef07c86cc715f4fd7f418aae74f64ed60ffc6d3f317,external_train
ISIC_0063342,bcc,BCN_0003843,BCN,9967c9d934c482ee24992187c9dc551a39bf832893025b9c07c5d32e4fc075e1,external_train
ISIC_0062191,bcc,BCN_0003847,BCN,8294331d781a7387997617307f7db2c4d55e1e958038108dad0ac4e3fb756507,external_train
ISIC_0064226,bcc,BCN_0003848,BCN,1a9140b547f4b8a64721c54e6d599aa1a3a28fc2189cc9d64cb276a4e0e60eaa,external_preflight_val
ISIC_0054629,mel,BCN_0003849,BCN,1623bfcd42629786b3d0aa3a6c65c1492f9d4bf0fa5e63605ae3ba16178550e4,external_train
ISIC_0057845,mel,BCN_0003850,BCN,4f4779d0adad06d0e4c923678abd14d80c07d1402cca9657a23e3d1e963f2444,external_preflight_val
ISIC_0059429,nv,BCN_0003853,BCN,15ca58cd5b71c5bfb1957565a5e4c49f59591d4d33ec446951692283d1e32b97,external_train
ISIC_0061673,nv,BCN_0003855,BCN,0606983e2e88719458e8bd32d24ac7985183bf0a68e74ec32cb8b5d56a330b32,external_train
ISIC_0062765,mel,BCN_0003856,BCN,6a6906fcf8970321340679c127ada97da799410b8d496a81dd965fecafe0cadd,external_train
ISIC_0054891,nv,BCN_0003857,BCN,27d056863df74b2f81ef7859a0729819eb25a17ea609941ec5b9f073951fb986,external_train
ISIC_0071333,nv,BCN_0003860,BCN,9358980156a4619ab08977ba194b5c2debe4adb9747954d7147edb35c5721554,external_train
ISIC_0068902,nv,BCN_0003861,BCN,6f53d31d9b02b6cbe40fa5221dadc89aed17d1208f678837d09da22a7de46854,external_train
ISIC_0066940,bcc,BCN_0003862,BCN,3947da2382065457c0d609252b1cdbbb1dc58b6b85010bcfa471df9d91c40249,external_train
ISIC_0072878,nv,BCN_0003863,BCN,0daf9f022fb9fb27e167af647458b88e959719236e398ab54b1535b4dd2462bd,external_train
ISIC_0070526,vasc,BCN_0003865,BCN,0deeb3c0813faf39b5e12328d574a05fc7ccb3c02639a46649d4ab1ffcdecc8a,external_train
ISIC_0059221,nv,BCN_0003867,BCN,915796825254414f4bd3369964229493db6f1f87d94f8fa49e316bb8c7ffe084,external_preflight_val
ISIC_0060317,nv,BCN_0003868,BCN,00cafa874249668e821ce0984c543df2a8a9538f43336d8677ca6737a9cd4124,external_train
ISIC_0057441,nv,BCN_0003870,BCN,9de76754aa9f8e7ea78027476764a0921430aaed3e3a2cce42312f8346e2596a,external_train
ISIC_0070717,bcc,BCN_0003871,BCN,08b1eff0fe1103c7e96b64d650e6003a1c0f97948646df69f45629fa9477f301,external_train
ISIC_0064705,nv,BCN_0003872,BCN,6b4de4aa6b429dda60df34becae48c941ed92cf99201ea1c8c135557f6dd9d9c,external_train
ISIC_0068892,akiec,BCN_0003873,BCN,155a89905b2b0726d046ab8920c8141c6b7a9542a221c2ab8d1fb8d20f192f35,external_train
ISIC_0060582,bcc,BCN_0003874,BCN,4156ef2a6d12645f26713f0944b712cf1894a82d038672c7087417525d1ad0c2,external_preflight_val
ISIC_0070021,bcc,BCN_0003875,BCN,70ac6ed6e5eeca54c6aaa50139e6a2a6f81dbbc2514bdfa6fadcf6619975163e,external_train
ISIC_0060117,bcc,BCN_0003876,BCN,10f970fcba8bb01c330e2d91ae1b2cadc92bd31806ba9f6cfbb6eb073491f04c,external_train
ISIC_0067289,mel,BCN_0003877,BCN,241e2991613c8c111011b76b331bf194caaf1e3608c5c26f7d74493c76e12410,external_train
ISIC_0073003,nv,BCN_0003878,BCN,16c4ef095b83be6005b1913a95fbb314f3e5386e652af5d31384ec6e6cc65b20,external_preflight_val
ISIC_0064013,bcc,BCN_0003880,BCN,004b3a128faaa0d0ee982b0b80d32eaad0283bf4a97b4ce0c879d54647698832,external_train
ISIC_0055404,mel,BCN_0003882,BCN,88042a693cfb1e633a1c1304c209760f7e86883e4976c2d40dff6987109bb427,external_train
ISIC_0055351,bcc,BCN_0003883,BCN,2c547c7e169b80e585261956993899939f3f04e593a9aee2ec62c20b084dcb62,external_train
ISIC_0058332,mel,BCN_0003884,BCN,0104db1f1c1fd8a5ba7b095bdf35ad522ed5098f1c5be4cb6a84288c179c980d,external_preflight_val
ISIC_0063046,mel,BCN_0003886,BCN,0fd0a99d7ea83b664e4d525ae93e316ed936bce324136b1ca5ff1bd6225b0da6,external_preflight_val
ISIC_0056503,bcc,BCN_0003888,BCN,70a8b44fad903703e8962cd2091922346482e4a0eaf097a4c65a839d51eb9dd1,external_train
ISIC_0065174,bcc,BCN_0003889,BCN,47332842fd19a0d9b9290778eb499ca5a350c033c003c9c8e2457a318e506d89,external_train
ISIC_0054243,bcc,BCN_0003890,BCN,2d15cdbf48a2307a1d30c617e0afe8d37a73e7a7c4b1fd248283b810da4b89c0,external_train
ISIC_0058900,bcc,BCN_0003891,BCN,04680c4584d41202beff2a4daceb723e10c795ff5004ddbe716df268dd8aba3d,external_preflight_val
ISIC_0068697,nv,BCN_0003892,BCN,e8f940e64a23a50d093790c8a433350004c29d21c4ed9df5b8f421aecd9fd7e7,external_train
ISIC_0062740,nv,BCN_0003897,BCN,0a3f8ad831345e722ec8960d78d7dbea02b8a2d02dd320f6033d263c22b1110f,external_train
ISIC_0069718,bcc,BCN_0003898,BCN,1883c0d4e044032abd394222b80ad13e024ee68ddd42ec6294d1b9a5a7629475,external_train
ISIC_0057346,bkl,BCN_0003899,BCN,0bc536cb7eab474bcd04d45d01fc6575cd404c63f59a60519b853be0637f782f,external_train
ISIC_0063331,akiec,BCN_0003900,BCN,9027b19bb569d213a58c826a03a11233f1ab87bdadef68215b16c12dfcf9a85c,external_train
ISIC_0056452,nv,BCN_0003901,BCN,08c816f84a65149e9f8996ce99228ba7bb864df1d9275829bcf3aede797b3ede,external_train
ISIC_0065236,mel,BCN_0003902,BCN,0ca258a1a4cc5c938ded16e7b3efcb2af1e0feb12ebbb0d80dbef02d46aa40ad,external_train
ISIC_0067524,bcc,BCN_0003903,BCN,0f13431d76d4d40623862aefebcb7c403b59decb6439d7a5487f5be5a8a8d098,external_train
ISIC_0071419,bcc,BCN_0003905,BCN,23470e2ac823ce813bd1152ce8a8b4403a6e83b2781a458cad41e84a0633897d,external_train
ISIC_0062724,mel,BCN_0003907,BCN,231cc464219905052b76bbbb7e5de2e47ecc1a5bddd7225f7ee4e9b0a8381491,external_preflight_val
ISIC_0065909,bkl,BCN_0003908,BCN,092477e7eb370dd8243e54c82f36b413cdbe4c3a86df53441412791e65bb5e8a,external_train
ISIC_0054194,mel,BCN_0003910,BCN,2805c1f502d259fc1ac53efb6f8e4a498cfa7d32357f5ad6e507b2e4f79bd1bc,external_train
ISIC_0069349,nv,BCN_0003912,BCN,613721b5160d48f949ec223f92d34670805e08383a917bf5d9b926f2a1cd00ff,external_train
ISIC_0065584,akiec,BCN_0003914,BCN,48223bb12b0bf62fcf867d3befd183a8854f776f58651cd1e85e9b24a1a0c175,external_train
ISIC_0072095,nv,BCN_0003916,BCN,935726f4127b918a699502dc7fc3b998390f5267244a75c5837a1e6285f3c878,external_train
ISIC_0069307,bkl,BCN_0003918,BCN,9485251c3618a62d2e109862ab05e6321b1f89c674501eb96567f4220da967fe,external_train
ISIC_0058335,bcc,BCN_0003920,BCN,33e7b40f52468b223a88f5b1c902b13519f51ec9c423822e6e68bafe50e903bb,external_train
ISIC_0058822,nv,BCN_0003921,BCN,195eb47648ea097318010ec76ca4d8a3d88e2c66d2a25996275e5a48921b6bcd,external_train
ISIC_0055086,mel,BCN_0003922,BCN,703c91c456f2e10f08a1d788cd7459532a26e9ccdcd6d966c258e771bc9831a9,external_train
ISIC_0060245,nv,BCN_0003923,BCN,31ab596d5f52b24d437356f50d1e643dc9e3eda37f3eb8031426290e3b3eec52,external_train
ISIC_0057943,akiec,BCN_0003924,BCN,29b0ff24f8df9b2fbf5766c409e8d975671e09c76b4cacda383d59304b418d4c,external_train
ISIC_0055206,bcc,BCN_0003925,BCN,1a0a12bf262d2a42057aff501dfe581b7e9d980bcbc567a68de0ffbe48d9fc25,external_train
ISIC_0055098,bcc,BCN_0003929,BCN,5c457621ed9c3471c07684c01a93d6fc99a128a8430f88c0f92f5e9015f3ae6e,external_train
ISIC_0063768,nv,BCN_0003930,BCN,22a33c915faeef1f1759f5918f76c3bb017ee322eaa68dd6850ccc25702253a5,external_train
ISIC_0067373,nv,BCN_0003932,BCN,0444be14e80086fd2759331f31ebfb04a039c349f0e41ca9318dbddd2843e8a1,external_train
ISIC_0067756,mel,BCN_0003933,BCN,5715575aa3d1c6e44bc0e8c1cee5750d1bfa706812b17554060ae0b7edac602d,external_train
ISIC_0058376,mel,BCN_0003936,BCN,55d50783e8067e72062b1fc9c2a2764149e6ba4ce76ac39c3b8f9b523996f7b2,external_preflight_val
ISIC_0055557,bkl,BCN_0003937,BCN,80d9905806e705ed4a0e3f0df7e246f8003a9249ccf2bf813a017c0e146d160b,external_train
ISIC_0056714,bcc,BCN_0003940,BCN,5b5129ec33a5fafc694a16b70a4b63db431220108e86a1a158e5ada1d168acc8,external_preflight_val
ISIC_0071256,akiec,BCN_0003941,BCN,32aebd2b8ecb7c0017feef55a5b1993eb14bc445a51d4c6460af7c65d8fea582,external_train
ISIC_0071508,nv,BCN_0003942,BCN,8a2d0e855bec79e4902689552940e0da16b678ac98f87937db50439c695c0a5f,external_train
ISIC_0066914,bkl,BCN_0003943,BCN,2971b1c7763851f1d202038bce35443914f21a3660c9f15ce90a0aefcdd15503,external_train
ISIC_0055320,bkl,BCN_0003944,BCN,77236229db9f0d3aba424fe261aacb5623030bc79162206cad443725347303f4,external_train
ISIC_0064186,nv,BCN_0003945,BCN,aa928990b7f8638f6513a36adb6217023a8522ad9a26d31a10e1eada112815f4,external_train
ISIC_0070593,mel,BCN_0003947,BCN,11998700d454e7256625547875297fbaacfd0ff4a848d109bbb8aa9c37d0c77c,external_train
ISIC_0064060,mel,BCN_0003949,BCN,2d91582c09f2c0f4ed29478f38f7253c300738592ab4b3a8811172e3d91b509e,external_train
ISIC_0070735,bcc,BCN_0003951,BCN,438be51dc2549b3cc93797749b2546209082f48111b6fd8dad8989e4ae9dc66c,external_train
ISIC_0062044,nv,BCN_0003953,BCN,d81e224a1306bc18f607be0c84846b3a68fe1bc905be331e8ab470bf56b09564,external_train
ISIC_0070712,nv,BCN_0003954,BCN,7a160ba1724477aee487d51f95710299e2a0c4f7388a4c2ecec2ec7bcf048d64,external_train
ISIC_0070264,bcc,BCN_0003956,BCN,78a0a92a0abe6ffdaa66f7ca82ea5ef5317450e8e7cb246d98ff694e86017a00,external_train
ISIC_0070183,bcc,BCN_0003958,BCN,e316562ffc3c150a2bf6bfcd6575dc93414785a14cc02e1247d5cd58ad767513,external_train
ISIC_0054635,akiec,BCN_0003960,BCN,643dd32a68180689f9d273683488d4374eccd803226dc8fa1617504a3d08709e,external_preflight_val
ISIC_0064238,bcc,BCN_0003963,BCN,2d17e4da0571c9d52dc4042659fa0978618ddefaf7df033bfce773fcffd3f1e7,external_train
ISIC_0058240,bcc,BCN_0003964,BCN,0d933b3103b7c981f5b6b130c665726f572842117a3e31a4d3aa168163204bbd,external_train
ISIC_0053595,akiec,BCN_0003966,BCN,086fa2ca8e74c51c5e7bba558f6ce0f5980af13e53268e855e85b0f736e0151a,external_train
ISIC_0069608,nv,BCN_0003970,BCN,c1292087b942977c736487491796bf449d8973e7533d9952f9e91cac877ae88c,external_train
ISIC_0068862,bcc,BCN_0003971,BCN,61e3651778e5ce9e81abd6dd055b676b65f2cf0c018ed9ed77de1ddc7abbd6b1,external_train
ISIC_0070606,nv,BCN_0003973,BCN,9a4db7c8754dc30dc6ff634aa2bd3e275c1105d5f586b838e6390115a8ef3859,external_train
ISIC_0058979,nv,BCN_0003975,BCN,1d7b1058214fe9a2019c01e29a454ac6b1245aaf4323d9df2b259022ade6f3b9,external_train
ISIC_0054456,nv,BCN_0003977,BCN,12a0b71c35b4d715575b1a1992871ba37f81480baaa85eed39ba922d615a80d1,external_train
ISIC_0070665,bcc,BCN_0003979,BCN,5c4091f4ff8d5c1a9b8dad1376be856a4b9015bb4a758661211a8954cae4f233,external_train
ISIC_0069668,mel,BCN_0003982,BCN,0b62be19eb416adef2b328a51195b159b7406e2632cc598c6f2bacab2557a19f,external_preflight_val
ISIC_0072329,nv,BCN_0003983,BCN,14133587ff9f51caee1c8168dd14a09ff475ff1266a0fea669e597d0914b9983,external_preflight_val
ISIC_0058304,bcc,BCN_0003984,BCN,3c13f365a248d351249db87cc84d4cd41fa82d7de90f53dfb80f902518cd8099,external_train
ISIC_0066848,mel,BCN_0003987,BCN,2011d3513f05f168613e8f821ac2aad6997b7781b6b6e00d1d06e4cae989d9b2,external_train
ISIC_0064011,nv,BCN_0003991,BCN,9c592393c9693eb54845157f67d637f5b446c3fe601f8aa150d892a1593b74af,external_train
ISIC_0061624,mel,BCN_0003993,BCN,6f978d5bcfede2059aaf44d62bc33f3bf025d451c268e67771318a0cabfadd8d,external_preflight_val
ISIC_0053937,nv,BCN_0003995,BCN,14a4425a355fa1be68e5087067a30787bc4229929f96540a0706e5d35ede6119,external_train
ISIC_0054690,bkl,BCN_0003998,BCN,6d3cfc7ea8bcca86fe0c38d2806e82f9f9e4696e24727cf85ec2f9684142e9a5,external_train
ISIC_0069303,df,BCN_0004000,BCN,728aefe1da2e9c5410fd9cb5b550f21694e4c2bc9b5781fc6a8f580cddf38828,external_train
ISIC_0072092,bcc,BCN_0004002,BCN,005d4d7cd86afcc1c033e2b0a3c9889ba3f57f4fafbf11ca685cdc36c08e6e59,external_train
ISIC_0070313,mel,BCN_0004004,BCN,3774e6a1fbee98ccef5f7b0f843ccd0c8eee755239c67566592a6e6c3a00b07c,external_train
ISIC_0070210,nv,BCN_0004006,BCN,4a1c091d230485a53c58002906a34878456e75b9e2b161852a0d190f8217befb,external_preflight_val
ISIC_0055919,nv,BCN_0004007,BCN,2fc7c0947b6a0910091cd1aa8d54e14c5aa45cc956ff22bb19b14539b0ae4a8b,external_train
ISIC_0065666,bcc,BCN_0004008,BCN,5bd383bf2e9f43b038cb57254e2100c3677faa7a11956317e348a2cb5b970a93,external_train
ISIC_0070900,nv,BCN_0004009,BCN,304053319532b913c420ecca3558f2a2db6e9e8bdf471dcabfc787e1ca7980d5,external_train
ISIC_0072152,akiec,BCN_0004010,BCN,15188836eec59236b615365f3eaa867cdaf441425cac9efc1d12f31a95c2c410,external_train
ISIC_0064220,nv,BCN_0004012,BCN,0ae6d3bea496feea9a0249f0b0945795ab4070f1aa386306d4bf9253f416592c,external_preflight_val
ISIC_0055491,mel,BCN_0004017,BCN,06f21ac427832e6512357048b4eadf5e773c156cf173e738bf7487b34e8cc8ff,external_train
ISIC_0068693,nv,BCN_0004019,BCN,301a8c1d719f8f3befa750a4f0e1c6a6d8f18b80eab350f884131f0350c8bf5b,external_train
ISIC_0058101,bkl,BCN_0004020,BCN,29590f20a5c51d98968fd7af45f4b6c01cc961b34fae569bc84e1f460b80f680,external_train
ISIC_0064259,nv,BCN_0004021,BCN,38601df0bb73320426d8d1c625268bb6430baae76db48e2c6c23dd61cd4b57c3,external_train
ISIC_0066204,mel,BCN_0004022,BCN,1df5e2067da2b8a9254c8cc5e38463f9eaa3482a2794d710b7e872f6908bbe26,external_train
ISIC_0065146,bcc,BCN_0004025,BCN,0d14678a7339592cb24a76b0d90f42637d2bf0a9f36018aa58eecc7d16d370cb,external_train
ISIC_0063176,nv,BCN_0004026,BCN,758d677948c57ea87c8433067246323d80efc6e60cc711c033a11a2fb9317da8,external_train
ISIC_0059516,bcc,BCN_0004027,BCN,0df6c5387f88309dbae8da38d1036810557fb5c64948399b961daac64d3f0512,external_preflight_val
ISIC_0059786,mel,BCN_0004028,BCN,6b5892821c30453ba936c181728a04da6311a358cfae66d91fe97da8d3522976,external_train
ISIC_0059744,vasc,BCN_0004029,BCN,8037c8d63d5b53fab4120405eb444ce79490eb178c6f9ce07501a7a162500d14,external_train
ISIC_0061716,nv,BCN_0004030,BCN,4b9dd29c8da27d775b06e79f37ff3b54ff22243b6b4b130103a1f99f71b160a7,external_train
ISIC_0071671,akiec,BCN_0004033,BCN,0b415aa5d7f6c976e14a28c0f28f217e993ff7f9badb5e08d35003a229deb83c,external_preflight_val
ISIC_0064292,bcc,BCN_0004035,BCN,db5acaf3163c38139aa1f9a589c26a89959a434f04084d2299fbb178096d18ce,external_train
ISIC_0064511,bkl,BCN_0004036,BCN,1629d4356f412b8c2507ee2c8083c7bd8230f6606bfe8eae3fec9fbc6d7f2268,external_train
ISIC_0062571,bkl,BCN_0004037,BCN,a46ed0174ecff7bd7fa601f02eaf2d0ff4406b68cde042a69f4dbabd8168a34d,external_preflight_val
ISIC_0068387,vasc,BCN_0004038,BCN,897c1f130d3b6ec8501c1d16ded1903b34fab301eddacfac17e19459b30ff2d8,external_train
ISIC_0054689,akiec,BCN_0004040,BCN,058de754ad1cea82e710924192449704b565d3afb329d005604b395acea528e9,external_train
ISIC_0064091,nv,BCN_0004042,BCN,acf8982eaf7bb0798f53507f815a8601e023843833408289466bcb908c76837c,external_train
ISIC_0068569,nv,BCN_0004046,BCN,00a9aed52bfcba90278d547df1fa456d900328f415244cd0a6f72b03d21f970a,external_preflight_val
ISIC_0068092,akiec,BCN_0004047,BCN,04beaca247ca2a04513ce671011adc0ef46233d7b55d941d153e21f6ccea78c8,external_train
ISIC_0058230,bkl,BCN_0004052,BCN,134c18e886e90d07bc16347a8666e44f591160f9c6258937c0416764e7a5d6fd,external_train
ISIC_0062297,nv,BCN_0004053,BCN,6bd9b4d95735fc01685f28519046beba341ea0dc9283ead4a77373ab80e02b26,external_train
ISIC_0061869,bcc,BCN_0004054,BCN,b695a4119dcb959033df29008825c28899a1adb050610f2744388d3206ebd27b,external_train
ISIC_0054120,bcc,BCN_0004060,BCN,ad8d81ca611b5373afc5780bb9e4b465ff3ce4a994c52ec18e4b8a193d1644fc,external_train
ISIC_0057033,mel,BCN_0004062,BCN,0a8cf2c68a93a15f1f349e4b71246a4ab400d5e127a7f9ace408099817a348aa,external_train
ISIC_0056182,nv,BCN_0004064,BCN,c93bc25ce128a744434e1e9fcad4bc6961693a39451abd04974ad9f0a93faaf4,external_train
ISIC_0063793,mel,BCN_0004066,BCN,0d54a23181d3cc12911a81d37b2d135079dd28df4f1064e71fbd8e1347edba8e,external_train
ISIC_0067590,nv,BCN_0004068,BCN,11589f31dd1dfdde587231deafe3b8ba176959d195add9d9ee215272736adefa,external_train
ISIC_0056506,nv,BCN_0004069,BCN,064e971a0f2c60d93a8ee77db4b3fd659d16211704c3db525a1805b1ee5eb22e,external_train
ISIC_0062364,mel,BCN_0004070,BCN,5b6f8072d4034b110fa4bf34909dde67c133aa3c7b8c9f183cb48babb220f302,external_train
ISIC_0058756,akiec,BCN_0004071,BCN,0b8e222598743ad5ef0abbae3923b8e100f336e1ff8e525266f5993249df45db,external_train
ISIC_0056430,nv,BCN_0004073,BCN,018afd9fd19ef27a33154b2433ffe78cce102d2921b3671191f1f4221275347a,external_train
ISIC_0056174,bkl,BCN_0004074,BCN,a67ffc4b003de073079c14f30e5bae7c7bc5464976e209651da14e11abf45b3e,external_train
ISIC_0054882,bkl,BCN_0004075,BCN,5b8d5a118a809e1e9f74ddd64678ae3c851781eb9db43895c32409eb52e641c8,external_train
ISIC_0066967,nv,BCN_0004078,BCN,77ba18f7d101d87b4ac24834b9d7f3db91097a5b0395cb5ad737f8cc6516429c,external_train
ISIC_0055326,nv,BCN_0004079,BCN,5cdbe7f453558dbfa5c047a2ff3984a9f01693a3fa796ab7e1bb517915642424,external_train
ISIC_0058826,bcc,BCN_0004082,BCN,165c5f25e1f7bf60afd2e10d063700e1d4f3672f3bdec2e58955ad32edb4c445,external_train
ISIC_0057626,nv,BCN_0004084,BCN,35cabef9bbe447ed5079d322bd86cdafab14c987752516e05766d2b2b31325dc,external_train
ISIC_0070995,bkl,BCN_0004087,BCN,ca6be713a7d5e76f926275afc9601fef3d4b82c8deeed71636f04d2f1289b0c6,external_train
ISIC_0063905,bcc,BCN_0004088,BCN,47fb29422424b69297f6b5beab4c099633add7e0b461f755a4fcd7a72ff022f4,external_train
ISIC_0055270,df,BCN_0004089,BCN,7500361de847d787eb8bc64a8069454d3fd6f2c3e2f5ed7f4dac62d5f403bf7f,external_train
ISIC_0071735,nv,BCN_0004090,BCN,1c4100a59050f9922961e5184406bf72fb2bdaeec89806219dd510c7d346810f,external_train
ISIC_0054176,nv,BCN_0004091,BCN,0ece8a7819934cbe3fdc439394c4eeed3955b58ec51d5b8d7959b606647b27c0,external_train
ISIC_0054878,akiec,BCN_0004092,BCN,73db8e9285f5982434acd42f1787d676ff20ce3edbeac9b432cc938deb24f8ae,external_train
ISIC_0056369,nv,BCN_0004093,BCN,312c9d2cf56dd58014d5951812d31b28ba8364ab2c5636610d2f87070b900f5d,external_train
ISIC_0071540,nv,BCN_0004094,BCN,1a09624dd8d3b4061e6ddd8efcf8c7427cb551c7f45e4e0941f32f58a3e37ec4,external_train
ISIC_0053754,nv,BCN_0004095,BCN,3c46d5bd64775cec5d0ddb8e890c73eead0e08f2583f59be6a2317ea10936838,external_train
ISIC_0055995,nv,BCN_0004096,BCN,86a077479326b8e097c98bf3e8818e07a687319aa5ff23287f23b408fcd7b34d,external_train
ISIC_0065126,bkl,BCN_0004098,BCN,36f55b062ee67d28398c7e77b456177c868ee5a9ba434606ad8b915d47f36c72,external_train
ISIC_0072885,nv,BCN_0004100,BCN,50875130028313e8846c474832493a61a0130d38344bf6c93516bb48bf2814e3,external_train
ISIC_0066510,nv,BCN_0004104,BCN,49a2ed1c54d6f9aa015f6d24aad7a58ac877a3028d45fdd2877d2b0ce75e0732,external_train
ISIC_0059479,vasc,BCN_0004105,BCN,084e36b0e96016151d017f7edf7b3c75e5fee2a157dd32b86970e19f4f0b12d4,external_train
ISIC_0066733,mel,BCN_0004106,BCN,922d4ade1f4b96690876cb32ea5b5e18d0b979110274bd01b5387e4f4af1c250,external_train
ISIC_0057085,bkl,BCN_0004108,BCN,3de390202206df916626e762175bf9f51eb7f2de82ff737a7ed4e1a91120138f,external_train
ISIC_0068962,mel,BCN_0004110,BCN,1643b1b5dccf2e9e18d644ebd338fee30372314c10f865c0d21e47a8fc663327,external_train
ISIC_0053865,bkl,BCN_0004111,BCN,095933b4eb890d3ad44d3c9bf59fac7978c1617a38747a8cf0ac5da2459f4d8d,external_train
ISIC_0068333,nv,BCN_0004112,BCN,1ce4ee3306940d8de621eae7fe63dc6ca05368f0d978c395871618bbdac82b4b,external_train
ISIC_0057639,nv,BCN_0004114,BCN,00bd63c675ea10294736cf87edeef4f8a52c4886be01ad077cec46f7b0a879af,external_train
ISIC_0054587,nv,BCN_0004115,BCN,3d88ed58b704f48c34f14a974193ef2238f7a2bf72c656c7ee4c57b9073c45b4,external_train
ISIC_0067155,nv,BCN_0004116,BCN,5cff8455e4a66d89990806a18170228dbcb4e69b72ed3b681436b503ce9d4eb3,external_train
ISIC_0062111,mel,BCN_0004118,BCN,4262670b878a7722f474ab3a0c6c284664f0570b6630c70177d8e1d751e4731f,external_train
ISIC_0055446,vasc,BCN_0004121,BCN,158b38bb2f9c9fb05eab15c5abfab60175d48e7995486dd419dad98fb027e34a,external_train
ISIC_0072552,nv,BCN_0004122,BCN,3bcae3c88dacd244b60d5e3dbd24243b92dad61a7d68741c9fa6c79b4f686e41,external_preflight_val
ISIC_0072247,bcc,BCN_0004124,BCN,75a2943f06f6c809bd2942e22bb489869e002a53866990d524a6ca108bb03065,external_preflight_val
ISIC_0062323,mel,BCN_0004125,BCN,0a8b0ebf239f3ca4152a72c2c088f58f0b458015f5047bd2722eb7052692f687,external_train
ISIC_0057235,mel,BCN_0004126,BCN,16eeb44b9bbfd410e7a6fe2b755e68c78cd9ed666a3a8a0761a009d4023dec54,external_train
ISIC_0066679,bkl,BCN_0004127,BCN,5a51fd9c830f1b9aaac2b7961cfc78b8f52b8e71a049b21565af40462f200f89,external_preflight_val
ISIC_0054850,nv,BCN_0004128,BCN,2a712698da4f1e0c2718a98476b398547847491ecc9bc61054faefacdba33836,external_train
ISIC_0068639,bcc,BCN_0004130,BCN,97da28a48c02cad986ce17d9ca397457ba20505c0d9889ee4f8330144b1e7449,external_train
ISIC_0063702,bcc,BCN_0004131,BCN,b2ccba129e74c6bf32cec00ef823fe17a56edf29e21c51773f0a296459a209b9,external_train
ISIC_0059318,mel,BCN_0004133,BCN,0d71f2fb3161eada0aa33aba20894b332d45d38c10ba2479242b6cebecf6321b,external_train
ISIC_0059419,nv,BCN_0004134,BCN,525a4cee7e724bcba377a95a23674a60cf3dd2b0c70e3274b34bf8506c15415d,external_preflight_val
ISIC_0054720,bkl,BCN_0004137,BCN,45f6af912a8e372b171d2ce7ba5d8eb1438325edd643d9b8fa980784cc5f21c7,external_train
ISIC_0057819,bkl,BCN_0004139,BCN,124f7c5421c190b2109b5ddc263a20b759670e560509d6692d50da34d54f677f,external_preflight_val
ISIC_0072587,nv,BCN_0004141,BCN,7156a2848333cbfed70260a447452f9528aee2110b90e02978b5afc5ab15bd4b,external_train
ISIC_0063190,mel,BCN_0004143,BCN,bbb2e8456c6041947b94b02ac643fb4a0fe9c02744201fcfa0f0663cb82c1bfb,external_train
ISIC_0063739,bkl,BCN_0004144,BCN,6477f4e2b83f81eeca282de35e8cf4cea0a7b3708671c2804dc582b0d760234e,external_train
ISIC_0064899,bcc,BCN_0004145,BCN,20f5f6779215187e90a621b7a43c16b7425c3cb4cfcec91c38bcd8a5028add08,external_train
ISIC_0057805,bcc,BCN_0004146,BCN,a78a1c47902ef78d0b6cca72ac6a74f0a3414c9025aaa89667407f7ddbe347cd,external_train
ISIC_0064624,akiec,BCN_0004148,BCN,799dda1bf29f9c24026bf29a3714ce29a258bb32067519ec38ce2df9ac01cfe3,external_train
ISIC_0059692,bcc,BCN_0004151,BCN,7c3b062ca102d6f05c74fc7b079f94d6e3c7109b962421f5450797f36d890ab2,external_preflight_val
ISIC_0059872,akiec,BCN_0004155,BCN,4e96422889fe4121b376285023fc636c90a9c87c212eea37716aea192c336ed1,external_train
ISIC_0055970,nv,BCN_0004157,BCN,26e10247a4fe1a2ee1c4157dbfa47c1d1cdd569cb12bbb5af4808e5c6c789b12,external_train
ISIC_0067924,nv,BCN_0004158,BCN,1255227db78d8d828768ed9734ea44b33641bf944dae394c2773d4e4469db360,external_train
ISIC_0062767,mel,BCN_0004160,BCN,05f5b59d820b6530226b08f12ead4176de4e4b15a31bb23491366a89e6dcdda0,external_train
ISIC_0070618,bkl,BCN_0004162,BCN,c9512f3e4f5b8fe57d368a791f2e89cefc3d2acad36042b5542d356eb561665d,external_train
ISIC_0053652,nv,BCN_0004163,BCN,9ebe816f926a958cb14218dc80d55b43c5ab8c41383c3c71fd73bf4a1f5da904,external_train
ISIC_0054168,nv,BCN_0004165,BCN,3b3496d56f2af39a1be5adb8b9af8e9b535ddc09b6c18d0ddb93da5deb3837ae,external_train
ISIC_0062725,nv,BCN_0004166,BCN,345ba8d9e965a38e6edb3fd8aad0b7ce2c56a83e4126c6c4abfe407f570c81c4,external_train
ISIC_0053511,bcc,BCN_0004167,BCN,b216a16566181dbbe3405842c7e43dec86227f86d3834b1ea1ce7233134bb4c0,external_train
ISIC_0067007,nv,BCN_0004168,BCN,7ef8debfd166967255ae82a6e94e1b39b1ebaaecea70ec91318d3ce28160e4a7,external_train
ISIC_0057132,bcc,BCN_0004169,BCN,87300814ad273ead9f1c7986969782be2ee4a02a21233ca560e29a3bfd8bfd17,external_train
ISIC_0069649,bcc,BCN_0004170,BCN,75df1fbafedf4d6a11ce3cf444a02889111ba4f1c31857dc657a6311c99ecf72,external_train
ISIC_0072492,bcc,BCN_0004171,BCN,2ca6e90d893e3e675e941fa1af698834c871ddf90d0de2b6dbea8e7832a21c30,external_train
ISIC_0061742,nv,BCN_0004172,BCN,1b05f80108be0c3d390f1f8047a732a817bb35c9eace931f17c1bc721028aabf,external_preflight_val
ISIC_0058825,bkl,BCN_0004174,BCN,4fc52939293ca42521996c60d7862e1a083481b80977265107245bd0811885fb,external_train
ISIC_0065394,nv,BCN_0004175,BCN,200bce9c8733847f32243117ae627c52f6f59a17684360fdf4ceb3a2ffdb3478,external_train
ISIC_0060984,bcc,BCN_0004177,BCN,9b2b20b8e7621b0f91fd12f2ddbd27eb26087ddc4aff58db7d9369efa0538d81,external_train
ISIC_0057973,mel,BCN_0004178,BCN,21b8c187e00a46dcb0b11b587560c6332452a98ec8e52125945533fe09520195,external_train
ISIC_0055758,bcc,BCN_0004179,BCN,deb69c24004580a20db0b495b1fe65aff0f11bb9cad84a0f37f8b2142da51846,external_train
ISIC_0069882,nv,BCN_0004180,BCN,0985f6dd113761277de18869d3ad1ca4ad59aaec2abc505621b16a64b4c9431c,external_train
ISIC_0060509,akiec,BCN_0004184,BCN,0d985c1bdbf88a3bef43b2950f67bdfd12ea6db4811358f5099f543c8d2dc47a,external_train
ISIC_0066370,akiec,BCN_0004185,BCN,6f97f448aed620cfba193132654394a565bbb8b48d4c1b28faf7c4de118a00d7,external_train
ISIC_0065401,bcc,BCN_0004187,BCN,a722e325b965c762e8399f683e241c3bd9d9b1bb6240cb04d2b9a9ba092c4e10,external_train
ISIC_0068495,mel,BCN_0004188,BCN,017d4c4d220fd5009a21c535e1853154cb45c7b6031638b1c5a6b1e04b037acc,external_train
ISIC_0072017,nv,BCN_0004190,BCN,1bbd7afeb49e5c3d50773c28e062848ce393f48da004afb12d93a1b114a4201c,external_train
ISIC_0063231,bcc,BCN_0004192,BCN,7517cc648f202962ae408c6c165159d3c2790786fb3afd9a2c26a2510a3fb912,external_train
ISIC_0066296,akiec,BCN_0004194,BCN,b2567afed58b0f55e01cd98a3c111bdff7d941a7574a35427ba9bae8c05f29fd,external_train
ISIC_0059601,mel,BCN_0004195,BCN,8742c5b5dff6c1b313d722827c9ffa94840de643bef1b7ec782c327db4b4df60,external_train
ISIC_0069537,bcc,BCN_0004197,BCN,2423ac39109a4308c4af2b953680dffcc18c279288b3418502723c4e5fdbd5d0,external_preflight_val
ISIC_0059526,nv,BCN_0004199,BCN,52ccd082ce9909ac6685ba8cff3de88a20f32bc3197db2c13022b3847da90e98,external_preflight_val
ISIC_0067998,bcc,BCN_0004200,BCN,ea5ca06ae162fa9531180dbf0da52bc5188003a4271bc9495f68caf814133ad5,external_train
ISIC_0070898,nv,BCN_0004201,BCN,3114b2db59b2c5656f62f424b4826c978e2fecb9f6ccd57bc44d73f1984c82ef,external_train
ISIC_0061734,nv,BCN_0004202,BCN,1b8d2db7a5dc026d4e2ac37cd0bc5a78f75f0d180a5099175440c2e5f674a4bb,external_train
ISIC_0056247,mel,BCN_0004206,BCN,2524c9506e629e79bcbe7ec327233e2e7d2cf7f9458ac75e22bfea8650134a0b,external_train
ISIC_0054903,vasc,BCN_0004207,BCN,5a441055a16cbb51d6cc60d38c168af400324458457d79c0abd9909b4562f434,external_train
ISIC_0062851,bcc,BCN_0004209,BCN,86056415f8350e70e32438c169ff0128a51447a33190416957e74cd35b7e6732,external_train
ISIC_0065724,akiec,BCN_0004211,BCN,1786a890f4b6204122cd0e182555d8a23b784f9203a55432f7db24f70837c1a2,external_train
ISIC_0057391,nv,BCN_0004212,BCN,60d1f65e6fd2dcdb3cd911be3f62eae8708ee59449cf0e6b75e77439c0e0176b,external_preflight_val
ISIC_0069566,nv,BCN_0004216,BCN,41558f59d8bc8611db4073c29a053bf24d25657969929e9a0f85a2f751318927,external_train
ISIC_0065537,mel,BCN_0004217,BCN,15024a7b5376a5fbc270327f42d7f413bbdbbd33bb095dadf9e2198299366019,external_train
ISIC_0068345,bcc,BCN_0004218,BCN,5df91cb2e2b16e9f5ee10ec4da80427e88e7d99620ad13e91827e6321ce5d6de,external_train
ISIC_0060139,bcc,BCN_0004221,BCN,e540248644c62a28f3bfc8d9377dc8feb12c25a09b61991d25fe9ab09ab843d9,external_train
ISIC_0058132,nv,BCN_0004222,BCN,4f1413385a3b5421b294676e7364bc90bffb14ec76cc081262553d6dc00c05a9,external_train
ISIC_0053840,bcc,BCN_0004223,BCN,675848f2cfc897936ff91684c6a880984a15edad0ab450080a6dcd5910343387,external_train
ISIC_0073079,bcc,BCN_0004224,BCN,02553c3556106560d84ec497429095d7dce06eb598ac3217455409301b9dccdb,external_train
ISIC_0064029,df,BCN_0004225,BCN,9343f0ded628bd3ff08a8239590ddd88d0850f9cbfc9f7678058e7f7c97e38bf,external_train
ISIC_0061725,bkl,BCN_0004226,BCN,08e559e9575f86c7c9d6250e7cddd048a091d5bbbefb664a4db1d15096da2088,external_train
ISIC_0069305,nv,BCN_0004227,BCN,1a3c5cf8333d399c77879e316625e2f08d3e2384cf8a450097ebfb7d7179f78e,external_preflight_val
ISIC_0067997,bcc,BCN_0004228,BCN,1ae8c76d58df2987d328cc6851f3dd276329b449d7dbc86485f854adc33c8180,external_train
ISIC_0072852,bcc,BCN_0004229,BCN,19bd47731a100e7286d0a52aa4e122a90c61258aac04c3fb4a2676acab0c794f,external_train
ISIC_0054901,nv,BCN_0004230,BCN,26f97a2fe9c9213ac3e706f902ad85d47c12c4fd1bb304598d4e7c80c91fd796,external_train
ISIC_0060404,akiec,BCN_0004233,BCN,cf105033dd13a6558eaaa04cd42cff9646500903b1231f70136f1cdfc6316fd4,external_train
ISIC_0064152,mel,BCN_0004234,BCN,124eb46f4ef86b91695a7dd27cd831c997c55976ecb535c5e975e2a4b8c09558,external_train
ISIC_0055604,bcc,BCN_0004236,BCN,2c65f6e2cd772a546871fd08298b931223385c001b0d6b65f41837664b5d3002,external_train
ISIC_0066108,bkl,BCN_0004238,BCN,22a2bdcf0480080a4964acd5c00d08d7b59c36ac87de6277534b76899d4bf877,external_train
ISIC_0065314,bcc,BCN_0004239,BCN,887fb2df3b8dc2b1529a9a3f5134fda1b6ad02d8ff555a73ed20fe9e95f9a183,external_train
ISIC_0055660,mel,BCN_0004248,BCN,91349898edf6d760902b0a6894241df1cdf498d8fe39a041abfc309f2e07de01,external_train
ISIC_0062803,nv,BCN_0004249,BCN,5b83ee7ab47a37af9a75629df6712ddd0fe8fdceb05066dc8596826678906bbe,external_preflight_val
ISIC_0066439,nv,BCN_0004250,BCN,37e5bfab1654001ef62db3e314f2135c157cc68ad380440120d2ab624ab154ee,external_train
ISIC_0067891,mel,BCN_0004254,BCN,09437cc9ba9350486def98cc8648e4f0c4fc52451e2805a8870f1dd80d1f20d6,external_train
ISIC_0072659,nv,BCN_0004255,BCN,4d2de073560769261a008dbcaf4d729107e774e07e4f5bc52eb6a75e6aa6ceb1,external_train
ISIC_0068005,bcc,BCN_0004256,BCN,5bcb707ae742977c3c89224f8e01d7b8c560f463b3dce97657a5caf89d60d89d,external_train
ISIC_0073048,bkl,BCN_0004258,BCN,130453868b9c82b0ed33e2ee47f26ad8e3fc5b7b4b59e570cb4acfe3b510314f,external_preflight_val
ISIC_0058709,bcc,BCN_0004259,BCN,004c00d91281ed6191199f3d1fd59556c756045051c09b8d35d06c8b8eadf304,external_train
ISIC_0066380,bcc,BCN_0004262,BCN,a7aa6150a292f36718caaf181bdf19a9cdffa12b8fe5ea67f00d2541d3555ddd,external_train
ISIC_0057999,mel,BCN_0004264,BCN,6f1bfd67e2343a7d940556a24242442bcd7a16d86917b7e3722e640935dd3271,external_train
ISIC_0057077,akiec,BCN_0004266,BCN,552fd39e6ce9ce68a39df570b5a53897698035fdc44734e7294639c52a0d6920,external_train
ISIC_0061906,bcc,BCN_0004268,BCN,b677a4378b342b0654d119893f6fa64da54d18ba2ea0108d987f349eeb45ad7d,external_train
ISIC_0068195,nv,BCN_0004269,BCN,7b883fb823b241c60a25b4257f6308a7da4824a58e3b30b406f2a20fc895056c,external_train
ISIC_0056106,bcc,BCN_0004274,BCN,04039bb5632e8dfedf2b1e5fd3f75641f066085b2bfdf5a50ca5bd755c2acd75,external_train
ISIC_0071031,nv,BCN_0004276,BCN,aa9049dd5c163367a68f27896c5cdc16e0e46e0a9801992f4c625acf72728955,external_preflight_val
ISIC_0064819,nv,BCN_0004277,BCN,6a4d39fb9b36cef64614db8a745fed448111f1dd19b815297e12f3eaec18c4ba,external_preflight_val
ISIC_0072888,bkl,BCN_0004280,BCN,60fdc8a1a01dd5b7809d3f8f34b0ce10ea1403d6ff05580a4ee1517fd49632f8,external_train
ISIC_0057133,nv,BCN_0004281,BCN,1dc338d71024284b04db0722e2f9304804478a9d0b3fbfafb11efc53758e53b5,external_train
ISIC_0070525,bcc,BCN_0004282,BCN,6ba663b80d6bc801f2ea16b9053be9e091e6345693ce7dd13eaa3b369b5d6de8,external_train
ISIC_0056519,bkl,BCN_0004284,BCN,6f153399dd385ae579578709f56dcdf2d71bd44e6d746665bdcb6a3f0d936e58,external_preflight_val
ISIC_0065613,nv,BCN_0004287,BCN,1d422d8412b3979158db699e6638b817ca9249af40b4884d001d53ebc81f135c,external_train
ISIC_0069119,mel,BCN_0004288,BCN,1d3a60445a36f7997437479f55f8fee7a6c8a42c1000a8d984fdd74781d8c1ed,external_train
ISIC_0073227,mel,BCN_0004289,BCN,ae79089978b8a500158f650629067f8febfd42f53910dd99a3bfa03e617b4887,external_train
ISIC_0070923,nv,BCN_0004290,BCN,9614acfef8759e1b3c6b2eda2ce0f83418c304ec13bdc6a26be3e676250fb590,external_train
ISIC_0072683,bkl,BCN_0004291,BCN,44ac30943cd1e185da3f7fcac6cc396e97e5c35d939b777022d2e4a86da23fbe,external_train
ISIC_0055905,mel,BCN_0004293,BCN,381a3332cf714309959c0272fb755f5f37b3eb0dd554c4d9289c25149b91e4be,external_train
ISIC_0072229,bcc,BCN_0004294,BCN,112f32e2ce3dba485a901bcf9da3d22aa9716d3ff6d12418385308aaa6895254,external_train
ISIC_0066139,nv,BCN_0004295,BCN,238cc8a31a02ee53a62ef72f1815222587f00814b815b55a664e63a58b7fb98e,external_train
ISIC_0064806,nv,BCN_0004297,BCN,58cb8f7771c750461f8b81c88dd5f5a57f1d48f5b9084ce939bb2f50c2cb0b14,external_preflight_val
ISIC_0069222,nv,BCN_0004298,BCN,3729f7e3488e67f119640b872f35687c8ed4d1879e7ee56209f7adab68a723ad,external_preflight_val
ISIC_0067887,akiec,BCN_0004300,BCN,64e054769169d72bb045584c4f6cd5be5d464360487f09a82f79d26423dc5602,external_train
ISIC_0062270,bcc,BCN_0004301,BCN,8020f22bbd7d255a566b2698c1b23cd03532dc6fe0eb0df45823ed142f47eebb,external_train
ISIC_0061395,nv,BCN_0004304,BCN,3be4a5babcba6127d9894c33bcf01a6237f1f6cd11f7580fc52dd7640f100816,external_train
ISIC_0062420,mel,BCN_0004305,BCN,0385dc65b48a7d374f8820a541f5f43f8589767ad7bd44921cc434a49fed15ac,external_train
ISIC_0072772,bcc,BCN_0004307,BCN,f76582f1608f08e9e77b104ec434656d78fe74d8cbbc8a160a71f90672461ae3,external_train
ISIC_0071007,akiec,BCN_0004308,BCN,29bfc7d18d2e1fcde507b320c4cf0bf4f84c7e7fee1a6451b571469edd13a0ed,external_train
ISIC_0069969,nv,BCN_0004310,BCN,82602b00c097ba831069b2db1ebdce14e2c5c19bb14348958f31465bb53b65f5,external_train
ISIC_0070329,bkl,BCN_0004315,BCN,22e80232d1d1b47b7835d849676e2cf25e3b427762079e8932f7633d1ea356b0,external_train
ISIC_0060927,bcc,BCN_0004317,BCN,7bbe1ec762cfdcb81db374efea60c5e52580e4a6979e176a927d0cdcda15ca39,external_train
ISIC_0071515,bcc,BCN_0004319,BCN,89ec231f33116eb8437c145756713c2ed1d1c4c2f9b9fa53a90f17020074fdc5,external_train
ISIC_0065275,nv,BCN_0004326,BCN,022a3bbdce342f173481a3e175a0fd926a65282ad862b031f2216f792c9f43e2,external_preflight_val
ISIC_0055151,bkl,BCN_0004327,BCN,78506dab64266ce78e1149b49a9c5bbdf392317f87de631793398b05677af51f,external_train
ISIC_0064952,nv,BCN_0004329,BCN,14932ed0fc0c3907ec05e2444910c76a22db54fd5233366fa1a4476a5b687f04,external_train
ISIC_0053892,akiec,BCN_0004331,BCN,252db73814330b89870723f8fd092573bb53dfccddad6d6045b09a59cb389369,external_train
ISIC_0057347,bcc,BCN_0004332,BCN,35021e585703fef9445ca198ed06f2341c3ab2cc6e010ca9631f954e280bd712,external_train
ISIC_0072467,nv,BCN_0004334,BCN,38ee2310016aa19495a981db6968e3f7e280fc7e7557a4f01c674cb4e5765429,external_preflight_val
ISIC_0053528,bkl,BCN_0004335,BCN,434a949bf861ad68fc8cdf0c40a03c28819f853eb453daf33b7c323ffb409173,external_train
ISIC_0065082,bcc,BCN_0004337,BCN,101e756ac8decb7131463005bfd4578ca988ef55c45dc28c44d5b14409742dfe,external_train
ISIC_0058926,mel,BCN_0004339,BCN,0830ff9335fe5f8ac76d219843a18d804c3bd734f38725aa79d8c25975aa5fbe,external_preflight_val
ISIC_0071902,bkl,BCN_0004342,BCN,80c0615c476952af3e93dfc3c5ea199b47c3728b5fda2a6d268491806711dc02,external_train
ISIC_0067850,bcc,BCN_0004344,BCN,3a5acdf8e8a9df16ce9cb26f0276f5c26219b0f0339f9b104b471a24efdcaecf,external_train
ISIC_0072070,bkl,BCN_0004346,BCN,d1a2b057622ef6f88424d86918cf8138ed13858cfb2a1bcb806dd80db81cc640,external_train
ISIC_0069056,nv,BCN_0004352,BCN,24e4c0eff53bde9150b0093af0c79af314dd7a22ab163bc75decaf7a3ca55746,external_train
ISIC_0067609,nv,BCN_0004355,BCN,57cc9f3ef47120e535c36b8e34a8d1f76fbaf50a4b54334239d93d4ba0557e24,external_train
ISIC_0063402,nv,BCN_0004360,BCN,511ced0618ba81f02f4a617620bf172cf33df7e0c8716351d402bab6a58b96d8,external_train
ISIC_0057745,df,BCN_0004361,BCN,0b72f3cb2f5232b99353c18a37592076591a7171a2ef3adc48d117ce3096bde1,external_train
ISIC_0060378,nv,BCN_0004362,BCN,4a77e9b3fd556e9fdb84fefb51974632f4a9537b25f09541813933872a32b37e,external_preflight_val
ISIC_0061924,bkl,BCN_0004367,BCN,2d08108fcee2fb789623c3bc17d6153dd99a98898f6c289b2610b02ffca8844d,external_preflight_val
ISIC_0072047,bcc,BCN_0004368,BCN,7933ebcc64431ce2060d21d70d3ddff42c04687dd48754ff30e418c045a9bc6d,external_preflight_val
ISIC_0070939,nv,BCN_0004371,BCN,5fa09cc0b41e2b13c36edfe6157a8ab3b1278651efc0384ef5c4bb5bb6f01e02,external_train
ISIC_0065565,bcc,BCN_0004372,BCN,0070302f28d008588bb5a54dfec774e6d8369a3a5dcfcad12cd94df5bfeae5c8,external_train
ISIC_0068742,bcc,BCN_0004375,BCN,0c7ef74055add0401d325fea369c464ffef305000cf66dd9bf6be6c8e49c6193,external_train
ISIC_0059087,akiec,BCN_0004376,BCN,9060c18f4b2aad400a4961521ace79e8e306697ca97023bb6f4b060a942fd5a8,external_train
ISIC_0058591,bcc,BCN_0004379,BCN,0e9fff3406e74cd5f018af8261983abdd26f61ae1ac26e5d4b782570102f37b7,external_train
ISIC_0059563,bcc,BCN_0004381,BCN,d71c686460d04e3f19b96acc2109dcf0e7bdabba6a09eae9392edc888496cd0e,external_train
ISIC_0072860,nv,BCN_0004382,BCN,ab7d71ccad9a146b9bf49108aec1a329c7f4205942c1fa61f81671b240f5acf3,external_train
ISIC_0056187,bcc,BCN_0004384,BCN,009b9e151e0d46ef14a2205f6f215c44122b5b7d63502dded61c94151066dfdd,external_preflight_val
ISIC_0070469,nv,BCN_0004386,BCN,5f16aa02035bf8b1315fa957b0557af2f52d5964ed8d81cd1a5e169cef7b864a,external_train
ISIC_0055278,nv,BCN_0004387,BCN,53d7a7aacbbe0ca38a00ccd466f47b413999f9d3ca2e433c594469979792138a,external_preflight_val
ISIC_0064633,mel,BCN_0004389,BCN,52ae14e074642b326daabfa8b4e12e510d60c1984e84cb3ce5246a9d13a2acd5,external_train
ISIC_0066778,nv,BCN_0004390,BCN,b9a3f1e8137e80702ca09b4a16e9dae05586d937949ec8244f031a5510bdf45b,external_train
ISIC_0056256,nv,BCN_0004392,BCN,aa65bbf7509c978886bd910b7b03d34b678ba239b62ebda8c3f2a123fc62e826,external_train
ISIC_0053577,nv,BCN_0004394,BCN,45693ce575ff785c80d0dbdf5e65f3f0c1e85c0db151c2ede4e7da64ebaf275e,external_train
ISIC_0067222,nv,BCN_0004397,BCN,0a839225426d2a199a025e559bc20328452e3020ef4fd20aec38b9f159aa4688,external_train
ISIC_0054088,bcc,BCN_0004398,BCN,14ca00f098541192b0cbdf5e2026bf74957a2d6cad2fb2cd5dba266d88c16915,external_train
ISIC_0069990,nv,BCN_0004400,BCN,53bfeac8490a97a357fa11bd747359f1e4ec9e7737f3f1dbd7a425d5dc73d421,external_preflight_val
ISIC_0067587,bkl,BCN_0004401,BCN,2d7a611cab5867a7760770131bab4ada732c375bc0db46cc12425f9b36c2fe42,external_train
ISIC_0054856,nv,BCN_0004403,BCN,471d3ccecabf1e75fbb76e97d2051661017ad7706ca5a3a641350ba99d35f211,external_train
ISIC_0058156,nv,BCN_0004404,BCN,14ffbb139c6769158690b3990238c27dd6dc467de57f6c0c1714f97e1f7a2bf1,external_train
ISIC_0057687,mel,BCN_0004405,BCN,04417821b0cd44af01e01639be122071c742b3eb480f5b426ec3233cb2a268f4,external_train
ISIC_0062061,nv,BCN_0004407,BCN,7413eb9e2bc4a6b702e0b3514dfa84871191f8df532b162b3c54154f7d763d0a,external_train
ISIC_0072432,nv,BCN_0004408,BCN,0b7ae9acf76b844ad50fe91f5cd757659d5a7d87bc7c89dd82df86494577b3f3,external_train
ISIC_0057910,bcc,BCN_0004411,BCN,03d3c259481bafa9de4bfd1601f666b1200a70629f2e6bcbdd27a60872037802,external_train
ISIC_0069597,nv,BCN_0004412,BCN,433a11f4532ff4b6266d2042c817c15992a6069e17dc2ce9da02d430be7029de,external_train
ISIC_0070992,mel,BCN_0004413,BCN,2807fa33ed795038afdca3c74fa6b6998b4bbf28c582a9d6c7862298b27f6306,external_train
ISIC_0070375,nv,BCN_0004414,BCN,7f6d6d2bc3a507f7226f84e89a54e49720a459861f3f11af2ae311e56c5207f7,external_preflight_val
ISIC_0068314,nv,BCN_0004415,BCN,1e0b098e89eaf8bbd1787fe67aa2680fd8df9842730427155e1a5bff2aa377da,external_train
ISIC_0064798,nv,BCN_0004418,BCN,541f48403d03c3226391de8baaac842079759485272a2d03bfef0cc7a5f4969c,external_train
ISIC_0061683,bcc,BCN_0004419,BCN,900cb25f45b10c96a59361f07d40d40457297bf4c1e157924fce3a2c680142b2,external_train
ISIC_0068372,nv,BCN_0004420,BCN,15e13d4571f5d1949ecd6340ab72302458f39fc5afd8cb96d21b82606cf21c42,external_train
ISIC_0057070,nv,BCN_0004421,BCN,404f301702e4235b25775fedd50d20ca72b0f664328ba93787ac237148a3f380,external_train
ISIC_0054119,nv,BCN_0004423,BCN,089be335a5bc78de0fb92ba191708c650eae036532dc1066b1108e245d32c354,external_train
ISIC_0056643,akiec,BCN_0004424,BCN,04fa1d52ede2862ce53d975432a063b879b51bb9acc2a589e911e174ea9e3e3c,external_train
ISIC_0058559,mel,BCN_0004425,BCN,0ba8024abe30939deb12573badb4bea3e04de87a3facf4bbb9dafca97007eb60,external_train
ISIC_0063283,bcc,BCN_0004426,BCN,5748e0e0653a8a7d84828764e3bc851df6e8734226859def064bf5ccd9ff1832,external_train
ISIC_0067182,bcc,BCN_0004427,BCN,0dbb07397eead8635d7b2fc8d7f24858bd0ef8d74fdf7c50af8fa4c17a5edf3b,external_train
ISIC_0059162,bcc,BCN_0004428,BCN,4c74b04f9da444e5a68b4513232bf95376ddc1c6a99985a84b8f9741a49b170b,external_train
ISIC_0071916,mel,BCN_0004429,BCN,090f63898a94212cd40b127d7da272c4ef71089606760379f0e5326c7e7406f9,external_train
ISIC_0062659,bcc,BCN_0004432,BCN,1dfce947ae1e3571909cf10ca2c82edae042305fca59012d6541b376548ce438,external_train
ISIC_0066393,nv,BCN_0004434,BCN,35a90d6adab860c6511b0bb45dcf0e0d0221e4b906ae8d802ee83d2e4fc84ebd,external_preflight_val
ISIC_0066329,bcc,BCN_0004436,BCN,3876d25bfb4fc36ff6eab667796ebc2373af4821b396dafae6b1e4b58176a396,external_train
ISIC_0058020,bkl,BCN_0004437,BCN,5de1de46ac669f5646b0abc889113dcf62c9da0d3246f1795bac91e6c64d7252,external_preflight_val
ISIC_0065261,nv,BCN_0004438,BCN,5e85af8506b80555f2efcb287f1102f65e099b6737d5092bf8aa71928526ecb0,external_preflight_val
ISIC_0062370,nv,BCN_0004439,BCN,0f3a3b46cc786ae6d94f6b0555ff97068bb8ae5ea1e8240dedb878bcc7660557,external_train
ISIC_0059295,vasc,BCN_0004440,BCN,8dce0f3916f515de9d9fbc76cd2522548114894e67cbc73e0faa9fb5d3a97a70,external_train
ISIC_0063238,nv,BCN_0004445,BCN,2eb738a7403045cd68612f4fbe1cce8d9968cb6f91a31503e756f31d03838ca3,external_preflight_val
ISIC_0070693,bkl,BCN_0004448,BCN,6add9b63428064398e4917e986bc58051dc8bde04a0ee169fae19498f0cce072,external_train
ISIC_0071466,bcc,BCN_0004449,BCN,eb89423fab669e3a414aa2028fd8d86b917e8c46cc6e8c74016b6e697b5e5cff,external_train
ISIC_0067147,bcc,BCN_0004451,BCN,567b47355505e887810664581fecaee85099d5f31fc4f8087d65dc3563bf4266,external_train
ISIC_0063876,nv,BCN_0004456,BCN,b682c60c4bd52c2411b2b914de6d80505a424d5d3c981af9559c9faedc70f3d0,external_train
ISIC_0060230,akiec,BCN_0004457,BCN,062c37f94d80019e6323715e759b760b80ed5e0cdeb3acde16867e9c6a3e7dd1,external_train
ISIC_0053788,nv,BCN_0004458,BCN,1a6975123a1887b20a0577813cdc3f3498fedc7617bba0249504d63467bc11de,external_train
ISIC_0054104,nv,BCN_0004459,BCN,59aab773adfc8ec1e44b339f3d349f109060cf8a4427433fcef9406880d68451,external_train
ISIC_0059274,nv,BCN_0004460,BCN,230b793d2a3d7c552392dc173661830abc74023c2bc101b6bdf36a610d8786b1,external_train
ISIC_0067580,bcc,BCN_0004461,BCN,bf6c398871d8b0048046ac9494cc54fbce99c3a445482561061a7e9da019ef56,external_train
ISIC_0069659,bcc,BCN_0004462,BCN,1212bfc323e128e4bf77f85669277cbe5da283e0d6507f88252ad86aa7b88e8e,external_train
ISIC_0069799,bcc,BCN_0004463,BCN,b88ff03203aaf06c2220101bc5d8cd1a85e358ae1b3a1f6aa078bfa1a2e13181,external_train
ISIC_0065013,mel,BCN_0004464,BCN,05af665440e639eeeb6cf88cb63c428d1062c1ef60e7742f154335a07519d1cd,external_train
ISIC_0070765,nv,BCN_0004465,BCN,3559d0c4fce8740c69739ed1f20e056f4762fa1a47dcd88f2d9e1fd05161a995,external_preflight_val
ISIC_0056786,bkl,BCN_0004466,BCN,0e5a1c3e734fc1665065abe845f69ba1582933066407576c21cb1231b7af7585,external_train
ISIC_0058298,mel,BCN_0004468,BCN,41e0e63e14aa9c5b63e7a0dcc69a87babb833bb10db9b318851ea5d3c5c2f537,external_train
ISIC_0055524,nv,BCN_0004469,BCN,3179a358e92de9a1faecc9c4a34b6edd805927a110950e05ea9b2d2a61533e3b,external_preflight_val
ISIC_0057207,nv,BCN_0004470,BCN,9991fbac87568b31d5c0ba339eebbb47351bf069e5801bab4ca6db35f865633e,external_preflight_val
ISIC_0064858,nv,BCN_0004471,BCN,0a35e916050da74bec63f418f128748e44518ca1f0fcd386cd3c29afe78bddf9,external_train
ISIC_0053732,nv,BCN_0004472,BCN,3adb6d3260d3d8e8619d6407ff37f4dad32872264153f5a9d14ab94a09e7d6ae,external_preflight_val
ISIC_0058823,nv,BCN_0004474,BCN,1d6d3b46c7ce55173133d0c3d55339cabb26139a95b7eaa6d56144f0c1adf769,external_train
ISIC_0060553,nv,BCN_0004476,BCN,197bab1b668783b6f6ed56b73e19dcf8827a3aad9b3f9c2235bec064b562c8d8,external_train
ISIC_0054031,bcc,BCN_0004477,BCN,00f6624f3490b7a0381547d6b13bc997c1fc3fe6e367818c5b2af36c1d30214c,external_preflight_val
ISIC_0066621,nv,BCN_0004479,BCN,1e9556acebdab4ae7aea5a352c04a81039d7c3f58b770e993071ca2678370ca0,external_train
ISIC_0072221,nv,BCN_0004480,BCN,22ce31d5d073cef4b60ccfa3312e10f84f53622b7ae060a3c15901037a1be863,external_train
ISIC_0073102,mel,BCN_0004481,BCN,5749c89a5ace61316a77db6fb74a5734c41741bc780893a1d5f49c6af214ed16,external_train
ISIC_0069344,nv,BCN_0004483,BCN,4bc80b7bc1a3e42464708147c67b5d36e489f5ab3f00a53c4d825b084928edea,external_train
ISIC_0071486,nv,BCN_0004484,BCN,6c4046112fc30792d5f134a09794d399b7a0a0c64e0f8c5606e213a88714144e,external_train
ISIC_0072574,mel,BCN_0004485,BCN,6771644b1afdce288aa2ac266fc697b6cbbd5714f241eb4bd385bf2392f36220,external_train
ISIC_0058698,bcc,BCN_0004486,BCN,5f886874da242f3f0a0cec7c6550891cc314a5f1acd09c8c247a3cb5fd142ff3,external_train
ISIC_0063745,nv,BCN_0004487,BCN,000fe6d0242604fce0c30cfa6e375f39d5b14950e4ba28f8fba671ac257318bc,external_train
ISIC_0071366,bcc,BCN_0004489,BCN,424e275859992eb4402e0d8d12e43725616f9d64547c01ce4ee57a4e7b2241e7,external_train
ISIC_0053574,nv,BCN_0004490,BCN,605892c57adff8a08d5b31d82a77cd6d551a2f9febfda6410a13877cce7d0786,external_train
ISIC_0056771,nv,BCN_0004491,BCN,121596f29ab483cae62e41c64e8eae10447def95320136063989345b4041f4cc,external_train
ISIC_0067329,bcc,BCN_0004493,BCN,228bf3099c3bddd8118e05f83ca4680ba8aa7ccd71115693a2f05ea9dd77106f,external_train
ISIC_0072504,nv,BCN_0004498,BCN,1ca3bbb15bc4af9355363d1b1fda804b5e70196e5112b54b7b583c4cfd02bfb1,external_preflight_val
ISIC_0063892,bcc,BCN_0004499,BCN,2c44f99626b5f5c896bff58760ebef082e679ff0ad689c17b0e1cd2d4d179da6,external_train
ISIC_0066239,df,BCN_0004500,BCN,12d882d6617f7d471fac617be14397037c722ab8238ed3e8c39d96a116d7be2b,external_train
ISIC_0068806,nv,BCN_0004503,BCN,0e348355d62ad007b96d8d81c1e6ad807775e5f7ea118905e3bafc061689e82f,external_train
ISIC_0055470,nv,BCN_0004504,BCN,065aabce3eb3cad325760c169568b36a86603dde1b1fbcff3bf97c2fd843c729,external_train
ISIC_0058938,bkl,BCN_0004505,BCN,515fdad04c227098924327c8d218b81bc888811dce763b456eeb8e841a775f83,external_train
ISIC_0057815,mel,BCN_0004508,BCN,48c718ad84c59924217b87b5c68d7fbdce813071767f459fe4f0095b90970df2,external_train
ISIC_0072342,bcc,BCN_0004509,BCN,203e60674a3fa677496bc57114ce49bfe09e4e228a4bcb97cc4b6abd456c4486,external_train
ISIC_0063435,akiec,BCN_0004511,BCN,1af5c48063120d2d4c1b76fe974a6da5880ae9d24b21543a6748a9293bd4becf,external_preflight_val
ISIC_0069683,bkl,BCN_0004513,BCN,038703b9c72f7980a826f435a977c01d9292def27980cd81a1b1196053893075,external_train
ISIC_0054695,nv,BCN_0004514,BCN,340e5c91ac211027fac7e765d4bcff68434e7d052a907d8eacef63ccabe9f125,external_train
ISIC_0069235,bcc,BCN_0004515,BCN,5cc7a3641b05c4e3485308c7ca3ba865133cd08ade84ac94aabc1d9366ad108b,external_train
ISIC_0061929,nv,BCN_0004518,BCN,83c8367e4d2649b54e22ff4e11d542563b879d8d2f47b395bc854ecc31ba1be9,external_train
ISIC_0055775,bcc,BCN_0004522,BCN,5bf4b262786d05fca64cdc5e260fd8caf33a47901b614fe70378a78be3591500,external_train
ISIC_0066762,akiec,BCN_0004523,BCN,b754e8d0a5be9bf71f7b9bd44438c2144e395d893ea62b980eb8e357143e57d9,external_train
ISIC_0058602,bcc,BCN_0004525,BCN,ac210526953a6bc0b8077fce654f3673e1b1f8d3816109e0ee11700822198324,external_train
ISIC_0065108,bcc,BCN_0004526,BCN,e93a799bb17f797aea913a9707e77237d599e3c2ce736dc6f50362e3eb76a8a6,external_train
ISIC_0066116,mel,BCN_0004527,BCN,7bd3427a38d5f003cd65fa897e978a1c3f2d6af299b768b5e2baf5bf66805e7b,external_train
ISIC_0067031,nv,BCN_0004530,BCN,0eec513df6ec04c6e626cb711f4bfb96aa77b130fa7a481985a3f124ddc340de,external_train
ISIC_0057151,nv,BCN_0004531,BCN,267ce5b4c25ce4652c6c5215f616af534f72d7433f8ef571f4e81efd7355447b,external_train
ISIC_0053713,nv,BCN_0004532,BCN,2d64394d11ae239f657fc8118a2297c46b96685ff0548a52d390bbbc09f1fd9f,external_train
ISIC_0067049,bcc,BCN_0004533,BCN,4f4c1fa2ad5c3ae143338ad9661ad7d228689b4de44d8d6003b822df15e72176,external_train
ISIC_0055955,bkl,BCN_0004535,BCN,2226b9c63a0d22619611b174bb21219c77b7ec2ebc84eba260b030fa744e0acf,external_train
ISIC_0057941,bcc,BCN_0004537,BCN,fc2aa57c8a6c43dfa22495d337a99b3adaaccc67699cd15e2f49f1d50b140bff,external_train
ISIC_0058023,nv,BCN_0004538,BCN,8ddae02186c2a905e7366fa0c55803dfc16cc0139b0728f8678297008b08f6c9,external_train
ISIC_0069424,bcc,BCN_0004541,BCN,2e83f0ec0ba8b07002a34e28ce9adb1b758e945c9d0512957a2cfb46c5971ab1,external_preflight_val
ISIC_0067234,nv,BCN_0004542,BCN,8a21d2d7319f7a26feb4462b63c7e0e00b228c39c86101a562d7bbeab7e99644,external_preflight_val
ISIC_0059536,nv,BCN_0004544,BCN,051e102747143484eda6a81cc6e5351ad776a3257898870e6c007594395f5e1b,external_train
ISIC_0071864,bcc,BCN_0004545,BCN,2f6e5b8e4dbec3aca48e477b986796f96a0ec4050f7ecaa25b1ec3a72eb6a252,external_train
ISIC_0065413,akiec,BCN_0004549,BCN,7ad06be1a0a0aa3d6e2325ed9e574fc44559b86ae72230c82b1be08f23b788fd,external_train
ISIC_0054122,bcc,BCN_0004551,BCN,e2c0678c50ab4035173e37a217b15ad442c68fee0beb0567192d53adc951a4f4,external_train
ISIC_0065970,nv,BCN_0004552,BCN,4709fd4accf735ed6b5c9b8b8a66b0412cc5e926800ebe023810cace5a374be2,external_train
ISIC_0068363,bcc,BCN_0004553,BCN,41b84ef08f75a5a5b0a1c822db3709b5d0444b88c216fcfedacabcf52b34e425,external_preflight_val
ISIC_0053736,akiec,BCN_0004556,BCN,273b29bcd989cb9d6fb8a717c0f3cea2584b95599d287b6f088b32c0c76a9697,external_train
ISIC_0059122,nv,BCN_0004558,BCN,b752a3a76539233411fc3a969473a1781ac7cd94833e6028bf1944a42a5cc5a2,external_train
ISIC_0057442,bcc,BCN_0004561,BCN,1f00795b08108cd8a1245ad6b292620253e319f56634484fdcb383ff0d6c3707,external_train
ISIC_0071594,mel,BCN_0004562,BCN,09475be9dffe5bea248e08fbf7e371e9a1ab6d17a0f845eb8168410ba3e4bcd9,external_train
ISIC_0073004,nv,BCN_0004563,BCN,56a7654b4112197002797bf1997e71857c43f5702ba9ded6008e41b46d6a7604,external_train
ISIC_0066214,bcc,BCN_0004564,BCN,06d99d59859e32f2b16fd39be65a9d356ca06e4f5f176222647fe92485075fa2,external_train
ISIC_0059039,nv,BCN_0004565,BCN,14bd58a9d7767ff3a6e8c385e6815c56b0b513866530b69f53e5d0cb13a8749e,external_train
ISIC_0064362,nv,BCN_0004566,BCN,18425bffbae82e660f5e44d97be5b1c9858b7e3da00ec21fabeb5cd60d75bdf1,external_train
ISIC_0063590,nv,BCN_0004567,BCN,035659ccc144507767d0845bfe96225fd08c553a43923c296c890c5a713ebc15,external_train
ISIC_0065521,mel,BCN_0004568,BCN,b6b7f1e85d97b809cce211faab38598f22ef7e013d5d11681f3e477059cf930f,external_train
ISIC_0061879,bkl,BCN_0004569,BCN,688623d915e5a6cc78575f0f01bc76baf8f0d2c6f89ceafae526eaac5d275cc8,external_train
ISIC_0054575,bcc,BCN_0004570,BCN,1bff8b1cc3c467c7498619f8423c477fb981152e0cf3de32aeae87c10ea147f6,external_train
ISIC_0062496,bcc,BCN_0004574,BCN,0573178c4ac4f944faa182fe110525ea343d0a391eb2836bf60fc2a7acd9c8f9,external_train
ISIC_0062090,bcc,BCN_0004576,BCN,e2d45d2f41a7f8468159e36d6f8e35fbf84c520c290135779061fc074c69a543,external_train
ISIC_0069398,nv,BCN_0004578,BCN,bdb66b74976e36d96ff1727efaa208f65ed740a5f32cf3f63885e0ccb7c44410,external_train
ISIC_0064727,nv,BCN_0004579,BCN,70240b57919b448aaee855a3b8abc7c243406ab7a05cd4ade714e6b291126e4f,external_train
ISIC_0063950,mel,BCN_0004580,BCN,2543f3ae46868e72a81171eea039817b2ed9309af8deb44b783d314b9c5604ac,external_train
ISIC_0068177,bcc,BCN_0004581,BCN,7b930050809a23c48b3a8dd5e2bfc11ad5757cea7a7679410643015e81094df3,external_train
ISIC_0064873,nv,BCN_0004582,BCN,5da42fe3f53a0c89a33a7ef6807286f955dd1ed990a8013b1b84efdeeede871c,external_train
ISIC_0060467,akiec,BCN_0004585,BCN,7959a68fe5e418b4f5eaacef8846c54b21b5ff864bb7aadb681d64087ea15d8a,external_train
ISIC_0070564,nv,BCN_0004587,BCN,377d1c333723e307ef32877afb73d6d3c9e9793c35a6d8707539fa0ac3ca5cda,external_train
ISIC_0065310,bcc,BCN_0004588,BCN,135646b18388849f75072bc4f228a419168b009deb00779c8cb6c1ed0d81934c,external_train
ISIC_0071779,akiec,BCN_0004589,BCN,3159b7a849eed8d31f662d8db237357d7ae8e4f1806399aa52df49afb2a57226,external_train
ISIC_0056400,nv,BCN_0004590,BCN,7ceff9e86b9446b5b483d0e8b8f761cbc2bd7e0d7e668edb9a46eee1c5eb3db9,external_train
ISIC_0059750,mel,BCN_0004592,BCN,05c0233df2a9f4553e87f8fd0958ab8967dcac8ebd66c3d3ae97680b361e14c7,external_train
ISIC_0072436,bkl,BCN_0004595,BCN,0e9f910bda80e829897bc15da17aed2be6291c5ea0a30e3232bdfd04448096a9,external_train
ISIC_0068946,bcc,BCN_0004596,BCN,37d58188928c9385918dad44b171ac966fe45bcfd7bfeaf0274cb034dd5eeb54,external_train
ISIC_0060744,mel,BCN_0004597,BCN,617b5d2070434b8092303df87daca5f4540e6e4f861c5f7f29cc7dff01e491aa,external_train
ISIC_0057958,bkl,BCN_0004600,BCN,0dea0d1adc14b3d5fa9ee497d5e8c83a8b4c63fd8a3a5ed20c64f352411fdc38,external_train
ISIC_0070061,mel,BCN_0004601,BCN,48a09f2025e10a8c7a7050fa8ce79baf6dfb383abd6a5351fc4adb81be124c67,external_train
ISIC_0071692,bcc,BCN_0004602,BCN,a9efb572ff7e3cfe7f1faec8dd5fa5bc114d7a3a8ce1d44cbf486aac8507073a,external_train
ISIC_0067130,bcc,BCN_0004603,BCN,5974ed79f51843b99e9db31c36e62a75c7278028dea8ff3059472ce949693f7b,external_train
ISIC_0064860,mel,BCN_0004604,BCN,21a2b8e4cff11d99060afd9589cde29df943cae503b1cc2b69e2a8b1181b3c43,external_train
ISIC_0056038,nv,BCN_0004605,BCN,6f0fdebe4279351549b2496e160c67ddd3353f8f01a0770577dbfe9a08b41181,external_train
ISIC_0068733,bkl,BCN_0004606,BCN,39cc4d7d25fba93d53434094eb4e2d2546c2b260ca0e4ff32920bcf5dc190c54,external_train
ISIC_0055050,bcc,BCN_0004607,BCN,4598a97bd25c1431812e9df87f929131d7a76bb9a82aaab540e01e9a2b96a1e9,external_train
ISIC_0072864,bkl,BCN_0004608,BCN,18a83a8f21dedc2fbff4327755dbca16fdc8591c8f9d8fbf7c0560468b98a290,external_train
ISIC_0072539,bcc,BCN_0004609,BCN,214be47ff3b53cb45e817266c2067f60bcaa29ac3dd185adede96c6e32d89b3c,external_train
ISIC_0059442,vasc,BCN_0004610,BCN,00c7a51c94536627b74ab7373acbe1f630eb88f7c3955ff3d7068e9617e650b4,external_train
ISIC_0070943,bcc,BCN_0004611,BCN,2c4be479d9eb1edf7cac068e9d9c4264f3e5367e13d10c9bd1ec820a24b0b320,external_train
ISIC_0068015,mel,BCN_0004612,BCN,2b88fd2aa3f95c126e0363140cf1fde3ae359e15e2a6dc23e0a97edac1966f88,external_train
ISIC_0066740,nv,BCN_0004613,BCN,27c5489ba0c074dc739f1cfe96a94e4fb7e0ea59106f0f619a0016e1611d58b9,external_preflight_val
ISIC_0069505,nv,BCN_0004614,BCN,2ccafd99700c2650025dd527f48f8d6b0762e1df5312001d1d0e84abbf22eb87,external_train
ISIC_0067746,bcc,BCN_0004615,BCN,7961687209ab1b8f6f75756e20727e2741bb67ba3c1b5af280b9de0869d0afa7,external_preflight_val
ISIC_0062181,mel,BCN_0004616,BCN,81f6b187ff43cb961ae69b6983743eb8928a950c24ec0e42757ebabcda172fc9,external_train
ISIC_0060937,mel,BCN_0004617,BCN,803f4ddfa83caa3d54e62c68e2ce9e65c405c18cec4b25a83c088326bc549b67,external_preflight_val
ISIC_0066285,nv,BCN_0004618,BCN,ce7d3a011e7fdaaeece0ff31638c7c417882a805a079296391adef5b6cc25d81,external_train
ISIC_0065306,akiec,BCN_0004619,BCN,09ac98203c289cecde7325a598fcf44a137dd9e971f9e51f391c5d05be604e0b,external_train
ISIC_0069099,bkl,BCN_0004623,BCN,37812fd98488b5c35cd7fed5956e71431ac7908ddf814f476589d144c7d33463,external_train
ISIC_0067088,bcc,BCN_0004624,BCN,6c7433917a3c47dc72372b030e3cb94d6d1177b81a1e9f06083aeb3ff4196765,external_train
ISIC_0056286,nv,BCN_0004626,BCN,f8b9a06008b9c422797abc6e9346000e2e5fd86e80e860a6100ae82e6709d903,external_train
ISIC_0058309,bcc,BCN_0004627,BCN,430f75578cb658df9d91435aec5811931bbd4fb2840d3ef6b1e0a147a9c4c709,external_train
ISIC_0067480,df,BCN_0004630,BCN,8098cf6f3e3ce05bb93bffcbda1ab52ac5a07d0007f053088354b8d1f5d3bca0,external_train
ISIC_0064342,mel,BCN_0004631,BCN,1a1dc839228cd3ffba56aedb28fe4187e848b431be0bdaa51e57252cf0f1ebdc,external_train
ISIC_0066892,akiec,BCN_0004633,BCN,332501221c5f598db6b5d8c03ca4b8cb1800c5becb6c472336af7fc9afe3e3a8,external_train
ISIC_0055792,bcc,BCN_0004636,BCN,094dcbe167010642b978faa6fce710866e15187ca1e04ed57b6d86ca109fec20,external_train
ISIC_0053522,bkl,BCN_0004638,BCN,1bd3d7e407674698be4bb02d933033c81af2dc2e853201bb2e4bdde2766abe62,external_train
ISIC_0058776,akiec,BCN_0004642,BCN,65be6ad264a291ff9a41151a83c3e8e14664dbfe8394945f15a19e84bbaa55db,external_preflight_val
ISIC_0058069,bcc,BCN_0004643,BCN,0fd9192a9c51eba131d85696852c7e3d582a7184fd5c6d034d4747ab4b030b02,external_train
ISIC_0069903,nv,BCN_0004644,BCN,123d2e17d4a3a37e2cb18297931258f567a9ca5843a99f4c8a9e2eceaa8a5d5a,external_train
ISIC_0073184,nv,BCN_0004645,BCN,0e736b7bf9233fa4ff62834e137965923b7a6e52e9d8a9389106a1f2ce4d62ea,external_train
ISIC_0067842,nv,BCN_0004647,BCN,3265458d282473cfac739aed3a2e17a9b915cf31dcb8879c957c879c7fbadca9,external_train
ISIC_0059805,nv,BCN_0004649,BCN,0bb65b77c79a73e9ca5f4b8e4372a1e007183c0e3807e80bebdee4b87aa0d092,external_train
ISIC_0068337,nv,BCN_0004650,BCN,003a3b445b60d628f9374bf754747dd5684c961bd62ac4de5cf69e5d8ec6e9d0,external_train
ISIC_0054368,bkl,BCN_0004651,BCN,918d5ad4d87f4f9ad9a732e6d5d6aa2ec8c415af747fa0b1e4150ca34e9e3327,external_train
ISIC_0068893,nv,BCN_0004652,BCN,02b336219577331fb8dbc7cfb5ee665bc30d31f3d7cb02f6354fd5fafb977e75,external_train
ISIC_0072848,nv,BCN_0004653,BCN,1e3333438b24cbc27c1fe3126b8dc918d84a292e8d0b43a25c53260efdea48fe,external_train
ISIC_0064102,mel,BCN_0004654,BCN,93d38a1f9610905a88266e971f39a843a9f03cbbfd370cbc941817ca8b03600a,external_train
ISIC_0066180,akiec,BCN_0004658,BCN,69a78b88c97aeecd8d44e36458a09bf793debd6fd869007dc72d2b7c8f448615,external_preflight_val
ISIC_0060882,nv,BCN_0004659,BCN,234e660522dbd3d3e287c5d4331933814d2a575aa33eef6cae5662086ec10c7f,external_train
ISIC_0058729,nv,BCN_0004661,BCN,4816be05af027fb0d6f97ca97e7fea89bfec8c4aa98cd7bcf6800145369675b8,external_train
ISIC_0059678,bkl,BCN_0004663,BCN,37a10be44f9ec9a5014f6a5d8a72875403b947439ca6c8268d4e9bfa80b6204e,external_train
ISIC_0068089,nv,BCN_0004665,BCN,1f39ec7aa2c03668894f6961eea73c667cd3890da97de73d19c2bf3dd9e9ce2b,external_preflight_val
ISIC_0055237,nv,BCN_0004668,BCN,065058d1293d2c146ba374a752780d61754b35ffe67f65062b998d4ae1164fbb,external_train
ISIC_0055510,bcc,BCN_0004669,BCN,925d794f28b88dc670b87f8042840acdc75e06341b703f5390a15672c86a8cce,external_preflight_val
ISIC_0070677,nv,BCN_0004671,BCN,3171a8a7e20036ac8bb7f898f87fb94028fd1c9b0d6ff1c72c2df286404b89b1,external_train
ISIC_0060684,bcc,BCN_0004672,BCN,41b93778f523ebb74d360cc1894802e7bf29f7a61dbf066903ed488cdb76b26a,external_train
ISIC_0070973,mel,BCN_0004673,BCN,7148496bdeff65b24fe312d0bcb4e093bc194eb459e0383e4d38279e681ecc38,external_train
ISIC_0065447,bcc,BCN_0004675,BCN,15c3d340494a3bc5320896fc35f38e32011cd82294b738185ca451ae5670c600,external_train
ISIC_0070175,akiec,BCN_0004676,BCN,c29a244d059d9adad35e08433e3f36c1ce508a24bde78e4597447608af6cede0,external_train
ISIC_0060903,bcc,BCN_0004677,BCN,9e3de02ffeeb25794da87e776f3067e58bc19f704978be6611ae231f2b31318a,external_preflight_val
ISIC_0068453,nv,BCN_0004679,BCN,21dcb667e0c55c6c6f4d9b19b8c40495dd2dc1e325f398fc9358fb634b9f0570,external_train
ISIC_0061177,bcc,BCN_0004680,BCN,1b55b099336d044f25ba1628ea65b5c24311e79dfca246ae60dfc15184b97e1b,external_train
ISIC_0060860,nv,BCN_0004681,BCN,2b4b36e92d82e3076456c576f7045e52b5cdb4d2851502a26070d5d4e8923702,external_train
ISIC_0071751,bcc,BCN_0004682,BCN,0d0997990f0a3c003809b13474ab23ab7e418f9c2f2f3df24b38139cc552b999,external_train
ISIC_0059572,akiec,BCN_0004683,BCN,07296c17382153ca0fd953cacafbfc6c35f685fd075c69a979f3bce8c9dccf54,external_train
ISIC_0066564,mel,BCN_0004684,BCN,6c7a773e61730a707b88b20bba901c5167382084a2f09e255460470ea69e3aa7,external_train
ISIC_0064652,bcc,BCN_0004690,BCN,9fedc87454f28ae59ede69a8f4ba4f32f44f7750211978c23ab8ad8248170254,external_train
ISIC_0064189,nv,BCN_0004691,BCN,7f63f90dbbc0e5cabb5e9abd72deddd495854931d8112d574bcd6ad20b104b07,external_train
ISIC_0055633,nv,BCN_0004694,BCN,b836a7d00fa3e8c0c4f021a75d2517532b8dc2ab59e4c437399ee2e059a54027,external_train
ISIC_0062742,akiec,BCN_0004696,BCN,08b557f12b596ec2d6bbc768bf67628ae79270d6573d972313d7237139d67b82,external_preflight_val
ISIC_0056146,bcc,BCN_0004701,BCN,8af9e1c6d08d99824991063ebafc741d431679c8597ee13622d83a5f8f4f9cb2,external_train
ISIC_0055689,akiec,BCN_0004702,BCN,14f71e2d963a898c0d651eddb7f089c85d02d0ff6e5149f4f57cbc53332b7d38,external_train
ISIC_0059976,mel,BCN_0004703,BCN,14476e5c6b4e9a1344d3dfe3504d5488f5b977297862886aab982b9c8a21dd03,external_train
ISIC_0062327,nv,BCN_0004704,BCN,6c122b440469744f0c736c2541e752a638d0fb974f308409684d0309007cb332,external_train
ISIC_0061105,bcc,BCN_0004705,BCN,2fb2738d3b06acaa38e42796ab210dd285030b6c9ca33990be061ef4aac2d53d,external_train
ISIC_0068330,bcc,BCN_0004706,BCN,31df53e31cf66e5bd652148e982d40da56eaa0d185d9b568e0c8e0b2b4d67a40,external_train
ISIC_0071045,mel,BCN_0004708,BCN,0134eae0043711b1c475d8c5845bee54b29292b23d04d3b102260b01a036c0ba,external_train
ISIC_0072535,mel,BCN_0004716,BCN,008e431ad20b3334bc367c5933d544215299590e8b27153f6af52b63366cc006,external_preflight_val
ISIC_0054771,bcc,BCN_0004719,BCN,8c3d234edfd233b6920d752de4cac5a065ab851c3c42e9688c8f0cc8d43a96ac,external_train
ISIC_0066398,bcc,BCN_0004721,BCN,6a66bdc3bb02d220545dabaf3dbbf2ac69e53ec7c6995fc2830a2ae1e0707d26,external_train
ISIC_0054789,bcc,BCN_0004722,BCN,274d9f17dc38c94cc1b73c993e231e139c3a68feb893fcc53be8e9ddfb64555d,external_train
ISIC_0061072,nv,BCN_0004723,BCN,5fdda30801722ef24fd5e6afbcf8844ed3ed9d613f8a4c564d2011e1bde48e51,external_train
ISIC_0069611,nv,BCN_0004724,BCN,6613d34c49121ddde1add4f836001dc5ada83fc8c755627442cebda7a53e6cd0,external_train
ISIC_0072940,akiec,BCN_0004726,BCN,32dd84270f1621db176ceae17da2dd07ba49af057d09c14ae29c48fb3090ef25,external_train
ISIC_0065999,bcc,BCN_0004727,BCN,1b8572ca86c77fd026a68698dba27f4dcd11b6d462ef3b168a3381c84eb37171,external_train
ISIC_0059200,bcc,BCN_0004729,BCN,644ead8d81973af28be349e633ffa8a29145dcad789cab1d24e6e087f19cde05,external_train
ISIC_0068488,mel,BCN_0004730,BCN,0ecd0d86406ef4ed19fc633a131e1f0e8f72fef0d96a68b54fff1d7f88f7366e,external_train
ISIC_0055258,df,BCN_0004731,BCN,00a1a913081292b6dbdfb43713c013fcdd33669116246c80ddc90a1512f55024,external_preflight_val
ISIC_0062382,mel,BCN_0004733,BCN,ea39951ca9240d286e7bc9bacb149c683ff430b2f04bf98f0c990e99c81554e0,external_train
ISIC_0072978,bcc,BCN_0004734,BCN,35bbc4c7f0b0b2724e6d2bb32a4ee1e16bdd606bdced71db2bb31040459019a9,external_train
ISIC_0067557,bkl,BCN_0004736,BCN,0552449440bd539d2fcc8495667734acfd4607231576da2b8b4f80dbd84c992d,external_train
ISIC_0067705,nv,BCN_0004737,BCN,08a9a995cc625968a73077ab4f9232ed6865c842fec33c29c65ce2610b52917e,external_preflight_val
ISIC_0070171,nv,BCN_0004741,BCN,bd8da07e4497757abefe3b66ad29e30769b9faab4dc8af9a01fa93062fa7f7cd,external_train
ISIC_0063199,bcc,BCN_0004746,BCN,348efb4ce28be14a97d856b8cb60f7d31987102f5163a4ce4fe9cb1fadfcfffc,external_train
ISIC_0056694,mel,BCN_0004748,BCN,42f0474e317be3447d1ea131903be7f6d92f7953251ce29bab893c6881e88ce9,external_train
ISIC_0061571,bcc,BCN_0004752,BCN,05853774fe2c776568aaf1b9e0a2a78319e28ffa9c489affc592908d0f4fd231,external_train
ISIC_0060033,mel,BCN_0004753,BCN,9b63ca8248e2e10a9b61e5e0b192a924e6aac907e13a5f8ad79c7fe3b2daefe8,external_preflight_val
ISIC_0070993,akiec,BCN_0004754,BCN,8993c597afacdb6f580b80226de10adc56580b799628fd19ed0f0ff809d3f47f,external_train
ISIC_0060772,nv,BCN_0004755,BCN,90c00100a4516127129f76335d8607d6e9351e4a288fd9632de0b89ac599f7b2,external_train
ISIC_0053464,nv,BCN_0004756,BCN,58c700113f2643c6ddc5fe8479970d4b66cce1de961745efe198f09773be8f97,external_train
ISIC_0068388,bcc,BCN_0004759,BCN,1e8207423271b05617e15fb86cebffc794a34dc75d25815c7892154d233a2a4e,external_preflight_val
ISIC_0063757,mel,BCN_0004761,BCN,20b59c6a9a1f3c641984aa73bb47148a764d72953f983627dc5b4094a4912ea3,external_train
ISIC_0068630,nv,BCN_0004762,BCN,0634e68752767bd7423f5ce973f2c4e692a424c0bd6e3b3f4878ecc8e32dbc14,external_train
ISIC_0059050,bcc,BCN_0004763,BCN,2675be14c778d5e407f47e46c692866a5d6fc606fc4d463d4fd71359f85d0568,external_train
ISIC_0066639,bcc,BCN_0004764,BCN,fbae7fdf9a6d0f8b3edc98a076a59499d370afc8b3a94b5b3b2bcd782c3e08b8,external_train
ISIC_0054523,mel,BCN_0004765,BCN,7ee86f26ce318a06f196488d1080d69248f90192f9e03e519d9d1eb0c29206d5,external_train
ISIC_0069435,bkl,BCN_0004766,BCN,06f635e1166b1e42cd86697609ff1293da75811a059214819035b8a877c73691,external_train
ISIC_0055245,bcc,BCN_0004770,BCN,48526ed06ae474274b7a6d2510a44cc3363b7ac59cb86f088ae377e754476dbd,external_train
ISIC_0064512,bcc,BCN_0004772,BCN,65a4ef65642a2e54f8ad81b76a039b3b15320f808a6ffe4d272882689c3b7f67,external_preflight_val
ISIC_0059999,bcc,BCN_0004775,BCN,5d87f2f435d26070a967506a3465061571683bcac978fb11316c841643737e69,external_train
ISIC_0057280,akiec,BCN_0004777,BCN,50f21df384c5cda93f5bc88385efe9a52c73db416effe56af1a74ffd38442c3d,external_train
ISIC_0057511,bcc,BCN_0004778,BCN,52dae66a5040b15cc6bdf0f8d95da88b2d77131ea46407352a5bd1f0343834d7,external_preflight_val
ISIC_0060011,bcc,BCN_0004779,BCN,d14ce66a348079d86c5989938a5f5112d9717d01260173cecd2d34cebd54eccf,external_train
ISIC_0068118,mel,BCN_0004781,BCN,31797ba23c779e0f513fb018326b19de9428fc9555fd8bdafc8d17095dd40e94,external_train
ISIC_0058905,bcc,BCN_0004782,BCN,6f5bd1f62e6065c2dd97009eb6fcf7a6b98f3bd18600b069070bdb200182c019,external_train
ISIC_0066099,nv,BCN_0004784,BCN,076d1206653e1932baaed6528dd02b69f9c4dc2edc7562695e54ee429be9df66,external_train
ISIC_0065400,nv,BCN_0004786,BCN,8d5c87755156d2b188c33fa0a38a4f6c79cb56c2f65359a54c0fed603139e007,external_train
ISIC_0062052,bcc,BCN_0004787,BCN,aff8e14768f904373a867f910cd023d0e5419902de917acc8ec48e09214bfa0c,external_train
ISIC_0060486,nv,BCN_0004788,BCN,238d93ce453cb9ab82d4102b879d91983c7b514ec9b1102bc78480cf78ff598f,external_train
ISIC_0067156,nv,BCN_0004789,BCN,161f56b23afde4b27805960b3608d6c60057755fe00b8073b6f9ba9058cf16f7,external_train
ISIC_0063386,nv,BCN_0004791,BCN,205fcb108a38e7f98b9b54c73ae3d87a67e04522f4c95791ffa7b97a2578c913,external_train
ISIC_0063471,nv,BCN_0004792,BCN,375c8accf91245b03a6d9406200e152a92d9ab33501b0a89d00e5331e4722d7e,external_train
ISIC_0060157,akiec,BCN_0004795,BCN,118dae4c9447c0ccabfb5988b0103b782d3dc824136b2fd68503533109cc00c6,external_train
ISIC_0066400,df,BCN_0004797,BCN,3e03ee206a03a4585d0934fd4b0f4fba5d773ce6deaa57b57f64aa233dc20ac2,external_train
ISIC_0067888,nv,BCN_0004801,BCN,044f7b12b15653fcd170d178de4e0e5825bdae96c5da5cfb6a6e53b5545120f2,external_preflight_val
ISIC_0067490,akiec,BCN_0004802,BCN,0bb749c2df1b36580644eb8ec38fbd4cc30af2fa328862966df7d7a8c629c8c2,external_train
ISIC_0068313,bcc,BCN_0004804,BCN,3ce4d9112f9b2a09c7fa6eb98624d9f79e7b7290b32597a8a01e6944dc5f23a5,external_train
ISIC_0070110,mel,BCN_0004811,BCN,d6cf66d42330bb5625faafd8a5b357d60a4129d0d931fa8d2a37475fa6fec47b,external_train
ISIC_0063042,bkl,BCN_0004812,BCN,0cf90290897b8981120c22c198529675b3c79b052b19bcbf8aa204cd4e8f8c51,external_train
ISIC_0064205,nv,BCN_0004813,BCN,1971a30ff7a80880b432b0f9ad2d04e5b79e0d1a3d191c545c3f0dd05f3f15e0,external_train
ISIC_0071951,mel,BCN_0004815,BCN,2530f478fd4f00adb5f41ed26d7cc00cf812224aac0a35d0d97466e173da534d,external_train
ISIC_0055537,bkl,BCN_0004820,BCN,4b49d6b6b88f99a81a7de9eff1a27c55e7275edbe629865c16e1d9d13a09dfda,external_train
ISIC_0071147,bcc,BCN_0004821,BCN,36bfb50ebc18e91f8913c79d40158c6072d009a5ba53ddc85caa8864a823bd13,external_train
ISIC_0058459,akiec,BCN_0004822,BCN,2f9fb8b845e4b44b940af1d21ff81a7f3754f2fe3761c758de24bfc5811d6769,external_train
ISIC_0058361,nv,BCN_0004824,BCN,345303feb07afd7f993c5e74d07d87d74e089a0256444d9de2f36d0f49b461c3,external_train
ISIC_0072078,mel,BCN_0004826,BCN,78c0f0962d7da56ccd7bf75b75c75131522e3edadfc7f2feb39869d81e14bdda,external_train
ISIC_0071251,bcc,BCN_0004827,BCN,72bee08c65804d50ce7b2e9aa12f6086ff9f37988151d74cb618fe0eed38e184,external_train
ISIC_0068248,nv,BCN_0004828,BCN,8cd44b78f240ced3179df80d6ed25bcc3abc648e753b569a02e1e7bef88d8e7d,external_train
ISIC_0054650,nv,BCN_0004829,BCN,04b584a4811b91a693b2b9aaaedf875edfa959a3370a6d4822210e8b0263d21d,external_train
ISIC_0068916,nv,BCN_0004830,BCN,51bc43ee09727a3c56657685038b95a837ccdd8271040d365e1d062fa5a54c25,external_train
ISIC_0071113,bcc,BCN_0004831,BCN,0b2ea64306398a96482005b077b235c57f4c7f10c524bece06d94f8e072e031c,external_preflight_val
ISIC_0067204,akiec,BCN_0004832,BCN,2002ddf2c3e17656c819503469df2af263931e63f3f7d4a1e126f0fe4e3bd6c8,external_train
ISIC_0055950,bcc,BCN_0004834,BCN,ecec37fdb0177cbb1604a63070648271d073909a2cff19f94a2f851f2b1a1cdd,external_train
ISIC_0054556,akiec,BCN_0004835,BCN,07a16fc661ea21b3c86b95bc220330c5c0b9340fccb3547aed355a53a57208c8,external_train
ISIC_0059384,nv,BCN_0004838,BCN,6b836d3f6fadb44c5225d75dff2f1c62a24370a7c9995382ead298b913a98f55,external_train
ISIC_0060848,nv,BCN_0004839,BCN,36d8a2a2648de69e55a8286a7258f1016d261f8c49ed6da961622074af49b8be,external_train
ISIC_0059128,bcc,BCN_0004840,BCN,272c18c5e786695eb5ab015938720212d89eaf022eca1c335c804a3b9f58d9c3,external_train
ISIC_0063769,mel,BCN_0004841,BCN,0e35d4fb4bc91babbb88ec23c0eec08e4f0067a972ce9b360c051e5662df8830,external_train
ISIC_0059018,nv,BCN_0004843,BCN,8ee388213338ba48bf0c93e430deb04c592cce6851beed4b00ed063998a46951,external_train
ISIC_0069115,nv,BCN_0004845,BCN,33bc4149fbbfa7696a2fa28f46480109b56c054ff33c2642a05671a48d3f98dd,external_train
ISIC_0066672,nv,BCN_0004846,BCN,2e184ad99158ec8bba1c55c46a4a208dd81a1c21421a181cad8bb645b00afe14,external_preflight_val
ISIC_0054917,bcc,BCN_0004847,BCN,4cca66255a93b0126801c4d7d96ae7e915b92f942c59858fb1e71d57c0dbff2b,external_train
ISIC_0059115,bcc,BCN_0004848,BCN,557dfd3501ae475581bcec7bbdfe817e1ae0ae78d73938f66238c6ab12538671,external_train
ISIC_0068047,bcc,BCN_0004849,BCN,97a0b257463721a9a44db8fbce4c95bc3941ea273e8baf140dabcdf1aea9de6f,external_train
ISIC_0069747,mel,BCN_0004850,BCN,8802f866e620760c43833ab8012cb153b23d793eb57c74bb7e98d82a9c52ec1c,external_train
ISIC_0072116,nv,BCN_0004851,BCN,2242728ccc436cab03704bdb2f87cc44e39e24dfeb0bb5523a02089f4b8d12d8,external_train
ISIC_0063274,bcc,BCN_0004855,BCN,009cce2277b75486e58810a884fadd7bd235a48419eb0d3c4e04d39a9fbcc334,external_train
ISIC_0053708,akiec,BCN_0004856,BCN,1d1efb4c2671d1f21963280943ae635081750287eb35ed55ea4172ab134ec54b,external_train
ISIC_0067511,mel,BCN_0004857,BCN,1ed8b4f69e807f91429237e702a13362db9465976fc37992ab278993765c5a57,external_train
ISIC_0057629,bcc,BCN_0004858,BCN,23098cfc8f238b5321b198d7d15dba1961b259a7635dfc00c7eabfebc329446f,external_train
ISIC_0061305,df,BCN_0004859,BCN,0836245f0b234e34657f6f5940731d49da9df8ba22d45aea884e5d7deda5d8cc,external_train
ISIC_0054552,bcc,BCN_0004862,BCN,0b11f345db3170d05baadf79914bdd842536a7459f88d80fd687a2a220b34e51,external_train
ISIC_0070737,akiec,BCN_0004865,BCN,1e95682264902dd86d072f6ebceaa3e84c2a6ff37ae5851445486f1c9e125c94,external_preflight_val
ISIC_0055296,nv,BCN_0004866,BCN,0c550954d96b8d5c14123c3657b4fc1f39739706e464fda9485db27a438b54ab,external_train
ISIC_0054854,bcc,BCN_0004867,BCN,c0d871d1a71626f01ac00f2bc27fe4fd04830e593584aa2e02a94b940911b7b2,external_train
ISIC_0054158,bcc,BCN_0004869,BCN,b8f79d1523af90a45e6d13a887449857b9bb7fbb2b33dbbf46757bdf86e195ed,external_train
ISIC_0064699,bcc,BCN_0004870,BCN,078e40686d0a9d60675121a2d10b56124bf10483f0085f6309e62e5c9303c16b,external_train
ISIC_0059469,nv,BCN_0004871,BCN,db84ffa79462d620fe25b3918e082ca663b4bd25962f9496da6632a3da0accf0,external_train
ISIC_0071964,bcc,BCN_0004874,BCN,26d7314553c7d826cde2d1867c5ea05f425e0afcb438ae6abec1540d048f8562,external_train
ISIC_0061464,akiec,BCN_0004875,BCN,389791f434f709b701c376d7eafb4e53ec6c8358f82c3c6748a35a6b1252715d,external_preflight_val
ISIC_0071346,mel,BCN_0004877,BCN,288457679154b5ec653c0898d2ea7a78e41b8793ac4de89c767205b7de2ce5a6,external_train
ISIC_0066917,df,BCN_0004878,BCN,126abf17df3a9a76c4bf84830e47a8e3613aae4a95e4450389cc360e11a0c454,external_preflight_val
ISIC_0055305,nv,BCN_0004881,BCN,ac23ef3628d5a5902251f287e6c878ee84a1b5438a292d8dcf786afe298e1dab,external_train
ISIC_0069780,nv,BCN_0004882,BCN,15ecb3065d915fc198f186f7b31aa1ff625931eda47c664c65e0582f08c76e0c,external_train
ISIC_0061379,mel,BCN_0004884,BCN,25454fd05ee21dab7d74949213ac08ebcab11271d1998773b2508a355a63007b,external_preflight_val
ISIC_0063903,nv,BCN_0004885,BCN,81e46d5469bb8e9d7e5e174074b40bcba1b43abbb7235b9df0b882f3c7d01cb1,external_train
ISIC_0067775,nv,BCN_0004888,BCN,6c4e1d681be6d8df2e088f351f6dc8fd1e4ff0876801d16d01cd7091c4997ab3,external_preflight_val
ISIC_0054569,bcc,BCN_0004891,BCN,40d1a57ae330f591f486bbfe2ade88c89e2087828456cf195e98900a54656199,external_train
ISIC_0072579,nv,BCN_0004893,BCN,5855bbb46e97280df411890f913a7367b3097e6e41aed5758d1c436c80d4929b,external_train
ISIC_0060773,mel,BCN_0004895,BCN,8b514454c0c443ce19e45bbb70ba894715e4e0c4dad3b07222f49f2b656a6371,external_train
ISIC_0063033,bcc,BCN_0004899,BCN,9f37fa1e4f77bd17fdea4142f488b790d9bb6ffc2f5d064160807c5a3263f29d,external_train
ISIC_0067550,nv,BCN_0004901,BCN,613a52db4bf5136b3557b9a237a1cfe7c9cdffe318b732173de5ee604aab15eb,external_train
ISIC_0064280,bcc,BCN_0004902,BCN,0bba27e8951c2c9f5b60759fceb8a3cbcba32fd3945fbc5ccf901c41ae657253,external_train
ISIC_0067278,bcc,BCN_0004903,BCN,333cb732790f86a7a54dac174f7a4edb350d89bbd7b5290945aba4f0979a195c,external_train
ISIC_0068447,nv,BCN_0004904,BCN,8fd0901a7d01325f68964868912b82ef917586f1f96ee676158535e13f818f1a,external_train
ISIC_0056575,nv,BCN_0004906,BCN,984262a4ce3b05ec4c7e36ffbef5e3c596a305c919360d31379781b19c0d7e95,external_train
ISIC_0063006,bkl,BCN_0004911,BCN,4f4572bf868fc2b54b3e30cf1b8428317e2effb6c890ef50e06d84e3669b49ff,external_preflight_val
ISIC_0068546,akiec,BCN_0004913,BCN,4d6eec62be9656ae9cb2d4069e8dffa4cb26c8f7406efb4137a8712e444b9163,external_train
ISIC_0069326,nv,BCN_0004914,BCN,1c00a341da00dfc1132ed81bb2bfb47119b48bce214c87ae87a9201bca4d633c,external_train
ISIC_0065875,bcc,BCN_0004915,BCN,2cd3f2186531f8c14d9b09e286deb1f7502d263dd1d242465e7a67381b2f6613,external_train
ISIC_0054272,akiec,BCN_0004918,BCN,0688696b67428093c12a5a9b7ed8264c9de9c7d8c6214d0e3c2fd79ed3cde0f9,external_train
ISIC_0065078,akiec,BCN_0004920,BCN,22e6b246aedd7adac61004c05109a355f91b4c481d8c71bb64ffe3790a1d4a2d,external_train
ISIC_0057127,bkl,BCN_0004921,BCN,1579b09480f85c7747b3798a24ec45c0caea8a7c8c79262e5448c5a2a72319f3,external_preflight_val
ISIC_0070390,bcc,BCN_0004923,BCN,7a0258bc88bcee75e49852ccc8bbc8a53b2d2ec6bb7a9124be2ae6ca3aa06cda,external_train
ISIC_0065208,nv,BCN_0004924,BCN,2dcf6df2d49ef31baa54560243eb7cdea9fcc7a7eff5d62163f1950c69839e57,external_train
ISIC_0061691,akiec,BCN_0004926,BCN,05da78ff81cfe499ab8c45d9e9791d8753b31ae8b5fcb7e790488e7e10feb72e,external_train
ISIC_0067452,mel,BCN_0004928,BCN,4872242a39aa1f6b48f75a4c3ea9cc2a3604024003ee4bc02dc079974e506ea3,external_train
ISIC_0055876,mel,BCN_0004929,BCN,568e89d951d7da95945e71ddae48eddd1e119900470d64d6536c0edc38056bba,external_train
ISIC_0070612,bcc,BCN_0004930,BCN,201bf26c9c816152b0997555a77091b63b7a27633de3d7a561fa8e7815972aca,external_train
ISIC_0061324,bcc,BCN_0004931,BCN,02d6b902ce23c59725bc526f2a3b7767e6a43b018d5445e8798c8f27cc59035a,external_train
ISIC_0071493,nv,BCN_0004932,BCN,8af3a767b75400c4f7ebf3c0843be14421c89ee43c5f353b20a036ed3109fd7a,external_preflight_val
ISIC_0053503,mel,BCN_0004934,BCN,357ead76c6b721c1c5cec703a819a4c7a494fe1bed9120eebacbd49e41d6a673,external_train
ISIC_0058394,vasc,BCN_0004935,BCN,1bf2eb93bb8ea14009922b552c47a04939560c997247a3a2abdc79a9df6a456b,external_train
ISIC_0056870,bcc,BCN_0004936,BCN,63d70ed3f56203a012838fa3cff565a18d9a318dd0a0af5f3c1943dfc3a1ca9d,external_train
ISIC_0053648,bcc,BCN_0004938,BCN,12b15dcce0b3e5e21908e921050978c4e2daf5b1503c0fa091a7c23f6056bd30,external_train
ISIC_0058160,bkl,BCN_0004939,BCN,0d7d81292583d919d5d089a9566d9b2d29bf4a34d3569b24ea4f9428ab5f19f0,external_train
ISIC_0059816,mel,BCN_0004940,BCN,251bcd17cde61082ce9bfefc3ddc7f9337b0038309ef2829e6f92a0e1951b132,external_train
ISIC_0055797,mel,BCN_0004941,BCN,8cab8bb55fbf4c064ed196feb5c3e03ba80ed9730c072e2256270cb10db6be94,external_train
ISIC_0053762,bcc,BCN_0004942,BCN,66686b01dbe5d05fe77e528234acffbf5ba4d337e7faa9f3d4a9a5bc2796aeb2,external_preflight_val
ISIC_0054739,bkl,BCN_0004943,BCN,5a8e34ed8ffa16f5b9208acc1687936a96c6682fb975305f896763509a4a2c93,external_preflight_val
ISIC_0063020,nv,BCN_0004945,BCN,3428b71d66a8f9c83a9019337c2dd454f3ab582662cfcefd913df433c9d40cd7,external_train
ISIC_0060976,nv,BCN_0004946,BCN,bb7d21b09eb9134d22e404cf8316938c2486f7948e15e66d43be9c7c04a42146,external_train
ISIC_0066044,bcc,BCN_0004947,BCN,081623ca654b27da3ffb569b6098b1e718c51d8b5a3ad7bd7e52cfc8b1c1510f,external_train
ISIC_0057155,mel,BCN_0004950,BCN,087f793d7bb567cc64bd5558f21463c23b273359b5dd7232229150bf1fca9495,external_train
ISIC_0073116,bcc,BCN_0004952,BCN,7e19fa09c746f3c41f16c4912f2dd56157cf9ccf113a06eb12103c96aa055ebc,external_train
ISIC_0056297,bcc,BCN_0004954,BCN,9364279ef8427236870d65f1d96f02439c137e0e8701addc93e92202f0501f85,external_train
ISIC_0065022,mel,BCN_0004955,BCN,7184419f22ff65314842ebd06aee0c2d7e5cb094bce97d088003691eba4c8848,external_train
ISIC_0070462,akiec,BCN_0004956,BCN,26f15472166bee5659500a632015de09f6aaf0adcecb8834c1172e109c08eee9,external_train
ISIC_0061543,bcc,BCN_0004957,BCN,1ac879df37395d8457cb09efa513c365faaf64519e24b80e280a6f0195d99e8c,external_train
ISIC_0060451,nv,BCN_0004959,BCN,c1cac3159722065808b3491fc36b92f8432b2858b49bb6aeefd6e48c3543de76,external_train
ISIC_0063090,bcc,BCN_0004963,BCN,21e458ecbc0c10f1e6bd71c0e17c336f50b15299734b6a2e054e6c002374bd29,external_train
ISIC_0072097,nv,BCN_0004964,BCN,09bab299ed3dea1f64122d3cb24d41b280059630e007869a5e71cdea37462dd2,external_train
ISIC_0055875,bcc,BCN_0004965,BCN,424344793160a7b834d38dac0e2a04450606096c939995ba0ddc1ba4e05ecb73,external_train
ISIC_0062971,akiec,BCN_0004966,BCN,732ae7feb2e1502f6a8d80c4abcd47b6c1bbc303a63eac5cbca64be69191f10f,external_train
ISIC_0054668,bcc,BCN_0004967,BCN,753d59e0f350a547ad0edcca6937f65c6ba8ae2727ae85199b7323314036154e,external_train
ISIC_0071909,nv,BCN_0004968,BCN,31b50d00dfec81d8884d92e6a2b65010472a4f9160b37e27b3ab9da13bf8f06d,external_train
ISIC_0060742,nv,BCN_0004969,BCN,2471245b49bf5c8851dfbd84ea633831ffd33fe6d8e82c14aef071a34ca19b03,external_train
ISIC_0068217,nv,BCN_0004971,BCN,767d9b887456605dfec7ea576103390f3f026b625ed4e2a5641be78868fef235,external_train
ISIC_0063688,nv,BCN_0004972,BCN,14575565c86fc3b2933f473ac9cb421a9d4a290ae7b3091b3c1aef238e035689,external_train
ISIC_0073111,bcc,BCN_0004973,BCN,7b61f58bcfac8b04f37bde5ec53cd3d55aaa37b38d308c36dfbd70aca9c7d49c,external_train
ISIC_0066674,nv,BCN_0004975,BCN,6f03cb623888f55a85c10dfb7bcac121aae5fa47ce52749f29a23246f00a5223,external_train
ISIC_0066060,nv,BCN_0004977,BCN,1b99066ffc7fdd272c93cb30babaa02fc790cffcd18dbb24fbdc6de0986e63a5,external_train
ISIC_0054673,mel,BCN_0004978,BCN,2a20f3e67c5adbe40eb18b0ff8d7c888a663593f7e8670fbbcd2353c3f2f3256,external_train
ISIC_0061213,bcc,BCN_0004979,BCN,68cdd046d18816167e61147a3042842f117810d3d6c4fef6b1a6b4eb853494f0,external_preflight_val
ISIC_0059231,bcc,BCN_0004980,BCN,4181757b88173772ed6cff05497900140cf13a7e12d1478c5d4eb84c1701883b,external_train
ISIC_0067582,bkl,BCN_0004982,BCN,3ee160e2ebc1bf78b135da25b71d62c998a19990a3138652bbeeb4a520e4120a,external_train
ISIC_0073039,bkl,BCN_0004983,BCN,0a2bd6e7507b1ddff17fdaecfa457c8e97e8fe1a79c750f912cfd7cfc156c27f,external_train
ISIC_0065397,bcc,BCN_0004984,BCN,20658c1c02bae41aa853fcc5bc5b742e6bde0538ae04c50af7e35890117d95c9,external_train
ISIC_0058549,bcc,BCN_0004985,BCN,0b11af9059c216bbc435e4a306003762078340371bcedbe9ddf594abee6b41ab,external_preflight_val
ISIC_0058699,bcc,BCN_0004986,BCN,1b4f110be7a5c74a048e119ff45c0a5eddea7587bfd65ddd9df3897dc1036897,external_train
ISIC_0060402,nv,BCN_0004987,BCN,6ecbaecf2db4474f7ac3a0d805777157860152bab02fb63b2f51d0ead6b4d8f9,external_train
ISIC_0066096,nv,BCN_0004988,BCN,4a5a2ac72cbdb6037ed17fcf4e8d8d8d416f2c0f1e638921b2042014673c0dd2,external_train
ISIC_0054502,nv,BCN_0004989,BCN,4dfb749ed842f1bc86b034cfd752ebb7a5b71e80e5890277869ad6d372a02731,external_train
ISIC_0055420,nv,BCN_0004991,BCN,2334d213a7d876494c6a933b8969bc099302989071f7f08c3f49f1dd04f6324f,external_train
ISIC_0058883,bcc,BCN_0004994,BCN,191bf1ba25448b51770658fdd1dd22ca0de88a213002dd6638c908b64df52b53,external_train
ISIC_0062637,bcc,BCN_0004995,BCN,44ab9417fa4c0d7c4b0eaa7e32951c4d1a2339549c3d7b7a2ecfbc6fea522fab,external_train
ISIC_0055368,bcc,BCN_0004996,BCN,5d4c66791ab010efa349a1f96d63c9c0bfcf4dca4bb89ea90e088ce4403efe39,external_train
ISIC_0069719,akiec,BCN_0004998,BCN,283c50e24e3a492c1c62c2d530365c824aacd06a5f918a32c93493b23063d3c1,external_preflight_val
ISIC_0062847,nv,BCN_0004999,BCN,17780e5e9f371f7ef886b4603c0f47710e34a716b58f17211d9cd7223c769649,external_train
ISIC_0073086,nv,BCN_0005000,BCN,564e00c69282bbd0951c5482bf3505fb3d685ba592d4b3e3615466be2c450df7,external_train
ISIC_0070038,nv,BCN_0005002,BCN,c670a09dea6a8091c604cdf098e5e2de260631f9ae8169803c85104b3ace11ac,external_train
ISIC_0064470,bcc,BCN_0005003,BCN,1d8cfe480eaa5e57ddcff0330490ba6c71701da7d63a77c47fa0bc73e8c984b0,external_train
ISIC_0053831,nv,BCN_0005004,BCN,5f197fdb6fdab353baaad8eda5b48502b9ddbc76be46fb4fc352329674c71b6b,external_preflight_val
ISIC_0067720,bcc,BCN_0005006,BCN,131fe934fa2cbd582a436e76569ab116093a575a4cf34045f2ef04559580c846,external_train
ISIC_0070631,nv,BCN_0005007,BCN,05abf7c85fbcf0781083eefc718f5d3d0ff83588e2a81489fa1edcf2a97406b1,external_train
ISIC_0055624,mel,BCN_0005008,BCN,26c5fe71fdf7111b19aa852fbcd7ec3089aee23d38ad76398883dfa4ed9932c9,external_train
ISIC_0055976,mel,BCN_0005012,BCN,110e7d381fb945dd1b25681f99ec61a73fe0c574120937da452976db33a0afc6,external_train
ISIC_0063649,bcc,BCN_0005014,BCN,659a70b9a3545b4ce641bf95b3fc84157e8dfb058aeb9e52ef9e33f57a031a6d,external_train
ISIC_0066549,bcc,BCN_0005016,BCN,0a191c11c5a8f7731a9dd196c6a4b728ed23290cb4305334074c91bd350d3a3f,external_preflight_val
ISIC_0071406,nv,BCN_0005018,BCN,08f0b5259f3dd03d82e04b06ab3f175305b5b6180628b0c382f511c848b1ec0b,external_train
ISIC_0057022,akiec,BCN_0005019,BCN,0f8b8385af2bcc7ff1dc7ec5c9617465079d3e4e42257a2946471c22ecde7cdc,external_train
ISIC_0066989,bkl,BCN_0005020,BCN,3e58af3ac4c4448174de9af101698befa4563ae794d10c434d0747cc6692df66,external_preflight_val
ISIC_0063290,bcc,BCN_0005022,BCN,917723a07dfc3645f5c49119c188b8f390e5158d72c26f7e479cae0599caf1d9,external_train
ISIC_0068142,bcc,BCN_0005023,BCN,13d53ced077314436b1ecd2a2459f8f13ad3ceab14aa599658caa0da004fb103,external_train
ISIC_0071752,nv,BCN_0005024,BCN,234ffe252405cc883a26278d340323832b6a303cdcfeaab0705048201bb9f471,external_train
ISIC_0060849,nv,BCN_0005025,BCN,34168a88ae10ed422dab09b9a446360b2f6e9e5ee730c03df779099dd632f447,external_train
ISIC_0064850,nv,BCN_0005026,BCN,7c1982e7fabf105d5e310e5ddeb34bcf953f91e19454e65c3a7de8c547bfd3e5,external_train
ISIC_0069073,nv,BCN_0005028,BCN,01e36b7833878f4e4c389a559aba05a54ccc851e9badb490dd884d7c5a576805,external_preflight_val
ISIC_0056584,nv,BCN_0005030,BCN,7549abf858d78eb2a1863007f4959915f60812c77dc3bff9f4764eae949da524,external_train
ISIC_0055181,mel,BCN_0005031,BCN,1364b645c6470f31eb99518922e06e81185a4ba1a8f4a6a24969aefe7540999d,external_train
ISIC_0061361,bkl,BCN_0005032,BCN,4ace9f09edb1dbef4449b4a7f5276b6740090e4befe6d09a926c61190f0133b1,external_train
ISIC_0072062,nv,BCN_0005033,BCN,5d50df53b5541938c709de7f8bc2f954ae684c7fbf882ab0c0349c5a681ba71b,external_train
ISIC_0053485,mel,BCN_0005035,BCN,3d66d98a939bec228f5f7740d37f8446cdaacf96a85e8a0c34833b3b7a318715,external_preflight_val
ISIC_0054237,bkl,BCN_0005036,BCN,a70cb36c71e1e7f4019c6bf901ed753aa5b7a4496f3303a37b14d4037b5933d1,external_train
ISIC_0069236,nv,BCN_0005037,BCN,7c72369e05158f7e5df093bb1b99a309459d3823320e8db4f41824629d86e25f,external_preflight_val
ISIC_0068219,bkl,BCN_0005038,BCN,f8cec4300bbb9fa1000b0952fde33ee7db720e640f4c9a4a404669bb6f06c0db,external_train
ISIC_0066709,nv,BCN_0005039,BCN,256db6f0cde5f22fa4b05173dcd0ead747cae72362323613da792771c4cf4b01,external_train
ISIC_0059751,nv,BCN_0005041,BCN,424c306fe775c71f661056f94af1839b1956315d971c0e892b63a6ee1ef087a1,external_train
ISIC_0067355,vasc,BCN_0005043,BCN,0b21485b212a3935192591fe397595066f32b047871dfc7278488c71c852d076,external_train
ISIC_0072461,bcc,BCN_0005046,BCN,09410a8acd7ad0374eb1346f26e180f983f8fd42834c0daf3fd47ef4b563ff01,external_train
ISIC_0056463,bcc,BCN_0005047,BCN,e605ca772e6b60feec83394b7533036a9a3921d78c177c3788f211d1bc8bf649,external_train
ISIC_0064640,nv,BCN_0005048,BCN,18d3d6aca752600b29b4332d89190760490cfbb7da846294258b99a3480839f4,external_train
ISIC_0054270,nv,BCN_0005049,BCN,149f63a3af8e5792247326beb528470173ae3c276ded749ccc0f75945a69de3e,external_train
ISIC_0058935,mel,BCN_0005051,BCN,8da7d207f2ed8a153975fd97a621f195d1c78530fb1acfd27f3acc0a941253c3,external_train
ISIC_0058700,nv,BCN_0005052,BCN,2aa69bddc8170cdc18ad3023d2e62292e8ec2d0f928ef6637bbe3de7d907ead1,external_train
ISIC_0055259,akiec,BCN_0005057,BCN,142890a5b4e487c63b30a2bdc0a90dbc459b26cb2496a33d91e643ed7269cf71,external_train
ISIC_0062299,bcc,BCN_0005058,BCN,18370ae400761cd371858d451c73f8a2ae6ad578aac540f72a672bf772ec0312,external_train
ISIC_0057725,mel,BCN_0005060,BCN,1d6584ec167d0fdf401a47cc4072039f299ed7e1abbcd1c40041a90be473d992,external_train
ISIC_0069148,mel,BCN_0005061,BCN,64c8a54d17a340f48bf2ea14ea00b682f8a18dda9c69e3982974f8236be57adf,external_train
ISIC_0070315,bcc,BCN_0005063,BCN,a21c7c106fb446ffd2b21e2edd12f4cc63077d78ab4c2fa1bf3296eadfb383c2,external_preflight_val
ISIC_0068944,nv,BCN_0005064,BCN,182acacc2a3585f3bef1280760926ab7e07b7315942c6a4c3f85a0bacb969e63,external_preflight_val
ISIC_0062021,bcc,BCN_0005065,BCN,01da777a43558b4341901aeb85c03ec267ecae89a406cee5e0f4755d441c6e9e,external_train
ISIC_0057495,nv,BCN_0005066,BCN,1dc3cd68af26f2ebc12418c24f4bbac7a4c4d6e85c33d4f67bc4406de89db0ed,external_preflight_val
ISIC_0069971,bcc,BCN_0005067,BCN,26086d777f1dac07261cdff3031cc42a8a1a02545075cb19ff3d79510f0788c3,external_train
ISIC_0064634,nv,BCN_0005068,BCN,b2ba2a14ac2a3e2dee508fd91f5b2b71dd109980445c18405b11c6e0810d0036,external_train
ISIC_0054677,mel,BCN_0005069,BCN,089e9f06b72468c03ca39eb99394896477d676f38b60f3b9a2c87fface67e138,external_train
ISIC_0059407,nv,BCN_0005070,BCN,3d217b988f5df9a4569f40a79ae3b7f4521ba948a15687cf80216199570ed1b7,external_train
ISIC_0072937,vasc,BCN_0005071,BCN,628f11e898d8273d48f219d5c949078e16fe642ea65f85ca68f2be45787b7d17,external_preflight_val
ISIC_0070302,akiec,BCN_0005072,BCN,04d5fd3fa7b684a0c60f8c99edb4031680652e0a228d52dbc75b134ae697c03b,external_train
ISIC_0066997,bcc,BCN_0005075,BCN,48a8b8dd8a16c9c1ca9ceec4ad33a7abd44f253c88368693d450959d9ee7e74f,external_preflight_val
ISIC_0059914,bcc,BCN_0005076,BCN,6d9a07e876c68305784f9c11b14624ad5d63d164bbb1e3b7ca4c5f53a4a6272a,external_train
ISIC_0061199,nv,BCN_0005077,BCN,0a66d81f3d9f6fa17820c4465fcf3a6357f43f7b3da04d5ef1e71f08b074bf6d,external_train
ISIC_0055872,nv,BCN_0005078,BCN,5b652b77d4c2660e845d32851fc2e48ceedcd6297d0c2d88a49bdef264f386b8,external_train
ISIC_0065359,bkl,BCN_0005079,BCN,18ead257be2d25eb5fb35c208568bd28ae3ca8c93a47840d31e058f19080502b,external_train
ISIC_0069249,bcc,BCN_0005080,BCN,016405fcbf39c0eb05d190f1bb082ef7dfa514afc6be95ed586ef1693fd95eb4,external_preflight_val
ISIC_0065911,nv,BCN_0005081,BCN,836f544a1d3029efa0c314cc38d6389bc07988442c951558632837d839ad0727,external_train
ISIC_0067476,nv,BCN_0005082,BCN,b3f9220ca48e6c84bee4dbaddfed6b0f91fe88732891c70155c5ce0c99d5677a,external_preflight_val
ISIC_0057903,bcc,BCN_0005083,BCN,33678bd0159b79dfa06918143a591fff15d2ea37d3fab61a9e66a0f7fc9b93a4,external_train
ISIC_0054354,bkl,BCN_0005085,BCN,6893bf8b4cbdccabde9afc2b2d32578b4ac17708d603ee0ff0fbfce529af2997,external_train
ISIC_0063282,nv,BCN_0005086,BCN,482d88b378ef35fc8f9aad8c2596cf2a37946be4726ab2dfbd5ca65b5a52f4aa,external_train
ISIC_0059114,nv,BCN_0005088,BCN,ae178eb6a90429df3ceac529bf7113d933365a5abe8e244c0ff45bf56486077f,external_train
ISIC_0056614,mel,BCN_0005089,BCN,4611934e5e62b79773771417f8082079a5f76f312f5ece7c77f8b9bc9956a6d1,external_train
ISIC_0060093,bcc,BCN_0005091,BCN,124d2c3303ca7ffeb33b295cd06e23fa7982dca73e23f2be6cf54c5dcbd8ede6,external_train
ISIC_0069981,bkl,BCN_0005093,BCN,21f83a20a2a1f00a7e38d797a34aafcd6baa70f3f4f9ab11a8f881da3cbe143e,external_train
ISIC_0060847,bkl,BCN_0005095,BCN,49a39ff994cc36ed30bfb8239af846c275bccc18c92ece03c4386d2f0ef86587,external_train
ISIC_0071646,bcc,BCN_0005098,BCN,db1022a87d9832a8866812e48499d269aaf87598395ab81e3c6dbc77b52d4157,external_train
ISIC_0061525,nv,BCN_0005100,BCN,0e0150a3425fa0033f2bdf17984054adcfdaec1f5467ea579f9f4d135e33e988,external_train
ISIC_0059457,nv,BCN_0005101,BCN,139e9a416ef84f0ad9f2b0e77dfe642ea014a7e8614a9fcd606c7bfc5acd6890,external_train
ISIC_0065083,bcc,BCN_0005104,BCN,2034d050be8aa9cc07465bebdff64991358e224dc2228dac3432137ee7e19660,external_train
ISIC_0066195,bkl,BCN_0005105,BCN,577a293545dee7396fcaa07093cc43f4cb9eb5fd55f786edc1174ba5418c7bcb,external_train
ISIC_0065355,bkl,BCN_0005107,BCN,56542e6dad864dd5ff69281bd9df28a9b4d26959b041e1a0be12385ee40806ec,external_train
ISIC_0065921,mel,BCN_0005108,BCN,04a43b258c614f0533fe937e11dcc15fed9f52e26d9581a6c4ef7b5d0b421dd1,external_train
ISIC_0070802,bcc,BCN_0005111,BCN,5c0c09089c30d5b5376d4d775989929971fd900adcfa8f07359cadae763a834d,external_train
ISIC_0061369,mel,BCN_0005118,BCN,2c785c07c915b3b866833b75acd0b7d8c50d588888bed66599e40a3e21d29132,external_train
ISIC_0055550,mel,BCN_0005120,BCN,3632c6489181d43e28bf3250b0077960fae143aa08d3ef80b914e1b5cd61c919,external_train
ISIC_0055004,nv,BCN_0005122,BCN,8b8a1f972f658f9f3536b5095fc449260a3af54ebf8314283377004f9e1943fe,external_train
ISIC_0067136,bkl,BCN_0005123,BCN,0b2be895d24e45d5ccadff9c419202c3741e35a2cd2c27b3eedac4f10859fc96,external_train
ISIC_0062246,nv,BCN_0005125,BCN,53f403cb42d477ea4a76d32ec7eceac4585b85c522e5af4840d1b33051cfec8a,external_train
ISIC_0067883,nv,BCN_0005126,BCN,139a87b6114ffcfebfcfd76e78e2c2df30a54881dc3272fc9bd92555d8c0d306,external_train
ISIC_0063266,mel,BCN_0005128,BCN,e733ce37c639f0ac8adf01bbd9c82b8cec5cb4c2f5088ea5ad8721c84999a5bc,external_train
ISIC_0062444,nv,BCN_0005130,BCN,a412dfab21157e07f1f8716005692f6d7d1ad3adb54b7ac536f51fee8a727630,external_train
ISIC_0066864,akiec,BCN_0005131,BCN,201b237adca4d1896e602279d336f9b2ca217fd52d4593c8dba2ad71b7929ba7,external_preflight_val
ISIC_0069758,bkl,BCN_0005133,BCN,3523cae451514fdc449224993822fca201fd61da09abba642f63211f716dfc2b,external_train
ISIC_0067721,bcc,BCN_0005135,BCN,564687305fd5f91a0b159443595688cad902120b53168b7033c2b41d1015d9a8,external_train
ISIC_0053968,bkl,BCN_0005136,BCN,1ae59c19020d6de624fbad2036780a822ba595d80bd3f0af869e3e55cf715334,external_train
ISIC_0065405,nv,BCN_0005137,BCN,233d68710d3d0bb222ea16cf3bebbaefb91cd6d5191c693047a4329cb35af295,external_preflight_val
ISIC_0060775,akiec,BCN_0005139,BCN,1b251d02f77e60d501283056ef5f1455905e1e4fd3c7ad3fc27a2cf882ded51c,external_train
ISIC_0057987,akiec,BCN_0005140,BCN,831e2897a1b249fffd2654af835f2e3a0cc7ca17227348d260c0c0ac33a0518b,external_train
ISIC_0064638,akiec,BCN_0005141,BCN,2231a493815a66a9ca1c510513abe9c7e9f70b3fa114548f087f5a9d402291d7,external_train
ISIC_0067538,nv,BCN_0005142,BCN,5c570e24a97802395ad3496abdca26f7ec16f97229c7d9292835b6d0a8570f59,external_preflight_val
ISIC_0058111,bkl,BCN_0005145,BCN,18d91514c667d09386ea14283ef41927a354a7a39ab5d183be672dcca1cb2597,external_train
ISIC_0065872,mel,BCN_0005146,BCN,0e536a32cf0b8cbec21fb089e91ac0c9f98fdacb500abd570b7e6c1abbbed7ff,external_train
ISIC_0060161,bkl,BCN_0005148,BCN,c21fd29366dab38eb10666a6716b59da8a5e98b00fa55d92246f35e5b1840b62,external_preflight_val
ISIC_0064281,mel,BCN_0005149,BCN,0294a9da88833e337677055ecf6ddd5d36e699c117b6d6072fbfe4b11cc4677c,external_preflight_val
ISIC_0065292,nv,BCN_0005150,BCN,392f9e1f6b0c8ba06f1c067f83a82c5d91ad0bf4f2e19eea004a602808c15c19,external_train
ISIC_0071602,nv,BCN_0005158,BCN,b34e565bb05339bdd00792f28bd87ef49e64a8496e689ead2102e84d820b5d29,external_train
ISIC_0072924,mel,BCN_0005160,BCN,2d01bbe77487fa48737ccf9f0c5a4c83ee7e10bed1ac8d36baa10c2b36ef0f15,external_train
ISIC_0072939,mel,BCN_0005161,BCN,81f8eb0fee486edfc6282731f5ccc66015bc0554b5a78ec19529b404ce88f643,external_train
ISIC_0069206,bcc,BCN_0005162,BCN,7e1da069a6b0d94078b2a763c201c4e88e4eb07fd50f3f489944deaf88688177,external_train
ISIC_0072929,nv,BCN_0005164,BCN,51802625ac24b693e493be42e7019d1dc8eab80efb747075e2a5b9db6a56e113,external_train
ISIC_0066820,bcc,BCN_0005166,BCN,170b30d0d4f527e29d05688ce4e162f8c46db35dca03ff8ed438cf1461b8d92a,external_train
ISIC_0072433,bcc,BCN_0005168,BCN,1eccfd27865494e854a98ce991827e831130b98a2fbca46d4a6c2486ab7e2f65,external_train
ISIC_0055708,bkl,BCN_0005170,BCN,3523f959ec41f84279e81821f2212fbe8d454effffdfb22863dd72d7c7ec4b73,external_train
ISIC_0058733,nv,BCN_0005172,BCN,2224b8ee821056dd3ee7ab5a97a19e18181351a33fe03736dda67617491ecf91,external_preflight_val
ISIC_0072985,mel,BCN_0005173,BCN,39d1eba80fdbb20783a3d529056ff58461eef3875b65e6d1c2cc70b6dd3ec3d8,external_train
ISIC_0070509,nv,BCN_0005174,BCN,2217cf151cec145e91375179c5970b00ff0642db31c48d1c098af7df7d432c25,external_train
ISIC_0066626,mel,BCN_0005176,BCN,41258663a135515d58e62411f55587f9e84de5bc7ec00c3d57306a764ea0320d,external_train
ISIC_0073065,mel,BCN_0005179,BCN,4a78c05e935435f97de7c83509a0e2575d49b86660024a50856de6cea880d323,external_train
ISIC_0057847,akiec,BCN_0005183,BCN,401ec11521c0546b87f03c2751483a196a691e6c20b8813fc50f130c57dd54cc,external_train
ISIC_0057288,bcc,BCN_0005185,BCN,02b71a299e40745ca4f3644f7b525e5c4844d6ca18a44aa28b34cc0d3bf36c47,external_train
ISIC_0059540,akiec,BCN_0005186,BCN,4dd500e1bc9c529a25a0293fa75d4d37b284169ecbf544739c17fdfd04532858,external_train
ISIC_0066608,bcc,BCN_0005190,BCN,0294ebbd670942a0836a47f9eabbe8a3f7d14b73745f23bb001d7906e478cc3d,external_train
ISIC_0072270,bcc,BCN_0005191,BCN,a6c7372bbff521a395d6a81122ae9d623b0117ea36bd8e016d196a2fb3da64c0,external_train
ISIC_0055060,bcc,BCN_0005192,BCN,0e1166b3e3e5579ce983d0b1deba796c2eb0232c4591429924b39b93741d652c,external_preflight_val
ISIC_0058717,bkl,BCN_0005193,BCN,27a55cf9febb753634cbc9981533b0e385ae93b881c909010ff024d2277437b0,external_train
ISIC_0069518,akiec,BCN_0005197,BCN,c4a432a43e558ae59cb3c1b07171c386a3797838412f8ee5cf5d1e05dad761ed,external_preflight_val
ISIC_0063733,nv,BCN_0005198,BCN,2d8659c2dcf1cb48113f956cb6d222773e3bb14b877d0c785d763b2cee4491d6,external_train
ISIC_0073001,nv,BCN_0005200,BCN,02b1409802b69d18dab84b99f3d4b7a3ee75324927022e216a3fa07f97d6ba02,external_preflight_val
ISIC_0055271,bcc,BCN_0005203,BCN,c513545f86b9f7a4e398ec73f170cddaf98c13524d77cda58c48751ddc83c7ee,external_preflight_val
ISIC_0062096,bcc,BCN_0005206,BCN,cf4be1242d8c7cd3d2731fe9c3a9ab7de45b0179413cdbd4cfd9bdfcb69facd1,external_train
ISIC_0054418,nv,BCN_0005207,BCN,411c6365d9e767fae33c47d4789fabd9319ab5f94bc2985488a4906de8440532,external_train
ISIC_0054290,mel,BCN_0005209,BCN,3c14f2e76020e5da6e969f95cee612fbea9544888317f69272496ba924751978,external_train
ISIC_0064161,mel,BCN_0005210,BCN,15d6dfa7997140b46fa1f1c7249dd5f90d6e255a0b4c90af399445e7e6837e06,external_train
ISIC_0070243,akiec,BCN_0005212,BCN,15c54f3e706feff63d3cac0406f2b00f10899c8b7f567d65818596e6b99559c0,external_train
ISIC_0070241,bkl,BCN_0005213,BCN,3ecfdbd9c68e6f73946d28b457b0a9936bd8c2b5fe5b5c51790767d44bd1f98c,external_train
ISIC_0055539,bcc,BCN_0005214,BCN,000b97f8b8ca8371ef43bd240d493b210254e68a86bedfa0d417b30a7ed8b2f0,external_train
ISIC_0056039,bcc,BCN_0005215,BCN,4a4287ae5801bedf4a3f33912aa009bef8560bf50d63cd6057c9c3168367c5f3,external_preflight_val
ISIC_0063818,bkl,BCN_0005216,BCN,9aaf83814608bb75218eabdbd6ee779f3e5105a62a2f8835ef0108613c4593d9,external_train
ISIC_0062827,mel,BCN_0005217,BCN,0a4ab1f7e07ed057f26cb0ee6780da616c248364c87bd53d33fde123c1b67144,external_train
ISIC_0060761,bkl,BCN_0005220,BCN,2fba41ccdeacb4fa9d0a30dfb2086ec4de022400f015e55ac9e79f46616e107a,external_train
ISIC_0063314,nv,BCN_0005221,BCN,17e4ad2cab28a534300347d9a5933a96aef3ab91f992bd8b10ad68e99bb84bc2,external_train
ISIC_0066362,nv,BCN_0005222,BCN,254e56af02fa00907bd557ea2bcd741263c676cd860afc364286b5c35f599f25,external_preflight_val
ISIC_0072149,bkl,BCN_0005224,BCN,4b3429b9b035cb99d57a19d4c1f3fef711895398c0695293fc3e84a9b7fd39d9,external_train
ISIC_0073126,bkl,BCN_0005225,BCN,4b7e8ec23781f1d627aad41ce3e30314bcb631f9951c18413a5eaa769eebf310,external_train
ISIC_0061551,nv,BCN_0005227,BCN,6b2c6fbd53de2711f8836b10a6d54a5a897a067ce2461a540f94e3e0d6764648,external_train
ISIC_0059918,bkl,BCN_0005228,BCN,4fa7fe8dc1640a804d45585ed7a9fd4f9f492530aa3dc2742afe126b4de1bcca,external_preflight_val
ISIC_0067443,mel,BCN_0005231,BCN,b4a244b18720d6b5ed72c174145a8ff2d60979e937972bfa1bd0ceb1bc204020,external_train
ISIC_0069673,bkl,BCN_0005232,BCN,1c641fccd34eb9f6d725ac8f8864cccb9bac1cf45beea46906e0de4ef9aa6603,external_train
ISIC_0067758,mel,BCN_0005236,BCN,9e1537bb9d109a626467997b1bacf92f03207cc44efaabb515d678876c569986,external_train
ISIC_0066630,bcc,BCN_0005237,BCN,946dbe35dfcd810f536d14150d45fa486fa37059707b3ddf42186b50a9c2a079,external_preflight_val
ISIC_0057185,nv,BCN_0005238,BCN,539f302340112089d0e0ca72581d93cf9e7b7016b0237b21503ee65c00eddafc,external_train
ISIC_0059106,bcc,BCN_0005239,BCN,61ec4bde0ab9300c17565b9ceec1ca0e67e38d5e47e796486ca5be06a7a3884c,external_train
ISIC_0073238,mel,BCN_0005240,BCN,20990309da7743337187b1a3ccd483a990bbf6220cc69dd11475bdead3cf36ce,external_train
ISIC_0058208,nv,BCN_0005241,BCN,749434e0ac39156ae690bb7435919f9b07992b202ef1c5d57e44931e3b42aacc,external_train
ISIC_0053514,bcc,BCN_0005242,BCN,001194144648f9159d0d4ce0b8148766a009559fd7e11f506eaeb6b9b71d67dd,external_train
ISIC_0060529,bcc,BCN_0005243,BCN,7ed736ddfe8b00903fef23fd8ae5eefe79aaa0fe2473a480d0d8820e1e981585,external_train
ISIC_0057332,nv,BCN_0005245,BCN,06b619cbb61b5b62d91117e17ca2d36d57154f7ebfccc57f6aef4a6815a5deda,external_train
ISIC_0067728,akiec,BCN_0005246,BCN,ade4733ae7f853587f675aa6088774bd897f9769611eec1384f9c7beaf0c10ba,external_train
ISIC_0064325,bcc,BCN_0005247,BCN,5a7ce966f2588817db2e919452fe61ff61fdb59ca68705d2da5a85d421a3ac72,external_preflight_val
ISIC_0062414,nv,BCN_0005248,BCN,4c9d935d8dabfe90baf021560ee673cb850585db39bed948238defc96ac05d60,external_preflight_val
ISIC_0068137,mel,BCN_0005249,BCN,60cab85849c206dd435802132a2484e8d2de0c575d89f1498cd413e045585b42,external_train
ISIC_0057443,nv,BCN_0005251,BCN,2e1b8b61ee9c0487ae5fc65e6a9d2e782c41edd7bc85ebd8f69a4a82d6ca376d,external_train
ISIC_0069264,mel,BCN_0005252,BCN,2c15f92b3979ade70c0cdca3a6748a44bc06b4db2d82f09f9296eb5fed32de44,external_train
ISIC_0068987,bcc,BCN_0005253,BCN,33ef335b8cfdbc15e03158f7ec4591a861c63a2383e4c9166d2c5edebd961d9d,external_train
ISIC_0064815,bkl,BCN_0005254,BCN,43f03fd73fabfd4e8f16a16dac3cf7bbf18474d84b61cb9a9df8be5148fe181e,external_train
ISIC_0067500,akiec,BCN_0005256,BCN,8ed3e6641a6790c1cb9b6a1272f34d7d69c28fc42ed332412ceb7a5ea65112d3,external_train
ISIC_0063460,bkl,BCN_0005258,BCN,b1bf2295725ad35d517a5704002b499fcc54b2dc58bb78a5ce0cd185bb611c3d,external_train
ISIC_0073140,bkl,BCN_0005259,BCN,0592fd5aa78d57b28e7165ed553049d1551665568a5564383ee41471bf0f2471,external_train
ISIC_0070748,bcc,BCN_0005260,BCN,bdd855f61c72fbb37a665da43316807ea9480dadead2d78b8993df9f63295bac,external_train
ISIC_0068432,nv,BCN_0005262,BCN,17cadda09353fff90039ede473502b513b7acb5f13936eb7e8a47cb2d7aed2aa,external_train
ISIC_0065463,mel,BCN_0005263,BCN,1beac5ea9ba8d73c882602a08caa5de48ef449bffbef117c20fec30ea6fd77f2,external_train
ISIC_0072698,bcc,BCN_0005265,BCN,27ecaa68fed18854262a842cc6727a690d8ba8ea112892391c1a089e0f316b02,external_train
ISIC_0054145,nv,BCN_0005266,BCN,45dcf9b7e3cb7914b51cca3e719e720b110b40b98017e3c53b15f67e88752002,external_train
ISIC_0054089,mel,BCN_0005268,BCN,5d5f19f4d5500fdf6b7d5d7c5aa2e137f14401c99e2a97d66d1b82208bc56b92,external_train
ISIC_0071377,bcc,BCN_0005269,BCN,6c3e340e84da4b932cc026177ae417e3ddece313bfab695dab19e1f37b1352bf,external_train
ISIC_0070558,nv,BCN_0005271,BCN,080c9ff259fe498ef9abd50383c1ebd099b51cd47716005bba26e31974314f1e,external_train
ISIC_0059294,mel,BCN_0005272,BCN,202865cb18b0d96e1d2c0aeedf9a93c00df7b39bcb31d56fb4d5613308e04ced,external_train
ISIC_0058674,nv,BCN_0005274,BCN,a16abe24fbfe570868cdf2a095effeb442f85c6d48ed6e21d34f3fbe33596052,external_preflight_val
ISIC_0059828,nv,BCN_0005275,BCN,0a5b795122bda7010e332cc02b57d84d198d55fa19de9ed00ca12f4cdd26dcc1,external_train
ISIC_0057975,nv,BCN_0005278,BCN,28eff362205de6990e0664d3271e7f7b3cca7db6bd91d86d5c1e8ef0d8331f2d,external_preflight_val
ISIC_0066197,bcc,BCN_0005279,BCN,0621ad665570e72570dd88d175648f31774a519d88a6d4a50ae66da5e2c6133f,external_train
ISIC_0068800,mel,BCN_0005280,BCN,06bf249cb42257ce163b56ffdff8bd080842eccc243a69da39ea3e049b42eea8,external_train
ISIC_0057339,nv,BCN_0005282,BCN,4e84f6f1b8566a9b78c62c1ef0a5cb6c7f458bf7886bdb1ac3afc7cf9a4b6f1d,external_train
ISIC_0057801,bcc,BCN_0005284,BCN,a9f044b97f34c6f5908a8e9ffd28f5466bab35d32dbeeb2ddc7b741ca46d2520,external_train
ISIC_0070958,bcc,BCN_0005287,BCN,4a86fcb825268a690abef9d66052090cfeff62faa65cd1441348155cbaf7ab62,external_train
ISIC_0069655,bkl,BCN_0005291,BCN,260618c71546272cb3009a630b553cc86219d2bfe77de63c3ad4f83aa67560a6,external_preflight_val
ISIC_0053714,bcc,BCN_0005292,BCN,0a83f9887f90815f670d0e0060d0009d6cc8809562162cc1f521e78d80464223,external_preflight_val
ISIC_0067692,bkl,BCN_0005294,BCN,2aaffac2d089b8e8d5297eed8db6b7eb4b63c820835a406da653ea12d2a34abc,external_preflight_val
ISIC_0058627,nv,BCN_0005298,BCN,36eeca1780509a2ec98154df8ccbc07114b75398cc7ed9a702cfd3854a6782f5,external_train
ISIC_0056617,nv,BCN_0005299,BCN,4c443bb550ee50c71bd1d9493c587c1911dec6dda6b9c35f8ba7360f5fe999fd,external_train
ISIC_0063804,nv,BCN_0005300,BCN,23af77654f8ac894143cce0959cb6ddcc4c14900169ac415249bedf19e245a20,external_train
ISIC_0059967,nv,BCN_0005303,BCN,0be7906bb196e4a03c29633ded829378d2407ef801f487572866141de41957a5,external_train
ISIC_0069228,bcc,BCN_0005304,BCN,145f2608a3b385f490e312646b96f02b3a3116348064d11b6236ab37b5913805,external_preflight_val
ISIC_0062778,nv,BCN_0005307,BCN,01a48701880f52c0b4d20908ccd870b20a824472ce8b3392fb29a593d6dc0dd5,external_train
ISIC_0064782,nv,BCN_0005308,BCN,2ad76aa01ac16d1f1223b01f8ec06b54b64ea523e7a753d4e2a1745d86df0744,external_train
ISIC_0065846,bcc,BCN_0005309,BCN,3d6c60f38c724cdfcfb2dea9041914ec6410657f9915473b42defdef4fe17a0b,external_train
ISIC_0063515,bcc,BCN_0005310,BCN,5a7cbdddbfcf1d64f1dc2fc71b46f3431e496c3240ef34ee446d0a5065252269,external_train
ISIC_0055851,nv,BCN_0005312,BCN,02859a7370f8e16efc7e91e8014adfe4faf57f228d692378d49ae65dc2354b48,external_train
ISIC_0056588,bcc,BCN_0005314,BCN,08d89e97a370146b16ce68507fc2e0bf5ebd7f9258987b10099438badb46eb87,external_preflight_val
ISIC_0058090,nv,BCN_0005315,BCN,21485277badbcd05837b0be8a3c2e28e93aef66288ef9b4201f8115dc9438284,external_train
ISIC_0072245,bcc,BCN_0005317,BCN,09cc24a1c42f5d3a869d4b49002de7cd206c86be3ffea33b01f90aaaff49ae28,external_train
ISIC_0059374,bcc,BCN_0005318,BCN,630cc5f04b7a16ab9b3cafdb67787f198df1cfdc77bf686123a9b46022be1ae1,external_train
ISIC_0059812,nv,BCN_0005320,BCN,74e67ab9cb5e308d6be57dd6ebf34d83b6642c11c514ecf59a2ccccedcba8f00,external_train
ISIC_0055649,nv,BCN_0005321,BCN,110b4f47f77739fd30dc1e4fc97d83e83e50d8c54f4a2251ff20eb708dc2bdd6,external_train
ISIC_0069734,bcc,BCN_0005322,BCN,63eead00883eb23fcea5b9787eb98256d06b04a4d27cb0a8e8b7405aa58fbd74,external_preflight_val
ISIC_0059107,nv,BCN_0005323,BCN,4f1b565239c38d411a3e5c0180966fec8139f681b0c66249d8de90b0270f8fcd,external_train
ISIC_0055611,nv,BCN_0005324,BCN,4471039cf8f88e7788032e6ad5cf04f1ffeeefb25d5c01dcea896fd9bab3200d,external_train
ISIC_0056207,nv,BCN_0005325,BCN,1d8a639c5fbd32da1dd42b2313d913fb5b6806833d829fad447259cd54949da0,external_train
ISIC_0055392,bcc,BCN_0005326,BCN,3b042f7b85c9c0f017e964066cef8bd3c7fd2321c3da1f908b08790441bbf419,external_train
ISIC_0071268,bkl,BCN_0005327,BCN,fe4b4792615f8ad0d6e0005e03b342a68654339597826cbcbae732cece6c643c,external_train
ISIC_0056656,nv,BCN_0005332,BCN,168ab630ce352a5314b547e38ebdcb683391b176043c3ae108c1bed4b539273c,external_train
ISIC_0057561,bkl,BCN_0005334,BCN,fcbb667283445d4029a29221d40eedef0bf28d1e1ef477d93185a321367bf6d0,external_train
ISIC_0069469,df,BCN_0005335,BCN,4a048281608baccc4d5413a76bb460011080d0a7d8deb790200aad05938043b6,external_train
ISIC_0065783,nv,BCN_0005337,BCN,38644a7631a2f5f67b0dc4d5d55c67c8f47a49b12f4c88daedb6d596bef9041e,external_preflight_val
ISIC_0060149,bcc,BCN_0005338,BCN,376c81df9d1fef7ffd684c8c63d5027c1600ffd334e81087747e9a9efa3dea76,external_train
ISIC_0072472,nv,BCN_0005341,BCN,39cb5b142466e822bd42d93a4257558893af565746a5083aabe445184c8d6a53,external_train
ISIC_0069703,bcc,BCN_0005343,BCN,7228d3ad6134688d565c184278144c021a5ea8161c36dfc983cefc3585bda410,external_preflight_val
ISIC_0058054,nv,BCN_0005344,BCN,3234dd4efcdaaa70b6d2fd1dec721251b913534e73d178a7772c935a2f75d2f7,external_train
ISIC_0072286,mel,BCN_0005347,BCN,c47e746e1a36de8c5c892134cc84b134d276f556ea27c585a0ac18713663dfef,external_train
ISIC_0062524,mel,BCN_0005348,BCN,71536a303048fdab689116a5f75a7b9e68b6599adc342d5cc6fd0402f7c8f4e0,external_train
ISIC_0065141,bcc,BCN_0005352,BCN,0921483fc324ec6c333714b362e7eb4007f39254f9862cf2551d4318fd634b56,external_train
ISIC_0055716,bcc,BCN_0005353,BCN,43797f565eaf6cce7e90a0936d44bf07dfee034908f996115a142b08bfb05ff1,external_train
ISIC_0061892,bkl,BCN_0005355,BCN,7155ec65512b397133168d938ac71b0156dca68b5293c60a4f0e44ad1fdc476b,external_train
ISIC_0066104,nv,BCN_0005356,BCN,7a50c9f11faa378eab9ce441455038afc49ccea8f26c5a6359f2488c7a2552e6,external_train
ISIC_0058558,bkl,BCN_0005357,BCN,451540765e8a53e260865cfce7ddf649af85ac129664b998f9cc132de58093ee,external_train
ISIC_0055159,akiec,BCN_0005358,BCN,6440c7b183bcd8d57b5d92ddc70a54fc32edd740f0e314f80d23d4e612f78ef4,external_train
ISIC_0064041,bkl,BCN_0005359,BCN,11aa779db248afb0bb12e418fbd47e53613d048272a3de6e0010d6afe2e7d89a,external_preflight_val
ISIC_0058835,nv,BCN_0005360,BCN,04f2c9ec34faf685cf9906d8d033a3b4cdf124b9b9e13a66fcdd40ac504d50b2,external_train
ISIC_0059806,bcc,BCN_0005362,BCN,6490798a5a2d319d9fd94aaf30c25669907d60a00b932c966691a148db3fb3fd,external_train
ISIC_0069824,nv,BCN_0005363,BCN,7a96263fe23e2f9cf420bab1db0ebf2f1280051503af8ba23e9a62fff3935139,external_train
ISIC_0058125,mel,BCN_0005365,BCN,7a84e5385489442fb9c52136c8b3963989edce61af9cf6659a2d9a7df671b807,external_train
ISIC_0070250,mel,BCN_0005368,BCN,2ef880fa71a917cf638693e0d0b28813b7d3d548ecc554b9731468ce47f4319a,external_train
ISIC_0059015,bcc,BCN_0005371,BCN,0e2c5b84a34cf25aca3592ede3ee52e42212d587125f7fd866e6f85582e57000,external_train
ISIC_0062057,nv,BCN_0005373,BCN,00bc1cbb7a355e5c8baf87999adc4f78edb86b3f300ff5231b2b273961ad5a05,external_train
ISIC_0066034,nv,BCN_0005374,BCN,a797c245c27df8c02ad0d5f19f6f0dfcad11523c52febba50173ea7ce7e84870,external_train
ISIC_0062566,bkl,BCN_0005376,BCN,0986a955e39382ea37c22b68ee4c0338728a6f08a01eaaa54712d83f9040d61c,external_train
ISIC_0057006,nv,BCN_0005380,BCN,0bda00eaf1f822ffd0efa93814e8999ca56259a004f89a2eeb44a42fd2ad6cd3,external_train
ISIC_0059962,nv,BCN_0005384,BCN,a161a970ae16d8af68dca5e17373f049f0cbdda70f27c91b2f85b66b3cc62175,external_train
ISIC_0060261,nv,BCN_0005387,BCN,79f748e903a2badcb2229794ab54f8bdff4746082704d79ddf1b16a17a31fb66,external_train
ISIC_0067089,bcc,BCN_0005389,BCN,27f44e5222c3c2a0a25d4faf0781bcf347f4ae99d62639dcd3f7948f16d987ab,external_train
ISIC_0060999,mel,BCN_0005390,BCN,03ee0fa95fb224afc29a28dd5565c35a2c6045aa5f0a6dff2436b3bcca3d57a9,external_preflight_val
ISIC_0055083,nv,BCN_0005391,BCN,7d73f7f3b37c6b4434f2ed1f5a1931d04ad4a8572fcc26249741bf421d6fbf61,external_train
ISIC_0054463,vasc,BCN_0005394,BCN,5647ba7c9c001d4bb6a5e6ddb33902cfa2f676e93a7c945078b3653a0beb141e,external_train
ISIC_0055527,mel,BCN_0005395,BCN,148cc7640b3206d09e9c541a5cc8447e2f87905411471e9e55c194cf2c8894b5,external_train
ISIC_0063519,df,BCN_0005396,BCN,091e5855f77737410ad67f80d1128fef6e59255d8c37ba06071d6fc2ad9e9f01,external_train
ISIC_0056993,nv,BCN_0005398,BCN,75d15f86a33f4b9645085dd8d3f647b9feb98796ab7824a2ddfdd7d8ee1e18f9,external_train
ISIC_0060593,akiec,BCN_0005400,BCN,2e6c1a77c9c146c79635c16d77e6f4743675ddf1302d60ec534395d0786701fc,external_train
ISIC_0061820,bkl,BCN_0005401,BCN,2fd1699502519de2a36857c9ebf0517dbe27b262224eb0cd6e494378d2907949,external_preflight_val
ISIC_0062504,bcc,BCN_0005404,BCN,166763c2b26f04f5740aa3d5f4352b4e56f9d07afb8f2dc06f2af975771bf9f0,external_preflight_val
ISIC_0072394,nv,BCN_0005406,BCN,2ea845a9ba7cb6bed546bb6ba4ede5d336914f0e938c6543dd5eef71ac64ebe0,external_train
ISIC_0060687,bcc,BCN_0005409,BCN,0be8c3f85352170ae93689f17c3cecbbc8243bb22f7e90a47248f3ac845fe1c0,external_train
ISIC_0054820,bcc,BCN_0005411,BCN,fb5ce3a47d896d0492169c53db2e578fbe753834f2ec6d424c7aa9d95e79d410,external_train
ISIC_0071418,df,BCN_0005412,BCN,14ab961903b04e4f40bc9791237430cabaf6b7fedebee6600045b5f738795614,external_train
ISIC_0056281,nv,BCN_0005414,BCN,0fd9cad8a65d9aab7898b266894e5586fa11f32983561f46e54015b58a8628af,external_preflight_val
ISIC_0062593,akiec,BCN_0005415,BCN,c1d8426a7e4c04f9d090a6bdc6aba550c13e4b3a23d608ec7db8384632758772,external_train
ISIC_0070512,bkl,BCN_0005416,BCN,5fe38b3eb960358624c4fe214df7a13964c2b0df44764dc75bb71b12160ab9f0,external_preflight_val
ISIC_0073231,mel,BCN_0005418,BCN,6e319760344c42ac76a72073a5f00c630dfcd1a36ea285f7545374e7548f5528,external_preflight_val
ISIC_0058889,nv,BCN_0005419,BCN,5680e740508200186f81494ce18da34d95efe9ec2416c16e355e9a3d24c444b0,external_train
ISIC_0059921,nv,BCN_0005420,BCN,b1064164fd9fbabbc0217e092a469f1c2b9a2b374feaad5c59b1ded6d5d4af31,external_train
ISIC_0072452,nv,BCN_0005421,BCN,0cdb46c63aaa6f5e0572bdf5d086c0471dd0fa1469d40c0886f13ee98597f2a6,external_train
ISIC_0056319,mel,BCN_0005422,BCN,16088278c80842ca784b9de6e90bf92e1ef5d3b1c56095e5b462a48186c76c7e,external_train
ISIC_0062404,nv,BCN_0005423,BCN,87dc935ce77b202f515701973fc797683fe01a55745b798855d76954a0c2a625,external_train
ISIC_0061284,bcc,BCN_0005424,BCN,34b32929114e0a6854e97d341fa17702dd3cd7a719e9115b2833591becd798f3,external_train
ISIC_0069646,bcc,BCN_0005428,BCN,066a1608571f9f8fff4624047207b5d9b94f6d41ec663bb83e5483ad6f3293e5,external_train
ISIC_0063111,bcc,BCN_0005429,BCN,366123cf902c3a2733c5972fc6b63622db0fc05e5d7a774733d6c729a8d18ee9,external_train
ISIC_0068084,nv,BCN_0005430,BCN,6b7cd0bbeb6378e65ffabfdfea1dbdd5615a38ed2db563c4ed82eda9200f7ca5,external_train
ISIC_0067432,akiec,BCN_0005431,BCN,9b6e1f2a45b246aef9a494fbfeded006f2bf92f96b2f45bfc02cd8685c86b17e,external_preflight_val
ISIC_0065752,bcc,BCN_0005432,BCN,c2fa5b5b59cba747407902d1a808d841b315dfe5993007bbcff919ea95f54e60,external_train
ISIC_0058044,bkl,BCN_0005433,BCN,4427ef20772f8b1ee587d9bdd3350508300cfd3c6a4ad532b620e5824a8d89ac,external_train
ISIC_0059501,nv,BCN_0005437,BCN,08f8c2eac5c62ceb0be0d4bfc521f9c7017dd864d72d68098c9866533743c653,external_train
ISIC_0058790,mel,BCN_0005438,BCN,6bfef837cc435e81fb65c8c1b01df5e6d5a0319e9940f139755846fb6cd8c679,external_preflight_val
ISIC_0068953,bkl,BCN_0005442,BCN,3cef86d0c5d00362259742544b8ed11ce3a996d84e4368d6f851fe4e243acf5a,external_preflight_val
ISIC_0063311,bkl,BCN_0005443,BCN,cae7b814a9ae1c8469cc8461ec66a0661e922f03ecd5e7432badacb1626064e7,external_train
ISIC_0068159,bcc,BCN_0005444,BCN,35b04ecfdafcc9446b05f2f2678810a35003450b9a628764eae09ff96bc5853e,external_preflight_val
ISIC_0065662,bcc,BCN_0005445,BCN,0966842cef0c57dfd58075a83011d219324503d230fc71e71655a534eb73b99f,external_train
ISIC_0072821,nv,BCN_0005446,BCN,0c6046867e71d2d2bba7a7f242d09318afef964056916ee01afc38588269bc60,external_train
ISIC_0058578,bcc,BCN_0005447,BCN,6b547b5ae289956e32cd4bf7fa2f99fad489b5e5f6a1df27a30804714da4e1b6,external_preflight_val
ISIC_0071585,nv,BCN_0005453,BCN,1eee877bafb11b47b19a9de1c25e3bf37e5f5dfd9f4b37aa39e39bd7877bca1d,external_train
ISIC_0070859,bkl,BCN_0005454,BCN,0162a6ea511655f3069d75bf0e9e50b70cbd5669693f22196edf71fe3bed1971,external_train
ISIC_0066232,nv,BCN_0005456,BCN,20f925e526bd479cfe260112ceb30d8bcd8fab7a6c786d190444e81b42fb039d,external_preflight_val
ISIC_0063352,bcc,BCN_0005460,BCN,1b0b4f077f831de7e6d58b4f27ad29c1814cd0c6441c95083f8e8a0002ee2352,external_preflight_val
ISIC_0055263,nv,BCN_0005461,BCN,3924462189906a11acb3586c87928caea97f52d6fb6a72eca993f9096d779e0a,external_train
ISIC_0053921,bkl,BCN_0005462,BCN,b87db88154b8dfc5ed118c00857f2c42dc82afa90aeaeb4882608759bc113369,external_train
ISIC_0057292,bcc,BCN_0005463,BCN,0c7722b69b6311c971bb3126a21038e112fe222cf256589e561f97804cc50c50,external_preflight_val
ISIC_0063921,nv,BCN_0005464,BCN,3ea363c91a3a175900f62c4e3a7f7ea2dc0241be143995c1643649c39639f2bd,external_train
ISIC_0061242,bkl,BCN_0005466,BCN,649ac869655e273205c9c7824d65df41892222f9d6929add8ce47018f079b826,external_train
ISIC_0059682,bcc,BCN_0005467,BCN,06f326218b47e50cc96fb05c2436aedb4832fc5fe9ae562534b8ab2ab3599295,external_train
ISIC_0071891,mel,BCN_0005468,BCN,9e828c19bc1fd7f043cc3f97bd564240f61c2be7a3eb04581292131119f6ee21,external_train
ISIC_0060321,nv,BCN_0005469,BCN,390547db91a59ab72ce73cc071b26c71a60d92fcd377efada592588f0568aa46,external_train
ISIC_0059209,mel,BCN_0005470,BCN,239622400f5ff3bd27585f6eb2944d417eb50c725048e1a5fd9e2fe749efcd3f,external_train
ISIC_0065024,bcc,BCN_0005471,BCN,172e52513229527c3bd985c4127ab710ddf6d8e9470a0ac1048b6365b7f6fa37,external_train
ISIC_0058555,bcc,BCN_0005472,BCN,7e1fffa76977e64d94e9d42a0857326da53621318e6ead548232e012ceda59ce,external_train
ISIC_0071986,nv,BCN_0005474,BCN,0939c717432a18ffce70eb68d152deaa97716c2ceec2169d8734d8ae50c49e85,external_train
ISIC_0055698,nv,BCN_0005476,BCN,07ea85f65209c0817b2d6e005fe0aaa616da37d502e49cab6d058050ab62829d,external_train
ISIC_0066364,nv,BCN_0005478,BCN,7d46bae31c34d944396ca16a495026090cf10ab8aab5202766e1f7c06ebc6761,external_preflight_val
ISIC_0059327,nv,BCN_0005479,BCN,3a90b877c5795ba00270eedf4b70891d52366f58cf5e380bac804fb0dc47497a,external_train
ISIC_0070798,bcc,BCN_0005480,BCN,44398b4cb2f7a47e17006073579e8e07f329f8f7c10b8047214165d300e2e13d,external_preflight_val
ISIC_0069658,bkl,BCN_0005481,BCN,25f68012d8f957d11151aea91d0fd70bfd63dc05c1d25edf0c253ac2f6f439ad,external_train
ISIC_0063486,nv,BCN_0005482,BCN,7aca52f42c7e6f52bcadbc515513a361094a3c40d4d8e4915e71bc8d36d2b4f4,external_train
ISIC_0053482,nv,BCN_0005484,BCN,1274daf82714f7e27a694b8e8e0477417c629c86ef028bb7e086e467ecc1e9c7,external_train
ISIC_0054263,nv,BCN_0005487,BCN,bff076c12f90bf7a131947e6e2da1d609dcb197ffbd7b9ebbd0cfe6c8e418614,external_train
ISIC_0057641,nv,BCN_0005488,BCN,22f617626efc01a183a72ee900392b717639e72852de4bae552cd6b3ad854464,external_train
ISIC_0061698,bkl,BCN_0005489,BCN,0ab36a0a79ab6d10aeecf73aa7f7b43f636b16e2e95727808579767775496b0d,external_train
ISIC_0063510,bkl,BCN_0005491,BCN,21d98950c2d113f39fdee2fc18f4fe6988c98fb8d400a807ff6de712aae8ed74,external_preflight_val
ISIC_0071470,mel,BCN_0005493,BCN,e15b0ae2aef646090110abf0c1d3dd80a5c114e071751ead70f5f4c40942ffbc,external_train
ISIC_0064034,mel,BCN_0005495,BCN,35c170b737ddcac8a46d12b158e1c7084467fde73040accf0ec9908bb6fcaf15,external_preflight_val
ISIC_0068685,nv,BCN_0005498,BCN,21aed0f7ec1edb3dc97fb3a02e70d2f96cf0413a15e2367cae9e249dd95d6637,external_train
ISIC_0057627,bcc,BCN_0005499,BCN,ca14181dccc93677e0097ae56ca4fda27a08d410bdcb7ad76d557a8535151f42,external_preflight_val
ISIC_0056749,mel,BCN_0005501,BCN,0b6700219d8a9d261d5439d2201a842e4720521417b7ba995268d7b4be114bfc,external_preflight_val
ISIC_0053918,nv,BCN_0005502,BCN,14ed40395ba4f5dcff8728be4a63cc38ebb4aabc3d440072351c6d6bbf7ac6ad,external_train
ISIC_0056788,mel,BCN_0005503,BCN,15f512d3eda575f91c02f695c35e456893a221616ecfaec42dc04a7c4a98106a,external_train
ISIC_0073212,nv,BCN_0005504,BCN,549b54c3e9b9bf73ae2d1d9aa2ea6a6a8d3ba709365d8c1bfc9c1ec198ab5710,external_train
ISIC_0064062,mel,BCN_0005505,BCN,965a0c3374e7396ba5679c7e8975643c495d6427a5527440801f15dd251bd573,external_train
ISIC_0063747,bcc,BCN_0005506,BCN,0283a188bd2be87eb33848e50308f19e311ac1d87210111235e12d641bc06fa3,external_preflight_val
ISIC_0060641,nv,BCN_0005510,BCN,15e04a431e47d63da8ba2fe0b2328b917c6312774f48a268498b869a4c9bdbf8,external_train
ISIC_0066300,nv,BCN_0005512,BCN,6d3f2797e38da208ff0cb16d9d1c6b6ca8f5e0eb6c000bd8cc6e8add6fd42ba6,external_train
ISIC_0063100,akiec,BCN_0005513,BCN,8eaa22e1596765c637f10be26249e6014246a9e1ba1c61a78816238fe3a5aa99,external_train
ISIC_0070073,bkl,BCN_0005514,BCN,2252efeb8fa0f0767999ddb46d924c0f6350ef8b2b181f14f632634de6275444,external_train
ISIC_0062400,nv,BCN_0005515,BCN,142b186d40a717ec9e013009dae2e467d39a67606f9f90947591548a32fe9b61,external_train
ISIC_0058764,nv,BCN_0005516,BCN,856aca0a368081b3381c7b7737600bbadfa0c32f4ecbec26587e83408b87f8f3,external_preflight_val
ISIC_0057145,akiec,BCN_0005517,BCN,0033b4417205293c1fb9ef5799d1b1007a3c6f76e992595d1eb271112cfc8cd0,external_train
ISIC_0064725,bcc,BCN_0005519,BCN,629d82ca637907a60eb236ee7767cc1c5ee7ac4303bf6744b75704a60db3ccbb,external_preflight_val
ISIC_0056307,df,BCN_0005520,BCN,052217d2a95f671a770af387c04f13eae2291319f78f4f954de397279d7a526d,external_train
ISIC_0067747,mel,BCN_0005525,BCN,21a2bae7e2c613ce3d0cf7a37fcb9f6a2329f2dfa5b2ec4982a880425373082b,external_train
ISIC_0068553,nv,BCN_0005528,BCN,0430f0e63256e761223ef0db38dd72b27696aa424ab35e95be2efd5358267e88,external_train
ISIC_0063664,mel,BCN_0005529,BCN,26f62dbd20c65fa31e42d022a4a97524dbe2c1e8ef7901f228cc19a2c210c0b1,external_train
ISIC_0060342,mel,BCN_0005531,BCN,349bf1f6975f0963982f9b74e0bdaca67430d3f366299bbd3ff3714a1e3e4470,external_preflight_val
ISIC_0071501,nv,BCN_0005532,BCN,1711e4d4888e3d680a4494c77f7be09f13a5a4c50b30e1b1eac93ef590e298d2,external_train
ISIC_0069354,bkl,BCN_0005537,BCN,66b9780c6221f4f43da2b4b994083b02969d8098a48be3fc6684ae66c836bf4f,external_train
ISIC_0064210,bcc,BCN_0005539,BCN,14b25eb7d3a38c88123a043c4cbc0314ab392449d650ae8213c0fbdd14385be0,external_train
ISIC_0071840,nv,BCN_0005541,BCN,1127ad684db2c931f28ba988b4d81c4a0e7a9d0d8a2d777307a454aa9267a0e1,external_train
ISIC_0062861,nv,BCN_0005544,BCN,1e742d79f294df054daecdbf54ca253527c3b9edb1b75f54531c3c48f3a0ab91,external_train
ISIC_0053874,nv,BCN_0005546,BCN,16418dfbb80a96ac316c5cec253225f3b784ef5f24bfebaa03288dcef3d28650,external_train
ISIC_0058746,nv,BCN_0005550,BCN,04a5fd880fd30cce04db42e5d693094095c0d8684dcbf13b5d2fe94d0581718d,external_train
ISIC_0072953,mel,BCN_0005553,BCN,2cca76a64dd1e248b5dccb78fdaf26ba016a04554e60ccc88519df716826d462,external_train
ISIC_0054836,bcc,BCN_0005554,BCN,0b4cf8ae95acf9d7fa3a80c756118810cf9c466cc16c9e8ed5963b0e836a3311,external_train
ISIC_0072474,bcc,BCN_0005555,BCN,3fca574857b2c35560d0d6d8fa504c58eec7101aa2377ac0be054806139fb61d,external_train
ISIC_0061907,bcc,BCN_0005558,BCN,81446ea730233b780d78e1acc90a0d8f7caad2029c93c5423307faf408ae191a,external_train
ISIC_0059972,bkl,BCN_0005559,BCN,17b80684c59611657ebfbff64b14e02d8741ac129e132418ccdb501376e145fc,external_train
ISIC_0056271,mel,BCN_0005561,BCN,31daf593c129458233ad4eb62785be4d281e44d7bdd5b8659553afbe6834e85c,external_train
ISIC_0059759,akiec,BCN_0005564,BCN,2defaf283b3d5b0ac0dd268dc769fd13979b3244fac69ab6cab46cfd56c8de67,external_train
ISIC_0064826,bkl,BCN_0005565,BCN,5b1f67b43e470e78692ed144beac425e902b059b7a4c1ccb1a3723e0ad5fb9fe,external_train
ISIC_0071649,bcc,BCN_0005566,BCN,bf6075c3090d5cc010a6f39de31ba1a94a3dc09f7c71f5630eecd80a175e9500,external_train
ISIC_0065765,nv,BCN_0005567,BCN,0c82b27edc1abaabe281cb207b3a0479655150dc21f1c9705982278871cce3c4,external_train
ISIC_0068358,bcc,BCN_0005568,BCN,98d36b41c4a5597994e06b3f29a2f58f8478d876197e1c487af1442e3ddba2a6,external_preflight_val
ISIC_0067312,bcc,BCN_0005569,BCN,7fa84aa305fcf73f074ef599a0610f1d883a9db3a5923282ae6d086f7f7361bd,external_train
ISIC_0054087,mel,BCN_0005571,BCN,1ef091998f6216110d55c7a43866cbf57ad0ac494da6da3e0a708ec106afe1fe,external_train
ISIC_0056715,bkl,BCN_0005572,BCN,23d9d1d24b1101d46c77b98e75d110c3d15119c105d69b30252ef8bf674d32d8,external_train
ISIC_0065616,nv,BCN_0005573,BCN,06ffeee1be27a5c746a5a766f2d09d8e85f0ea439bd3ee91408e3b6395e11c71,external_preflight_val
ISIC_0061839,nv,BCN_0005574,BCN,3f34ddce718256e1dbbeb1567724c99b9a5b9e677999053acb56253b806a103b,external_train
ISIC_0069345,bcc,BCN_0005576,BCN,7d25aa70bb0f67c6e3d9cdb8a0b97381fbc355ba06eef0b79720ef4df1363b65,external_train
ISIC_0070495,nv,BCN_0005577,BCN,086dc9d6efa05043c71e903aa9dca158c11015724369a4f975ea81f256a9b406,external_train
ISIC_0063418,nv,BCN_0005578,BCN,51d3f92959992d1ef7e354a7c26831d6926bdc848a40a92c9dbac11bc2fe84f5,external_train
ISIC_0057898,mel,BCN_0005579,BCN,614d745c7e1a74102a7d141fb5b2db1fbd9f4ed2bc8001d0a1476bb8ab80b680,external_train
ISIC_0062965,bcc,BCN_0005580,BCN,38d8e7d5494257c3f2ea3103e290dc1e9dfe0655ceef60fee4349cfe9c6927b8,external_train
ISIC_0059148,mel,BCN_0005581,BCN,223d53d4b1821dbbd167def35f352bbcd93525b43ab0861576bbdcafc63f1568,external_train
ISIC_0059158,nv,BCN_0005584,BCN,86b038afddf9cdde9211556ae573a7c7181f6fe7ff8f48e2c893beabf5aa4eee,external_train
ISIC_0068064,mel,BCN_0005585,BCN,00df82a3706b6224780d26536d8b233c66308e01b9525644840d0f73a7d8bb9f,external_train
ISIC_0067258,bkl,BCN_0005588,BCN,21d603150d8599791f8f719c2efdb21367c7b41185e41c35797e894b0736b0c9,external_train
ISIC_0061133,nv,BCN_0005591,BCN,357ba0a730cbcbb5991e1d53c6ab36618b1aeed650bbfb73be6f0ce88e9f89ad,external_train
ISIC_0068215,nv,BCN_0005593,BCN,05f14999a48f1ae4af85be23db3fde1ce50b1052f3522a312151b01755551d12,external_train
ISIC_0066641,nv,BCN_0005595,BCN,5b00b525b67eff5a8a46428fad8bdf26d811b4b6951cbe05bf4c1eefde0cf575,external_train
ISIC_0058640,akiec,BCN_0005596,BCN,0c89a30c2882b9aab5db0e63dc1fbdf26490b7d5138f572bb2fddf743bad1aff,external_train
ISIC_0059436,nv,BCN_0005597,BCN,113d1d7e60a9de7f2ac638f573751b324c3a16f0a88fb268c4ff605bfdb5ee4b,external_preflight_val
ISIC_0061730,akiec,BCN_0005598,BCN,99bb00d9b6cef736f8c138eebbbc2ce1777b874d965b29529f4886288e3e1931,external_train
ISIC_0065321,bkl,BCN_0005599,BCN,89e7784b1b0c849e22a10c7417b7b04e5294eb7dcc2fced24fdecc1b864a8e36,external_train
ISIC_0064409,vasc,BCN_0005600,BCN,4296d985bfd5ebdfc58b5a810b4838536cb35b3b19b8a1bd2635f04849106c72,external_train
ISIC_0060709,nv,BCN_0005602,BCN,3ba62c752a26fe8236eaeba6744757b1d500276bdf40ea507c895ce9f052025f,external_preflight_val
ISIC_0056967,mel,BCN_0005603,BCN,683fb54684a4472e1ddccfc6351ba9a384127ffaabd80ca0b70d3fa5864b2eaa,external_train
ISIC_0069465,bcc,BCN_0005604,BCN,b9608c4378e2a0e09defd4b537c8a7b8a97d351bea146eb54cbb7cd3b093155b,external_train
ISIC_0054284,mel,BCN_0005605,BCN,9d6717715b9475ea360836ae3033522da58f90251d5c411a87d660d976ff75cd,external_train
ISIC_0064279,mel,BCN_0005606,BCN,2b223cf9982aabdb5464ea2216477b01a8a328c3d3e54612c26f115b9d9376fe,external_train
ISIC_0053508,mel,BCN_0005607,BCN,0173e695c58b6d8cfe4534fe7196009352271c406af2d307ad95563d931fc9c8,external_train
ISIC_0063485,bcc,BCN_0005608,BCN,b493dd9e0edd2056bf8230dd9540b6814616c1f996e52ba89626325fe855e5a4,external_train
ISIC_0073037,bcc,BCN_0005609,BCN,2ff7e09b6cb181040476cff35229495e34543dd89f3137e84edd46f1c4f534fc,external_train
ISIC_0060586,mel,BCN_0005611,BCN,6b994de37282e8252218f6157736a51bf5afeaeb9524552f568fc1a190516329,external_train
ISIC_0057917,bcc,BCN_0005613,BCN,067071a942b5d7d528f4c879db90bf0504842e696e738210fbb78ca51c58a741,external_train
ISIC_0071990,nv,BCN_0005614,BCN,192959588a255438ee70bf3e19bd4b3cbd1c30598798ce6dbe0134b640a35445,external_train
ISIC_0058030,nv,BCN_0005615,BCN,d0aadc1a8a6e4e71d70280d1ef466e3ad97637a957fb48961797e3c93722afa3,external_train
ISIC_0060050,nv,BCN_0005617,BCN,f6e9bca07abd24582c66552dd95368a734b35d2cb97f744245e895f5098d486c,external_train
ISIC_0061536,bkl,BCN_0005618,BCN,02468d8aec2da3d8a2319049222d4117b0d89c71db54151618df456d4dfc20f3,external_train
ISIC_0064368,nv,BCN_0005621,BCN,71f1a4508b60920d2b096cca7eceb5ca564f5c11e842548b41adbf854d23e62c,external_train
ISIC_0071255,bcc,BCN_0005622,BCN,0ee1b04ba6295c1787be1df3921f1d4935720821b2812a33c70332734d6d64ec,external_train
ISIC_0066640,nv,BCN_0005623,BCN,02fcdc2f9dd0a30d994a524d19be2f5767b8aedf108b82e2a70c0114aa88c750,external_train
ISIC_0065866,bkl,BCN_0005626,BCN,0eac76c3d8e1b9ed59a422ee4939ca6a8bab9541ddfe0300f3ac6f8653123ddd,external_train
ISIC_0059592,bcc,BCN_0005627,BCN,0a115b7bcbcc90c13bad2e10a7ad3ccaefc6e4e00b1c07542d291ba313f63a48,external_train
ISIC_0059704,nv,BCN_0005628,BCN,844e886bfd6f0788bb3e1e7533e8f5705be005247588e7365483d9c33a1880af,external_train
ISIC_0063966,nv,BCN_0005629,BCN,49f3ff59a07f6664dd389b628bb0602c08f32343772b25b3eb45b7b810edca65,external_train
ISIC_0054624,mel,BCN_0005630,BCN,0b96595ba29a21085511c0febee85e981d9285af57a23f97a4c86431f51a7dc4,external_train
ISIC_0069652,bcc,BCN_0005633,BCN,316e56c127157e3ff86bee9db3c4340a431a160dd316865dcf3fcadaa486fdcc,external_preflight_val
ISIC_0058533,nv,BCN_0005635,BCN,59954993a39b6c899ca4e8d6114facd742867290da0f5cf7cfd3240917dceefa,external_train
ISIC_0057889,mel,BCN_0005637,BCN,3a78ca5168803f5df694ac6c954ae185db7f4430e86ad4ba73f70a6e6e193113,external_preflight_val
ISIC_0057395,mel,BCN_0005639,BCN,17076ab4376b7745264b638bfa64419bf90ff2d730f9e20205c8b244d3c563f9,external_preflight_val
ISIC_0053630,nv,BCN_0005640,BCN,6937cc7bde5ba3f98a567073338c5920076a08adb69d444621a27ac0e26a61a6,external_train
ISIC_0069547,nv,BCN_0005642,BCN,f2961a30e779f823c78eec7ed79c5718014d320ea4c52e19cef91acfe6eec3b9,external_train
ISIC_0058531,nv,BCN_0005643,BCN,028edf9b247f49bb5de2dc8febd7ec182fbae57bd70bf3f7c049156c9d92b73a,external_preflight_val
ISIC_0068048,mel,BCN_0005645,BCN,006d816b309ace82e73e8aaf25d45bf3d06dcb310446119e63ede7709f1d1457,external_train
ISIC_0068939,nv,BCN_0005646,BCN,2fe5c8bf290fa1edba11f22cf0b7dfccd2dc963f00f8eaa4ec7cb1eeeb8d39ab,external_train
ISIC_0055994,nv,BCN_0005648,BCN,79e597932263eda91dda0f5f4ae2027d7ec54f58d231ff106cb727dfb0222081,external_train
ISIC_0061232,df,BCN_0005650,BCN,35789c35b36cfb79e9b7ba83ad05c58badf560d6265c1dedefd66e5e9a92f069,external_train
ISIC_0071097,nv,BCN_0005652,BCN,68416d99e09ed0bc7372c57a9d51fb9e76482b60fb5f7f89b243443df909b4e8,external_train
ISIC_0070383,nv,BCN_0005653,BCN,167f22c8699324cc8b44b510a6b54842675edcc86c481ebec1cc8c773c4479b1,external_train
ISIC_0060020,bcc,BCN_0005654,BCN,3b4a50750834d5a01608205ba6ae6f29c692cb0f1d89bc7121dd618effd8062b,external_train
ISIC_0060079,bcc,BCN_0005657,BCN,39a13baf8e90197423415b46fefbc34773ac733c199ebe16049b25a9df09318f,external_train
ISIC_0066574,nv,BCN_0005658,BCN,0a73f4f84c74f8399a9e9b0215c85fb19ce785637ba968f439c858b05c4b0838,external_train
ISIC_0064188,bkl,BCN_0005659,BCN,4c1505a0dc709148e066591601d0b7b7cbfc113c6c8f74d0c76a52aed9904266,external_train
ISIC_0059421,mel,BCN_0005663,BCN,5eef7bf577d687963fb16449c602acf4175d17ca749e1435a9b664edfd02dc10,external_train
ISIC_0055647,bcc,BCN_0005664,BCN,5d973740224238715951ad712308bbc05c6ff159d79201ddfe27881079497ef4,external_train
ISIC_0058097,mel,BCN_0005666,BCN,044bd7b144760af649506ba808ae931b12bf2d17a104f977d88be7ab99adfb13,external_train
ISIC_0057970,nv,BCN_0005667,BCN,9a6d62c1020fb64090d254754fae4610950d34389119eb1c21762e12217f1745,external_train
ISIC_0061363,bcc,BCN_0005669,BCN,1fa1bf65cba0837d3b2b1452334abf2887af0a47157613d074e14ae41315aeed,external_train
ISIC_0072189,bcc,BCN_0005672,BCN,b748dad601995eabefdac3e996555a3a7f5873dfff7ea592f1ff0290519ca7b1,external_preflight_val
ISIC_0068341,nv,BCN_0005673,BCN,35fcfff7c1e2dbb2b457e3c812125b3ba68b64f81c976b8df2702312d924c8a2,external_train
ISIC_0071742,bcc,BCN_0005674,BCN,2117d9fdf79dd6fcc29ca61ecc2936608d988c130893c3153ce7ebe23d222187,external_train
ISIC_0058150,bcc,BCN_0005675,BCN,29563bd803ce429d4fb8c5beb3e0b0db5a5ee0985f9d86c0c65ae79fb5a607be,external_preflight_val
ISIC_0068176,mel,BCN_0005676,BCN,10b0a2c376245540b18f387fbc0eac2d01ed92885de1e1832931a6a4fbe6413d,external_train
ISIC_0073081,bcc,BCN_0005678,BCN,6e8909c8a8722912318976e9ebfd9a4cd8cac58e6bca8c2f5c3db851fa2267a9,external_train
ISIC_0065594,bcc,BCN_0005680,BCN,786d64b7770be8e247967c8c21f29d90f022138d89fb1b222081903a66db25f1,external_train
ISIC_0057019,mel,BCN_0005681,BCN,2fe297804a54d9319834975ce154f5f898b266f85caed00368ae8c6c7c1f7438,external_train
ISIC_0065389,bkl,BCN_0005684,BCN,2781cf65d7f8b3c1d63359f7c5f7aaa94bd3397532859cc8278f1152caf8cd21,external_train
ISIC_0065554,bkl,BCN_0005685,BCN,34630701b192a47e983b1fbcae51489db7a046990cbca86a1ea5c2ba32e0b38c,external_train
ISIC_0054440,nv,BCN_0005686,BCN,06a0089673449f9c78cef3f63fceaf3b5f368121d7d4ac1a2e64ad6f6ecbca72,external_train
ISIC_0060244,mel,BCN_0005689,BCN,16ea99377f948ec2d45be6c1ffa9bd4628867ed39a5b18493d92da47e1ae3927,external_preflight_val
ISIC_0072916,bcc,BCN_0005690,BCN,035c0ccb0827c5e46d2fdcae0036fb289117e48fdef3917689b8721b820a27df,external_train
ISIC_0068735,nv,BCN_0005693,BCN,394f9b94966e89752ff08decbed07d7468aca69f377c1aaea0a7691d58bfe0ed,external_train
ISIC_0063956,akiec,BCN_0005694,BCN,3c105e908529af5c1870a702927984a34c9738ed46e7190c3145ba381399bd86,external_train
ISIC_0063710,bcc,BCN_0005695,BCN,f6f5ebe784ed9d129f729a5366212c56c9c78b718d5140b1037a176b1cc49185,external_train
ISIC_0058482,bcc,BCN_0005696,BCN,56ad4e5afce9cf3e48d0bdf2f2519218bdab821564f63a90f5b6323ad6e96702,external_train
ISIC_0064451,bcc,BCN_0005698,BCN,5ceeb8a427ddf8284b9d98c9d3bf6a5675e34413c1d1057b510b220c2c5ecd82,external_train
ISIC_0055737,nv,BCN_0005703,BCN,572e14d07a4720165e1c50bb93c19dbc3f15b5b22b8def8d41568161cddb0101,external_train
ISIC_0059462,bcc,BCN_0005704,BCN,114ebeb2a346ffd77f4296d2533eb255c936442cfd3503f22497110491dc3ac4,external_train
ISIC_0067954,bcc,BCN_0005706,BCN,e80d29ef16f4ec9f13b88810ff78e0c747402aea982271d00839c5ae2b7f6a0b,external_train
ISIC_0062185,nv,BCN_0005708,BCN,04c346a20a2e38409bc1e14fb36261cf0e818b53152c3187f215c27bedf10de2,external_train
ISIC_0057080,bkl,BCN_0005709,BCN,c5117308bfbb3daf8eda4e7dc4a2438192f6a5973c27f2e709fc51206829073a,external_train
ISIC_0055193,mel,BCN_0005710,BCN,4d17e198a43f98a7b0a8a4686322acd64c9471b281d59f010b5ccfd8db45e85d,external_train
ISIC_0064478,nv,BCN_0005712,BCN,026ebccf4c431dac2be60a9cbcb41c058c1437867f4cb050647728b7535f66eb,external_train
ISIC_0059346,mel,BCN_0005714,BCN,5a987b44474f3f7c181f165a31cfdfda982d444b56ee14e18f5ebd21da694ce5,external_preflight_val
ISIC_0066347,mel,BCN_0005715,BCN,73334f8f61ee3c072a99b2ff050938c1ba6837291bb6aadb2c3fd195580e7979,external_train
ISIC_0058070,nv,BCN_0005717,BCN,0923b0f8d0686152ee161447a9dd7998f2b0153727d3a18952d78b85bfb3614a,external_train
ISIC_0068571,akiec,BCN_0005718,BCN,35a3d91f5befe7b2a3965cbd173a0352907ecbed9a4876be2c88570f96b5f45f,external_preflight_val
ISIC_0054204,bcc,BCN_0005719,BCN,23e6d55230ac88928edea6cab69e109310759562184ae57c181d499e3a58ecc2,external_train
ISIC_0063871,mel,BCN_0005721,BCN,13c1ab7ab5f1c0e8ea11c3cebe66b5d882b4e3aa518ff3a2083d9564f361e056,external_train
ISIC_0065503,vasc,BCN_0005723,BCN,01b056326c9f5b0ddd675924458699fb1c6ecad7ebe8268caf4f7d40e019b449,external_train
