image_id,lesion_id,true_class,p_akiec,p_bcc,p_bkl,p_df,p_mel,p_nv,p_vasc
ISIC_0024319,HAM_0003062,nv,2.3100983626012095e-10,1.0061618205270406e-08,6.478952059296716e-07,9.633486369731159e-11,4.353726762929e-05,0.9999557733535767,1.2850988329038415e-10
ISIC_0024321,HAM_0003511,nv,7.887609811567805e-21,7.42139298742084e-17,1.7937581148620534e-14,1.025548782421544e-20,8.076893918199712e-17,1.0,9.652826971246605e-21
ISIC_0024343,HAM_0000150,nv,1.234982835584301e-20,4.3367276262419875e-17,9.200421051099375e-16,7.03558535640205e-23,2.61641192923507e-14,1.0,6.961262037355747e-23
ISIC_0024358,HAM_0000933,bkl,1.737394136978182e-13,7.00177871411356e-13,1.0,8.914526784972959e-17,1.2529827869700583e-11,7.652142919312155e-09,3.086161751586476e-19
ISIC_0024367,HAM_0001726,mel,3.808658249893071e-12,1.4025416383844913e-08,1.6877335085041523e-08,2.022392669998041e-12,8.63931290950859e-06,0.9999912977218628,1.3343704396637235e-13
ISIC_0024374,HAM_0005361,nv,2.1796579818822437e-10,1.0257592464313348e-07,0.015315409749746323,1.182269143695791e-10,1.2966260065638835e-08,0.984684407711029,9.677282264419773e-08
ISIC_0024403,HAM_0003680,bcc,0.732516884803772,0.2666667103767395,7.516542245866731e-05,8.745941499910259e-07,0.00011029167944798246,0.0006300901877693832,1.212136946371345e-09
ISIC_0024421,HAM_0001260,nv,1.7183428074538099e-12,2.3774801571896376e-11,9.122295807628689e-08,2.966298878076014e-14,1.2992181115667467e-11,0.9999998807907104,8.876735880635617e-14
ISIC_0024432,HAM_0002083,bcc,1.9127080475023206e-10,2.506611758434918e-11,1.0051354193407747e-09,6.456060051797038e-14,6.767849214384114e-08,0.9999998807907104,1.0427187542225158e-12
ISIC_0024478,HAM_0002682,nv,1.78071739211777e-12,5.0977312648914364e-11,6.86484966649914e-08,1.3426026512341344e-13,8.86961615265136e-09,0.9999998807907104,5.916847686717602e-14
ISIC_0024481,HAM_0003315,mel,4.219478739742044e-07,0.001092017744667828,2.004612582595655e-07,0.0002979210112243891,0.9978724718093872,0.0007369229570031166,4.9947981750619874e-08
ISIC_0024496,HAM_0001703,mel,2.0211946265974445e-13,2.001900815257196e-12,1.1162508251061354e-08,8.343330095816198e-14,1.704353280729265e-08,1.0,3.170718895773028e-13
ISIC_0024521,HAM_0007330,nv,3.2425416903206267e-22,7.297247777214442e-19,7.383931113031858e-14,6.005176756615302e-22,7.611455931128374e-17,1.0,1.802241973923e-22
ISIC_0024542,HAM_0000224,nv,1.9864891044477278e-19,1.749197813207505e-17,3.2010776408047947e-13,9.22129880102248e-22,1.1841315461823206e-16,1.0,2.626382657335217e-21
ISIC_0024548,HAM_0007441,nv,5.858667843223424e-21,2.3634831051179116e-18,3.210109286305989e-16,4.496998146787177e-23,2.5107373841742953e-18,1.0,2.1506492400265173e-23
ISIC_0024564,HAM_0002666,bcc,5.908790817743537e-12,1.0,2.5415815285700916e-12,4.3790193910223096e-13,3.2957984215029046e-14,2.2530419196975515e-10,1.0842937579229263e-15
ISIC_0024574,HAM_0005390,nv,3.183516576149114e-36,3.3768525398407704e-33,1.0614068783338293e-26,2.3119883233048724e-40,2.7793491874345038e-30,1.0,1.1448748583380188e-40
ISIC_0024586,HAM_0003832,mel,6.161632981616094e-09,1.490024885697494e-07,1.892669388325885e-06,5.840338213047858e-10,1.6644973584334366e-05,0.9999812841415405,8.607289186945977e-11
ISIC_0024595,HAM_0004027,bcc,4.336573965701973e-06,0.005890868604183197,0.0032671664375811815,8.432587492279708e-06,3.864405516651459e-05,0.9907900094985962,4.768491521645046e-07
ISIC_0024606,HAM_0006576,nv,3.506361747945171e-20,3.29373856972408e-17,1.2680675296427007e-14,3.118100746000797e-19,2.037498446997511e-16,1.0,6.3064092736726445e-18
ISIC_0024619,HAM_0006829,nv,7.604267736128932e-22,2.228057508821036e-19,4.077335731956892e-14,1.716316593553686e-22,1.723847969980756e-16,1.0,8.56347892553797e-23
ISIC_0024629,HAM_0005793,nv,6.428894959789599e-13,1.0216170357596477e-12,2.0181486704018425e-08,3.826308031269071e-14,8.273198126573789e-09,1.0,2.476754695432404e-13
ISIC_0024637,HAM_0006812,nv,3.76161402645004e-15,4.9202321091099815e-14,3.398668013687711e-10,7.049876395821223e-16,1.2099385382491334e-10,1.0,7.589829724147094e-16
ISIC_0024640,HAM_0005467,mel,2.6851100170561028e-20,4.685335974227179e-22,1.2695663361104768e-20,9.229594493856221e-24,1.0,2.44823929738177e-14,3.2805417638356215e-20
ISIC_0024651,HAM_0001681,nv,3.0434673412574342e-18,1.2395499208360744e-15,3.5812371406047927e-13,2.1370310386980976e-17,3.3764104793304606e-13,1.0,1.2917040687391267e-15
ISIC_0024687,HAM_0005247,nv,1.099886435386039e-23,3.175744894938086e-19,7.355460858449181e-12,4.199839450272396e-24,3.590431991008057e-19,1.0,4.2337892253857055e-20
ISIC_0024722,HAM_0005452,nv,5.451996531185876e-19,3.7743432441988225e-18,2.1434383781770983e-11,8.707775544785471e-20,1.1973103444026106e-13,1.0,9.361813037964372e-19
ISIC_0024732,HAM_0002509,mel,1.2467751275835326e-09,4.251125673704337e-09,0.0007445013616234064,3.3356889472813123e-10,1.831632835092023e-05,0.999228835105896,8.340905878867488e-06
ISIC_0024738,HAM_0000203,nv,1.6125147415478498e-22,8.610985719593964e-21,6.868096243197754e-16,7.109671386088062e-23,3.42391396795502e-17,1.0,1.244910456963358e-21
ISIC_0024743,HAM_0004495,bcc,9.095627896693603e-12,1.0,9.222193222371547e-19,9.416530389249901e-21,2.712834946302121e-21,6.663414966658488e-17,2.1690024871147222e-26
ISIC_0024750,HAM_0000616,nv,1.4570705710764888e-20,2.5595136916559214e-19,5.619780899315807e-13,1.6649085857096734e-21,1.012080559574802e-16,1.0,1.1532617329544843e-21
ISIC_0024758,HAM_0005968,bkl,4.3443857400404795e-09,2.092453543767192e-09,0.9999977350234985,7.262308376193571e-12,1.0364898939130285e-09,2.302128450537566e-06,1.537651096402727e-14
ISIC_0024777,HAM_0001895,nv,3.0217425442865325e-25,7.6585024913427285e-22,3.8948859256732356e-16,2.9155305585266084e-25,2.6879852074264334e-16,1.0,1.1142205649929895e-21
ISIC_0024780,HAM_0002374,nv,3.95936261860828e-23,4.352563394839727e-21,1.2994132596992229e-16,4.418606198736106e-23,2.790702039166849e-18,1.0,4.7790175770115895e-24
ISIC_0024784,HAM_0001479,nv,1.4738176770581063e-14,7.500417176231622e-09,3.805814330348767e-09,3.378173730876101e-14,1.3191766790043857e-08,1.0,8.71118223230358e-16
ISIC_0024808,HAM_0000668,nv,1.2446162535924982e-13,4.514238982622487e-11,3.435373929772112e-10,5.2419044751811795e-15,4.3081209710749135e-09,1.0,1.3413573518654106e-15
ISIC_0024814,HAM_0005896,bkl,2.2420165723957552e-09,1.0322377674842897e-10,0.9999920129776001,5.768885369406007e-12,1.4806473700446077e-06,6.504437351395609e-06,1.1364179996337098e-12
ISIC_0024832,HAM_0001773,bkl,1.6766409094426393e-10,0.6800374984741211,0.27021080255508423,1.0862152288737548e-09,3.075574683819582e-09,0.049751654267311096,2.6039748135531227e-10
ISIC_0024839,HAM_0000425,bkl,1.2423084783108607e-08,2.463994874801756e-08,0.9999992847442627,1.1267017700766768e-11,2.1659013471619915e-10,7.254647016452509e-07,2.3990683571673e-13
ISIC_0024854,HAM_0000226,nv,1.442390072002809e-17,6.827632949911824e-16,3.042694568522464e-11,1.447526574093549e-18,2.8658408111892353e-12,1.0,6.275759853833294e-19
ISIC_0024866,HAM_0007068,nv,3.724190678067174e-10,1.9450769120354927e-11,4.760399630043821e-09,6.106168630622133e-13,0.999913215637207,8.679694292368367e-05,8.826724615974835e-13
ISIC_0024870,HAM_0003686,nv,9.27608332790405e-16,8.516410775379069e-14,1.897194623623477e-09,1.5364012992890533e-16,4.527470842674575e-09,1.0,3.574027568852261e-15
ISIC_0024872,HAM_0005823,nv,8.040951793297779e-10,2.216548544708985e-08,2.934577423729934e-06,3.0280769558466147e-10,1.0612802725518122e-05,0.9999864101409912,2.158787870687462e-10
ISIC_0024883,HAM_0006541,bkl,3.6196150243750225e-12,5.1312522231228286e-08,0.00044166954467073083,5.598121250414978e-13,6.751380010605601e-11,0.9995582699775696,9.61097622656764e-15
ISIC_0024897,HAM_0003716,bcc,2.482896087418197e-19,1.0,7.942822729060527e-24,5.725211267752596e-25,2.924454103782662e-24,2.626854691506062e-20,3.5035377036653653e-29
ISIC_0024901,HAM_0001606,nv,4.541428344495557e-10,1.4905866763115228e-08,2.4819087229843717e-06,2.9975943949267503e-09,6.97160794516094e-06,0.9999905824661255,4.323743585388229e-10
ISIC_0024902,HAM_0000505,nv,7.975139645899354e-13,3.101303588937121e-11,1.0715163512031722e-07,5.384159372685826e-13,6.385283768395311e-08,0.9999998807907104,2.1128157817046356e-12
ISIC_0024912,HAM_0007613,nv,1.5088609886266396e-13,3.0286981689969794e-12,4.241825735107341e-08,3.3133394574010044e-14,5.602561525819283e-09,1.0,3.3137944835002694e-14
ISIC_0024913,HAM_0001495,akiec,0.9848937392234802,0.01510618906468153,1.3913066011783659e-11,1.239700356259199e-11,2.013995914484923e-10,2.097538392975551e-10,1.2031405602699885e-12
ISIC_0024921,HAM_0005936,nv,5.464290857900428e-15,5.1548338080714684e-14,9.66254205536643e-08,6.51830339971725e-16,1.8931718172299217e-12,0.9999998807907104,6.732509667627508e-15
ISIC_0024923,HAM_0001004,akiec,0.965394914150238,0.003291790373623371,0.009022331796586514,0.00041816147859208286,0.006957557052373886,0.01490853726863861,6.6468760451243725e-06
ISIC_0024927,HAM_0002964,nv,1.1860131172811475e-22,6.240163945629664e-20,3.4122979037001626e-16,6.034195856983635e-24,5.941637099197479e-18,1.0,5.562931614382051e-23
ISIC_0024941,HAM_0004133,nv,1.7296317491726247e-16,2.122046020009544e-15,6.390704947989434e-05,1.8114434851743653e-15,6.464636612690811e-07,0.9999353885650635,2.0855839201149027e-18
ISIC_0024949,HAM_0005669,bcc,4.164833557781904e-14,1.0,3.1551149310516747e-15,2.6202847756281534e-16,1.727475944442744e-15,2.1430622901275065e-11,2.5833894845554402e-19
ISIC_0024950,HAM_0006493,nv,4.354100073466826e-17,7.951923285966743e-15,1.8995745421079846e-08,1.7716405467150487e-17,3.262010073949023e-13,1.0,4.0313130226249535e-16
ISIC_0024960,HAM_0000489,nv,1.7531725814869448e-17,5.030615362271485e-17,1.5285890608840447e-11,5.456698535980357e-19,3.0750745527008795e-15,1.0,3.451565879124935e-20
ISIC_0024962,HAM_0004779,mel,3.4985689900679517e-09,2.704834689559732e-10,3.12287724568705e-08,6.891298642841548e-10,0.9999266862869263,7.330955850193277e-05,1.60907376312025e-09
ISIC_0024970,HAM_0001815,bkl,1.5145948964345735e-05,0.0006323268171399832,0.8036780953407288,2.783842546705273e-06,0.032386403530836105,0.16328443586826324,7.716779464317369e-07
ISIC_0024980,HAM_0005806,nv,3.577325068115922e-13,5.7388603418029316e-12,3.069811427280911e-08,2.1339317303210176e-13,7.0819501374330684e-09,1.0,8.598268039401724e-13
ISIC_0024984,HAM_0005856,bcc,9.101370768149764e-10,0.9999207258224487,2.159541878654636e-08,6.145025044368424e-10,6.583637107704376e-11,7.923711382318288e-05,2.8831574714477393e-12
ISIC_0024994,HAM_0002960,df,2.437959345544889e-18,2.574940620419793e-17,2.115605460999495e-13,1.0,3.879371607345599e-18,2.8113277039665263e-08,5.092278947241292e-19
ISIC_0025002,HAM_0006023,nv,1.671975435250775e-26,9.483025525989334e-24,5.082907818081679e-18,1.6743551528086587e-27,7.415039265794273e-21,1.0,1.1199918953865402e-26
ISIC_0025007,HAM_0001558,nv,2.3708650313098096e-22,2.46118802471145e-19,2.3089292285028654e-16,2.924983347408531e-21,2.4002721696563606e-18,1.0,3.561727919023672e-20
ISIC_0025009,HAM_0007278,nv,1.6448446337608003e-12,7.722233963392e-11,1.6913502820514736e-09,7.902933441396396e-15,1.1573888375471242e-10,1.0,8.685106534780593e-15
ISIC_0025030,HAM_0000118,bkl,3.0675692021253642e-12,2.08104073151649e-15,1.0,1.654880410187403e-19,4.603585356274455e-17,7.166207731390539e-13,2.752863604033884e-23
ISIC_0025036,HAM_0003724,nv,2.229979411275515e-19,8.369626850409573e-18,1.1540942897528272e-12,5.3884758456077656e-20,1.5346573431539515e-14,1.0,2.6039579444096822e-20
ISIC_0025037,HAM_0002893,nv,2.6654431113681227e-21,3.0153954162067987e-19,2.53788773985986e-14,1.6581890306536774e-22,2.897182559237993e-17,1.0,1.9243862581383218e-20
ISIC_0025057,HAM_0005217,nv,1.4780019564244883e-20,4.726217921974192e-19,3.798325704933462e-15,2.5419385431757417e-21,3.631113777848938e-15,1.0,8.768839083891644e-21
ISIC_0025066,HAM_0002749,bkl,0.09050672501325607,0.0016435619909316301,0.018526142463088036,0.00015090279339347035,0.8519628643989563,0.037209004163742065,9.228110116055177e-07
ISIC_0025088,HAM_0002423,nv,1.781058411864933e-09,4.320141400171451e-08,2.432117980788462e-06,1.746339961528065e-09,2.1879930045543006e-06,0.9999953508377075,1.381391528942899e-10
ISIC_0025101,HAM_0005712,nv,1.364611933365673e-17,5.0626939028823245e-15,1.535245958139697e-10,8.115437226022232e-17,1.1995241605555762e-11,1.0,4.6896982858776835e-15
ISIC_0025157,HAM_0004491,bkl,1.3012822763780463e-10,9.429864658225262e-14,1.0,6.6911065912866e-16,1.587911573064371e-11,9.749761414878932e-11,5.277202927995764e-20
ISIC_0025169,HAM_0002025,nv,3.9557467544637515e-12,1.9129162143194378e-10,5.0877226875911674e-09,1.2902482901533396e-12,2.449067393328619e-09,1.0,1.0242783184122306e-12
ISIC_0025197,HAM_0000460,vasc,1.9911869836574468e-25,5.225918699369757e-20,4.3917765218567857e-20,3.486912017557665e-21,3.345910164107022e-19,2.3108066571353447e-08,1.0
ISIC_0025199,HAM_0003206,bkl,2.001572301998933e-12,3.9812722563148384e-11,0.00028987022233195603,5.672830369514437e-13,1.0775747227853572e-07,0.9997100234031677,3.0246222193497374e-12
ISIC_0025231,HAM_0001817,nv,1.665008958648634e-15,6.607612790254791e-10,1.0819248275062421e-10,1.4031381986205974e-14,1.951057197746575e-11,1.0,6.653842435563331e-16
ISIC_0025233,HAM_0003718,nv,5.523340548825845e-18,1.14771283521953e-16,4.458556353975629e-12,5.797206401162045e-18,2.643644851640925e-11,1.0,8.446061978604168e-17
ISIC_0025237,HAM_0001701,nv,8.574470219193722e-21,4.089315588921662e-17,5.27109551753252e-13,6.0091440327709675e-21,7.926513991615008e-15,1.0,3.8116553712277407e-20
ISIC_0025241,HAM_0002710,nv,1.422070909651036e-14,5.883615534878206e-14,9.39464395166567e-10,1.0878235559723718e-15,8.221498482008371e-11,1.0,7.979879608390871e-15
ISIC_0025258,HAM_0006519,nv,1.578692778309493e-21,1.8872310498565444e-19,2.3448758668283276e-14,2.123989685734573e-22,8.560994291030328e-16,1.0,7.016181271399786e-23
ISIC_0025269,HAM_0004155,nv,1.8731390028312964e-25,1.628518299623196e-23,4.8288613786583715e-17,9.613551258717035e-27,1.2066281343176203e-19,1.0,7.157503612088731e-25
ISIC_0025271,HAM_0003430,nv,1.2749761099314916e-12,1.1304855662697122e-10,1.4590301589123555e-07,1.0842956307127727e-12,5.291462912282441e-06,0.9999945163726807,2.390053554916262e-14
ISIC_0025273,HAM_0004840,nv,3.5311609783971745e-16,5.404856250057488e-15,9.511410326012992e-09,1.285716392834986e-15,1.9076073050827355e-14,1.0,3.479297945130182e-14
ISIC_0025276,HAM_0001396,bkl,0.001455441932193935,0.5023221969604492,0.002766955178231001,0.001381803653202951,0.26765426993370056,0.21138037741184235,0.013038949109613895
ISIC_0025285,HAM_0004084,bcc,1.842356489589747e-08,2.1274466632803524e-08,0.9999769926071167,2.1238533154388506e-09,4.60456313078339e-08,2.280801891174633e-05,3.526538436271487e-11
ISIC_0025293,HAM_0000885,nv,2.9285432431709655e-22,6.9102811756038065e-22,3.6167723685426775e-18,5.983969477578666e-25,1.4277727772827467e-18,1.0,4.705351613292417e-26
ISIC_0025295,HAM_0001230,nv,3.573609865270555e-05,5.097393659525551e-05,0.011638861149549484,3.708996700879652e-06,0.3429247736930847,0.645345151424408,8.359672278857033e-07
ISIC_0025303,HAM_0003558,mel,1.4886093469002049e-09,7.00547087006953e-09,4.831348405787139e-07,7.668026213991652e-10,0.9832285642623901,0.01677100919187069,3.6974125150468495e-11
ISIC_0025317,HAM_0004428,mel,1.10354395741866e-21,2.206418708354203e-22,4.323869840327584e-20,7.774796145109357e-24,1.0,1.6194437170860767e-22,1.1402634920843576e-31
ISIC_0025322,HAM_0002666,bcc,1.7766903850930114e-16,1.0,7.554754685371334e-18,2.5571928065739116e-14,2.9749818917933867e-20,4.824391771084168e-15,1.220962104006688e-21
ISIC_0025326,HAM_0003000,bkl,0.9445298910140991,0.05546962842345238,4.2748595774355636e-07,8.213422997283004e-12,2.122375083839223e-13,6.780078165569137e-10,7.482535200450554e-18
ISIC_0025339,HAM_0006755,bkl,8.777486186772876e-07,4.538940778786582e-09,0.9999991655349731,1.7898001331874414e-13,1.393675886501855e-11,1.6492704771331468e-11,1.2914454920796426e-17
ISIC_0025347,HAM_0003776,nv,2.1244227555803975e-26,8.226243886227427e-24,1.0292215451206361e-19,1.843532191445443e-29,2.8331420656081366e-21,1.0,6.153077143978112e-29
ISIC_0025356,HAM_0005320,nv,1.8160737399585541e-13,6.426663671718624e-13,1.6264253277498142e-09,4.693306561529692e-14,4.079430127035266e-09,1.0,3.5687978180293234e-14
ISIC_0025376,HAM_0006580,bkl,1.5897179406199058e-10,7.306014460084498e-09,3.6230264299774717e-07,5.735352193170229e-10,0.021732907742261887,0.9782667756080627,6.350996117898688e-11
ISIC_0025381,HAM_0002324,nv,1.976708546734295e-18,1.9834362017384644e-13,1.3079691774109392e-09,4.202765428770992e-20,4.780310508912939e-17,1.0,1.699536970477603e-18
ISIC_0025383,HAM_0001907,bcc,7.524424334472146e-13,1.2140890248701908e-07,6.559748157997092e-07,1.2230096102516796e-10,8.562021230895667e-11,0.9999991655349731,2.0187618124476586e-13
ISIC_0025398,HAM_0007193,nv,6.189112992639661e-23,2.735554528113398e-19,5.894896658482918e-13,6.97351828525024e-22,1.1103525569731793e-18,1.0,1.1784519069616207e-19
ISIC_0025400,HAM_0005173,nv,4.372052442302987e-10,4.79554507215596e-10,6.570023458607466e-08,1.2574056379444087e-11,0.00014230805390980095,0.9998576641082764,1.2215327707676416e-11
ISIC_0025414,HAM_0002576,mel,1.2866819831813814e-09,3.0077323010663237e-12,7.857925865550897e-09,5.523541151374045e-14,1.0,3.509373769361446e-08,1.488371037168827e-15
ISIC_0025426,HAM_0006677,nv,4.956608505483101e-18,9.055461817739744e-17,1.956457558623375e-14,5.788383098212489e-20,1.0746901248367366e-16,1.0,7.785263659105414e-19
ISIC_0025431,HAM_0000607,bkl,5.722602947066946e-10,1.0941137773556875e-08,0.9206092357635498,6.591586304560693e-11,2.1469413979957608e-07,0.07939056307077408,2.7017382775440524e-10
ISIC_0025447,HAM_0003248,nv,2.783240084220039e-17,3.141939333557134e-15,1.1292670791529513e-11,1.6204858629162937e-17,2.408269243747707e-11,1.0,5.851707677361939e-18
ISIC_0025482,HAM_0000328,nv,5.760774835812535e-15,6.996141133867179e-14,3.7761137966496605e-11,1.965822863107987e-15,1.8695126002832296e-10,1.0,6.803868911181012e-16
ISIC_0025487,HAM_0005690,nv,1.0087749612948804e-28,6.115561495103027e-23,9.205462460506896e-19,1.026178567052025e-28,3.1541621163435157e-24,1.0,2.2648463137599552e-26
ISIC_0025488,HAM_0002295,nv,5.223584342850529e-10,5.804603464554248e-09,4.58158559979438e-08,5.7444227152814165e-09,0.000108417181763798,0.9998915195465088,2.1767167235342555e-10
ISIC_0025491,HAM_0006608,nv,2.423878121598968e-14,3.926468091636215e-12,1.103188762563434e-09,2.0690417898406276e-14,1.9454914068628426e-10,1.0,2.0302153241977955e-14
ISIC_0025515,HAM_0001781,bkl,1.8336322737955157e-10,7.932729473303368e-11,0.9999845027923584,6.115059847378035e-11,6.072225833264611e-09,1.5483312381547876e-05,2.0473267178799937e-12
ISIC_0025560,HAM_0003894,nv,1.8911519636746778e-26,7.160648208872168e-24,5.646471216841067e-20,2.195872949754135e-29,4.6434530894713634e-21,1.0,5.4660722938728e-27
ISIC_0025561,HAM_0000739,nv,1.502357510545191e-23,2.3023808177699194e-20,1.7380509919705364e-16,3.1580493270616054e-25,1.1230339595466532e-18,1.0,1.9085182064871977e-24
ISIC_0025572,HAM_0003268,nv,1.5632571034031134e-19,2.8284074543878844e-17,6.4665551559317525e-12,8.308189147785539e-21,2.0014004174145948e-16,1.0,7.775995358835699e-21
ISIC_0025575,HAM_0001245,bkl,2.6793983920470055e-07,1.534530019853264e-05,0.9992032647132874,2.5719883112174102e-08,4.437121674527589e-07,0.0007806267822161317,2.5461638006318843e-11
ISIC_0025580,HAM_0002938,nv,1.1887782552058792e-26,2.0339180997790717e-24,5.741262521973859e-18,7.400209396125048e-27,1.3025073499769807e-20,1.0,5.087564644263071e-25
ISIC_0025587,HAM_0007510,nv,1.4106281562781205e-17,2.5722116494056313e-13,2.0423001397679164e-12,6.480654430267239e-20,6.239152574642162e-16,1.0,3.4212713585424606e-20
ISIC_0025610,HAM_0003308,nv,6.469215896483249e-13,1.510697539286454e-10,4.436185196965425e-09,2.1755641992776686e-12,1.0549361206813046e-07,0.9999998807907104,3.657099796605667e-12
ISIC_0025651,HAM_0000075,mel,0.40729787945747375,0.29452118277549744,5.870419045095332e-06,2.0621732801373582e-06,0.16230593621730804,0.13586704432964325,1.0229938673944616e-08
ISIC_0025656,HAM_0005915,bkl,3.998690267792426e-12,2.397440579393617e-10,1.0,1.4714446255826117e-17,7.709297474489327e-15,8.726129085805112e-13,7.419966483435219e-20
ISIC_0025687,HAM_0002097,nv,4.088261779350115e-14,0.23691332340240479,1.3802367582194108e-10,1.916846232251617e-14,2.581561700520929e-12,0.7630866765975952,9.119031349263604e-15
ISIC_0025717,HAM_0007461,nv,1.511423415612353e-22,2.480234504550337e-20,1.5900002736418846e-14,5.77663971340494e-23,3.2381000856180483e-17,1.0,8.039585165001405e-22
ISIC_0025720,HAM_0004464,nv,3.0070691195584165e-18,4.534238835057194e-16,6.07770669729113e-13,1.639519752032282e-16,2.2265479390770615e-13,1.0,4.5345697073022155e-15
ISIC_0025744,HAM_0006453,mel,6.220691517455634e-08,1.7753747272308829e-07,9.660714567871764e-06,1.1083612250217811e-08,0.15421432256698608,0.8457757830619812,4.982358525751351e-09
ISIC_0025771,HAM_0001841,df,1.3854446787180953e-19,6.960525329622692e-21,8.041910795733619e-16,1.0,7.150571801339822e-10,9.402439764272241e-14,2.8545417004879023e-24
ISIC_0025782,HAM_0003276,nv,1.8946140737817387e-15,7.795590650056753e-15,5.123434228954116e-12,6.559085918545176e-16,6.735144386649239e-11,1.0,7.966307149490762e-17
ISIC_0025784,HAM_0003652,nv,1.138494917540811e-05,0.12366684526205063,8.587072807131335e-05,1.443201085749024e-06,1.1608644854277372e-05,0.8762227892875671,1.1465064631011046e-07
ISIC_0025813,HAM_0001915,nv,4.255072294512274e-09,4.148713317331243e-11,2.7010078618161515e-09,1.9341199648803542e-12,2.2870835891808383e-05,0.9999771118164062,1.4750023034568183e-13
ISIC_0025814,HAM_0002194,mel,1.3565703739004675e-05,1.307364669855815e-07,1.4673220221084193e-06,2.390469600044298e-09,0.9999715089797974,1.3304207641340327e-05,4.4157691392321397e-11
ISIC_0025815,HAM_0005036,nv,1.4145990626167164e-14,7.377713349097925e-13,1.1546377187698909e-09,4.175720811066142e-15,5.216063692081718e-11,1.0,3.6539415804752375e-16
ISIC_0025820,HAM_0000177,nv,1.668919709766107e-15,1.2773525354039129e-14,2.3342847654816978e-08,1.149996727212903e-15,2.998624352296142e-12,1.0,8.47783333742273e-15
ISIC_0025831,HAM_0004012,akiec,0.002592532429844141,0.07371233403682709,0.4141210615634918,0.0001281288859900087,0.000269492797087878,0.5091601610183716,1.6250874978140928e-05
ISIC_0025840,HAM_0000618,nv,5.749434135847693e-19,4.030759274835686e-16,5.4630189261217765e-12,3.9277795092619096e-19,2.7270400564452513e-13,1.0,1.311459391698159e-16
ISIC_0025847,HAM_0005609,nv,9.154926816634656e-10,4.294795274972785e-08,4.853322366216162e-07,3.9963726772285213e-10,0.005440593231469393,0.9945588707923889,8.46028455625536e-11
ISIC_0025848,HAM_0002310,nv,6.946642078199286e-24,1.3177036635325706e-22,4.028807128590061e-16,1.821460478411235e-25,2.6861284185618234e-17,1.0,1.936674663789844e-23
ISIC_0025852,HAM_0001403,nv,3.263687706419364e-22,2.9929782399952435e-20,9.450886576020103e-16,4.425758642791564e-23,1.1813703511231695e-16,1.0,8.138637317051342e-22
ISIC_0025854,HAM_0000360,nv,8.343288747621637e-20,7.962018714323042e-18,1.3760016346828219e-14,1.253445523012356e-20,9.452611743905644e-17,1.0,4.232866967470323e-21
ISIC_0025866,HAM_0001882,nv,2.2425597459490667e-21,1.5925768304077852e-18,1.6386513050333298e-15,1.2110665192156254e-23,2.754510778057092e-17,1.0,4.9501095758328355e-25
ISIC_0025870,HAM_0007606,nv,6.361536731419593e-13,2.0722207283441207e-10,3.557114602870115e-10,8.640919367021178e-15,3.913481805284391e-07,0.9999996423721313,1.046972279244952e-14
ISIC_0025872,HAM_0004973,nv,4.544122310960842e-25,4.5008768180859675e-23,1.0794192156603758e-16,3.5456415882190095e-25,4.590780848546318e-18,1.0,7.208799292450727e-25
ISIC_0025873,HAM_0006501,vasc,5.32134267205997e-11,3.6237469203115324e-07,4.700968858628585e-08,1.3763999662241844e-10,6.864151913532623e-08,0.9999325275421143,6.699944060528651e-05
ISIC_0025885,HAM_0000582,bkl,4.6054611513302035e-11,7.070467041708772e-12,7.991811656893333e-10,3.937540736715685e-14,1.0,3.488678146368329e-08,3.825199095734526e-14
ISIC_0025917,HAM_0003500,nv,1.075765577482059e-22,3.1824132631449705e-20,1.8067357025233055e-16,1.0198008029714588e-23,1.562740715226212e-16,1.0,2.194716556359537e-22
ISIC_0025921,HAM_0007099,nv,1.967694120417262e-27,3.99367144155379e-25,1.8141294802100534e-19,2.6028249863613513e-28,7.225194852864818e-21,1.0,5.05746747835409e-28
ISIC_0025927,HAM_0002557,mel,1.9431315279119658e-19,6.606843694541796e-25,1.0033370442699345e-20,5.495989689628912e-28,1.0,1.1282295843716753e-18,2.888995303798414e-31
ISIC_0025929,HAM_0005195,nv,1.9473348567464575e-23,5.499763545842042e-21,1.0907524503201893e-16,7.467282387036102e-25,1.888658975558843e-17,1.0,7.593592428597375e-24
ISIC_0025933,HAM_0006095,nv,9.817357365883147e-17,9.306072317643351e-15,8.290285125056585e-10,1.7440948367469919e-16,2.8910847240520843e-12,1.0,3.88063406694009e-16
ISIC_0025935,HAM_0006029,nv,3.2900900857453187e-21,5.070087759358026e-18,3.4757873662583094e-11,8.05173128791353e-24,5.324908501873229e-19,1.0,1.731956739187215e-22
ISIC_0025953,HAM_0002461,akiec,0.9999856948852539,7.919937483613637e-10,1.4263097000366542e-05,1.6114798731536872e-11,2.3065087340068402e-10,4.03178681551708e-08,3.8456144193545205e-13
ISIC_0025969,HAM_0004369,nv,4.459756023451693e-23,2.881351185683493e-20,8.806746395236941e-15,2.035377098023278e-24,1.1307545531914934e-18,1.0,1.6717937889339914e-22
ISIC_0026034,HAM_0002103,nv,1.2072478572378031e-09,1.51950243889587e-05,1.4240819837141316e-05,2.2906960772672846e-09,1.7377557526288e-07,0.9999704360961914,6.836430310741548e-10
ISIC_0026038,HAM_0000724,nv,8.47228953659851e-11,5.873479480555943e-10,4.887390900876198e-07,6.853678735652124e-11,5.3548565119854175e-06,0.999994158744812,3.185336369670999e-11
ISIC_0026055,HAM_0006605,nv,3.4523420363793966e-13,1.2289788076103036e-09,5.356892707197858e-09,1.221244784986586e-12,2.5933244440778935e-10,1.0,1.4516284225010723e-12
ISIC_0026059,HAM_0006970,nv,3.6722111376446266e-20,1.7728701506956088e-18,4.324761469082228e-12,2.4321234506140082e-20,2.0241256655268054e-14,1.0,2.2622306146722862e-18
ISIC_0026060,HAM_0005891,bkl,5.635958366667637e-09,8.690919511833428e-12,1.0,1.0781944727224907e-13,2.0629123409499073e-12,3.253722624663169e-08,1.3702940090468672e-15
ISIC_0026069,HAM_0000524,bkl,3.2566169920755783e-06,6.468580522778211e-06,0.9858430027961731,7.876125351913288e-08,4.152297208293021e-07,0.01414682250469923,2.6187185753201447e-09
ISIC_0026082,HAM_0002379,nv,4.535606475629655e-15,1.0377835472485247e-13,2.4068316406555823e-07,3.61672184104214e-15,6.812143210632726e-11,0.9999997615814209,2.7373668788502684e-14
ISIC_0026083,HAM_0000552,akiec,6.667559091511066e-07,6.3691472860227805e-06,0.0005393794854171574,2.3681477046011423e-07,0.0002439601521473378,0.9992092847824097,8.169072884811612e-08
ISIC_0026093,HAM_0004704,nv,8.273580747022662e-23,6.590265676122354e-22,3.1152774892346472e-15,6.0585988746561944e-24,8.907965588354189e-17,1.0,1.8623679108225507e-23
ISIC_0026096,HAM_0006543,nv,0.0014278864255174994,5.892400076845661e-05,0.09034953266382217,1.9249901015427895e-06,0.8642282485961914,0.043933186680078506,2.505461509372253e-07
ISIC_0026110,HAM_0003295,nv,8.497178204262826e-19,1.9717090671120244e-17,4.934639800729598e-14,2.5942933793901143e-18,1.1298648377577186e-13,1.0,7.757016061572188e-18
ISIC_0026130,HAM_0005144,nv,1.727888108949852e-26,5.8315674671467555e-24,4.530391313005359e-20,1.2636182846932636e-28,3.20252839328841e-22,1.0,2.399664895800261e-28
ISIC_0026149,HAM_0005480,akiec,1.0,1.1848255920752832e-19,5.138433722906342e-17,5.254550227642189e-25,1.2770631373330606e-17,9.571253101111267e-19,1.2347839536969717e-29
ISIC_0026157,HAM_0000787,nv,1.6438347927305585e-07,1.3358700812204916e-07,8.504808647558093e-06,1.7267513641172627e-08,2.530413075874094e-05,0.9999659061431885,1.360890511392654e-09
ISIC_0026165,HAM_0005950,nv,1.0507883637338074e-24,4.24531617705312e-22,1.962030061328419e-17,6.620568395178444e-25,8.830709447212483e-20,1.0,2.8178033279492744e-22
ISIC_0026168,HAM_0002013,nv,6.863614512464492e-17,1.0260405492831695e-15,7.261344303621797e-11,1.455295247611494e-17,3.2160422328703087e-12,1.0,2.752369240538417e-16
ISIC_0026177,HAM_0006583,nv,0.0002083093859255314,0.00010107606067322195,0.0021177856251597404,2.4187471353798173e-05,0.5704941153526306,0.4270355701446533,1.9011453332495876e-05
ISIC_0026181,HAM_0001560,nv,1.4568204781881622e-20,6.24809893414952e-19,3.4745098372859426e-14,2.505586015127632e-21,6.150985126920699e-15,1.0,2.515075973952117e-21
ISIC_0026185,HAM_0001897,nv,3.557812817142972e-15,8.424547680557087e-14,1.902686515287133e-11,1.4981915371592935e-15,1.1451323222999577e-09,1.0,3.650361013388516e-16
ISIC_0026197,HAM_0003678,nv,6.73957038180989e-13,2.158830162161604e-13,0.9999998807907104,9.824891856297872e-16,3.136787052326895e-09,6.471132962815318e-08,1.0045729005592197e-11
ISIC_0026201,HAM_0001339,nv,1.2047724420877074e-15,8.680435995109433e-15,7.892390213593004e-11,4.2486667061485313e-16,1.0290829993708783e-10,1.0,6.284082378538083e-16
ISIC_0026205,HAM_0006912,bkl,4.931361430315917e-10,6.26229568201353e-10,0.987084686756134,2.782467312112402e-10,4.1052654609075034e-08,0.012915311381220818,9.631134778587125e-10
ISIC_0026210,HAM_0000448,nv,1.000514159243922e-17,4.026780655203314e-15,1.4909112139305236e-11,3.069151506072359e-18,1.4849378644028396e-14,1.0,1.1328513404044657e-13
ISIC_0026225,HAM_0003781,nv,1.3274932368634307e-12,7.942083622702878e-12,1.3628624451200722e-08,5.017612302211927e-13,3.610697518752204e-08,1.0,1.3399734880709113e-12
ISIC_0026236,HAM_0005785,mel,5.0355717859384974e-12,7.788962530508314e-11,9.8288111871625e-08,1.2077006061872453e-12,9.581845915818121e-06,0.9999903440475464,7.966884530558049e-13
ISIC_0026237,HAM_0003299,nv,1.0076462510805623e-24,6.7935657149071744e-18,1.0605021906213291e-15,3.197804315534712e-22,2.7353214636892387e-14,1.0,2.95213574488604e-19
ISIC_0026240,HAM_0006429,nv,5.099982397567937e-17,2.056953020320709e-15,1.4245843220350718e-11,2.0104747210831995e-17,2.4034589422849972e-12,1.0,1.8210101929180106e-16
ISIC_0026251,HAM_0004380,nv,5.4338887556237836e-11,8.1515144634281e-10,3.1265285542758647e-06,1.0273383706238537e-11,1.2336395229795016e-06,0.9999955892562866,9.95392483715829e-12
ISIC_0026268,HAM_0001428,mel,1.751021045492962e-05,7.513006750059503e-08,0.975723385810852,1.244996994387293e-08,0.00029790945700369775,0.023961130529642105,2.420171441031016e-08
ISIC_0026290,HAM_0002350,bkl,2.7334134955481204e-09,2.1041887850181684e-12,2.329122935407213e-06,8.168350368385584e-15,0.999997615814209,1.3456179281945424e-08,1.3257970125172142e-16
ISIC_0026298,HAM_0002529,bkl,5.695966592611512e-06,7.598287083965261e-07,0.9998569488525391,2.5815962700903583e-08,1.6462527128169313e-06,0.0001348302175756544,4.791070873366721e-10
ISIC_0026302,HAM_0003751,nv,1.5418005553013707e-19,9.74526460503221e-18,2.2571193571412247e-14,6.073490283374497e-20,5.768250748605002e-15,1.0,7.627280563160882e-21
ISIC_0026342,HAM_0000051,nv,6.884399905071459e-27,2.287089726096859e-26,3.247238115281044e-19,1.2266432133316514e-29,2.142471093778542e-21,1.0,2.1658242296499407e-29
ISIC_0026348,HAM_0001002,nv,1.4688436014362316e-12,1.3352577377112596e-10,1.7734155335347168e-06,3.474558423095797e-13,2.9419549019138458e-09,0.9999982118606567,8.007226067092976e-13
ISIC_0026374,HAM_0002238,nv,1.1783919821102985e-14,1.460306897627106e-08,4.4116962860663023e-10,6.611649162185929e-13,1.742541555493915e-09,1.0,6.701819546366117e-13
ISIC_0026406,HAM_0005510,nv,1.7178202824652544e-06,3.0639814667665632e-06,0.9453272223472595,3.864543032250367e-06,1.6955313185462728e-05,0.05464715138077736,7.781537192386168e-09
ISIC_0026420,HAM_0004428,mel,1.1385095846916797e-20,2.73102998275053e-26,2.2398450621873263e-25,2.858034778116965e-27,1.0,2.9286630711424686e-24,4.603266734546787e-33
ISIC_0026432,HAM_0006268,nv,1.0433920394348206e-09,3.4673972026944e-10,4.476596315861059e-10,5.181184040831122e-12,0.9999591112136841,4.084434112883173e-05,1.4198163044570888e-12
ISIC_0026435,HAM_0006532,nv,3.096162882180125e-18,8.884075288774677e-17,7.048837967309207e-13,2.4310300535535324e-19,1.001271633015383e-14,1.0,6.033083673674018e-19
ISIC_0026440,HAM_0005018,nv,1.9833927605799512e-26,7.854820662891888e-21,2.8439899886462767e-15,2.4561238210094645e-26,1.5141885434791082e-21,1.0,8.011560912897865e-25
ISIC_0026453,HAM_0003328,bcc,4.4069378680143545e-13,1.0,1.549717588956133e-14,1.7145091670394812e-16,4.095611399530146e-15,1.6120800441082883e-12,2.3755215815602786e-19
ISIC_0026468,HAM_0001023,akiec,4.9348862773967994e-09,8.497692133291324e-12,0.9999978542327881,1.3351654504223376e-10,9.476815998610277e-10,2.1175908386794617e-06,2.632693278909837e-16
ISIC_0026479,HAM_0005576,nv,1.227862661973075e-18,2.1684496744685768e-17,1.371127495396196e-12,2.365359150747182e-18,1.008921678841146e-12,1.0,7.750948588381535e-19
ISIC_0026498,HAM_0000054,nv,5.102407386101092e-20,1.1387247568579777e-16,7.760705598124085e-13,3.0370520386192027e-19,1.6599963658975488e-14,1.0,2.474204446742118e-21
ISIC_0026517,HAM_0003532,nv,2.8185939490366778e-18,2.827360905476882e-17,1.830249493628422e-11,2.044776618955824e-18,1.237196380499822e-13,1.0,1.7191976267514318e-17
ISIC_0026528,HAM_0007550,bcc,4.123231432272392e-23,1.0,3.823778807131319e-24,8.979429179378773e-12,2.002879136206757e-34,1.791941611486656e-26,9.794225818713511e-35
ISIC_0026530,HAM_0000835,bkl,4.9997491022044326e-20,1.0307135923453678e-21,1.0,5.867275287576021e-22,8.32130593687443e-17,7.459459265557467e-12,2.0665209814347575e-26
ISIC_0026535,HAM_0000691,nv,8.608454257874013e-29,1.4929637598162e-25,1.326486217335642e-19,6.051307996451152e-29,5.059820590031039e-21,1.0,1.608468896818177e-26
ISIC_0026565,HAM_0002465,nv,1.7164886283398965e-20,2.7846391671683534e-19,1.6853306131301565e-14,5.394663948227358e-21,2.705216769249342e-15,1.0,5.0937697302690915e-21
ISIC_0026592,HAM_0001406,nv,7.797236467599333e-11,5.986296347515463e-09,8.208049280256091e-07,1.0400634520291163e-10,6.442482458623999e-08,0.9999991655349731,8.6581741776115e-11
ISIC_0026598,HAM_0006602,nv,1.2368962360114876e-21,2.8712487513142e-18,1.952099419610942e-11,6.898820856808245e-23,1.6922847678546209e-18,1.0,1.4967480986151847e-20
ISIC_0026606,HAM_0006123,bkl,8.336387691265656e-10,2.2277045486074343e-10,0.9999837875366211,3.5033510380894084e-12,2.611920102424392e-08,1.6242414858425036e-05,2.209018558352316e-11
ISIC_0026635,HAM_0004057,nv,1.1293503520631387e-16,2.0165379443853014e-14,1.365703328204404e-09,8.127054150544927e-17,2.916752950277157e-11,1.0,1.2498528325597817e-16
ISIC_0026643,HAM_0005469,bcc,5.476179509855683e-10,1.0,2.430152301613475e-09,1.4082780774860026e-10,1.2313098457505944e-11,1.0782795101249576e-08,5.3888709466987095e-11
ISIC_0026649,HAM_0006621,nv,2.4533779413409007e-13,7.964746917554777e-12,1.0852528875560097e-09,2.5680460362387247e-12,1.1516910092268517e-08,1.0,1.679097305640198e-09
ISIC_0026660,HAM_0006599,nv,6.380839323583132e-08,4.226246801408706e-06,3.05049579765182e-05,8.668027930980315e-07,0.00022969160636421293,0.9997346997261047,7.777172328360393e-08
ISIC_0026666,HAM_0000900,nv,1.0764174764790944e-16,9.52110135524209e-13,5.268218639109534e-10,1.3406661465106714e-16,5.643476679896564e-13,1.0,7.400105990665155e-17
ISIC_0026673,HAM_0004251,nv,2.2424786996973775e-17,3.208579068347215e-16,4.410755885964762e-13,4.9403746723714415e-18,8.560162127746462e-12,1.0,2.212948517265357e-17
ISIC_0026676,HAM_0007543,nv,3.423935831040059e-12,3.134859871689599e-10,7.669312296343378e-09,1.2920658466752943e-12,1.677382499565283e-08,1.0,7.677253879281518e-14
ISIC_0026686,HAM_0004319,nv,2.0498880050482012e-22,9.681591692371996e-21,8.645572119000446e-15,4.78124177033386e-24,2.6501101291899574e-16,1.0,9.43547125512862e-23
ISIC_0026691,HAM_0001034,nv,1.2039498894452645e-23,4.860008812279033e-21,2.6947906539364787e-17,9.992475201936104e-26,3.47277847356946e-19,1.0,1.3193471842311171e-24
ISIC_0026696,HAM_0006473,nv,3.310463148413652e-19,6.9310460278456315e-18,2.593924153162369e-13,3.6862040609286974e-20,4.354654657701129e-14,1.0,2.4046227648621745e-20
ISIC_0026700,HAM_0006901,nv,1.9854974608879417e-10,2.4718977975624057e-09,8.307512189276167e-08,2.909006889539878e-11,2.794181170884258e-07,0.9999996423721313,1.5080024728941765e-10
ISIC_0026705,HAM_0007275,nv,4.319241441682923e-18,3.829387250142225e-15,5.427552851600126e-11,5.1335550116535044e-17,1.837117697550683e-12,1.0,2.5116269135255195e-19
ISIC_0026718,HAM_0007285,nv,4.535000105918539e-16,3.7999634431369785e-15,1.1325636262160543e-10,4.776776660987215e-16,1.4112191450144085e-11,1.0,2.220958239485606e-16
ISIC_0026724,HAM_0003831,nv,2.0706542470988582e-20,1.687945791951474e-18,6.69800857572983e-14,3.215372856263514e-20,7.220253367392281e-16,1.0,2.115956296487594e-17
ISIC_0026728,HAM_0000884,bkl,9.506932628557552e-16,3.074929498308662e-14,2.6532658292666156e-09,1.4774749376842458e-16,7.305960307221748e-13,1.0,4.2604333172748736e-16
ISIC_0026750,HAM_0000906,nv,1.1547275753559042e-21,4.6082693983249465e-20,1.721772130455052e-15,2.655343924732866e-22,5.359990608907322e-16,1.0,1.913113256573516e-21
ISIC_0026770,HAM_0002491,mel,1.3113993052984633e-16,1.0829697560908617e-17,1.4689399531280477e-14,2.211375440752601e-20,1.0,3.503182119390935e-11,1.1306019117112897e-21
ISIC_0026786,HAM_0003874,nv,7.360157405419954e-13,4.3275591110614187e-08,0.001137041486799717,2.3480568184242046e-11,5.0206738766434e-10,0.9988619089126587,1.0619490922181285e-06
ISIC_0026795,HAM_0003603,nv,5.481695097842021e-07,1.5566648698950303e-06,0.00022315427486319095,1.015258845882272e-07,0.00015128921950235963,0.9996232986450195,1.648439251766831e-08
ISIC_0026807,HAM_0000145,nv,4.9133591345112186e-21,1.858095677628968e-16,1.8495653888116713e-14,2.9307939680942893e-19,5.924283958368137e-16,1.0,7.107942808828993e-21
ISIC_0026810,HAM_0007306,nv,2.1381538761744423e-09,1.506968061448788e-07,2.2412896782952885e-07,1.1723850779077338e-09,4.304641333874315e-05,0.9999566078186035,6.391873141886606e-10
ISIC_0026817,HAM_0002653,nv,1.1028181203251941e-17,1.818365597238005e-16,1.5252514529162653e-11,1.5533485136404938e-18,1.3666979094934754e-14,1.0,1.0365705278752869e-18
ISIC_0026856,HAM_0004697,nv,4.196085969966669e-27,3.927456981524435e-23,2.275827447689915e-19,6.726407590234613e-28,8.406599608820732e-22,1.0,2.5059823262246404e-25
ISIC_0026862,HAM_0002211,nv,3.1435018470251664e-20,7.726066271772904e-18,2.5324802815245885e-15,1.186897421015787e-19,6.391156342796091e-16,1.0,2.5661897177458205e-20
ISIC_0026871,HAM_0001240,bkl,7.190891770925134e-10,2.988556396712333e-13,1.0,1.7831775552673568e-13,6.1031271182676594e-12,5.4423541229198236e-08,1.0435782738118412e-16
ISIC_0026876,HAM_0002610,vasc,3.989217513334723e-29,3.2735739637190833e-23,3.3649078848951194e-25,8.405730094776562e-23,8.92919251405876e-25,1.3899190278983654e-17,1.0
ISIC_0026883,HAM_0002797,nv,4.3256915519158945e-13,2.6535461328247578e-11,2.481158212219725e-08,5.0717787547581005e-15,1.5613668136182923e-09,1.0,1.4990260763705758e-15
ISIC_0026887,HAM_0005162,nv,3.4072300102855335e-14,7.440243896244397e-14,0.9872309565544128,1.437124405659419e-16,8.563596012867158e-12,0.012769091874361038,2.5966264254333356e-14
ISIC_0026899,HAM_0001652,nv,1.5220091253083719e-25,9.556672002378957e-24,3.75226628995815e-17,2.1808427038193865e-25,9.15992409983432e-19,1.0,1.780163437459592e-24
ISIC_0026905,HAM_0006180,akiec,1.0,6.6379857339982085e-12,8.674652250857673e-13,3.045244381639188e-14,1.513696369379665e-15,3.421503870699484e-14,5.145479045113575e-23
ISIC_0026911,HAM_0006303,nv,2.1748604896519852e-18,1.445405142688587e-14,3.056320201721974e-05,6.677122879692625e-19,1.0592606791703929e-08,0.999969482421875,1.0243260834603941e-18
ISIC_0026915,HAM_0002851,nv,9.865295293315405e-25,1.0151243250847819e-22,2.73151002850832e-18,6.830284601641121e-25,4.955414677064034e-19,1.0,4.202259675529614e-24
ISIC_0026928,HAM_0001346,nv,1.810528582057851e-18,2.5776262905802955e-15,3.632552808899292e-12,1.0337313338202752e-18,9.741975970497738e-14,1.0,1.3128789670121739e-19
ISIC_0026966,HAM_0006344,nv,7.413538641483364e-14,6.806881013704524e-12,1.4548404703162987e-09,2.5559102292851792e-14,2.990494241128516e-10,1.0,3.729866553960591e-14
ISIC_0026969,HAM_0005148,nv,9.862006428971694e-28,2.019991376794977e-25,1.3373286164616514e-19,2.1601825368600053e-27,9.79903679907032e-22,1.0,6.145248407273048e-27
ISIC_0026977,HAM_0002831,nv,4.686343378076095e-27,3.93423274449765e-24,5.232723358507256e-19,1.3413024745594456e-28,1.173615743811541e-19,1.0,8.229675597180299e-29
ISIC_0026980,HAM_0005876,nv,1.481710193378073e-21,3.614687511507526e-19,7.958274339005256e-13,4.3371138380009e-22,2.2055659302983212e-17,1.0,1.241605369584197e-20
ISIC_0026997,HAM_0004972,nv,2.913352858693939e-24,5.1136447841644345e-22,5.889576832985229e-18,1.2148547919850584e-25,9.142186245573886e-20,1.0,1.2104047536629968e-25
ISIC_0027017,HAM_0003183,bkl,3.642633237177506e-05,4.710522816253615e-08,6.319069711935299e-07,0.99957674741745,0.00038612543721683323,1.4512771429053828e-08,1.5143407361417616e-11
ISIC_0027043,HAM_0007390,mel,5.2368085562415345e-11,3.5659966091117212e-09,1.862275489372678e-08,4.051526475423728e-11,5.1420236559351906e-05,0.9999485015869141,4.8938344696103364e-12
ISIC_0027044,HAM_0002871,df,2.3682472649610986e-11,1.0604520039869669e-10,0.19140410423278809,7.870733398362972e-09,3.635057532758168e-10,0.8085958361625671,1.2238783597684488e-10
ISIC_0027052,HAM_0000752,nv,1.8343816998688283e-17,3.736903906974287e-13,3.729201409480298e-12,1.4252649517811238e-17,1.1548027074523293e-13,1.0,5.744685974375032e-16
ISIC_0027060,HAM_0002471,mel,1.038826624721878e-07,2.84120346805139e-07,0.00010140633094124496,2.685341549124587e-08,0.04650649428367615,0.9533915519714355,2.5333261532978213e-07
ISIC_0027078,HAM_0001660,nv,3.898531820176014e-14,4.511454144290328e-13,8.793189509859189e-10,9.99962374188812e-15,6.0995519746143145e-09,1.0,6.47602834530879e-14
ISIC_0027086,HAM_0006629,nv,2.038394613149662e-14,2.3944710689054183e-13,1.3879589699783423e-09,3.4094761722550625e-15,1.8051480310532497e-08,1.0,1.2265022253165692e-15
ISIC_0027095,HAM_0000537,nv,1.0966510111301269e-25,4.05913844009823e-22,1.934737195658201e-18,1.170671161069792e-23,7.778020141878864e-19,1.0,1.3758261272356878e-21
ISIC_0027119,HAM_0007387,nv,7.611448196989647e-19,4.1899014131526e-17,3.840013376721352e-12,8.329169162306269e-20,3.717676733410065e-15,1.0,2.818142308422224e-18
ISIC_0027136,HAM_0002266,nv,1.0734020371189175e-19,2.669386613835995e-17,4.0452797361867354e-11,3.5711581657476884e-19,2.523126920204533e-15,1.0,3.7036737303098447e-17
ISIC_0027182,HAM_0000172,nv,4.83422720003033e-16,2.6481119678794726e-14,1.7481967262700238e-10,4.4133831153517667e-16,3.591297537131055e-10,1.0,8.226654504881294e-16
ISIC_0027183,HAM_0001104,nv,1.2675367315750918e-06,0.0010500299977138638,0.012402456253767014,0.00304226391017437,0.00011445782001828775,0.9833889603614807,5.534305955734453e-07
ISIC_0027193,HAM_0002308,nv,1.3755833032272863e-23,4.077404419695314e-22,3.668578309803792e-16,1.4152915635246722e-23,3.2281964175800735e-17,1.0,2.960362105555236e-23
ISIC_0027205,HAM_0005706,nv,8.908785489777351e-16,5.5217715301406414e-14,5.2862537264219966e-11,1.1416693874897685e-16,9.013297378422658e-13,1.0,1.26940507936971e-15
ISIC_0027223,HAM_0004772,nv,5.456160248196738e-18,1.7865848879697992e-17,1.3335635764069598e-12,2.8715538775626557e-19,5.689548089387805e-14,1.0,6.251364746605456e-19
ISIC_0027232,HAM_0003708,nv,1.3660126090171698e-13,2.376824323295501e-13,4.1448134879829013e-07,2.1451439732064585e-14,3.82183382163781e-11,0.9999996423721313,7.417265925264462e-15
ISIC_0027239,HAM_0004422,bkl,3.167106797263841e-06,6.729052302034688e-07,0.9993430972099304,6.661760920678717e-08,1.6601804873062065e-06,0.0006512577529065311,2.1111384640448705e-08
ISIC_0027241,HAM_0000995,nv,8.398482198551572e-24,1.4296829107908002e-22,6.478636714448433e-17,2.1757821611123937e-25,2.505409637925933e-17,1.0,7.360488246580028e-26
ISIC_0027248,HAM_0004830,nv,1.2341275831759444e-17,1.2755898598406767e-14,1.2895889868122512e-12,2.172737944200174e-18,4.045748545206118e-12,1.0,1.5765880237032004e-19
ISIC_0027259,HAM_0004520,nv,4.27530406910126e-13,1.2138397058325534e-11,2.2142927491586306e-08,3.6874691668187243e-13,1.3379375385369485e-09,1.0,1.6968213943299726e-12
ISIC_0027279,HAM_0006009,bkl,1.7324028322995844e-10,5.990030693681092e-10,0.9954647421836853,9.037381953902468e-12,3.9336178758730966e-08,0.004535275045782328,4.011950494042793e-12
ISIC_0027280,HAM_0005618,nv,1.3012767536381952e-26,2.5354388341877e-22,1.1488505766571629e-18,1.8207995916989587e-26,3.509278852074128e-20,1.0,5.538572694034093e-26
ISIC_0027284,HAM_0006108,nv,7.913198096787255e-09,6.532741991804869e-08,2.9510863896575756e-05,1.174520036784088e-08,1.2243111086718272e-05,0.999957799911499,2.8266737217563787e-07
ISIC_0027290,HAM_0003502,nv,8.414963296294624e-17,1.4110171296893674e-15,7.676997926253648e-12,5.188975120077822e-18,3.202920242396934e-14,1.0,4.824770805093174e-18
ISIC_0027293,HAM_0004775,nv,5.448513640260444e-09,3.8771300836515366e-08,7.106252724042861e-06,1.621823009223533e-09,0.0010485013481229544,0.9989444613456726,8.699789777466549e-10
ISIC_0027294,HAM_0001520,akiec,2.9343394034042625e-12,1.0,1.0191272119514677e-17,3.0450667078965026e-20,9.212266861150454e-21,2.305167124891372e-12,1.4454355065742162e-25
ISIC_0027295,HAM_0003913,bkl,0.9807375073432922,0.005409095901995897,0.00856705941259861,0.005009269807487726,8.362782864423934e-06,0.00026853030431084335,1.321324987202388e-07
ISIC_0027299,HAM_0000475,nv,3.78216685401056e-12,2.7223978626977896e-10,4.941989928397561e-09,6.81232639743179e-11,8.457247679949376e-10,1.0,8.583344972279416e-12
ISIC_0027311,HAM_0002084,nv,6.768548567858697e-19,5.660284964532653e-16,1.751768313740243e-10,4.752160373935387e-19,5.249013029784422e-13,1.0,2.3621358571945285e-14
ISIC_0027324,HAM_0003189,nv,1.360787906510598e-14,8.783009042279133e-11,2.591661427686631e-07,0.9810303449630737,7.124312533142441e-13,0.01896946132183075,1.7534140372282847e-12
ISIC_0027325,HAM_0005951,nv,3.451077083237576e-21,6.6726889331154e-20,1.7716500467189478e-14,5.07522460750753e-22,1.019929524206085e-15,1.0,7.511060980277811e-22
ISIC_0027333,HAM_0000564,nv,9.138934149452717e-22,7.710899605049014e-19,3.4264149677276645e-14,4.394737792099015e-22,4.114994583857758e-17,1.0,1.5681187282064231e-19
ISIC_0027343,HAM_0003380,akiec,1.599502138560638e-05,9.95142412918426e-10,3.012872396013222e-09,4.185474883344753e-12,6.89603402861394e-05,0.9999150037765503,6.554908119115258e-14
ISIC_0027347,HAM_0005234,nv,4.735163912610696e-21,1.1331515778500649e-17,5.160444554314081e-13,1.1601981553396564e-21,3.023357712026627e-17,1.0,2.272016089829058e-22
ISIC_0027351,HAM_0002293,nv,1.6440856922400604e-12,5.468938191199868e-09,6.75498268432051e-11,8.499522158138262e-13,1.0629835900388684e-10,1.0,7.48260064698062e-16
ISIC_0027352,HAM_0003683,mel,3.939269548802283e-21,3.3205367466730627e-23,8.589988741408328e-21,3.848469664370976e-22,1.0,1.780057018127036e-14,1.5551022447276816e-27
ISIC_0027369,HAM_0003228,nv,2.113645828525308e-20,2.5220563168813178e-17,8.08664387622754e-15,1.2690925490275915e-19,2.175908262790294e-16,1.0,3.191947036692527e-19
ISIC_0027382,HAM_0007510,nv,6.929847903602611e-28,2.718633667178896e-23,4.722791261663206e-20,2.810704793946078e-31,1.771723059647225e-23,1.0,4.5091613470424144e-30
ISIC_0027404,HAM_0000570,nv,7.427295811799489e-14,1.1741303459003594e-12,6.672726815537544e-09,2.3981117439064725e-11,3.133795722920496e-10,1.0,1.5667132305038911e-12
ISIC_0027407,HAM_0000373,mel,1.8148277547425096e-07,1.2322857401159126e-08,6.133920038564611e-08,2.643494090293075e-09,0.999980092048645,1.9482111383695155e-05,1.275703293002195e-10
ISIC_0027412,HAM_0000184,nv,1.7034109674789185e-19,5.787202793162461e-16,1.7216489464535328e-13,1.6607753903709447e-18,1.1486624151846314e-10,1.0,3.496944490541711e-20
ISIC_0027414,HAM_0000620,nv,2.143463255530562e-33,3.5252558739804233e-29,9.974928420909853e-24,1.6088936813090924e-32,1.3581830038103739e-24,1.0,5.732760989208826e-29
ISIC_0027415,HAM_0000505,nv,2.3164402307429555e-07,1.8452013819114654e-06,9.707495337352157e-06,2.764549478229128e-08,0.98972088098526,0.010267175734043121,3.5254007713092506e-08
ISIC_0027416,HAM_0006192,nv,3.5983243701310716e-14,1.1395084095061625e-13,0.0012087379582226276,3.358164292738936e-16,2.7462780042685625e-14,0.9987912774085999,9.135235089544579e-15
ISIC_0027422,HAM_0002539,nv,1.846054955391238e-18,7.201788446188832e-18,6.704386395009476e-14,6.251575806908628e-20,8.913978225260494e-14,1.0,2.98591941668984e-20
ISIC_0027431,HAM_0000698,nv,4.5102507575594e-20,1.853388980238872e-15,1.2795618514402363e-14,2.2812390728796675e-22,4.5627487993914716e-15,1.0,1.8458117083514428e-22
ISIC_0027466,HAM_0001454,nv,3.220511359813827e-07,1.0109611814357322e-08,9.553741620038636e-07,1.1466551042005335e-09,0.9994578957557678,0.0005408002762123942,1.3720673208705847e-10
ISIC_0027467,HAM_0002531,nv,1.1612605713454908e-14,5.453614990158506e-13,3.406728787958002e-10,2.6424296050011698e-15,4.409389173232192e-11,1.0,1.0937868585034552e-14
ISIC_0027472,HAM_0004256,nv,5.324022942988945e-16,7.73743421493122e-15,1.6880088906517932e-12,2.2183758477876644e-16,5.793642041812541e-12,1.0,2.734087887256505e-16
ISIC_0027476,HAM_0001942,nv,6.002571824310292e-20,1.78866392372139e-18,2.52877485119353e-14,1.3826878085210783e-20,1.1829634189266299e-14,1.0,8.666121184829744e-20
ISIC_0027477,HAM_0000641,nv,2.1861312390883265e-18,1.0373325869074065e-13,5.155446924400009e-13,3.632437928573513e-18,2.4381489750459557e-15,1.0,6.806661948557844e-19
ISIC_0027480,HAM_0005504,mel,2.5561222583014853e-10,2.4047045604769224e-11,1.931018960021902e-05,6.36020966796047e-13,0.02291014976799488,0.9770705699920654,1.7362732345621579e-12
ISIC_0027483,HAM_0005181,nv,1.4524135860228986e-29,3.513380012164348e-26,1.768671714111394e-22,4.35110923729999e-33,4.3565766458089486e-24,1.0,1.1778451099351917e-34
ISIC_0027487,HAM_0004483,mel,1.532965768213934e-11,1.4864080452592354e-11,1.5606587203120803e-12,1.645324826902994e-12,1.0,3.4006816918008553e-08,2.704539717179877e-12
ISIC_0027500,HAM_0006082,nv,2.4234272297484044e-20,1.0643059972117665e-18,5.074986654876601e-13,3.960439394811245e-21,3.7943992307669058e-16,1.0,2.8059949511005552e-21
ISIC_0027504,HAM_0004660,bkl,1.7196328385814902e-22,8.328969637295233e-22,1.0,2.3200510156114754e-26,3.1245503824247137e-14,2.2808068367990986e-12,8.192215056055752e-29
ISIC_0027515,HAM_0003687,nv,2.4310795888434527e-24,1.5951531878231582e-20,2.9393766981771884e-15,1.930603905807625e-23,8.445625529678651e-21,1.0,5.857923941078914e-23
ISIC_0027518,HAM_0000346,nv,6.374390802122585e-20,2.506184937770467e-16,7.419309985172776e-14,3.2310110934847412e-21,9.519593521187738e-17,1.0,8.589173354581853e-20
ISIC_0027529,HAM_0004568,akiec,1.0,1.0964482987266036e-21,1.8546512489614363e-19,1.7793301715740162e-22,1.174919794047231e-18,1.1944816211402292e-21,8.096879291544812e-33
ISIC_0027546,HAM_0005617,bcc,2.607329456505436e-11,1.0,7.297940897432742e-12,1.9288426411634418e-10,6.419864639894968e-13,1.1327175863939942e-09,2.754881275562177e-15
ISIC_0027547,HAM_0000558,nv,6.042019292241122e-19,2.8380929452674923e-16,1.0404639389643977e-12,9.263092133783465e-19,2.356691773154618e-13,1.0,2.9136938183873454e-19
ISIC_0027555,HAM_0003503,nv,1.8973815845303027e-14,1.220282555558505e-13,1.784214442857035e-10,2.578885193298152e-15,1.0050472676326194e-09,1.0,7.023894930713618e-15
ISIC_0027559,HAM_0004768,bkl,6.678087579082015e-20,1.4860241543378322e-20,1.0,2.583039206079715e-23,7.781466693298643e-18,3.632542468321072e-14,8.71099558293805e-28
ISIC_0027567,HAM_0004830,nv,1.8342262153581146e-09,4.962017019494169e-09,2.420138798697735e-06,1.1420243223314586e-10,0.0009863239247351885,0.9990112781524658,1.946408659248e-11
ISIC_0027569,HAM_0005009,nv,2.4056745484557496e-09,4.845014700549655e-07,0.0003403874870855361,1.587259248481132e-06,3.338219016768562e-07,0.9996572732925415,3.0563723774079676e-10
ISIC_0027583,HAM_0001925,nv,1.6220325219187405e-24,4.50412515796705e-22,9.946048140350677e-17,1.1083898037416879e-24,3.3822284077805635e-18,1.0,2.4533279118394914e-23
ISIC_0027589,HAM_0004718,nv,8.595171706492569e-20,2.8724787771568726e-16,1.9800276869486044e-12,6.6078648726170216e-21,1.6596568750922892e-15,1.0,1.63229602070749e-20
ISIC_0027605,HAM_0005266,nv,1.312529330598228e-25,4.1015667874601265e-23,6.442894281539047e-19,1.2374919375879327e-27,6.264296536104115e-21,1.0,1.8476173958025732e-27
ISIC_0027642,HAM_0007058,nv,1.1658444392173561e-12,8.274596563495606e-10,0.0025040521286427975,9.55001811138445e-13,1.157029032583523e-06,0.9974948167800903,5.834066140342903e-14
ISIC_0027645,HAM_0006605,nv,4.1477674701979883e-13,8.645111015948004e-11,9.065935557828197e-09,7.56773455208061e-14,1.0453878473981604e-07,0.9999998807907104,6.204079947263325e-14
ISIC_0027673,HAM_0002430,mel,2.6343348054069793e-06,5.7680690588313155e-06,0.00032344184000976384,1.0257929261570098e-06,0.8866322636604309,0.11302763223648071,7.206945156212896e-06
ISIC_0027692,HAM_0003769,nv,2.4988672325242342e-20,1.1866535578314488e-18,1.538180525876079e-13,1.3351818727457489e-20,1.177080097481591e-14,1.0,1.8169828655824492e-19
ISIC_0027696,HAM_0002155,nv,6.287257044315435e-28,3.8185708830205183e-26,4.0407113763664774e-20,8.421688405223276e-29,3.448048665155094e-22,1.0,1.0183714489105867e-28
ISIC_0027707,HAM_0005284,nv,1.196062825807565e-15,3.345697200188291e-13,2.4539419107849625e-11,3.5203526834066967e-13,8.335162421380105e-12,1.0,2.2405143773531356e-15
ISIC_0027726,HAM_0003342,nv,2.6504991323280076e-20,3.0406359020206652e-18,7.668165554570658e-14,1.3619724675625585e-21,1.1689802178685297e-15,1.0,4.181639688290785e-20
ISIC_0027734,HAM_0002670,nv,3.607442788933213e-09,1.1882880244229455e-06,3.3663408771644754e-07,1.5771123074159732e-08,0.02311401441693306,0.9768843054771423,1.8131217416339496e-07
ISIC_0027752,HAM_0007241,nv,2.8843453667160013e-11,6.309826966477416e-11,1.7224840576091083e-07,7.65695146176526e-12,1.867630817287136e-05,0.999981164932251,4.5240748647312756e-11
ISIC_0027765,HAM_0005307,nv,7.333502424348065e-25,2.456371337211834e-23,7.033031028082703e-17,5.630322763989537e-26,3.931737051505093e-19,1.0,1.300964629727688e-25
ISIC_0027774,HAM_0004970,bcc,4.680456716643633e-11,0.9980311989784241,4.684585497294336e-10,9.168759085298461e-09,2.0724071347899553e-09,0.0019687374588102102,1.7361058368692284e-08
ISIC_0027778,HAM_0006682,nv,6.738575565271739e-22,1.1621344769093051e-20,1.8629217801948474e-16,3.4471000125849114e-23,6.418712442152641e-17,1.0,1.619925616435858e-22
ISIC_0027813,HAM_0007153,nv,1.4418766744808686e-12,5.1508523141174933e-11,4.367375794345207e-09,6.608371076917419e-13,3.923511115999645e-08,1.0,1.7992767649063768e-12
ISIC_0027820,HAM_0001310,bkl,3.834813358763671e-21,1.95838463339428e-21,1.0,3.3212282867944827e-26,1.27864553190617e-20,2.565323984054374e-16,1.4635466554037173e-31
ISIC_0027843,HAM_0006671,nv,1.2615603896078327e-15,1.378108917130319e-13,1.1844746294897845e-09,3.016529329452557e-15,1.4760704811211944e-11,1.0,9.283344729602624e-15
ISIC_0027856,HAM_0007118,vasc,7.416649687835196e-29,6.66787666449903e-21,1.230826760125455e-25,1.8977283210999802e-26,1.0852601369926474e-26,2.2390549316104783e-21,1.0
ISIC_0027866,HAM_0004329,nv,2.94537174326797e-14,1.0260728762956015e-13,3.952110194660463e-09,4.920745580482607e-15,8.938390305690547e-11,1.0,8.154733466725524e-15
ISIC_0027869,HAM_0001411,nv,4.4467476818810494e-21,3.8765736689236387e-19,8.128431060834204e-14,2.8752104399617627e-22,2.90450959275509e-16,1.0,4.511863820338396e-22
ISIC_0027871,HAM_0004310,nv,3.5443866037751623e-16,3.1387409371483018e-15,7.616605263160992e-11,6.117913175481408e-17,2.089146390604757e-11,1.0,1.029301665834768e-16
ISIC_0027896,HAM_0003455,akiec,1.0,1.2398636858745041e-20,3.346506792357633e-21,4.151638471241582e-24,1.6107458654872095e-20,4.1150981778897226e-20,7.307948462042342e-33
ISIC_0027903,HAM_0006156,vasc,1.588957410092462e-08,2.9402684958768077e-05,1.044159830598801e-06,9.72591749359708e-08,0.0003055723791476339,0.9944183826446533,0.005245431326329708
ISIC_0027927,HAM_0006614,nv,1.708709472892627e-18,5.424907875729382e-17,1.0086138738443773e-12,1.0277352049574548e-18,2.9822417322092343e-13,1.0,1.6030659458640521e-19
ISIC_0027941,HAM_0002290,nv,8.310832506830529e-18,3.820220500768361e-17,3.8103478705586724e-12,4.143216373355873e-19,5.951451896406279e-13,1.0,8.274607165879534e-19
ISIC_0027969,HAM_0006170,bkl,5.323697678250028e-07,7.355209163506515e-06,0.16999530792236328,1.7997051315887802e-07,0.0003173279110342264,0.8296792507171631,5.5894037842563193e-08
ISIC_0027972,HAM_0000440,nv,2.5540878439977988e-11,1.7913319438900288e-10,1.3967948007120867e-06,9.685606266671143e-13,5.925271295836865e-08,0.9999985694885254,5.903709595841966e-13
ISIC_0027980,HAM_0004144,nv,8.675685331415418e-19,1.3140075877495777e-17,5.102520036809506e-14,3.020781848334682e-20,2.691101769864649e-14,1.0,1.6108449332902598e-19
ISIC_0027981,HAM_0006648,nv,7.125074727269698e-13,9.712634342629034e-12,2.5299886630136825e-08,1.3636780506892654e-13,8.061950218518632e-09,1.0,6.022154210852046e-14
ISIC_0028008,HAM_0005018,nv,4.6584057145082625e-07,6.691028886507411e-08,5.3881449275650084e-05,2.0740407169483888e-09,7.935764006106183e-05,0.9998661279678345,8.985346355849799e-10
ISIC_0028013,HAM_0007363,nv,4.945236736614452e-19,1.9075496300799614e-17,1.9875262189088944e-13,1.0315209133530774e-19,7.38128057753331e-15,1.0,1.3280450165817782e-20
ISIC_0028021,HAM_0002239,nv,7.300099884253518e-23,1.0868909901134741e-21,3.355495785742346e-12,4.688191682258516e-24,7.194099802395151e-18,1.0,4.059058859810111e-23
ISIC_0028024,HAM_0002360,nv,3.638293724128377e-31,1.9065652965754055e-27,3.654168906768167e-21,2.522535939099764e-33,1.085505441919292e-24,1.0,5.875852393093745e-30
ISIC_0028029,HAM_0007243,mel,8.127106099209414e-08,3.4174129837083456e-07,3.012381239386741e-05,7.207372032524972e-09,0.9926379919052124,0.0073313419707119465,3.0191237954113603e-08
ISIC_0028031,HAM_0005765,nv,1.3595126957615286e-20,2.0475855692196894e-19,1.5642007133997993e-10,7.343115648999878e-22,1.0411288927563982e-16,1.0,1.6961794863765157e-21
ISIC_0028044,HAM_0000867,nv,1.7488051340271138e-16,4.326718409957851e-15,2.951460950639806e-11,3.212607040883654e-17,6.478827023481681e-12,1.0,3.0061301868451076e-17
ISIC_0028049,HAM_0004051,nv,3.643717027364162e-20,5.811661899354292e-19,1.4277056099853969e-13,3.058711310594506e-20,2.114741080817481e-14,1.0,2.1331029906136306e-19
ISIC_0028050,HAM_0003191,bcc,1.1659072882150095e-15,1.0,1.6347476147295655e-17,4.7425490522054033e-17,7.462866499845268e-18,2.089862571191814e-12,1.8707719489684577e-21
ISIC_0028058,HAM_0001005,nv,2.2883610353497476e-21,5.891098897011115e-20,9.560976506965929e-16,5.999243639083827e-23,1.911709355944368e-17,1.0,1.0048791834048412e-23
ISIC_0028066,HAM_0005689,nv,1.925402503804571e-17,2.2478683174011974e-15,4.184501356530035e-10,2.0230829802110084e-18,5.975565636924529e-13,1.0,7.08835352919474e-17
ISIC_0028091,HAM_0002025,nv,2.7537660508079984e-16,6.0651223626750905e-12,3.89421966895398e-11,2.5339782592918077e-15,8.043679611269283e-11,1.0,3.8997959321464964e-14
ISIC_0028093,HAM_0004073,nv,8.605359229829548e-16,2.3894147226674427e-14,1.6769055762033691e-12,3.600010198630168e-16,4.770594943387385e-12,1.0,6.228644919173236e-15
ISIC_0028103,HAM_0002338,mel,1.3607066762233444e-07,5.709026495992475e-08,0.00017668510554358363,1.4868695163983148e-09,0.999552309513092,0.00027076617698185146,2.7834265448056783e-10
ISIC_0028105,HAM_0005397,nv,1.1193409954891702e-14,1.122591928269523e-12,4.5461684416991943e-10,4.735394866349106e-15,1.208785738171514e-09,1.0,1.576765595599273e-15
ISIC_0028119,HAM_0007564,nv,4.312938832684385e-24,1.2904393179835862e-21,8.5084004602357565e-19,4.535085219038243e-24,2.3837370360065787e-19,1.0,5.030868599637635e-23
ISIC_0028128,HAM_0005102,nv,0.0009232989395968616,1.7927014823726495e-06,0.16599524021148682,1.588068343494342e-08,6.776888312742813e-07,0.8330789804458618,2.957782022777744e-12
ISIC_0028138,HAM_0004111,nv,3.474140463158304e-13,3.3670741975827534e-12,6.9405761138341404e-09,5.2544968904915355e-15,1.70417829153946e-11,1.0,2.535779474854144e-13
ISIC_0028144,HAM_0006125,nv,1.1038349650511524e-20,3.040552822067892e-19,6.337652977287181e-14,3.0379530757975816e-21,6.389132992843337e-16,1.0,1.3696470113195279e-21
ISIC_0028155,HAM_0000781,bcc,5.7890683820005506e-05,0.9999371767044067,7.859744499683075e-08,4.454787813301664e-06,2.9885430308240757e-07,7.657316558606908e-08,1.502689417343106e-09
ISIC_0028170,HAM_0003040,nv,3.7705554824241094e-12,1.331550538233306e-12,1.4270493675638818e-09,4.288564403771844e-14,5.8327824348225477e-08,0.9999998807907104,5.022605104038199e-15
ISIC_0028184,HAM_0007152,nv,5.946236796102099e-34,6.207929664750476e-32,3.300250749691426e-26,6.083083268846924e-37,4.070260729653973e-27,1.0,1.734874545920967e-35
ISIC_0028192,HAM_0006656,nv,6.711280725515602e-22,6.475270130714373e-19,1.0871188457360799e-14,5.071813557176136e-24,7.73086877901181e-19,1.0,8.512863716592817e-23
ISIC_0028200,HAM_0005074,bkl,1.386723624818842e-07,1.0912190262502008e-08,0.00010742009908426553,1.5805534658852594e-08,0.9979689717292786,0.001923438161611557,5.218614984592307e-10
ISIC_0028211,HAM_0001741,mel,3.6692792491521686e-05,3.108563760179095e-05,0.05667782202363014,6.958607059459609e-07,0.9368154406547546,0.00643788231536746,3.292764176876517e-07
ISIC_0028214,HAM_0006187,nv,3.083746287262593e-21,2.28259319540354e-14,1.1039294343017855e-13,9.291120114864059e-19,2.881057548022488e-14,1.0,3.531711483638441e-17
ISIC_0028222,HAM_0001968,nv,5.638370881300148e-10,3.4869419323513284e-05,0.00014263488992583007,5.644660916459543e-08,4.188993614206993e-07,0.9998220801353455,8.34439628505379e-09
ISIC_0028224,HAM_0001625,akiec,0.9103960990905762,4.3675090637407266e-06,0.001319913542829454,0.02242567203938961,0.05112919956445694,0.01472470536828041,5.077238185435817e-08
ISIC_0028228,HAM_0003608,mel,2.851009810456162e-07,2.61190211858775e-06,0.01444170717149973,7.374725896625023e-08,0.0008196363924071193,0.9847356081008911,1.3266722476146242e-07
ISIC_0028243,HAM_0002556,nv,1.1569863123117585e-11,1.4116817957654515e-11,1.4260454861414473e-07,9.556176379724168e-13,4.230036765306977e-08,0.9999997615814209,3.6470389967561967e-13
ISIC_0028248,HAM_0002245,nv,2.4166441419303164e-18,4.339228821891001e-16,1.7557303267495827e-12,1.098496628952245e-19,3.0659516266941245e-14,1.0,2.1836976737261955e-18
ISIC_0028249,HAM_0002118,nv,1.1173174885303894e-10,5.070208142221588e-10,3.905797427705693e-07,1.3137999022028168e-10,4.772259671881329e-06,0.9999948740005493,1.0543761003178886e-10
ISIC_0028255,HAM_0004699,nv,2.2706129511329554e-12,9.884078278066255e-11,8.567946679249872e-06,6.058878171313203e-14,9.630473085664448e-10,0.9999914169311523,5.999531925947321e-13
ISIC_0028274,HAM_0007597,nv,6.730810523391723e-24,5.473081881987735e-20,1.3490238470710092e-15,5.991024482521187e-26,2.3324013347744855e-20,1.0,5.540133159512234e-27
ISIC_0028287,HAM_0006934,nv,3.518627446699729e-13,1.7969214657909127e-11,1.4020590022312263e-08,1.3145719593172372e-13,3.3129957444089086e-08,1.0,1.607985663024114e-13
ISIC_0028288,HAM_0004709,mel,2.0798052169368475e-09,1.8522293032674497e-08,1.6985739204056216e-11,1.859966106371007e-14,1.0,5.947243142401248e-09,2.398428169665765e-14
ISIC_0028292,HAM_0006686,nv,3.705061897294631e-30,6.6649285360323695e-28,8.978047924207937e-22,4.1798760037732646e-32,6.58716408014686e-25,1.0,1.5541043421825906e-29
ISIC_0028309,HAM_0006770,bkl,1.7903076753294361e-13,3.2258913422456015e-12,2.4529077435886393e-08,1.9849508321734266e-13,0.0003046617785003036,0.9996953010559082,3.453527137116559e-14
ISIC_0028317,HAM_0005752,mel,5.644695193041116e-06,2.7063006200478412e-05,0.001653594197705388,3.5002028653252637e-07,0.825474739074707,0.17283853888511658,9.520732646706165e-08
ISIC_0028323,HAM_0001900,bcc,0.9977666139602661,0.0022334058303385973,5.6179998431105105e-09,2.0500001002288215e-11,1.059020648952469e-10,4.1577680187643296e-10,1.15921148006147e-13
ISIC_0028326,HAM_0002471,mel,4.3868253474244057e-10,1.0076389500568439e-08,4.7475961764575914e-05,1.6639747912883252e-10,9.852396942733321e-06,0.9999426603317261,9.179553783766892e-10
ISIC_0028333,HAM_0002259,nv,2.8681601106057154e-19,8.704396770477134e-18,1.4442498412481353e-11,1.996706562158605e-20,5.761879688648275e-13,1.0,4.404779736462634e-20
ISIC_0028340,HAM_0000908,nv,9.582280581899336e-20,4.405355079352756e-18,3.169189357558194e-13,2.3593010221125112e-20,1.9106552684401354e-14,1.0,5.906085083265103e-20
ISIC_0028343,HAM_0004343,bkl,1.2168185037353396e-07,1.701177723134606e-07,0.991101861000061,1.1212908823665657e-08,4.79754544358002e-06,0.008892986923456192,2.7978014349727687e-10
ISIC_0028353,HAM_0000326,nv,1.388610725954327e-16,4.9652406314834593e-17,1.0,2.2197543939093207e-17,3.585789163425973e-13,3.215303301384864e-10,1.3115274314394447e-19
ISIC_0028369,HAM_0002175,nv,1.310437233241494e-19,9.937585751812014e-18,1.2976721476889996e-12,1.0102622423634939e-19,8.062186646908519e-15,1.0,1.3110379473119664e-18
ISIC_0028396,HAM_0005977,nv,7.383779430606828e-17,2.501124392366655e-15,2.4582986687948782e-11,5.557136997985169e-17,4.98976641255533e-12,1.0,3.694416917510886e-17
ISIC_0028400,HAM_0006118,nv,2.2288169532203028e-07,0.09138678759336472,0.9069812893867493,2.091763873224295e-09,9.811119694447257e-10,0.0016309375641867518,7.902648349045194e-07
ISIC_0028403,HAM_0003309,nv,1.9431362714619066e-14,9.413660172555294e-13,7.628007669957526e-10,7.313927905699437e-15,1.1587230480669675e-10,1.0,8.347320806843892e-15
ISIC_0028412,HAM_0007310,mel,5.667143623571504e-20,8.162417623702538e-23,9.261845191321784e-21,1.0682581207757028e-21,1.0,1.0047572582966291e-14,2.623333274485318e-25
ISIC_0028420,HAM_0005079,nv,2.1627581503480542e-08,2.8025915526086465e-06,0.00012099356536054984,8.453262978491694e-09,4.076329059898853e-05,0.9998353719711304,5.386961543507596e-09
ISIC_0028433,HAM_0004990,nv,2.3104815350921532e-37,1.566969842886796e-35,1.4547835391159643e-26,4.6775342739162394e-42,1.7317043058446552e-31,1.0,1.908512456471828e-40
ISIC_0028436,HAM_0005127,nv,6.596086524202072e-12,2.7537652713682803e-10,2.950407065327454e-07,2.3512164437633487e-12,9.846300235949457e-05,0.9999011754989624,1.8404246497020355e-13
ISIC_0028454,HAM_0002216,nv,8.68866350395292e-12,6.218130454982429e-10,2.565110150953842e-07,1.4779689624933035e-11,1.889941758648206e-09,0.9999997615814209,1.753680867189189e-09
ISIC_0028457,HAM_0007446,bcc,7.979715377359753e-08,5.062019070578572e-08,0.10154937952756882,0.006408919580280781,0.0008464297861792147,0.8911951780319214,2.7451783068954683e-08
ISIC_0028474,HAM_0004682,nv,3.9662986117117556e-17,1.0398677056965618e-14,1.7421709908038707e-11,4.238221168634885e-18,5.3801018815805707e-14,1.0,9.138922356312875e-17
ISIC_0028478,HAM_0002154,nv,1.792774696057764e-12,7.109636213087356e-10,6.725423418174614e-08,1.3012510990603743e-12,4.265288211513507e-08,0.9999998807907104,3.200089715785226e-12
ISIC_0028511,HAM_0004889,bkl,1.7310866282094217e-11,3.0542977869085775e-11,0.9999934434890747,2.1938418963418638e-13,6.219137649310369e-09,6.594922069780296e-06,1.1381230193582923e-15
ISIC_0028512,HAM_0003350,mel,2.217011019212123e-09,2.0232517050633447e-10,1.6228435129050922e-07,1.5419200638522312e-11,0.9945114850997925,0.005488415248692036,4.3007236660841386e-11
ISIC_0028537,HAM_0000856,mel,1.545088593957189e-06,2.7287065051950776e-08,5.581453024205985e-07,2.3880847948021255e-06,0.9886360764503479,0.01135930698364973,4.007285614449074e-09
ISIC_0028541,HAM_0004096,nv,3.2385087020515567e-24,9.300938360994151e-20,9.564583543832252e-17,2.272506615372838e-25,4.4418674778257e-20,1.0,6.627144734114819e-23
ISIC_0028545,HAM_0004068,nv,5.044634957158955e-13,1.604023511236896e-11,6.235795879661055e-09,5.4580814694282775e-12,1.7851318645512038e-08,1.0,6.122711929471003e-13
ISIC_0028552,HAM_0000240,nv,3.7451968609714115e-12,1.5472359504720146e-11,0.003216380486264825,4.1227408314505054e-13,3.069427489954535e-10,0.9967836141586304,2.513249482659352e-13
ISIC_0028571,HAM_0006273,nv,9.354237562320122e-08,7.679136615479365e-07,0.7819461226463318,4.435510625455663e-09,2.332538997507072e-06,0.21805068850517273,1.528023574337567e-08
ISIC_0028573,HAM_0003675,nv,4.781105556143634e-20,1.1811328113210239e-14,1.5733552698529718e-12,1.216463699541788e-18,9.712767563970978e-15,1.0,3.523656931330919e-21
ISIC_0028639,HAM_0006340,nv,2.779667898524718e-22,4.4534215107724465e-20,1.754016528375535e-12,8.59433979523894e-23,3.0114085090518697e-18,1.0,1.2001711738297648e-16
ISIC_0028641,HAM_0004805,nv,1.6122565000419166e-22,5.0019595485210245e-21,1.2930444983781566e-16,7.1532494824421e-24,1.2144293853100148e-16,1.0,4.804612752838555e-22
ISIC_0028643,HAM_0005537,nv,1.1064078125899712e-10,1.5277072940023118e-09,5.646041500995125e-08,9.371363240973096e-09,0.0003738821833394468,0.9996260404586792,1.1084392084748096e-11
ISIC_0028650,HAM_0002358,bkl,1.502389146423866e-08,1.3720471980782634e-10,0.9999980926513672,4.85033541108848e-12,1.3470552175931516e-06,5.373619273996155e-07,4.6711410645527626e-14
ISIC_0028673,HAM_0004553,nv,5.537824837370184e-14,3.9033125689980075e-12,2.0119013399710894e-10,6.5494378956385945e-15,1.7746874803048485e-10,1.0,1.3005289609094344e-16
ISIC_0028691,HAM_0001161,nv,3.0666870206989306e-15,3.0305907116516886e-14,3.410109417067986e-10,1.6406591966347962e-15,6.627375037648875e-11,1.0,8.409801556923395e-16
ISIC_0028705,HAM_0002353,nv,1.0086227626345956e-17,3.202294083878588e-16,1.0138833132430913e-12,5.886945674854274e-19,1.7125927065375635e-10,1.0,5.716828847449961e-18
ISIC_0028715,HAM_0002053,nv,3.1267983757743423e-09,1.2304612440061646e-08,5.163805667507404e-07,8.271012208460604e-10,7.5707944233727176e-06,0.9999918937683105,1.1746702568982137e-11
ISIC_0028732,HAM_0002780,nv,2.0023779463752855e-16,1.6058609655792214e-14,1.202584147715069e-12,2.8018624344376697e-16,1.2754501231213022e-12,1.0,3.801775670127629e-15
ISIC_0028741,HAM_0003549,nv,5.2988244921673626e-21,6.231864480652402e-19,1.7081622168168067e-14,1.2450392192579292e-20,7.021427206100911e-16,1.0,2.6269149529061563e-20
ISIC_0028743,HAM_0001075,nv,1.9990502980326582e-16,3.919420923204726e-15,3.3763238732609224e-11,2.5721635104056565e-16,4.130230185639405e-11,1.0,3.611082242739762e-16
ISIC_0028797,HAM_0001838,bkl,3.0615665558286764e-09,8.315618771348454e-08,0.0006471821689046919,1.54580338858068e-05,2.217317842223565e-06,0.999334990978241,6.640417549164113e-09
ISIC_0028812,HAM_0004248,nv,1.4335272098108359e-30,7.973293270385594e-26,5.160046971004728e-22,6.761001143895696e-30,8.614117647468478e-26,1.0,2.5266329483354025e-30
ISIC_0028830,HAM_0001312,bkl,0.12672488391399384,5.390719525166787e-05,0.8207396268844604,5.200234681979055e-06,0.03333239257335663,0.019143082201480865,9.070153623724764e-07
ISIC_0028841,HAM_0007143,nv,1.2310775222439306e-22,2.9204803829489455e-20,2.2164061256083837e-15,5.526213610231996e-23,2.0680918212144582e-17,1.0,9.979234339274912e-23
ISIC_0028847,HAM_0006006,mel,4.052975327795139e-06,1.3517345465174913e-08,2.4003261387406383e-06,1.0855910614893105e-10,0.186259925365448,0.8137335777282715,8.264960764392537e-12
ISIC_0028859,HAM_0000336,nv,2.9800818879266444e-07,2.3609847232819448e-07,2.3024140318739228e-05,1.1497185425923817e-07,0.03196515515446663,0.968011200428009,1.9074660073670202e-08
ISIC_0028860,HAM_0006779,mel,7.522795719694386e-10,8.684449426255014e-07,2.4263374143629335e-05,3.371168233456956e-09,3.006291990459431e-06,0.999971866607666,1.8963552950168605e-10
ISIC_0028872,HAM_0000552,akiec,9.566902292590385e-08,7.497655133192893e-06,0.00012946741480845958,1.1326562798785744e-07,8.659373997943476e-05,0.9997761845588684,2.1097463331898325e-08
ISIC_0028874,HAM_0001702,nv,4.287080628273543e-07,1.5486012898691115e-06,6.878473504912108e-05,7.136737423252271e-08,0.4796787202358246,0.5202503800392151,8.558001951541883e-08
ISIC_0028885,HAM_0005427,vasc,0.0,2.1159606811304738e-42,5.754992663135591e-41,4.203895392974451e-45,2.382207389352189e-44,2.0868817165744944e-32,1.0
ISIC_0028890,HAM_0005435,bcc,6.890103350087884e-07,1.646045893721748e-05,4.135406925342977e-06,8.873291790223448e-08,0.9991093277931213,0.0008691967814229429,1.0317467769027644e-08
ISIC_0028895,HAM_0003567,nv,5.886208553530913e-18,5.361805969919878e-14,8.850107452440525e-11,1.7064322579011582e-15,6.964553708253113e-16,1.0,7.259986392546225e-19
ISIC_0028898,HAM_0001069,mel,9.577031050866935e-06,9.62869125942234e-06,0.0007183495908975601,5.817396981910861e-07,0.9495612978935242,0.04969958961009979,8.563701499042509e-07
ISIC_0028961,HAM_0005561,nv,3.437764517499886e-09,9.496736197434075e-07,2.1315034246072173e-05,2.5946094162065947e-09,4.173428533249535e-05,0.9999359846115112,2.260280407284654e-09
ISIC_0028965,HAM_0004281,mel,8.006720828880598e-13,1.0948823445100508e-11,1.5618916750226308e-12,1.3576045872882268e-14,1.0,2.9715744531699784e-08,1.6597171553778267e-11
ISIC_0028980,HAM_0003741,bcc,0.005937076639384031,0.9866675734519958,0.0010100622894242406,1.4100710359343793e-06,3.6150627238384914e-06,0.006379779428243637,4.670947362228617e-07
ISIC_0028990,HAM_0006180,akiec,0.9756081700325012,1.5430192945586896e-07,0.024257568642497063,0.0001337729481747374,4.2783337761420626e-08,3.120607345863391e-07,1.415674977418846e-12
ISIC_0028992,HAM_0003920,bkl,1.3076393770461436e-05,1.1295455237814167e-07,2.974798553623259e-05,3.6660288138534725e-09,0.9999383687973022,1.8656335669220425e-05,7.34449723260866e-11
ISIC_0029028,HAM_0003182,mel,2.3528784476312126e-10,9.32813826182155e-09,5.711576136491203e-07,7.799386830820154e-11,2.98979375656927e-06,0.9999964237213135,8.531351319840397e-11
ISIC_0029030,HAM_0001393,nv,4.2194584414997904e-13,2.469961388196218e-11,9.340856976791656e-09,1.1037977037378285e-13,2.9774093945889035e-06,0.9999970197677612,9.477976807255664e-15
ISIC_0029034,HAM_0005921,bcc,1.1007227247727958e-11,0.99955815076828,1.813292083759771e-13,2.330522276897118e-12,0.0004418679163791239,1.7935918028566533e-10,1.0160898815045338e-14
ISIC_0029049,HAM_0003246,nv,2.0673521922143223e-11,8.989341493403913e-10,1.397404645331335e-07,1.2026738979709073e-11,1.343216240456968e-07,0.9999997615814209,1.4589769670170227e-10
ISIC_0029052,HAM_0002463,df,0.0,0.0,8.127531093083939e-44,1.0,1.401298464324817e-45,2.802596928649634e-45,0.0
ISIC_0029061,HAM_0003881,bkl,1.65775630256524e-14,1.7330269748625751e-15,1.0,9.089824885618667e-18,2.125840302402704e-12,2.159443179827747e-10,4.322482374096997e-21
ISIC_0029079,HAM_0002888,nv,3.4446168140078726e-11,1.3409827692711929e-09,7.80460052141052e-09,1.3326455824275163e-12,9.375801823807706e-08,0.9999998807907104,1.077137782180132e-13
ISIC_0029082,HAM_0005665,bcc,1.068048024042461e-25,1.0,1.6522631570839827e-26,1.9563390541322735e-28,5.4970742590215e-30,1.8399285730469218e-21,1.263760311447213e-32
ISIC_0029087,HAM_0000911,nv,9.682091498162555e-17,6.986456497961452e-15,1.0080720112826125e-11,7.196487872823592e-18,9.415209063778907e-12,1.0,3.7799649290778554e-17
ISIC_0029106,HAM_0006337,nv,7.755244406136222e-17,1.357479565225212e-15,1.1384018727689238e-11,3.9449149175424635e-18,6.971316427774321e-13,1.0,1.0779285245271726e-18
ISIC_0029116,HAM_0007062,nv,3.8807523868549096e-16,5.606820244901962e-15,1.6058213092584595e-10,5.266635402021282e-16,3.0120092617963445e-12,1.0,1.094553775368789e-16
ISIC_0029159,HAM_0005507,nv,2.390203479747926e-14,1.8083588283496904e-13,1.8469438201051958e-09,2.321958501055768e-15,9.08027403268008e-11,1.0,3.2614467885687696e-15
ISIC_0029167,HAM_0000213,nv,3.2987756033461605e-20,2.0771119362811346e-18,8.215435574670735e-14,3.616021663362694e-21,2.237679781595149e-14,1.0,5.563871255005252e-21
ISIC_0029172,HAM_0000396,mel,3.435068149548477e-20,1.9650386482099408e-27,8.982402739327344e-21,1.2710331714028833e-30,1.0,2.384256505431262e-18,3.0730613613986086e-35
ISIC_0029180,HAM_0005595,nv,5.936836024567842e-25,1.6964420240189387e-24,4.478264432904405e-18,7.944447153901748e-27,2.150152120078886e-20,1.0,1.687023919982838e-27
ISIC_0029181,HAM_0003126,nv,5.095977944424866e-24,1.428518428906175e-19,1.4329617846628685e-18,9.001760814806173e-26,3.1799531763044495e-18,1.0,4.912337436576656e-25
ISIC_0029189,HAM_0006393,nv,2.056190206931403e-24,1.0616160381714867e-21,1.1842219404796604e-16,1.9793888785665745e-24,5.283694744840657e-18,1.0,7.798898729839328e-21
ISIC_0029198,HAM_0006749,nv,1.876815899856676e-17,1.075100274071665e-16,1.9414934070149936e-12,1.0976636063766158e-18,2.1303946020484466e-12,1.0,4.518797110100116e-18
ISIC_0029201,HAM_0000009,bcc,3.687055771806058e-09,0.007428922690451145,3.172770220771781e-06,0.00010158719669561833,2.2239885311137186e-06,0.0029200080316513777,0.9895440340042114
ISIC_0029209,HAM_0000319,mel,1.8866234963166306e-11,1.2177275854341474e-09,3.96918551359704e-08,3.921396193873328e-11,0.00016770629736129194,0.999832272529602,3.8161653199454693e-13
ISIC_0029215,HAM_0001507,nv,8.881194053265032e-17,4.8175507094856684e-15,1.375454654686803e-12,4.0451307769726313e-16,1.0150957158172602e-10,1.0,9.441332309072871e-17
ISIC_0029251,HAM_0001997,bkl,9.434133162178338e-12,7.69562080726871e-10,6.864060964062446e-08,1.0082777668340981e-10,4.4464039206104644e-07,0.9997057318687439,0.0002937547105830163
ISIC_0029268,HAM_0005459,akiec,2.273440941280569e-06,6.773942118343257e-07,3.8868849514983594e-05,8.814241780896737e-09,3.3647331292741e-05,0.9999245405197144,2.6479491932462906e-09
ISIC_0029269,HAM_0002470,nv,2.9226160380702026e-10,5.15326048500242e-09,3.087040749960579e-05,5.064557107026246e-10,2.3288241663976805e-06,0.9999667406082153,2.284730182822159e-10
ISIC_0029271,HAM_0005783,mel,5.445815354221395e-09,2.285573863503032e-08,0.9933249354362488,2.0480894757923807e-10,3.749204779524007e-06,0.006671239621937275,7.869265655768842e-11
ISIC_0029277,HAM_0007385,nv,5.551283877025526e-09,0.002261271234601736,1.3662925084645394e-06,3.666856818185238e-10,1.419774520172723e-09,0.9977372884750366,2.154334002857361e-11
ISIC_0029284,HAM_0007048,nv,5.881331703434454e-20,7.559712805962977e-18,1.9956342134364036e-11,9.887360301445378e-20,1.5929256078043457e-15,1.0,3.60085824073777e-18
ISIC_0029296,HAM_0007476,nv,2.625589903913067e-13,7.048258678088448e-12,3.9880152513660505e-09,7.156718929502218e-14,7.47724300254049e-07,0.9999992847442627,1.6866574055387357e-14
ISIC_0029307,HAM_0001127,nv,4.199254138859132e-11,1.2529961790352928e-10,3.880822418977914e-08,1.3694617488624328e-11,1.20740821785148e-06,0.9999988079071045,4.931119314960375e-12
ISIC_0029340,HAM_0005157,bkl,2.259694892504505e-18,6.502498848528087e-19,1.0,2.4623381233267448e-23,2.4708019313808477e-19,6.803360500830247e-13,1.108258754223808e-24
ISIC_0029380,HAM_0005171,nv,5.665704122510509e-17,9.752526655240385e-16,2.805528864779916e-10,3.2915151082375376e-17,8.022404355406687e-13,1.0,2.4444057956690864e-16
ISIC_0029415,HAM_0004504,nv,2.2008316344406775e-19,1.8634600762502725e-18,7.479130704514392e-13,3.8236556293408683e-20,1.0654781703732692e-14,1.0,1.5171560014200604e-19
ISIC_0029421,HAM_0003203,nv,6.728424745360256e-16,4.802800138929003e-14,3.988740449045736e-09,1.6652376575443926e-15,1.953436544466225e-11,1.0,1.5251306619522287e-13
ISIC_0029422,HAM_0005866,nv,9.094771602491392e-10,4.3445001551845053e-07,1.9826578864012845e-05,1.7974379762364379e-09,0.0001319855364272371,0.9998476505279541,5.29348176403488e-10
ISIC_0029426,HAM_0002250,nv,1.1127581210043492e-23,6.951503083273469e-21,7.989013588177588e-16,1.6223410158364884e-25,4.1060524409035724e-19,1.0,2.1137604992594787e-26
ISIC_0029447,HAM_0006263,nv,2.4632802504395194e-21,2.6008419615045434e-19,1.288182207388397e-13,5.180462943667337e-21,1.1151636619273725e-15,1.0,4.5036830727427e-20
ISIC_0029450,HAM_0004239,nv,4.648088665846543e-17,2.5760042224863035e-15,1.2326523135541834e-10,1.044354830970906e-16,7.660494959725594e-13,1.0,1.7831543052717458e-16
ISIC_0029451,HAM_0006981,nv,7.469344560180266e-14,2.7607287116093726e-12,1.787389458662858e-09,9.88646488351945e-14,2.201495590270497e-07,0.9999997615814209,3.1689184696453987e-12
ISIC_0029480,HAM_0004898,mel,5.7171504863617884e-08,6.670497327831981e-07,0.00032774024293757975,1.5320583912625807e-08,0.07547025382518768,0.924201250076294,7.64541780995387e-08
ISIC_0029484,HAM_0005296,nv,3.5385792400096684e-15,2.3322217028161167e-14,2.3185402486802786e-09,1.1360179307261286e-15,5.901064793062405e-12,1.0,2.873762349709318e-15
ISIC_0029496,HAM_0001448,nv,8.491993332785767e-19,1.0763435596195566e-16,2.447731416426596e-13,1.4698667320352573e-19,2.7602367684261345e-14,1.0,4.279775943799679e-20
ISIC_0029500,HAM_0006887,akiec,1.0,1.0860925006572764e-11,2.293653489360281e-09,2.326284933592106e-15,1.521601204410028e-12,1.5255853221332605e-12,5.423102078413633e-19
ISIC_0029511,HAM_0006627,nv,2.977055033398437e-23,3.0322799415769176e-21,2.4484948472219565e-15,2.0560099522145598e-24,1.0685170082741514e-17,1.0,1.0184012848395062e-23
ISIC_0029517,HAM_0004031,nv,8.665098553840364e-27,1.7015167662222255e-24,5.092106893673881e-18,1.5644437753299375e-27,6.23794671384711e-21,1.0,1.5358426949129165e-26
ISIC_0029550,HAM_0002394,nv,3.978134037164557e-24,2.4727121491013804e-22,3.7190325717695455e-18,1.9191315657579445e-26,3.3158490247795613e-18,1.0,2.1147120627264015e-26
ISIC_0029554,HAM_0003958,nv,4.678449849748745e-10,5.171448158591829e-09,1.1869515503803996e-07,8.172522554528161e-12,4.930740260533639e-07,0.9999994039535522,1.2492992751411691e-12
ISIC_0029557,HAM_0006170,bkl,2.0619355561076608e-13,1.918528391708918e-10,5.407009240343541e-08,2.3516534856590776e-13,2.003103993786226e-08,0.9999998807907104,3.6753193262233086e-14
ISIC_0029558,HAM_0003683,mel,3.429568851132103e-10,4.528908931905606e-12,2.709038504633554e-08,7.75657142682018e-12,0.9999872446060181,1.2697608326561749e-05,5.52096379952214e-14
ISIC_0029567,HAM_0000954,akiec,1.0,9.519044352670342e-14,2.303352170454631e-12,6.289019124782697e-17,1.6103845687509555e-11,7.693188308621757e-10,3.03458104252656e-22
ISIC_0029580,HAM_0001958,bkl,1.6997033392297106e-13,1.0906304505342579e-11,1.0,4.035139229266379e-18,6.927381879121095e-15,2.431843615369189e-10,3.418663800908358e-19
ISIC_0029593,HAM_0004229,nv,5.5395696670080126e-17,1.2602527189680378e-14,8.51453976769001e-11,7.192841660683458e-17,2.0661335056043617e-12,1.0,4.353967062824328e-17
ISIC_0029599,HAM_0000499,nv,7.248315701283714e-17,1.2360746505326085e-15,2.5970270378650184e-10,1.2045237320385698e-16,1.6758568274419239e-12,1.0,1.7141887503574027e-16
ISIC_0029608,HAM_0000502,vasc,1.9898438193412402e-43,4.0674328679373724e-36,4.8122190838659043e-32,0.0,1.1210387714598537e-44,5.856639790162959e-34,1.0
ISIC_0029609,HAM_0000211,nv,1.1530554426723254e-20,2.264295092045096e-17,2.0467084109335523e-14,2.893578853841587e-19,1.0116106865761584e-14,1.0,3.46929578469667e-19
ISIC_0029616,HAM_0002842,nv,7.893336874086999e-19,3.828421103186763e-16,5.888556108652951e-14,4.951888546733424e-16,9.039604459935846e-13,1.0,2.424947463637185e-17
ISIC_0029633,HAM_0002302,nv,1.393840284077269e-13,2.6276470149050324e-12,7.651401290331705e-08,3.8831711826094184e-13,3.7287356535742333e-10,0.9999998807907104,3.703466908686927e-14
ISIC_0029640,HAM_0005284,nv,2.120781770396208e-16,1.067606560881812e-13,1.1657273236986843e-11,6.9323522684555834e-15,4.799527095200595e-12,1.0,1.889495850728175e-16
ISIC_0029642,HAM_0006964,mel,3.7273611042110133e-07,5.634927546793733e-08,1.4954593098082114e-05,4.388123642229402e-09,0.9996583461761475,0.0003262807731516659,4.4082404393464e-09
ISIC_0029645,HAM_0000225,nv,2.906853369122331e-10,5.259358282216908e-09,2.2515246200782713e-06,8.367299908496051e-11,0.00014028290752321482,0.9998574256896973,4.0198153833381767e-11
ISIC_0029652,HAM_0006832,mel,2.1483279565026603e-12,1.7968073860383238e-12,4.8237386307548036e-11,3.285912191755731e-14,0.9999998807907104,8.38566478478242e-08,1.0408800964157791e-13
ISIC_0029654,HAM_0000312,nv,2.9997885279313755e-14,9.119970056925553e-11,8.878465185269135e-10,7.939776765740481e-13,3.8386840928161803e-10,1.0,6.089937581998939e-13
ISIC_0029657,HAM_0006694,nv,7.871878990088567e-16,7.968807193704363e-15,2.017335631876449e-09,2.556307583028648e-16,2.2652426809322e-12,1.0,4.229633081730339e-16
ISIC_0029669,HAM_0001616,bcc,1.2740936313122988e-19,1.0,2.1104796008603053e-20,3.482460428768937e-20,1.1498439583727344e-21,1.360274265731383e-14,2.643565584551974e-25
ISIC_0029708,HAM_0000899,nv,5.613665859302553e-16,8.490103964916423e-14,5.557323698446304e-11,3.425483295013156e-16,1.5225242941396822e-12,1.0,5.371639853030911e-15
ISIC_0029722,HAM_0003338,nv,4.624942297936397e-22,8.372592913291035e-19,3.4173671311916835e-15,8.500768749732674e-21,1.3880553370387242e-15,1.0,3.8020960027410155e-22
ISIC_0029750,HAM_0002395,nv,1.5093076269821445e-16,1.66411125195531e-14,2.7511375122468706e-11,1.5750746399038676e-17,7.205661761711113e-11,1.0,2.58074246523624e-17
ISIC_0029762,HAM_0007587,nv,1.1702717369383248e-19,3.6988549482923864e-19,1.7757283409533878e-16,1.620345795308415e-22,1.5925984625042924e-14,1.0,2.4350321764090626e-25
ISIC_0029764,HAM_0004696,bkl,1.5612137604949543e-18,1.0800942281274436e-17,1.0,2.0497404312609397e-21,8.787383222062708e-15,2.1035196154373104e-12,2.8181500632404665e-20
ISIC_0029786,HAM_0007058,nv,1.1474548268569565e-23,1.3973125233097292e-19,1.0543075337461974e-13,1.3384991492880729e-24,1.0458193320472639e-21,1.0,1.9608852433606455e-17
ISIC_0029803,HAM_0003940,nv,2.8835934291412957e-13,1.0886143549104776e-11,1.7003356500566724e-09,7.67725320165516e-14,5.98566458620553e-08,0.9999998807907104,5.439669643002819e-14
ISIC_0029804,HAM_0005851,nv,8.67897910409849e-30,3.5212809471682025e-27,1.0449464101239825e-20,1.1313948809150308e-30,1.6038770301800418e-22,1.0,5.374535251028505e-28
ISIC_0029824,HAM_0005362,df,3.235642697454276e-17,7.599174904650891e-19,3.558638727206104e-16,0.9999998807907104,1.0141739181790399e-07,1.5405579440711144e-14,1.2438552071967746e-23
ISIC_0029851,HAM_0000769,akiec,0.9999555349349976,7.506537613721775e-09,7.646532296234909e-10,3.9675568386243754e-11,4.429939508554526e-05,8.891078095984994e-08,5.409671801769218e-14
ISIC_0029853,HAM_0001485,nv,3.161968683861583e-24,1.0625109472259184e-22,1.1281710175027647e-15,1.2937151212682234e-24,6.5370975388044956e-18,1.0,1.3250529441610992e-22
ISIC_0029860,HAM_0001967,akiec,1.0,3.3883817506390733e-22,6.429941498495325e-23,7.266380568742462e-28,1.041900927402399e-21,1.2917494581749772e-21,1.7717198940331072e-34
ISIC_0029870,HAM_0002151,nv,3.0198184854416874e-14,1.3760525921849287e-13,1.617715952306753e-06,1.322697766608814e-14,8.538041107453154e-11,0.9999983310699463,1.8151704640236022e-13
ISIC_0029879,HAM_0001329,nv,4.834121227759169e-06,8.171236913767643e-07,2.782073170237709e-05,1.1345922246164264e-07,0.974125862121582,0.025840410962700844,4.565663047628732e-08
ISIC_0029880,HAM_0002366,bkl,1.1570636289709641e-15,3.781363856929805e-17,1.0,4.847036852821877e-18,1.2562251408313146e-15,2.313961001976228e-11,1.4704381005810298e-20
ISIC_0029900,HAM_0005551,akiec,0.9902104139328003,0.009788775816559792,4.478427229059889e-07,1.4693343430849382e-08,5.00913033274486e-10,3.2654318715685804e-07,3.269700829533484e-11
ISIC_0029905,HAM_0006420,nv,7.659814656743678e-15,5.345640854341298e-14,1.281225792126861e-09,5.525182362412645e-15,1.8254035435982807e-11,1.0,7.775625474685038e-17
ISIC_0029925,HAM_0004061,nv,1.953941062118263e-17,7.089953230324968e-16,1.1377045139315811e-12,1.195742779702401e-16,2.938062391034252e-13,1.0,1.8409091144313823e-16
ISIC_0029928,HAM_0001179,nv,1.6003156349507987e-20,1.0139884971525892e-18,3.843367139301501e-13,9.124691537177103e-21,1.3272076664815275e-15,1.0,3.9769300642719276e-19
ISIC_0029930,HAM_0005889,akiec,0.9999998807907104,5.916142575834726e-12,1.2004556992906146e-07,2.136198458250506e-14,2.0076668192509084e-12,1.5430841326935507e-10,5.8159891913312866e-18
ISIC_0029935,HAM_0002593,nv,2.945287870985742e-25,9.369872232823082e-22,1.9314420803290655e-17,1.1587715887449856e-25,6.457629728669855e-20,1.0,3.1618239278854748e-24
ISIC_0029941,HAM_0001089,nv,5.108244684169398e-22,4.197990399438059e-20,8.048850113154e-15,2.068961273341252e-23,1.3195631808976676e-17,1.0,1.5347572901000664e-21
ISIC_0029951,HAM_0005973,bcc,4.136660450013507e-20,1.0,1.934585823221691e-22,1.1636504883399422e-22,2.112514126146323e-23,1.5467569388137272e-16,2.024023334244711e-27
ISIC_0030000,HAM_0004735,nv,7.828273866312813e-17,7.833779130483713e-15,8.156752183408056e-12,1.9902066867650884e-18,5.038518972703965e-13,1.0,7.401199564793981e-19
ISIC_0030021,HAM_0001164,df,2.5151367100129107e-10,2.553613709377345e-10,3.6906406819525728e-09,0.9999955892562866,1.3509107077425142e-07,4.302216893847799e-06,7.856594541610917e-11
ISIC_0030025,HAM_0003391,nv,1.5132395803930785e-16,2.2711835345490825e-15,2.0400497697387054e-12,7.237567647276445e-17,3.0529200695239567e-11,1.0,1.018684091297323e-17
ISIC_0030039,HAM_0001737,nv,5.264475362309895e-07,6.562475505234033e-07,3.291632674518041e-05,1.3927125053214695e-07,0.039555516093969345,0.9604102373123169,3.023472316954212e-08
ISIC_0030060,HAM_0004126,mel,4.183634775417611e-12,5.7654215603053505e-12,3.3863453707816404e-11,5.016709500615425e-14,0.9999998807907104,6.053784318282851e-08,8.790169113426227e-14
ISIC_0030069,HAM_0004833,nv,2.367549786861517e-13,5.462719165905128e-11,2.9949482893698587e-09,1.430758079558076e-14,1.5598821789808426e-08,1.0,9.812055410795412e-14
ISIC_0030071,HAM_0002883,nv,2.618255268592872e-32,2.7738109727539945e-29,5.40903630997808e-25,3.067817462732491e-33,1.4446646415583955e-24,1.0,8.296736841071617e-33
ISIC_0030090,HAM_0005756,nv,9.180760399954066e-14,1.6863007518130857e-11,3.5563627043266877e-10,7.004288642142864e-13,6.698334686916496e-08,0.9999998807907104,3.463935139159241e-14
ISIC_0030094,HAM_0003101,bcc,1.8874825747500212e-12,1.0,1.619012824851338e-20,4.234564384092547e-20,4.552826971533726e-20,4.755121204899474e-17,3.3617547289708605e-23
ISIC_0030138,HAM_0006111,bcc,1.0781484732769187e-10,0.9999862909317017,2.5683405055487718e-11,6.7359607475170336e-12,2.76420076064654e-12,1.368224184261635e-05,2.507005562348008e-13
ISIC_0030144,HAM_0004996,nv,8.111483964438719e-15,7.719694217200868e-09,6.756222803439016e-10,3.909708928134803e-14,4.3155454210186406e-10,1.0,5.6367049916516976e-11
ISIC_0030145,HAM_0001326,bcc,3.217794433685306e-11,1.9520252863003407e-06,1.0654028983481112e-06,1.3285840338994603e-07,1.33752777742302e-07,0.9999967813491821,4.1023628938319234e-10
ISIC_0030149,HAM_0003693,nv,8.608434151165394e-26,6.56604714146109e-23,8.257867305028146e-18,1.9518833140946116e-26,1.770280086638992e-20,1.0,3.217266403507185e-25
ISIC_0030170,HAM_0006845,nv,2.899000077537586e-14,1.3975946051500432e-12,1.9205468326788377e-09,1.090270994145992e-14,7.280681058041694e-10,1.0,2.858359097915146e-14
ISIC_0030181,HAM_0005985,bcc,1.286071693584745e-08,1.0,1.9524420274974474e-11,7.958274339005256e-13,1.3438369984668502e-14,8.728497091770038e-12,8.591972668191582e-17
ISIC_0030192,HAM_0006453,mel,1.6787114753835652e-10,7.975631960421836e-11,9.25953571595528e-08,2.5703151412814762e-11,3.629298532814573e-07,0.9999995231628418,7.580061578416064e-12
ISIC_0030196,HAM_0006361,nv,3.629650110189359e-20,4.889061350252327e-18,7.37596832570131e-13,1.8471660398996556e-20,4.376267719789859e-15,1.0,4.297367063974264e-18
ISIC_0030203,HAM_0001896,bkl,3.599976480472833e-05,1.8987744851983734e-06,0.08784271776676178,1.0413180007162737e-06,0.9121140241622925,4.326500402385136e-06,3.2013076634029858e-09
ISIC_0030210,HAM_0004534,nv,3.6372891877697716e-19,2.4134855527612827e-17,2.3550280649209387e-14,3.1882670502994624e-22,4.3595511937035507e-17,1.0,1.3078576223617994e-23
ISIC_0030212,HAM_0000605,nv,1.0211592615972523e-38,2.698168569555417e-29,2.1759598421705334e-22,1.9252287140085743e-37,4.282077490129095e-28,1.0,4.5949159492101485e-33
ISIC_0030217,HAM_0002137,nv,7.474580039063509e-17,1.398189874494385e-15,6.165579657067821e-13,7.824746437308642e-18,1.7696568169189852e-11,1.0,1.01281436803981e-16
ISIC_0030232,HAM_0005092,nv,1.2236614885697151e-14,1.2940332399374865e-13,7.993049777610395e-09,4.801057707453206e-15,1.9778914506218825e-08,1.0,4.126617464080863e-14
ISIC_0030247,HAM_0003767,nv,1.992135184991639e-05,4.6648724492115434e-06,0.3898899555206299,2.826316176651744e-06,0.11102301627397537,0.49905920028686523,3.9140974195106537e-07
ISIC_0030251,HAM_0001989,nv,4.6552977367908446e-15,7.523135218089061e-14,6.227338783526548e-11,4.793972488607661e-16,5.6767871653429225e-11,1.0,2.169933027682566e-15
ISIC_0030253,HAM_0005670,nv,3.605205157574797e-16,9.171450491424205e-14,2.0505926123792761e-10,1.3908213495977627e-16,1.7062460385547373e-12,1.0,2.935606918488429e-18
ISIC_0030263,HAM_0003672,nv,4.4586036680631205e-21,2.7415433984663433e-17,5.116166279690859e-13,9.573036838554055e-20,1.300236972770648e-15,1.0,7.803852850477041e-25
ISIC_0030265,HAM_0003374,nv,1.6596551810263947e-17,4.345293842491138e-15,1.652134679064332e-10,2.4210747694453342e-17,9.294045296825287e-15,1.0,7.033544541806976e-16
ISIC_0030284,HAM_0003192,nv,3.024351977831868e-23,1.3459882927462866e-19,1.173166148814742e-15,7.800679712706053e-22,1.7090640951473958e-15,1.0,1.9387211267501683e-24
ISIC_0030285,HAM_0005178,nv,2.6462728052410994e-15,5.692777412663608e-12,4.321787025474144e-11,4.818377413642189e-15,4.4293475137680005e-12,1.0,1.3543819657371031e-14
ISIC_0030289,HAM_0002836,nv,5.63593554662595e-17,2.7190079479382998e-15,4.857660801382835e-11,1.4592365977941866e-17,2.6987312666711116e-13,1.0,1.4167388372480702e-16
ISIC_0030307,HAM_0003798,nv,2.0744116051714552e-18,2.0932177432347876e-12,6.158971038250707e-14,4.200141081955394e-18,3.36830063013961e-16,1.0,3.1757377480975935e-16
ISIC_0030308,HAM_0006250,nv,1.0659639837484747e-11,8.157786252072086e-11,0.0018157536396756768,4.159765847749908e-12,1.4837254092014973e-08,0.9981842637062073,1.4973695894315853e-11
ISIC_0030325,HAM_0004493,nv,8.911706426018405e-24,4.786831196946149e-22,6.8937079221756004e-18,1.1658263718203771e-24,3.4435243026962844e-16,1.0,4.545839069505829e-25
ISIC_0030326,HAM_0000262,nv,6.069463594001983e-19,2.977122286251853e-16,1.3201852944177972e-09,3.2462008307929027e-17,3.570012991824245e-12,1.0,1.180499644266784e-18
ISIC_0030334,HAM_0001497,nv,4.650856411103632e-08,1.4709686979585967e-07,6.444399332394823e-05,1.4508334977847426e-08,0.017821384593844414,0.9821140170097351,8.437944565287125e-09
ISIC_0030343,HAM_0006570,nv,6.096712205509429e-17,2.2780296783452654e-15,1.5841776675185049e-12,3.9854693495882846e-17,4.256492077206464e-13,1.0,5.22146578192217e-16
ISIC_0030367,HAM_0003320,nv,2.1255793225001276e-21,1.2546439950165869e-16,4.74183019916587e-15,1.2245081602458369e-19,3.4568848180711225e-15,1.0,2.1518153973254874e-22
ISIC_0030377,HAM_0001983,bkl,1.8183026639917443e-08,4.052920221653267e-09,1.1167375305376481e-05,2.9517371880061205e-10,0.9997954964637756,0.00019334758690092713,1.3657019959367744e-10
ISIC_0030381,HAM_0005702,nv,1.3906262180466906e-22,1.3583781658526239e-19,3.4643700482260087e-15,2.7987363200563673e-21,5.076922587323429e-17,1.0,1.9877181138922226e-18
ISIC_0030385,HAM_0000997,nv,2.4599308452491337e-26,4.9209805787587586e-26,7.930399735408203e-19,7.817773762629567e-31,4.534254942935498e-24,1.0,3.490304759388102e-29
ISIC_0030389,HAM_0005645,nv,1.1690994410645782e-17,6.079711989560239e-17,5.904729016934646e-14,7.739308089211382e-19,5.576685489262767e-13,1.0,3.433157297709994e-19
ISIC_0030392,HAM_0003395,nv,1.452158705783635e-14,7.245454778682936e-13,6.133611674119521e-11,5.907497035902978e-15,3.0061279854276535e-11,1.0,1.5444453170792433e-13
ISIC_0030397,HAM_0005614,nv,1.1212834046675502e-12,1.2409890004505542e-08,1.0426340850244742e-05,1.3751201783165912e-12,6.151655185249183e-09,0.9999895095825195,8.653936942049079e-13
ISIC_0030404,HAM_0002084,nv,1.4958087342169936e-17,5.286830001560716e-14,3.3067296123512335e-10,1.0833912873310187e-17,3.3662393619099396e-12,1.0,1.787480076063594e-15
ISIC_0030415,HAM_0005317,nv,8.02540711562663e-20,5.1806487200318634e-18,2.878526952389271e-13,1.886769411988906e-20,5.93320152123683e-14,1.0,5.246729885034995e-21
ISIC_0030416,HAM_0003026,nv,7.227281273447517e-12,3.246474422624601e-09,3.714741225735452e-08,6.7818957914800304e-12,5.999125640698821e-09,1.0,1.612623608867464e-13
ISIC_0030462,HAM_0004766,nv,2.2798056775741316e-09,9.176570614499724e-08,8.927520411816658e-07,3.0457174560183375e-09,0.0003078542649745941,0.9996911287307739,2.1983792564128635e-10
ISIC_0030469,HAM_0005810,nv,2.771199270057423e-08,1.9540851781130186e-07,0.0006324555724859238,7.260078405124659e-07,2.218068766524084e-05,0.9993411898612976,3.129068545604241e-06
ISIC_0030483,HAM_0006569,nv,2.203453848681259e-18,8.346993534488897e-17,1.200837606435412e-12,4.245128126749703e-19,2.6773743727566196e-15,1.0,6.940491189670068e-18
ISIC_0030484,HAM_0007274,nv,1.418419866776125e-17,2.4720810725613156e-14,2.1531507132799277e-10,8.976697183504077e-18,4.315923567968158e-14,1.0,3.2135506885264546e-17
ISIC_0030518,HAM_0005872,nv,1.1161899482220895e-14,8.254297852866577e-13,8.956684699468198e-11,1.8901673625668905e-15,2.2550400782805902e-11,1.0,3.366347954498393e-16
ISIC_0030520,HAM_0003221,nv,4.1702724172167167e-17,6.467143986131629e-13,3.975475157402819e-11,6.089254742153345e-16,5.081255728678347e-12,1.0,5.761126354485646e-15
ISIC_0030523,HAM_0006362,nv,1.3811702229027276e-19,9.74611990978559e-18,8.740211110197169e-15,4.5851232045750935e-20,2.905110912032258e-14,1.0,3.233788675508815e-19
ISIC_0030565,HAM_0004852,bkl,3.469444287418355e-09,3.450652984919936e-14,8.145120773406234e-06,1.0053504989970623e-15,0.9999918937683105,4.043708035084137e-09,5.76931800680982e-18
ISIC_0030572,HAM_0000809,nv,6.10718836768283e-24,5.990258828917721e-22,2.8068048716848985e-16,1.5751592943990263e-24,5.872280486376745e-18,1.0,1.1012209316578788e-24
ISIC_0030577,HAM_0000281,nv,4.646284882715585e-15,6.096186923321145e-14,2.3398334381141694e-09,2.4006512499874814e-15,1.4435841411142292e-10,1.0,1.4501982268513912e-15
ISIC_0030578,HAM_0002789,nv,6.558565332200484e-22,2.0451969559539718e-19,2.092289456110969e-14,4.216952998750261e-24,6.712750065663167e-19,1.0,1.1517914516327506e-24
ISIC_0030591,HAM_0000005,akiec,0.9970952272415161,2.3973097285079348e-08,1.105536625800596e-06,1.6707437211493925e-08,0.002856695558875799,4.696747419075109e-05,2.2629457335776593e-11
ISIC_0030594,HAM_0002736,bcc,1.6361221298886214e-22,1.0,1.2496481283681746e-23,1.1857664089216486e-26,1.6159467050132493e-27,5.668154173323754e-22,2.746310197780914e-29
ISIC_0030647,HAM_0002987,nv,5.970684981048653e-22,1.0528815602025522e-19,2.5406109507852825e-13,6.54951451015383e-22,9.310816112429559e-18,1.0,6.437069120569084e-20
ISIC_0030659,HAM_0001618,bcc,2.8764908233114284e-09,0.9999960660934448,6.8881664816444754e-09,1.0768021023455088e-11,3.498736300677763e-10,3.9648266465519555e-06,7.112524816072635e-14
ISIC_0030676,HAM_0005054,nv,1.4002428979092688e-25,5.919002853506407e-22,3.1517661697510925e-18,1.470529017894901e-26,3.3347494813909386e-18,1.0,1.919790541947716e-26
ISIC_0030679,HAM_0005784,nv,9.62040456085008e-21,9.775045588625957e-19,1.242396349644334e-13,6.555542063801991e-21,1.5683132655768591e-15,1.0,1.844602910911735e-20
ISIC_0030710,HAM_0007484,nv,5.395251134663641e-17,5.703335752890032e-14,5.8228673618931914e-12,2.0757299619921475e-14,4.5039270923918906e-11,1.0,1.2311470363619566e-16
ISIC_0030711,HAM_0002418,nv,5.608636071782638e-16,9.844180490572747e-15,9.098976780363977e-12,3.811168630237969e-16,1.5901732708378802e-10,1.0,2.7636265731052225e-16
ISIC_0030727,HAM_0005957,nv,2.490842682936409e-14,3.039043355076293e-13,2.651167463341153e-08,9.885876534434287e-15,8.354768432639048e-09,1.0,6.076803014780363e-13
ISIC_0030786,HAM_0000682,nv,2.5368605006530773e-15,1.9432699893684457e-10,6.209754932484657e-13,1.0,1.1016593521218261e-14,4.758969662788104e-09,8.414253858555695e-14
ISIC_0030792,HAM_0000759,nv,6.106525875237967e-12,5.148761417217429e-10,1.3580092854681425e-05,2.151813666487201e-12,5.625918220175663e-08,0.9999864101409912,1.0041915216030262e-11
ISIC_0030793,HAM_0001712,nv,2.7874944580753673e-14,1.2686226852007265e-12,1.6749048370456876e-08,4.492749488410608e-14,2.3197346266101704e-09,1.0,2.8421855120070935e-14
ISIC_0030799,HAM_0005771,nv,3.424990597123562e-14,1.0733771727347574e-12,3.255575531380117e-10,6.360635098728558e-15,1.6183674400593873e-09,1.0,9.393885070318152e-15
ISIC_0030802,HAM_0004058,nv,1.172726200593388e-07,2.2203343519322516e-07,2.4590333396190545e-06,4.723450963695086e-09,0.45879778265953064,0.5411994457244873,2.5087349975194684e-09
ISIC_0030817,HAM_0000073,nv,0.0001154459168901667,0.00024007799220271409,0.06624831259250641,0.0001820004399633035,0.188663050532341,0.7444507479667664,0.00010043104703072459
ISIC_0030840,HAM_0002154,nv,5.748577169839564e-10,1.1895091134306313e-08,1.2197557225590572e-05,8.185787048198279e-10,6.13652664469555e-05,0.9999264478683472,5.45365808068965e-10
ISIC_0030882,HAM_0004455,vasc,1.7783227184984052e-18,2.5600332964614836e-10,5.2632787692699905e-17,2.7496616467829593e-16,8.912587873617135e-17,1.334368292943422e-11,1.0
ISIC_0030893,HAM_0002467,bcc,2.9005057911035692e-08,0.9989984631538391,5.522551305148227e-07,0.0006628499832004309,3.180305441219389e-07,0.000337761826813221,8.294344100434614e-10
ISIC_0030903,HAM_0005055,nv,5.644641079735794e-20,5.851035696511816e-19,6.027885829373858e-11,2.854187996083929e-20,2.6879146389940153e-15,1.0,3.27182011362853e-19
ISIC_0030913,HAM_0002969,nv,5.557032433646718e-24,8.28732081072544e-23,1.6412413200277967e-15,5.941480443147331e-25,6.891687698965562e-17,1.0,1.3103439147198297e-24
ISIC_0030919,HAM_0005008,nv,3.9649426071264315e-06,9.41349208005704e-06,0.048598963767290115,1.966631771210814e-06,0.0030062394216656685,0.9483792781829834,2.2352874395892286e-07
ISIC_0030922,HAM_0005197,nv,3.113860884695896e-07,1.9851572687912267e-06,0.003612655447795987,1.5855387403007626e-07,0.02496384270489216,0.9714206457138062,4.241058491061267e-07
ISIC_0030959,HAM_0003011,bkl,4.4419588967930236e-17,1.9580663772691873e-18,1.0,4.953903004494593e-19,1.483422564811849e-15,5.020812758604887e-12,4.3631650543171734e-23
ISIC_0030984,HAM_0000317,nv,2.834117750990037e-19,1.5042087533374696e-17,2.621807190295901e-14,3.5425680249679855e-20,1.6170849991632881e-15,1.0,4.9503111665550377e-20
ISIC_0030985,HAM_0004679,nv,1.986209240530623e-26,4.214348180041221e-24,3.2506619812725236e-17,1.1292707562284057e-27,5.395754873439519e-21,1.0,2.334573952580314e-27
ISIC_0030997,HAM_0006825,nv,2.84731528841635e-20,1.5399732099306645e-18,3.612573835996141e-14,5.57834643104879e-20,8.417958272447217e-15,1.0,1.5181685221886136e-20
ISIC_0031000,HAM_0002193,bkl,1.9616114514064975e-05,2.59412445302587e-07,0.6501999497413635,5.5736052217980614e-08,0.3496512770652771,0.00012881093425676227,2.520006980866185e-10
ISIC_0031005,HAM_0000517,mel,2.259775465063285e-05,0.010730145499110222,0.0015409537591040134,0.00013952409790363163,0.0034223825205117464,0.9841363430023193,8.091821655398235e-06
ISIC_0031018,HAM_0005097,nv,5.110800845937804e-21,4.63328418015386e-19,1.077828486726641e-13,3.9236297767732783e-20,4.539296998180842e-14,1.0,2.039906360454871e-19
ISIC_0031025,HAM_0002911,mel,7.911527433179799e-08,4.853833956985909e-08,2.1090818336233497e-06,4.117303387118909e-09,0.991593599319458,0.008404084481298923,7.969743087699044e-09
ISIC_0031029,HAM_0001601,bkl,3.1417459779581325e-12,8.402155060593941e-08,1.64967877935851e-06,2.0645467974089726e-11,3.0584101295971777e-07,0.9999979734420776,3.6173535412735436e-13
ISIC_0031032,HAM_0001611,nv,1.363067525517181e-07,1.4821037552792404e-07,2.4592220597696723e-06,1.5821322918441183e-08,0.9690513014793396,0.030945969745516777,2.068699345159075e-08
ISIC_0031034,HAM_0000888,mel,6.987245919433403e-18,2.8621175045322273e-18,2.138473588746831e-14,3.3369407936527715e-24,1.0,2.764690603188069e-13,1.7472326204091491e-22
ISIC_0031044,HAM_0006135,akiec,1.0,2.840981269680576e-11,8.167463233510475e-12,1.9691992687846405e-16,1.0837903111852315e-13,8.80006787926102e-14,9.216977913232885e-21
ISIC_0031047,HAM_0002594,nv,1.0384965742350826e-28,4.502106531442881e-26,2.2184896786966972e-20,2.421584942693943e-30,1.6130192338739567e-22,1.0,1.7432652692751054e-29
ISIC_0031054,HAM_0007347,nv,1.5379160658694141e-21,1.665203288189941e-18,4.819866921079935e-15,2.3342782431272853e-21,1.2969364824218921e-17,1.0,1.8316230415399715e-21
ISIC_0031085,HAM_0005828,nv,2.6254701190886465e-10,5.99727933980887e-10,8.779538518410845e-08,2.4552660252141756e-11,0.9988502264022827,0.0011496460065245628,1.3842788677484452e-12
ISIC_0031112,HAM_0001924,nv,2.1712723455908527e-17,3.3590202013341632e-18,2.7685783488906948e-14,5.005747483188827e-10,2.012064721039204e-15,1.0,7.642324326355383e-17
ISIC_0031114,HAM_0005214,nv,1.4882713714175915e-19,2.8502661322085167e-16,1.3319824843788242e-12,4.996984186383489e-20,7.821412767091156e-16,1.0,6.210813768038693e-19
ISIC_0031126,HAM_0003434,nv,9.222992508606254e-11,1.7459127477081893e-09,9.070241162589809e-07,8.756499865480993e-12,4.218979370307352e-07,0.9999986886978149,2.748582069410366e-13
ISIC_0031138,HAM_0004908,bkl,5.989972073905392e-09,1.1412372380448232e-08,0.9999988079071045,5.122221535813765e-10,4.944714078192192e-07,7.508201633754652e-07,2.2564290930518482e-13
ISIC_0031158,HAM_0006709,nv,2.1161734864438841e-10,0.02759915217757225,3.8380875366783584e-08,6.898412266309606e-06,1.3979598811886262e-08,0.9723939299583435,4.940261533192825e-10
ISIC_0031180,HAM_0002612,nv,4.4709155540105516e-13,2.2264762949975037e-11,6.641556069553189e-07,4.9645869013015265e-12,9.72906867915957e-13,0.9999992847442627,6.208530326130834e-13
ISIC_0031202,HAM_0007350,nv,1.94251725815775e-09,5.845125716774646e-09,2.3933905595185934e-06,6.104245442450917e-10,0.03611156716942787,0.9638860821723938,1.8178363259124808e-09
ISIC_0031206,HAM_0007443,nv,4.286798027663963e-09,2.0105513698354116e-08,2.567040610301774e-06,4.5707202467326624e-09,0.02726466953754425,0.9727327823638916,1.2825890349787983e-09
ISIC_0031208,HAM_0001299,mel,8.000367035521094e-10,1.1179541320460729e-10,3.35869387857457e-10,2.1841413226642015e-12,0.999994158744812,5.792350293631898e-06,3.7608943737055256e-12
ISIC_0031240,HAM_0004602,nv,3.7071157775459e-12,7.872704571587619e-11,3.4618787481122126e-07,6.744775094338906e-13,2.2489804507586086e-07,0.9999994039535522,2.727517105401145e-13
ISIC_0031256,HAM_0005065,nv,1.5697812827397684e-08,5.985237550021338e-08,0.00015439164417330176,1.9562342856715986e-08,0.00011134304804727435,0.999734103679657,2.801711396216433e-08
ISIC_0031280,HAM_0004843,nv,1.1729163601802468e-21,4.8197810965418896e-20,2.973947246776541e-14,5.317289037520621e-22,3.096177796246569e-16,1.0,5.624243322818119e-20
ISIC_0031319,HAM_0002845,nv,4.765778361683591e-14,8.680062961799462e-13,6.313902645160852e-08,2.7524769301897484e-14,1.1162011315235532e-09,0.9999998807907104,7.723208465988673e-14
ISIC_0031321,HAM_0007621,bkl,1.704383123524167e-07,1.7928091011754077e-08,0.9971981048583984,4.35729852199529e-09,0.002754224929958582,4.757590068038553e-05,3.695012698590183e-11
ISIC_0031335,HAM_0000501,akiec,0.9999291896820068,5.873359987162985e-05,1.1056289622501936e-05,2.791854747385969e-08,6.024606591381598e-08,7.842344871278328e-07,2.1509991010582041e-10
ISIC_0031354,HAM_0002823,nv,2.358925771731024e-13,2.2275865874110679e-10,2.6807691622110497e-09,7.467419423697746e-14,2.532762664486654e-05,0.9999747276306152,4.54118249352143e-14
ISIC_0031363,HAM_0001334,nv,2.8605348645349693e-10,1.5751498994021063e-09,1.7824581277636753e-07,7.139248502270601e-13,4.397566755187654e-09,0.9999997615814209,9.611448870952208e-14
ISIC_0031364,HAM_0000723,nv,3.343226506725104e-14,3.13415553275867e-13,8.128230866155661e-10,9.904939010912245e-15,1.7174379696172082e-09,1.0,3.9298052930281796e-14
ISIC_0031367,HAM_0006891,nv,2.1247684997073053e-21,7.928645078533825e-19,7.828994770760266e-16,1.2016975653431137e-22,1.402424344398942e-17,1.0,1.9394099600926072e-23
ISIC_0031369,HAM_0000531,mel,0.005316534079611301,0.9917402267456055,0.0028514270670711994,7.405873475363478e-06,6.302687688730657e-05,1.9816954591078684e-05,1.5039804566185921e-06
ISIC_0031376,HAM_0005862,bkl,8.524281280841706e-11,1.4990085561716882e-10,0.9999990463256836,3.962393564302391e-13,1.2313199349023307e-08,9.812343932935619e-07,1.7686063185262842e-14
ISIC_0031395,HAM_0005974,nv,5.67248719107738e-07,1.2817662309316802e-07,3.5931407182943076e-05,2.0366659470028026e-08,0.9955384135246277,0.004424880724400282,2.5790043434170684e-09
ISIC_0031405,HAM_0002333,nv,2.012019399936227e-22,1.47431922555278e-20,4.872922841434458e-16,1.4441156827207831e-21,4.8343720558992e-17,1.0,3.4976479474720668e-22
ISIC_0031406,HAM_0000060,mel,3.0453650712303215e-10,4.559017052763181e-10,1.0109167725147472e-08,6.980869007855439e-12,0.9988918900489807,0.0011081082047894597,1.6122882109254055e-12
ISIC_0031407,HAM_0001575,bcc,5.047277526482041e-11,1.0,2.3984318003877902e-11,9.904383086248303e-13,2.4571573664644575e-09,4.625610472430708e-08,1.269011124345942e-14
ISIC_0031441,HAM_0007267,nv,7.482267077609814e-21,5.560999468224648e-16,1.5966199716499485e-13,3.4487757601447023e-20,1.56072024386199e-17,1.0,8.756966941838234e-22
ISIC_0031457,HAM_0007410,df,3.834373728750506e-06,1.2216493372463333e-09,0.9999921321868896,2.5405052284099838e-08,4.380973805950816e-09,4.030855507153319e-06,3.9897257589696644e-14
ISIC_0031460,HAM_0000135,nv,5.044305251278303e-12,3.221191369195964e-11,2.0065641365363263e-05,3.1746008816516125e-13,7.706196569756685e-09,0.9999799728393555,2.3413512448278162e-11
ISIC_0031488,HAM_0001633,nv,3.5725301189559744e-11,2.2896902152069742e-09,1.3890085881484993e-07,4.2075429945720444e-11,1.2755019724863814e-06,0.9999985694885254,2.0778125314063756e-12
ISIC_0031530,HAM_0002852,nv,9.312726804988625e-12,3.438295481661413e-11,1.1039053759986928e-07,1.004429178719235e-11,4.847366241733653e-08,0.9999998807907104,1.6615984629875236e-11
ISIC_0031532,HAM_0004247,nv,2.2281534204130617e-17,1.0056425136056282e-15,1.1034027858070061e-10,3.1795423156941944e-17,1.2930125720123087e-12,1.0,1.1712337490246997e-16
ISIC_0031554,HAM_0000433,mel,6.729710566588665e-09,6.465804780475537e-09,1.8186715067258774e-07,8.228787096165036e-10,0.9970257878303528,0.0029739486053586006,6.834850463377506e-10
ISIC_0031571,HAM_0003233,nv,1.0770678164426234e-21,4.58963812437947e-20,1.7922269842252786e-13,1.5501910949643386e-21,5.887022449622829e-16,1.0,7.907523538580166e-21
ISIC_0031594,HAM_0006835,nv,3.5484972613630816e-06,8.292141137644649e-05,0.9242616295814514,1.561088538437616e-07,1.7644668332650326e-05,0.07563413679599762,1.6493123311533964e-08
ISIC_0031595,HAM_0006645,nv,7.0537321334995795e-06,5.153841630090028e-05,0.1829032152891159,1.1862122306638412e-07,1.2901904483442195e-05,0.8170251250267029,2.0522696431157783e-08
ISIC_0031605,HAM_0000972,nv,1.8343971119339482e-23,2.807869759190081e-20,4.082550905872203e-17,7.867786205800194e-26,4.695042828855564e-18,1.0,3.074234858849015e-27
ISIC_0031624,HAM_0002092,bkl,1.8733808948567798e-10,1.091391976792977e-10,0.999991774559021,1.7854889441948352e-11,1.2515388725375942e-08,8.270854777947534e-06,1.3311079669064974e-12
ISIC_0031643,HAM_0003851,bcc,3.070385190540037e-08,1.0,5.444867268281434e-19,2.240432232097911e-12,6.391828803410969e-19,3.4751024850633127e-16,7.631198216810165e-24
ISIC_0031653,HAM_0004006,nv,2.46808662216285e-21,5.049028257950308e-19,1.305913681704028e-15,6.692435280251979e-23,2.2878682505777548e-17,1.0,4.20344817336942e-23
ISIC_0031659,HAM_0005264,akiec,0.3515440821647644,1.862163480836898e-05,0.6483350992202759,1.35022082758951e-06,2.4067955450846057e-07,0.00010059743362944573,3.4916206211044187e-12
ISIC_0031660,HAM_0001316,nv,4.0177087351489504e-11,2.0334620653983393e-09,2.0833854250668082e-06,2.6407341591205835e-11,2.7707101253326982e-06,0.9999951124191284,3.994571687315762e-11
ISIC_0031668,HAM_0000698,nv,7.379910908507192e-20,8.246570499402509e-17,2.3641383447257913e-13,6.674493705502671e-21,1.4022639928563951e-13,1.0,5.395240308937374e-21
ISIC_0031677,HAM_0002683,bkl,1.1388862075634165e-09,1.494628205922499e-11,0.2433202862739563,1.5519552805961893e-14,0.7566796541213989,7.584658590076288e-08,9.029536389155556e-16
ISIC_0031681,HAM_0006069,nv,5.313832485143166e-09,1.7569463750533032e-07,2.4565279090893455e-05,1.571994756588424e-09,7.722244390606647e-07,0.9999744892120361,1.9702296738532965e-10
ISIC_0031696,HAM_0006113,nv,1.3213139959058413e-20,4.9244750202272535e-18,4.229361290033389e-15,2.1401990733973097e-22,1.8425619509971833e-14,1.0,8.197745591828721e-22
ISIC_0031697,HAM_0003177,bcc,5.367962671587456e-11,0.9996947050094604,3.575090943286341e-07,4.797151564872593e-10,9.471860101806229e-11,0.00030499970307573676,1.0447632342591717e-12
ISIC_0031710,HAM_0005730,nv,2.170951063362736e-08,1.0839405462093055e-07,6.364341970765963e-06,3.846734486501191e-09,2.3918335500638932e-05,0.9999696016311646,4.530158026483377e-09
ISIC_0031723,HAM_0006818,nv,2.5935078825412028e-21,6.734368172478299e-20,5.18825086720325e-15,4.2141911336122096e-22,1.025970139669429e-15,1.0,3.531165372535685e-21
ISIC_0031724,HAM_0006919,nv,7.736924009929397e-17,5.137213918149364e-11,6.220512993593275e-11,6.8596950527895304e-15,1.3956219670598416e-14,1.0,5.542194741331441e-12
ISIC_0031728,HAM_0007588,bcc,1.534525759424384e-25,1.0,1.81199978667146e-26,1.3906187948655725e-25,1.1281501779643883e-29,2.5266321803684298e-23,3.9876957277521035e-29
ISIC_0031739,HAM_0001748,nv,6.448380763746958e-18,8.764647481329863e-16,3.418754428857751e-12,4.212689411847823e-18,3.257601707915697e-13,1.0,1.8376375654778983e-18
ISIC_0031751,HAM_0006858,nv,2.59586361053081e-21,5.035311729313104e-20,1.834579554853906e-15,8.659267465359698e-23,6.601479652857458e-17,1.0,2.409192816577495e-22
ISIC_0031756,HAM_0004054,nv,2.5370309231220745e-07,0.0003237444325350225,1.517156356101168e-08,0.04192498326301575,0.8784732818603516,0.07795300334692001,0.001324669923633337
ISIC_0031762,HAM_0007428,bcc,0.10326294600963593,0.650669515132904,1.7025977285811678e-05,2.953348939627176e-06,0.00043913841363973916,0.2456083446741104,1.1569247959641871e-07
ISIC_0031778,HAM_0003509,mel,2.2422159418056253e-07,1.336771759952171e-07,2.7322310415911488e-05,4.686545818088916e-09,0.9976069927215576,0.0023652231320738792,2.606351801048845e-09
ISIC_0031780,HAM_0005167,nv,5.392666437007453e-29,1.6709942586850272e-25,5.516475776922267e-18,7.406835419672497e-30,9.300569098359861e-23,1.0,3.5766225922684183e-28
ISIC_0031793,HAM_0003096,nv,9.343032281819332e-22,3.3466013252075984e-18,3.479532996773045e-16,1.0937751886445432e-20,2.587674007158863e-16,1.0,4.0564048020441983e-19
ISIC_0031797,HAM_0001064,nv,7.477688914677729e-17,3.057097548944828e-15,3.322070743494443e-11,5.1919281548646365e-17,7.170911542515868e-13,1.0,3.8872419827198576e-16
ISIC_0031798,HAM_0005051,nv,3.9068332592198085e-17,7.133631013645728e-16,2.857106912168561e-13,9.476760951016885e-18,4.182008038478013e-12,1.0,1.800198957363442e-17
ISIC_0031808,HAM_0005275,bkl,6.855448431153377e-10,3.548096671611607e-14,1.0,5.975004291249725e-14,6.792530982124845e-10,3.9836822729455434e-10,2.327211099548142e-20
ISIC_0031811,HAM_0003113,nv,5.992013771621775e-16,3.210884046167019e-14,8.879744228806885e-08,1.6756230755711184e-16,5.0025734422975976e-12,0.9999998807907104,7.50423479489578e-17
ISIC_0031824,HAM_0001326,bcc,8.224042744586768e-07,0.00482109235599637,0.01787717081606388,4.2104724684577377e-07,0.0005708012613467872,0.9767290353775024,5.562320097851625e-07
ISIC_0031828,HAM_0005788,nv,2.5813972812614716e-13,6.357680766393148e-13,0.13494352996349335,7.554769526976757e-14,5.785972256866501e-10,0.8650564551353455,3.4797655208695932e-12
ISIC_0031832,HAM_0006972,nv,8.539283863351343e-11,3.1214913986943316e-10,9.213421776621544e-07,2.9394392735831998e-12,0.008905717171728611,0.9910933375358582,2.776038947327475e-12
ISIC_0031834,HAM_0004640,nv,1.4660018643749012e-28,5.453558140354556e-26,2.5523572868876306e-19,2.925841776078046e-29,2.7315058829117345e-21,1.0,4.0212280940138296e-28
ISIC_0031837,HAM_0005975,nv,2.155177425411381e-11,4.1443704024146655e-10,4.479017690073306e-08,9.125286637434726e-11,1.2283182513783686e-05,0.9999877214431763,3.2889010959102905e-10
ISIC_0031839,HAM_0001027,nv,1.229524715816319e-21,1.3610234636021743e-19,2.090947840625813e-15,8.665913460714004e-22,1.2493856409498118e-16,1.0,1.4931733212757632e-19
ISIC_0031844,HAM_0000536,mel,7.885327590884117e-07,2.3787001737218816e-06,8.233607513830066e-05,2.392413023244444e-07,0.035126738250255585,0.9647873640060425,1.2987688080556836e-07
ISIC_0031845,HAM_0007203,nv,2.549580017883564e-22,1.1068666950872586e-20,1.058716052245454e-14,7.956559952864046e-24,7.854537181633617e-17,1.0,3.020525686897184e-22
ISIC_0031851,HAM_0004883,bkl,1.1162546798004769e-06,4.948992500430904e-05,0.9996496438980103,3.021847772011199e-10,0.00029865550459362566,1.0727854942160775e-06,2.8591258249832663e-09
ISIC_0031852,HAM_0004441,akiec,0.0006184726371429861,0.0002739142219070345,0.015201987698674202,6.0624017351074144e-05,0.6577739119529724,0.3260178864002228,5.322193828760646e-05
ISIC_0031857,HAM_0000391,nv,4.284849041979479e-16,6.609253617485822e-13,6.48837983341366e-10,8.05238224054405e-15,3.0095143044306383e-10,1.0,1.2248378055752145e-15
ISIC_0031860,HAM_0001521,nv,3.7019405553159745e-14,9.142948984713906e-13,2.4617375515845197e-07,2.1114509083888138e-15,1.7258117677998452e-12,0.9999997615814209,1.8109609135636556e-13
ISIC_0031873,HAM_0004362,nv,1.324257224078753e-18,2.6833866126162306e-15,8.1768775778146e-12,6.270016635442761e-19,5.559560041609908e-15,1.0,9.714415317677351e-19
ISIC_0031880,HAM_0000976,nv,4.556382918963209e-06,9.130089893005788e-06,0.001633889856748283,1.3018265008213348e-06,0.382284015417099,0.6160663962364197,6.586246286133246e-07
ISIC_0031886,HAM_0006949,nv,8.177629446919111e-30,3.2183295669106653e-28,2.0284749828833295e-20,8.941061117947654e-31,4.3215870359022327e-23,1.0,5.688427436058524e-30
ISIC_0031903,HAM_0003281,bkl,0.9973904490470886,8.141583407450526e-08,0.0026078426744788885,9.671440315273117e-10,1.628208110560081e-06,2.692763523270969e-08,7.440344455995895e-13
ISIC_0031904,HAM_0005700,nv,2.5460792328624304e-12,2.1682507178599764e-10,3.859277057927102e-06,1.878370234961041e-13,2.006353527761462e-09,0.9999961853027344,1.0489299587333051e-13
ISIC_0031945,HAM_0006652,bkl,5.5401615974543555e-17,2.833160301838716e-16,1.0,1.026257653588282e-19,3.6806654946097694e-10,4.1668980765852126e-11,2.50331348987542e-20
ISIC_0031949,HAM_0007412,nv,2.5710203232761595e-20,1.9298568300441383e-19,7.851778580612867e-14,4.232251125849722e-22,1.61187468774649e-15,1.0,1.2518052527362834e-22
ISIC_0031950,HAM_0005158,vasc,4.2589244339584584e-15,1.2043779862302983e-10,8.749933069762683e-12,6.679958777962292e-13,4.120174687538558e-11,1.0,3.833772882488873e-11
ISIC_0031959,HAM_0001088,nv,9.719452890091795e-13,7.327258374698054e-13,0.9999583959579468,3.583115385343352e-14,7.62775265172877e-09,4.162582627031952e-05,2.8899001272995255e-16
ISIC_0031961,HAM_0006173,bkl,4.351477400632575e-09,3.687361804782796e-10,1.0,1.1280631376925365e-12,3.1078667417361316e-10,4.673520459519409e-10,3.292650508257729e-14
ISIC_0031964,HAM_0007181,nv,2.2128375923452136e-18,5.135516289973092e-16,3.4869332356420035e-13,1.1731872022156927e-17,8.23767323885477e-13,1.0,1.2204790151808793e-19
ISIC_0031967,HAM_0004341,bkl,2.44455508522604e-16,4.0830007266893095e-18,1.0,2.8736686164974358e-19,1.1423216400822818e-18,7.658011594649516e-13,2.9949353250938924e-25
ISIC_0031976,HAM_0006851,bcc,0.00015161260671447963,0.9998472929000854,1.0857845609280048e-06,7.677023461383214e-09,9.839287162805022e-10,1.5930588403989532e-08,2.981129926249437e-11
ISIC_0031977,HAM_0006828,mel,3.9145339747470587e-10,4.5824238847913534e-10,3.077329040479526e-07,5.345351938856879e-10,0.9809885621070862,0.019011005759239197,1.7690952869298116e-11
ISIC_0031981,HAM_0004337,nv,3.4549518194287865e-12,3.7600433183682114e-11,9.761347996573022e-08,7.403360185369388e-15,2.1121975002369453e-10,0.9999998807907104,3.5494346025034427e-15
ISIC_0031989,HAM_0007100,bkl,0.0013326245825737715,0.8953403830528259,3.1598214263794944e-05,0.06364253908395767,9.258878321816155e-07,0.03965185955166817,5.227625443637862e-09
ISIC_0032000,HAM_0004688,nv,1.8694041444332902e-19,4.607076513408766e-19,3.769804157423631e-14,1.673722582877338e-20,2.1959293423365274e-16,1.0,2.533314458275666e-20
ISIC_0032005,HAM_0000455,nv,6.260239231355414e-20,9.38437335519599e-19,1.809248958333301e-13,2.407192840874771e-20,1.2859997084151836e-13,1.0,1.1123736661712018e-20
ISIC_0032031,HAM_0005967,bkl,4.2426202892829533e-26,5.514036654691391e-25,1.0,4.978631174249526e-32,2.0644900097304594e-24,7.911578067750171e-18,1.3758194951270775e-38
ISIC_0032034,HAM_0006205,nv,2.469437414970299e-12,2.4414791369165023e-11,3.695259875868828e-09,7.91096856534064e-14,0.0002469565370120108,0.9997530579566956,6.563504487090352e-14
ISIC_0032045,HAM_0001057,bkl,0.0023595558013767004,4.7882040234981105e-06,0.990838348865509,9.201876309816726e-07,0.0064400010742247105,0.00035588949685916305,5.196145593799883e-07
ISIC_0032059,HAM_0001661,nv,2.312646652621934e-18,2.1436526195015846e-17,5.391183020706436e-15,1.7443918214702683e-19,1.2312703855349005e-14,1.0,1.3056022333141507e-19
ISIC_0032067,HAM_0007442,nv,1.9321969091379287e-07,1.0953459472773375e-08,1.191421688417904e-06,1.21961540866522e-09,0.006488783285021782,0.993509829044342,7.771848942184079e-09
ISIC_0032129,HAM_0007571,bkl,8.123409429572348e-07,1.6888947357074358e-05,0.9997027516365051,6.624568982260826e-08,5.5906504712766036e-05,0.00022338921553455293,1.1764360152710651e-07
ISIC_0032162,HAM_0001188,nv,2.21444524433549e-15,3.499016872142262e-14,2.5248664270449694e-10,2.958048904224699e-15,4.279356868863715e-10,1.0,3.2460928340921277e-15
ISIC_0032179,HAM_0005903,bkl,1.116846561899365e-07,4.8472628577656e-07,2.0681733076344244e-05,1.0992960319811118e-08,0.9944620728492737,0.005516538862138987,2.036288648810114e-08
ISIC_0032181,HAM_0003369,nv,7.556598125013636e-10,3.762707923016251e-09,5.299784788803663e-07,1.095695062458546e-10,3.774008519030758e-06,0.9999957084655762,6.811361891179146e-11
ISIC_0032189,HAM_0006028,nv,7.202171636855326e-10,2.8547417763036265e-09,4.815840384253534e-07,2.684472366620838e-10,9.501628483121749e-06,0.9999899864196777,1.1718439586749785e-11
ISIC_0032190,HAM_0006214,mel,4.57499982076115e-06,6.6975553636439145e-06,0.08282787352800369,1.118251589105057e-06,0.021424127742648125,0.8957309126853943,4.69451106255292e-06
ISIC_0032191,HAM_0006618,nv,2.2899877549775738e-08,1.2519285519374534e-07,2.5480171306213606e-09,9.6679364514074e-10,0.9958755373954773,0.004124285187572241,6.152885134724784e-08
ISIC_0032208,HAM_0002665,nv,3.361268732052011e-30,1.879471314117766e-27,2.0348280823876803e-22,3.9258382151502514e-31,3.768447708808665e-24,1.0,1.2148575903612676e-28
ISIC_0032256,HAM_0006424,nv,2.4726608130124074e-18,9.806054108248732e-17,4.776952791663014e-11,1.945824931384015e-18,1.6825123108979434e-12,1.0,4.1571389728461917e-16
ISIC_0032261,HAM_0005025,nv,1.1937740898445247e-16,1.7383966343525754e-15,7.975752870648112e-12,2.930539775492052e-17,1.63666736413548e-12,1.0,3.818457613446888e-17
ISIC_0032262,HAM_0003061,nv,1.3410228309267074e-18,2.9187249893668343e-17,2.400946737431131e-13,8.327485720512752e-20,1.5218208637701736e-13,1.0,1.295357245998512e-20
ISIC_0032277,HAM_0001624,akiec,0.01312972605228424,4.896298923995346e-05,0.0009131901315413415,1.1649515272438293e-06,0.9857546091079712,0.00015235939645208418,3.781782353939889e-08
ISIC_0032281,HAM_0004174,nv,1.623936540795512e-09,6.070869917884636e-10,2.696803669266501e-08,7.557117431833404e-11,0.957893967628479,0.04210607334971428,1.6662388482857615e-11
ISIC_0032285,HAM_0006830,nv,5.289974441970808e-15,2.7833624619520714e-13,1.8089411912836084e-10,5.291347058861834e-15,1.6462877727718706e-09,1.0,1.9333313145260224e-15
ISIC_0032287,HAM_0006223,mel,1.066825360690471e-11,6.56655840813869e-11,1.1352084827720432e-09,7.523693582207891e-13,0.2816331386566162,0.7183668613433838,9.73209967475297e-12
ISIC_0032296,HAM_0006151,nv,1.2902387491742218e-11,1.8175460025915413e-09,3.3072603855544003e-07,5.511242937711325e-12,9.263576572493548e-09,0.9999996423721313,3.1458468642553417e-12
ISIC_0032301,HAM_0002020,nv,1.9866852367257823e-20,1.4283835881265712e-17,5.904723758554109e-12,4.202250379592707e-21,3.7771560222409723e-16,1.0,2.2581242316176316e-20
ISIC_0032304,HAM_0006558,bkl,9.003934451357054e-07,4.166372036706889e-06,0.992216944694519,1.005906025142167e-08,0.007772347889840603,5.632715328829363e-06,2.1839752228913767e-10
ISIC_0032306,HAM_0001853,bkl,1.0253568285233106e-13,1.4365387406099078e-14,1.0,4.5723170529702456e-14,3.629953867871627e-13,6.718032796726447e-10,3.5805430467849854e-19
ISIC_0032312,HAM_0002795,nv,5.786443230429082e-19,5.634455224201725e-16,3.452490376920636e-11,2.7739339714565723e-17,3.1247186370493563e-13,1.0,3.872258371065526e-19
ISIC_0032323,HAM_0003070,nv,8.150185862050543e-24,1.152772790654541e-22,5.577610049018101e-17,3.020614867622519e-24,9.372188744890706e-16,1.0,2.013008631511374e-23
ISIC_0032338,HAM_0004024,nv,1.7097492843731743e-07,7.179842782534251e-07,6.07432139076991e-06,1.207061472996429e-07,0.25776389241218567,0.7422289252281189,1.663203335056096e-07
ISIC_0032357,HAM_0007098,nv,3.384103353259619e-16,9.872460379582726e-15,3.507422963178186e-10,8.183019205556795e-17,4.275291926036928e-11,1.0,9.838689361264154e-17
ISIC_0032362,HAM_0007127,nv,5.141670953889843e-06,3.4513601576691144e-07,0.4266285300254822,1.6966428262321642e-08,0.005748434457927942,0.5676175355911255,3.848904750469728e-09
ISIC_0032374,HAM_0001279,nv,2.358698338866816e-06,0.03608847036957741,0.00143895682413131,9.214865315243514e-08,5.097847974866454e-07,0.9624692797660828,2.6838546318685985e-07
ISIC_0032378,HAM_0001342,nv,2.9015296567312665e-13,3.5523359021060255e-14,1.6177260269215066e-12,8.23550480804002e-17,1.0,1.9067609713374623e-09,1.3705861295345515e-16
ISIC_0032382,HAM_0001417,bkl,3.776683570322348e-07,1.6866914620550233e-06,0.9956322312355042,5.153609095032152e-09,7.9734732594261e-08,0.004365615081042051,2.6068744940488386e-09
ISIC_0032392,HAM_0000157,nv,1.63586301619835e-26,2.1434569584953457e-24,8.420747869579881e-16,1.477432138224218e-28,1.278343174774062e-20,1.0,5.378255450494422e-25
ISIC_0032394,HAM_0005667,nv,3.602276131276122e-24,1.2620571880863398e-21,8.366471983553295e-17,7.090511695124616e-26,9.487205217774315e-20,1.0,1.4845309106950972e-24
ISIC_0032399,HAM_0005677,nv,1.6705404901466804e-19,1.9007799839468274e-17,1.707638614930132e-13,1.649465672972934e-20,8.177999873599823e-16,1.0,5.145551033050932e-18
ISIC_0032404,HAM_0007038,akiec,1.0,3.2666007488612916e-23,8.698533174689255e-23,6.879667317419116e-29,6.015350364388358e-24,1.75148446709232e-21,2.1057820078180252e-36
ISIC_0032424,HAM_0001819,mel,2.786342011517113e-17,1.1423352678828736e-17,3.745934176046942e-15,8.191538069851779e-19,1.0,1.5156077504130394e-09,5.24265624670037e-18
ISIC_0032435,HAM_0002963,nv,7.459035660992413e-15,8.152404126120574e-14,2.6069812975038076e-11,4.521373357500467e-15,2.9234950016387984e-09,1.0,3.952859666379958e-15
ISIC_0032457,HAM_0005691,nv,2.5957017619164654e-16,8.287058647811485e-14,1.7990658962574457e-10,3.026324577273283e-16,1.1206799377383447e-11,1.0,5.2119905934414976e-17
ISIC_0032483,HAM_0004104,nv,2.597881018871073e-16,1.6127727544288165e-15,9.691390918942222e-12,3.4546668887685167e-17,1.6306667821597287e-11,1.0,1.494229778776528e-16
ISIC_0032484,HAM_0005506,nv,1.6182195203867964e-16,1.598873367280847e-15,9.405588485833505e-08,2.5831270284188833e-16,7.105395373636914e-13,0.9999998807907104,1.7978801054086598e-16
ISIC_0032491,HAM_0001513,nv,1.294406163421197e-24,4.1692455500344145e-21,6.348895751475206e-17,1.814497794846528e-25,1.6381855789806102e-19,1.0,7.886819915677077e-23
ISIC_0032494,HAM_0004226,nv,2.051737002517484e-09,1.1967340896035239e-08,5.861869567524991e-07,9.961144131764854e-10,7.707752956775948e-05,0.9999222755432129,2.9011204549789227e-10
ISIC_0032515,HAM_0007415,nv,3.3388674047785116e-09,1.9225316894022626e-09,0.9999266862869263,1.3807138592170087e-11,6.799298716941848e-06,6.64664403302595e-05,3.628710665282142e-10
ISIC_0032518,HAM_0003744,nv,7.226554456015473e-26,2.722507466472736e-21,2.6142644889555434e-16,5.0787947450757486e-27,4.782708622477239e-21,1.0,1.700928706704985e-21
ISIC_0032526,HAM_0005249,mel,1.8726329514828777e-11,2.993307858523142e-12,1.820285172593472e-10,8.00747475596629e-14,0.9999954700469971,4.5761621549900156e-06,3.8573476552651587e-13
ISIC_0032547,HAM_0002993,mel,2.2736614235571565e-16,2.7981775764193174e-16,1.1207936569937113e-14,1.2687985276788595e-17,1.0,4.0108394383508994e-10,2.6191044550684892e-17
ISIC_0032548,HAM_0002253,nv,7.416052483222302e-08,4.9782947542098555e-08,0.00012379720283206552,3.9411796048938186e-10,0.9994931221008301,0.0003828942426480353,7.783282907070088e-10
ISIC_0032566,HAM_0004574,nv,1.2757567674270831e-05,7.028151230770163e-06,0.0012457245029509068,1.6709187775632017e-06,0.3176101744174957,0.6811220645904541,5.127085387357511e-07
ISIC_0032580,HAM_0002724,nv,2.2635315496954966e-11,4.864272096227751e-09,1.8117587430310778e-08,2.92572632787369e-11,9.036468782142038e-07,0.9999990463256836,3.910027954624057e-13
ISIC_0032582,HAM_0004038,nv,2.0838424319435944e-09,1.7347669134526456e-10,7.329158080437992e-08,4.532847014404595e-11,0.9999899864196777,9.900994882627856e-06,4.916709747671e-11
ISIC_0032583,HAM_0000006,mel,1.2423548696460784e-06,1.3640180441143457e-05,3.331351763335988e-05,7.342543540289626e-05,0.16422393918037415,0.8356525897979736,1.870883011179103e-06
ISIC_0032608,HAM_0005566,nv,8.64207861631279e-14,1.684404636712218e-14,1.576723300533711e-11,1.0294560614122067e-13,0.9999997615814209,2.5177499196615827e-07,1.1081192727168627e-16
ISIC_0032650,HAM_0002908,nv,3.857046179298572e-14,4.671190084043486e-12,2.81631606924293e-10,4.0450863077429004e-15,3.0615049384508097e-10,1.0,5.583235883035087e-15
ISIC_0032655,HAM_0003807,bkl,4.628981058394364e-16,5.194010797123698e-16,1.0,5.372607548778672e-21,1.1828088512956238e-16,2.3859198037406992e-12,1.3110825103942462e-26
ISIC_0032656,HAM_0006923,mel,4.9984333680425904e-20,1.0941733384614637e-17,7.757456431850796e-19,1.5754372692605036e-22,1.0,2.1733804941295384e-14,5.727475463264737e-20
ISIC_0032661,HAM_0003606,nv,5.724308804744282e-10,4.337669423648549e-08,2.362210352657712e-06,1.2842966967685499e-10,2.6416926175443223e-06,0.9999949932098389,1.1134431050774385e-11
ISIC_0032669,HAM_0007259,nv,3.83136589121591e-09,1.2011635135422694e-06,0.0016937670297920704,1.2997234399847457e-09,2.5919537165464135e-06,0.9983024597167969,9.98806370944294e-10
ISIC_0032694,HAM_0000208,bkl,1.0409835699606157e-13,3.834210679260364e-15,1.0,3.4932333311784095e-15,5.491630370932366e-13,1.8563593995324368e-09,1.6113357163497937e-20
ISIC_0032704,HAM_0002890,nv,1.7124306139759682e-10,3.445669705115506e-08,0.00022628612350672483,9.650417270856693e-11,5.657058409269666e-06,0.999768078327179,1.9214624683017156e-11
ISIC_0032748,HAM_0001613,nv,1.2722593865451829e-24,2.260724902811576e-22,2.925389376767021e-18,8.326638860976058e-25,5.670457929490851e-18,1.0,4.710443712900809e-22
ISIC_0032749,HAM_0004145,nv,5.643765077674445e-13,8.474198565089353e-10,2.2280312350630993e-06,1.2169055910518645e-12,1.1969726543270554e-08,0.9999977350234985,1.2912716451651818e-09
ISIC_0032754,HAM_0003346,nv,7.704991730861366e-06,1.3237672646937426e-06,4.5199496526038274e-05,7.952118039611378e-07,0.057263780385255814,0.942681074142456,7.231290766185339e-08
ISIC_0032787,HAM_0001935,nv,5.796311510191526e-14,1.4645688091105558e-12,2.6408000231015194e-09,3.482079601328965e-14,4.1597927880054897e-10,1.0,1.425982948258589e-13
ISIC_0032798,HAM_0002602,nv,1.1376034018682794e-18,4.457509826134571e-16,2.244890558167345e-11,6.871283365962018e-19,1.934658596519645e-12,1.0,5.604602953148813e-20
ISIC_0032807,HAM_0002488,mel,0.9263576865196228,5.913926237610667e-09,1.9639052606379437e-09,4.4953992785201624e-12,0.00022915020235814154,0.07341320067644119,9.588424821379941e-15
ISIC_0032822,HAM_0001246,nv,5.3692531309934566e-08,5.895203116779157e-07,9.991231308958959e-07,1.3367398743469039e-08,0.15611450374126434,0.8438838720321655,9.611679452348199e-09
ISIC_0032833,HAM_0005893,mel,1.0368490094281313e-10,1.077907121199706e-11,1.432278184942959e-10,3.1853802907010065e-13,0.9999994039535522,5.980158448437578e-07,7.698878291611741e-14
ISIC_0032856,HAM_0001863,mel,8.149555336123271e-11,2.8612633096170015e-12,3.621271338349885e-11,1.8156432439334416e-14,0.9999998807907104,1.3204056870108616e-07,2.203095638116993e-15
ISIC_0032873,HAM_0003174,mel,6.214001837097577e-15,9.372224743790965e-16,2.997397862141045e-14,5.477993266874769e-19,1.0,4.911538536989113e-11,4.594547415465578e-18
ISIC_0032885,HAM_0003713,nv,2.3129038289639026e-13,9.94354731886915e-09,5.746807474338311e-10,8.320620126060774e-14,3.988694707857121e-09,1.0,1.7332923291091262e-14
ISIC_0032928,HAM_0002501,nv,0.00015620121848769486,0.00017903333355206996,0.0029401672072708607,2.2600249849347165e-06,0.0002463016426190734,0.996473491191864,2.495928811185877e-06
ISIC_0032929,HAM_0003321,bkl,0.9992489218711853,1.0357537050253995e-08,7.973619176482316e-06,5.103952260832045e-10,0.0007408354431390762,2.2810361315350747e-06,1.6666446868429663e-12
ISIC_0032936,HAM_0002552,mel,2.558960154885881e-09,1.5391447050205898e-07,2.8428310088202124e-06,1.4856163410570389e-08,0.0004605604335665703,0.9995365142822266,2.1769796632042926e-08
ISIC_0032967,HAM_0000754,bkl,5.4784293421206165e-12,2.4866202846807184e-12,0.9999998807907104,7.531749204349458e-14,3.659760342000773e-11,1.0684408380257082e-07,1.853834307810891e-15
ISIC_0032974,HAM_0002135,nv,1.031862421028984e-12,5.912782512496051e-07,2.0801481370735786e-10,8.088216647004001e-14,5.224603735753952e-11,0.9999994039535522,1.6401977432495274e-12
ISIC_0032976,HAM_0006330,mel,1.0881328824097203e-11,6.601829001008641e-14,7.691206883615048e-14,1.8394549640017386e-17,1.0,1.6897804770016345e-12,6.918268651641586e-16
ISIC_0032983,HAM_0002008,bkl,3.6640697420597945e-11,3.4528304694581013e-12,0.9999998807907104,1.5088493334532854e-13,1.5807450903793097e-09,1.3757309602624446e-07,6.31792213887428e-17
ISIC_0032984,HAM_0005636,mel,2.252478381592482e-08,4.00700770342155e-08,3.520932878586791e-09,5.9704547972216915e-09,0.9999891519546509,1.0848470992641523e-05,6.695892729169373e-10
ISIC_0032994,HAM_0000772,nv,3.6431192711461335e-06,1.942886592587456e-05,0.000551513978280127,6.606154784094542e-06,0.01605145074427128,0.9833652377128601,2.0743066215800354e-06
ISIC_0032997,HAM_0003162,bkl,5.205339756914106e-15,3.705583061686964e-16,1.0,1.3053545340797217e-17,1.7631112769842666e-14,2.5217286592216226e-10,7.027468636543954e-20
ISIC_0033005,HAM_0000349,df,1.1712579517375588e-10,8.035269671857748e-10,1.8198881290842905e-10,0.9865137934684753,0.013483632355928421,2.641465243868879e-06,5.7780547707553254e-11
ISIC_0033021,HAM_0002325,nv,1.9363230236770875e-20,3.465951079889812e-18,3.77852715682434e-15,5.793416702266202e-21,3.746120523295338e-15,1.0,6.465069992097571e-21
ISIC_0033023,HAM_0004011,mel,3.2550233631073957e-21,1.0889530598979473e-22,3.802799911631872e-18,4.756042705726271e-26,1.0,4.609298130282542e-16,1.3588229000047793e-28
ISIC_0033024,HAM_0006184,mel,9.857855047812336e-07,1.1912722584384028e-05,1.0067294198279342e-07,3.247021575225606e-12,0.999987006187439,3.311889651413935e-09,8.437974508023784e-15
ISIC_0033061,HAM_0001506,mel,9.010163220992545e-14,2.6144354592361196e-07,1.5001223874211433e-10,1.6901304888961022e-06,0.9999979734420776,1.5615729154205837e-08,6.953464470882409e-10
ISIC_0033072,HAM_0004193,nv,1.1291211299280235e-09,1.4613301573263016e-06,1.741076516736939e-06,1.2372569635488162e-09,6.9500147219514474e-06,0.9999898672103882,7.573103255609226e-10
ISIC_0033075,HAM_0002170,nv,1.2953157435546814e-09,3.1760098408994963e-06,0.004532980266958475,1.056079224071027e-09,1.0596860278155873e-07,0.9954636693000793,1.6345234887804594e-10
ISIC_0033093,HAM_0006799,nv,2.2757821018307145e-13,3.366354721021092e-12,8.155113917496237e-09,5.6673764937736557e-14,6.633922566834372e-08,0.9999998807907104,1.1573466015028181e-14
ISIC_0033104,HAM_0006496,nv,7.387007672221557e-12,5.305305084135625e-10,4.8873786795411434e-08,2.7275818322708423e-12,1.7215832315287116e-07,0.9999997615814209,9.846174575537173e-14
ISIC_0033117,HAM_0005483,mel,9.135794978322714e-15,2.3712983819915677e-15,4.8483044429213987e-14,1.886095873712786e-17,1.0,6.522576923018164e-10,2.93059569290146e-17
ISIC_0033127,HAM_0006085,bkl,3.477436116838817e-09,1.2579171038140657e-09,0.9999924898147583,5.156317733900906e-11,4.748737865156727e-07,7.004141934885411e-06,6.416853810461975e-13
ISIC_0033132,HAM_0004387,nv,6.360795623550075e-08,4.702618809915293e-07,0.004366215784102678,1.5100319217253855e-08,0.0002547536860220134,0.9953784942626953,1.0573398157021074e-08
ISIC_0033136,HAM_0007494,nv,3.6933066439814866e-05,0.008187741041183472,0.006629294715821743,1.2524304111138918e-05,0.6281790137290955,0.35690808296203613,4.645229273592122e-05
ISIC_0033139,HAM_0005316,nv,8.125925715923161e-20,2.2593156301936494e-18,4.873089043400114e-09,7.085743833815741e-21,2.2609906047596203e-16,1.0,6.315746798619873e-19
ISIC_0033141,HAM_0005274,mel,1.1662228516229334e-08,1.990385726458044e-06,3.055522768136143e-08,5.542455827622916e-09,0.09964561462402344,0.9003523588180542,1.5909779049749773e-09
ISIC_0033146,HAM_0003690,bcc,4.701187350519831e-08,1.0,2.1812751800111274e-14,2.692130904307651e-16,8.33567901661024e-14,1.7679976406503872e-14,2.8106669867537026e-20
ISIC_0033148,HAM_0002519,nv,2.284332770779778e-20,3.4033765209114005e-18,8.596308682788135e-15,1.9485417091707175e-20,1.1479591894582829e-14,1.0,7.547339696188741e-21
ISIC_0033162,HAM_0004615,nv,3.1984033199705664e-08,2.8653724370997224e-07,6.763311102986336e-05,1.1872312022376263e-08,0.006334521807730198,0.9935975074768066,6.41319175542776e-08
ISIC_0033163,HAM_0004221,nv,4.027018996044518e-11,1.0734702710069044e-10,1.083289100783924e-11,1.0929552754371588e-13,0.9999560117721558,4.3962678319076076e-05,3.2672105038794585e-12
ISIC_0033181,HAM_0003097,nv,1.1666725824828537e-15,3.360384193129562e-11,6.946294095477867e-10,1.9474264594584317e-13,4.4027163859095e-11,1.0,3.4613566353425274e-12
ISIC_0033185,HAM_0004113,bkl,9.01853732752228e-14,3.2536880091235676e-14,1.0,2.9921940305262934e-14,2.0296678115983013e-08,9.605904516263308e-09,3.2052956638276015e-19
ISIC_0033223,HAM_0007596,nv,3.0127816745290775e-14,1.7612400795598282e-13,2.73465916578175e-10,1.240950383935241e-15,6.7666362964236004e-12,1.0,1.7890557691037237e-15
ISIC_0033224,HAM_0001883,nv,9.48123003718937e-12,2.837731438720681e-10,2.2864636406438876e-08,4.527296940115555e-12,4.502698175201658e-06,0.9999954700469971,3.439477164451227e-13
ISIC_0033230,HAM_0007097,vasc,0.031109757721424103,0.004067138768732548,1.6809945009299554e-06,2.1988493244862184e-05,0.014842751435935497,0.10936587303876877,0.8405908346176147
ISIC_0033238,HAM_0007574,mel,2.5800788989727153e-06,9.508255061518867e-06,0.0549452118575573,5.250859089755977e-07,0.5382167100906372,0.40682536363601685,1.8676665547445737e-07
ISIC_0033247,HAM_0005263,nv,1.2579858162109492e-11,2.8568484466973132e-08,3.1389975063689235e-09,6.667073837451909e-11,5.287361636874266e-05,0.9999470710754395,8.139626750391926e-09
ISIC_0033253,HAM_0002434,nv,4.5600457437844355e-11,1.9253111604999873e-10,6.22225755364525e-08,2.39053958919766e-12,0.9956876635551453,0.004312213510274887,4.417231825541018e-13
ISIC_0033254,HAM_0005878,vasc,6.305843089461677e-44,2.9175978713162935e-34,1.2992489036603623e-39,5.1629720879276425e-40,4.623954001626561e-37,4.155643444101679e-26,1.0
ISIC_0033259,HAM_0003535,nv,1.8924280545395966e-11,1.2949888272828503e-08,5.95387405155634e-07,1.0899144434195485e-11,1.7482307157479227e-08,0.9999994039535522,7.250980957156095e-13
ISIC_0033263,HAM_0005759,nv,8.536992024283101e-16,4.9414730120267425e-12,1.3155018740995672e-10,1.3978591081284823e-15,9.38361166546997e-10,1.0,5.877191044083166e-17
ISIC_0033293,HAM_0001801,nv,1.1895242608503539e-15,8.50602520276883e-13,1.2643085689489908e-08,1.5140017776967094e-16,1.7404305427404232e-11,1.0,5.227302368324344e-17
ISIC_0033303,HAM_0005740,nv,1.5165623318264795e-16,4.3896791312569156e-14,2.8635991147774043e-13,2.911376118281566e-16,6.534456309381653e-10,1.0,7.962373707419423e-13
ISIC_0033326,HAM_0001692,nv,3.645644028438255e-06,4.32506094512064e-05,0.0015294905751943588,1.0047814384961384e-06,0.0013149495935067534,0.9971068501472473,8.343994863935222e-07
ISIC_0033331,HAM_0005995,nv,6.710681316191014e-11,1.3891428285450758e-10,3.449379164521815e-07,8.801070983111003e-12,1.1385204743419308e-06,0.9999985694885254,2.6162698309878385e-13
ISIC_0033347,HAM_0006080,nv,1.985529118507176e-13,1.0451983896431205e-11,7.1678798008179e-08,3.233804825482356e-13,3.3214466732545134e-09,0.9999998807907104,1.8638758410489432e-14
ISIC_0033363,HAM_0002363,nv,4.249344799645005e-12,4.327021940753184e-07,2.0057647986959637e-07,1.0917999143655877e-10,5.679153503024281e-08,0.9999992847442627,1.6567326937416693e-12
ISIC_0033374,HAM_0006766,nv,5.64217645891154e-16,7.836151866280616e-12,9.95811877402275e-10,3.573400340954819e-15,1.4764640248257632e-12,1.0,1.6354268200097222e-14
ISIC_0033379,HAM_0002008,bkl,2.9764433105705645e-12,1.345889458909122e-11,0.9999949932098389,6.857858600656588e-14,5.479032852417909e-11,4.980538051313488e-06,3.756875406505744e-16
ISIC_0033380,HAM_0000262,nv,5.21868571468076e-07,4.918367721984396e-07,2.1722171368310228e-05,6.317657721410797e-07,0.0010949084535241127,0.9988817572593689,6.044616895906074e-08
ISIC_0033387,HAM_0001105,mel,4.793992425256022e-10,4.606555761843545e-11,9.664508837659014e-08,7.711505587738865e-13,0.9999897480010986,1.0145932719751727e-05,7.105473436193332e-13
ISIC_0033388,HAM_0002501,nv,0.0013919960474595428,0.0010006751399487257,0.0017196570988744497,0.00010791013482958078,0.13675405085086823,0.8589885234832764,3.719045707839541e-05
ISIC_0033405,HAM_0003506,mel,1.7432031373942891e-09,9.611043142170473e-15,3.839405356143022e-12,5.668806895252343e-13,1.0,1.6110712763861557e-09,3.6005734755400923e-16
ISIC_0033419,HAM_0006182,nv,2.2327344644358996e-14,3.727761710425881e-10,1.874308708238459e-09,6.714073063794276e-14,7.450334793546176e-11,1.0,2.4165913512636233e-16
ISIC_0033424,HAM_0000079,mel,5.894675372819513e-12,4.587199675963388e-15,6.700570653883631e-12,4.566993202080824e-17,1.0,1.0542070549846017e-09,6.287860989207062e-19
ISIC_0033432,HAM_0005893,mel,3.506161760924442e-08,4.8581863865138075e-08,1.4331044440041296e-06,1.019648809830187e-08,0.9993439316749573,0.0006545665091834962,4.6288817223683054e-09
ISIC_0033446,HAM_0004555,bkl,4.989628710205807e-09,2.1205668332413552e-08,0.0030328817665576935,3.212543286945646e-10,1.3713558928429848e-06,0.9969657063484192,3.994418129593669e-09
ISIC_0033457,HAM_0005434,nv,9.37742239415229e-09,1.16989959386693e-10,0.9999290704727173,1.4010780383100219e-11,4.57986825495027e-05,2.511639286240097e-05,1.5897214642769664e-13
ISIC_0033464,HAM_0000650,nv,7.393106173916517e-14,6.252218252671138e-13,4.5928776337689214e-09,9.418064049314e-16,4.720417112746844e-11,1.0,1.298061262766507e-15
ISIC_0033490,HAM_0000983,bkl,3.7059542989936745e-08,1.1687155847539543e-06,0.998870313167572,4.2720635917703476e-09,4.930652721668594e-07,0.0011279841419309378,1.3508036467158036e-08
ISIC_0033514,HAM_0005185,nv,2.1178744522010184e-12,1.4840566275875489e-10,0.9999135732650757,4.990148241455425e-14,3.297951842173852e-11,8.64709509187378e-05,6.619064189191355e-17
ISIC_0033539,HAM_0001728,bkl,6.305680813056824e-07,4.9769020904477657e-08,0.9999780654907227,5.8159330684759425e-09,2.5132419523288263e-06,1.8788203306030482e-05,4.541475528974104e-10
ISIC_0033544,HAM_0003947,nv,8.833456202800066e-16,2.1269737612351382e-14,3.982472338015519e-11,6.909376790928886e-17,8.938730311491838e-11,1.0,8.614219194457828e-18
ISIC_0033551,HAM_0004083,bcc,6.03136984800301e-12,0.9998457431793213,4.585578139426616e-09,1.687240971937065e-11,2.5329838920784553e-11,0.00015426950994879007,2.89573622242259e-13
ISIC_0033563,HAM_0003505,nv,5.77202826408685e-18,6.948456024967464e-13,2.079939817383955e-13,6.7342721678284545e-18,2.4685262514645423e-12,1.0,2.9299921819265416e-17
ISIC_0033565,HAM_0005989,vasc,0.0,1.9904446961227427e-38,1.045508784232746e-41,5.605193857299268e-45,4.949105916302389e-40,1.6528270597420496e-30,1.0
ISIC_0033582,HAM_0004442,bkl,6.559945642248266e-11,1.5568522165887444e-11,0.9999988079071045,2.329715066695659e-11,1.9565955966527326e-08,1.1751453712349758e-06,1.6234122294001593e-15
ISIC_0033583,HAM_0000112,bkl,1.4472268938803268e-09,1.2334043508754888e-11,0.9999982118606567,3.6971688731346486e-12,1.3520105994757614e-06,4.181931387847726e-07,5.776120425838823e-16
ISIC_0033585,HAM_0005972,nv,2.5358053790114354e-07,1.0084069117510808e-06,1.1418614121794235e-05,7.931657819426619e-08,0.9856919646263123,0.0142952436581254,6.096161797586319e-08
ISIC_0033587,HAM_0004091,bkl,2.378391859408349e-15,4.750808219011174e-16,1.0,5.638101312264767e-19,4.054417222689854e-15,4.571683032139617e-09,7.105561594952349e-20
ISIC_0033589,HAM_0006925,nv,1.3655086839037267e-08,1.9404839690650988e-07,2.616407755340333e-06,3.4886564748148885e-09,0.000109651948150713,0.9998874664306641,1.993322590321256e-10
ISIC_0033625,HAM_0005300,nv,3.146403469145298e-05,3.1999716156860813e-05,0.00022433993581216782,4.543734576145653e-06,0.14143584668636322,0.8582668900489807,4.9605805543251336e-06
ISIC_0033626,HAM_0006371,df,2.4787694119510206e-09,6.740025426665852e-09,5.2272191908286914e-08,0.9983596205711365,0.00010315942199667916,0.0015371839981526136,1.0799096061830937e-09
ISIC_0033635,HAM_0001837,bkl,7.477435337577276e-12,6.794671162518862e-13,0.9999998807907104,4.744835641469318e-14,3.483266799997331e-11,1.1495659180127404e-07,9.510382593751719e-15
ISIC_0033643,HAM_0000483,mel,1.3535595977387516e-09,7.176206295866905e-10,6.895653115179812e-08,1.5824826171684236e-10,0.9997562766075134,0.00024365248100366443,5.394937534902722e-12
ISIC_0033652,HAM_0005363,nv,8.863206934876799e-13,8.447444965753448e-10,1.4162014672081114e-08,5.572199060673022e-13,2.3078774447071737e-08,1.0,8.547753704932909e-14
ISIC_0033655,HAM_0007343,mel,1.5414256893109268e-07,4.770144457211245e-08,6.096055926718691e-07,2.4646598095756644e-09,0.9999663829803467,3.286387072876096e-05,2.516235220184626e-09
ISIC_0033666,HAM_0002664,bcc,1.636649669956025e-11,8.721011113266286e-08,7.298216132767266e-06,2.912757247853712e-14,0.9999926090240479,3.934379905201624e-11,1.6416541427104647e-16
ISIC_0033687,HAM_0007117,mel,6.309880884529081e-16,3.836050421586911e-17,1.1992060591957073e-15,1.0001511096730725e-18,1.0,1.2912978845924794e-11,7.207061825991434e-19
ISIC_0033696,HAM_0000176,mel,3.7688956240306495e-23,3.4053661941411895e-24,1.2959206820114571e-20,1.0320490961897987e-25,1.0,1.7171928056443993e-16,1.5073453597197678e-24
ISIC_0033737,HAM_0004303,nv,1.3184046909753278e-10,1.7866795820609127e-09,5.20293440331443e-07,1.198160407694937e-11,2.0905621056499513e-07,0.9999992847442627,6.366708809463217e-12
ISIC_0033738,HAM_0004145,nv,7.054639095116499e-10,1.8887290025304537e-06,4.736376126857067e-07,1.099471735876989e-09,4.2715305426099803e-07,0.9999971389770508,8.518158400860898e-10
ISIC_0033762,HAM_0007097,vasc,2.9989570036613215e-34,5.194665171735737e-31,3.8248242074717803e-34,6.363139470754092e-36,1.0803836923040352e-30,1.4855784193696176e-25,1.0
ISIC_0033772,HAM_0004204,nv,3.126669412267802e-07,4.167418055089911e-08,1.0024119774243445e-06,3.0240314696783344e-09,0.9996331930160522,0.00036538668791763484,1.8698260717542325e-09
ISIC_0033775,HAM_0004708,nv,2.0706822922988977e-09,6.755204822184169e-07,8.433849870925769e-05,4.462461067333834e-09,1.3721872164751403e-05,0.9999011754989624,3.2707320185565436e-10
ISIC_0033784,HAM_0000332,bkl,6.465487867313158e-14,8.53787526788885e-15,1.0,3.8793926872163296e-15,1.0894334739885991e-10,1.2043379626902606e-08,7.218452620014172e-19
ISIC_0033787,HAM_0006418,nv,1.2346596835188794e-11,1.2562879625477308e-08,1.3555402460230237e-11,7.37319580390583e-11,0.9999549388885498,4.499265196500346e-05,3.0141337342692864e-11
ISIC_0033789,HAM_0006182,nv,1.2024236051288995e-09,4.779596096682326e-08,0.000593106378801167,1.0413314655011163e-09,0.00031395981204696,0.9990929365158081,1.4926995750563776e-10
ISIC_0033799,HAM_0001912,nv,8.850533500526225e-11,9.841924608622321e-09,1.4288737304468668e-07,2.031765727883439e-10,5.247421995591139e-06,0.9999946355819702,1.752964613743746e-11
ISIC_0033814,HAM_0002086,mel,5.148988790892872e-08,0.0010299633722752333,1.9365553782790812e-07,1.2530754212036754e-10,0.998969554901123,2.4685203925400856e-07,4.254308710871513e-11
ISIC_0033839,HAM_0005194,nv,9.253679309040308e-06,3.809504414675757e-05,0.006627646274864674,1.2584103387780488e-05,0.21695461869239807,0.7763544917106628,3.3006497233145637e-06
ISIC_0033845,HAM_0001739,nv,8.353917451131565e-07,3.875073616654845e-06,0.00014096827362664044,6.852354772490798e-07,0.31479090452194214,0.6850624680519104,3.1165416203293717e-07
ISIC_0033846,HAM_0006516,nv,3.917220564646106e-24,3.563879131453587e-18,5.037899130933823e-15,7.972266962347901e-24,6.43070060533425e-16,1.0,4.3226425317934184e-23
ISIC_0033848,HAM_0000002,mel,1.2043249274501488e-18,2.828275012432057e-19,1.740164670046181e-19,7.194136300931887e-23,1.0,1.0212264587032734e-14,5.281771969969126e-21
ISIC_0033869,HAM_0000462,akiec,1.6349880338495382e-09,8.820813870991095e-12,1.0,4.91799725943487e-11,2.4688735500433268e-09,3.9421895081659386e-08,1.1210539290425789e-15
ISIC_0033871,HAM_0000064,mel,2.509802643491099e-10,2.6009786324721063e-08,6.911973571277485e-08,1.5547498011247995e-10,0.0020661277230829,0.9979338645935059,8.117240768434897e-10
ISIC_0033872,HAM_0006101,mel,5.816187531593187e-10,1.3869485421258432e-11,7.133172386097897e-10,1.8492523051055754e-12,0.9999974966049194,2.526772959754453e-06,3.346216533028912e-14
ISIC_0033877,HAM_0004237,nv,1.6791888417463e-37,5.013644213884249e-31,4.492496603243575e-27,2.1695622979983604e-36,6.644113085193432e-28,1.0,2.793638949971273e-35
ISIC_0033880,HAM_0004149,nv,7.770256036619684e-40,3.24896031567474e-34,2.052065644606967e-27,3.870162150710853e-40,4.4778416636382015e-31,1.0,3.149560222078493e-37
ISIC_0033885,HAM_0005737,mel,2.6919618534293477e-08,2.530840259584721e-10,1.473873254553837e-07,6.641648342409212e-11,0.9999979734420776,1.943652023328468e-06,2.1854551154887325e-11
ISIC_0033894,HAM_0000676,nv,3.3633000384725165e-07,1.5124793151244376e-07,4.5806493290001526e-05,2.2874909078041128e-08,0.9563624262809753,0.043591223657131195,1.310752395511372e-08
ISIC_0033895,HAM_0004348,nv,2.7310925743151415e-10,5.482178266902338e-09,1.5697889921284514e-06,7.047361999523716e-11,2.847496944013983e-06,0.9999955892562866,7.369822634106793e-12
ISIC_0033905,HAM_0000042,mel,6.715649147892577e-10,3.7579050114755486e-12,2.5562271743773124e-10,4.0557203320572277e-13,0.9999998807907104,7.687636127684527e-08,1.857047739054537e-15
ISIC_0033929,HAM_0001509,nv,2.8510076521826022e-09,5.557033091463381e-07,6.055018457118422e-05,8.162297504554772e-09,5.423197944764979e-05,0.9998846054077148,6.129375340613308e-10
ISIC_0033935,HAM_0004118,nv,2.2911784619530695e-17,6.403088919440536e-16,4.2635776094542e-13,1.2406225226276495e-17,4.206479782553618e-12,1.0,1.2582380782345175e-17
ISIC_0033949,HAM_0003728,bkl,2.0110208598023982e-23,9.949780166340132e-22,1.0,9.337212588327312e-32,3.5619347090294926e-26,1.281248485116941e-19,2.614331762323415e-33
ISIC_0033962,HAM_0005010,mel,7.001800147770989e-22,5.989019370663438e-24,1.1644775629295896e-20,4.1039103157158345e-25,1.0,4.237528487589933e-17,6.867590080368056e-26
ISIC_0033983,HAM_0006042,nv,1.2101131208197557e-10,2.0524206334471273e-08,1.5984551282599568e-07,2.808105831197949e-11,5.773372322437353e-07,0.9999992847442627,2.6673670217025602e-11
ISIC_0034001,HAM_0003614,nv,8.324789632752072e-06,2.3009784854366444e-05,0.00030654179863631725,0.00015594958676956594,0.8717706799507141,0.1277274787425995,8.013725164346397e-06
ISIC_0034016,HAM_0006637,nv,2.6949848345852755e-18,6.021507670603407e-15,2.8862968872583883e-12,7.795014257371036e-18,1.2583342571051426e-13,1.0,7.77990179992859e-16
ISIC_0034025,HAM_0003418,nv,2.465280287379458e-15,2.239909917701316e-13,3.1952018808567573e-10,1.2515997056645957e-15,9.570265586955617e-12,1.0,1.0797616022595238e-15
ISIC_0034031,HAM_0002372,bkl,4.7540771674903226e-07,1.3797608744425816e-06,0.7503247857093811,5.104119793486461e-08,7.33021352061769e-06,0.24966572225093842,2.3475233490444225e-07
ISIC_0034050,HAM_0002723,mel,1.9854172762768206e-15,1.7589085959615223e-15,3.1481452644407937e-13,5.999287667056321e-16,1.0,3.4151099725932e-09,1.650595766608816e-16
ISIC_0034059,HAM_0005280,mel,1.2808852936641024e-11,9.486473412367857e-11,4.105284112654317e-09,7.891545923677246e-12,0.9999984502792358,1.5647266309315455e-06,4.177229715558381e-14
ISIC_0034083,HAM_0000304,nv,1.8055648769368444e-23,1.4495640685762834e-20,2.298253648752146e-15,6.76460404267242e-25,7.076820513873382e-16,1.0,1.6409583797187372e-24
ISIC_0034103,HAM_0002327,bkl,9.704118987002597e-19,4.0311321175632436e-14,1.6267112903808168e-16,2.861439268128722e-19,1.0,4.618451454607708e-12,2.1840108682167977e-21
ISIC_0034110,HAM_0000268,nv,1.412095917627254e-12,3.721619989960345e-08,4.0126490574721174e-08,2.2470699346383016e-12,2.656542896772862e-08,0.9999998807907104,1.169908753206883e-10
ISIC_0034135,HAM_0006371,df,6.281736242286229e-11,4.6643806872470606e-11,6.716404099549322e-10,6.831615717572959e-09,0.0014811087166890502,0.9985188841819763,1.4558177796955563e-12
ISIC_0034145,HAM_0004949,mel,2.8024760467815213e-07,1.9990436328498618e-07,0.07405640929937363,3.264933567947992e-08,0.3499907851219177,0.5759523510932922,1.691800655123643e-08
ISIC_0034155,HAM_0003690,bcc,4.948856435760263e-09,1.0,3.3046566243026543e-13,1.5590505367821597e-14,3.912627600383134e-13,8.395270589822701e-11,6.811136189170658e-17
ISIC_0034180,HAM_0007086,mel,5.149714965568819e-08,3.464515430096071e-07,4.2949050111928955e-06,3.418679028754923e-08,0.993694007396698,0.006301298271864653,5.5967337431184205e-09
ISIC_0034181,HAM_0004587,nv,3.416037712980968e-15,1.1624400986058603e-13,1.3930099261594275e-11,5.918004797251023e-16,1.5797316232912806e-10,1.0,8.976221885524104e-17
ISIC_0034185,HAM_0000181,nv,2.4921234780678203e-12,9.341043563648732e-13,2.4781463339729193e-11,1.2676007297854688e-14,2.5398954051070177e-08,1.0,6.705613576343458e-14
ISIC_0034186,HAM_0000825,bkl,2.7058856457568004e-12,2.5210639131856283e-10,0.9999996423721313,5.70819839963363e-14,4.02944635879976e-07,1.4620119337394044e-08,2.9418303938067065e-16
ISIC_0034203,HAM_0005190,nv,3.231007212889381e-07,0.9819621443748474,1.9273668385721976e-06,1.8051144934361218e-06,2.1038425984443165e-05,0.01800822839140892,4.530903879640391e-06
ISIC_0034220,HAM_0002502,nv,5.954825174625533e-12,7.297588311416803e-09,1.8792810863033083e-08,8.264795792189972e-11,3.007945110766741e-07,0.9999996423721313,1.263161936160273e-10
ISIC_0034249,HAM_0004584,nv,1.2843497099179757e-11,7.713984451207523e-10,1.0278282616127399e-06,4.968411099204317e-12,2.624086903324496e-07,0.9999986886978149,1.351099001558817e-13
ISIC_0034274,HAM_0004706,nv,3.396203510419582e-06,7.488419214496389e-05,0.05088508874177933,5.294797347232816e-07,0.00012412854994181544,0.9489117860794067,1.186046176826494e-07
ISIC_0034276,HAM_0003046,bcc,2.6417185949867417e-07,0.9996620416641235,4.095036310047817e-09,2.6180999590508236e-09,6.2136509271226714e-09,0.0003377010580152273,2.1170882755217058e-11
ISIC_0034281,HAM_0004296,nv,1.3483500774236212e-11,1.936994294737815e-06,4.747865389731487e-08,3.569122775104461e-11,6.08069949947776e-09,0.9999980926513672,2.407601895626499e-12
ISIC_0034288,HAM_0003606,nv,3.9536765788356076e-13,8.951216157182529e-11,7.533486057198502e-10,1.3307699397741707e-13,3.3825691048150475e-07,0.9999996423721313,4.155738795620645e-14
ISIC_0034291,HAM_0006528,bkl,5.878110868924325e-17,4.540846436508329e-18,1.0,1.8010479742516967e-20,3.723834768815722e-16,2.2971537866345315e-11,6.869438123117042e-22
ISIC_0034309,HAM_0003810,nv,3.0685360936227868e-15,1.3791881726303926e-15,6.434811451044853e-12,9.225750512595831e-18,1.1654238229845404e-13,1.0,1.2572203358883476e-18
ISIC_0034316,HAM_0004304,mel,7.882323998206621e-19,1.0953462598905485e-18,1.76169907652308e-18,7.442580280639937e-22,1.0,1.243713977156424e-14,1.8568508385324884e-21
ISIC_0034317,HAM_0006376,mel,4.95357653562678e-06,2.6830816750589292e-06,3.276730785728432e-05,6.018552767272922e-07,0.772896409034729,0.22705954313278198,2.9778818770864746e-06
