experiment_id,era,record_kind,phase,protocol,evaluation_split,split_manifest,split_sha256,method,model,pretrained_weights,attention,image_size,preprocessing,augmentation,imbalance,loss,optimizer,backbone_lr,head_lr,batch_size,seed,epochs,best_epoch,accuracy,macro_precision,macro_recall,macro_f1,val_loss,runtime_seconds,checkpoint,checkpoint_available_local,config_path,ensemble_members,ensemble_weights,history_path,metrics_path,source_selector,source_sha256,portable_metrics_path,portable_history_path,portable_config_path,source_availability,checkpoint_sha256,confusion_matrix_path,plots_dir,status,decision,notes
legacy:results/accuracy_exploration/panderm_base_last2_pilot_v1/best_validation_metrics.json,legacy,training_run,accuracy_exploration,strict_lesion_disjoint,validation,data/splits/split_assignments.csv,db1ce9f8b83f176001dd89fd332fb1668c7d2ba5f58d77157d293a09e2c2e696,panderm_base_last2_pilot_v1,PanDerm Base; last two transformer blocks plus layer norm and head updated,,,,,,,,,,,,,2,2,0.844311377245509,0.6669766482174406,0.7245643057555746,0.6909465917017578,,,checkpoints/accuracy_exploration/panderm_base_last2_pilot_v1/best.pt,True,results/accuracy_exploration/panderm_base_last2_pilot_v1/protocol.json,,,results/accuracy_exploration/panderm_base_last2_pilot_v1/history.csv,results/accuracy_exploration/panderm_base_last2_pilot_v1/best_validation_metrics.json,,eb71f148cbfce9b65cd32955380271302f28903c11860d81d33a6d6e2d781d6e,,,,original,,results/accuracy_exploration/panderm_base_last2_pilot_v1/best_validation_metrics.json,results/figures/legacy/strict_lesion_disjoint/panderm_base_last2_pilot_v1,historical_observed,not_selected_for_new_final_model,Imported from saved evidence; protocol mapped from audited producer/folder. Empty fields mean not recorded. Validation-selected; test not evaluated.
legacy:results/accuracy_exploration/panderm_base_strict_ensembles_v1/four_equal.json,legacy,inference_candidate,accuracy_exploration,strict_lesion_disjoint,validation,data/splits/split_assignments.csv,db1ce9f8b83f176001dd89fd332fb1668c7d2ba5f58d77157d293a09e2c2e696,four_equal,,,,,,,,,,,,,,,,0.8749168330006654,0.8082563267856806,0.7448628156649907,0.7719353725632603,,,,,results/accuracy_exploration/panderm_base_strict_ensembles_v1/protocol.json,,,,results/accuracy_exploration/panderm_base_strict_ensembles_v1/four_equal.json,,e4010e3dc71b91c401ce3f31c3445e1ca36e4ca9ee99d1d4600cd7434aec55e3,,,,original,,results/accuracy_exploration/panderm_base_strict_ensembles_v1/four_equal.json,,historical_observed,not_selected_for_new_final_model,Imported from saved evidence; protocol mapped from audited producer/folder. Empty fields mean not recorded. Validation-selected; test not evaluated.
legacy:results/accuracy_exploration/panderm_base_strict_ensembles_v1/linear_weighted_oversampled_equal.json,legacy,inference_candidate,accuracy_exploration,strict_lesion_disjoint,validation,data/splits/split_assignments.csv,db1ce9f8b83f176001dd89fd332fb1668c7d2ba5f58d77157d293a09e2c2e696,linear_weighted_oversampled_equal,,,,,,,,,,,,,,,,0.8709248170326015,0.8105191352183864,0.7428341001026746,0.7716629494284316,,,,,results/accuracy_exploration/panderm_base_strict_ensembles_v1/protocol.json,,,,results/accuracy_exploration/panderm_base_strict_ensembles_v1/linear_weighted_oversampled_equal.json,,669d73d84088ffffb6cdd4bc939267ec29cccd1bf27bde1a7805d6efb47c32ee,,,,original,,results/accuracy_exploration/panderm_base_strict_ensembles_v1/linear_weighted_oversampled_equal.json,,historical_observed,not_selected_for_new_final_model,Imported from saved evidence; protocol mapped from audited producer/folder. Empty fields mean not recorded. Validation-selected; test not evaluated.
legacy:results/accuracy_exploration/panderm_base_strict_ensembles_v1/pilot_svm_weighted_oversampled_equal.json,legacy,inference_candidate,accuracy_exploration,strict_lesion_disjoint,validation,data/splits/split_assignments.csv,db1ce9f8b83f176001dd89fd332fb1668c7d2ba5f58d77157d293a09e2c2e696,pilot_svm_weighted_oversampled_equal,,,,,,,,,,,,,,,,0.8762475049900199,0.8096664842895781,0.7542446200766161,0.7780832712392716,,,,,results/accuracy_exploration/panderm_base_strict_ensembles_v1/protocol.json,,,,results/accuracy_exploration/panderm_base_strict_ensembles_v1/pilot_svm_weighted_oversampled_equal.json,,f084388250c34c8eef10bfd3b55ebf2acf687006c116f99023bb102199497f3f,,,,original,,results/accuracy_exploration/panderm_base_strict_ensembles_v1/pilot_svm_weighted_oversampled_equal.json,,historical_observed,not_selected_for_new_final_model,Imported from saved evidence; protocol mapped from audited producer/folder. Empty fields mean not recorded. Validation-selected; test not evaluated.
legacy:results/accuracy_exploration/panderm_base_strict_ensembles_v1/pilot_weighted_equal.json,legacy,inference_candidate,accuracy_exploration,strict_lesion_disjoint,validation,data/splits/split_assignments.csv,db1ce9f8b83f176001dd89fd332fb1668c7d2ba5f58d77157d293a09e2c2e696,pilot_weighted_equal,,,,,,,,,,,,,,,,0.8749168330006654,0.7710799650190466,0.7707782885952424,0.769878456940666,,,,,results/accuracy_exploration/panderm_base_strict_ensembles_v1/protocol.json,,,,results/accuracy_exploration/panderm_base_strict_ensembles_v1/pilot_weighted_equal.json,,98406d565fca5913988e2b3cc04897c0d76c399bb448339ebe899decf063b8d7,,,,original,,results/accuracy_exploration/panderm_base_strict_ensembles_v1/pilot_weighted_equal.json,,historical_observed,not_selected_for_new_final_model,Imported from saved evidence; protocol mapped from audited producer/folder. Empty fields mean not recorded. Validation-selected; test not evaluated.
legacy:results/accuracy_exploration/panderm_base_strict_ensembles_v1/pilot_weighted_oversampled_equal.json,legacy,inference_candidate,accuracy_exploration,strict_lesion_disjoint,validation,data/splits/split_assignments.csv,db1ce9f8b83f176001dd89fd332fb1668c7d2ba5f58d77157d293a09e2c2e696,pilot_weighted_oversampled_equal,,,,,,,,,,,,,,,,0.8715901530272788,0.8114900666017419,0.7506367392306149,0.7764634330630751,,,,,results/accuracy_exploration/panderm_base_strict_ensembles_v1/protocol.json,,,,results/accuracy_exploration/panderm_base_strict_ensembles_v1/pilot_weighted_oversampled_equal.json,,fc156b39f4000af990e1cba69692a3d9750314f6f42131b9750a9b832d40d463,,,,original,,results/accuracy_exploration/panderm_base_strict_ensembles_v1/pilot_weighted_oversampled_equal.json,,historical_observed,not_selected_for_new_final_model,Imported from saved evidence; protocol mapped from audited producer/folder. Empty fields mean not recorded. Validation-selected; test not evaluated.
legacy:results/accuracy_exploration/panderm_base_strict_ensembles_v1/svm_weighted_equal.json,legacy,inference_candidate,accuracy_exploration,strict_lesion_disjoint,validation,data/splits/split_assignments.csv,db1ce9f8b83f176001dd89fd332fb1668c7d2ba5f58d77157d293a09e2c2e696,svm_weighted_equal,,,,,,,,,,,,,,,,0.8682634730538922,0.8011615221427552,0.7655657702754127,0.7816342666632679,,,,,results/accuracy_exploration/panderm_base_strict_ensembles_v1/protocol.json,,,,results/accuracy_exploration/panderm_base_strict_ensembles_v1/svm_weighted_equal.json,,b783e8d7ce4f292495b9b8c851d209a4f4b57b2ee1f8f808511ccdc034be34a2,,,,original,,results/accuracy_exploration/panderm_base_strict_ensembles_v1/svm_weighted_equal.json,,historical_observed,not_selected_for_new_final_model,Imported from saved evidence; protocol mapped from audited producer/folder. Empty fields mean not recorded. Validation-selected; test not evaluated.
legacy:results/accuracy_exploration/panderm_base_strict_ensembles_v1/svm_weighted_oversampled_equal.json,legacy,inference_candidate,accuracy_exploration,strict_lesion_disjoint,validation,data/splits/split_assignments.csv,db1ce9f8b83f176001dd89fd332fb1668c7d2ba5f58d77157d293a09e2c2e696,svm_weighted_oversampled_equal,,,,,,,,,,,,,,,,0.8662674650698603,0.7993022568554562,0.7362473278096237,0.7637180118112485,,,,,results/accuracy_exploration/panderm_base_strict_ensembles_v1/protocol.json,,,,results/accuracy_exploration/panderm_base_strict_ensembles_v1/svm_weighted_oversampled_equal.json,,a8476b2311030ba1e721f20e45caa8deb60022d85606e505ba922e003d982a10,,,,original,,results/accuracy_exploration/panderm_base_strict_ensembles_v1/svm_weighted_oversampled_equal.json,,historical_observed,not_selected_for_new_final_model,Imported from saved evidence; protocol mapped from audited producer/folder. Empty fields mean not recorded. Validation-selected; test not evaluated.
legacy:results/accuracy_exploration/panderm_base_strict_ensembles_v1/svm_weighted_tta_equal.json,legacy,inference_candidate,accuracy_exploration,strict_lesion_disjoint,validation,data/splits/split_assignments.csv,db1ce9f8b83f176001dd89fd332fb1668c7d2ba5f58d77157d293a09e2c2e696,svm_weighted_tta_equal,,,,,,,,,,,,,,,,0.8669328010645376,0.8038407229239626,0.7656812103908528,0.7830218456079451,,,,,results/accuracy_exploration/panderm_base_strict_ensembles_v1/protocol.json,,,,results/accuracy_exploration/panderm_base_strict_ensembles_v1/svm_weighted_tta_equal.json,,846752ef1f17eb6fce20cab1400f8be57b8e6eb1656bde56cce06b7a5612c1f6,,,,original,,results/accuracy_exploration/panderm_base_strict_ensembles_v1/svm_weighted_tta_equal.json,,historical_observed,not_selected_for_new_final_model,Imported from saved evidence; protocol mapped from audited producer/folder. Empty fields mean not recorded. Validation-selected; test not evaluated.
legacy:results/accuracy_exploration/panderm_base_strict_heads_v1/standardized_logreg_c1.json,legacy,inference_candidate,accuracy_exploration,strict_lesion_disjoint,validation,data/splits/split_assignments.csv,db1ce9f8b83f176001dd89fd332fb1668c7d2ba5f58d77157d293a09e2c2e696,standardized_logreg_c1,,,,,,,,,,,,,,,,0.8456420492348636,0.7156568534974239,0.6755786322812394,0.6942550027209103,,,,,,,,,results/accuracy_exploration/panderm_base_strict_heads_v1/standardized_logreg_c1.json,,781d5e12a8f50e4a2947e9fc6a234c0b2bd790336bc082172278fdb11a6c6e1c,,,,original,,results/accuracy_exploration/panderm_base_strict_heads_v1/standardized_logreg_c1.json,,historical_observed,not_selected_for_new_final_model,Imported from saved evidence; protocol mapped from audited producer/folder. Empty fields mean not recorded. Validation-selected; test not evaluated.
legacy:results/accuracy_exploration/panderm_base_strict_heads_v1/standardized_logreg_c1_plus_oversampled_b0_equal.json,legacy,inference_candidate,accuracy_exploration,strict_lesion_disjoint,validation,data/splits/split_assignments.csv,db1ce9f8b83f176001dd89fd332fb1668c7d2ba5f58d77157d293a09e2c2e696,standardized_logreg_c1_plus_oversampled_b0_equal,,,,,,,,,,,,,,,,0.8715901530272788,0.8033871318167835,0.7201272570619998,0.7546295424865529,,,,,,,,,results/accuracy_exploration/panderm_base_strict_heads_v1/standardized_logreg_c1_plus_oversampled_b0_equal.json,,893385bf2ee67d60afd830458f2ec7884aa06dce948a8c004f5cb39f77de4c6d,,,,original,,results/accuracy_exploration/panderm_base_strict_heads_v1/standardized_logreg_c1_plus_oversampled_b0_equal.json,,historical_observed,not_selected_for_new_final_model,Imported from saved evidence; protocol mapped from audited producer/folder. Empty fields mean not recorded. Validation-selected; test not evaluated.
legacy:results/accuracy_exploration/panderm_base_strict_heads_v1/standardized_logreg_c1_plus_weighted_b0_equal.json,legacy,inference_candidate,accuracy_exploration,strict_lesion_disjoint,validation,data/splits/split_assignments.csv,db1ce9f8b83f176001dd89fd332fb1668c7d2ba5f58d77157d293a09e2c2e696,standardized_logreg_c1_plus_weighted_b0_equal,,,,,,,,,,,,,,,,0.8695941450432468,0.7803833315054183,0.7372147006346628,0.7567661077105641,,,,,,,,,results/accuracy_exploration/panderm_base_strict_heads_v1/standardized_logreg_c1_plus_weighted_b0_equal.json,,98b6296a842a25de925d5f14d7afe19749914deff0943eed812b65477e4cc449,,,,original,,results/accuracy_exploration/panderm_base_strict_heads_v1/standardized_logreg_c1_plus_weighted_b0_equal.json,,historical_observed,not_selected_for_new_final_model,Imported from saved evidence; protocol mapped from audited producer/folder. Empty fields mean not recorded. Validation-selected; test not evaluated.
legacy:results/accuracy_exploration/panderm_base_strict_heads_v1/standardized_rbf_svc_c10.json,legacy,inference_candidate,accuracy_exploration,strict_lesion_disjoint,validation,data/splits/split_assignments.csv,db1ce9f8b83f176001dd89fd332fb1668c7d2ba5f58d77157d293a09e2c2e696,standardized_rbf_svc_c10,,,,,,,,,,,,,,,,0.846307385229541,0.7258050475372874,0.6506391732089524,0.6827780208826307,,,,,,,,,results/accuracy_exploration/panderm_base_strict_heads_v1/standardized_rbf_svc_c10.json,,965339945a5c7ba586f8a22ba47b5f0b9dd6b3b4aefdcd43b900364b5dfcf47f,,,,original,,results/accuracy_exploration/panderm_base_strict_heads_v1/standardized_rbf_svc_c10.json,,historical_observed,not_selected_for_new_final_model,Imported from saved evidence; protocol mapped from audited producer/folder. Empty fields mean not recorded. Validation-selected; test not evaluated.
legacy:results/accuracy_exploration/panderm_base_strict_heads_v1/standardized_rbf_svc_c10_plus_oversampled_b0_equal.json,legacy,inference_candidate,accuracy_exploration,strict_lesion_disjoint,validation,data/splits/split_assignments.csv,db1ce9f8b83f176001dd89fd332fb1668c7d2ba5f58d77157d293a09e2c2e696,standardized_rbf_svc_c10_plus_oversampled_b0_equal,,,,,,,,,,,,,,,,0.8649367930805056,0.7893921163300652,0.7084118641922251,0.7423125452845778,,,,,,,,,results/accuracy_exploration/panderm_base_strict_heads_v1/standardized_rbf_svc_c10_plus_oversampled_b0_equal.json,,80209e752d1b3f03c1a5139d1bef6b4e37c602254e32cfe1ed3d15ad41e1f77e,,,,original,,results/accuracy_exploration/panderm_base_strict_heads_v1/standardized_rbf_svc_c10_plus_oversampled_b0_equal.json,,historical_observed,not_selected_for_new_final_model,Imported from saved evidence; protocol mapped from audited producer/folder. Empty fields mean not recorded. Validation-selected; test not evaluated.
legacy:results/accuracy_exploration/panderm_base_strict_heads_v1/standardized_rbf_svc_c10_plus_weighted_b0_equal.json,legacy,inference_candidate,accuracy_exploration,strict_lesion_disjoint,validation,data/splits/split_assignments.csv,db1ce9f8b83f176001dd89fd332fb1668c7d2ba5f58d77157d293a09e2c2e696,standardized_rbf_svc_c10_plus_weighted_b0_equal,,,,,,,,,,,,,,,,0.8682634730538922,0.8011615221427552,0.7655657702754127,0.7816342666632679,,,,,,,,,results/accuracy_exploration/panderm_base_strict_heads_v1/standardized_rbf_svc_c10_plus_weighted_b0_equal.json,,b783e8d7ce4f292495b9b8c851d209a4f4b57b2ee1f8f808511ccdc034be34a2,,,,original,,results/accuracy_exploration/panderm_base_strict_heads_v1/standardized_rbf_svc_c10_plus_weighted_b0_equal.json,,historical_observed,not_selected_for_new_final_model,Imported from saved evidence; protocol mapped from audited producer/folder. Empty fields mean not recorded. Validation-selected; test not evaluated.
legacy:results/accuracy_exploration/panderm_base_strict_lp_v1/panderm_linear.json,legacy,inference_candidate,accuracy_exploration,strict_lesion_disjoint,validation,data/splits/split_assignments.csv,db1ce9f8b83f176001dd89fd332fb1668c7d2ba5f58d77157d293a09e2c2e696,panderm_linear,,https://drive.google.com/file/d/17J4MjsZu3gdBP6xAQi_NMDVvH65a00HB/view,,,,,,,,,,,,,,0.8389886892880905,0.6920543168315617,0.6674392107194945,0.6791445021545081,,,,,results/accuracy_exploration/panderm_base_strict_lp_v1/protocol.json,,,,results/accuracy_exploration/panderm_base_strict_lp_v1/panderm_linear.json,,fd8f448ddcb004da8e9e182bac98649fdc2bd859c5115519e8a7a2aa2adcfb10,,,,original,,results/accuracy_exploration/panderm_base_strict_lp_v1/panderm_linear.json,,historical_observed,not_selected_for_new_final_model,Imported from saved evidence; protocol mapped from audited producer/folder. Empty fields mean not recorded. Validation-selected; test not evaluated.
legacy:results/accuracy_exploration/panderm_base_strict_lp_v1/panderm_plus_oversampled_b0_equal.json,legacy,inference_candidate,accuracy_exploration,strict_lesion_disjoint,validation,data/splits/split_assignments.csv,db1ce9f8b83f176001dd89fd332fb1668c7d2ba5f58d77157d293a09e2c2e696,panderm_plus_oversampled_b0_equal,,https://drive.google.com/file/d/17J4MjsZu3gdBP6xAQi_NMDVvH65a00HB/view,,,,,,,,,,,,,,0.867598137059215,0.7907980941598473,0.7201022520748229,0.7492990830646994,,,,,results/accuracy_exploration/panderm_base_strict_lp_v1/protocol.json,,,,results/accuracy_exploration/panderm_base_strict_lp_v1/panderm_plus_oversampled_b0_equal.json,,c173ce7f4c356507093abacae229aa8ad04d141a8bd6f8af6212a64f4b4714b4,,,,original,,results/accuracy_exploration/panderm_base_strict_lp_v1/panderm_plus_oversampled_b0_equal.json,,historical_observed,not_selected_for_new_final_model,Imported from saved evidence; protocol mapped from audited producer/folder. Empty fields mean not recorded. Validation-selected; test not evaluated.
legacy:results/accuracy_exploration/panderm_base_strict_lp_v1/panderm_plus_weighted_b0_equal.json,legacy,inference_candidate,accuracy_exploration,strict_lesion_disjoint,validation,data/splits/split_assignments.csv,db1ce9f8b83f176001dd89fd332fb1668c7d2ba5f58d77157d293a09e2c2e696,panderm_plus_weighted_b0_equal,,https://drive.google.com/file/d/17J4MjsZu3gdBP6xAQi_NMDVvH65a00HB/view,,,,,,,,,,,,,,0.867598137059215,0.7820938779565699,0.7323954335990895,0.7539015233067358,,,,,results/accuracy_exploration/panderm_base_strict_lp_v1/protocol.json,,,,results/accuracy_exploration/panderm_base_strict_lp_v1/panderm_plus_weighted_b0_equal.json,,0446a36575628b0b2fbc2311e9a15882708e6b4718efb001e9144fdb4bcf7e15,,,,original,,results/accuracy_exploration/panderm_base_strict_lp_v1/panderm_plus_weighted_b0_equal.json,,historical_observed,not_selected_for_new_final_model,Imported from saved evidence; protocol mapped from audited producer/folder. Empty fields mean not recorded. Validation-selected; test not evaluated.
legacy:results/accuracy_exploration/panderm_base_strict_tta_v1/prior_four_control.json,legacy,inference_candidate,accuracy_exploration,strict_lesion_disjoint,validation,data/splits/split_assignments.csv,db1ce9f8b83f176001dd89fd332fb1668c7d2ba5f58d77157d293a09e2c2e696,prior_four_control,,,,,,,,,,,,,,,,0.8762475049900199,0.8096664842895781,0.7542446200766161,0.7780832712392716,,,,,results/accuracy_exploration/panderm_base_strict_tta_v1/protocol.json,,,,results/accuracy_exploration/panderm_base_strict_tta_v1/prior_four_control.json,,f084388250c34c8eef10bfd3b55ebf2acf687006c116f99023bb102199497f3f,,,,original,,results/accuracy_exploration/panderm_base_strict_tta_v1/prior_four_control.json,,historical_observed,not_selected_for_new_final_model,Imported from saved evidence; protocol mapped from audited producer/folder. Empty fields mean not recorded. Validation-selected; test not evaluated.
legacy:results/accuracy_exploration/panderm_base_strict_tta_v1/prior_four_with_svc_tta_equal.json,legacy,inference_candidate,accuracy_exploration,strict_lesion_disjoint,validation,data/splits/split_assignments.csv,db1ce9f8b83f176001dd89fd332fb1668c7d2ba5f58d77157d293a09e2c2e696,prior_four_with_svc_tta_equal,Weighted B0 + oversampled B0 + PanDerm pilot + PanDerm SVM TTA,,CBAM on B0; native transformer attention on PanDerm,224,,,,,,,,,,,,0.8769128409846972,0.8089525645314151,0.7536680451030495,0.7771193905506724,,,"[""checkpoints/efficientnet_b0_cbam_weighted_v1/best.pt"", ""checkpoints/efficientnet_b0_cbam_oversampled_v1/best.pt"", ""checkpoints/accuracy_exploration/panderm_base_last2_pilot_v1/best.pt"", ""checkpoints/accuracy_exploration/panderm_base_strict_heads_v1/standardized_rbf_svc_c10.joblib"", "".cache/panderm_bb_data6_checkpoint-499.pth""]",True,results/accuracy_exploration/panderm_base_strict_tta_v1/protocol.json,"[""weighted_b0"", ""oversampled_b0"", ""panderm_pilot"", ""panderm_svc_four_view_average""]","[0.25, 0.25, 0.25, 0.25]",,results/accuracy_exploration/panderm_base_strict_tta_v1/prior_four_with_svc_tta_equal.json,,444270791467aea3223087d2d172d63df6beaffd45cd5104763018fc23ab04a8,,,,original,,results/accuracy_exploration/panderm_base_strict_tta_v1/prior_four_with_svc_tta_equal.json,results/figures/legacy/strict_lesion_disjoint/prior_four_with_svc_tta_equal,historical_observed,historical_strict_accuracy_leader,"Imported from saved evidence; protocol mapped from audited producer/folder. Empty fields mean not recorded. Validation-selected; test not evaluated. Component metadata verified against scripts/probe_panderm_strict_tta.py, scripts/predict_panderm_strict_ensemble.py, scripts/probe_panderm_base.py."
legacy:results/accuracy_exploration/panderm_base_strict_tta_v1/svc_tta4.json,legacy,inference_candidate,accuracy_exploration,strict_lesion_disjoint,validation,data/splits/split_assignments.csv,db1ce9f8b83f176001dd89fd332fb1668c7d2ba5f58d77157d293a09e2c2e696,svc_tta4,,,,,,,,,,,,,,,,0.8489687292082502,0.7405694465373046,0.6577532455237652,0.6925166203332613,,,,,results/accuracy_exploration/panderm_base_strict_tta_v1/protocol.json,,,,results/accuracy_exploration/panderm_base_strict_tta_v1/svc_tta4.json,,0de1b712ab3bd2af30eabecbdc26379e6766ae9ecb86facb5dc6fd798005a17b,,,,original,,results/accuracy_exploration/panderm_base_strict_tta_v1/svc_tta4.json,,historical_observed,not_selected_for_new_final_model,Imported from saved evidence; protocol mapped from audited producer/folder. Empty fields mean not recorded. Validation-selected; test not evaluated.
legacy:results/accuracy_exploration/panderm_base_strict_tta_v1/two_b0_plus_four_svc_views_six_equal.json,legacy,inference_candidate,accuracy_exploration,strict_lesion_disjoint,validation,data/splits/split_assignments.csv,db1ce9f8b83f176001dd89fd332fb1668c7d2ba5f58d77157d293a09e2c2e696,two_b0_plus_four_svc_views_six_equal,,,,,,,,,,,,,,,,0.874251497005988,0.8112080384110458,0.7142061127163252,0.7556751480816447,,,,,results/accuracy_exploration/panderm_base_strict_tta_v1/protocol.json,,,,results/accuracy_exploration/panderm_base_strict_tta_v1/two_b0_plus_four_svc_views_six_equal.json,,874b75af821387af00d7ed6a0697a6f3ae7b3a9bc18bf3ae2cf31104de687857,,,,original,,results/accuracy_exploration/panderm_base_strict_tta_v1/two_b0_plus_four_svc_views_six_equal.json,,historical_observed,not_selected_for_new_final_model,Imported from saved evidence; protocol mapped from audited producer/folder. Empty fields mean not recorded. Validation-selected; test not evaluated.
legacy:results/accuracy_exploration/panderm_base_strict_tta_v1/two_b0_plus_svc_tta_three_equal.json,legacy,inference_candidate,accuracy_exploration,strict_lesion_disjoint,validation,data/splits/split_assignments.csv,db1ce9f8b83f176001dd89fd332fb1668c7d2ba5f58d77157d293a09e2c2e696,two_b0_plus_svc_tta_three_equal,,,,,,,,,,,,,,,,0.8662674650698603,0.7968675901294479,0.7313051099586276,0.7591556722836518,,,,,results/accuracy_exploration/panderm_base_strict_tta_v1/protocol.json,,,,results/accuracy_exploration/panderm_base_strict_tta_v1/two_b0_plus_svc_tta_three_equal.json,,a28c4ca85c45c78ecc1fcab65b70924a69bd21685100d91cabc2a76ccd119045,,,,original,,results/accuracy_exploration/panderm_base_strict_tta_v1/two_b0_plus_svc_tta_three_equal.json,,historical_observed,not_selected_for_new_final_model,Imported from saved evidence; protocol mapped from audited producer/folder. Empty fields mean not recorded. Validation-selected; test not evaluated.
legacy:results/accuracy_exploration/panderm_base_strict_tta_v1/weighted_b0_plus_svc_tta_two_equal.json,legacy,inference_candidate,accuracy_exploration,strict_lesion_disjoint,validation,data/splits/split_assignments.csv,db1ce9f8b83f176001dd89fd332fb1668c7d2ba5f58d77157d293a09e2c2e696,weighted_b0_plus_svc_tta_two_equal,Weighted B0 + CBAM and PanDerm SVM TTA,,CBAM on B0; native transformer attention on PanDerm,224,,,,,,,,,,,,0.8702594810379242,0.8067648872147147,0.764984714656529,0.7836658353208616,,,"[""checkpoints/efficientnet_b0_cbam_weighted_v1/best.pt"", ""checkpoints/accuracy_exploration/panderm_base_strict_heads_v1/standardized_rbf_svc_c10.joblib"", "".cache/panderm_bb_data6_checkpoint-499.pth""]",True,results/accuracy_exploration/panderm_base_strict_tta_v1/protocol.json,"[""weighted_b0"", ""panderm_svc_four_view_average""]","[0.5, 0.5]",,results/accuracy_exploration/panderm_base_strict_tta_v1/weighted_b0_plus_svc_tta_two_equal.json,,cbf3372623e408dc7690802be56f71af70686857d5980a08c3d9bb9610b4acf4,,,,original,,results/accuracy_exploration/panderm_base_strict_tta_v1/weighted_b0_plus_svc_tta_two_equal.json,results/figures/legacy/strict_lesion_disjoint/weighted_b0_plus_svc_tta_two_equal,historical_observed,historical_strict_macro_f1_leader,"Imported from saved evidence; protocol mapped from audited producer/folder. Empty fields mean not recorded. Validation-selected; test not evaluated. Component metadata verified against scripts/probe_panderm_strict_tta.py, scripts/probe_panderm_base.py."
legacy:results/exploratory/image_level_strong_aug_b0_cbam_v1_summary.json#best_validation,legacy,training_run,exploratory,exploratory_image_level,validation,data/splits/exploratory/image_level_dev_v1.csv,75ebfcb011d8822e372283218dbb95a89b3e3d3e9323c83519004e2da1790fbb,image_level_strong_aug_b0_cbam_v1,EfficientNet-B0,ImageNet-1K (recorded producer),CBAM,224,,strong_aug,class_weighted,weighted CE,AdamW,3e-05,0.0001,64,42,20,18,0.852960745176314,0.7330141881313929,0.8070580203633263,0.7657417116155746,0.4125347878246092,1003.2,checkpoints/exploratory/image_level_strong_aug_b0_cbam_v1/best.pt,True,results/exploratory/runs/image_level_strong_aug_b0_cbam_v1/config.json,,,results/exploratory/image_level_strong_aug_b0_cbam_v1_history.csv,results/exploratory/image_level_strong_aug_b0_cbam_v1_summary.json,best_validation,6976762379e616745ec22bffae1acb8af433068ccfd37db88f15eab4896c6e7e,,,results/legacy/evidence/results/exploratory/runs/image_level_strong_aug_b0_cbam_v1/config.json,original,,results/exploratory/image_level_strong_aug_b0_cbam_v1_summary.json#best_validation,results/figures/legacy/exploratory_image_level/image_level_strong_aug_b0_cbam_v1_summary,historical_observed,not_selected_for_new_final_model,Imported from saved evidence; protocol mapped from audited producer/folder. Empty fields mean not recorded. Validation-selected; test not evaluated.
legacy:results/exploratory/image_level_weighted_b0_cbam_v1_summary.json#best_validation,legacy,training_run,exploratory,exploratory_image_level,validation,data/splits/exploratory/image_level_dev_v1.csv,75ebfcb011d8822e372283218dbb95a89b3e3d3e9323c83519004e2da1790fbb,image_level_weighted_b0_cbam_v1,EfficientNet-B0,ImageNet-1K (recorded producer),CBAM,224,,baseline_horizontal_flip,class_weighted,weighted CE,AdamW,3e-05,0.0001,64,42,20,19,0.8622754491017964,0.8022819522320604,0.7651469667508826,0.7807634025293032,0.4371838058064322,616.1,checkpoints/exploratory/image_level_weighted_b0_cbam_v1/best.pt,True,results/exploratory/runs/image_level_weighted_b0_cbam_v1/config.json,,,results/exploratory/image_level_weighted_b0_cbam_v1_history.csv,results/exploratory/image_level_weighted_b0_cbam_v1_summary.json,best_validation,1967a7bcc5872c5fcb1136c44f5c34cb10fbf7ca7b83dad224c637daa14142a6,,,results/legacy/evidence/results/exploratory/runs/image_level_weighted_b0_cbam_v1/config.json,original,,results/exploratory/image_level_weighted_b0_cbam_v1_summary.json#best_validation,results/figures/legacy/exploratory_image_level/image_level_weighted_b0_cbam_v1_summary,historical_observed,not_selected_for_new_final_model,Imported from saved evidence; protocol mapped from audited producer/folder. Empty fields mean not recorded. Validation-selected; test not evaluated.
legacy:results/exploratory/multires_ensemble/base224.json,legacy,inference_candidate,exploratory,exploratory_image_level,validation,data/splits/exploratory/image_level_dev_v1.csv,75ebfcb011d8822e372283218dbb95a89b3e3d3e9323c83519004e2da1790fbb,base224,,,,,,,,,,,,,,,,0.8622754491017964,0.8022819522320604,0.7651469667508826,0.7807634025293032,,,,,results/exploratory/multires_ensemble/protocol.json,,"{""base224"": 1.0}",,results/exploratory/multires_ensemble/base224.json,,0ca24253363335348ede05785bd2a820fc65c1b78262dc20e816f3e56e742bb7,,,,original,,results/exploratory/multires_ensemble/base224.json,,historical_observed,not_selected_for_new_final_model,Imported from saved evidence; protocol mapped from audited producer/folder. Empty fields mean not recorded. Validation-selected; test not evaluated.
legacy:results/exploratory/multires_ensemble/base224_base384.json,legacy,inference_candidate,exploratory,exploratory_image_level,validation,data/splits/exploratory/image_level_dev_v1.csv,75ebfcb011d8822e372283218dbb95a89b3e3d3e9323c83519004e2da1790fbb,base224_base384,,,,,,,,,,,,,,,,0.872255489021956,0.8262298493688892,0.7631850888724017,0.7877714099879248,,,,,results/exploratory/multires_ensemble/protocol.json,,"{""base224"": 0.5, ""base384"": 0.5}",,results/exploratory/multires_ensemble/base224_base384.json,,f23f8cfc70f9a111c80b80c5b527eb82546b6c70ae6ddd002c3c34101cc0fbc7,,,,original,,results/exploratory/multires_ensemble/base224_base384.json,,historical_observed,not_selected_for_new_final_model,Imported from saved evidence; protocol mapped from audited producer/folder. Empty fields mean not recorded. Validation-selected; test not evaluated.
legacy:results/exploratory/multires_ensemble/base224_strong224.json,legacy,inference_candidate,exploratory,exploratory_image_level,validation,data/splits/exploratory/image_level_dev_v1.csv,75ebfcb011d8822e372283218dbb95a89b3e3d3e9323c83519004e2da1790fbb,base224_strong224,,,,,,,,,,,,,,,,0.867598137059215,0.8014820275327452,0.797705447907578,0.7981321538783648,,,,,results/exploratory/multires_ensemble/protocol.json,,"{""base224"": 0.5, ""strong224"": 0.5}",,results/exploratory/multires_ensemble/base224_strong224.json,,f8fb037bf13d44deda84f50c97be2b6d8aa172ebff07d2be32f6461dd303fb9d,,,,original,,results/exploratory/multires_ensemble/base224_strong224.json,,historical_observed,not_selected_for_new_final_model,Imported from saved evidence; protocol mapped from audited producer/folder. Empty fields mean not recorded. Validation-selected; test not evaluated.
legacy:results/exploratory/multires_ensemble/four_equal.json,legacy,inference_candidate,exploratory,exploratory_image_level,validation,data/splits/exploratory/image_level_dev_v1.csv,75ebfcb011d8822e372283218dbb95a89b3e3d3e9323c83519004e2da1790fbb,four_equal,"Two EfficientNet-B0 + CBAM checkpoints, four resolution streams",,CBAM on B0,224 and 384,,,,,,,,,,,,0.8815701929474384,0.8372664865874758,0.8241310538040054,0.8280078815327692,,,"[""checkpoints/exploratory/image_level_weighted_b0_cbam_v1/best.pt"", ""checkpoints/exploratory/image_level_strong_aug_b0_cbam_v1/best.pt""]",True,results/exploratory/multires_ensemble/protocol.json,"[""weighted_b0_224"", ""weighted_b0_384"", ""strong_aug_b0_224"", ""strong_aug_b0_384""]","[0.25, 0.25, 0.25, 0.25]",,results/exploratory/multires_ensemble/four_equal.json,,e66e99ece551f14e149be12b8e8c719b7e72ff32172f131226604d3368cd4858,,,,original,,results/exploratory/multires_ensemble/four_equal.json,results/figures/legacy/exploratory_image_level/four_equal,historical_observed,historical_exploratory_b0_leader,Imported from saved evidence; protocol mapped from audited producer/folder. Empty fields mean not recorded. Validation-selected; test not evaluated. Component metadata verified against scripts/ensemble_exploratory_multires.py.
legacy:results/exploratory/multires_ensemble/six_equal.json,legacy,inference_candidate,exploratory,exploratory_image_level,validation,data/splits/exploratory/image_level_dev_v1.csv,75ebfcb011d8822e372283218dbb95a89b3e3d3e9323c83519004e2da1790fbb,six_equal,,,,,,,,,,,,,,,,0.8749168330006654,0.8228584901026148,0.8053151627699132,0.8106700584942095,,,,,results/exploratory/multires_ensemble/protocol.json,,"{""base224"": 0.16666666666666666, ""base320"": 0.16666666666666666, ""base384"": 0.16666666666666666, ""strong224"": 0.16666666666666666, ""strong320"": 0.16666666666666666, ""strong384"": 0.16666666666666666}",,results/exploratory/multires_ensemble/six_equal.json,,1c817487ec7ed167449a3f912612b4a822d51b433e0343bb1a271be08c3a9ed5,,,,original,,results/exploratory/multires_ensemble/six_equal.json,,historical_observed,not_selected_for_new_final_model,Imported from saved evidence; protocol mapped from audited producer/folder. Empty fields mean not recorded. Validation-selected; test not evaluated.
legacy:results/exploratory/multires_ensemble/three_equal.json,legacy,inference_candidate,exploratory,exploratory_image_level,validation,data/splits/exploratory/image_level_dev_v1.csv,75ebfcb011d8822e372283218dbb95a89b3e3d3e9323c83519004e2da1790fbb,three_equal,,,,,,,,,,,,,,,,0.8782435129740519,0.8367398580828708,0.8062180000456692,0.8178734141423957,,,,,results/exploratory/multires_ensemble/protocol.json,,"{""base224"": 0.3333333333333333, ""base384"": 0.3333333333333333, ""strong224"": 0.3333333333333333}",,results/exploratory/multires_ensemble/three_equal.json,,4d7e08274493cbda9257afe0ce2fe2a1e338e22a5185bd1bc69ad447aacfd03b,,,,original,,results/exploratory/multires_ensemble/three_equal.json,,historical_observed,not_selected_for_new_final_model,Imported from saved evidence; protocol mapped from audited producer/folder. Empty fields mean not recorded. Validation-selected; test not evaluated.
legacy:results/exploratory/panderm_base_image_level_tta_v1/b0_four_control.json,legacy,inference_candidate,exploratory,exploratory_image_level,validation,data/splits/exploratory/image_level_dev_v1.csv,75ebfcb011d8822e372283218dbb95a89b3e3d3e9323c83519004e2da1790fbb,b0_four_control,,,,,,,,,,,,,,,,0.8815701929474384,0.8372664865874758,0.8241310538040054,0.8280078815327692,,,,,results/exploratory/panderm_base_image_level_tta_v1/protocol.json,,,,results/exploratory/panderm_base_image_level_tta_v1/b0_four_control.json,,a475df3a558a8e3024a93eb0cf08e2b74e72d87d0adcbb66a46be2f90471ec3f,,,,original,,results/exploratory/panderm_base_image_level_tta_v1/b0_four_control.json,,historical_observed,not_selected_for_new_final_model,Imported from saved evidence; protocol mapped from audited producer/folder. Empty fields mean not recorded. Validation-selected; test not evaluated.
legacy:results/exploratory/panderm_base_image_level_tta_v1/b0_four_plus_four_svc_views_eight_equal.json,legacy,inference_candidate,exploratory,exploratory_image_level,validation,data/splits/exploratory/image_level_dev_v1.csv,75ebfcb011d8822e372283218dbb95a89b3e3d3e9323c83519004e2da1790fbb,b0_four_plus_four_svc_views_eight_equal,EfficientNet-B0 + CBAM and PanDerm ViT-B/16 RBF SVM ensemble,,CBAM on B0; native transformer attention on PanDerm,"B0:224,384; PanDerm:224",,,,,,,,,,,,0.9075182967398536,0.8939347634682221,0.8264387070106667,0.8573011134804184,,,"[""checkpoints/exploratory/image_level_weighted_b0_cbam_v1/best.pt"", ""checkpoints/exploratory/image_level_strong_aug_b0_cbam_v1/best.pt"", ""checkpoints/exploratory/panderm_base_image_level_v1/panderm_rbf_svc.joblib"", "".cache/panderm_bb_data6_checkpoint-499.pth""]",True,results/exploratory/panderm_base_image_level_tta_v1/protocol.json,"[""weighted_b0_224"", ""weighted_b0_384"", ""strong_aug_b0_224"", ""strong_aug_b0_384"", ""panderm_svc_normal"", ""panderm_svc_hflip"", ""panderm_svc_vflip"", ""panderm_svc_hvflip""]","[0.125, 0.125, 0.125, 0.125, 0.125, 0.125, 0.125, 0.125]",,results/exploratory/panderm_base_image_level_tta_v1/b0_four_plus_four_svc_views_eight_equal.json,,1934be7ba504ad2992f32df939e802f4cdb400b5432b412b5f340d06d0c0ac00,,,,original,,results/exploratory/panderm_base_image_level_tta_v1/b0_four_plus_four_svc_views_eight_equal.json,results/figures/legacy/exploratory_image_level/b0_four_plus_four_svc_views_eight_equal,historical_observed,historical_exploratory_accuracy_leader,"Imported from saved evidence; protocol mapped from audited producer/folder. Empty fields mean not recorded. Validation-selected; test not evaluated. Component metadata verified against scripts/predict_panderm_exploratory_tta.py, scripts/probe_panderm_base.py."
legacy:results/exploratory/panderm_base_image_level_tta_v1/b0_four_plus_svc_tta_five_equal.json,legacy,inference_candidate,exploratory,exploratory_image_level,validation,data/splits/exploratory/image_level_dev_v1.csv,75ebfcb011d8822e372283218dbb95a89b3e3d3e9323c83519004e2da1790fbb,b0_four_plus_svc_tta_five_equal,,,,,,,,,,,,,,,,0.89354624085163,0.8630497812118676,0.8236969514304181,0.8399777941220716,,,,,results/exploratory/panderm_base_image_level_tta_v1/protocol.json,,,,results/exploratory/panderm_base_image_level_tta_v1/b0_four_plus_svc_tta_five_equal.json,,6cb8502c23e855eebee5c52b7d2f77a666de4cf82b7f3b7c2207ef52f970bd87,,,,original,,results/exploratory/panderm_base_image_level_tta_v1/b0_four_plus_svc_tta_five_equal.json,,historical_observed,not_selected_for_new_final_model,Imported from saved evidence; protocol mapped from audited producer/folder. Empty fields mean not recorded. Validation-selected; test not evaluated.
legacy:results/exploratory/panderm_base_image_level_tta_v1/b0_four_plus_svc_tta_plus_linear_normal_six_equal.json,legacy,inference_candidate,exploratory,exploratory_image_level,validation,data/splits/exploratory/image_level_dev_v1.csv,75ebfcb011d8822e372283218dbb95a89b3e3d3e9323c83519004e2da1790fbb,b0_four_plus_svc_tta_plus_linear_normal_six_equal,,,,,,,,,,,,,,,,0.8962075848303394,0.8696350064682171,0.8073948168800175,0.8333423082620062,,,,,results/exploratory/panderm_base_image_level_tta_v1/protocol.json,,,,results/exploratory/panderm_base_image_level_tta_v1/b0_four_plus_svc_tta_plus_linear_normal_six_equal.json,,0fb0f4b113cc3c91a5d2c9aa79823e4319c9bd76dcae1931fb47394f89de8f7c,,,,original,,results/exploratory/panderm_base_image_level_tta_v1/b0_four_plus_svc_tta_plus_linear_normal_six_equal.json,,historical_observed,not_selected_for_new_final_model,Imported from saved evidence; protocol mapped from audited producer/folder. Empty fields mean not recorded. Validation-selected; test not evaluated.
legacy:results/exploratory/panderm_base_image_level_tta_v1/b0_four_plus_svc_tta_plus_linear_tta_six_equal.json,legacy,inference_candidate,exploratory,exploratory_image_level,validation,data/splits/exploratory/image_level_dev_v1.csv,75ebfcb011d8822e372283218dbb95a89b3e3d3e9323c83519004e2da1790fbb,b0_four_plus_svc_tta_plus_linear_tta_six_equal,,,,,,,,,,,,,,,,0.8968729208250167,0.869073348891182,0.8178581981264423,0.839462312601958,,,,,results/exploratory/panderm_base_image_level_tta_v1/protocol.json,,,,results/exploratory/panderm_base_image_level_tta_v1/b0_four_plus_svc_tta_plus_linear_tta_six_equal.json,,e860e43b0e4549626a64cf920506b70169c37a99aedd02287bd9efde99185cc1,,,,original,,results/exploratory/panderm_base_image_level_tta_v1/b0_four_plus_svc_tta_plus_linear_tta_six_equal.json,,historical_observed,not_selected_for_new_final_model,Imported from saved evidence; protocol mapped from audited producer/folder. Empty fields mean not recorded. Validation-selected; test not evaluated.
legacy:results/exploratory/panderm_base_image_level_tta_v1/panderm_svc_tta4.json,legacy,inference_candidate,exploratory,exploratory_image_level,validation,data/splits/exploratory/image_level_dev_v1.csv,75ebfcb011d8822e372283218dbb95a89b3e3d3e9323c83519004e2da1790fbb,panderm_svc_tta4,,,,,,,,,,,,,,,,0.8908848968729208,0.8515730206284857,0.7837633599081684,0.8152061363998612,,,,,results/exploratory/panderm_base_image_level_tta_v1/protocol.json,,,,results/exploratory/panderm_base_image_level_tta_v1/panderm_svc_tta4.json,,525d8a03029cbf02ea1fc2df2765168b8cdbf3b06a6d89b0d4734b1c810d5d3b,,,,original,,results/exploratory/panderm_base_image_level_tta_v1/panderm_svc_tta4.json,,historical_observed,not_selected_for_new_final_model,Imported from saved evidence; protocol mapped from audited producer/folder. Empty fields mean not recorded. Validation-selected; test not evaluated.
legacy:results/exploratory/panderm_base_image_level_v1/b0_four_control.json,legacy,inference_candidate,exploratory,exploratory_image_level,validation,data/splits/exploratory/image_level_dev_v1.csv,75ebfcb011d8822e372283218dbb95a89b3e3d3e9323c83519004e2da1790fbb,b0_four_control,,,,,,,,,,,,,,,,0.8815701929474384,0.8372664865874758,0.8241310538040054,0.8280078815327692,,,,,results/exploratory/panderm_base_image_level_v1/protocol.json,,,,results/exploratory/panderm_base_image_level_v1/b0_four_control.json,,a475df3a558a8e3024a93eb0cf08e2b74e72d87d0adcbb66a46be2f90471ec3f,,,,original,,results/exploratory/panderm_base_image_level_v1/b0_four_control.json,,historical_observed,not_selected_for_new_final_model,Imported from saved evidence; protocol mapped from audited producer/folder. Empty fields mean not recorded. Validation-selected; test not evaluated.
legacy:results/exploratory/panderm_base_image_level_v1/b0_four_plus_panderm_linear_five_equal.json,legacy,inference_candidate,exploratory,exploratory_image_level,validation,data/splits/exploratory/image_level_dev_v1.csv,75ebfcb011d8822e372283218dbb95a89b3e3d3e9323c83519004e2da1790fbb,b0_four_plus_panderm_linear_five_equal,,,,,,,,,,,,,,,,0.8895542248835662,0.8546426507051834,0.8066486310457746,0.8264934331772216,,,,,results/exploratory/panderm_base_image_level_v1/protocol.json,,,,results/exploratory/panderm_base_image_level_v1/b0_four_plus_panderm_linear_five_equal.json,,838b4724f297a1fa7319f5e31c00e3f0390dd7e83e34bd8916ec55c0ddc5edbf,,,,original,,results/exploratory/panderm_base_image_level_v1/b0_four_plus_panderm_linear_five_equal.json,,historical_observed,not_selected_for_new_final_model,Imported from saved evidence; protocol mapped from audited producer/folder. Empty fields mean not recorded. Validation-selected; test not evaluated.
legacy:results/exploratory/panderm_base_image_level_v1/b0_four_plus_panderm_svc_five_equal.json,legacy,inference_candidate,exploratory,exploratory_image_level,validation,data/splits/exploratory/image_level_dev_v1.csv,75ebfcb011d8822e372283218dbb95a89b3e3d3e9323c83519004e2da1790fbb,b0_four_plus_panderm_svc_five_equal,,,,,,,,,,,,,,,,0.8922155688622755,0.8624791919602706,0.8275228941731527,0.8421149160341387,,,,,results/exploratory/panderm_base_image_level_v1/protocol.json,,,,results/exploratory/panderm_base_image_level_v1/b0_four_plus_panderm_svc_five_equal.json,,38373ac67f2eb73f63ca21e40c86099d1043f53bcd7e5d8b071769abbb759cb5,,,,original,,results/exploratory/panderm_base_image_level_v1/b0_four_plus_panderm_svc_five_equal.json,,historical_observed,not_selected_for_new_final_model,Imported from saved evidence; protocol mapped from audited producer/folder. Empty fields mean not recorded. Validation-selected; test not evaluated.
legacy:results/exploratory/panderm_base_image_level_v1/b0_four_plus_two_panderm_six_equal.json,legacy,inference_candidate,exploratory,exploratory_image_level,validation,data/splits/exploratory/image_level_dev_v1.csv,75ebfcb011d8822e372283218dbb95a89b3e3d3e9323c83519004e2da1790fbb,b0_four_plus_two_panderm_six_equal,,,,,,,,,,,,,,,,0.8982035928143712,0.872078117762532,0.8113179337350598,0.8367694810634131,,,,,results/exploratory/panderm_base_image_level_v1/protocol.json,,,,results/exploratory/panderm_base_image_level_v1/b0_four_plus_two_panderm_six_equal.json,,3a1402ae3822f5a585fb1cd035cb452160b0838f347d663735eae1ae9c790d72,,,,original,,results/exploratory/panderm_base_image_level_v1/b0_four_plus_two_panderm_six_equal.json,,historical_observed,not_selected_for_new_final_model,Imported from saved evidence; protocol mapped from audited producer/folder. Empty fields mean not recorded. Validation-selected; test not evaluated.
legacy:results/exploratory/panderm_base_image_level_v1/panderm_linear.json,legacy,inference_candidate,exploratory,exploratory_image_level,validation,data/splits/exploratory/image_level_dev_v1.csv,75ebfcb011d8822e372283218dbb95a89b3e3d3e9323c83519004e2da1790fbb,panderm_linear,,,,,,,,,,,,,,,,0.8596141051230871,0.7765113042700131,0.7302543960089384,0.7514366244849587,,,,,results/exploratory/panderm_base_image_level_v1/protocol.json,,,,results/exploratory/panderm_base_image_level_v1/panderm_linear.json,,42dd996dca19980986ed42e160ce187fdd6fc16e060b48aaea42f9f4e5857bf9,,,,original,,results/exploratory/panderm_base_image_level_v1/panderm_linear.json,,historical_observed,not_selected_for_new_final_model,Imported from saved evidence; protocol mapped from audited producer/folder. Empty fields mean not recorded. Validation-selected; test not evaluated.
legacy:results/exploratory/panderm_base_image_level_v1/panderm_rbf_svc.json,legacy,inference_candidate,exploratory,exploratory_image_level,validation,data/splits/exploratory/image_level_dev_v1.csv,75ebfcb011d8822e372283218dbb95a89b3e3d3e9323c83519004e2da1790fbb,panderm_rbf_svc,,,,,,,,,,,,,,,,0.884896872920825,0.8474058651915206,0.7754312251664367,0.8082199031050641,,,,,results/exploratory/panderm_base_image_level_v1/protocol.json,,,,results/exploratory/panderm_base_image_level_v1/panderm_rbf_svc.json,,03c1bb41d83444f57165be0dced5ce20c6a008f71b53c9dbb29b16fb0ce320d2,,,,original,,results/exploratory/panderm_base_image_level_v1/panderm_rbf_svc.json,,historical_observed,not_selected_for_new_final_model,Imported from saved evidence; protocol mapped from audited producer/folder. Empty fields mean not recorded. Validation-selected; test not evaluated.
legacy:results/exploratory/resolution_probe/image_level_strong_aug_b0_cbam_v1/frozen_224.json,legacy,inference_candidate,exploratory,exploratory_image_level,validation,data/splits/exploratory/image_level_dev_v1.csv,75ebfcb011d8822e372283218dbb95a89b3e3d3e9323c83519004e2da1790fbb,frozen_224,,,,,,,,,,,,,,,,0.852960745176314,0.7330141881313929,0.8070580203633263,0.7657417116155746,,,,,results/exploratory/resolution_probe/image_level_strong_aug_b0_cbam_v1/protocol.json,,,,results/exploratory/resolution_probe/image_level_strong_aug_b0_cbam_v1/frozen_224.json,,4dc37d16de2f26b105e476757b221b597dcedda1df39db53ddafa505b4de9975,,,,original,,results/exploratory/resolution_probe/image_level_strong_aug_b0_cbam_v1/frozen_224.json,,historical_observed,not_selected_for_new_final_model,Imported from saved evidence; protocol mapped from audited producer/folder. Empty fields mean not recorded. Validation-selected; test not evaluated.
legacy:results/exploratory/resolution_probe/image_level_strong_aug_b0_cbam_v1/frozen_224_384_equal_average.json,legacy,inference_candidate,exploratory,exploratory_image_level,validation,data/splits/exploratory/image_level_dev_v1.csv,75ebfcb011d8822e372283218dbb95a89b3e3d3e9323c83519004e2da1790fbb,frozen_224_384_equal_average,,,,,,,,,,,,,,,,0.854956753160346,0.7593065130870859,0.7884252826322543,0.7673081178126125,,,,,results/exploratory/resolution_probe/image_level_strong_aug_b0_cbam_v1/protocol.json,,,,results/exploratory/resolution_probe/image_level_strong_aug_b0_cbam_v1/frozen_224_384_equal_average.json,,0688d4dd701b186c00d60f64073b699d628f33fe33d8d3d92dcbc2d1317fc154,,,,original,,results/exploratory/resolution_probe/image_level_strong_aug_b0_cbam_v1/frozen_224_384_equal_average.json,,historical_observed,not_selected_for_new_final_model,Imported from saved evidence; protocol mapped from audited producer/folder. Empty fields mean not recorded. Validation-selected; test not evaluated.
legacy:results/exploratory/resolution_probe/image_level_strong_aug_b0_cbam_v1/frozen_320.json,legacy,inference_candidate,exploratory,exploratory_image_level,validation,data/splits/exploratory/image_level_dev_v1.csv,75ebfcb011d8822e372283218dbb95a89b3e3d3e9323c83519004e2da1790fbb,frozen_320,,,,,,,,,,,,,,,,0.8469727212242182,0.7314423758498237,0.7869057442358544,0.7492336554518025,,,,,results/exploratory/resolution_probe/image_level_strong_aug_b0_cbam_v1/protocol.json,,,,results/exploratory/resolution_probe/image_level_strong_aug_b0_cbam_v1/frozen_320.json,,062615fc1ade985c6a1dadf0f00ebb0e94c4a7abdde4161150699bcc85043177,,,,original,,results/exploratory/resolution_probe/image_level_strong_aug_b0_cbam_v1/frozen_320.json,,historical_observed,not_selected_for_new_final_model,Imported from saved evidence; protocol mapped from audited producer/folder. Empty fields mean not recorded. Validation-selected; test not evaluated.
legacy:results/exploratory/resolution_probe/image_level_strong_aug_b0_cbam_v1/frozen_384.json,legacy,inference_candidate,exploratory,exploratory_image_level,validation,data/splits/exploratory/image_level_dev_v1.csv,75ebfcb011d8822e372283218dbb95a89b3e3d3e9323c83519004e2da1790fbb,frozen_384,,,,,,,,,,,,,,,,0.8416500332667998,0.7233733845203887,0.7700923002612565,0.7334630814641202,,,,,results/exploratory/resolution_probe/image_level_strong_aug_b0_cbam_v1/protocol.json,,,,results/exploratory/resolution_probe/image_level_strong_aug_b0_cbam_v1/frozen_384.json,,ae6abf90a07d3997b43c484d6e9783702e74cd9f9e60e2d9609608023319ce13,,,,original,,results/exploratory/resolution_probe/image_level_strong_aug_b0_cbam_v1/frozen_384.json,,historical_observed,not_selected_for_new_final_model,Imported from saved evidence; protocol mapped from audited producer/folder. Empty fields mean not recorded. Validation-selected; test not evaluated.
legacy:results/exploratory/resolution_probe/image_level_weighted_b0_cbam_v1/frozen_224.json,legacy,inference_candidate,exploratory,exploratory_image_level,validation,data/splits/exploratory/image_level_dev_v1.csv,75ebfcb011d8822e372283218dbb95a89b3e3d3e9323c83519004e2da1790fbb,frozen_224,,,,,,,,,,,,,,,,0.8622754491017964,0.8022819522320604,0.7651469667508826,0.7807634025293032,,,,,results/exploratory/resolution_probe/image_level_weighted_b0_cbam_v1/protocol.json,,,,results/exploratory/resolution_probe/image_level_weighted_b0_cbam_v1/frozen_224.json,,ae22600bafac6f4e05f85f30785410e40b78c0209d9b68a5b1e32e9c7a1236a2,,,,original,,results/exploratory/resolution_probe/image_level_weighted_b0_cbam_v1/frozen_224.json,,historical_observed,not_selected_for_new_final_model,Imported from saved evidence; protocol mapped from audited producer/folder. Empty fields mean not recorded. Validation-selected; test not evaluated.
legacy:results/exploratory/resolution_probe/image_level_weighted_b0_cbam_v1/frozen_224_384_equal_average.json,legacy,inference_candidate,exploratory,exploratory_image_level,validation,data/splits/exploratory/image_level_dev_v1.csv,75ebfcb011d8822e372283218dbb95a89b3e3d3e9323c83519004e2da1790fbb,frozen_224_384_equal_average,,,,,,,,,,,,,,,,0.872255489021956,0.8262298493688892,0.7631850888724017,0.7877714099879248,,,,,results/exploratory/resolution_probe/image_level_weighted_b0_cbam_v1/protocol.json,,,,results/exploratory/resolution_probe/image_level_weighted_b0_cbam_v1/frozen_224_384_equal_average.json,,65ac94437edd290c947a2637d06a87ee703c520acf387b55eb3fbb886adb31c2,,,,original,,results/exploratory/resolution_probe/image_level_weighted_b0_cbam_v1/frozen_224_384_equal_average.json,,historical_observed,not_selected_for_new_final_model,Imported from saved evidence; protocol mapped from audited producer/folder. Empty fields mean not recorded. Validation-selected; test not evaluated.
legacy:results/exploratory/resolution_probe/image_level_weighted_b0_cbam_v1/frozen_320.json,legacy,inference_candidate,exploratory,exploratory_image_level,validation,data/splits/exploratory/image_level_dev_v1.csv,75ebfcb011d8822e372283218dbb95a89b3e3d3e9323c83519004e2da1790fbb,frozen_320,,,,,,,,,,,,,,,,0.8502994011976048,0.7740248869170048,0.7348412775817382,0.7467552491692526,,,,,results/exploratory/resolution_probe/image_level_weighted_b0_cbam_v1/protocol.json,,,,results/exploratory/resolution_probe/image_level_weighted_b0_cbam_v1/frozen_320.json,,fcee334cc35ef5a41891472034e1048af4890c8f497dd69a89f4895d4521e24b,,,,original,,results/exploratory/resolution_probe/image_level_weighted_b0_cbam_v1/frozen_320.json,,historical_observed,not_selected_for_new_final_model,Imported from saved evidence; protocol mapped from audited producer/folder. Empty fields mean not recorded. Validation-selected; test not evaluated.
legacy:results/exploratory/resolution_probe/image_level_weighted_b0_cbam_v1/frozen_384.json,legacy,inference_candidate,exploratory,exploratory_image_level,validation,data/splits/exploratory/image_level_dev_v1.csv,75ebfcb011d8822e372283218dbb95a89b3e3d3e9323c83519004e2da1790fbb,frozen_384,,,,,,,,,,,,,,,,0.8276779773785762,0.7044923086193542,0.6784181056971711,0.6824743347439389,,,,,results/exploratory/resolution_probe/image_level_weighted_b0_cbam_v1/protocol.json,,,,results/exploratory/resolution_probe/image_level_weighted_b0_cbam_v1/frozen_384.json,,790187873f9f969c5ccc1219366d61d43ebc8c17a34a72a6025ddd228ecf2843,,,,original,,results/exploratory/resolution_probe/image_level_weighted_b0_cbam_v1/frozen_384.json,,historical_observed,not_selected_for_new_final_model,Imported from saved evidence; protocol mapped from audited producer/folder. Empty fields mean not recorded. Validation-selected; test not evaluated.
legacy:results/phase4/best_cnn_ml_fusion.json,legacy,inference_candidate,phase4,strict_lesion_disjoint,validation,data/splits/split_assignments.csv,db1ce9f8b83f176001dd89fd332fb1668c7d2ba5f58d77157d293a09e2c2e696,weighted_tta+Logistic Regression C=0.3|cnn=0.9|ml=0.1,,,,,,,,,,,,,,,,0.8449767132401863,0.7755208263521309,0.7683546658494219,0.7712452038039167,,,,,,,,,results/phase4/best_cnn_ml_fusion.json,,5b1f2c9b7ec4116d5f3f6e0320ddefae3e48f8d8e36a91293aaaba52f201293a,,,,original,,results/phase4/best_cnn_ml_fusion.json,,historical_observed,not_selected_for_new_final_model,Imported from saved evidence; protocol mapped from audited producer/folder. Empty fields mean not recorded. Validation-selected; test not evaluated.
legacy:results/phase4/best_ensemble_accuracy.json,legacy,inference_candidate,phase4,strict_lesion_disjoint,validation,data/splits/split_assignments.csv,db1ce9f8b83f176001dd89fd332fb1668c7d2ba5f58d77157d293a09e2c2e696,"weighted+oversampled|all_tta|0.2,0.8",efficientnet_b0_cbam_weighted_v1+efficientnet_b0_cbam_oversampled_v1,,,,,,,,,,,,,,,0.8576180971390552,0.7847939786610579,0.7081206326157276,0.7398508297313039,,,,,,efficientnet_b0_cbam_weighted_v1+efficientnet_b0_cbam_oversampled_v1,0.2+0.8,,results/phase4/best_ensemble_accuracy.json,,cce7f99224e9320165d06898b62a59fc9e6fd3ad248d7ecc786a72b470ecf117,,,,original,,results/phase4/best_ensemble_accuracy.json,,historical_observed,not_selected_for_new_final_model,Imported from saved evidence; protocol mapped from audited producer/folder. Empty fields mean not recorded. Validation-selected; test not evaluated.
legacy:results/phase4/best_ensemble_macro_f1.json,legacy,inference_candidate,phase4,strict_lesion_disjoint,validation,data/splits/split_assignments.csv,db1ce9f8b83f176001dd89fd332fb1668c7d2ba5f58d77157d293a09e2c2e696,"weighted+focal|weighted_tta|0.9,0.1",efficientnet_b0_cbam_weighted_v1+efficientnet_b0_cbam_focal_v1,,,,,,,,,,,,,,,0.8436460412508316,0.7739103609645387,0.7709501916359223,0.7718103328854748,,,,,,efficientnet_b0_cbam_weighted_v1+efficientnet_b0_cbam_focal_v1,0.9+0.1,,results/phase4/best_ensemble_macro_f1.json,,8964c8a90b2f932f58f147c4adbfb8cc4f1872b9224efbd8f5b780d97370bfa1,,,,original,,results/phase4/best_ensemble_macro_f1.json,,historical_observed,not_selected_for_new_final_model,Imported from saved evidence; protocol mapped from audited producer/folder. Empty fields mean not recorded. Validation-selected; test not evaluated.
legacy:results/phase4/best_frozen_classifier.json,legacy,inference_candidate,phase4,strict_lesion_disjoint,validation,data/splits/split_assignments.csv,db1ce9f8b83f176001dd89fd332fb1668c7d2ba5f58d77157d293a09e2c2e696,Logistic Regression C=0.3,Logistic Regression,,,,,,,,,,,,,,,0.8383233532934131,0.7692375184560747,0.7090491229158024,0.7347224551656346,,,,,,,,,results/phase4/best_frozen_classifier.json,,e90e637416d4a168d109c2a35d818a276a581b8a2fd2758ec35e21f32f6a4b9d,,,,original,,results/phase4/best_frozen_classifier.json,,historical_observed,not_selected_for_new_final_model,Imported from saved evidence; protocol mapped from audited producer/folder. Empty fields mean not recorded. Validation-selected; test not evaluated.
legacy:results/phase4/cnn_ml_fusion_validation_results.csv#csv_row:1,legacy,tabular_candidate,phase4,strict_lesion_disjoint,validation,data/splits/split_assignments.csv,db1ce9f8b83f176001dd89fd332fb1668c7d2ba5f58d77157d293a09e2c2e696,weighted_normal+Logistic Regression C=0.3|cnn=0.0|ml=1.0,,,,,,,,,,,,,,,,0.8383233532934131,0.7692375184560747,0.7090491229158024,0.7347224551656346,,,,,,,,,results/phase4/cnn_ml_fusion_validation_results.csv,csv_row:1,f584806183657f942e80411a371206614d456dbdc289530a1a149b5aa7a6248a,,,,original,,,,historical_observed,not_selected_for_new_final_model,Imported from saved evidence; protocol mapped from audited producer/folder. Empty fields mean not recorded. Validation-selected; test not evaluated.
legacy:results/phase4/cnn_ml_fusion_validation_results.csv#csv_row:10,legacy,tabular_candidate,phase4,strict_lesion_disjoint,validation,data/splits/split_assignments.csv,db1ce9f8b83f176001dd89fd332fb1668c7d2ba5f58d77157d293a09e2c2e696,weighted_normal+Logistic Regression C=0.3|cnn=0.9|ml=0.1,,,,,,,,,,,,,,,,0.8449767132401863,0.7567520883108915,0.7542866382237727,0.7549961038995244,,,,,,,,,results/phase4/cnn_ml_fusion_validation_results.csv,csv_row:10,f584806183657f942e80411a371206614d456dbdc289530a1a149b5aa7a6248a,,,,original,,,,historical_observed,not_selected_for_new_final_model,Imported from saved evidence; protocol mapped from audited producer/folder. Empty fields mean not recorded. Validation-selected; test not evaluated.
legacy:results/phase4/cnn_ml_fusion_validation_results.csv#csv_row:11,legacy,tabular_candidate,phase4,strict_lesion_disjoint,validation,data/splits/split_assignments.csv,db1ce9f8b83f176001dd89fd332fb1668c7d2ba5f58d77157d293a09e2c2e696,weighted_normal+Logistic Regression C=0.3|cnn=1.0|ml=0.0,,,,,,,,,,,,,,,,0.8456420492348636,0.757164195329919,0.7573133950146916,0.7568732673677362,,,,,,,,,results/phase4/cnn_ml_fusion_validation_results.csv,csv_row:11,f584806183657f942e80411a371206614d456dbdc289530a1a149b5aa7a6248a,,,,original,,,,historical_observed,not_selected_for_new_final_model,Imported from saved evidence; protocol mapped from audited producer/folder. Empty fields mean not recorded. Validation-selected; test not evaluated.
legacy:results/phase4/cnn_ml_fusion_validation_results.csv#csv_row:12,legacy,tabular_candidate,phase4,strict_lesion_disjoint,validation,data/splits/split_assignments.csv,db1ce9f8b83f176001dd89fd332fb1668c7d2ba5f58d77157d293a09e2c2e696,weighted_tta+Logistic Regression C=0.3|cnn=0.0|ml=1.0,,,,,,,,,,,,,,,,0.8383233532934131,0.7692375184560747,0.7090491229158024,0.7347224551656346,,,,,,,,,results/phase4/cnn_ml_fusion_validation_results.csv,csv_row:12,f584806183657f942e80411a371206614d456dbdc289530a1a149b5aa7a6248a,,,,original,,,,historical_observed,not_selected_for_new_final_model,Imported from saved evidence; protocol mapped from audited producer/folder. Empty fields mean not recorded. Validation-selected; test not evaluated.
legacy:results/phase4/cnn_ml_fusion_validation_results.csv#csv_row:13,legacy,tabular_candidate,phase4,strict_lesion_disjoint,validation,data/splits/split_assignments.csv,db1ce9f8b83f176001dd89fd332fb1668c7d2ba5f58d77157d293a09e2c2e696,weighted_tta+Logistic Regression C=0.3|cnn=0.1|ml=0.9,,,,,,,,,,,,,,,,0.8409846972721224,0.7731919337571129,0.7137798726167311,0.7392039573323311,,,,,,,,,results/phase4/cnn_ml_fusion_validation_results.csv,csv_row:13,f584806183657f942e80411a371206614d456dbdc289530a1a149b5aa7a6248a,,,,original,,,,historical_observed,not_selected_for_new_final_model,Imported from saved evidence; protocol mapped from audited producer/folder. Empty fields mean not recorded. Validation-selected; test not evaluated.
legacy:results/phase4/cnn_ml_fusion_validation_results.csv#csv_row:14,legacy,tabular_candidate,phase4,strict_lesion_disjoint,validation,data/splits/split_assignments.csv,db1ce9f8b83f176001dd89fd332fb1668c7d2ba5f58d77157d293a09e2c2e696,weighted_tta+Logistic Regression C=0.3|cnn=0.2|ml=0.8,,,,,,,,,,,,,,,,0.8436460412508316,0.7784853138125405,0.7316501811715043,0.7513871743778776,,,,,,,,,results/phase4/cnn_ml_fusion_validation_results.csv,csv_row:14,f584806183657f942e80411a371206614d456dbdc289530a1a149b5aa7a6248a,,,,original,,,,historical_observed,not_selected_for_new_final_model,Imported from saved evidence; protocol mapped from audited producer/folder. Empty fields mean not recorded. Validation-selected; test not evaluated.
legacy:results/phase4/cnn_ml_fusion_validation_results.csv#csv_row:15,legacy,tabular_candidate,phase4,strict_lesion_disjoint,validation,data/splits/split_assignments.csv,db1ce9f8b83f176001dd89fd332fb1668c7d2ba5f58d77157d293a09e2c2e696,weighted_tta+Logistic Regression C=0.3|cnn=0.3|ml=0.7,,,,,,,,,,,,,,,,0.8436460412508316,0.7780181632962003,0.7316501811715043,0.751047043140883,,,,,,,,,results/phase4/cnn_ml_fusion_validation_results.csv,csv_row:15,f584806183657f942e80411a371206614d456dbdc289530a1a149b5aa7a6248a,,,,original,,,,historical_observed,not_selected_for_new_final_model,Imported from saved evidence; protocol mapped from audited producer/folder. Empty fields mean not recorded. Validation-selected; test not evaluated.
legacy:results/phase4/cnn_ml_fusion_validation_results.csv#csv_row:16,legacy,tabular_candidate,phase4,strict_lesion_disjoint,validation,data/splits/split_assignments.csv,db1ce9f8b83f176001dd89fd332fb1668c7d2ba5f58d77157d293a09e2c2e696,weighted_tta+Logistic Regression C=0.3|cnn=0.4|ml=0.6,,,,,,,,,,,,,,,,0.8436460412508316,0.7770545293235782,0.7365976146903664,0.7538958234502352,,,,,,,,,results/phase4/cnn_ml_fusion_validation_results.csv,csv_row:16,f584806183657f942e80411a371206614d456dbdc289530a1a149b5aa7a6248a,,,,original,,,,historical_observed,not_selected_for_new_final_model,Imported from saved evidence; protocol mapped from audited producer/folder. Empty fields mean not recorded. Validation-selected; test not evaluated.
legacy:results/phase4/cnn_ml_fusion_validation_results.csv#csv_row:17,legacy,tabular_candidate,phase4,strict_lesion_disjoint,validation,data/splits/split_assignments.csv,db1ce9f8b83f176001dd89fd332fb1668c7d2ba5f58d77157d293a09e2c2e696,weighted_tta+Logistic Regression C=0.3|cnn=0.5|ml=0.5,,,,,,,,,,,,,,,,0.8449767132401863,0.777769474835,0.744984716730353,0.7590107433973026,,,,,,,,,results/phase4/cnn_ml_fusion_validation_results.csv,csv_row:17,f584806183657f942e80411a371206614d456dbdc289530a1a149b5aa7a6248a,,,,original,,,,historical_observed,not_selected_for_new_final_model,Imported from saved evidence; protocol mapped from audited producer/folder. Empty fields mean not recorded. Validation-selected; test not evaluated.
legacy:results/phase4/cnn_ml_fusion_validation_results.csv#csv_row:18,legacy,tabular_candidate,phase4,strict_lesion_disjoint,validation,data/splits/split_assignments.csv,db1ce9f8b83f176001dd89fd332fb1668c7d2ba5f58d77157d293a09e2c2e696,weighted_tta+Logistic Regression C=0.3|cnn=0.6|ml=0.4,,,,,,,,,,,,,,,,0.846307385229541,0.7764769540642449,0.7467111027940885,0.7593833211483545,,,,,,,,,results/phase4/cnn_ml_fusion_validation_results.csv,csv_row:18,f584806183657f942e80411a371206614d456dbdc289530a1a149b5aa7a6248a,,,,original,,,,historical_observed,not_selected_for_new_final_model,Imported from saved evidence; protocol mapped from audited producer/folder. Empty fields mean not recorded. Validation-selected; test not evaluated.
legacy:results/phase4/cnn_ml_fusion_validation_results.csv#csv_row:19,legacy,tabular_candidate,phase4,strict_lesion_disjoint,validation,data/splits/split_assignments.csv,db1ce9f8b83f176001dd89fd332fb1668c7d2ba5f58d77157d293a09e2c2e696,weighted_tta+Logistic Regression C=0.3|cnn=0.7|ml=0.3,,,,,,,,,,,,,,,,0.8456420492348636,0.7763176876434682,0.7487300536070224,0.7608249669862852,,,,,,,,,results/phase4/cnn_ml_fusion_validation_results.csv,csv_row:19,f584806183657f942e80411a371206614d456dbdc289530a1a149b5aa7a6248a,,,,original,,,,historical_observed,not_selected_for_new_final_model,Imported from saved evidence; protocol mapped from audited producer/folder. Empty fields mean not recorded. Validation-selected; test not evaluated.
legacy:results/phase4/cnn_ml_fusion_validation_results.csv#csv_row:2,legacy,tabular_candidate,phase4,strict_lesion_disjoint,validation,data/splits/split_assignments.csv,db1ce9f8b83f176001dd89fd332fb1668c7d2ba5f58d77157d293a09e2c2e696,weighted_normal+Logistic Regression C=0.3|cnn=0.1|ml=0.9,,,,,,,,,,,,,,,,0.8389886892880905,0.7699200941715957,0.7089254370778308,0.7351022220865798,,,,,,,,,results/phase4/cnn_ml_fusion_validation_results.csv,csv_row:2,f584806183657f942e80411a371206614d456dbdc289530a1a149b5aa7a6248a,,,,original,,,,historical_observed,not_selected_for_new_final_model,Imported from saved evidence; protocol mapped from audited producer/folder. Empty fields mean not recorded. Validation-selected; test not evaluated.
legacy:results/phase4/cnn_ml_fusion_validation_results.csv#csv_row:20,legacy,tabular_candidate,phase4,strict_lesion_disjoint,validation,data/splits/split_assignments.csv,db1ce9f8b83f176001dd89fd332fb1668c7d2ba5f58d77157d293a09e2c2e696,weighted_tta+Logistic Regression C=0.3|cnn=0.8|ml=0.2,,,,,,,,,,,,,,,,0.8476380572188955,0.7756037713971378,0.7682041062124075,0.7710038202118644,,,,,,,,,results/phase4/cnn_ml_fusion_validation_results.csv,csv_row:20,f584806183657f942e80411a371206614d456dbdc289530a1a149b5aa7a6248a,,,,original,,,,historical_observed,not_selected_for_new_final_model,Imported from saved evidence; protocol mapped from audited producer/folder. Empty fields mean not recorded. Validation-selected; test not evaluated.
legacy:results/phase4/cnn_ml_fusion_validation_results.csv#csv_row:21,legacy,tabular_candidate,phase4,strict_lesion_disjoint,validation,data/splits/split_assignments.csv,db1ce9f8b83f176001dd89fd332fb1668c7d2ba5f58d77157d293a09e2c2e696,weighted_tta+Logistic Regression C=0.3|cnn=0.9|ml=0.1,,,,,,,,,,,,,,,,0.8449767132401863,0.7755208263521309,0.7683546658494219,0.7712452038039167,,,,,,,,,results/phase4/cnn_ml_fusion_validation_results.csv,csv_row:21,f584806183657f942e80411a371206614d456dbdc289530a1a149b5aa7a6248a,,,,original,,,,historical_observed,not_selected_for_new_final_model,Imported from saved evidence; protocol mapped from audited producer/folder. Empty fields mean not recorded. Validation-selected; test not evaluated.
legacy:results/phase4/cnn_ml_fusion_validation_results.csv#csv_row:22,legacy,tabular_candidate,phase4,strict_lesion_disjoint,validation,data/splits/split_assignments.csv,db1ce9f8b83f176001dd89fd332fb1668c7d2ba5f58d77157d293a09e2c2e696,weighted_tta+Logistic Regression C=0.3|cnn=1.0|ml=0.0,,,,,,,,,,,,,,,,0.8423153692614771,0.7719723400994944,0.7699476013258036,0.7703611681312049,,,,,,,,,results/phase4/cnn_ml_fusion_validation_results.csv,csv_row:22,f584806183657f942e80411a371206614d456dbdc289530a1a149b5aa7a6248a,,,,original,,,,historical_observed,not_selected_for_new_final_model,Imported from saved evidence; protocol mapped from audited producer/folder. Empty fields mean not recorded. Validation-selected; test not evaluated.
legacy:results/phase4/cnn_ml_fusion_validation_results.csv#csv_row:3,legacy,tabular_candidate,phase4,strict_lesion_disjoint,validation,data/splits/split_assignments.csv,db1ce9f8b83f176001dd89fd332fb1668c7d2ba5f58d77157d293a09e2c2e696,weighted_normal+Logistic Regression C=0.3|cnn=0.2|ml=0.8,,,,,,,,,,,,,,,,0.8389886892880905,0.7683941131523995,0.7089254370778308,0.7344231284041529,,,,,,,,,results/phase4/cnn_ml_fusion_validation_results.csv,csv_row:3,f584806183657f942e80411a371206614d456dbdc289530a1a149b5aa7a6248a,,,,original,,,,historical_observed,not_selected_for_new_final_model,Imported from saved evidence; protocol mapped from audited producer/folder. Empty fields mean not recorded. Validation-selected; test not evaluated.
legacy:results/phase4/cnn_ml_fusion_validation_results.csv#csv_row:4,legacy,tabular_candidate,phase4,strict_lesion_disjoint,validation,data/splits/split_assignments.csv,db1ce9f8b83f176001dd89fd332fb1668c7d2ba5f58d77157d293a09e2c2e696,weighted_normal+Logistic Regression C=0.3|cnn=0.3|ml=0.7,,,,,,,,,,,,,,,,0.8403193612774451,0.77079810574429,0.717003950126523,0.7400859623521135,,,,,,,,,results/phase4/cnn_ml_fusion_validation_results.csv,csv_row:4,f584806183657f942e80411a371206614d456dbdc289530a1a149b5aa7a6248a,,,,original,,,,historical_observed,not_selected_for_new_final_model,Imported from saved evidence; protocol mapped from audited producer/folder. Empty fields mean not recorded. Validation-selected; test not evaluated.
legacy:results/phase4/cnn_ml_fusion_validation_results.csv#csv_row:5,legacy,tabular_candidate,phase4,strict_lesion_disjoint,validation,data/splits/split_assignments.csv,db1ce9f8b83f176001dd89fd332fb1668c7d2ba5f58d77157d293a09e2c2e696,weighted_normal+Logistic Regression C=0.3|cnn=0.4|ml=0.6,,,,,,,,,,,,,,,,0.8403193612774451,0.7702901041893409,0.729022090716092,0.7470629628510849,,,,,,,,,results/phase4/cnn_ml_fusion_validation_results.csv,csv_row:5,f584806183657f942e80411a371206614d456dbdc289530a1a149b5aa7a6248a,,,,original,,,,historical_observed,not_selected_for_new_final_model,Imported from saved evidence; protocol mapped from audited producer/folder. Empty fields mean not recorded. Validation-selected; test not evaluated.
legacy:results/phase4/cnn_ml_fusion_validation_results.csv#csv_row:6,legacy,tabular_candidate,phase4,strict_lesion_disjoint,validation,data/splits/split_assignments.csv,db1ce9f8b83f176001dd89fd332fb1668c7d2ba5f58d77157d293a09e2c2e696,weighted_normal+Logistic Regression C=0.3|cnn=0.5|ml=0.5,,,,,,,,,,,,,,,,0.8436460412508316,0.771576730532354,0.7333354480414975,0.7499709839541925,,,,,,,,,results/phase4/cnn_ml_fusion_validation_results.csv,csv_row:6,f584806183657f942e80411a371206614d456dbdc289530a1a149b5aa7a6248a,,,,original,,,,historical_observed,not_selected_for_new_final_model,Imported from saved evidence; protocol mapped from audited producer/folder. Empty fields mean not recorded. Validation-selected; test not evaluated.
legacy:results/phase4/cnn_ml_fusion_validation_results.csv#csv_row:7,legacy,tabular_candidate,phase4,strict_lesion_disjoint,validation,data/splits/split_assignments.csv,db1ce9f8b83f176001dd89fd332fb1668c7d2ba5f58d77157d293a09e2c2e696,weighted_normal+Logistic Regression C=0.3|cnn=0.6|ml=0.4,,,,,,,,,,,,,,,,0.8436460412508316,0.7606325402944256,0.7323355300019925,0.7443009280984813,,,,,,,,,results/phase4/cnn_ml_fusion_validation_results.csv,csv_row:7,f584806183657f942e80411a371206614d456dbdc289530a1a149b5aa7a6248a,,,,original,,,,historical_observed,not_selected_for_new_final_model,Imported from saved evidence; protocol mapped from audited producer/folder. Empty fields mean not recorded. Validation-selected; test not evaluated.
legacy:results/phase4/cnn_ml_fusion_validation_results.csv#csv_row:8,legacy,tabular_candidate,phase4,strict_lesion_disjoint,validation,data/splits/split_assignments.csv,db1ce9f8b83f176001dd89fd332fb1668c7d2ba5f58d77157d293a09e2c2e696,weighted_normal+Logistic Regression C=0.3|cnn=0.7|ml=0.3,,,,,,,,,,,,,,,,0.8456420492348636,0.7688416643505602,0.7430255930792813,0.7544977514799547,,,,,,,,,results/phase4/cnn_ml_fusion_validation_results.csv,csv_row:8,f584806183657f942e80411a371206614d456dbdc289530a1a149b5aa7a6248a,,,,original,,,,historical_observed,not_selected_for_new_final_model,Imported from saved evidence; protocol mapped from audited producer/folder. Empty fields mean not recorded. Validation-selected; test not evaluated.
legacy:results/phase4/cnn_ml_fusion_validation_results.csv#csv_row:9,legacy,tabular_candidate,phase4,strict_lesion_disjoint,validation,data/splits/split_assignments.csv,db1ce9f8b83f176001dd89fd332fb1668c7d2ba5f58d77157d293a09e2c2e696,weighted_normal+Logistic Regression C=0.3|cnn=0.8|ml=0.2,,,,,,,,,,,,,,,,0.846307385229541,0.7632321893808085,0.7438913939450822,0.7525366537111265,,,,,,,,,results/phase4/cnn_ml_fusion_validation_results.csv,csv_row:9,f584806183657f942e80411a371206614d456dbdc289530a1a149b5aa7a6248a,,,,original,,,,historical_observed,not_selected_for_new_final_model,Imported from saved evidence; protocol mapped from audited producer/folder. Empty fields mean not recorded. Validation-selected; test not evaluated.
legacy:results/phase4/ensemble_validation_results.csv#csv_row:1,legacy,tabular_candidate,phase4,strict_lesion_disjoint,validation,data/splits/split_assignments.csv,db1ce9f8b83f176001dd89fd332fb1668c7d2ba5f58d77157d293a09e2c2e696,"weighted+oversampled|normal|0.0,1.0",efficientnet_b0_cbam_weighted_v1+efficientnet_b0_cbam_oversampled_v1,,,,,,,,,,,,,,,0.852960745176314,0.7772497636091177,0.7007404921122615,0.732131726806851,,,,,,efficientnet_b0_cbam_weighted_v1+efficientnet_b0_cbam_oversampled_v1,0.0+1.0,,results/phase4/ensemble_validation_results.csv,csv_row:1,7fd6390aabe8cd14c3dbf62ed3d1495f266cc6c60d01543cd81952f6f5e6f8c8,,,,original,,,,historical_observed,not_selected_for_new_final_model,Imported from saved evidence; protocol mapped from audited producer/folder. Empty fields mean not recorded. Validation-selected; test not evaluated.
legacy:results/phase4/ensemble_validation_results.csv#csv_row:10,legacy,tabular_candidate,phase4,strict_lesion_disjoint,validation,data/splits/split_assignments.csv,db1ce9f8b83f176001dd89fd332fb1668c7d2ba5f58d77157d293a09e2c2e696,"weighted+oversampled|normal|0.9,0.1",efficientnet_b0_cbam_weighted_v1+efficientnet_b0_cbam_oversampled_v1,,,,,,,,,,,,,,,0.8476380572188955,0.7651966722243244,0.7555836700939919,0.759706432121848,,,,,,efficientnet_b0_cbam_weighted_v1+efficientnet_b0_cbam_oversampled_v1,0.9+0.1,,results/phase4/ensemble_validation_results.csv,csv_row:10,7fd6390aabe8cd14c3dbf62ed3d1495f266cc6c60d01543cd81952f6f5e6f8c8,,,,original,,,,historical_observed,not_selected_for_new_final_model,Imported from saved evidence; protocol mapped from audited producer/folder. Empty fields mean not recorded. Validation-selected; test not evaluated.
legacy:results/phase4/ensemble_validation_results.csv#csv_row:100,legacy,tabular_candidate,phase4,strict_lesion_disjoint,validation,data/splits/split_assignments.csv,db1ce9f8b83f176001dd89fd332fb1668c7d2ba5f58d77157d293a09e2c2e696,"weighted+oversampled+focal|normal|0.3,0.3,0.4",efficientnet_b0_cbam_weighted_v1+efficientnet_b0_cbam_oversampled_v1+efficientnet_b0_cbam_focal_v1,,,,,,,,,,,,,,,0.852960745176314,0.7832536756437051,0.7315728691040332,0.7544914597540806,,,,,,efficientnet_b0_cbam_weighted_v1+efficientnet_b0_cbam_oversampled_v1+efficientnet_b0_cbam_focal_v1,0.3+0.3+0.4,,results/phase4/ensemble_validation_results.csv,csv_row:100,7fd6390aabe8cd14c3dbf62ed3d1495f266cc6c60d01543cd81952f6f5e6f8c8,,,,original,,,,historical_observed,not_selected_for_new_final_model,Imported from saved evidence; protocol mapped from audited producer/folder. Empty fields mean not recorded. Validation-selected; test not evaluated.
legacy:results/phase4/ensemble_validation_results.csv#csv_row:101,legacy,tabular_candidate,phase4,strict_lesion_disjoint,validation,data/splits/split_assignments.csv,db1ce9f8b83f176001dd89fd332fb1668c7d2ba5f58d77157d293a09e2c2e696,"weighted+oversampled+focal|normal|0.3,0.4,0.3",efficientnet_b0_cbam_weighted_v1+efficientnet_b0_cbam_oversampled_v1+efficientnet_b0_cbam_focal_v1,,,,,,,,,,,,,,,0.8562874251497006,0.7855357564515536,0.7270697701959358,0.7524299477830946,,,,,,efficientnet_b0_cbam_weighted_v1+efficientnet_b0_cbam_oversampled_v1+efficientnet_b0_cbam_focal_v1,0.3+0.4+0.3,,results/phase4/ensemble_validation_results.csv,csv_row:101,7fd6390aabe8cd14c3dbf62ed3d1495f266cc6c60d01543cd81952f6f5e6f8c8,,,,original,,,,historical_observed,not_selected_for_new_final_model,Imported from saved evidence; protocol mapped from audited producer/folder. Empty fields mean not recorded. Validation-selected; test not evaluated.
legacy:results/phase4/ensemble_validation_results.csv#csv_row:102,legacy,tabular_candidate,phase4,strict_lesion_disjoint,validation,data/splits/split_assignments.csv,db1ce9f8b83f176001dd89fd332fb1668c7d2ba5f58d77157d293a09e2c2e696,"weighted+oversampled+focal|normal|0.3,0.5,0.2",efficientnet_b0_cbam_weighted_v1+efficientnet_b0_cbam_oversampled_v1+efficientnet_b0_cbam_focal_v1,,,,,,,,,,,,,,,0.852960745176314,0.7876351672339981,0.7234749929562809,0.750864573817077,,,,,,efficientnet_b0_cbam_weighted_v1+efficientnet_b0_cbam_oversampled_v1+efficientnet_b0_cbam_focal_v1,0.3+0.5+0.2,,results/phase4/ensemble_validation_results.csv,csv_row:102,7fd6390aabe8cd14c3dbf62ed3d1495f266cc6c60d01543cd81952f6f5e6f8c8,,,,original,,,,historical_observed,not_selected_for_new_final_model,Imported from saved evidence; protocol mapped from audited producer/folder. Empty fields mean not recorded. Validation-selected; test not evaluated.
legacy:results/phase4/ensemble_validation_results.csv#csv_row:103,legacy,tabular_candidate,phase4,strict_lesion_disjoint,validation,data/splits/split_assignments.csv,db1ce9f8b83f176001dd89fd332fb1668c7d2ba5f58d77157d293a09e2c2e696,"weighted+oversampled+focal|normal|0.3,0.6,0.1",efficientnet_b0_cbam_weighted_v1+efficientnet_b0_cbam_oversampled_v1+efficientnet_b0_cbam_focal_v1,,,,,,,,,,,,,,,0.8522954091816367,0.7857054910916074,0.7208939723850261,0.7481587927945241,,,,,,efficientnet_b0_cbam_weighted_v1+efficientnet_b0_cbam_oversampled_v1+efficientnet_b0_cbam_focal_v1,0.3+0.6+0.1,,results/phase4/ensemble_validation_results.csv,csv_row:103,7fd6390aabe8cd14c3dbf62ed3d1495f266cc6c60d01543cd81952f6f5e6f8c8,,,,original,,,,historical_observed,not_selected_for_new_final_model,Imported from saved evidence; protocol mapped from audited producer/folder. Empty fields mean not recorded. Validation-selected; test not evaluated.
legacy:results/phase4/ensemble_validation_results.csv#csv_row:104,legacy,tabular_candidate,phase4,strict_lesion_disjoint,validation,data/splits/split_assignments.csv,db1ce9f8b83f176001dd89fd332fb1668c7d2ba5f58d77157d293a09e2c2e696,"weighted+oversampled+focal|normal|0.3,0.7,0.0",efficientnet_b0_cbam_weighted_v1+efficientnet_b0_cbam_oversampled_v1+efficientnet_b0_cbam_focal_v1,,,,,,,,,,,,,,,0.8522954091816367,0.785945401035614,0.7123808894749517,0.7429307981714081,,,,,,efficientnet_b0_cbam_weighted_v1+efficientnet_b0_cbam_oversampled_v1+efficientnet_b0_cbam_focal_v1,0.3+0.7+0.0,,results/phase4/ensemble_validation_results.csv,csv_row:104,7fd6390aabe8cd14c3dbf62ed3d1495f266cc6c60d01543cd81952f6f5e6f8c8,,,,original,,,,historical_observed,not_selected_for_new_final_model,Imported from saved evidence; protocol mapped from audited producer/folder. Empty fields mean not recorded. Validation-selected; test not evaluated.
legacy:results/phase4/ensemble_validation_results.csv#csv_row:105,legacy,tabular_candidate,phase4,strict_lesion_disjoint,validation,data/splits/split_assignments.csv,db1ce9f8b83f176001dd89fd332fb1668c7d2ba5f58d77157d293a09e2c2e696,"weighted+oversampled+focal|normal|0.4,0.0,0.6",efficientnet_b0_cbam_weighted_v1+efficientnet_b0_cbam_oversampled_v1+efficientnet_b0_cbam_focal_v1,,,,,,,,,,,,,,,0.8423153692614771,0.7483551687918538,0.7346245544468941,0.740340064679493,,,,,,efficientnet_b0_cbam_weighted_v1+efficientnet_b0_cbam_oversampled_v1+efficientnet_b0_cbam_focal_v1,0.4+0.0+0.6,,results/phase4/ensemble_validation_results.csv,csv_row:105,7fd6390aabe8cd14c3dbf62ed3d1495f266cc6c60d01543cd81952f6f5e6f8c8,,,,original,,,,historical_observed,not_selected_for_new_final_model,Imported from saved evidence; protocol mapped from audited producer/folder. Empty fields mean not recorded. Validation-selected; test not evaluated.
legacy:results/phase4/ensemble_validation_results.csv#csv_row:106,legacy,tabular_candidate,phase4,strict_lesion_disjoint,validation,data/splits/split_assignments.csv,db1ce9f8b83f176001dd89fd332fb1668c7d2ba5f58d77157d293a09e2c2e696,"weighted+oversampled+focal|normal|0.4,0.1,0.5",efficientnet_b0_cbam_weighted_v1+efficientnet_b0_cbam_oversampled_v1+efficientnet_b0_cbam_focal_v1,,,,,,,,,,,,,,,0.8456420492348636,0.7651150804655609,0.74547310262602,0.754303130832017,,,,,,efficientnet_b0_cbam_weighted_v1+efficientnet_b0_cbam_oversampled_v1+efficientnet_b0_cbam_focal_v1,0.4+0.1+0.5,,results/phase4/ensemble_validation_results.csv,csv_row:106,7fd6390aabe8cd14c3dbf62ed3d1495f266cc6c60d01543cd81952f6f5e6f8c8,,,,original,,,,historical_observed,not_selected_for_new_final_model,Imported from saved evidence; protocol mapped from audited producer/folder. Empty fields mean not recorded. Validation-selected; test not evaluated.
legacy:results/phase4/ensemble_validation_results.csv#csv_row:107,legacy,tabular_candidate,phase4,strict_lesion_disjoint,validation,data/splits/split_assignments.csv,db1ce9f8b83f176001dd89fd332fb1668c7d2ba5f58d77157d293a09e2c2e696,"weighted+oversampled+focal|normal|0.4,0.2,0.4",efficientnet_b0_cbam_weighted_v1+efficientnet_b0_cbam_oversampled_v1+efficientnet_b0_cbam_focal_v1,,,,,,,,,,,,,,,0.850964737192282,0.7812705917387122,0.7396599366775556,0.7584236533134677,,,,,,efficientnet_b0_cbam_weighted_v1+efficientnet_b0_cbam_oversampled_v1+efficientnet_b0_cbam_focal_v1,0.4+0.2+0.4,,results/phase4/ensemble_validation_results.csv,csv_row:107,7fd6390aabe8cd14c3dbf62ed3d1495f266cc6c60d01543cd81952f6f5e6f8c8,,,,original,,,,historical_observed,not_selected_for_new_final_model,Imported from saved evidence; protocol mapped from audited producer/folder. Empty fields mean not recorded. Validation-selected; test not evaluated.
legacy:results/phase4/ensemble_validation_results.csv#csv_row:108,legacy,tabular_candidate,phase4,strict_lesion_disjoint,validation,data/splits/split_assignments.csv,db1ce9f8b83f176001dd89fd332fb1668c7d2ba5f58d77157d293a09e2c2e696,"weighted+oversampled+focal|normal|0.4,0.3,0.3",efficientnet_b0_cbam_weighted_v1+efficientnet_b0_cbam_oversampled_v1+efficientnet_b0_cbam_focal_v1,,,,,,,,,,,,,,,0.8536260811709914,0.7850616973288796,0.7409465372120423,0.7607951357168358,,,,,,efficientnet_b0_cbam_weighted_v1+efficientnet_b0_cbam_oversampled_v1+efficientnet_b0_cbam_focal_v1,0.4+0.3+0.3,,results/phase4/ensemble_validation_results.csv,csv_row:108,7fd6390aabe8cd14c3dbf62ed3d1495f266cc6c60d01543cd81952f6f5e6f8c8,,,,original,,,,historical_observed,not_selected_for_new_final_model,Imported from saved evidence; protocol mapped from audited producer/folder. Empty fields mean not recorded. Validation-selected; test not evaluated.
legacy:results/phase4/ensemble_validation_results.csv#csv_row:109,legacy,tabular_candidate,phase4,strict_lesion_disjoint,validation,data/splits/split_assignments.csv,db1ce9f8b83f176001dd89fd332fb1668c7d2ba5f58d77157d293a09e2c2e696,"weighted+oversampled+focal|normal|0.4,0.4,0.2",efficientnet_b0_cbam_weighted_v1+efficientnet_b0_cbam_oversampled_v1+efficientnet_b0_cbam_focal_v1,,,,,,,,,,,,,,,0.852960745176314,0.7819193418349774,0.7249225844635145,0.7495640880561226,,,,,,efficientnet_b0_cbam_weighted_v1+efficientnet_b0_cbam_oversampled_v1+efficientnet_b0_cbam_focal_v1,0.4+0.4+0.2,,results/phase4/ensemble_validation_results.csv,csv_row:109,7fd6390aabe8cd14c3dbf62ed3d1495f266cc6c60d01543cd81952f6f5e6f8c8,,,,original,,,,historical_observed,not_selected_for_new_final_model,Imported from saved evidence; protocol mapped from audited producer/folder. Empty fields mean not recorded. Validation-selected; test not evaluated.
legacy:results/phase4/ensemble_validation_results.csv#csv_row:11,legacy,tabular_candidate,phase4,strict_lesion_disjoint,validation,data/splits/split_assignments.csv,db1ce9f8b83f176001dd89fd332fb1668c7d2ba5f58d77157d293a09e2c2e696,"weighted+oversampled|normal|1.0,0.0",efficientnet_b0_cbam_weighted_v1+efficientnet_b0_cbam_oversampled_v1,,,,,,,,,,,,,,,0.8456420492348636,0.757164195329919,0.7573133950146916,0.7568732673677362,,,,,,efficientnet_b0_cbam_weighted_v1+efficientnet_b0_cbam_oversampled_v1,1.0+0.0,,results/phase4/ensemble_validation_results.csv,csv_row:11,7fd6390aabe8cd14c3dbf62ed3d1495f266cc6c60d01543cd81952f6f5e6f8c8,,,,original,,,,historical_observed,not_selected_for_new_final_model,Imported from saved evidence; protocol mapped from audited producer/folder. Empty fields mean not recorded. Validation-selected; test not evaluated.
legacy:results/phase4/ensemble_validation_results.csv#csv_row:110,legacy,tabular_candidate,phase4,strict_lesion_disjoint,validation,data/splits/split_assignments.csv,db1ce9f8b83f176001dd89fd332fb1668c7d2ba5f58d77157d293a09e2c2e696,"weighted+oversampled+focal|normal|0.4,0.5,0.1",efficientnet_b0_cbam_weighted_v1+efficientnet_b0_cbam_oversampled_v1+efficientnet_b0_cbam_focal_v1,,,,,,,,,,,,,,,0.8536260811709914,0.7851955187460485,0.7263321358134237,0.7519533489814005,,,,,,efficientnet_b0_cbam_weighted_v1+efficientnet_b0_cbam_oversampled_v1+efficientnet_b0_cbam_focal_v1,0.4+0.5+0.1,,results/phase4/ensemble_validation_results.csv,csv_row:110,7fd6390aabe8cd14c3dbf62ed3d1495f266cc6c60d01543cd81952f6f5e6f8c8,,,,original,,,,historical_observed,not_selected_for_new_final_model,Imported from saved evidence; protocol mapped from audited producer/folder. Empty fields mean not recorded. Validation-selected; test not evaluated.
legacy:results/phase4/ensemble_validation_results.csv#csv_row:111,legacy,tabular_candidate,phase4,strict_lesion_disjoint,validation,data/splits/split_assignments.csv,db1ce9f8b83f176001dd89fd332fb1668c7d2ba5f58d77157d293a09e2c2e696,"weighted+oversampled+focal|normal|0.4,0.6,0.0",efficientnet_b0_cbam_weighted_v1+efficientnet_b0_cbam_oversampled_v1+efficientnet_b0_cbam_focal_v1,,,,,,,,,,,,,,,0.8542914171656687,0.7890318904648334,0.7237590031806489,0.7515566057178333,,,,,,efficientnet_b0_cbam_weighted_v1+efficientnet_b0_cbam_oversampled_v1+efficientnet_b0_cbam_focal_v1,0.4+0.6+0.0,,results/phase4/ensemble_validation_results.csv,csv_row:111,7fd6390aabe8cd14c3dbf62ed3d1495f266cc6c60d01543cd81952f6f5e6f8c8,,,,original,,,,historical_observed,not_selected_for_new_final_model,Imported from saved evidence; protocol mapped from audited producer/folder. Empty fields mean not recorded. Validation-selected; test not evaluated.
legacy:results/phase4/ensemble_validation_results.csv#csv_row:112,legacy,tabular_candidate,phase4,strict_lesion_disjoint,validation,data/splits/split_assignments.csv,db1ce9f8b83f176001dd89fd332fb1668c7d2ba5f58d77157d293a09e2c2e696,"weighted+oversampled+focal|normal|0.5,0.0,0.5",efficientnet_b0_cbam_weighted_v1+efficientnet_b0_cbam_oversampled_v1+efficientnet_b0_cbam_focal_v1,,,,,,,,,,,,,,,0.8469727212242182,0.7577562291595801,0.7595887472304016,0.7581313947082169,,,,,,efficientnet_b0_cbam_weighted_v1+efficientnet_b0_cbam_oversampled_v1+efficientnet_b0_cbam_focal_v1,0.5+0.0+0.5,,results/phase4/ensemble_validation_results.csv,csv_row:112,7fd6390aabe8cd14c3dbf62ed3d1495f266cc6c60d01543cd81952f6f5e6f8c8,,,,original,,,,historical_observed,not_selected_for_new_final_model,Imported from saved evidence; protocol mapped from audited producer/folder. Empty fields mean not recorded. Validation-selected; test not evaluated.
legacy:results/phase4/ensemble_validation_results.csv#csv_row:113,legacy,tabular_candidate,phase4,strict_lesion_disjoint,validation,data/splits/split_assignments.csv,db1ce9f8b83f176001dd89fd332fb1668c7d2ba5f58d77157d293a09e2c2e696,"weighted+oversampled+focal|normal|0.5,0.1,0.4",efficientnet_b0_cbam_weighted_v1+efficientnet_b0_cbam_oversampled_v1+efficientnet_b0_cbam_focal_v1,,,,,,,,,,,,,,,0.8456420492348636,0.7639571258406176,0.7424870582630393,0.7522242519138789,,,,,,efficientnet_b0_cbam_weighted_v1+efficientnet_b0_cbam_oversampled_v1+efficientnet_b0_cbam_focal_v1,0.5+0.1+0.4,,results/phase4/ensemble_validation_results.csv,csv_row:113,7fd6390aabe8cd14c3dbf62ed3d1495f266cc6c60d01543cd81952f6f5e6f8c8,,,,original,,,,historical_observed,not_selected_for_new_final_model,Imported from saved evidence; protocol mapped from audited producer/folder. Empty fields mean not recorded. Validation-selected; test not evaluated.
legacy:results/phase4/ensemble_validation_results.csv#csv_row:114,legacy,tabular_candidate,phase4,strict_lesion_disjoint,validation,data/splits/split_assignments.csv,db1ce9f8b83f176001dd89fd332fb1668c7d2ba5f58d77157d293a09e2c2e696,"weighted+oversampled+focal|normal|0.5,0.2,0.3",efficientnet_b0_cbam_weighted_v1+efficientnet_b0_cbam_oversampled_v1+efficientnet_b0_cbam_focal_v1,,,,,,,,,,,,,,,0.850964737192282,0.7810281932277455,0.7403837324311724,0.7587168101947415,,,,,,efficientnet_b0_cbam_weighted_v1+efficientnet_b0_cbam_oversampled_v1+efficientnet_b0_cbam_focal_v1,0.5+0.2+0.3,,results/phase4/ensemble_validation_results.csv,csv_row:114,7fd6390aabe8cd14c3dbf62ed3d1495f266cc6c60d01543cd81952f6f5e6f8c8,,,,original,,,,historical_observed,not_selected_for_new_final_model,Imported from saved evidence; protocol mapped from audited producer/folder. Empty fields mean not recorded. Validation-selected; test not evaluated.
legacy:results/phase4/ensemble_validation_results.csv#csv_row:115,legacy,tabular_candidate,phase4,strict_lesion_disjoint,validation,data/splits/split_assignments.csv,db1ce9f8b83f176001dd89fd332fb1668c7d2ba5f58d77157d293a09e2c2e696,"weighted+oversampled+focal|normal|0.5,0.3,0.2",efficientnet_b0_cbam_weighted_v1+efficientnet_b0_cbam_oversampled_v1+efficientnet_b0_cbam_focal_v1,,,,,,,,,,,,,,,0.852960745176314,0.7833924747988927,0.739091249642469,0.7591660566803078,,,,,,efficientnet_b0_cbam_weighted_v1+efficientnet_b0_cbam_oversampled_v1+efficientnet_b0_cbam_focal_v1,0.5+0.3+0.2,,results/phase4/ensemble_validation_results.csv,csv_row:115,7fd6390aabe8cd14c3dbf62ed3d1495f266cc6c60d01543cd81952f6f5e6f8c8,,,,original,,,,historical_observed,not_selected_for_new_final_model,Imported from saved evidence; protocol mapped from audited producer/folder. Empty fields mean not recorded. Validation-selected; test not evaluated.
legacy:results/phase4/ensemble_validation_results.csv#csv_row:116,legacy,tabular_candidate,phase4,strict_lesion_disjoint,validation,data/splits/split_assignments.csv,db1ce9f8b83f176001dd89fd332fb1668c7d2ba5f58d77157d293a09e2c2e696,"weighted+oversampled+focal|normal|0.5,0.4,0.1",efficientnet_b0_cbam_weighted_v1+efficientnet_b0_cbam_oversampled_v1+efficientnet_b0_cbam_focal_v1,,,,,,,,,,,,,,,0.850964737192282,0.7770891102858632,0.7153987749397049,0.7419173786168696,,,,,,efficientnet_b0_cbam_weighted_v1+efficientnet_b0_cbam_oversampled_v1+efficientnet_b0_cbam_focal_v1,0.5+0.4+0.1,,results/phase4/ensemble_validation_results.csv,csv_row:116,7fd6390aabe8cd14c3dbf62ed3d1495f266cc6c60d01543cd81952f6f5e6f8c8,,,,original,,,,historical_observed,not_selected_for_new_final_model,Imported from saved evidence; protocol mapped from audited producer/folder. Empty fields mean not recorded. Validation-selected; test not evaluated.
legacy:results/phase4/ensemble_validation_results.csv#csv_row:117,legacy,tabular_candidate,phase4,strict_lesion_disjoint,validation,data/splits/split_assignments.csv,db1ce9f8b83f176001dd89fd332fb1668c7d2ba5f58d77157d293a09e2c2e696,"weighted+oversampled+focal|normal|0.5,0.5,0.0",efficientnet_b0_cbam_weighted_v1+efficientnet_b0_cbam_oversampled_v1+efficientnet_b0_cbam_focal_v1,,,,,,,,,,,,,,,0.8536260811709914,0.7855753238736655,0.72633735148129,0.7520239817917892,,,,,,efficientnet_b0_cbam_weighted_v1+efficientnet_b0_cbam_oversampled_v1+efficientnet_b0_cbam_focal_v1,0.5+0.5+0.0,,results/phase4/ensemble_validation_results.csv,csv_row:117,7fd6390aabe8cd14c3dbf62ed3d1495f266cc6c60d01543cd81952f6f5e6f8c8,,,,original,,,,historical_observed,not_selected_for_new_final_model,Imported from saved evidence; protocol mapped from audited producer/folder. Empty fields mean not recorded. Validation-selected; test not evaluated.
legacy:results/phase4/ensemble_validation_results.csv#csv_row:118,legacy,tabular_candidate,phase4,strict_lesion_disjoint,validation,data/splits/split_assignments.csv,db1ce9f8b83f176001dd89fd332fb1668c7d2ba5f58d77157d293a09e2c2e696,"weighted+oversampled+focal|normal|0.6,0.0,0.4",efficientnet_b0_cbam_weighted_v1+efficientnet_b0_cbam_oversampled_v1+efficientnet_b0_cbam_focal_v1,,,,,,,,,,,,,,,0.8423153692614771,0.7585484144782058,0.7547204730626061,0.7560214368843744,,,,,,efficientnet_b0_cbam_weighted_v1+efficientnet_b0_cbam_oversampled_v1+efficientnet_b0_cbam_focal_v1,0.6+0.0+0.4,,results/phase4/ensemble_validation_results.csv,csv_row:118,7fd6390aabe8cd14c3dbf62ed3d1495f266cc6c60d01543cd81952f6f5e6f8c8,,,,original,,,,historical_observed,not_selected_for_new_final_model,Imported from saved evidence; protocol mapped from audited producer/folder. Empty fields mean not recorded. Validation-selected; test not evaluated.
legacy:results/phase4/ensemble_validation_results.csv#csv_row:119,legacy,tabular_candidate,phase4,strict_lesion_disjoint,validation,data/splits/split_assignments.csv,db1ce9f8b83f176001dd89fd332fb1668c7d2ba5f58d77157d293a09e2c2e696,"weighted+oversampled+focal|normal|0.6,0.1,0.3",efficientnet_b0_cbam_weighted_v1+efficientnet_b0_cbam_oversampled_v1+efficientnet_b0_cbam_focal_v1,,,,,,,,,,,,,,,0.8449767132401863,0.7609968609778662,0.7399079749398492,0.7495435150529606,,,,,,efficientnet_b0_cbam_weighted_v1+efficientnet_b0_cbam_oversampled_v1+efficientnet_b0_cbam_focal_v1,0.6+0.1+0.3,,results/phase4/ensemble_validation_results.csv,csv_row:119,7fd6390aabe8cd14c3dbf62ed3d1495f266cc6c60d01543cd81952f6f5e6f8c8,,,,original,,,,historical_observed,not_selected_for_new_final_model,Imported from saved evidence; protocol mapped from audited producer/folder. Empty fields mean not recorded. Validation-selected; test not evaluated.
legacy:results/phase4/ensemble_validation_results.csv#csv_row:12,legacy,tabular_candidate,phase4,strict_lesion_disjoint,validation,data/splits/split_assignments.csv,db1ce9f8b83f176001dd89fd332fb1668c7d2ba5f58d77157d293a09e2c2e696,"weighted+oversampled|weighted_tta|0.0,1.0",efficientnet_b0_cbam_weighted_v1+efficientnet_b0_cbam_oversampled_v1,,,,,,,,,,,,,,,0.852960745176314,0.7772497636091177,0.7007404921122615,0.732131726806851,,,,,,efficientnet_b0_cbam_weighted_v1+efficientnet_b0_cbam_oversampled_v1,0.0+1.0,,results/phase4/ensemble_validation_results.csv,csv_row:12,7fd6390aabe8cd14c3dbf62ed3d1495f266cc6c60d01543cd81952f6f5e6f8c8,,,,original,,,,historical_observed,not_selected_for_new_final_model,Imported from saved evidence; protocol mapped from audited producer/folder. Empty fields mean not recorded. Validation-selected; test not evaluated.
legacy:results/phase4/ensemble_validation_results.csv#csv_row:120,legacy,tabular_candidate,phase4,strict_lesion_disjoint,validation,data/splits/split_assignments.csv,db1ce9f8b83f176001dd89fd332fb1668c7d2ba5f58d77157d293a09e2c2e696,"weighted+oversampled+focal|normal|0.6,0.2,0.2",efficientnet_b0_cbam_weighted_v1+efficientnet_b0_cbam_oversampled_v1+efficientnet_b0_cbam_focal_v1,,,,,,,,,,,,,,,0.8476380572188955,0.767436939593913,0.7348099817839726,0.749727855362961,,,,,,efficientnet_b0_cbam_weighted_v1+efficientnet_b0_cbam_oversampled_v1+efficientnet_b0_cbam_focal_v1,0.6+0.2+0.2,,results/phase4/ensemble_validation_results.csv,csv_row:120,7fd6390aabe8cd14c3dbf62ed3d1495f266cc6c60d01543cd81952f6f5e6f8c8,,,,original,,,,historical_observed,not_selected_for_new_final_model,Imported from saved evidence; protocol mapped from audited producer/folder. Empty fields mean not recorded. Validation-selected; test not evaluated.
legacy:results/phase4/ensemble_validation_results.csv#csv_row:121,legacy,tabular_candidate,phase4,strict_lesion_disjoint,validation,data/splits/split_assignments.csv,db1ce9f8b83f176001dd89fd332fb1668c7d2ba5f58d77157d293a09e2c2e696,"weighted+oversampled+focal|normal|0.6,0.3,0.1",efficientnet_b0_cbam_weighted_v1+efficientnet_b0_cbam_oversampled_v1+efficientnet_b0_cbam_focal_v1,,,,,,,,,,,,,,,0.8522954091816367,0.7821984228157988,0.738949244530285,0.7585587987252557,,,,,,efficientnet_b0_cbam_weighted_v1+efficientnet_b0_cbam_oversampled_v1+efficientnet_b0_cbam_focal_v1,0.6+0.3+0.1,,results/phase4/ensemble_validation_results.csv,csv_row:121,7fd6390aabe8cd14c3dbf62ed3d1495f266cc6c60d01543cd81952f6f5e6f8c8,,,,original,,,,historical_observed,not_selected_for_new_final_model,Imported from saved evidence; protocol mapped from audited producer/folder. Empty fields mean not recorded. Validation-selected; test not evaluated.
legacy:results/phase4/ensemble_validation_results.csv#csv_row:122,legacy,tabular_candidate,phase4,strict_lesion_disjoint,validation,data/splits/split_assignments.csv,db1ce9f8b83f176001dd89fd332fb1668c7d2ba5f58d77157d293a09e2c2e696,"weighted+oversampled+focal|normal|0.6,0.4,0.0",efficientnet_b0_cbam_weighted_v1+efficientnet_b0_cbam_oversampled_v1+efficientnet_b0_cbam_focal_v1,,,,,,,,,,,,,,,0.8516300731869594,0.7798010919622741,0.7229200761138909,0.7479871964956458,,,,,,efficientnet_b0_cbam_weighted_v1+efficientnet_b0_cbam_oversampled_v1+efficientnet_b0_cbam_focal_v1,0.6+0.4+0.0,,results/phase4/ensemble_validation_results.csv,csv_row:122,7fd6390aabe8cd14c3dbf62ed3d1495f266cc6c60d01543cd81952f6f5e6f8c8,,,,original,,,,historical_observed,not_selected_for_new_final_model,Imported from saved evidence; protocol mapped from audited producer/folder. Empty fields mean not recorded. Validation-selected; test not evaluated.
legacy:results/phase4/ensemble_validation_results.csv#csv_row:123,legacy,tabular_candidate,phase4,strict_lesion_disjoint,validation,data/splits/split_assignments.csv,db1ce9f8b83f176001dd89fd332fb1668c7d2ba5f58d77157d293a09e2c2e696,"weighted+oversampled+focal|normal|0.7,0.0,0.3",efficientnet_b0_cbam_weighted_v1+efficientnet_b0_cbam_oversampled_v1+efficientnet_b0_cbam_focal_v1,,,,,,,,,,,,,,,0.8429807052561543,0.7590704760836562,0.7555810582605408,0.7567135668957153,,,,,,efficientnet_b0_cbam_weighted_v1+efficientnet_b0_cbam_oversampled_v1+efficientnet_b0_cbam_focal_v1,0.7+0.0+0.3,,results/phase4/ensemble_validation_results.csv,csv_row:123,7fd6390aabe8cd14c3dbf62ed3d1495f266cc6c60d01543cd81952f6f5e6f8c8,,,,original,,,,historical_observed,not_selected_for_new_final_model,Imported from saved evidence; protocol mapped from audited producer/folder. Empty fields mean not recorded. Validation-selected; test not evaluated.
legacy:results/phase4/ensemble_validation_results.csv#csv_row:124,legacy,tabular_candidate,phase4,strict_lesion_disjoint,validation,data/splits/split_assignments.csv,db1ce9f8b83f176001dd89fd332fb1668c7d2ba5f58d77157d293a09e2c2e696,"weighted+oversampled+focal|normal|0.7,0.1,0.2",efficientnet_b0_cbam_weighted_v1+efficientnet_b0_cbam_oversampled_v1+efficientnet_b0_cbam_focal_v1,,,,,,,,,,,,,,,0.8456420492348636,0.7621888796481214,0.7400499800520332,0.750265358953815,,,,,,efficientnet_b0_cbam_weighted_v1+efficientnet_b0_cbam_oversampled_v1+efficientnet_b0_cbam_focal_v1,0.7+0.1+0.2,,results/phase4/ensemble_validation_results.csv,csv_row:124,7fd6390aabe8cd14c3dbf62ed3d1495f266cc6c60d01543cd81952f6f5e6f8c8,,,,original,,,,historical_observed,not_selected_for_new_final_model,Imported from saved evidence; protocol mapped from audited producer/folder. Empty fields mean not recorded. Validation-selected; test not evaluated.
legacy:results/phase4/ensemble_validation_results.csv#csv_row:125,legacy,tabular_candidate,phase4,strict_lesion_disjoint,validation,data/splits/split_assignments.csv,db1ce9f8b83f176001dd89fd332fb1668c7d2ba5f58d77157d293a09e2c2e696,"weighted+oversampled+focal|normal|0.7,0.2,0.1",efficientnet_b0_cbam_weighted_v1+efficientnet_b0_cbam_oversampled_v1+efficientnet_b0_cbam_focal_v1,,,,,,,,,,,,,,,0.8496340652029275,0.7709831431640911,0.7433443046040098,0.7561960873911336,,,,,,efficientnet_b0_cbam_weighted_v1+efficientnet_b0_cbam_oversampled_v1+efficientnet_b0_cbam_focal_v1,0.7+0.2+0.1,,results/phase4/ensemble_validation_results.csv,csv_row:125,7fd6390aabe8cd14c3dbf62ed3d1495f266cc6c60d01543cd81952f6f5e6f8c8,,,,original,,,,historical_observed,not_selected_for_new_final_model,Imported from saved evidence; protocol mapped from audited producer/folder. Empty fields mean not recorded. Validation-selected; test not evaluated.
legacy:results/phase4/ensemble_validation_results.csv#csv_row:126,legacy,tabular_candidate,phase4,strict_lesion_disjoint,validation,data/splits/split_assignments.csv,db1ce9f8b83f176001dd89fd332fb1668c7d2ba5f58d77157d293a09e2c2e696,"weighted+oversampled+focal|normal|0.7,0.3,0.0",efficientnet_b0_cbam_weighted_v1+efficientnet_b0_cbam_oversampled_v1+efficientnet_b0_cbam_focal_v1,,,,,,,,,,,,,,,0.852960745176314,0.7831200818019738,0.7398150453960859,0.7594516558681128,,,,,,efficientnet_b0_cbam_weighted_v1+efficientnet_b0_cbam_oversampled_v1+efficientnet_b0_cbam_focal_v1,0.7+0.3+0.0,,results/phase4/ensemble_validation_results.csv,csv_row:126,7fd6390aabe8cd14c3dbf62ed3d1495f266cc6c60d01543cd81952f6f5e6f8c8,,,,original,,,,historical_observed,not_selected_for_new_final_model,Imported from saved evidence; protocol mapped from audited producer/folder. Empty fields mean not recorded. Validation-selected; test not evaluated.
legacy:results/phase4/ensemble_validation_results.csv#csv_row:127,legacy,tabular_candidate,phase4,strict_lesion_disjoint,validation,data/splits/split_assignments.csv,db1ce9f8b83f176001dd89fd332fb1668c7d2ba5f58d77157d293a09e2c2e696,"weighted+oversampled+focal|normal|0.8,0.0,0.2",efficientnet_b0_cbam_weighted_v1+efficientnet_b0_cbam_oversampled_v1+efficientnet_b0_cbam_focal_v1,,,,,,,,,,,,,,,0.8436460412508316,0.7551952443203014,0.7554397881709056,0.7548440756564656,,,,,,efficientnet_b0_cbam_weighted_v1+efficientnet_b0_cbam_oversampled_v1+efficientnet_b0_cbam_focal_v1,0.8+0.0+0.2,,results/phase4/ensemble_validation_results.csv,csv_row:127,7fd6390aabe8cd14c3dbf62ed3d1495f266cc6c60d01543cd81952f6f5e6f8c8,,,,original,,,,historical_observed,not_selected_for_new_final_model,Imported from saved evidence; protocol mapped from audited producer/folder. Empty fields mean not recorded. Validation-selected; test not evaluated.
legacy:results/phase4/ensemble_validation_results.csv#csv_row:128,legacy,tabular_candidate,phase4,strict_lesion_disjoint,validation,data/splits/split_assignments.csv,db1ce9f8b83f176001dd89fd332fb1668c7d2ba5f58d77157d293a09e2c2e696,"weighted+oversampled+focal|normal|0.8,0.1,0.1",efficientnet_b0_cbam_weighted_v1+efficientnet_b0_cbam_oversampled_v1+efficientnet_b0_cbam_focal_v1,,,,,,,,,,,,,,,0.8469727212242182,0.7666151722522813,0.7547178692281911,0.7599512987012986,,,,,,efficientnet_b0_cbam_weighted_v1+efficientnet_b0_cbam_oversampled_v1+efficientnet_b0_cbam_focal_v1,0.8+0.1+0.1,,results/phase4/ensemble_validation_results.csv,csv_row:128,7fd6390aabe8cd14c3dbf62ed3d1495f266cc6c60d01543cd81952f6f5e6f8c8,,,,original,,,,historical_observed,not_selected_for_new_final_model,Imported from saved evidence; protocol mapped from audited producer/folder. Empty fields mean not recorded. Validation-selected; test not evaluated.
legacy:results/phase4/ensemble_validation_results.csv#csv_row:129,legacy,tabular_candidate,phase4,strict_lesion_disjoint,validation,data/splits/split_assignments.csv,db1ce9f8b83f176001dd89fd332fb1668c7d2ba5f58d77157d293a09e2c2e696,"weighted+oversampled+focal|normal|0.8,0.2,0.0",efficientnet_b0_cbam_weighted_v1+efficientnet_b0_cbam_oversampled_v1+efficientnet_b0_cbam_focal_v1,,,,,,,,,,,,,,,0.8476380572188955,0.7592358592767947,0.7412050068100683,0.7492900130755331,,,,,,efficientnet_b0_cbam_weighted_v1+efficientnet_b0_cbam_oversampled_v1+efficientnet_b0_cbam_focal_v1,0.8+0.2+0.0,,results/phase4/ensemble_validation_results.csv,csv_row:129,7fd6390aabe8cd14c3dbf62ed3d1495f266cc6c60d01543cd81952f6f5e6f8c8,,,,original,,,,historical_observed,not_selected_for_new_final_model,Imported from saved evidence; protocol mapped from audited producer/folder. Empty fields mean not recorded. Validation-selected; test not evaluated.
legacy:results/phase4/ensemble_validation_results.csv#csv_row:13,legacy,tabular_candidate,phase4,strict_lesion_disjoint,validation,data/splits/split_assignments.csv,db1ce9f8b83f176001dd89fd332fb1668c7d2ba5f58d77157d293a09e2c2e696,"weighted+oversampled|weighted_tta|0.1,0.9",efficientnet_b0_cbam_weighted_v1+efficientnet_b0_cbam_oversampled_v1,,,,,,,,,,,,,,,0.852960745176314,0.7787515168629323,0.7017423473998311,0.7335517266666932,,,,,,efficientnet_b0_cbam_weighted_v1+efficientnet_b0_cbam_oversampled_v1,0.1+0.9,,results/phase4/ensemble_validation_results.csv,csv_row:13,7fd6390aabe8cd14c3dbf62ed3d1495f266cc6c60d01543cd81952f6f5e6f8c8,,,,original,,,,historical_observed,not_selected_for_new_final_model,Imported from saved evidence; protocol mapped from audited producer/folder. Empty fields mean not recorded. Validation-selected; test not evaluated.
legacy:results/phase4/ensemble_validation_results.csv#csv_row:130,legacy,tabular_candidate,phase4,strict_lesion_disjoint,validation,data/splits/split_assignments.csv,db1ce9f8b83f176001dd89fd332fb1668c7d2ba5f58d77157d293a09e2c2e696,"weighted+oversampled+focal|normal|0.9,0.0,0.1",efficientnet_b0_cbam_weighted_v1+efficientnet_b0_cbam_oversampled_v1+efficientnet_b0_cbam_focal_v1,,,,,,,,,,,,,,,0.8449767132401863,0.7563699312580869,0.7564475941488907,0.7559503182181995,,,,,,efficientnet_b0_cbam_weighted_v1+efficientnet_b0_cbam_oversampled_v1+efficientnet_b0_cbam_focal_v1,0.9+0.0+0.1,,results/phase4/ensemble_validation_results.csv,csv_row:130,7fd6390aabe8cd14c3dbf62ed3d1495f266cc6c60d01543cd81952f6f5e6f8c8,,,,original,,,,historical_observed,not_selected_for_new_final_model,Imported from saved evidence; protocol mapped from audited producer/folder. Empty fields mean not recorded. Validation-selected; test not evaluated.
legacy:results/phase4/ensemble_validation_results.csv#csv_row:131,legacy,tabular_candidate,phase4,strict_lesion_disjoint,validation,data/splits/split_assignments.csv,db1ce9f8b83f176001dd89fd332fb1668c7d2ba5f58d77157d293a09e2c2e696,"weighted+oversampled+focal|normal|0.9,0.1,0.0",efficientnet_b0_cbam_weighted_v1+efficientnet_b0_cbam_oversampled_v1+efficientnet_b0_cbam_focal_v1,,,,,,,,,,,,,,,0.8476380572188955,0.7651966722243244,0.7555836700939919,0.759706432121848,,,,,,efficientnet_b0_cbam_weighted_v1+efficientnet_b0_cbam_oversampled_v1+efficientnet_b0_cbam_focal_v1,0.9+0.1+0.0,,results/phase4/ensemble_validation_results.csv,csv_row:131,7fd6390aabe8cd14c3dbf62ed3d1495f266cc6c60d01543cd81952f6f5e6f8c8,,,,original,,,,historical_observed,not_selected_for_new_final_model,Imported from saved evidence; protocol mapped from audited producer/folder. Empty fields mean not recorded. Validation-selected; test not evaluated.
legacy:results/phase4/ensemble_validation_results.csv#csv_row:132,legacy,tabular_candidate,phase4,strict_lesion_disjoint,validation,data/splits/split_assignments.csv,db1ce9f8b83f176001dd89fd332fb1668c7d2ba5f58d77157d293a09e2c2e696,"weighted+oversampled+focal|normal|1.0,0.0,0.0",efficientnet_b0_cbam_weighted_v1+efficientnet_b0_cbam_oversampled_v1+efficientnet_b0_cbam_focal_v1,,,,,,,,,,,,,,,0.8456420492348636,0.757164195329919,0.7573133950146916,0.7568732673677362,,,,,,efficientnet_b0_cbam_weighted_v1+efficientnet_b0_cbam_oversampled_v1+efficientnet_b0_cbam_focal_v1,1.0+0.0+0.0,,results/phase4/ensemble_validation_results.csv,csv_row:132,7fd6390aabe8cd14c3dbf62ed3d1495f266cc6c60d01543cd81952f6f5e6f8c8,,,,original,,,,historical_observed,not_selected_for_new_final_model,Imported from saved evidence; protocol mapped from audited producer/folder. Empty fields mean not recorded. Validation-selected; test not evaluated.
legacy:results/phase4/ensemble_validation_results.csv#csv_row:133,legacy,tabular_candidate,phase4,strict_lesion_disjoint,validation,data/splits/split_assignments.csv,db1ce9f8b83f176001dd89fd332fb1668c7d2ba5f58d77157d293a09e2c2e696,"weighted+oversampled+focal|weighted_tta|0.0,0.0,1.0",efficientnet_b0_cbam_weighted_v1+efficientnet_b0_cbam_oversampled_v1+efficientnet_b0_cbam_focal_v1,,,,,,,,,,,,,,,0.8376580172987359,0.7370083034033689,0.7158473258325778,0.7238217217065802,,,,,,efficientnet_b0_cbam_weighted_v1+efficientnet_b0_cbam_oversampled_v1+efficientnet_b0_cbam_focal_v1,0.0+0.0+1.0,,results/phase4/ensemble_validation_results.csv,csv_row:133,7fd6390aabe8cd14c3dbf62ed3d1495f266cc6c60d01543cd81952f6f5e6f8c8,,,,original,,,,historical_observed,not_selected_for_new_final_model,Imported from saved evidence; protocol mapped from audited producer/folder. Empty fields mean not recorded. Validation-selected; test not evaluated.
legacy:results/phase4/ensemble_validation_results.csv#csv_row:134,legacy,tabular_candidate,phase4,strict_lesion_disjoint,validation,data/splits/split_assignments.csv,db1ce9f8b83f176001dd89fd332fb1668c7d2ba5f58d77157d293a09e2c2e696,"weighted+oversampled+focal|weighted_tta|0.0,0.1,0.9",efficientnet_b0_cbam_weighted_v1+efficientnet_b0_cbam_oversampled_v1+efficientnet_b0_cbam_focal_v1,,,,,,,,,,,,,,,0.8396540252827678,0.7355199149794908,0.7067487361856089,0.7182545172219086,,,,,,efficientnet_b0_cbam_weighted_v1+efficientnet_b0_cbam_oversampled_v1+efficientnet_b0_cbam_focal_v1,0.0+0.1+0.9,,results/phase4/ensemble_validation_results.csv,csv_row:134,7fd6390aabe8cd14c3dbf62ed3d1495f266cc6c60d01543cd81952f6f5e6f8c8,,,,original,,,,historical_observed,not_selected_for_new_final_model,Imported from saved evidence; protocol mapped from audited producer/folder. Empty fields mean not recorded. Validation-selected; test not evaluated.
legacy:results/phase4/ensemble_validation_results.csv#csv_row:135,legacy,tabular_candidate,phase4,strict_lesion_disjoint,validation,data/splits/split_assignments.csv,db1ce9f8b83f176001dd89fd332fb1668c7d2ba5f58d77157d293a09e2c2e696,"weighted+oversampled+focal|weighted_tta|0.0,0.2,0.8",efficientnet_b0_cbam_weighted_v1+efficientnet_b0_cbam_oversampled_v1+efficientnet_b0_cbam_focal_v1,,,,,,,,,,,,,,,0.8483033932135728,0.7607599049616296,0.7103204536851878,0.7309433067143244,,,,,,efficientnet_b0_cbam_weighted_v1+efficientnet_b0_cbam_oversampled_v1+efficientnet_b0_cbam_focal_v1,0.0+0.2+0.8,,results/phase4/ensemble_validation_results.csv,csv_row:135,7fd6390aabe8cd14c3dbf62ed3d1495f266cc6c60d01543cd81952f6f5e6f8c8,,,,original,,,,historical_observed,not_selected_for_new_final_model,Imported from saved evidence; protocol mapped from audited producer/folder. Empty fields mean not recorded. Validation-selected; test not evaluated.
legacy:results/phase4/ensemble_validation_results.csv#csv_row:136,legacy,tabular_candidate,phase4,strict_lesion_disjoint,validation,data/splits/split_assignments.csv,db1ce9f8b83f176001dd89fd332fb1668c7d2ba5f58d77157d293a09e2c2e696,"weighted+oversampled+focal|weighted_tta|0.0,0.3,0.7",efficientnet_b0_cbam_weighted_v1+efficientnet_b0_cbam_oversampled_v1+efficientnet_b0_cbam_focal_v1,,,,,,,,,,,,,,,0.850964737192282,0.7704826949257493,0.7133968921937155,0.7374173353016497,,,,,,efficientnet_b0_cbam_weighted_v1+efficientnet_b0_cbam_oversampled_v1+efficientnet_b0_cbam_focal_v1,0.0+0.3+0.7,,results/phase4/ensemble_validation_results.csv,csv_row:136,7fd6390aabe8cd14c3dbf62ed3d1495f266cc6c60d01543cd81952f6f5e6f8c8,,,,original,,,,historical_observed,not_selected_for_new_final_model,Imported from saved evidence; protocol mapped from audited producer/folder. Empty fields mean not recorded. Validation-selected; test not evaluated.
legacy:results/phase4/ensemble_validation_results.csv#csv_row:137,legacy,tabular_candidate,phase4,strict_lesion_disjoint,validation,data/splits/split_assignments.csv,db1ce9f8b83f176001dd89fd332fb1668c7d2ba5f58d77157d293a09e2c2e696,"weighted+oversampled+focal|weighted_tta|0.0,0.4,0.6",efficientnet_b0_cbam_weighted_v1+efficientnet_b0_cbam_oversampled_v1+efficientnet_b0_cbam_focal_v1,,,,,,,,,,,,,,,0.8516300731869594,0.7702693857866272,0.7056158507597893,0.7324939930630446,,,,,,efficientnet_b0_cbam_weighted_v1+efficientnet_b0_cbam_oversampled_v1+efficientnet_b0_cbam_focal_v1,0.0+0.4+0.6,,results/phase4/ensemble_validation_results.csv,csv_row:137,7fd6390aabe8cd14c3dbf62ed3d1495f266cc6c60d01543cd81952f6f5e6f8c8,,,,original,,,,historical_observed,not_selected_for_new_final_model,Imported from saved evidence; protocol mapped from audited producer/folder. Empty fields mean not recorded. Validation-selected; test not evaluated.
legacy:results/phase4/ensemble_validation_results.csv#csv_row:138,legacy,tabular_candidate,phase4,strict_lesion_disjoint,validation,data/splits/split_assignments.csv,db1ce9f8b83f176001dd89fd332fb1668c7d2ba5f58d77157d293a09e2c2e696,"weighted+oversampled+focal|weighted_tta|0.0,0.5,0.5",efficientnet_b0_cbam_weighted_v1+efficientnet_b0_cbam_oversampled_v1+efficientnet_b0_cbam_focal_v1,,,,,,,,,,,,,,,0.8516300731869594,0.777961017799711,0.7058815417099449,0.7355063884574725,,,,,,efficientnet_b0_cbam_weighted_v1+efficientnet_b0_cbam_oversampled_v1+efficientnet_b0_cbam_focal_v1,0.0+0.5+0.5,,results/phase4/ensemble_validation_results.csv,csv_row:138,7fd6390aabe8cd14c3dbf62ed3d1495f266cc6c60d01543cd81952f6f5e6f8c8,,,,original,,,,historical_observed,not_selected_for_new_final_model,Imported from saved evidence; protocol mapped from audited producer/folder. Empty fields mean not recorded. Validation-selected; test not evaluated.
legacy:results/phase4/ensemble_validation_results.csv#csv_row:139,legacy,tabular_candidate,phase4,strict_lesion_disjoint,validation,data/splits/split_assignments.csv,db1ce9f8b83f176001dd89fd332fb1668c7d2ba5f58d77157d293a09e2c2e696,"weighted+oversampled+focal|weighted_tta|0.0,0.6,0.4",efficientnet_b0_cbam_weighted_v1+efficientnet_b0_cbam_oversampled_v1+efficientnet_b0_cbam_focal_v1,,,,,,,,,,,,,,,0.8502994011976048,0.776586464916767,0.7041551556462095,0.7340277413873185,,,,,,efficientnet_b0_cbam_weighted_v1+efficientnet_b0_cbam_oversampled_v1+efficientnet_b0_cbam_focal_v1,0.0+0.6+0.4,,results/phase4/ensemble_validation_results.csv,csv_row:139,7fd6390aabe8cd14c3dbf62ed3d1495f266cc6c60d01543cd81952f6f5e6f8c8,,,,original,,,,historical_observed,not_selected_for_new_final_model,Imported from saved evidence; protocol mapped from audited producer/folder. Empty fields mean not recorded. Validation-selected; test not evaluated.
legacy:results/phase4/ensemble_validation_results.csv#csv_row:14,legacy,tabular_candidate,phase4,strict_lesion_disjoint,validation,data/splits/split_assignments.csv,db1ce9f8b83f176001dd89fd332fb1668c7d2ba5f58d77157d293a09e2c2e696,"weighted+oversampled|weighted_tta|0.2,0.8",efficientnet_b0_cbam_weighted_v1+efficientnet_b0_cbam_oversampled_v1,,,,,,,,,,,,,,,0.8502994011976048,0.7744078603076033,0.7000080733976156,0.7303344266848909,,,,,,efficientnet_b0_cbam_weighted_v1+efficientnet_b0_cbam_oversampled_v1,0.2+0.8,,results/phase4/ensemble_validation_results.csv,csv_row:14,7fd6390aabe8cd14c3dbf62ed3d1495f266cc6c60d01543cd81952f6f5e6f8c8,,,,original,,,,historical_observed,not_selected_for_new_final_model,Imported from saved evidence; protocol mapped from audited producer/folder. Empty fields mean not recorded. Validation-selected; test not evaluated.
legacy:results/phase4/ensemble_validation_results.csv#csv_row:140,legacy,tabular_candidate,phase4,strict_lesion_disjoint,validation,data/splits/split_assignments.csv,db1ce9f8b83f176001dd89fd332fb1668c7d2ba5f58d77157d293a09e2c2e696,"weighted+oversampled+focal|weighted_tta|0.0,0.7,0.3",efficientnet_b0_cbam_weighted_v1+efficientnet_b0_cbam_oversampled_v1+efficientnet_b0_cbam_focal_v1,,,,,,,,,,,,,,,0.850964737192282,0.7749313738159103,0.7008686585955503,0.7311130997367243,,,,,,efficientnet_b0_cbam_weighted_v1+efficientnet_b0_cbam_oversampled_v1+efficientnet_b0_cbam_focal_v1,0.0+0.7+0.3,,results/phase4/ensemble_validation_results.csv,csv_row:140,7fd6390aabe8cd14c3dbf62ed3d1495f266cc6c60d01543cd81952f6f5e6f8c8,,,,original,,,,historical_observed,not_selected_for_new_final_model,Imported from saved evidence; protocol mapped from audited producer/folder. Empty fields mean not recorded. Validation-selected; test not evaluated.
legacy:results/phase4/ensemble_validation_results.csv#csv_row:141,legacy,tabular_candidate,phase4,strict_lesion_disjoint,validation,data/splits/split_assignments.csv,db1ce9f8b83f176001dd89fd332fb1668c7d2ba5f58d77157d293a09e2c2e696,"weighted+oversampled+focal|weighted_tta|0.0,0.8,0.2",efficientnet_b0_cbam_weighted_v1+efficientnet_b0_cbam_oversampled_v1+efficientnet_b0_cbam_focal_v1,,,,,,,,,,,,,,,0.852960745176314,0.7787515168629323,0.7017423473998311,0.7335517266666932,,,,,,efficientnet_b0_cbam_weighted_v1+efficientnet_b0_cbam_oversampled_v1+efficientnet_b0_cbam_focal_v1,0.0+0.8+0.2,,results/phase4/ensemble_validation_results.csv,csv_row:141,7fd6390aabe8cd14c3dbf62ed3d1495f266cc6c60d01543cd81952f6f5e6f8c8,,,,original,,,,historical_observed,not_selected_for_new_final_model,Imported from saved evidence; protocol mapped from audited producer/folder. Empty fields mean not recorded. Validation-selected; test not evaluated.
legacy:results/phase4/ensemble_validation_results.csv#csv_row:142,legacy,tabular_candidate,phase4,strict_lesion_disjoint,validation,data/splits/split_assignments.csv,db1ce9f8b83f176001dd89fd332fb1668c7d2ba5f58d77157d293a09e2c2e696,"weighted+oversampled+focal|weighted_tta|0.0,0.9,0.1",efficientnet_b0_cbam_weighted_v1+efficientnet_b0_cbam_oversampled_v1+efficientnet_b0_cbam_focal_v1,,,,,,,,,,,,,,,0.852960745176314,0.7787515168629323,0.7017423473998311,0.7335517266666932,,,,,,efficientnet_b0_cbam_weighted_v1+efficientnet_b0_cbam_oversampled_v1+efficientnet_b0_cbam_focal_v1,0.0+0.9+0.1,,results/phase4/ensemble_validation_results.csv,csv_row:142,7fd6390aabe8cd14c3dbf62ed3d1495f266cc6c60d01543cd81952f6f5e6f8c8,,,,original,,,,historical_observed,not_selected_for_new_final_model,Imported from saved evidence; protocol mapped from audited producer/folder. Empty fields mean not recorded. Validation-selected; test not evaluated.
legacy:results/phase4/ensemble_validation_results.csv#csv_row:143,legacy,tabular_candidate,phase4,strict_lesion_disjoint,validation,data/splits/split_assignments.csv,db1ce9f8b83f176001dd89fd332fb1668c7d2ba5f58d77157d293a09e2c2e696,"weighted+oversampled+focal|weighted_tta|0.0,1.0,0.0",efficientnet_b0_cbam_weighted_v1+efficientnet_b0_cbam_oversampled_v1+efficientnet_b0_cbam_focal_v1,,,,,,,,,,,,,,,0.852960745176314,0.7772497636091177,0.7007404921122615,0.732131726806851,,,,,,efficientnet_b0_cbam_weighted_v1+efficientnet_b0_cbam_oversampled_v1+efficientnet_b0_cbam_focal_v1,0.0+1.0+0.0,,results/phase4/ensemble_validation_results.csv,csv_row:143,7fd6390aabe8cd14c3dbf62ed3d1495f266cc6c60d01543cd81952f6f5e6f8c8,,,,original,,,,historical_observed,not_selected_for_new_final_model,Imported from saved evidence; protocol mapped from audited producer/folder. Empty fields mean not recorded. Validation-selected; test not evaluated.
legacy:results/phase4/ensemble_validation_results.csv#csv_row:144,legacy,tabular_candidate,phase4,strict_lesion_disjoint,validation,data/splits/split_assignments.csv,db1ce9f8b83f176001dd89fd332fb1668c7d2ba5f58d77157d293a09e2c2e696,"weighted+oversampled+focal|weighted_tta|0.1,0.0,0.9",efficientnet_b0_cbam_weighted_v1+efficientnet_b0_cbam_oversampled_v1+efficientnet_b0_cbam_focal_v1,,,,,,,,,,,,,,,0.8369926813040586,0.7349809256914474,0.7157053207203938,0.7227660014096262,,,,,,efficientnet_b0_cbam_weighted_v1+efficientnet_b0_cbam_oversampled_v1+efficientnet_b0_cbam_focal_v1,0.1+0.0+0.9,,results/phase4/ensemble_validation_results.csv,csv_row:144,7fd6390aabe8cd14c3dbf62ed3d1495f266cc6c60d01543cd81952f6f5e6f8c8,,,,original,,,,historical_observed,not_selected_for_new_final_model,Imported from saved evidence; protocol mapped from audited producer/folder. Empty fields mean not recorded. Validation-selected; test not evaluated.
legacy:results/phase4/ensemble_validation_results.csv#csv_row:145,legacy,tabular_candidate,phase4,strict_lesion_disjoint,validation,data/splits/split_assignments.csv,db1ce9f8b83f176001dd89fd332fb1668c7d2ba5f58d77157d293a09e2c2e696,"weighted+oversampled+focal|weighted_tta|0.1,0.1,0.8",efficientnet_b0_cbam_weighted_v1+efficientnet_b0_cbam_oversampled_v1+efficientnet_b0_cbam_focal_v1,,,,,,,,,,,,,,,0.8429807052561543,0.7506548548157516,0.7192716936787453,0.732105151350692,,,,,,efficientnet_b0_cbam_weighted_v1+efficientnet_b0_cbam_oversampled_v1+efficientnet_b0_cbam_focal_v1,0.1+0.1+0.8,,results/phase4/ensemble_validation_results.csv,csv_row:145,7fd6390aabe8cd14c3dbf62ed3d1495f266cc6c60d01543cd81952f6f5e6f8c8,,,,original,,,,historical_observed,not_selected_for_new_final_model,Imported from saved evidence; protocol mapped from audited producer/folder. Empty fields mean not recorded. Validation-selected; test not evaluated.
legacy:results/phase4/ensemble_validation_results.csv#csv_row:146,legacy,tabular_candidate,phase4,strict_lesion_disjoint,validation,data/splits/split_assignments.csv,db1ce9f8b83f176001dd89fd332fb1668c7d2ba5f58d77157d293a09e2c2e696,"weighted+oversampled+focal|weighted_tta|0.1,0.2,0.7",efficientnet_b0_cbam_weighted_v1+efficientnet_b0_cbam_oversampled_v1+efficientnet_b0_cbam_focal_v1,,,,,,,,,,,,,,,0.8483033932135728,0.7635909598531516,0.7181149565095117,0.73765161850096,,,,,,efficientnet_b0_cbam_weighted_v1+efficientnet_b0_cbam_oversampled_v1+efficientnet_b0_cbam_focal_v1,0.1+0.2+0.7,,results/phase4/ensemble_validation_results.csv,csv_row:146,7fd6390aabe8cd14c3dbf62ed3d1495f266cc6c60d01543cd81952f6f5e6f8c8,,,,original,,,,historical_observed,not_selected_for_new_final_model,Imported from saved evidence; protocol mapped from audited producer/folder. Empty fields mean not recorded. Validation-selected; test not evaluated.
legacy:results/phase4/ensemble_validation_results.csv#csv_row:147,legacy,tabular_candidate,phase4,strict_lesion_disjoint,validation,data/splits/split_assignments.csv,db1ce9f8b83f176001dd89fd332fb1668c7d2ba5f58d77157d293a09e2c2e696,"weighted+oversampled+focal|weighted_tta|0.1,0.3,0.6",efficientnet_b0_cbam_weighted_v1+efficientnet_b0_cbam_oversampled_v1+efficientnet_b0_cbam_focal_v1,,,,,,,,,,,,,,,0.8522954091816367,0.7710229000230759,0.7158470740110676,0.7389914733777616,,,,,,efficientnet_b0_cbam_weighted_v1+efficientnet_b0_cbam_oversampled_v1+efficientnet_b0_cbam_focal_v1,0.1+0.3+0.6,,results/phase4/ensemble_validation_results.csv,csv_row:147,7fd6390aabe8cd14c3dbf62ed3d1495f266cc6c60d01543cd81952f6f5e6f8c8,,,,original,,,,historical_observed,not_selected_for_new_final_model,Imported from saved evidence; protocol mapped from audited producer/folder. Empty fields mean not recorded. Validation-selected; test not evaluated.
legacy:results/phase4/ensemble_validation_results.csv#csv_row:148,legacy,tabular_candidate,phase4,strict_lesion_disjoint,validation,data/splits/split_assignments.csv,db1ce9f8b83f176001dd89fd332fb1668c7d2ba5f58d77157d293a09e2c2e696,"weighted+oversampled+focal|weighted_tta|0.1,0.4,0.5",efficientnet_b0_cbam_weighted_v1+efficientnet_b0_cbam_oversampled_v1+efficientnet_b0_cbam_focal_v1,,,,,,,,,,,,,,,0.852960745176314,0.7716333698556245,0.7144181595620981,0.7388061279830065,,,,,,efficientnet_b0_cbam_weighted_v1+efficientnet_b0_cbam_oversampled_v1+efficientnet_b0_cbam_focal_v1,0.1+0.4+0.5,,results/phase4/ensemble_validation_results.csv,csv_row:148,7fd6390aabe8cd14c3dbf62ed3d1495f266cc6c60d01543cd81952f6f5e6f8c8,,,,original,,,,historical_observed,not_selected_for_new_final_model,Imported from saved evidence; protocol mapped from audited producer/folder. Empty fields mean not recorded. Validation-selected; test not evaluated.
legacy:results/phase4/ensemble_validation_results.csv#csv_row:149,legacy,tabular_candidate,phase4,strict_lesion_disjoint,validation,data/splits/split_assignments.csv,db1ce9f8b83f176001dd89fd332fb1668c7d2ba5f58d77157d293a09e2c2e696,"weighted+oversampled+focal|weighted_tta|0.1,0.5,0.4",efficientnet_b0_cbam_weighted_v1+efficientnet_b0_cbam_oversampled_v1+efficientnet_b0_cbam_focal_v1,,,,,,,,,,,,,,,0.8516300731869594,0.7770191111852782,0.7136760445342688,0.7402819367575738,,,,,,efficientnet_b0_cbam_weighted_v1+efficientnet_b0_cbam_oversampled_v1+efficientnet_b0_cbam_focal_v1,0.1+0.5+0.4,,results/phase4/ensemble_validation_results.csv,csv_row:149,7fd6390aabe8cd14c3dbf62ed3d1495f266cc6c60d01543cd81952f6f5e6f8c8,,,,original,,,,historical_observed,not_selected_for_new_final_model,Imported from saved evidence; protocol mapped from audited producer/folder. Empty fields mean not recorded. Validation-selected; test not evaluated.
legacy:results/phase4/ensemble_validation_results.csv#csv_row:15,legacy,tabular_candidate,phase4,strict_lesion_disjoint,validation,data/splits/split_assignments.csv,db1ce9f8b83f176001dd89fd332fb1668c7d2ba5f58d77157d293a09e2c2e696,"weighted+oversampled|weighted_tta|0.3,0.7",efficientnet_b0_cbam_weighted_v1+efficientnet_b0_cbam_oversampled_v1,,,,,,,,,,,,,,,0.850964737192282,0.7755307439701219,0.7028600005868924,0.7327234838091083,,,,,,efficientnet_b0_cbam_weighted_v1+efficientnet_b0_cbam_oversampled_v1,0.3+0.7,,results/phase4/ensemble_validation_results.csv,csv_row:15,7fd6390aabe8cd14c3dbf62ed3d1495f266cc6c60d01543cd81952f6f5e6f8c8,,,,original,,,,historical_observed,not_selected_for_new_final_model,Imported from saved evidence; protocol mapped from audited producer/folder. Empty fields mean not recorded. Validation-selected; test not evaluated.
legacy:results/phase4/ensemble_validation_results.csv#csv_row:150,legacy,tabular_candidate,phase4,strict_lesion_disjoint,validation,data/splits/split_assignments.csv,db1ce9f8b83f176001dd89fd332fb1668c7d2ba5f58d77157d293a09e2c2e696,"weighted+oversampled+focal|weighted_tta|0.1,0.6,0.3",efficientnet_b0_cbam_weighted_v1+efficientnet_b0_cbam_oversampled_v1+efficientnet_b0_cbam_focal_v1,,,,,,,,,,,,,,,0.8516300731869594,0.7770844229301523,0.7051629616241942,0.734780275073247,,,,,,efficientnet_b0_cbam_weighted_v1+efficientnet_b0_cbam_oversampled_v1+efficientnet_b0_cbam_focal_v1,0.1+0.6+0.3,,results/phase4/ensemble_validation_results.csv,csv_row:150,7fd6390aabe8cd14c3dbf62ed3d1495f266cc6c60d01543cd81952f6f5e6f8c8,,,,original,,,,historical_observed,not_selected_for_new_final_model,Imported from saved evidence; protocol mapped from audited producer/folder. Empty fields mean not recorded. Validation-selected; test not evaluated.
legacy:results/phase4/ensemble_validation_results.csv#csv_row:151,legacy,tabular_candidate,phase4,strict_lesion_disjoint,validation,data/splits/split_assignments.csv,db1ce9f8b83f176001dd89fd332fb1668c7d2ba5f58d77157d293a09e2c2e696,"weighted+oversampled+focal|weighted_tta|0.1,0.7,0.2",efficientnet_b0_cbam_weighted_v1+efficientnet_b0_cbam_oversampled_v1+efficientnet_b0_cbam_focal_v1,,,,,,,,,,,,,,,0.850964737192282,0.7749313738159103,0.7008686585955503,0.7311130997367243,,,,,,efficientnet_b0_cbam_weighted_v1+efficientnet_b0_cbam_oversampled_v1+efficientnet_b0_cbam_focal_v1,0.1+0.7+0.2,,results/phase4/ensemble_validation_results.csv,csv_row:151,7fd6390aabe8cd14c3dbf62ed3d1495f266cc6c60d01543cd81952f6f5e6f8c8,,,,original,,,,historical_observed,not_selected_for_new_final_model,Imported from saved evidence; protocol mapped from audited producer/folder. Empty fields mean not recorded. Validation-selected; test not evaluated.
legacy:results/phase4/ensemble_validation_results.csv#csv_row:152,legacy,tabular_candidate,phase4,strict_lesion_disjoint,validation,data/splits/split_assignments.csv,db1ce9f8b83f176001dd89fd332fb1668c7d2ba5f58d77157d293a09e2c2e696,"weighted+oversampled+focal|weighted_tta|0.1,0.8,0.1",efficientnet_b0_cbam_weighted_v1+efficientnet_b0_cbam_oversampled_v1+efficientnet_b0_cbam_focal_v1,,,,,,,,,,,,,,,0.8522954091816367,0.777529926357067,0.7025950446592857,0.7333203765009443,,,,,,efficientnet_b0_cbam_weighted_v1+efficientnet_b0_cbam_oversampled_v1+efficientnet_b0_cbam_focal_v1,0.1+0.8+0.1,,results/phase4/ensemble_validation_results.csv,csv_row:152,7fd6390aabe8cd14c3dbf62ed3d1495f266cc6c60d01543cd81952f6f5e6f8c8,,,,original,,,,historical_observed,not_selected_for_new_final_model,Imported from saved evidence; protocol mapped from audited producer/folder. Empty fields mean not recorded. Validation-selected; test not evaluated.
legacy:results/phase4/ensemble_validation_results.csv#csv_row:153,legacy,tabular_candidate,phase4,strict_lesion_disjoint,validation,data/splits/split_assignments.csv,db1ce9f8b83f176001dd89fd332fb1668c7d2ba5f58d77157d293a09e2c2e696,"weighted+oversampled+focal|weighted_tta|0.1,0.9,0.0",efficientnet_b0_cbam_weighted_v1+efficientnet_b0_cbam_oversampled_v1+efficientnet_b0_cbam_focal_v1,,,,,,,,,,,,,,,0.852960745176314,0.7787515168629323,0.7017423473998311,0.7335517266666932,,,,,,efficientnet_b0_cbam_weighted_v1+efficientnet_b0_cbam_oversampled_v1+efficientnet_b0_cbam_focal_v1,0.1+0.9+0.0,,results/phase4/ensemble_validation_results.csv,csv_row:153,7fd6390aabe8cd14c3dbf62ed3d1495f266cc6c60d01543cd81952f6f5e6f8c8,,,,original,,,,historical_observed,not_selected_for_new_final_model,Imported from saved evidence; protocol mapped from audited producer/folder. Empty fields mean not recorded. Validation-selected; test not evaluated.
legacy:results/phase4/ensemble_validation_results.csv#csv_row:154,legacy,tabular_candidate,phase4,strict_lesion_disjoint,validation,data/splits/split_assignments.csv,db1ce9f8b83f176001dd89fd332fb1668c7d2ba5f58d77157d293a09e2c2e696,"weighted+oversampled+focal|weighted_tta|0.2,0.0,0.8",efficientnet_b0_cbam_weighted_v1+efficientnet_b0_cbam_oversampled_v1+efficientnet_b0_cbam_focal_v1,,,,,,,,,,,,,,,0.8389886892880905,0.7362985776899306,0.7168707788141616,0.7241077551426623,,,,,,efficientnet_b0_cbam_weighted_v1+efficientnet_b0_cbam_oversampled_v1+efficientnet_b0_cbam_focal_v1,0.2+0.0+0.8,,results/phase4/ensemble_validation_results.csv,csv_row:154,7fd6390aabe8cd14c3dbf62ed3d1495f266cc6c60d01543cd81952f6f5e6f8c8,,,,original,,,,historical_observed,not_selected_for_new_final_model,Imported from saved evidence; protocol mapped from audited producer/folder. Empty fields mean not recorded. Validation-selected; test not evaluated.
legacy:results/phase4/ensemble_validation_results.csv#csv_row:155,legacy,tabular_candidate,phase4,strict_lesion_disjoint,validation,data/splits/split_assignments.csv,db1ce9f8b83f176001dd89fd332fb1668c7d2ba5f58d77157d293a09e2c2e696,"weighted+oversampled+focal|weighted_tta|0.2,0.1,0.7",efficientnet_b0_cbam_weighted_v1+efficientnet_b0_cbam_oversampled_v1+efficientnet_b0_cbam_focal_v1,,,,,,,,,,,,,,,0.8449767132401863,0.7583713450177055,0.7348819392373558,0.7450145732630561,,,,,,efficientnet_b0_cbam_weighted_v1+efficientnet_b0_cbam_oversampled_v1+efficientnet_b0_cbam_focal_v1,0.2+0.1+0.7,,results/phase4/ensemble_validation_results.csv,csv_row:155,7fd6390aabe8cd14c3dbf62ed3d1495f266cc6c60d01543cd81952f6f5e6f8c8,,,,original,,,,historical_observed,not_selected_for_new_final_model,Imported from saved evidence; protocol mapped from audited producer/folder. Empty fields mean not recorded. Validation-selected; test not evaluated.
legacy:results/phase4/ensemble_validation_results.csv#csv_row:156,legacy,tabular_candidate,phase4,strict_lesion_disjoint,validation,data/splits/split_assignments.csv,db1ce9f8b83f176001dd89fd332fb1668c7d2ba5f58d77157d293a09e2c2e696,"weighted+oversampled+focal|weighted_tta|0.2,0.2,0.6",efficientnet_b0_cbam_weighted_v1+efficientnet_b0_cbam_oversampled_v1+efficientnet_b0_cbam_focal_v1,,,,,,,,,,,,,,,0.8516300731869594,0.7716043612361848,0.728370449725418,0.7473209490042281,,,,,,efficientnet_b0_cbam_weighted_v1+efficientnet_b0_cbam_oversampled_v1+efficientnet_b0_cbam_focal_v1,0.2+0.2+0.6,,results/phase4/ensemble_validation_results.csv,csv_row:156,7fd6390aabe8cd14c3dbf62ed3d1495f266cc6c60d01543cd81952f6f5e6f8c8,,,,original,,,,historical_observed,not_selected_for_new_final_model,Imported from saved evidence; protocol mapped from audited producer/folder. Empty fields mean not recorded. Validation-selected; test not evaluated.
legacy:results/phase4/ensemble_validation_results.csv#csv_row:157,legacy,tabular_candidate,phase4,strict_lesion_disjoint,validation,data/splits/split_assignments.csv,db1ce9f8b83f176001dd89fd332fb1668c7d2ba5f58d77157d293a09e2c2e696,"weighted+oversampled+focal|weighted_tta|0.2,0.3,0.5",efficientnet_b0_cbam_weighted_v1+efficientnet_b0_cbam_oversampled_v1+efficientnet_b0_cbam_focal_v1,,,,,,,,,,,,,,,0.8542914171656687,0.7754663663963413,0.7188440363671935,0.7432065427785011,,,,,,efficientnet_b0_cbam_weighted_v1+efficientnet_b0_cbam_oversampled_v1+efficientnet_b0_cbam_focal_v1,0.2+0.3+0.5,,results/phase4/ensemble_validation_results.csv,csv_row:157,7fd6390aabe8cd14c3dbf62ed3d1495f266cc6c60d01543cd81952f6f5e6f8c8,,,,original,,,,historical_observed,not_selected_for_new_final_model,Imported from saved evidence; protocol mapped from audited producer/folder. Empty fields mean not recorded. Validation-selected; test not evaluated.
legacy:results/phase4/ensemble_validation_results.csv#csv_row:158,legacy,tabular_candidate,phase4,strict_lesion_disjoint,validation,data/splits/split_assignments.csv,db1ce9f8b83f176001dd89fd332fb1668c7d2ba5f58d77157d293a09e2c2e696,"weighted+oversampled+focal|weighted_tta|0.2,0.4,0.4",efficientnet_b0_cbam_weighted_v1+efficientnet_b0_cbam_oversampled_v1+efficientnet_b0_cbam_focal_v1,,,,,,,,,,,,,,,0.8542914171656687,0.773147524152227,0.7168526943758515,0.7410915812096671,,,,,,efficientnet_b0_cbam_weighted_v1+efficientnet_b0_cbam_oversampled_v1+efficientnet_b0_cbam_focal_v1,0.2+0.4+0.4,,results/phase4/ensemble_validation_results.csv,csv_row:158,7fd6390aabe8cd14c3dbf62ed3d1495f266cc6c60d01543cd81952f6f5e6f8c8,,,,original,,,,historical_observed,not_selected_for_new_final_model,Imported from saved evidence; protocol mapped from audited producer/folder. Empty fields mean not recorded. Validation-selected; test not evaluated.
legacy:results/phase4/ensemble_validation_results.csv#csv_row:159,legacy,tabular_candidate,phase4,strict_lesion_disjoint,validation,data/splits/split_assignments.csv,db1ce9f8b83f176001dd89fd332fb1668c7d2ba5f58d77157d293a09e2c2e696,"weighted+oversampled+focal|weighted_tta|0.2,0.5,0.3",efficientnet_b0_cbam_weighted_v1+efficientnet_b0_cbam_oversampled_v1+efficientnet_b0_cbam_focal_v1,,,,,,,,,,,,,,,0.8522954091816367,0.7791895829442284,0.7165331873914116,0.7429035055494627,,,,,,efficientnet_b0_cbam_weighted_v1+efficientnet_b0_cbam_oversampled_v1+efficientnet_b0_cbam_focal_v1,0.2+0.5+0.3,,results/phase4/ensemble_validation_results.csv,csv_row:159,7fd6390aabe8cd14c3dbf62ed3d1495f266cc6c60d01543cd81952f6f5e6f8c8,,,,original,,,,historical_observed,not_selected_for_new_final_model,Imported from saved evidence; protocol mapped from audited producer/folder. Empty fields mean not recorded. Validation-selected; test not evaluated.
legacy:results/phase4/ensemble_validation_results.csv#csv_row:16,legacy,tabular_candidate,phase4,strict_lesion_disjoint,validation,data/splits/split_assignments.csv,db1ce9f8b83f176001dd89fd332fb1668c7d2ba5f58d77157d293a09e2c2e696,"weighted+oversampled|weighted_tta|0.4,0.6",efficientnet_b0_cbam_weighted_v1+efficientnet_b0_cbam_oversampled_v1,,,,,,,,,,,,,,,0.8536260811709914,0.7794407082540856,0.70973605920934,0.7385616828276023,,,,,,efficientnet_b0_cbam_weighted_v1+efficientnet_b0_cbam_oversampled_v1,0.4+0.6,,results/phase4/ensemble_validation_results.csv,csv_row:16,7fd6390aabe8cd14c3dbf62ed3d1495f266cc6c60d01543cd81952f6f5e6f8c8,,,,original,,,,historical_observed,not_selected_for_new_final_model,Imported from saved evidence; protocol mapped from audited producer/folder. Empty fields mean not recorded. Validation-selected; test not evaluated.
legacy:results/phase4/ensemble_validation_results.csv#csv_row:160,legacy,tabular_candidate,phase4,strict_lesion_disjoint,validation,data/splits/split_assignments.csv,db1ce9f8b83f176001dd89fd332fb1668c7d2ba5f58d77157d293a09e2c2e696,"weighted+oversampled+focal|weighted_tta|0.2,0.6,0.2",efficientnet_b0_cbam_weighted_v1+efficientnet_b0_cbam_oversampled_v1+efficientnet_b0_cbam_focal_v1,,,,,,,,,,,,,,,0.8502994011976048,0.7741223038498933,0.7034365755604588,0.7324068673001454,,,,,,efficientnet_b0_cbam_weighted_v1+efficientnet_b0_cbam_oversampled_v1+efficientnet_b0_cbam_focal_v1,0.2+0.6+0.2,,results/phase4/ensemble_validation_results.csv,csv_row:160,7fd6390aabe8cd14c3dbf62ed3d1495f266cc6c60d01543cd81952f6f5e6f8c8,,,,original,,,,historical_observed,not_selected_for_new_final_model,Imported from saved evidence; protocol mapped from audited producer/folder. Empty fields mean not recorded. Validation-selected; test not evaluated.
legacy:results/phase4/ensemble_validation_results.csv#csv_row:161,legacy,tabular_candidate,phase4,strict_lesion_disjoint,validation,data/splits/split_assignments.csv,db1ce9f8b83f176001dd89fd332fb1668c7d2ba5f58d77157d293a09e2c2e696,"weighted+oversampled+focal|weighted_tta|0.2,0.7,0.1",efficientnet_b0_cbam_weighted_v1+efficientnet_b0_cbam_oversampled_v1+efficientnet_b0_cbam_focal_v1,,,,,,,,,,,,,,,0.850964737192282,0.7750211399301478,0.7028600005868924,0.7324724150076019,,,,,,efficientnet_b0_cbam_weighted_v1+efficientnet_b0_cbam_oversampled_v1+efficientnet_b0_cbam_focal_v1,0.2+0.7+0.1,,results/phase4/ensemble_validation_results.csv,csv_row:161,7fd6390aabe8cd14c3dbf62ed3d1495f266cc6c60d01543cd81952f6f5e6f8c8,,,,original,,,,historical_observed,not_selected_for_new_final_model,Imported from saved evidence; protocol mapped from audited producer/folder. Empty fields mean not recorded. Validation-selected; test not evaluated.
legacy:results/phase4/ensemble_validation_results.csv#csv_row:162,legacy,tabular_candidate,phase4,strict_lesion_disjoint,validation,data/splits/split_assignments.csv,db1ce9f8b83f176001dd89fd332fb1668c7d2ba5f58d77157d293a09e2c2e696,"weighted+oversampled+focal|weighted_tta|0.2,0.8,0.0",efficientnet_b0_cbam_weighted_v1+efficientnet_b0_cbam_oversampled_v1+efficientnet_b0_cbam_focal_v1,,,,,,,,,,,,,,,0.8502994011976048,0.7744078603076033,0.7000080733976156,0.7303344266848909,,,,,,efficientnet_b0_cbam_weighted_v1+efficientnet_b0_cbam_oversampled_v1+efficientnet_b0_cbam_focal_v1,0.2+0.8+0.0,,results/phase4/ensemble_validation_results.csv,csv_row:162,7fd6390aabe8cd14c3dbf62ed3d1495f266cc6c60d01543cd81952f6f5e6f8c8,,,,original,,,,historical_observed,not_selected_for_new_final_model,Imported from saved evidence; protocol mapped from audited producer/folder. Empty fields mean not recorded. Validation-selected; test not evaluated.
legacy:results/phase4/ensemble_validation_results.csv#csv_row:163,legacy,tabular_candidate,phase4,strict_lesion_disjoint,validation,data/splits/split_assignments.csv,db1ce9f8b83f176001dd89fd332fb1668c7d2ba5f58d77157d293a09e2c2e696,"weighted+oversampled+focal|weighted_tta|0.3,0.0,0.7",efficientnet_b0_cbam_weighted_v1+efficientnet_b0_cbam_oversampled_v1+efficientnet_b0_cbam_focal_v1,,,,,,,,,,,,,,,0.8403193612774451,0.7440158829862471,0.736491317177048,0.7386824198841296,,,,,,efficientnet_b0_cbam_weighted_v1+efficientnet_b0_cbam_oversampled_v1+efficientnet_b0_cbam_focal_v1,0.3+0.0+0.7,,results/phase4/ensemble_validation_results.csv,csv_row:163,7fd6390aabe8cd14c3dbf62ed3d1495f266cc6c60d01543cd81952f6f5e6f8c8,,,,original,,,,historical_observed,not_selected_for_new_final_model,Imported from saved evidence; protocol mapped from audited producer/folder. Empty fields mean not recorded. Validation-selected; test not evaluated.
legacy:results/phase4/ensemble_validation_results.csv#csv_row:164,legacy,tabular_candidate,phase4,strict_lesion_disjoint,validation,data/splits/split_assignments.csv,db1ce9f8b83f176001dd89fd332fb1668c7d2ba5f58d77157d293a09e2c2e696,"weighted+oversampled+focal|weighted_tta|0.3,0.1,0.6",efficientnet_b0_cbam_weighted_v1+efficientnet_b0_cbam_oversampled_v1+efficientnet_b0_cbam_focal_v1,,,,,,,,,,,,,,,0.8456420492348636,0.753748362149432,0.7361849822351528,0.7435792496406878,,,,,,efficientnet_b0_cbam_weighted_v1+efficientnet_b0_cbam_oversampled_v1+efficientnet_b0_cbam_focal_v1,0.3+0.1+0.6,,results/phase4/ensemble_validation_results.csv,csv_row:164,7fd6390aabe8cd14c3dbf62ed3d1495f266cc6c60d01543cd81952f6f5e6f8c8,,,,original,,,,historical_observed,not_selected_for_new_final_model,Imported from saved evidence; protocol mapped from audited producer/folder. Empty fields mean not recorded. Validation-selected; test not evaluated.
legacy:results/phase4/ensemble_validation_results.csv#csv_row:165,legacy,tabular_candidate,phase4,strict_lesion_disjoint,validation,data/splits/split_assignments.csv,db1ce9f8b83f176001dd89fd332fb1668c7d2ba5f58d77157d293a09e2c2e696,"weighted+oversampled+focal|weighted_tta|0.3,0.2,0.5",efficientnet_b0_cbam_weighted_v1+efficientnet_b0_cbam_oversampled_v1+efficientnet_b0_cbam_focal_v1,,,,,,,,,,,,,,,0.8496340652029275,0.7730624071211372,0.7340256547558005,0.7518688958051423,,,,,,efficientnet_b0_cbam_weighted_v1+efficientnet_b0_cbam_oversampled_v1+efficientnet_b0_cbam_focal_v1,0.3+0.2+0.5,,results/phase4/ensemble_validation_results.csv,csv_row:165,7fd6390aabe8cd14c3dbf62ed3d1495f266cc6c60d01543cd81952f6f5e6f8c8,,,,original,,,,historical_observed,not_selected_for_new_final_model,Imported from saved evidence; protocol mapped from audited producer/folder. Empty fields mean not recorded. Validation-selected; test not evaluated.
legacy:results/phase4/ensemble_validation_results.csv#csv_row:166,legacy,tabular_candidate,phase4,strict_lesion_disjoint,validation,data/splits/split_assignments.csv,db1ce9f8b83f176001dd89fd332fb1668c7d2ba5f58d77157d293a09e2c2e696,"weighted+oversampled+focal|weighted_tta|0.3,0.3,0.4",efficientnet_b0_cbam_weighted_v1+efficientnet_b0_cbam_oversampled_v1+efficientnet_b0_cbam_focal_v1,,,,,,,,,,,,,,,0.8516300731869594,0.7712482048408872,0.7233605966656887,0.7441481237588697,,,,,,efficientnet_b0_cbam_weighted_v1+efficientnet_b0_cbam_oversampled_v1+efficientnet_b0_cbam_focal_v1,0.3+0.3+0.4,,results/phase4/ensemble_validation_results.csv,csv_row:166,7fd6390aabe8cd14c3dbf62ed3d1495f266cc6c60d01543cd81952f6f5e6f8c8,,,,original,,,,historical_observed,not_selected_for_new_final_model,Imported from saved evidence; protocol mapped from audited producer/folder. Empty fields mean not recorded. Validation-selected; test not evaluated.
legacy:results/phase4/ensemble_validation_results.csv#csv_row:167,legacy,tabular_candidate,phase4,strict_lesion_disjoint,validation,data/splits/split_assignments.csv,db1ce9f8b83f176001dd89fd332fb1668c7d2ba5f58d77157d293a09e2c2e696,"weighted+oversampled+focal|weighted_tta|0.3,0.4,0.3",efficientnet_b0_cbam_weighted_v1+efficientnet_b0_cbam_oversampled_v1+efficientnet_b0_cbam_focal_v1,,,,,,,,,,,,,,,0.8536260811709914,0.7743290126295792,0.7159868935100507,0.7410396871786017,,,,,,efficientnet_b0_cbam_weighted_v1+efficientnet_b0_cbam_oversampled_v1+efficientnet_b0_cbam_focal_v1,0.3+0.4+0.3,,results/phase4/ensemble_validation_results.csv,csv_row:167,7fd6390aabe8cd14c3dbf62ed3d1495f266cc6c60d01543cd81952f6f5e6f8c8,,,,original,,,,historical_observed,not_selected_for_new_final_model,Imported from saved evidence; protocol mapped from audited producer/folder. Empty fields mean not recorded. Validation-selected; test not evaluated.
legacy:results/phase4/ensemble_validation_results.csv#csv_row:168,legacy,tabular_candidate,phase4,strict_lesion_disjoint,validation,data/splits/split_assignments.csv,db1ce9f8b83f176001dd89fd332fb1668c7d2ba5f58d77157d293a09e2c2e696,"weighted+oversampled+focal|weighted_tta|0.3,0.5,0.2",efficientnet_b0_cbam_weighted_v1+efficientnet_b0_cbam_oversampled_v1+efficientnet_b0_cbam_focal_v1,,,,,,,,,,,,,,,0.8542914171656687,0.7817794720518371,0.7191149429852154,0.7456640933233741,,,,,,efficientnet_b0_cbam_weighted_v1+efficientnet_b0_cbam_oversampled_v1+efficientnet_b0_cbam_focal_v1,0.3+0.5+0.2,,results/phase4/ensemble_validation_results.csv,csv_row:168,7fd6390aabe8cd14c3dbf62ed3d1495f266cc6c60d01543cd81952f6f5e6f8c8,,,,original,,,,historical_observed,not_selected_for_new_final_model,Imported from saved evidence; protocol mapped from audited producer/folder. Empty fields mean not recorded. Validation-selected; test not evaluated.
legacy:results/phase4/ensemble_validation_results.csv#csv_row:169,legacy,tabular_candidate,phase4,strict_lesion_disjoint,validation,data/splits/split_assignments.csv,db1ce9f8b83f176001dd89fd332fb1668c7d2ba5f58d77157d293a09e2c2e696,"weighted+oversampled+focal|weighted_tta|0.3,0.6,0.1",efficientnet_b0_cbam_weighted_v1+efficientnet_b0_cbam_oversampled_v1+efficientnet_b0_cbam_focal_v1,,,,,,,,,,,,,,,0.8516300731869594,0.7767307242072092,0.705157745956328,0.7346960944624643,,,,,,efficientnet_b0_cbam_weighted_v1+efficientnet_b0_cbam_oversampled_v1+efficientnet_b0_cbam_focal_v1,0.3+0.6+0.1,,results/phase4/ensemble_validation_results.csv,csv_row:169,7fd6390aabe8cd14c3dbf62ed3d1495f266cc6c60d01543cd81952f6f5e6f8c8,,,,original,,,,historical_observed,not_selected_for_new_final_model,Imported from saved evidence; protocol mapped from audited producer/folder. Empty fields mean not recorded. Validation-selected; test not evaluated.
legacy:results/phase4/ensemble_validation_results.csv#csv_row:17,legacy,tabular_candidate,phase4,strict_lesion_disjoint,validation,data/splits/split_assignments.csv,db1ce9f8b83f176001dd89fd332fb1668c7d2ba5f58d77157d293a09e2c2e696,"weighted+oversampled|weighted_tta|0.5,0.5",efficientnet_b0_cbam_weighted_v1+efficientnet_b0_cbam_oversampled_v1,,,,,,,,,,,,,,,0.8542914171656687,0.7902172481304434,0.7237537875127826,0.7520935704350871,,,,,,efficientnet_b0_cbam_weighted_v1+efficientnet_b0_cbam_oversampled_v1,0.5+0.5,,results/phase4/ensemble_validation_results.csv,csv_row:17,7fd6390aabe8cd14c3dbf62ed3d1495f266cc6c60d01543cd81952f6f5e6f8c8,,,,original,,,,historical_observed,not_selected_for_new_final_model,Imported from saved evidence; protocol mapped from audited producer/folder. Empty fields mean not recorded. Validation-selected; test not evaluated.
legacy:results/phase4/ensemble_validation_results.csv#csv_row:170,legacy,tabular_candidate,phase4,strict_lesion_disjoint,validation,data/splits/split_assignments.csv,db1ce9f8b83f176001dd89fd332fb1668c7d2ba5f58d77157d293a09e2c2e696,"weighted+oversampled+focal|weighted_tta|0.3,0.7,0.0",efficientnet_b0_cbam_weighted_v1+efficientnet_b0_cbam_oversampled_v1+efficientnet_b0_cbam_focal_v1,,,,,,,,,,,,,,,0.850964737192282,0.7755307439701219,0.7028600005868924,0.7327234838091083,,,,,,efficientnet_b0_cbam_weighted_v1+efficientnet_b0_cbam_oversampled_v1+efficientnet_b0_cbam_focal_v1,0.3+0.7+0.0,,results/phase4/ensemble_validation_results.csv,csv_row:170,7fd6390aabe8cd14c3dbf62ed3d1495f266cc6c60d01543cd81952f6f5e6f8c8,,,,original,,,,historical_observed,not_selected_for_new_final_model,Imported from saved evidence; protocol mapped from audited producer/folder. Empty fields mean not recorded. Validation-selected; test not evaluated.
legacy:results/phase4/ensemble_validation_results.csv#csv_row:171,legacy,tabular_candidate,phase4,strict_lesion_disjoint,validation,data/splits/split_assignments.csv,db1ce9f8b83f176001dd89fd332fb1668c7d2ba5f58d77157d293a09e2c2e696,"weighted+oversampled+focal|weighted_tta|0.4,0.0,0.6",efficientnet_b0_cbam_weighted_v1+efficientnet_b0_cbam_oversampled_v1+efficientnet_b0_cbam_focal_v1,,,,,,,,,,,,,,,0.8416500332667998,0.7486670295111088,0.7512032951644507,0.7491862510568257,,,,,,efficientnet_b0_cbam_weighted_v1+efficientnet_b0_cbam_oversampled_v1+efficientnet_b0_cbam_focal_v1,0.4+0.0+0.6,,results/phase4/ensemble_validation_results.csv,csv_row:171,7fd6390aabe8cd14c3dbf62ed3d1495f266cc6c60d01543cd81952f6f5e6f8c8,,,,original,,,,historical_observed,not_selected_for_new_final_model,Imported from saved evidence; protocol mapped from audited producer/folder. Empty fields mean not recorded. Validation-selected; test not evaluated.
legacy:results/phase4/ensemble_validation_results.csv#csv_row:172,legacy,tabular_candidate,phase4,strict_lesion_disjoint,validation,data/splits/split_assignments.csv,db1ce9f8b83f176001dd89fd332fb1668c7d2ba5f58d77157d293a09e2c2e696,"weighted+oversampled+focal|weighted_tta|0.4,0.1,0.5",efficientnet_b0_cbam_weighted_v1+efficientnet_b0_cbam_oversampled_v1+efficientnet_b0_cbam_focal_v1,,,,,,,,,,,,,,,0.8469727212242182,0.7597121774436808,0.7523289047261905,0.7551699010088173,,,,,,efficientnet_b0_cbam_weighted_v1+efficientnet_b0_cbam_oversampled_v1+efficientnet_b0_cbam_focal_v1,0.4+0.1+0.5,,results/phase4/ensemble_validation_results.csv,csv_row:172,7fd6390aabe8cd14c3dbf62ed3d1495f266cc6c60d01543cd81952f6f5e6f8c8,,,,original,,,,historical_observed,not_selected_for_new_final_model,Imported from saved evidence; protocol mapped from audited producer/folder. Empty fields mean not recorded. Validation-selected; test not evaluated.
legacy:results/phase4/ensemble_validation_results.csv#csv_row:173,legacy,tabular_candidate,phase4,strict_lesion_disjoint,validation,data/splits/split_assignments.csv,db1ce9f8b83f176001dd89fd332fb1668c7d2ba5f58d77157d293a09e2c2e696,"weighted+oversampled+focal|weighted_tta|0.4,0.2,0.4",efficientnet_b0_cbam_weighted_v1+efficientnet_b0_cbam_oversampled_v1+efficientnet_b0_cbam_focal_v1,,,,,,,,,,,,,,,0.8502994011976048,0.7733901970706658,0.7358913736611064,0.7529107444138015,,,,,,efficientnet_b0_cbam_weighted_v1+efficientnet_b0_cbam_oversampled_v1+efficientnet_b0_cbam_focal_v1,0.4+0.2+0.4,,results/phase4/ensemble_validation_results.csv,csv_row:173,7fd6390aabe8cd14c3dbf62ed3d1495f266cc6c60d01543cd81952f6f5e6f8c8,,,,original,,,,historical_observed,not_selected_for_new_final_model,Imported from saved evidence; protocol mapped from audited producer/folder. Empty fields mean not recorded. Validation-selected; test not evaluated.
legacy:results/phase4/ensemble_validation_results.csv#csv_row:174,legacy,tabular_candidate,phase4,strict_lesion_disjoint,validation,data/splits/split_assignments.csv,db1ce9f8b83f176001dd89fd332fb1668c7d2ba5f58d77157d293a09e2c2e696,"weighted+oversampled+focal|weighted_tta|0.4,0.3,0.3",efficientnet_b0_cbam_weighted_v1+efficientnet_b0_cbam_oversampled_v1+efficientnet_b0_cbam_focal_v1,,,,,,,,,,,,,,,0.8516300731869594,0.7712738710254798,0.7216473142082994,0.7434596964936068,,,,,,efficientnet_b0_cbam_weighted_v1+efficientnet_b0_cbam_oversampled_v1+efficientnet_b0_cbam_focal_v1,0.4+0.3+0.3,,results/phase4/ensemble_validation_results.csv,csv_row:174,7fd6390aabe8cd14c3dbf62ed3d1495f266cc6c60d01543cd81952f6f5e6f8c8,,,,original,,,,historical_observed,not_selected_for_new_final_model,Imported from saved evidence; protocol mapped from audited producer/folder. Empty fields mean not recorded. Validation-selected; test not evaluated.
legacy:results/phase4/ensemble_validation_results.csv#csv_row:175,legacy,tabular_candidate,phase4,strict_lesion_disjoint,validation,data/splits/split_assignments.csv,db1ce9f8b83f176001dd89fd332fb1668c7d2ba5f58d77157d293a09e2c2e696,"weighted+oversampled+focal|weighted_tta|0.4,0.4,0.2",efficientnet_b0_cbam_weighted_v1+efficientnet_b0_cbam_oversampled_v1+efficientnet_b0_cbam_focal_v1,,,,,,,,,,,,,,,0.8556220891550232,0.7757541326048892,0.7217755491277869,0.7452844115434345,,,,,,efficientnet_b0_cbam_weighted_v1+efficientnet_b0_cbam_oversampled_v1+efficientnet_b0_cbam_focal_v1,0.4+0.4+0.2,,results/phase4/ensemble_validation_results.csv,csv_row:175,7fd6390aabe8cd14c3dbf62ed3d1495f266cc6c60d01543cd81952f6f5e6f8c8,,,,original,,,,historical_observed,not_selected_for_new_final_model,Imported from saved evidence; protocol mapped from audited producer/folder. Empty fields mean not recorded. Validation-selected; test not evaluated.
legacy:results/phase4/ensemble_validation_results.csv#csv_row:176,legacy,tabular_candidate,phase4,strict_lesion_disjoint,validation,data/splits/split_assignments.csv,db1ce9f8b83f176001dd89fd332fb1668c7d2ba5f58d77157d293a09e2c2e696,"weighted+oversampled+focal|weighted_tta|0.4,0.5,0.1",efficientnet_b0_cbam_weighted_v1+efficientnet_b0_cbam_oversampled_v1+efficientnet_b0_cbam_focal_v1,,,,,,,,,,,,,,,0.8556220891550232,0.7843138159038202,0.7193937375417171,0.7469907712679233,,,,,,efficientnet_b0_cbam_weighted_v1+efficientnet_b0_cbam_oversampled_v1+efficientnet_b0_cbam_focal_v1,0.4+0.5+0.1,,results/phase4/ensemble_validation_results.csv,csv_row:176,7fd6390aabe8cd14c3dbf62ed3d1495f266cc6c60d01543cd81952f6f5e6f8c8,,,,original,,,,historical_observed,not_selected_for_new_final_model,Imported from saved evidence; protocol mapped from audited producer/folder. Empty fields mean not recorded. Validation-selected; test not evaluated.
legacy:results/phase4/ensemble_validation_results.csv#csv_row:177,legacy,tabular_candidate,phase4,strict_lesion_disjoint,validation,data/splits/split_assignments.csv,db1ce9f8b83f176001dd89fd332fb1668c7d2ba5f58d77157d293a09e2c2e696,"weighted+oversampled+focal|weighted_tta|0.4,0.6,0.0",efficientnet_b0_cbam_weighted_v1+efficientnet_b0_cbam_oversampled_v1+efficientnet_b0_cbam_focal_v1,,,,,,,,,,,,,,,0.8536260811709914,0.7794407082540856,0.70973605920934,0.7385616828276023,,,,,,efficientnet_b0_cbam_weighted_v1+efficientnet_b0_cbam_oversampled_v1+efficientnet_b0_cbam_focal_v1,0.4+0.6+0.0,,results/phase4/ensemble_validation_results.csv,csv_row:177,7fd6390aabe8cd14c3dbf62ed3d1495f266cc6c60d01543cd81952f6f5e6f8c8,,,,original,,,,historical_observed,not_selected_for_new_final_model,Imported from saved evidence; protocol mapped from audited producer/folder. Empty fields mean not recorded. Validation-selected; test not evaluated.
legacy:results/phase4/ensemble_validation_results.csv#csv_row:178,legacy,tabular_candidate,phase4,strict_lesion_disjoint,validation,data/splits/split_assignments.csv,db1ce9f8b83f176001dd89fd332fb1668c7d2ba5f58d77157d293a09e2c2e696,"weighted+oversampled+focal|weighted_tta|0.5,0.0,0.5",efficientnet_b0_cbam_weighted_v1+efficientnet_b0_cbam_oversampled_v1+efficientnet_b0_cbam_focal_v1,,,,,,,,,,,,,,,0.8403193612774451,0.7513436924835876,0.7588475471540592,0.7542702490059673,,,,,,efficientnet_b0_cbam_weighted_v1+efficientnet_b0_cbam_oversampled_v1+efficientnet_b0_cbam_focal_v1,0.5+0.0+0.5,,results/phase4/ensemble_validation_results.csv,csv_row:178,7fd6390aabe8cd14c3dbf62ed3d1495f266cc6c60d01543cd81952f6f5e6f8c8,,,,original,,,,historical_observed,not_selected_for_new_final_model,Imported from saved evidence; protocol mapped from audited producer/folder. Empty fields mean not recorded. Validation-selected; test not evaluated.
legacy:results/phase4/ensemble_validation_results.csv#csv_row:179,legacy,tabular_candidate,phase4,strict_lesion_disjoint,validation,data/splits/split_assignments.csv,db1ce9f8b83f176001dd89fd332fb1668c7d2ba5f58d77157d293a09e2c2e696,"weighted+oversampled+focal|weighted_tta|0.5,0.1,0.4",efficientnet_b0_cbam_weighted_v1+efficientnet_b0_cbam_oversampled_v1+efficientnet_b0_cbam_focal_v1,,,,,,,,,,,,,,,0.8469727212242182,0.7672177480940229,0.7513394180224182,0.7581925215852394,,,,,,efficientnet_b0_cbam_weighted_v1+efficientnet_b0_cbam_oversampled_v1+efficientnet_b0_cbam_focal_v1,0.5+0.1+0.4,,results/phase4/ensemble_validation_results.csv,csv_row:179,7fd6390aabe8cd14c3dbf62ed3d1495f266cc6c60d01543cd81952f6f5e6f8c8,,,,original,,,,historical_observed,not_selected_for_new_final_model,Imported from saved evidence; protocol mapped from audited producer/folder. Empty fields mean not recorded. Validation-selected; test not evaluated.
legacy:results/phase4/ensemble_validation_results.csv#csv_row:18,legacy,tabular_candidate,phase4,strict_lesion_disjoint,validation,data/splits/split_assignments.csv,db1ce9f8b83f176001dd89fd332fb1668c7d2ba5f58d77157d293a09e2c2e696,"weighted+oversampled|weighted_tta|0.6,0.4",efficientnet_b0_cbam_weighted_v1+efficientnet_b0_cbam_oversampled_v1,,,,,,,,,,,,,,,0.854956753160346,0.7828252130089483,0.7325889208045496,0.7547092574450388,,,,,,efficientnet_b0_cbam_weighted_v1+efficientnet_b0_cbam_oversampled_v1,0.6+0.4,,results/phase4/ensemble_validation_results.csv,csv_row:18,7fd6390aabe8cd14c3dbf62ed3d1495f266cc6c60d01543cd81952f6f5e6f8c8,,,,original,,,,historical_observed,not_selected_for_new_final_model,Imported from saved evidence; protocol mapped from audited producer/folder. Empty fields mean not recorded. Validation-selected; test not evaluated.
legacy:results/phase4/ensemble_validation_results.csv#csv_row:180,legacy,tabular_candidate,phase4,strict_lesion_disjoint,validation,data/splits/split_assignments.csv,db1ce9f8b83f176001dd89fd332fb1668c7d2ba5f58d77157d293a09e2c2e696,"weighted+oversampled+focal|weighted_tta|0.5,0.2,0.3",efficientnet_b0_cbam_weighted_v1+efficientnet_b0_cbam_oversampled_v1+efficientnet_b0_cbam_focal_v1,,,,,,,,,,,,,,,0.8489687292082502,0.7687402716560062,0.7436675572112178,0.7550907955684378,,,,,,efficientnet_b0_cbam_weighted_v1+efficientnet_b0_cbam_oversampled_v1+efficientnet_b0_cbam_focal_v1,0.5+0.2+0.3,,results/phase4/ensemble_validation_results.csv,csv_row:180,7fd6390aabe8cd14c3dbf62ed3d1495f266cc6c60d01543cd81952f6f5e6f8c8,,,,original,,,,historical_observed,not_selected_for_new_final_model,Imported from saved evidence; protocol mapped from audited producer/folder. Empty fields mean not recorded. Validation-selected; test not evaluated.
legacy:results/phase4/ensemble_validation_results.csv#csv_row:181,legacy,tabular_candidate,phase4,strict_lesion_disjoint,validation,data/splits/split_assignments.csv,db1ce9f8b83f176001dd89fd332fb1668c7d2ba5f58d77157d293a09e2c2e696,"weighted+oversampled+focal|weighted_tta|0.5,0.3,0.2",efficientnet_b0_cbam_weighted_v1+efficientnet_b0_cbam_oversampled_v1+efficientnet_b0_cbam_focal_v1,,,,,,,,,,,,,,,0.8502994011976048,0.7708065979212796,0.7220870997375481,0.74371122993482,,,,,,efficientnet_b0_cbam_weighted_v1+efficientnet_b0_cbam_oversampled_v1+efficientnet_b0_cbam_focal_v1,0.5+0.3+0.2,,results/phase4/ensemble_validation_results.csv,csv_row:181,7fd6390aabe8cd14c3dbf62ed3d1495f266cc6c60d01543cd81952f6f5e6f8c8,,,,original,,,,historical_observed,not_selected_for_new_final_model,Imported from saved evidence; protocol mapped from audited producer/folder. Empty fields mean not recorded. Validation-selected; test not evaluated.
legacy:results/phase4/ensemble_validation_results.csv#csv_row:182,legacy,tabular_candidate,phase4,strict_lesion_disjoint,validation,data/splits/split_assignments.csv,db1ce9f8b83f176001dd89fd332fb1668c7d2ba5f58d77157d293a09e2c2e696,"weighted+oversampled+focal|weighted_tta|0.5,0.4,0.1",efficientnet_b0_cbam_weighted_v1+efficientnet_b0_cbam_oversampled_v1+efficientnet_b0_cbam_focal_v1,,,,,,,,,,,,,,,0.8569527611443779,0.7777663352607326,0.7259390134025284,0.7483014501786505,,,,,,efficientnet_b0_cbam_weighted_v1+efficientnet_b0_cbam_oversampled_v1+efficientnet_b0_cbam_focal_v1,0.5+0.4+0.1,,results/phase4/ensemble_validation_results.csv,csv_row:182,7fd6390aabe8cd14c3dbf62ed3d1495f266cc6c60d01543cd81952f6f5e6f8c8,,,,original,,,,historical_observed,not_selected_for_new_final_model,Imported from saved evidence; protocol mapped from audited producer/folder. Empty fields mean not recorded. Validation-selected; test not evaluated.
legacy:results/phase4/ensemble_validation_results.csv#csv_row:183,legacy,tabular_candidate,phase4,strict_lesion_disjoint,validation,data/splits/split_assignments.csv,db1ce9f8b83f176001dd89fd332fb1668c7d2ba5f58d77157d293a09e2c2e696,"weighted+oversampled+focal|weighted_tta|0.5,0.5,0.0",efficientnet_b0_cbam_weighted_v1+efficientnet_b0_cbam_oversampled_v1+efficientnet_b0_cbam_focal_v1,,,,,,,,,,,,,,,0.8542914171656687,0.7902172481304434,0.7237537875127826,0.7520935704350871,,,,,,efficientnet_b0_cbam_weighted_v1+efficientnet_b0_cbam_oversampled_v1+efficientnet_b0_cbam_focal_v1,0.5+0.5+0.0,,results/phase4/ensemble_validation_results.csv,csv_row:183,7fd6390aabe8cd14c3dbf62ed3d1495f266cc6c60d01543cd81952f6f5e6f8c8,,,,original,,,,historical_observed,not_selected_for_new_final_model,Imported from saved evidence; protocol mapped from audited producer/folder. Empty fields mean not recorded. Validation-selected; test not evaluated.
legacy:results/phase4/ensemble_validation_results.csv#csv_row:184,legacy,tabular_candidate,phase4,strict_lesion_disjoint,validation,data/splits/split_assignments.csv,db1ce9f8b83f176001dd89fd332fb1668c7d2ba5f58d77157d293a09e2c2e696,"weighted+oversampled+focal|weighted_tta|0.6,0.0,0.4",efficientnet_b0_cbam_weighted_v1+efficientnet_b0_cbam_oversampled_v1+efficientnet_b0_cbam_focal_v1,,,,,,,,,,,,,,,0.8403193612774451,0.7654077546725729,0.7673554143962672,0.7656354061696112,,,,,,efficientnet_b0_cbam_weighted_v1+efficientnet_b0_cbam_oversampled_v1+efficientnet_b0_cbam_focal_v1,0.6+0.0+0.4,,results/phase4/ensemble_validation_results.csv,csv_row:184,7fd6390aabe8cd14c3dbf62ed3d1495f266cc6c60d01543cd81952f6f5e6f8c8,,,,original,,,,historical_observed,not_selected_for_new_final_model,Imported from saved evidence; protocol mapped from audited producer/folder. Empty fields mean not recorded. Validation-selected; test not evaluated.
legacy:results/phase4/ensemble_validation_results.csv#csv_row:185,legacy,tabular_candidate,phase4,strict_lesion_disjoint,validation,data/splits/split_assignments.csv,db1ce9f8b83f176001dd89fd332fb1668c7d2ba5f58d77157d293a09e2c2e696,"weighted+oversampled+focal|weighted_tta|0.6,0.1,0.3",efficientnet_b0_cbam_weighted_v1+efficientnet_b0_cbam_oversampled_v1+efficientnet_b0_cbam_focal_v1,,,,,,,,,,,,,,,0.8456420492348636,0.7708632673652831,0.7640682507592578,0.7667614671775214,,,,,,efficientnet_b0_cbam_weighted_v1+efficientnet_b0_cbam_oversampled_v1+efficientnet_b0_cbam_focal_v1,0.6+0.1+0.3,,results/phase4/ensemble_validation_results.csv,csv_row:185,7fd6390aabe8cd14c3dbf62ed3d1495f266cc6c60d01543cd81952f6f5e6f8c8,,,,original,,,,historical_observed,not_selected_for_new_final_model,Imported from saved evidence; protocol mapped from audited producer/folder. Empty fields mean not recorded. Validation-selected; test not evaluated.
legacy:results/phase4/ensemble_validation_results.csv#csv_row:186,legacy,tabular_candidate,phase4,strict_lesion_disjoint,validation,data/splits/split_assignments.csv,db1ce9f8b83f176001dd89fd332fb1668c7d2ba5f58d77157d293a09e2c2e696,"weighted+oversampled+focal|weighted_tta|0.6,0.2,0.2",efficientnet_b0_cbam_weighted_v1+efficientnet_b0_cbam_oversampled_v1+efficientnet_b0_cbam_focal_v1,,,,,,,,,,,,,,,0.8483033932135728,0.7726079420391659,0.7493234972641494,0.7596355193735791,,,,,,efficientnet_b0_cbam_weighted_v1+efficientnet_b0_cbam_oversampled_v1+efficientnet_b0_cbam_focal_v1,0.6+0.2+0.2,,results/phase4/ensemble_validation_results.csv,csv_row:186,7fd6390aabe8cd14c3dbf62ed3d1495f266cc6c60d01543cd81952f6f5e6f8c8,,,,original,,,,historical_observed,not_selected_for_new_final_model,Imported from saved evidence; protocol mapped from audited producer/folder. Empty fields mean not recorded. Validation-selected; test not evaluated.
legacy:results/phase4/ensemble_validation_results.csv#csv_row:187,legacy,tabular_candidate,phase4,strict_lesion_disjoint,validation,data/splits/split_assignments.csv,db1ce9f8b83f176001dd89fd332fb1668c7d2ba5f58d77157d293a09e2c2e696,"weighted+oversampled+focal|weighted_tta|0.6,0.3,0.1",efficientnet_b0_cbam_weighted_v1+efficientnet_b0_cbam_oversampled_v1+efficientnet_b0_cbam_focal_v1,,,,,,,,,,,,,,,0.852960745176314,0.7788269534079472,0.7466181242685728,0.7609762733880149,,,,,,efficientnet_b0_cbam_weighted_v1+efficientnet_b0_cbam_oversampled_v1+efficientnet_b0_cbam_focal_v1,0.6+0.3+0.1,,results/phase4/ensemble_validation_results.csv,csv_row:187,7fd6390aabe8cd14c3dbf62ed3d1495f266cc6c60d01543cd81952f6f5e6f8c8,,,,original,,,,historical_observed,not_selected_for_new_final_model,Imported from saved evidence; protocol mapped from audited producer/folder. Empty fields mean not recorded. Validation-selected; test not evaluated.
legacy:results/phase4/ensemble_validation_results.csv#csv_row:188,legacy,tabular_candidate,phase4,strict_lesion_disjoint,validation,data/splits/split_assignments.csv,db1ce9f8b83f176001dd89fd332fb1668c7d2ba5f58d77157d293a09e2c2e696,"weighted+oversampled+focal|weighted_tta|0.6,0.4,0.0",efficientnet_b0_cbam_weighted_v1+efficientnet_b0_cbam_oversampled_v1+efficientnet_b0_cbam_focal_v1,,,,,,,,,,,,,,,0.854956753160346,0.7828252130089483,0.7325889208045496,0.7547092574450388,,,,,,efficientnet_b0_cbam_weighted_v1+efficientnet_b0_cbam_oversampled_v1+efficientnet_b0_cbam_focal_v1,0.6+0.4+0.0,,results/phase4/ensemble_validation_results.csv,csv_row:188,7fd6390aabe8cd14c3dbf62ed3d1495f266cc6c60d01543cd81952f6f5e6f8c8,,,,original,,,,historical_observed,not_selected_for_new_final_model,Imported from saved evidence; protocol mapped from audited producer/folder. Empty fields mean not recorded. Validation-selected; test not evaluated.
legacy:results/phase4/ensemble_validation_results.csv#csv_row:189,legacy,tabular_candidate,phase4,strict_lesion_disjoint,validation,data/splits/split_assignments.csv,db1ce9f8b83f176001dd89fd332fb1668c7d2ba5f58d77157d293a09e2c2e696,"weighted+oversampled+focal|weighted_tta|0.7,0.0,0.3",efficientnet_b0_cbam_weighted_v1+efficientnet_b0_cbam_oversampled_v1+efficientnet_b0_cbam_focal_v1,,,,,,,,,,,,,,,0.8396540252827678,0.7657071297736014,0.7672081936162171,0.7658092738817459,,,,,,efficientnet_b0_cbam_weighted_v1+efficientnet_b0_cbam_oversampled_v1+efficientnet_b0_cbam_focal_v1,0.7+0.0+0.3,,results/phase4/ensemble_validation_results.csv,csv_row:189,7fd6390aabe8cd14c3dbf62ed3d1495f266cc6c60d01543cd81952f6f5e6f8c8,,,,original,,,,historical_observed,not_selected_for_new_final_model,Imported from saved evidence; protocol mapped from audited producer/folder. Empty fields mean not recorded. Validation-selected; test not evaluated.
legacy:results/phase4/ensemble_validation_results.csv#csv_row:19,legacy,tabular_candidate,phase4,strict_lesion_disjoint,validation,data/splits/split_assignments.csv,db1ce9f8b83f176001dd89fd332fb1668c7d2ba5f58d77157d293a09e2c2e696,"weighted+oversampled|weighted_tta|0.7,0.3",efficientnet_b0_cbam_weighted_v1+efficientnet_b0_cbam_oversampled_v1,,,,,,,,,,,,,,,0.8542914171656687,0.7817726079309377,0.7496172722378995,0.7640927957737744,,,,,,efficientnet_b0_cbam_weighted_v1+efficientnet_b0_cbam_oversampled_v1,0.7+0.3,,results/phase4/ensemble_validation_results.csv,csv_row:19,7fd6390aabe8cd14c3dbf62ed3d1495f266cc6c60d01543cd81952f6f5e6f8c8,,,,original,,,,historical_observed,not_selected_for_new_final_model,Imported from saved evidence; protocol mapped from audited producer/folder. Empty fields mean not recorded. Validation-selected; test not evaluated.
legacy:results/phase4/ensemble_validation_results.csv#csv_row:190,legacy,tabular_candidate,phase4,strict_lesion_disjoint,validation,data/splits/split_assignments.csv,db1ce9f8b83f176001dd89fd332fb1668c7d2ba5f58d77157d293a09e2c2e696,"weighted+oversampled+focal|weighted_tta|0.7,0.1,0.2",efficientnet_b0_cbam_weighted_v1+efficientnet_b0_cbam_oversampled_v1+efficientnet_b0_cbam_focal_v1,,,,,,,,,,,,,,,0.8449767132401863,0.7699810358365244,0.7653686214864412,0.7670413423108504,,,,,,efficientnet_b0_cbam_weighted_v1+efficientnet_b0_cbam_oversampled_v1+efficientnet_b0_cbam_focal_v1,0.7+0.1+0.2,,results/phase4/ensemble_validation_results.csv,csv_row:190,7fd6390aabe8cd14c3dbf62ed3d1495f266cc6c60d01543cd81952f6f5e6f8c8,,,,original,,,,historical_observed,not_selected_for_new_final_model,Imported from saved evidence; protocol mapped from audited producer/folder. Empty fields mean not recorded. Validation-selected; test not evaluated.
legacy:results/phase4/ensemble_validation_results.csv#csv_row:191,legacy,tabular_candidate,phase4,strict_lesion_disjoint,validation,data/splits/split_assignments.csv,db1ce9f8b83f176001dd89fd332fb1668c7d2ba5f58d77157d293a09e2c2e696,"weighted+oversampled+focal|weighted_tta|0.7,0.2,0.1",efficientnet_b0_cbam_weighted_v1+efficientnet_b0_cbam_oversampled_v1+efficientnet_b0_cbam_focal_v1,,,,,,,,,,,,,,,0.8483033932135728,0.7720987971642181,0.7552656331546501,0.7626151622817489,,,,,,efficientnet_b0_cbam_weighted_v1+efficientnet_b0_cbam_oversampled_v1+efficientnet_b0_cbam_focal_v1,0.7+0.2+0.1,,results/phase4/ensemble_validation_results.csv,csv_row:191,7fd6390aabe8cd14c3dbf62ed3d1495f266cc6c60d01543cd81952f6f5e6f8c8,,,,original,,,,historical_observed,not_selected_for_new_final_model,Imported from saved evidence; protocol mapped from audited producer/folder. Empty fields mean not recorded. Validation-selected; test not evaluated.
legacy:results/phase4/ensemble_validation_results.csv#csv_row:192,legacy,tabular_candidate,phase4,strict_lesion_disjoint,validation,data/splits/split_assignments.csv,db1ce9f8b83f176001dd89fd332fb1668c7d2ba5f58d77157d293a09e2c2e696,"weighted+oversampled+focal|weighted_tta|0.7,0.3,0.0",efficientnet_b0_cbam_weighted_v1+efficientnet_b0_cbam_oversampled_v1+efficientnet_b0_cbam_focal_v1,,,,,,,,,,,,,,,0.8542914171656687,0.7817726079309377,0.7496172722378995,0.7640927957737744,,,,,,efficientnet_b0_cbam_weighted_v1+efficientnet_b0_cbam_oversampled_v1+efficientnet_b0_cbam_focal_v1,0.7+0.3+0.0,,results/phase4/ensemble_validation_results.csv,csv_row:192,7fd6390aabe8cd14c3dbf62ed3d1495f266cc6c60d01543cd81952f6f5e6f8c8,,,,original,,,,historical_observed,not_selected_for_new_final_model,Imported from saved evidence; protocol mapped from audited producer/folder. Empty fields mean not recorded. Validation-selected; test not evaluated.
legacy:results/phase4/ensemble_validation_results.csv#csv_row:193,legacy,tabular_candidate,phase4,strict_lesion_disjoint,validation,data/splits/split_assignments.csv,db1ce9f8b83f176001dd89fd332fb1668c7d2ba5f58d77157d293a09e2c2e696,"weighted+oversampled+focal|weighted_tta|0.8,0.0,0.2",efficientnet_b0_cbam_weighted_v1+efficientnet_b0_cbam_oversampled_v1+efficientnet_b0_cbam_focal_v1,,,,,,,,,,,,,,,0.8409846972721224,0.7719756677580988,0.7674922038405851,0.7690161193252136,,,,,,efficientnet_b0_cbam_weighted_v1+efficientnet_b0_cbam_oversampled_v1+efficientnet_b0_cbam_focal_v1,0.8+0.0+0.2,,results/phase4/ensemble_validation_results.csv,csv_row:193,7fd6390aabe8cd14c3dbf62ed3d1495f266cc6c60d01543cd81952f6f5e6f8c8,,,,original,,,,historical_observed,not_selected_for_new_final_model,Imported from saved evidence; protocol mapped from audited producer/folder. Empty fields mean not recorded. Validation-selected; test not evaluated.
legacy:results/phase4/ensemble_validation_results.csv#csv_row:194,legacy,tabular_candidate,phase4,strict_lesion_disjoint,validation,data/splits/split_assignments.csv,db1ce9f8b83f176001dd89fd332fb1668c7d2ba5f58d77157d293a09e2c2e696,"weighted+oversampled+focal|weighted_tta|0.8,0.1,0.1",efficientnet_b0_cbam_weighted_v1+efficientnet_b0_cbam_oversampled_v1+efficientnet_b0_cbam_focal_v1,,,,,,,,,,,,,,,0.8449767132401863,0.7691474555840895,0.7680837592314,0.768021640135771,,,,,,efficientnet_b0_cbam_weighted_v1+efficientnet_b0_cbam_oversampled_v1+efficientnet_b0_cbam_focal_v1,0.8+0.1+0.1,,results/phase4/ensemble_validation_results.csv,csv_row:194,7fd6390aabe8cd14c3dbf62ed3d1495f266cc6c60d01543cd81952f6f5e6f8c8,,,,original,,,,historical_observed,not_selected_for_new_final_model,Imported from saved evidence; protocol mapped from audited producer/folder. Empty fields mean not recorded. Validation-selected; test not evaluated.
legacy:results/phase4/ensemble_validation_results.csv#csv_row:195,legacy,tabular_candidate,phase4,strict_lesion_disjoint,validation,data/splits/split_assignments.csv,db1ce9f8b83f176001dd89fd332fb1668c7d2ba5f58d77157d293a09e2c2e696,"weighted+oversampled+focal|weighted_tta|0.8,0.2,0.0",efficientnet_b0_cbam_weighted_v1+efficientnet_b0_cbam_oversampled_v1+efficientnet_b0_cbam_focal_v1,,,,,,,,,,,,,,,0.8476380572188955,0.7727061547164202,0.762502924104468,0.7666665366516732,,,,,,efficientnet_b0_cbam_weighted_v1+efficientnet_b0_cbam_oversampled_v1+efficientnet_b0_cbam_focal_v1,0.8+0.2+0.0,,results/phase4/ensemble_validation_results.csv,csv_row:195,7fd6390aabe8cd14c3dbf62ed3d1495f266cc6c60d01543cd81952f6f5e6f8c8,,,,original,,,,historical_observed,not_selected_for_new_final_model,Imported from saved evidence; protocol mapped from audited producer/folder. Empty fields mean not recorded. Validation-selected; test not evaluated.
legacy:results/phase4/ensemble_validation_results.csv#csv_row:196,legacy,tabular_candidate,phase4,strict_lesion_disjoint,validation,data/splits/split_assignments.csv,db1ce9f8b83f176001dd89fd332fb1668c7d2ba5f58d77157d293a09e2c2e696,"weighted+oversampled+focal|weighted_tta|0.9,0.0,0.1",efficientnet_b0_cbam_weighted_v1+efficientnet_b0_cbam_oversampled_v1+efficientnet_b0_cbam_focal_v1,,,,,,,,,,,,,,,0.8436460412508316,0.7739103609645387,0.7709501916359223,0.7718103328854748,,,,,,efficientnet_b0_cbam_weighted_v1+efficientnet_b0_cbam_oversampled_v1+efficientnet_b0_cbam_focal_v1,0.9+0.0+0.1,,results/phase4/ensemble_validation_results.csv,csv_row:196,7fd6390aabe8cd14c3dbf62ed3d1495f266cc6c60d01543cd81952f6f5e6f8c8,,,,original,,,,historical_observed,not_selected_for_new_final_model,Imported from saved evidence; protocol mapped from audited producer/folder. Empty fields mean not recorded. Validation-selected; test not evaluated.
legacy:results/phase4/ensemble_validation_results.csv#csv_row:197,legacy,tabular_candidate,phase4,strict_lesion_disjoint,validation,data/splits/split_assignments.csv,db1ce9f8b83f176001dd89fd332fb1668c7d2ba5f58d77157d293a09e2c2e696,"weighted+oversampled+focal|weighted_tta|0.9,0.1,0.0",efficientnet_b0_cbam_weighted_v1+efficientnet_b0_cbam_oversampled_v1+efficientnet_b0_cbam_focal_v1,,,,,,,,,,,,,,,0.844311377245509,0.7668110737648848,0.765950412127874,0.7657220721975824,,,,,,efficientnet_b0_cbam_weighted_v1+efficientnet_b0_cbam_oversampled_v1+efficientnet_b0_cbam_focal_v1,0.9+0.1+0.0,,results/phase4/ensemble_validation_results.csv,csv_row:197,7fd6390aabe8cd14c3dbf62ed3d1495f266cc6c60d01543cd81952f6f5e6f8c8,,,,original,,,,historical_observed,not_selected_for_new_final_model,Imported from saved evidence; protocol mapped from audited producer/folder. Empty fields mean not recorded. Validation-selected; test not evaluated.
legacy:results/phase4/ensemble_validation_results.csv#csv_row:198,legacy,tabular_candidate,phase4,strict_lesion_disjoint,validation,data/splits/split_assignments.csv,db1ce9f8b83f176001dd89fd332fb1668c7d2ba5f58d77157d293a09e2c2e696,"weighted+oversampled+focal|weighted_tta|1.0,0.0,0.0",efficientnet_b0_cbam_weighted_v1+efficientnet_b0_cbam_oversampled_v1+efficientnet_b0_cbam_focal_v1,,,,,,,,,,,,,,,0.8423153692614771,0.7719723400994944,0.7699476013258036,0.7703611681312049,,,,,,efficientnet_b0_cbam_weighted_v1+efficientnet_b0_cbam_oversampled_v1+efficientnet_b0_cbam_focal_v1,1.0+0.0+0.0,,results/phase4/ensemble_validation_results.csv,csv_row:198,7fd6390aabe8cd14c3dbf62ed3d1495f266cc6c60d01543cd81952f6f5e6f8c8,,,,original,,,,historical_observed,not_selected_for_new_final_model,Imported from saved evidence; protocol mapped from audited producer/folder. Empty fields mean not recorded. Validation-selected; test not evaluated.
legacy:results/phase4/ensemble_validation_results.csv#csv_row:199,legacy,tabular_candidate,phase4,strict_lesion_disjoint,validation,data/splits/split_assignments.csv,db1ce9f8b83f176001dd89fd332fb1668c7d2ba5f58d77157d293a09e2c2e696,"weighted+oversampled+focal|all_tta|0.0,0.0,1.0",efficientnet_b0_cbam_weighted_v1+efficientnet_b0_cbam_oversampled_v1+efficientnet_b0_cbam_focal_v1,,,,,,,,,,,,,,,0.8276779773785762,0.7421996097552046,0.7242839237360235,0.72931727196101,,,,,,efficientnet_b0_cbam_weighted_v1+efficientnet_b0_cbam_oversampled_v1+efficientnet_b0_cbam_focal_v1,0.0+0.0+1.0,,results/phase4/ensemble_validation_results.csv,csv_row:199,7fd6390aabe8cd14c3dbf62ed3d1495f266cc6c60d01543cd81952f6f5e6f8c8,,,,original,,,,historical_observed,not_selected_for_new_final_model,Imported from saved evidence; protocol mapped from audited producer/folder. Empty fields mean not recorded. Validation-selected; test not evaluated.
legacy:results/phase4/ensemble_validation_results.csv#csv_row:2,legacy,tabular_candidate,phase4,strict_lesion_disjoint,validation,data/splits/split_assignments.csv,db1ce9f8b83f176001dd89fd332fb1668c7d2ba5f58d77157d293a09e2c2e696,"weighted+oversampled|normal|0.1,0.9",efficientnet_b0_cbam_weighted_v1+efficientnet_b0_cbam_oversampled_v1,,,,,,,,,,,,,,,0.852960745176314,0.7787515168629323,0.7017423473998311,0.7335517266666932,,,,,,efficientnet_b0_cbam_weighted_v1+efficientnet_b0_cbam_oversampled_v1,0.1+0.9,,results/phase4/ensemble_validation_results.csv,csv_row:2,7fd6390aabe8cd14c3dbf62ed3d1495f266cc6c60d01543cd81952f6f5e6f8c8,,,,original,,,,historical_observed,not_selected_for_new_final_model,Imported from saved evidence; protocol mapped from audited producer/folder. Empty fields mean not recorded. Validation-selected; test not evaluated.
legacy:results/phase4/ensemble_validation_results.csv#csv_row:20,legacy,tabular_candidate,phase4,strict_lesion_disjoint,validation,data/splits/split_assignments.csv,db1ce9f8b83f176001dd89fd332fb1668c7d2ba5f58d77157d293a09e2c2e696,"weighted+oversampled|weighted_tta|0.8,0.2",efficientnet_b0_cbam_weighted_v1+efficientnet_b0_cbam_oversampled_v1,,,,,,,,,,,,,,,0.8476380572188955,0.7727061547164202,0.762502924104468,0.7666665366516732,,,,,,efficientnet_b0_cbam_weighted_v1+efficientnet_b0_cbam_oversampled_v1,0.8+0.2,,results/phase4/ensemble_validation_results.csv,csv_row:20,7fd6390aabe8cd14c3dbf62ed3d1495f266cc6c60d01543cd81952f6f5e6f8c8,,,,original,,,,historical_observed,not_selected_for_new_final_model,Imported from saved evidence; protocol mapped from audited producer/folder. Empty fields mean not recorded. Validation-selected; test not evaluated.
legacy:results/phase4/ensemble_validation_results.csv#csv_row:200,legacy,tabular_candidate,phase4,strict_lesion_disjoint,validation,data/splits/split_assignments.csv,db1ce9f8b83f176001dd89fd332fb1668c7d2ba5f58d77157d293a09e2c2e696,"weighted+oversampled+focal|all_tta|0.0,0.1,0.9",efficientnet_b0_cbam_weighted_v1+efficientnet_b0_cbam_oversampled_v1+efficientnet_b0_cbam_focal_v1,,,,,,,,,,,,,,,0.8376580172987359,0.7449271904637494,0.7222131625730686,0.7300743826687854,,,,,,efficientnet_b0_cbam_weighted_v1+efficientnet_b0_cbam_oversampled_v1+efficientnet_b0_cbam_focal_v1,0.0+0.1+0.9,,results/phase4/ensemble_validation_results.csv,csv_row:200,7fd6390aabe8cd14c3dbf62ed3d1495f266cc6c60d01543cd81952f6f5e6f8c8,,,,original,,,,historical_observed,not_selected_for_new_final_model,Imported from saved evidence; protocol mapped from audited producer/folder. Empty fields mean not recorded. Validation-selected; test not evaluated.
legacy:results/phase4/ensemble_validation_results.csv#csv_row:201,legacy,tabular_candidate,phase4,strict_lesion_disjoint,validation,data/splits/split_assignments.csv,db1ce9f8b83f176001dd89fd332fb1668c7d2ba5f58d77157d293a09e2c2e696,"weighted+oversampled+focal|all_tta|0.0,0.2,0.8",efficientnet_b0_cbam_weighted_v1+efficientnet_b0_cbam_oversampled_v1+efficientnet_b0_cbam_focal_v1,,,,,,,,,,,,,,,0.8502994011976048,0.7640487685601801,0.7214133549410015,0.7391670838967027,,,,,,efficientnet_b0_cbam_weighted_v1+efficientnet_b0_cbam_oversampled_v1+efficientnet_b0_cbam_focal_v1,0.0+0.2+0.8,,results/phase4/ensemble_validation_results.csv,csv_row:201,7fd6390aabe8cd14c3dbf62ed3d1495f266cc6c60d01543cd81952f6f5e6f8c8,,,,original,,,,historical_observed,not_selected_for_new_final_model,Imported from saved evidence; protocol mapped from audited producer/folder. Empty fields mean not recorded. Validation-selected; test not evaluated.
legacy:results/phase4/ensemble_validation_results.csv#csv_row:202,legacy,tabular_candidate,phase4,strict_lesion_disjoint,validation,data/splits/split_assignments.csv,db1ce9f8b83f176001dd89fd332fb1668c7d2ba5f58d77157d293a09e2c2e696,"weighted+oversampled+focal|all_tta|0.0,0.3,0.7",efficientnet_b0_cbam_weighted_v1+efficientnet_b0_cbam_oversampled_v1+efficientnet_b0_cbam_focal_v1,,,,,,,,,,,,,,,0.8542914171656687,0.7680998998220075,0.7117408625910796,0.7355531019073357,,,,,,efficientnet_b0_cbam_weighted_v1+efficientnet_b0_cbam_oversampled_v1+efficientnet_b0_cbam_focal_v1,0.0+0.3+0.7,,results/phase4/ensemble_validation_results.csv,csv_row:202,7fd6390aabe8cd14c3dbf62ed3d1495f266cc6c60d01543cd81952f6f5e6f8c8,,,,original,,,,historical_observed,not_selected_for_new_final_model,Imported from saved evidence; protocol mapped from audited producer/folder. Empty fields mean not recorded. Validation-selected; test not evaluated.
legacy:results/phase4/ensemble_validation_results.csv#csv_row:203,legacy,tabular_candidate,phase4,strict_lesion_disjoint,validation,data/splits/split_assignments.csv,db1ce9f8b83f176001dd89fd332fb1668c7d2ba5f58d77157d293a09e2c2e696,"weighted+oversampled+focal|all_tta|0.0,0.4,0.6",efficientnet_b0_cbam_weighted_v1+efficientnet_b0_cbam_oversampled_v1+efficientnet_b0_cbam_focal_v1,,,,,,,,,,,,,,,0.8556220891550232,0.7782695492623463,0.7120248728154479,0.7397910361267341,,,,,,efficientnet_b0_cbam_weighted_v1+efficientnet_b0_cbam_oversampled_v1+efficientnet_b0_cbam_focal_v1,0.0+0.4+0.6,,results/phase4/ensemble_validation_results.csv,csv_row:203,7fd6390aabe8cd14c3dbf62ed3d1495f266cc6c60d01543cd81952f6f5e6f8c8,,,,original,,,,historical_observed,not_selected_for_new_final_model,Imported from saved evidence; protocol mapped from audited producer/folder. Empty fields mean not recorded. Validation-selected; test not evaluated.
legacy:results/phase4/ensemble_validation_results.csv#csv_row:204,legacy,tabular_candidate,phase4,strict_lesion_disjoint,validation,data/splits/split_assignments.csv,db1ce9f8b83f176001dd89fd332fb1668c7d2ba5f58d77157d293a09e2c2e696,"weighted+oversampled+focal|all_tta|0.0,0.5,0.5",efficientnet_b0_cbam_weighted_v1+efficientnet_b0_cbam_oversampled_v1+efficientnet_b0_cbam_focal_v1,,,,,,,,,,,,,,,0.852960745176314,0.7761489391115205,0.6958626310501975,0.7282809261851887,,,,,,efficientnet_b0_cbam_weighted_v1+efficientnet_b0_cbam_oversampled_v1+efficientnet_b0_cbam_focal_v1,0.0+0.5+0.5,,results/phase4/ensemble_validation_results.csv,csv_row:204,7fd6390aabe8cd14c3dbf62ed3d1495f266cc6c60d01543cd81952f6f5e6f8c8,,,,original,,,,historical_observed,not_selected_for_new_final_model,Imported from saved evidence; protocol mapped from audited producer/folder. Empty fields mean not recorded. Validation-selected; test not evaluated.
legacy:results/phase4/ensemble_validation_results.csv#csv_row:205,legacy,tabular_candidate,phase4,strict_lesion_disjoint,validation,data/splits/split_assignments.csv,db1ce9f8b83f176001dd89fd332fb1668c7d2ba5f58d77157d293a09e2c2e696,"weighted+oversampled+focal|all_tta|0.0,0.6,0.4",efficientnet_b0_cbam_weighted_v1+efficientnet_b0_cbam_oversampled_v1+efficientnet_b0_cbam_focal_v1,,,,,,,,,,,,,,,0.8556220891550232,0.7801786447071748,0.6918022383070989,0.72636728718626,,,,,,efficientnet_b0_cbam_weighted_v1+efficientnet_b0_cbam_oversampled_v1+efficientnet_b0_cbam_focal_v1,0.0+0.6+0.4,,results/phase4/ensemble_validation_results.csv,csv_row:205,7fd6390aabe8cd14c3dbf62ed3d1495f266cc6c60d01543cd81952f6f5e6f8c8,,,,original,,,,historical_observed,not_selected_for_new_final_model,Imported from saved evidence; protocol mapped from audited producer/folder. Empty fields mean not recorded. Validation-selected; test not evaluated.
legacy:results/phase4/ensemble_validation_results.csv#csv_row:206,legacy,tabular_candidate,phase4,strict_lesion_disjoint,validation,data/splits/split_assignments.csv,db1ce9f8b83f176001dd89fd332fb1668c7d2ba5f58d77157d293a09e2c2e696,"weighted+oversampled+focal|all_tta|0.0,0.7,0.3",efficientnet_b0_cbam_weighted_v1+efficientnet_b0_cbam_oversampled_v1+efficientnet_b0_cbam_focal_v1,,,,,,,,,,,,,,,0.854956753160346,0.7813791519101303,0.6983157335033,0.7312502965707447,,,,,,efficientnet_b0_cbam_weighted_v1+efficientnet_b0_cbam_oversampled_v1+efficientnet_b0_cbam_focal_v1,0.0+0.7+0.3,,results/phase4/ensemble_validation_results.csv,csv_row:206,7fd6390aabe8cd14c3dbf62ed3d1495f266cc6c60d01543cd81952f6f5e6f8c8,,,,original,,,,historical_observed,not_selected_for_new_final_model,Imported from saved evidence; protocol mapped from audited producer/folder. Empty fields mean not recorded. Validation-selected; test not evaluated.
legacy:results/phase4/ensemble_validation_results.csv#csv_row:207,legacy,tabular_candidate,phase4,strict_lesion_disjoint,validation,data/splits/split_assignments.csv,db1ce9f8b83f176001dd89fd332fb1668c7d2ba5f58d77157d293a09e2c2e696,"weighted+oversampled+focal|all_tta|0.0,0.8,0.2",efficientnet_b0_cbam_weighted_v1+efficientnet_b0_cbam_oversampled_v1+efficientnet_b0_cbam_focal_v1,,,,,,,,,,,,,,,0.8562874251497006,0.7823597122223399,0.697332197489943,0.7308430006079939,,,,,,efficientnet_b0_cbam_weighted_v1+efficientnet_b0_cbam_oversampled_v1+efficientnet_b0_cbam_focal_v1,0.0+0.8+0.2,,results/phase4/ensemble_validation_results.csv,csv_row:207,7fd6390aabe8cd14c3dbf62ed3d1495f266cc6c60d01543cd81952f6f5e6f8c8,,,,original,,,,historical_observed,not_selected_for_new_final_model,Imported from saved evidence; protocol mapped from audited producer/folder. Empty fields mean not recorded. Validation-selected; test not evaluated.
legacy:results/phase4/ensemble_validation_results.csv#csv_row:208,legacy,tabular_candidate,phase4,strict_lesion_disjoint,validation,data/splits/split_assignments.csv,db1ce9f8b83f176001dd89fd332fb1668c7d2ba5f58d77157d293a09e2c2e696,"weighted+oversampled+focal|all_tta|0.0,0.9,0.1",efficientnet_b0_cbam_weighted_v1+efficientnet_b0_cbam_oversampled_v1+efficientnet_b0_cbam_focal_v1,,,,,,,,,,,,,,,0.8576180971390552,0.7843794935498188,0.6970568102266038,0.7317869904611021,,,,,,efficientnet_b0_cbam_weighted_v1+efficientnet_b0_cbam_oversampled_v1+efficientnet_b0_cbam_focal_v1,0.0+0.9+0.1,,results/phase4/ensemble_validation_results.csv,csv_row:208,7fd6390aabe8cd14c3dbf62ed3d1495f266cc6c60d01543cd81952f6f5e6f8c8,,,,original,,,,historical_observed,not_selected_for_new_final_model,Imported from saved evidence; protocol mapped from audited producer/folder. Empty fields mean not recorded. Validation-selected; test not evaluated.
legacy:results/phase4/ensemble_validation_results.csv#csv_row:209,legacy,tabular_candidate,phase4,strict_lesion_disjoint,validation,data/splits/split_assignments.csv,db1ce9f8b83f176001dd89fd332fb1668c7d2ba5f58d77157d293a09e2c2e696,"weighted+oversampled+focal|all_tta|0.0,1.0,0.0",efficientnet_b0_cbam_weighted_v1+efficientnet_b0_cbam_oversampled_v1+efficientnet_b0_cbam_focal_v1,,,,,,,,,,,,,,,0.8576180971390552,0.780158177683805,0.6960621078549653,0.7296021576799175,,,,,,efficientnet_b0_cbam_weighted_v1+efficientnet_b0_cbam_oversampled_v1+efficientnet_b0_cbam_focal_v1,0.0+1.0+0.0,,results/phase4/ensemble_validation_results.csv,csv_row:209,7fd6390aabe8cd14c3dbf62ed3d1495f266cc6c60d01543cd81952f6f5e6f8c8,,,,original,,,,historical_observed,not_selected_for_new_final_model,Imported from saved evidence; protocol mapped from audited producer/folder. Empty fields mean not recorded. Validation-selected; test not evaluated.
legacy:results/phase4/ensemble_validation_results.csv#csv_row:21,legacy,tabular_candidate,phase4,strict_lesion_disjoint,validation,data/splits/split_assignments.csv,db1ce9f8b83f176001dd89fd332fb1668c7d2ba5f58d77157d293a09e2c2e696,"weighted+oversampled|weighted_tta|0.9,0.1",efficientnet_b0_cbam_weighted_v1+efficientnet_b0_cbam_oversampled_v1,,,,,,,,,,,,,,,0.844311377245509,0.7668110737648848,0.765950412127874,0.7657220721975824,,,,,,efficientnet_b0_cbam_weighted_v1+efficientnet_b0_cbam_oversampled_v1,0.9+0.1,,results/phase4/ensemble_validation_results.csv,csv_row:21,7fd6390aabe8cd14c3dbf62ed3d1495f266cc6c60d01543cd81952f6f5e6f8c8,,,,original,,,,historical_observed,not_selected_for_new_final_model,Imported from saved evidence; protocol mapped from audited producer/folder. Empty fields mean not recorded. Validation-selected; test not evaluated.
legacy:results/phase4/ensemble_validation_results.csv#csv_row:210,legacy,tabular_candidate,phase4,strict_lesion_disjoint,validation,data/splits/split_assignments.csv,db1ce9f8b83f176001dd89fd332fb1668c7d2ba5f58d77157d293a09e2c2e696,"weighted+oversampled+focal|all_tta|0.1,0.0,0.9",efficientnet_b0_cbam_weighted_v1+efficientnet_b0_cbam_oversampled_v1+efficientnet_b0_cbam_focal_v1,,,,,,,,,,,,,,,0.8290086493679308,0.7420469030427245,0.7255750049158275,0.7304822304965647,,,,,,efficientnet_b0_cbam_weighted_v1+efficientnet_b0_cbam_oversampled_v1+efficientnet_b0_cbam_focal_v1,0.1+0.0+0.9,,results/phase4/ensemble_validation_results.csv,csv_row:210,7fd6390aabe8cd14c3dbf62ed3d1495f266cc6c60d01543cd81952f6f5e6f8c8,,,,original,,,,historical_observed,not_selected_for_new_final_model,Imported from saved evidence; protocol mapped from audited producer/folder. Empty fields mean not recorded. Validation-selected; test not evaluated.
legacy:results/phase4/ensemble_validation_results.csv#csv_row:211,legacy,tabular_candidate,phase4,strict_lesion_disjoint,validation,data/splits/split_assignments.csv,db1ce9f8b83f176001dd89fd332fb1668c7d2ba5f58d77157d293a09e2c2e696,"weighted+oversampled+focal|all_tta|0.1,0.1,0.8",efficientnet_b0_cbam_weighted_v1+efficientnet_b0_cbam_oversampled_v1+efficientnet_b0_cbam_focal_v1,,,,,,,,,,,,,,,0.8389886892880905,0.750475557580997,0.724222823838623,0.7341967627139895,,,,,,efficientnet_b0_cbam_weighted_v1+efficientnet_b0_cbam_oversampled_v1+efficientnet_b0_cbam_focal_v1,0.1+0.1+0.8,,results/phase4/ensemble_validation_results.csv,csv_row:211,7fd6390aabe8cd14c3dbf62ed3d1495f266cc6c60d01543cd81952f6f5e6f8c8,,,,original,,,,historical_observed,not_selected_for_new_final_model,Imported from saved evidence; protocol mapped from audited producer/folder. Empty fields mean not recorded. Validation-selected; test not evaluated.
legacy:results/phase4/ensemble_validation_results.csv#csv_row:212,legacy,tabular_candidate,phase4,strict_lesion_disjoint,validation,data/splits/split_assignments.csv,db1ce9f8b83f176001dd89fd332fb1668c7d2ba5f58d77157d293a09e2c2e696,"weighted+oversampled+focal|all_tta|0.1,0.2,0.7",efficientnet_b0_cbam_weighted_v1+efficientnet_b0_cbam_oversampled_v1+efficientnet_b0_cbam_focal_v1,,,,,,,,,,,,,,,0.8502994011976048,0.7687784942503221,0.7221371506946184,0.7415989230134844,,,,,,efficientnet_b0_cbam_weighted_v1+efficientnet_b0_cbam_oversampled_v1+efficientnet_b0_cbam_focal_v1,0.1+0.2+0.7,,results/phase4/ensemble_validation_results.csv,csv_row:212,7fd6390aabe8cd14c3dbf62ed3d1495f266cc6c60d01543cd81952f6f5e6f8c8,,,,original,,,,historical_observed,not_selected_for_new_final_model,Imported from saved evidence; protocol mapped from audited producer/folder. Empty fields mean not recorded. Validation-selected; test not evaluated.
legacy:results/phase4/ensemble_validation_results.csv#csv_row:213,legacy,tabular_candidate,phase4,strict_lesion_disjoint,validation,data/splits/split_assignments.csv,db1ce9f8b83f176001dd89fd332fb1668c7d2ba5f58d77157d293a09e2c2e696,"weighted+oversampled+focal|all_tta|0.1,0.3,0.6",efficientnet_b0_cbam_weighted_v1+efficientnet_b0_cbam_oversampled_v1+efficientnet_b0_cbam_focal_v1,,,,,,,,,,,,,,,0.8536260811709914,0.7685600306378567,0.7175409933693965,0.7390243743331617,,,,,,efficientnet_b0_cbam_weighted_v1+efficientnet_b0_cbam_oversampled_v1+efficientnet_b0_cbam_focal_v1,0.1+0.3+0.6,,results/phase4/ensemble_validation_results.csv,csv_row:213,7fd6390aabe8cd14c3dbf62ed3d1495f266cc6c60d01543cd81952f6f5e6f8c8,,,,original,,,,historical_observed,not_selected_for_new_final_model,Imported from saved evidence; protocol mapped from audited producer/folder. Empty fields mean not recorded. Validation-selected; test not evaluated.
legacy:results/phase4/ensemble_validation_results.csv#csv_row:214,legacy,tabular_candidate,phase4,strict_lesion_disjoint,validation,data/splits/split_assignments.csv,db1ce9f8b83f176001dd89fd332fb1668c7d2ba5f58d77157d293a09e2c2e696,"weighted+oversampled+focal|all_tta|0.1,0.4,0.5",efficientnet_b0_cbam_weighted_v1+efficientnet_b0_cbam_oversampled_v1+efficientnet_b0_cbam_focal_v1,,,,,,,,,,,,,,,0.8536260811709914,0.7696402897522345,0.7115988574788956,0.7360416639544566,,,,,,efficientnet_b0_cbam_weighted_v1+efficientnet_b0_cbam_oversampled_v1+efficientnet_b0_cbam_focal_v1,0.1+0.4+0.5,,results/phase4/ensemble_validation_results.csv,csv_row:214,7fd6390aabe8cd14c3dbf62ed3d1495f266cc6c60d01543cd81952f6f5e6f8c8,,,,original,,,,historical_observed,not_selected_for_new_final_model,Imported from saved evidence; protocol mapped from audited producer/folder. Empty fields mean not recorded. Validation-selected; test not evaluated.
legacy:results/phase4/ensemble_validation_results.csv#csv_row:215,legacy,tabular_candidate,phase4,strict_lesion_disjoint,validation,data/splits/split_assignments.csv,db1ce9f8b83f176001dd89fd332fb1668c7d2ba5f58d77157d293a09e2c2e696,"weighted+oversampled+focal|all_tta|0.1,0.5,0.4",efficientnet_b0_cbam_weighted_v1+efficientnet_b0_cbam_oversampled_v1+efficientnet_b0_cbam_focal_v1,,,,,,,,,,,,,,,0.8536260811709914,0.776041645778449,0.6994487853288235,0.7303968467493597,,,,,,efficientnet_b0_cbam_weighted_v1+efficientnet_b0_cbam_oversampled_v1+efficientnet_b0_cbam_focal_v1,0.1+0.5+0.4,,results/phase4/ensemble_validation_results.csv,csv_row:215,7fd6390aabe8cd14c3dbf62ed3d1495f266cc6c60d01543cd81952f6f5e6f8c8,,,,original,,,,historical_observed,not_selected_for_new_final_model,Imported from saved evidence; protocol mapped from audited producer/folder. Empty fields mean not recorded. Validation-selected; test not evaluated.
legacy:results/phase4/ensemble_validation_results.csv#csv_row:216,legacy,tabular_candidate,phase4,strict_lesion_disjoint,validation,data/splits/split_assignments.csv,db1ce9f8b83f176001dd89fd332fb1668c7d2ba5f58d77157d293a09e2c2e696,"weighted+oversampled+focal|all_tta|0.1,0.6,0.3",efficientnet_b0_cbam_weighted_v1+efficientnet_b0_cbam_oversampled_v1+efficientnet_b0_cbam_focal_v1,,,,,,,,,,,,,,,0.8569527611443779,0.7820123461600875,0.7083990499337316,0.7388236553696627,,,,,,efficientnet_b0_cbam_weighted_v1+efficientnet_b0_cbam_oversampled_v1+efficientnet_b0_cbam_focal_v1,0.1+0.6+0.3,,results/phase4/ensemble_validation_results.csv,csv_row:216,7fd6390aabe8cd14c3dbf62ed3d1495f266cc6c60d01543cd81952f6f5e6f8c8,,,,original,,,,historical_observed,not_selected_for_new_final_model,Imported from saved evidence; protocol mapped from audited producer/folder. Empty fields mean not recorded. Validation-selected; test not evaluated.
legacy:results/phase4/ensemble_validation_results.csv#csv_row:217,legacy,tabular_candidate,phase4,strict_lesion_disjoint,validation,data/splits/split_assignments.csv,db1ce9f8b83f176001dd89fd332fb1668c7d2ba5f58d77157d293a09e2c2e696,"weighted+oversampled+focal|all_tta|0.1,0.7,0.2",efficientnet_b0_cbam_weighted_v1+efficientnet_b0_cbam_oversampled_v1+efficientnet_b0_cbam_focal_v1,,,,,,,,,,,,,,,0.8562874251497006,0.7825596511661582,0.7071128266377426,0.7382468409792752,,,,,,efficientnet_b0_cbam_weighted_v1+efficientnet_b0_cbam_oversampled_v1+efficientnet_b0_cbam_focal_v1,0.1+0.7+0.2,,results/phase4/ensemble_validation_results.csv,csv_row:217,7fd6390aabe8cd14c3dbf62ed3d1495f266cc6c60d01543cd81952f6f5e6f8c8,,,,original,,,,historical_observed,not_selected_for_new_final_model,Imported from saved evidence; protocol mapped from audited producer/folder. Empty fields mean not recorded. Validation-selected; test not evaluated.
legacy:results/phase4/ensemble_validation_results.csv#csv_row:218,legacy,tabular_candidate,phase4,strict_lesion_disjoint,validation,data/splits/split_assignments.csv,db1ce9f8b83f176001dd89fd332fb1668c7d2ba5f58d77157d293a09e2c2e696,"weighted+oversampled+focal|all_tta|0.1,0.8,0.1",efficientnet_b0_cbam_weighted_v1+efficientnet_b0_cbam_oversampled_v1+efficientnet_b0_cbam_focal_v1,,,,,,,,,,,,,,,0.8562874251497006,0.7826592079728212,0.7044029045606501,0.7367209022799239,,,,,,efficientnet_b0_cbam_weighted_v1+efficientnet_b0_cbam_oversampled_v1+efficientnet_b0_cbam_focal_v1,0.1+0.8+0.1,,results/phase4/ensemble_validation_results.csv,csv_row:218,7fd6390aabe8cd14c3dbf62ed3d1495f266cc6c60d01543cd81952f6f5e6f8c8,,,,original,,,,historical_observed,not_selected_for_new_final_model,Imported from saved evidence; protocol mapped from audited producer/folder. Empty fields mean not recorded. Validation-selected; test not evaluated.
legacy:results/phase4/ensemble_validation_results.csv#csv_row:219,legacy,tabular_candidate,phase4,strict_lesion_disjoint,validation,data/splits/split_assignments.csv,db1ce9f8b83f176001dd89fd332fb1668c7d2ba5f58d77157d293a09e2c2e696,"weighted+oversampled+focal|all_tta|0.1,0.9,0.0",efficientnet_b0_cbam_weighted_v1+efficientnet_b0_cbam_oversampled_v1+efficientnet_b0_cbam_focal_v1,,,,,,,,,,,,,,,0.8562874251497006,0.7830148859245974,0.6953356398307345,0.7304202464829633,,,,,,efficientnet_b0_cbam_weighted_v1+efficientnet_b0_cbam_oversampled_v1+efficientnet_b0_cbam_focal_v1,0.1+0.9+0.0,,results/phase4/ensemble_validation_results.csv,csv_row:219,7fd6390aabe8cd14c3dbf62ed3d1495f266cc6c60d01543cd81952f6f5e6f8c8,,,,original,,,,historical_observed,not_selected_for_new_final_model,Imported from saved evidence; protocol mapped from audited producer/folder. Empty fields mean not recorded. Validation-selected; test not evaluated.
legacy:results/phase4/ensemble_validation_results.csv#csv_row:22,legacy,tabular_candidate,phase4,strict_lesion_disjoint,validation,data/splits/split_assignments.csv,db1ce9f8b83f176001dd89fd332fb1668c7d2ba5f58d77157d293a09e2c2e696,"weighted+oversampled|weighted_tta|1.0,0.0",efficientnet_b0_cbam_weighted_v1+efficientnet_b0_cbam_oversampled_v1,,,,,,,,,,,,,,,0.8423153692614771,0.7719723400994944,0.7699476013258036,0.7703611681312049,,,,,,efficientnet_b0_cbam_weighted_v1+efficientnet_b0_cbam_oversampled_v1,1.0+0.0,,results/phase4/ensemble_validation_results.csv,csv_row:22,7fd6390aabe8cd14c3dbf62ed3d1495f266cc6c60d01543cd81952f6f5e6f8c8,,,,original,,,,historical_observed,not_selected_for_new_final_model,Imported from saved evidence; protocol mapped from audited producer/folder. Empty fields mean not recorded. Validation-selected; test not evaluated.
legacy:results/phase4/ensemble_validation_results.csv#csv_row:220,legacy,tabular_candidate,phase4,strict_lesion_disjoint,validation,data/splits/split_assignments.csv,db1ce9f8b83f176001dd89fd332fb1668c7d2ba5f58d77157d293a09e2c2e696,"weighted+oversampled+focal|all_tta|0.2,0.0,0.8",efficientnet_b0_cbam_weighted_v1+efficientnet_b0_cbam_oversampled_v1+efficientnet_b0_cbam_focal_v1,,,,,,,,,,,,,,,0.83166999334664,0.7481006450269593,0.7317533461239897,0.7368941333345337,,,,,,efficientnet_b0_cbam_weighted_v1+efficientnet_b0_cbam_oversampled_v1+efficientnet_b0_cbam_focal_v1,0.2+0.0+0.8,,results/phase4/ensemble_validation_results.csv,csv_row:220,7fd6390aabe8cd14c3dbf62ed3d1495f266cc6c60d01543cd81952f6f5e6f8c8,,,,original,,,,historical_observed,not_selected_for_new_final_model,Imported from saved evidence; protocol mapped from audited producer/folder. Empty fields mean not recorded. Validation-selected; test not evaluated.
legacy:results/phase4/ensemble_validation_results.csv#csv_row:221,legacy,tabular_candidate,phase4,strict_lesion_disjoint,validation,data/splits/split_assignments.csv,db1ce9f8b83f176001dd89fd332fb1668c7d2ba5f58d77157d293a09e2c2e696,"weighted+oversampled+focal|all_tta|0.2,0.1,0.7",efficientnet_b0_cbam_weighted_v1+efficientnet_b0_cbam_oversampled_v1+efficientnet_b0_cbam_focal_v1,,,,,,,,,,,,,,,0.844311377245509,0.7621369873100606,0.7349043323910814,0.745332894230093,,,,,,efficientnet_b0_cbam_weighted_v1+efficientnet_b0_cbam_oversampled_v1+efficientnet_b0_cbam_focal_v1,0.2+0.1+0.7,,results/phase4/ensemble_validation_results.csv,csv_row:221,7fd6390aabe8cd14c3dbf62ed3d1495f266cc6c60d01543cd81952f6f5e6f8c8,,,,original,,,,historical_observed,not_selected_for_new_final_model,Imported from saved evidence; protocol mapped from audited producer/folder. Empty fields mean not recorded. Validation-selected; test not evaluated.
legacy:results/phase4/ensemble_validation_results.csv#csv_row:222,legacy,tabular_candidate,phase4,strict_lesion_disjoint,validation,data/splits/split_assignments.csv,db1ce9f8b83f176001dd89fd332fb1668c7d2ba5f58d77157d293a09e2c2e696,"weighted+oversampled+focal|all_tta|0.2,0.2,0.6",efficientnet_b0_cbam_weighted_v1+efficientnet_b0_cbam_oversampled_v1+efficientnet_b0_cbam_focal_v1,,,,,,,,,,,,,,,0.8476380572188955,0.7608590082059888,0.7184134719491254,0.7366254263045696,,,,,,efficientnet_b0_cbam_weighted_v1+efficientnet_b0_cbam_oversampled_v1+efficientnet_b0_cbam_focal_v1,0.2+0.2+0.6,,results/phase4/ensemble_validation_results.csv,csv_row:222,7fd6390aabe8cd14c3dbf62ed3d1495f266cc6c60d01543cd81952f6f5e6f8c8,,,,original,,,,historical_observed,not_selected_for_new_final_model,Imported from saved evidence; protocol mapped from audited producer/folder. Empty fields mean not recorded. Validation-selected; test not evaluated.
legacy:results/phase4/ensemble_validation_results.csv#csv_row:223,legacy,tabular_candidate,phase4,strict_lesion_disjoint,validation,data/splits/split_assignments.csv,db1ce9f8b83f176001dd89fd332fb1668c7d2ba5f58d77157d293a09e2c2e696,"weighted+oversampled+focal|all_tta|0.2,0.3,0.5",efficientnet_b0_cbam_weighted_v1+efficientnet_b0_cbam_oversampled_v1+efficientnet_b0_cbam_focal_v1,,,,,,,,,,,,,,,0.8522954091816367,0.772671735777836,0.7182464698488008,0.7411589145300173,,,,,,efficientnet_b0_cbam_weighted_v1+efficientnet_b0_cbam_oversampled_v1+efficientnet_b0_cbam_focal_v1,0.2+0.3+0.5,,results/phase4/ensemble_validation_results.csv,csv_row:223,7fd6390aabe8cd14c3dbf62ed3d1495f266cc6c60d01543cd81952f6f5e6f8c8,,,,original,,,,historical_observed,not_selected_for_new_final_model,Imported from saved evidence; protocol mapped from audited producer/folder. Empty fields mean not recorded. Validation-selected; test not evaluated.
legacy:results/phase4/ensemble_validation_results.csv#csv_row:224,legacy,tabular_candidate,phase4,strict_lesion_disjoint,validation,data/splits/split_assignments.csv,db1ce9f8b83f176001dd89fd332fb1668c7d2ba5f58d77157d293a09e2c2e696,"weighted+oversampled+focal|all_tta|0.2,0.4,0.4",efficientnet_b0_cbam_weighted_v1+efficientnet_b0_cbam_oversampled_v1+efficientnet_b0_cbam_focal_v1,,,,,,,,,,,,,,,0.854956753160346,0.7685353939403222,0.7204011662812044,0.7411759142764874,,,,,,efficientnet_b0_cbam_weighted_v1+efficientnet_b0_cbam_oversampled_v1+efficientnet_b0_cbam_focal_v1,0.2+0.4+0.4,,results/phase4/ensemble_validation_results.csv,csv_row:224,7fd6390aabe8cd14c3dbf62ed3d1495f266cc6c60d01543cd81952f6f5e6f8c8,,,,original,,,,historical_observed,not_selected_for_new_final_model,Imported from saved evidence; protocol mapped from audited producer/folder. Empty fields mean not recorded. Validation-selected; test not evaluated.
legacy:results/phase4/ensemble_validation_results.csv#csv_row:225,legacy,tabular_candidate,phase4,strict_lesion_disjoint,validation,data/splits/split_assignments.csv,db1ce9f8b83f176001dd89fd332fb1668c7d2ba5f58d77157d293a09e2c2e696,"weighted+oversampled+focal|all_tta|0.2,0.5,0.3",efficientnet_b0_cbam_weighted_v1+efficientnet_b0_cbam_oversampled_v1+efficientnet_b0_cbam_focal_v1,,,,,,,,,,,,,,,0.8556220891550232,0.778937493272289,0.7161876020676404,0.7430506535477652,,,,,,efficientnet_b0_cbam_weighted_v1+efficientnet_b0_cbam_oversampled_v1+efficientnet_b0_cbam_focal_v1,0.2+0.5+0.3,,results/phase4/ensemble_validation_results.csv,csv_row:225,7fd6390aabe8cd14c3dbf62ed3d1495f266cc6c60d01543cd81952f6f5e6f8c8,,,,original,,,,historical_observed,not_selected_for_new_final_model,Imported from saved evidence; protocol mapped from audited producer/folder. Empty fields mean not recorded. Validation-selected; test not evaluated.
legacy:results/phase4/ensemble_validation_results.csv#csv_row:226,legacy,tabular_candidate,phase4,strict_lesion_disjoint,validation,data/splits/split_assignments.csv,db1ce9f8b83f176001dd89fd332fb1668c7d2ba5f58d77157d293a09e2c2e696,"weighted+oversampled+focal|all_tta|0.2,0.6,0.2",efficientnet_b0_cbam_weighted_v1+efficientnet_b0_cbam_oversampled_v1+efficientnet_b0_cbam_focal_v1,,,,,,,,,,,,,,,0.8556220891550232,0.7786641207404125,0.7073964596236131,0.7370876078219618,,,,,,efficientnet_b0_cbam_weighted_v1+efficientnet_b0_cbam_oversampled_v1+efficientnet_b0_cbam_focal_v1,0.2+0.6+0.2,,results/phase4/ensemble_validation_results.csv,csv_row:226,7fd6390aabe8cd14c3dbf62ed3d1495f266cc6c60d01543cd81952f6f5e6f8c8,,,,original,,,,historical_observed,not_selected_for_new_final_model,Imported from saved evidence; protocol mapped from audited producer/folder. Empty fields mean not recorded. Validation-selected; test not evaluated.
legacy:results/phase4/ensemble_validation_results.csv#csv_row:227,legacy,tabular_candidate,phase4,strict_lesion_disjoint,validation,data/splits/split_assignments.csv,db1ce9f8b83f176001dd89fd332fb1668c7d2ba5f58d77157d293a09e2c2e696,"weighted+oversampled+focal|all_tta|0.2,0.7,0.1",efficientnet_b0_cbam_weighted_v1+efficientnet_b0_cbam_oversampled_v1+efficientnet_b0_cbam_focal_v1,,,,,,,,,,,,,,,0.8562874251497006,0.7820930084790668,0.7011759064151081,0.7346149401636232,,,,,,efficientnet_b0_cbam_weighted_v1+efficientnet_b0_cbam_oversampled_v1+efficientnet_b0_cbam_focal_v1,0.2+0.7+0.1,,results/phase4/ensemble_validation_results.csv,csv_row:227,7fd6390aabe8cd14c3dbf62ed3d1495f266cc6c60d01543cd81952f6f5e6f8c8,,,,original,,,,historical_observed,not_selected_for_new_final_model,Imported from saved evidence; protocol mapped from audited producer/folder. Empty fields mean not recorded. Validation-selected; test not evaluated.
legacy:results/phase4/ensemble_validation_results.csv#csv_row:228,legacy,tabular_candidate,phase4,strict_lesion_disjoint,validation,data/splits/split_assignments.csv,db1ce9f8b83f176001dd89fd332fb1668c7d2ba5f58d77157d293a09e2c2e696,"weighted+oversampled+focal|all_tta|0.2,0.8,0.0",efficientnet_b0_cbam_weighted_v1+efficientnet_b0_cbam_oversampled_v1+efficientnet_b0_cbam_focal_v1,,,,,,,,,,,,,,,0.8576180971390552,0.7847939786610579,0.7081206326157276,0.7398508297313039,,,,,,efficientnet_b0_cbam_weighted_v1+efficientnet_b0_cbam_oversampled_v1+efficientnet_b0_cbam_focal_v1,0.2+0.8+0.0,,results/phase4/ensemble_validation_results.csv,csv_row:228,7fd6390aabe8cd14c3dbf62ed3d1495f266cc6c60d01543cd81952f6f5e6f8c8,,,,original,,,,historical_observed,not_selected_for_new_final_model,Imported from saved evidence; protocol mapped from audited producer/folder. Empty fields mean not recorded. Validation-selected; test not evaluated.
legacy:results/phase4/ensemble_validation_results.csv#csv_row:229,legacy,tabular_candidate,phase4,strict_lesion_disjoint,validation,data/splits/split_assignments.csv,db1ce9f8b83f176001dd89fd332fb1668c7d2ba5f58d77157d293a09e2c2e696,"weighted+oversampled+focal|all_tta|0.3,0.0,0.7",efficientnet_b0_cbam_weighted_v1+efficientnet_b0_cbam_oversampled_v1+efficientnet_b0_cbam_focal_v1,,,,,,,,,,,,,,,0.8369926813040586,0.7556449076357977,0.7470736992040153,0.7494451016632135,,,,,,efficientnet_b0_cbam_weighted_v1+efficientnet_b0_cbam_oversampled_v1+efficientnet_b0_cbam_focal_v1,0.3+0.0+0.7,,results/phase4/ensemble_validation_results.csv,csv_row:229,7fd6390aabe8cd14c3dbf62ed3d1495f266cc6c60d01543cd81952f6f5e6f8c8,,,,original,,,,historical_observed,not_selected_for_new_final_model,Imported from saved evidence; protocol mapped from audited producer/folder. Empty fields mean not recorded. Validation-selected; test not evaluated.
legacy:results/phase4/ensemble_validation_results.csv#csv_row:23,legacy,tabular_candidate,phase4,strict_lesion_disjoint,validation,data/splits/split_assignments.csv,db1ce9f8b83f176001dd89fd332fb1668c7d2ba5f58d77157d293a09e2c2e696,"weighted+oversampled|all_tta|0.0,1.0",efficientnet_b0_cbam_weighted_v1+efficientnet_b0_cbam_oversampled_v1,,,,,,,,,,,,,,,0.8576180971390552,0.780158177683805,0.6960621078549653,0.7296021576799175,,,,,,efficientnet_b0_cbam_weighted_v1+efficientnet_b0_cbam_oversampled_v1,0.0+1.0,,results/phase4/ensemble_validation_results.csv,csv_row:23,7fd6390aabe8cd14c3dbf62ed3d1495f266cc6c60d01543cd81952f6f5e6f8c8,,,,original,,,,historical_observed,not_selected_for_new_final_model,Imported from saved evidence; protocol mapped from audited producer/folder. Empty fields mean not recorded. Validation-selected; test not evaluated.
legacy:results/phase4/ensemble_validation_results.csv#csv_row:230,legacy,tabular_candidate,phase4,strict_lesion_disjoint,validation,data/splits/split_assignments.csv,db1ce9f8b83f176001dd89fd332fb1668c7d2ba5f58d77157d293a09e2c2e696,"weighted+oversampled+focal|all_tta|0.3,0.1,0.6",efficientnet_b0_cbam_weighted_v1+efficientnet_b0_cbam_oversampled_v1+efficientnet_b0_cbam_focal_v1,,,,,,,,,,,,,,,0.844311377245509,0.7601021004060178,0.7409803370901499,0.748668673029312,,,,,,efficientnet_b0_cbam_weighted_v1+efficientnet_b0_cbam_oversampled_v1+efficientnet_b0_cbam_focal_v1,0.3+0.1+0.6,,results/phase4/ensemble_validation_results.csv,csv_row:230,7fd6390aabe8cd14c3dbf62ed3d1495f266cc6c60d01543cd81952f6f5e6f8c8,,,,original,,,,historical_observed,not_selected_for_new_final_model,Imported from saved evidence; protocol mapped from audited producer/folder. Empty fields mean not recorded. Validation-selected; test not evaluated.
legacy:results/phase4/ensemble_validation_results.csv#csv_row:231,legacy,tabular_candidate,phase4,strict_lesion_disjoint,validation,data/splits/split_assignments.csv,db1ce9f8b83f176001dd89fd332fb1668c7d2ba5f58d77157d293a09e2c2e696,"weighted+oversampled+focal|all_tta|0.3,0.2,0.5",efficientnet_b0_cbam_weighted_v1+efficientnet_b0_cbam_oversampled_v1+efficientnet_b0_cbam_focal_v1,,,,,,,,,,,,,,,0.8469727212242182,0.7600212068061525,0.7267897654148822,0.7414554971128758,,,,,,efficientnet_b0_cbam_weighted_v1+efficientnet_b0_cbam_oversampled_v1+efficientnet_b0_cbam_focal_v1,0.3+0.2+0.5,,results/phase4/ensemble_validation_results.csv,csv_row:231,7fd6390aabe8cd14c3dbf62ed3d1495f266cc6c60d01543cd81952f6f5e6f8c8,,,,original,,,,historical_observed,not_selected_for_new_final_model,Imported from saved evidence; protocol mapped from audited producer/folder. Empty fields mean not recorded. Validation-selected; test not evaluated.
legacy:results/phase4/ensemble_validation_results.csv#csv_row:232,legacy,tabular_candidate,phase4,strict_lesion_disjoint,validation,data/splits/split_assignments.csv,db1ce9f8b83f176001dd89fd332fb1668c7d2ba5f58d77157d293a09e2c2e696,"weighted+oversampled+focal|all_tta|0.3,0.3,0.4",efficientnet_b0_cbam_weighted_v1+efficientnet_b0_cbam_oversampled_v1+efficientnet_b0_cbam_focal_v1,,,,,,,,,,,,,,,0.8522954091816367,0.7717259975036458,0.7267595527588753,0.7464126349457283,,,,,,efficientnet_b0_cbam_weighted_v1+efficientnet_b0_cbam_oversampled_v1+efficientnet_b0_cbam_focal_v1,0.3+0.3+0.4,,results/phase4/ensemble_validation_results.csv,csv_row:232,7fd6390aabe8cd14c3dbf62ed3d1495f266cc6c60d01543cd81952f6f5e6f8c8,,,,original,,,,historical_observed,not_selected_for_new_final_model,Imported from saved evidence; protocol mapped from audited producer/folder. Empty fields mean not recorded. Validation-selected; test not evaluated.
legacy:results/phase4/ensemble_validation_results.csv#csv_row:233,legacy,tabular_candidate,phase4,strict_lesion_disjoint,validation,data/splits/split_assignments.csv,db1ce9f8b83f176001dd89fd332fb1668c7d2ba5f58d77157d293a09e2c2e696,"weighted+oversampled+focal|all_tta|0.3,0.4,0.3",efficientnet_b0_cbam_weighted_v1+efficientnet_b0_cbam_oversampled_v1+efficientnet_b0_cbam_focal_v1,,,,,,,,,,,,,,,0.8522954091816367,0.7719298808047098,0.7191145657467176,0.7419287102281632,,,,,,efficientnet_b0_cbam_weighted_v1+efficientnet_b0_cbam_oversampled_v1+efficientnet_b0_cbam_focal_v1,0.3+0.4+0.3,,results/phase4/ensemble_validation_results.csv,csv_row:233,7fd6390aabe8cd14c3dbf62ed3d1495f266cc6c60d01543cd81952f6f5e6f8c8,,,,original,,,,historical_observed,not_selected_for_new_final_model,Imported from saved evidence; protocol mapped from audited producer/folder. Empty fields mean not recorded. Validation-selected; test not evaluated.
legacy:results/phase4/ensemble_validation_results.csv#csv_row:234,legacy,tabular_candidate,phase4,strict_lesion_disjoint,validation,data/splits/split_assignments.csv,db1ce9f8b83f176001dd89fd332fb1668c7d2ba5f58d77157d293a09e2c2e696,"weighted+oversampled+focal|all_tta|0.3,0.5,0.2",efficientnet_b0_cbam_weighted_v1+efficientnet_b0_cbam_oversampled_v1+efficientnet_b0_cbam_focal_v1,,,,,,,,,,,,,,,0.8556220891550232,0.7836331692889041,0.7169113978212572,0.7451502288068906,,,,,,efficientnet_b0_cbam_weighted_v1+efficientnet_b0_cbam_oversampled_v1+efficientnet_b0_cbam_focal_v1,0.3+0.5+0.2,,results/phase4/ensemble_validation_results.csv,csv_row:234,7fd6390aabe8cd14c3dbf62ed3d1495f266cc6c60d01543cd81952f6f5e6f8c8,,,,original,,,,historical_observed,not_selected_for_new_final_model,Imported from saved evidence; protocol mapped from audited producer/folder. Empty fields mean not recorded. Validation-selected; test not evaluated.
legacy:results/phase4/ensemble_validation_results.csv#csv_row:235,legacy,tabular_candidate,phase4,strict_lesion_disjoint,validation,data/splits/split_assignments.csv,db1ce9f8b83f176001dd89fd332fb1668c7d2ba5f58d77157d293a09e2c2e696,"weighted+oversampled+focal|all_tta|0.3,0.6,0.1",efficientnet_b0_cbam_weighted_v1+efficientnet_b0_cbam_oversampled_v1+efficientnet_b0_cbam_focal_v1,,,,,,,,,,,,,,,0.8556220891550232,0.7775043159272307,0.7078441330913419,0.7370912352963306,,,,,,efficientnet_b0_cbam_weighted_v1+efficientnet_b0_cbam_oversampled_v1+efficientnet_b0_cbam_focal_v1,0.3+0.6+0.1,,results/phase4/ensemble_validation_results.csv,csv_row:235,7fd6390aabe8cd14c3dbf62ed3d1495f266cc6c60d01543cd81952f6f5e6f8c8,,,,original,,,,historical_observed,not_selected_for_new_final_model,Imported from saved evidence; protocol mapped from audited producer/folder. Empty fields mean not recorded. Validation-selected; test not evaluated.
legacy:results/phase4/ensemble_validation_results.csv#csv_row:236,legacy,tabular_candidate,phase4,strict_lesion_disjoint,validation,data/splits/split_assignments.csv,db1ce9f8b83f176001dd89fd332fb1668c7d2ba5f58d77157d293a09e2c2e696,"weighted+oversampled+focal|all_tta|0.3,0.7,0.0",efficientnet_b0_cbam_weighted_v1+efficientnet_b0_cbam_oversampled_v1+efficientnet_b0_cbam_focal_v1,,,,,,,,,,,,,,,0.8556220891550232,0.7794634891952957,0.7088336197951141,0.7387561471355124,,,,,,efficientnet_b0_cbam_weighted_v1+efficientnet_b0_cbam_oversampled_v1+efficientnet_b0_cbam_focal_v1,0.3+0.7+0.0,,results/phase4/ensemble_validation_results.csv,csv_row:236,7fd6390aabe8cd14c3dbf62ed3d1495f266cc6c60d01543cd81952f6f5e6f8c8,,,,original,,,,historical_observed,not_selected_for_new_final_model,Imported from saved evidence; protocol mapped from audited producer/folder. Empty fields mean not recorded. Validation-selected; test not evaluated.
legacy:results/phase4/ensemble_validation_results.csv#csv_row:237,legacy,tabular_candidate,phase4,strict_lesion_disjoint,validation,data/splits/split_assignments.csv,db1ce9f8b83f176001dd89fd332fb1668c7d2ba5f58d77157d293a09e2c2e696,"weighted+oversampled+focal|all_tta|0.4,0.0,0.6",efficientnet_b0_cbam_weighted_v1+efficientnet_b0_cbam_oversampled_v1+efficientnet_b0_cbam_focal_v1,,,,,,,,,,,,,,,0.8383233532934131,0.7603355807304253,0.7578673499976663,0.7579762361817551,,,,,,efficientnet_b0_cbam_weighted_v1+efficientnet_b0_cbam_oversampled_v1+efficientnet_b0_cbam_focal_v1,0.4+0.0+0.6,,results/phase4/ensemble_validation_results.csv,csv_row:237,7fd6390aabe8cd14c3dbf62ed3d1495f266cc6c60d01543cd81952f6f5e6f8c8,,,,original,,,,historical_observed,not_selected_for_new_final_model,Imported from saved evidence; protocol mapped from audited producer/folder. Empty fields mean not recorded. Validation-selected; test not evaluated.
legacy:results/phase4/ensemble_validation_results.csv#csv_row:238,legacy,tabular_candidate,phase4,strict_lesion_disjoint,validation,data/splits/split_assignments.csv,db1ce9f8b83f176001dd89fd332fb1668c7d2ba5f58d77157d293a09e2c2e696,"weighted+oversampled+focal|all_tta|0.4,0.1,0.5",efficientnet_b0_cbam_weighted_v1+efficientnet_b0_cbam_oversampled_v1+efficientnet_b0_cbam_focal_v1,,,,,,,,,,,,,,,0.846307385229541,0.765045805948818,0.7558615712272772,0.7592485054694643,,,,,,efficientnet_b0_cbam_weighted_v1+efficientnet_b0_cbam_oversampled_v1+efficientnet_b0_cbam_focal_v1,0.4+0.1+0.5,,results/phase4/ensemble_validation_results.csv,csv_row:238,7fd6390aabe8cd14c3dbf62ed3d1495f266cc6c60d01543cd81952f6f5e6f8c8,,,,original,,,,historical_observed,not_selected_for_new_final_model,Imported from saved evidence; protocol mapped from audited producer/folder. Empty fields mean not recorded. Validation-selected; test not evaluated.
legacy:results/phase4/ensemble_validation_results.csv#csv_row:239,legacy,tabular_candidate,phase4,strict_lesion_disjoint,validation,data/splits/split_assignments.csv,db1ce9f8b83f176001dd89fd332fb1668c7d2ba5f58d77157d293a09e2c2e696,"weighted+oversampled+focal|all_tta|0.4,0.2,0.4",efficientnet_b0_cbam_weighted_v1+efficientnet_b0_cbam_oversampled_v1+efficientnet_b0_cbam_focal_v1,,,,,,,,,,,,,,,0.8483033932135728,0.7672690196309823,0.7432422768972148,0.7540600191677463,,,,,,efficientnet_b0_cbam_weighted_v1+efficientnet_b0_cbam_oversampled_v1+efficientnet_b0_cbam_focal_v1,0.4+0.2+0.4,,results/phase4/ensemble_validation_results.csv,csv_row:239,7fd6390aabe8cd14c3dbf62ed3d1495f266cc6c60d01543cd81952f6f5e6f8c8,,,,original,,,,historical_observed,not_selected_for_new_final_model,Imported from saved evidence; protocol mapped from audited producer/folder. Empty fields mean not recorded. Validation-selected; test not evaluated.
legacy:results/phase4/ensemble_validation_results.csv#csv_row:24,legacy,tabular_candidate,phase4,strict_lesion_disjoint,validation,data/splits/split_assignments.csv,db1ce9f8b83f176001dd89fd332fb1668c7d2ba5f58d77157d293a09e2c2e696,"weighted+oversampled|all_tta|0.1,0.9",efficientnet_b0_cbam_weighted_v1+efficientnet_b0_cbam_oversampled_v1,,,,,,,,,,,,,,,0.8562874251497006,0.7830148859245974,0.6953356398307345,0.7304202464829633,,,,,,efficientnet_b0_cbam_weighted_v1+efficientnet_b0_cbam_oversampled_v1,0.1+0.9,,results/phase4/ensemble_validation_results.csv,csv_row:24,7fd6390aabe8cd14c3dbf62ed3d1495f266cc6c60d01543cd81952f6f5e6f8c8,,,,original,,,,historical_observed,not_selected_for_new_final_model,Imported from saved evidence; protocol mapped from audited producer/folder. Empty fields mean not recorded. Validation-selected; test not evaluated.
legacy:results/phase4/ensemble_validation_results.csv#csv_row:240,legacy,tabular_candidate,phase4,strict_lesion_disjoint,validation,data/splits/split_assignments.csv,db1ce9f8b83f176001dd89fd332fb1668c7d2ba5f58d77157d293a09e2c2e696,"weighted+oversampled+focal|all_tta|0.4,0.3,0.3",efficientnet_b0_cbam_weighted_v1+efficientnet_b0_cbam_oversampled_v1+efficientnet_b0_cbam_focal_v1,,,,,,,,,,,,,,,0.8483033932135728,0.7686066000380604,0.7319887424527057,0.7483172358452216,,,,,,efficientnet_b0_cbam_weighted_v1+efficientnet_b0_cbam_oversampled_v1+efficientnet_b0_cbam_focal_v1,0.4+0.3+0.3,,results/phase4/ensemble_validation_results.csv,csv_row:240,7fd6390aabe8cd14c3dbf62ed3d1495f266cc6c60d01543cd81952f6f5e6f8c8,,,,original,,,,historical_observed,not_selected_for_new_final_model,Imported from saved evidence; protocol mapped from audited producer/folder. Empty fields mean not recorded. Validation-selected; test not evaluated.
legacy:results/phase4/ensemble_validation_results.csv#csv_row:241,legacy,tabular_candidate,phase4,strict_lesion_disjoint,validation,data/splits/split_assignments.csv,db1ce9f8b83f176001dd89fd332fb1668c7d2ba5f58d77157d293a09e2c2e696,"weighted+oversampled+focal|all_tta|0.4,0.4,0.2",efficientnet_b0_cbam_weighted_v1+efficientnet_b0_cbam_oversampled_v1+efficientnet_b0_cbam_focal_v1,,,,,,,,,,,,,,,0.8522954091816367,0.7732427663682093,0.7198383615003345,0.7430121806907767,,,,,,efficientnet_b0_cbam_weighted_v1+efficientnet_b0_cbam_oversampled_v1+efficientnet_b0_cbam_focal_v1,0.4+0.4+0.2,,results/phase4/ensemble_validation_results.csv,csv_row:241,7fd6390aabe8cd14c3dbf62ed3d1495f266cc6c60d01543cd81952f6f5e6f8c8,,,,original,,,,historical_observed,not_selected_for_new_final_model,Imported from saved evidence; protocol mapped from audited producer/folder. Empty fields mean not recorded. Validation-selected; test not evaluated.
legacy:results/phase4/ensemble_validation_results.csv#csv_row:242,legacy,tabular_candidate,phase4,strict_lesion_disjoint,validation,data/splits/split_assignments.csv,db1ce9f8b83f176001dd89fd332fb1668c7d2ba5f58d77157d293a09e2c2e696,"weighted+oversampled+focal|all_tta|0.4,0.5,0.1",efficientnet_b0_cbam_weighted_v1+efficientnet_b0_cbam_oversampled_v1+efficientnet_b0_cbam_focal_v1,,,,,,,,,,,,,,,0.8542914171656687,0.7819035454084693,0.7159088075111385,0.7437963973157987,,,,,,efficientnet_b0_cbam_weighted_v1+efficientnet_b0_cbam_oversampled_v1+efficientnet_b0_cbam_focal_v1,0.4+0.5+0.1,,results/phase4/ensemble_validation_results.csv,csv_row:242,7fd6390aabe8cd14c3dbf62ed3d1495f266cc6c60d01543cd81952f6f5e6f8c8,,,,original,,,,historical_observed,not_selected_for_new_final_model,Imported from saved evidence; protocol mapped from audited producer/folder. Empty fields mean not recorded. Validation-selected; test not evaluated.
legacy:results/phase4/ensemble_validation_results.csv#csv_row:243,legacy,tabular_candidate,phase4,strict_lesion_disjoint,validation,data/splits/split_assignments.csv,db1ce9f8b83f176001dd89fd332fb1668c7d2ba5f58d77157d293a09e2c2e696,"weighted+oversampled+focal|all_tta|0.4,0.6,0.0",efficientnet_b0_cbam_weighted_v1+efficientnet_b0_cbam_oversampled_v1+efficientnet_b0_cbam_focal_v1,,,,,,,,,,,,,,,0.854956753160346,0.7825716682514322,0.7096934699704995,0.7399567001466084,,,,,,efficientnet_b0_cbam_weighted_v1+efficientnet_b0_cbam_oversampled_v1+efficientnet_b0_cbam_focal_v1,0.4+0.6+0.0,,results/phase4/ensemble_validation_results.csv,csv_row:243,7fd6390aabe8cd14c3dbf62ed3d1495f266cc6c60d01543cd81952f6f5e6f8c8,,,,original,,,,historical_observed,not_selected_for_new_final_model,Imported from saved evidence; protocol mapped from audited producer/folder. Empty fields mean not recorded. Validation-selected; test not evaluated.
legacy:results/phase4/ensemble_validation_results.csv#csv_row:244,legacy,tabular_candidate,phase4,strict_lesion_disjoint,validation,data/splits/split_assignments.csv,db1ce9f8b83f176001dd89fd332fb1668c7d2ba5f58d77157d293a09e2c2e696,"weighted+oversampled+focal|all_tta|0.5,0.0,0.5",efficientnet_b0_cbam_weighted_v1+efficientnet_b0_cbam_oversampled_v1+efficientnet_b0_cbam_focal_v1,,,,,,,,,,,,,,,0.8376580172987359,0.7603261841451487,0.7577201292176159,0.757990689394048,,,,,,efficientnet_b0_cbam_weighted_v1+efficientnet_b0_cbam_oversampled_v1+efficientnet_b0_cbam_focal_v1,0.5+0.0+0.5,,results/phase4/ensemble_validation_results.csv,csv_row:244,7fd6390aabe8cd14c3dbf62ed3d1495f266cc6c60d01543cd81952f6f5e6f8c8,,,,original,,,,historical_observed,not_selected_for_new_final_model,Imported from saved evidence; protocol mapped from audited producer/folder. Empty fields mean not recorded. Validation-selected; test not evaluated.
legacy:results/phase4/ensemble_validation_results.csv#csv_row:245,legacy,tabular_candidate,phase4,strict_lesion_disjoint,validation,data/splits/split_assignments.csv,db1ce9f8b83f176001dd89fd332fb1668c7d2ba5f58d77157d293a09e2c2e696,"weighted+oversampled+focal|all_tta|0.5,0.1,0.4",efficientnet_b0_cbam_weighted_v1+efficientnet_b0_cbam_oversampled_v1+efficientnet_b0_cbam_focal_v1,,,,,,,,,,,,,,,0.846307385229541,0.7672421755321499,0.756585366980894,0.7607566772969658,,,,,,efficientnet_b0_cbam_weighted_v1+efficientnet_b0_cbam_oversampled_v1+efficientnet_b0_cbam_focal_v1,0.5+0.1+0.4,,results/phase4/ensemble_validation_results.csv,csv_row:245,7fd6390aabe8cd14c3dbf62ed3d1495f266cc6c60d01543cd81952f6f5e6f8c8,,,,original,,,,historical_observed,not_selected_for_new_final_model,Imported from saved evidence; protocol mapped from audited producer/folder. Empty fields mean not recorded. Validation-selected; test not evaluated.
legacy:results/phase4/ensemble_validation_results.csv#csv_row:246,legacy,tabular_candidate,phase4,strict_lesion_disjoint,validation,data/splits/split_assignments.csv,db1ce9f8b83f176001dd89fd332fb1668c7d2ba5f58d77157d293a09e2c2e696,"weighted+oversampled+focal|all_tta|0.5,0.2,0.3",efficientnet_b0_cbam_weighted_v1+efficientnet_b0_cbam_oversampled_v1+efficientnet_b0_cbam_focal_v1,,,,,,,,,,,,,,,0.846307385229541,0.7627451549398963,0.7470451149937742,0.753786108128178,,,,,,efficientnet_b0_cbam_weighted_v1+efficientnet_b0_cbam_oversampled_v1+efficientnet_b0_cbam_focal_v1,0.5+0.2+0.3,,results/phase4/ensemble_validation_results.csv,csv_row:246,7fd6390aabe8cd14c3dbf62ed3d1495f266cc6c60d01543cd81952f6f5e6f8c8,,,,original,,,,historical_observed,not_selected_for_new_final_model,Imported from saved evidence; protocol mapped from audited producer/folder. Empty fields mean not recorded. Validation-selected; test not evaluated.
legacy:results/phase4/ensemble_validation_results.csv#csv_row:247,legacy,tabular_candidate,phase4,strict_lesion_disjoint,validation,data/splits/split_assignments.csv,db1ce9f8b83f176001dd89fd332fb1668c7d2ba5f58d77157d293a09e2c2e696,"weighted+oversampled+focal|all_tta|0.5,0.3,0.2",efficientnet_b0_cbam_weighted_v1+efficientnet_b0_cbam_oversampled_v1+efficientnet_b0_cbam_focal_v1,,,,,,,,,,,,,,,0.8483033932135728,0.7684543492747798,0.7327125382063225,0.7486814208823721,,,,,,efficientnet_b0_cbam_weighted_v1+efficientnet_b0_cbam_oversampled_v1+efficientnet_b0_cbam_focal_v1,0.5+0.3+0.2,,results/phase4/ensemble_validation_results.csv,csv_row:247,7fd6390aabe8cd14c3dbf62ed3d1495f266cc6c60d01543cd81952f6f5e6f8c8,,,,original,,,,historical_observed,not_selected_for_new_final_model,Imported from saved evidence; protocol mapped from audited producer/folder. Empty fields mean not recorded. Validation-selected; test not evaluated.
legacy:results/phase4/ensemble_validation_results.csv#csv_row:248,legacy,tabular_candidate,phase4,strict_lesion_disjoint,validation,data/splits/split_assignments.csv,db1ce9f8b83f176001dd89fd332fb1668c7d2ba5f58d77157d293a09e2c2e696,"weighted+oversampled+focal|all_tta|0.5,0.4,0.1",efficientnet_b0_cbam_weighted_v1+efficientnet_b0_cbam_oversampled_v1+efficientnet_b0_cbam_focal_v1,,,,,,,,,,,,,,,0.8516300731869594,0.7716155422545207,0.7257671454193526,0.7461097545889517,,,,,,efficientnet_b0_cbam_weighted_v1+efficientnet_b0_cbam_oversampled_v1+efficientnet_b0_cbam_focal_v1,0.5+0.4+0.1,,results/phase4/ensemble_validation_results.csv,csv_row:248,7fd6390aabe8cd14c3dbf62ed3d1495f266cc6c60d01543cd81952f6f5e6f8c8,,,,original,,,,historical_observed,not_selected_for_new_final_model,Imported from saved evidence; protocol mapped from audited producer/folder. Empty fields mean not recorded. Validation-selected; test not evaluated.
legacy:results/phase4/ensemble_validation_results.csv#csv_row:249,legacy,tabular_candidate,phase4,strict_lesion_disjoint,validation,data/splits/split_assignments.csv,db1ce9f8b83f176001dd89fd332fb1668c7d2ba5f58d77157d293a09e2c2e696,"weighted+oversampled+focal|all_tta|0.5,0.5,0.0",efficientnet_b0_cbam_weighted_v1+efficientnet_b0_cbam_oversampled_v1+efficientnet_b0_cbam_focal_v1,,,,,,,,,,,,,,,0.8562874251497006,0.7846414381851065,0.7319238284963383,0.7545094204426246,,,,,,efficientnet_b0_cbam_weighted_v1+efficientnet_b0_cbam_oversampled_v1+efficientnet_b0_cbam_focal_v1,0.5+0.5+0.0,,results/phase4/ensemble_validation_results.csv,csv_row:249,7fd6390aabe8cd14c3dbf62ed3d1495f266cc6c60d01543cd81952f6f5e6f8c8,,,,original,,,,historical_observed,not_selected_for_new_final_model,Imported from saved evidence; protocol mapped from audited producer/folder. Empty fields mean not recorded. Validation-selected; test not evaluated.
legacy:results/phase4/ensemble_validation_results.csv#csv_row:25,legacy,tabular_candidate,phase4,strict_lesion_disjoint,validation,data/splits/split_assignments.csv,db1ce9f8b83f176001dd89fd332fb1668c7d2ba5f58d77157d293a09e2c2e696,"weighted+oversampled|all_tta|0.2,0.8",efficientnet_b0_cbam_weighted_v1+efficientnet_b0_cbam_oversampled_v1,,,,,,,,,,,,,,,0.8576180971390552,0.7847939786610579,0.7081206326157276,0.7398508297313039,,,,,,efficientnet_b0_cbam_weighted_v1+efficientnet_b0_cbam_oversampled_v1,0.2+0.8,,results/phase4/ensemble_validation_results.csv,csv_row:25,7fd6390aabe8cd14c3dbf62ed3d1495f266cc6c60d01543cd81952f6f5e6f8c8,,,,original,,,,historical_observed,not_selected_for_new_final_model,Imported from saved evidence; protocol mapped from audited producer/folder. Empty fields mean not recorded. Validation-selected; test not evaluated.
legacy:results/phase4/ensemble_validation_results.csv#csv_row:250,legacy,tabular_candidate,phase4,strict_lesion_disjoint,validation,data/splits/split_assignments.csv,db1ce9f8b83f176001dd89fd332fb1668c7d2ba5f58d77157d293a09e2c2e696,"weighted+oversampled+focal|all_tta|0.6,0.0,0.4",efficientnet_b0_cbam_weighted_v1+efficientnet_b0_cbam_oversampled_v1+efficientnet_b0_cbam_focal_v1,,,,,,,,,,,,,,,0.8396540252827678,0.7636255416774637,0.7608612822991269,0.7613009194880886,,,,,,efficientnet_b0_cbam_weighted_v1+efficientnet_b0_cbam_oversampled_v1+efficientnet_b0_cbam_focal_v1,0.6+0.0+0.4,,results/phase4/ensemble_validation_results.csv,csv_row:250,7fd6390aabe8cd14c3dbf62ed3d1495f266cc6c60d01543cd81952f6f5e6f8c8,,,,original,,,,historical_observed,not_selected_for_new_final_model,Imported from saved evidence; protocol mapped from audited producer/folder. Empty fields mean not recorded. Validation-selected; test not evaluated.
legacy:results/phase4/ensemble_validation_results.csv#csv_row:251,legacy,tabular_candidate,phase4,strict_lesion_disjoint,validation,data/splits/split_assignments.csv,db1ce9f8b83f176001dd89fd332fb1668c7d2ba5f58d77157d293a09e2c2e696,"weighted+oversampled+focal|all_tta|0.6,0.1,0.3",efficientnet_b0_cbam_weighted_v1+efficientnet_b0_cbam_oversampled_v1+efficientnet_b0_cbam_focal_v1,,,,,,,,,,,,,,,0.844311377245509,0.7619178781138534,0.7547221914728407,0.7572742195857499,,,,,,efficientnet_b0_cbam_weighted_v1+efficientnet_b0_cbam_oversampled_v1+efficientnet_b0_cbam_focal_v1,0.6+0.1+0.3,,results/phase4/ensemble_validation_results.csv,csv_row:251,7fd6390aabe8cd14c3dbf62ed3d1495f266cc6c60d01543cd81952f6f5e6f8c8,,,,original,,,,historical_observed,not_selected_for_new_final_model,Imported from saved evidence; protocol mapped from audited producer/folder. Empty fields mean not recorded. Validation-selected; test not evaluated.
legacy:results/phase4/ensemble_validation_results.csv#csv_row:252,legacy,tabular_candidate,phase4,strict_lesion_disjoint,validation,data/splits/split_assignments.csv,db1ce9f8b83f176001dd89fd332fb1668c7d2ba5f58d77157d293a09e2c2e696,"weighted+oversampled+focal|all_tta|0.6,0.2,0.2",efficientnet_b0_cbam_weighted_v1+efficientnet_b0_cbam_oversampled_v1+efficientnet_b0_cbam_focal_v1,,,,,,,,,,,,,,,0.8456420492348636,0.7624194889807475,0.7461845297958396,0.7531695893036675,,,,,,efficientnet_b0_cbam_weighted_v1+efficientnet_b0_cbam_oversampled_v1+efficientnet_b0_cbam_focal_v1,0.6+0.2+0.2,,results/phase4/ensemble_validation_results.csv,csv_row:252,7fd6390aabe8cd14c3dbf62ed3d1495f266cc6c60d01543cd81952f6f5e6f8c8,,,,original,,,,historical_observed,not_selected_for_new_final_model,Imported from saved evidence; protocol mapped from audited producer/folder. Empty fields mean not recorded. Validation-selected; test not evaluated.
legacy:results/phase4/ensemble_validation_results.csv#csv_row:253,legacy,tabular_candidate,phase4,strict_lesion_disjoint,validation,data/splits/split_assignments.csv,db1ce9f8b83f176001dd89fd332fb1668c7d2ba5f58d77157d293a09e2c2e696,"weighted+oversampled+focal|all_tta|0.6,0.3,0.1",efficientnet_b0_cbam_weighted_v1+efficientnet_b0_cbam_oversampled_v1+efficientnet_b0_cbam_focal_v1,,,,,,,,,,,,,,,0.8489687292082502,0.770921069340042,0.7395152592947579,0.7536715122651146,,,,,,efficientnet_b0_cbam_weighted_v1+efficientnet_b0_cbam_oversampled_v1+efficientnet_b0_cbam_focal_v1,0.6+0.3+0.1,,results/phase4/ensemble_validation_results.csv,csv_row:253,7fd6390aabe8cd14c3dbf62ed3d1495f266cc6c60d01543cd81952f6f5e6f8c8,,,,original,,,,historical_observed,not_selected_for_new_final_model,Imported from saved evidence; protocol mapped from audited producer/folder. Empty fields mean not recorded. Validation-selected; test not evaluated.
legacy:results/phase4/ensemble_validation_results.csv#csv_row:254,legacy,tabular_candidate,phase4,strict_lesion_disjoint,validation,data/splits/split_assignments.csv,db1ce9f8b83f176001dd89fd332fb1668c7d2ba5f58d77157d293a09e2c2e696,"weighted+oversampled+focal|all_tta|0.6,0.4,0.0",efficientnet_b0_cbam_weighted_v1+efficientnet_b0_cbam_oversampled_v1+efficientnet_b0_cbam_focal_v1,,,,,,,,,,,,,,,0.850964737192282,0.771836593652572,0.7263489360607854,0.7466456000236263,,,,,,efficientnet_b0_cbam_weighted_v1+efficientnet_b0_cbam_oversampled_v1+efficientnet_b0_cbam_focal_v1,0.6+0.4+0.0,,results/phase4/ensemble_validation_results.csv,csv_row:254,7fd6390aabe8cd14c3dbf62ed3d1495f266cc6c60d01543cd81952f6f5e6f8c8,,,,original,,,,historical_observed,not_selected_for_new_final_model,Imported from saved evidence; protocol mapped from audited producer/folder. Empty fields mean not recorded. Validation-selected; test not evaluated.
legacy:results/phase4/ensemble_validation_results.csv#csv_row:255,legacy,tabular_candidate,phase4,strict_lesion_disjoint,validation,data/splits/split_assignments.csv,db1ce9f8b83f176001dd89fd332fb1668c7d2ba5f58d77157d293a09e2c2e696,"weighted+oversampled+focal|all_tta|0.7,0.0,0.3",efficientnet_b0_cbam_weighted_v1+efficientnet_b0_cbam_oversampled_v1+efficientnet_b0_cbam_focal_v1,,,,,,,,,,,,,,,0.8403193612774451,0.7637992924974037,0.7602847073255603,0.7611528949084628,,,,,,efficientnet_b0_cbam_weighted_v1+efficientnet_b0_cbam_oversampled_v1+efficientnet_b0_cbam_focal_v1,0.7+0.0+0.3,,results/phase4/ensemble_validation_results.csv,csv_row:255,7fd6390aabe8cd14c3dbf62ed3d1495f266cc6c60d01543cd81952f6f5e6f8c8,,,,original,,,,historical_observed,not_selected_for_new_final_model,Imported from saved evidence; protocol mapped from audited producer/folder. Empty fields mean not recorded. Validation-selected; test not evaluated.
legacy:results/phase4/ensemble_validation_results.csv#csv_row:256,legacy,tabular_candidate,phase4,strict_lesion_disjoint,validation,data/splits/split_assignments.csv,db1ce9f8b83f176001dd89fd332fb1668c7d2ba5f58d77157d293a09e2c2e696,"weighted+oversampled+focal|all_tta|0.7,0.1,0.2",efficientnet_b0_cbam_weighted_v1+efficientnet_b0_cbam_oversampled_v1+efficientnet_b0_cbam_focal_v1,,,,,,,,,,,,,,,0.8436460412508316,0.7615987127274607,0.7545801863606567,0.7570547800644523,,,,,,efficientnet_b0_cbam_weighted_v1+efficientnet_b0_cbam_oversampled_v1+efficientnet_b0_cbam_focal_v1,0.7+0.1+0.2,,results/phase4/ensemble_validation_results.csv,csv_row:256,7fd6390aabe8cd14c3dbf62ed3d1495f266cc6c60d01543cd81952f6f5e6f8c8,,,,original,,,,historical_observed,not_selected_for_new_final_model,Imported from saved evidence; protocol mapped from audited producer/folder. Empty fields mean not recorded. Validation-selected; test not evaluated.
legacy:results/phase4/ensemble_validation_results.csv#csv_row:257,legacy,tabular_candidate,phase4,strict_lesion_disjoint,validation,data/splits/split_assignments.csv,db1ce9f8b83f176001dd89fd332fb1668c7d2ba5f58d77157d293a09e2c2e696,"weighted+oversampled+focal|all_tta|0.7,0.2,0.1",efficientnet_b0_cbam_weighted_v1+efficientnet_b0_cbam_oversampled_v1+efficientnet_b0_cbam_focal_v1,,,,,,,,,,,,,,,0.844311377245509,0.7607500854301497,0.745181939485721,0.7518595090861943,,,,,,efficientnet_b0_cbam_weighted_v1+efficientnet_b0_cbam_oversampled_v1+efficientnet_b0_cbam_focal_v1,0.7+0.2+0.1,,results/phase4/ensemble_validation_results.csv,csv_row:257,7fd6390aabe8cd14c3dbf62ed3d1495f266cc6c60d01543cd81952f6f5e6f8c8,,,,original,,,,historical_observed,not_selected_for_new_final_model,Imported from saved evidence; protocol mapped from audited producer/folder. Empty fields mean not recorded. Validation-selected; test not evaluated.
legacy:results/phase4/ensemble_validation_results.csv#csv_row:258,legacy,tabular_candidate,phase4,strict_lesion_disjoint,validation,data/splits/split_assignments.csv,db1ce9f8b83f176001dd89fd332fb1668c7d2ba5f58d77157d293a09e2c2e696,"weighted+oversampled+focal|all_tta|0.7,0.3,0.0",efficientnet_b0_cbam_weighted_v1+efficientnet_b0_cbam_oversampled_v1+efficientnet_b0_cbam_focal_v1,,,,,,,,,,,,,,,0.8496340652029275,0.7710592984710988,0.7480312628405824,0.7581965711785971,,,,,,efficientnet_b0_cbam_weighted_v1+efficientnet_b0_cbam_oversampled_v1+efficientnet_b0_cbam_focal_v1,0.7+0.3+0.0,,results/phase4/ensemble_validation_results.csv,csv_row:258,7fd6390aabe8cd14c3dbf62ed3d1495f266cc6c60d01543cd81952f6f5e6f8c8,,,,original,,,,historical_observed,not_selected_for_new_final_model,Imported from saved evidence; protocol mapped from audited producer/folder. Empty fields mean not recorded. Validation-selected; test not evaluated.
legacy:results/phase4/ensemble_validation_results.csv#csv_row:259,legacy,tabular_candidate,phase4,strict_lesion_disjoint,validation,data/splits/split_assignments.csv,db1ce9f8b83f176001dd89fd332fb1668c7d2ba5f58d77157d293a09e2c2e696,"weighted+oversampled+focal|all_tta|0.8,0.0,0.2",efficientnet_b0_cbam_weighted_v1+efficientnet_b0_cbam_oversampled_v1+efficientnet_b0_cbam_focal_v1,,,,,,,,,,,,,,,0.8416500332667998,0.7718122589784124,0.7690818004600029,0.769837214284092,,,,,,efficientnet_b0_cbam_weighted_v1+efficientnet_b0_cbam_oversampled_v1+efficientnet_b0_cbam_focal_v1,0.8+0.0+0.2,,results/phase4/ensemble_validation_results.csv,csv_row:259,7fd6390aabe8cd14c3dbf62ed3d1495f266cc6c60d01543cd81952f6f5e6f8c8,,,,original,,,,historical_observed,not_selected_for_new_final_model,Imported from saved evidence; protocol mapped from audited producer/folder. Empty fields mean not recorded. Validation-selected; test not evaluated.
legacy:results/phase4/ensemble_validation_results.csv#csv_row:26,legacy,tabular_candidate,phase4,strict_lesion_disjoint,validation,data/splits/split_assignments.csv,db1ce9f8b83f176001dd89fd332fb1668c7d2ba5f58d77157d293a09e2c2e696,"weighted+oversampled|all_tta|0.3,0.7",efficientnet_b0_cbam_weighted_v1+efficientnet_b0_cbam_oversampled_v1,,,,,,,,,,,,,,,0.8556220891550232,0.7794634891952957,0.7088336197951141,0.7387561471355124,,,,,,efficientnet_b0_cbam_weighted_v1+efficientnet_b0_cbam_oversampled_v1,0.3+0.7,,results/phase4/ensemble_validation_results.csv,csv_row:26,7fd6390aabe8cd14c3dbf62ed3d1495f266cc6c60d01543cd81952f6f5e6f8c8,,,,original,,,,historical_observed,not_selected_for_new_final_model,Imported from saved evidence; protocol mapped from audited producer/folder. Empty fields mean not recorded. Validation-selected; test not evaluated.
legacy:results/phase4/ensemble_validation_results.csv#csv_row:260,legacy,tabular_candidate,phase4,strict_lesion_disjoint,validation,data/splits/split_assignments.csv,db1ce9f8b83f176001dd89fd332fb1668c7d2ba5f58d77157d293a09e2c2e696,"weighted+oversampled+focal|all_tta|0.8,0.1,0.1",efficientnet_b0_cbam_weighted_v1+efficientnet_b0_cbam_oversampled_v1+efficientnet_b0_cbam_focal_v1,,,,,,,,,,,,,,,0.8436460412508316,0.7676908066782938,0.7650898269299394,0.7657906612193086,,,,,,efficientnet_b0_cbam_weighted_v1+efficientnet_b0_cbam_oversampled_v1+efficientnet_b0_cbam_focal_v1,0.8+0.1+0.1,,results/phase4/ensemble_validation_results.csv,csv_row:260,7fd6390aabe8cd14c3dbf62ed3d1495f266cc6c60d01543cd81952f6f5e6f8c8,,,,original,,,,historical_observed,not_selected_for_new_final_model,Imported from saved evidence; protocol mapped from audited producer/folder. Empty fields mean not recorded. Validation-selected; test not evaluated.
legacy:results/phase4/ensemble_validation_results.csv#csv_row:261,legacy,tabular_candidate,phase4,strict_lesion_disjoint,validation,data/splits/split_assignments.csv,db1ce9f8b83f176001dd89fd332fb1668c7d2ba5f58d77157d293a09e2c2e696,"weighted+oversampled+focal|all_tta|0.8,0.2,0.0",efficientnet_b0_cbam_weighted_v1+efficientnet_b0_cbam_oversampled_v1+efficientnet_b0_cbam_focal_v1,,,,,,,,,,,,,,,0.8449767132401863,0.7674739910432463,0.7597791633984803,0.7628740046501098,,,,,,efficientnet_b0_cbam_weighted_v1+efficientnet_b0_cbam_oversampled_v1+efficientnet_b0_cbam_focal_v1,0.8+0.2+0.0,,results/phase4/ensemble_validation_results.csv,csv_row:261,7fd6390aabe8cd14c3dbf62ed3d1495f266cc6c60d01543cd81952f6f5e6f8c8,,,,original,,,,historical_observed,not_selected_for_new_final_model,Imported from saved evidence; protocol mapped from audited producer/folder. Empty fields mean not recorded. Validation-selected; test not evaluated.
legacy:results/phase4/ensemble_validation_results.csv#csv_row:262,legacy,tabular_candidate,phase4,strict_lesion_disjoint,validation,data/splits/split_assignments.csv,db1ce9f8b83f176001dd89fd332fb1668c7d2ba5f58d77157d293a09e2c2e696,"weighted+oversampled+focal|all_tta|0.9,0.0,0.1",efficientnet_b0_cbam_weighted_v1+efficientnet_b0_cbam_oversampled_v1+efficientnet_b0_cbam_focal_v1,,,,,,,,,,,,,,,0.8423153692614771,0.77269957042473,0.7699476013258036,0.7707136384733998,,,,,,efficientnet_b0_cbam_weighted_v1+efficientnet_b0_cbam_oversampled_v1+efficientnet_b0_cbam_focal_v1,0.9+0.0+0.1,,results/phase4/ensemble_validation_results.csv,csv_row:262,7fd6390aabe8cd14c3dbf62ed3d1495f266cc6c60d01543cd81952f6f5e6f8c8,,,,original,,,,historical_observed,not_selected_for_new_final_model,Imported from saved evidence; protocol mapped from audited producer/folder. Empty fields mean not recorded. Validation-selected; test not evaluated.
legacy:results/phase4/ensemble_validation_results.csv#csv_row:263,legacy,tabular_candidate,phase4,strict_lesion_disjoint,validation,data/splits/split_assignments.csv,db1ce9f8b83f176001dd89fd332fb1668c7d2ba5f58d77157d293a09e2c2e696,"weighted+oversampled+focal|all_tta|0.9,0.1,0.0",efficientnet_b0_cbam_weighted_v1+efficientnet_b0_cbam_oversampled_v1+efficientnet_b0_cbam_focal_v1,,,,,,,,,,,,,,,0.8436460412508316,0.7676908066782938,0.7650898269299394,0.7657906612193086,,,,,,efficientnet_b0_cbam_weighted_v1+efficientnet_b0_cbam_oversampled_v1+efficientnet_b0_cbam_focal_v1,0.9+0.1+0.0,,results/phase4/ensemble_validation_results.csv,csv_row:263,7fd6390aabe8cd14c3dbf62ed3d1495f266cc6c60d01543cd81952f6f5e6f8c8,,,,original,,,,historical_observed,not_selected_for_new_final_model,Imported from saved evidence; protocol mapped from audited producer/folder. Empty fields mean not recorded. Validation-selected; test not evaluated.
legacy:results/phase4/ensemble_validation_results.csv#csv_row:264,legacy,tabular_candidate,phase4,strict_lesion_disjoint,validation,data/splits/split_assignments.csv,db1ce9f8b83f176001dd89fd332fb1668c7d2ba5f58d77157d293a09e2c2e696,"weighted+oversampled+focal|all_tta|1.0,0.0,0.0",efficientnet_b0_cbam_weighted_v1+efficientnet_b0_cbam_oversampled_v1+efficientnet_b0_cbam_focal_v1,,,,,,,,,,,,,,,0.8423153692614771,0.7719723400994944,0.7699476013258036,0.7703611681312049,,,,,,efficientnet_b0_cbam_weighted_v1+efficientnet_b0_cbam_oversampled_v1+efficientnet_b0_cbam_focal_v1,1.0+0.0+0.0,,results/phase4/ensemble_validation_results.csv,csv_row:264,7fd6390aabe8cd14c3dbf62ed3d1495f266cc6c60d01543cd81952f6f5e6f8c8,,,,original,,,,historical_observed,not_selected_for_new_final_model,Imported from saved evidence; protocol mapped from audited producer/folder. Empty fields mean not recorded. Validation-selected; test not evaluated.
legacy:results/phase4/ensemble_validation_results.csv#csv_row:27,legacy,tabular_candidate,phase4,strict_lesion_disjoint,validation,data/splits/split_assignments.csv,db1ce9f8b83f176001dd89fd332fb1668c7d2ba5f58d77157d293a09e2c2e696,"weighted+oversampled|all_tta|0.4,0.6",efficientnet_b0_cbam_weighted_v1+efficientnet_b0_cbam_oversampled_v1,,,,,,,,,,,,,,,0.854956753160346,0.7825716682514322,0.7096934699704995,0.7399567001466084,,,,,,efficientnet_b0_cbam_weighted_v1+efficientnet_b0_cbam_oversampled_v1,0.4+0.6,,results/phase4/ensemble_validation_results.csv,csv_row:27,7fd6390aabe8cd14c3dbf62ed3d1495f266cc6c60d01543cd81952f6f5e6f8c8,,,,original,,,,historical_observed,not_selected_for_new_final_model,Imported from saved evidence; protocol mapped from audited producer/folder. Empty fields mean not recorded. Validation-selected; test not evaluated.
legacy:results/phase4/ensemble_validation_results.csv#csv_row:28,legacy,tabular_candidate,phase4,strict_lesion_disjoint,validation,data/splits/split_assignments.csv,db1ce9f8b83f176001dd89fd332fb1668c7d2ba5f58d77157d293a09e2c2e696,"weighted+oversampled|all_tta|0.5,0.5",efficientnet_b0_cbam_weighted_v1+efficientnet_b0_cbam_oversampled_v1,,,,,,,,,,,,,,,0.8562874251497006,0.7846414381851065,0.7319238284963383,0.7545094204426246,,,,,,efficientnet_b0_cbam_weighted_v1+efficientnet_b0_cbam_oversampled_v1,0.5+0.5,,results/phase4/ensemble_validation_results.csv,csv_row:28,7fd6390aabe8cd14c3dbf62ed3d1495f266cc6c60d01543cd81952f6f5e6f8c8,,,,original,,,,historical_observed,not_selected_for_new_final_model,Imported from saved evidence; protocol mapped from audited producer/folder. Empty fields mean not recorded. Validation-selected; test not evaluated.
legacy:results/phase4/ensemble_validation_results.csv#csv_row:29,legacy,tabular_candidate,phase4,strict_lesion_disjoint,validation,data/splits/split_assignments.csv,db1ce9f8b83f176001dd89fd332fb1668c7d2ba5f58d77157d293a09e2c2e696,"weighted+oversampled|all_tta|0.6,0.4",efficientnet_b0_cbam_weighted_v1+efficientnet_b0_cbam_oversampled_v1,,,,,,,,,,,,,,,0.850964737192282,0.771836593652572,0.7263489360607854,0.7466456000236263,,,,,,efficientnet_b0_cbam_weighted_v1+efficientnet_b0_cbam_oversampled_v1,0.6+0.4,,results/phase4/ensemble_validation_results.csv,csv_row:29,7fd6390aabe8cd14c3dbf62ed3d1495f266cc6c60d01543cd81952f6f5e6f8c8,,,,original,,,,historical_observed,not_selected_for_new_final_model,Imported from saved evidence; protocol mapped from audited producer/folder. Empty fields mean not recorded. Validation-selected; test not evaluated.
legacy:results/phase4/ensemble_validation_results.csv#csv_row:3,legacy,tabular_candidate,phase4,strict_lesion_disjoint,validation,data/splits/split_assignments.csv,db1ce9f8b83f176001dd89fd332fb1668c7d2ba5f58d77157d293a09e2c2e696,"weighted+oversampled|normal|0.2,0.8",efficientnet_b0_cbam_weighted_v1+efficientnet_b0_cbam_oversampled_v1,,,,,,,,,,,,,,,0.8516300731869594,0.7830692443487388,0.7088051665320583,0.7394304001805104,,,,,,efficientnet_b0_cbam_weighted_v1+efficientnet_b0_cbam_oversampled_v1,0.2+0.8,,results/phase4/ensemble_validation_results.csv,csv_row:3,7fd6390aabe8cd14c3dbf62ed3d1495f266cc6c60d01543cd81952f6f5e6f8c8,,,,original,,,,historical_observed,not_selected_for_new_final_model,Imported from saved evidence; protocol mapped from audited producer/folder. Empty fields mean not recorded. Validation-selected; test not evaluated.
legacy:results/phase4/ensemble_validation_results.csv#csv_row:30,legacy,tabular_candidate,phase4,strict_lesion_disjoint,validation,data/splits/split_assignments.csv,db1ce9f8b83f176001dd89fd332fb1668c7d2ba5f58d77157d293a09e2c2e696,"weighted+oversampled|all_tta|0.7,0.3",efficientnet_b0_cbam_weighted_v1+efficientnet_b0_cbam_oversampled_v1,,,,,,,,,,,,,,,0.8496340652029275,0.7710592984710988,0.7480312628405824,0.7581965711785971,,,,,,efficientnet_b0_cbam_weighted_v1+efficientnet_b0_cbam_oversampled_v1,0.7+0.3,,results/phase4/ensemble_validation_results.csv,csv_row:30,7fd6390aabe8cd14c3dbf62ed3d1495f266cc6c60d01543cd81952f6f5e6f8c8,,,,original,,,,historical_observed,not_selected_for_new_final_model,Imported from saved evidence; protocol mapped from audited producer/folder. Empty fields mean not recorded. Validation-selected; test not evaluated.
legacy:results/phase4/ensemble_validation_results.csv#csv_row:31,legacy,tabular_candidate,phase4,strict_lesion_disjoint,validation,data/splits/split_assignments.csv,db1ce9f8b83f176001dd89fd332fb1668c7d2ba5f58d77157d293a09e2c2e696,"weighted+oversampled|all_tta|0.8,0.2",efficientnet_b0_cbam_weighted_v1+efficientnet_b0_cbam_oversampled_v1,,,,,,,,,,,,,,,0.8449767132401863,0.7674739910432463,0.7597791633984803,0.7628740046501098,,,,,,efficientnet_b0_cbam_weighted_v1+efficientnet_b0_cbam_oversampled_v1,0.8+0.2,,results/phase4/ensemble_validation_results.csv,csv_row:31,7fd6390aabe8cd14c3dbf62ed3d1495f266cc6c60d01543cd81952f6f5e6f8c8,,,,original,,,,historical_observed,not_selected_for_new_final_model,Imported from saved evidence; protocol mapped from audited producer/folder. Empty fields mean not recorded. Validation-selected; test not evaluated.
legacy:results/phase4/ensemble_validation_results.csv#csv_row:32,legacy,tabular_candidate,phase4,strict_lesion_disjoint,validation,data/splits/split_assignments.csv,db1ce9f8b83f176001dd89fd332fb1668c7d2ba5f58d77157d293a09e2c2e696,"weighted+oversampled|all_tta|0.9,0.1",efficientnet_b0_cbam_weighted_v1+efficientnet_b0_cbam_oversampled_v1,,,,,,,,,,,,,,,0.8436460412508316,0.7676908066782938,0.7650898269299394,0.7657906612193086,,,,,,efficientnet_b0_cbam_weighted_v1+efficientnet_b0_cbam_oversampled_v1,0.9+0.1,,results/phase4/ensemble_validation_results.csv,csv_row:32,7fd6390aabe8cd14c3dbf62ed3d1495f266cc6c60d01543cd81952f6f5e6f8c8,,,,original,,,,historical_observed,not_selected_for_new_final_model,Imported from saved evidence; protocol mapped from audited producer/folder. Empty fields mean not recorded. Validation-selected; test not evaluated.
legacy:results/phase4/ensemble_validation_results.csv#csv_row:33,legacy,tabular_candidate,phase4,strict_lesion_disjoint,validation,data/splits/split_assignments.csv,db1ce9f8b83f176001dd89fd332fb1668c7d2ba5f58d77157d293a09e2c2e696,"weighted+oversampled|all_tta|1.0,0.0",efficientnet_b0_cbam_weighted_v1+efficientnet_b0_cbam_oversampled_v1,,,,,,,,,,,,,,,0.8423153692614771,0.7719723400994944,0.7699476013258036,0.7703611681312049,,,,,,efficientnet_b0_cbam_weighted_v1+efficientnet_b0_cbam_oversampled_v1,1.0+0.0,,results/phase4/ensemble_validation_results.csv,csv_row:33,7fd6390aabe8cd14c3dbf62ed3d1495f266cc6c60d01543cd81952f6f5e6f8c8,,,,original,,,,historical_observed,not_selected_for_new_final_model,Imported from saved evidence; protocol mapped from audited producer/folder. Empty fields mean not recorded. Validation-selected; test not evaluated.
legacy:results/phase4/ensemble_validation_results.csv#csv_row:34,legacy,tabular_candidate,phase4,strict_lesion_disjoint,validation,data/splits/split_assignments.csv,db1ce9f8b83f176001dd89fd332fb1668c7d2ba5f58d77157d293a09e2c2e696,"weighted+focal|normal|0.0,1.0",efficientnet_b0_cbam_weighted_v1+efficientnet_b0_cbam_focal_v1,,,,,,,,,,,,,,,0.8376580172987359,0.7370083034033689,0.7158473258325778,0.7238217217065802,,,,,,efficientnet_b0_cbam_weighted_v1+efficientnet_b0_cbam_focal_v1,0.0+1.0,,results/phase4/ensemble_validation_results.csv,csv_row:34,7fd6390aabe8cd14c3dbf62ed3d1495f266cc6c60d01543cd81952f6f5e6f8c8,,,,original,,,,historical_observed,not_selected_for_new_final_model,Imported from saved evidence; protocol mapped from audited producer/folder. Empty fields mean not recorded. Validation-selected; test not evaluated.
legacy:results/phase4/ensemble_validation_results.csv#csv_row:35,legacy,tabular_candidate,phase4,strict_lesion_disjoint,validation,data/splits/split_assignments.csv,db1ce9f8b83f176001dd89fd332fb1668c7d2ba5f58d77157d293a09e2c2e696,"weighted+focal|normal|0.1,0.9",efficientnet_b0_cbam_weighted_v1+efficientnet_b0_cbam_focal_v1,,,,,,,,,,,,,,,0.8403193612774451,0.7369430619953619,0.718576302206432,0.7250853572076795,,,,,,efficientnet_b0_cbam_weighted_v1+efficientnet_b0_cbam_focal_v1,0.1+0.9,,results/phase4/ensemble_validation_results.csv,csv_row:35,7fd6390aabe8cd14c3dbf62ed3d1495f266cc6c60d01543cd81952f6f5e6f8c8,,,,original,,,,historical_observed,not_selected_for_new_final_model,Imported from saved evidence; protocol mapped from audited producer/folder. Empty fields mean not recorded. Validation-selected; test not evaluated.
legacy:results/phase4/ensemble_validation_results.csv#csv_row:36,legacy,tabular_candidate,phase4,strict_lesion_disjoint,validation,data/splits/split_assignments.csv,db1ce9f8b83f176001dd89fd332fb1668c7d2ba5f58d77157d293a09e2c2e696,"weighted+focal|normal|0.2,0.8",efficientnet_b0_cbam_weighted_v1+efficientnet_b0_cbam_focal_v1,,,,,,,,,,,,,,,0.8396540252827678,0.7431596198601628,0.7262444469221707,0.7326703870366514,,,,,,efficientnet_b0_cbam_weighted_v1+efficientnet_b0_cbam_focal_v1,0.2+0.8,,results/phase4/ensemble_validation_results.csv,csv_row:36,7fd6390aabe8cd14c3dbf62ed3d1495f266cc6c60d01543cd81952f6f5e6f8c8,,,,original,,,,historical_observed,not_selected_for_new_final_model,Imported from saved evidence; protocol mapped from audited producer/folder. Empty fields mean not recorded. Validation-selected; test not evaluated.
legacy:results/phase4/ensemble_validation_results.csv#csv_row:37,legacy,tabular_candidate,phase4,strict_lesion_disjoint,validation,data/splits/split_assignments.csv,db1ce9f8b83f176001dd89fd332fb1668c7d2ba5f58d77157d293a09e2c2e696,"weighted+focal|normal|0.3,0.7",efficientnet_b0_cbam_weighted_v1+efficientnet_b0_cbam_focal_v1,,,,,,,,,,,,,,,0.8416500332667998,0.7468844127491557,0.7276775332141586,0.7354931251839572,,,,,,efficientnet_b0_cbam_weighted_v1+efficientnet_b0_cbam_focal_v1,0.3+0.7,,results/phase4/ensemble_validation_results.csv,csv_row:37,7fd6390aabe8cd14c3dbf62ed3d1495f266cc6c60d01543cd81952f6f5e6f8c8,,,,original,,,,historical_observed,not_selected_for_new_final_model,Imported from saved evidence; protocol mapped from audited producer/folder. Empty fields mean not recorded. Validation-selected; test not evaluated.
legacy:results/phase4/ensemble_validation_results.csv#csv_row:38,legacy,tabular_candidate,phase4,strict_lesion_disjoint,validation,data/splits/split_assignments.csv,db1ce9f8b83f176001dd89fd332fb1668c7d2ba5f58d77157d293a09e2c2e696,"weighted+focal|normal|0.4,0.6",efficientnet_b0_cbam_weighted_v1+efficientnet_b0_cbam_focal_v1,,,,,,,,,,,,,,,0.8423153692614771,0.7483551687918538,0.7346245544468941,0.740340064679493,,,,,,efficientnet_b0_cbam_weighted_v1+efficientnet_b0_cbam_focal_v1,0.4+0.6,,results/phase4/ensemble_validation_results.csv,csv_row:38,7fd6390aabe8cd14c3dbf62ed3d1495f266cc6c60d01543cd81952f6f5e6f8c8,,,,original,,,,historical_observed,not_selected_for_new_final_model,Imported from saved evidence; protocol mapped from audited producer/folder. Empty fields mean not recorded. Validation-selected; test not evaluated.
legacy:results/phase4/ensemble_validation_results.csv#csv_row:39,legacy,tabular_candidate,phase4,strict_lesion_disjoint,validation,data/splits/split_assignments.csv,db1ce9f8b83f176001dd89fd332fb1668c7d2ba5f58d77157d293a09e2c2e696,"weighted+focal|normal|0.5,0.5",efficientnet_b0_cbam_weighted_v1+efficientnet_b0_cbam_focal_v1,,,,,,,,,,,,,,,0.8469727212242182,0.7577562291595801,0.7595887472304016,0.7581313947082169,,,,,,efficientnet_b0_cbam_weighted_v1+efficientnet_b0_cbam_focal_v1,0.5+0.5,,results/phase4/ensemble_validation_results.csv,csv_row:39,7fd6390aabe8cd14c3dbf62ed3d1495f266cc6c60d01543cd81952f6f5e6f8c8,,,,original,,,,historical_observed,not_selected_for_new_final_model,Imported from saved evidence; protocol mapped from audited producer/folder. Empty fields mean not recorded. Validation-selected; test not evaluated.
legacy:results/phase4/ensemble_validation_results.csv#csv_row:4,legacy,tabular_candidate,phase4,strict_lesion_disjoint,validation,data/splits/split_assignments.csv,db1ce9f8b83f176001dd89fd332fb1668c7d2ba5f58d77157d293a09e2c2e696,"weighted+oversampled|normal|0.3,0.7",efficientnet_b0_cbam_weighted_v1+efficientnet_b0_cbam_oversampled_v1,,,,,,,,,,,,,,,0.8522954091816367,0.785945401035614,0.7123808894749517,0.7429307981714081,,,,,,efficientnet_b0_cbam_weighted_v1+efficientnet_b0_cbam_oversampled_v1,0.3+0.7,,results/phase4/ensemble_validation_results.csv,csv_row:4,7fd6390aabe8cd14c3dbf62ed3d1495f266cc6c60d01543cd81952f6f5e6f8c8,,,,original,,,,historical_observed,not_selected_for_new_final_model,Imported from saved evidence; protocol mapped from audited producer/folder. Empty fields mean not recorded. Validation-selected; test not evaluated.
legacy:results/phase4/ensemble_validation_results.csv#csv_row:40,legacy,tabular_candidate,phase4,strict_lesion_disjoint,validation,data/splits/split_assignments.csv,db1ce9f8b83f176001dd89fd332fb1668c7d2ba5f58d77157d293a09e2c2e696,"weighted+focal|normal|0.6,0.4",efficientnet_b0_cbam_weighted_v1+efficientnet_b0_cbam_focal_v1,,,,,,,,,,,,,,,0.8423153692614771,0.7585484144782058,0.7547204730626061,0.7560214368843744,,,,,,efficientnet_b0_cbam_weighted_v1+efficientnet_b0_cbam_focal_v1,0.6+0.4,,results/phase4/ensemble_validation_results.csv,csv_row:40,7fd6390aabe8cd14c3dbf62ed3d1495f266cc6c60d01543cd81952f6f5e6f8c8,,,,original,,,,historical_observed,not_selected_for_new_final_model,Imported from saved evidence; protocol mapped from audited producer/folder. Empty fields mean not recorded. Validation-selected; test not evaluated.
legacy:results/phase4/ensemble_validation_results.csv#csv_row:41,legacy,tabular_candidate,phase4,strict_lesion_disjoint,validation,data/splits/split_assignments.csv,db1ce9f8b83f176001dd89fd332fb1668c7d2ba5f58d77157d293a09e2c2e696,"weighted+focal|normal|0.7,0.3",efficientnet_b0_cbam_weighted_v1+efficientnet_b0_cbam_focal_v1,,,,,,,,,,,,,,,0.8429807052561543,0.7590704760836562,0.7555810582605408,0.7567135668957153,,,,,,efficientnet_b0_cbam_weighted_v1+efficientnet_b0_cbam_focal_v1,0.7+0.3,,results/phase4/ensemble_validation_results.csv,csv_row:41,7fd6390aabe8cd14c3dbf62ed3d1495f266cc6c60d01543cd81952f6f5e6f8c8,,,,original,,,,historical_observed,not_selected_for_new_final_model,Imported from saved evidence; protocol mapped from audited producer/folder. Empty fields mean not recorded. Validation-selected; test not evaluated.
legacy:results/phase4/ensemble_validation_results.csv#csv_row:42,legacy,tabular_candidate,phase4,strict_lesion_disjoint,validation,data/splits/split_assignments.csv,db1ce9f8b83f176001dd89fd332fb1668c7d2ba5f58d77157d293a09e2c2e696,"weighted+focal|normal|0.8,0.2",efficientnet_b0_cbam_weighted_v1+efficientnet_b0_cbam_focal_v1,,,,,,,,,,,,,,,0.8436460412508316,0.7551952443203014,0.7554397881709056,0.7548440756564656,,,,,,efficientnet_b0_cbam_weighted_v1+efficientnet_b0_cbam_focal_v1,0.8+0.2,,results/phase4/ensemble_validation_results.csv,csv_row:42,7fd6390aabe8cd14c3dbf62ed3d1495f266cc6c60d01543cd81952f6f5e6f8c8,,,,original,,,,historical_observed,not_selected_for_new_final_model,Imported from saved evidence; protocol mapped from audited producer/folder. Empty fields mean not recorded. Validation-selected; test not evaluated.
legacy:results/phase4/ensemble_validation_results.csv#csv_row:43,legacy,tabular_candidate,phase4,strict_lesion_disjoint,validation,data/splits/split_assignments.csv,db1ce9f8b83f176001dd89fd332fb1668c7d2ba5f58d77157d293a09e2c2e696,"weighted+focal|normal|0.9,0.1",efficientnet_b0_cbam_weighted_v1+efficientnet_b0_cbam_focal_v1,,,,,,,,,,,,,,,0.8449767132401863,0.7563699312580869,0.7564475941488907,0.7559503182181995,,,,,,efficientnet_b0_cbam_weighted_v1+efficientnet_b0_cbam_focal_v1,0.9+0.1,,results/phase4/ensemble_validation_results.csv,csv_row:43,7fd6390aabe8cd14c3dbf62ed3d1495f266cc6c60d01543cd81952f6f5e6f8c8,,,,original,,,,historical_observed,not_selected_for_new_final_model,Imported from saved evidence; protocol mapped from audited producer/folder. Empty fields mean not recorded. Validation-selected; test not evaluated.
legacy:results/phase4/ensemble_validation_results.csv#csv_row:44,legacy,tabular_candidate,phase4,strict_lesion_disjoint,validation,data/splits/split_assignments.csv,db1ce9f8b83f176001dd89fd332fb1668c7d2ba5f58d77157d293a09e2c2e696,"weighted+focal|normal|1.0,0.0",efficientnet_b0_cbam_weighted_v1+efficientnet_b0_cbam_focal_v1,,,,,,,,,,,,,,,0.8456420492348636,0.757164195329919,0.7573133950146916,0.7568732673677362,,,,,,efficientnet_b0_cbam_weighted_v1+efficientnet_b0_cbam_focal_v1,1.0+0.0,,results/phase4/ensemble_validation_results.csv,csv_row:44,7fd6390aabe8cd14c3dbf62ed3d1495f266cc6c60d01543cd81952f6f5e6f8c8,,,,original,,,,historical_observed,not_selected_for_new_final_model,Imported from saved evidence; protocol mapped from audited producer/folder. Empty fields mean not recorded. Validation-selected; test not evaluated.
legacy:results/phase4/ensemble_validation_results.csv#csv_row:45,legacy,tabular_candidate,phase4,strict_lesion_disjoint,validation,data/splits/split_assignments.csv,db1ce9f8b83f176001dd89fd332fb1668c7d2ba5f58d77157d293a09e2c2e696,"weighted+focal|weighted_tta|0.0,1.0",efficientnet_b0_cbam_weighted_v1+efficientnet_b0_cbam_focal_v1,,,,,,,,,,,,,,,0.8376580172987359,0.7370083034033689,0.7158473258325778,0.7238217217065802,,,,,,efficientnet_b0_cbam_weighted_v1+efficientnet_b0_cbam_focal_v1,0.0+1.0,,results/phase4/ensemble_validation_results.csv,csv_row:45,7fd6390aabe8cd14c3dbf62ed3d1495f266cc6c60d01543cd81952f6f5e6f8c8,,,,original,,,,historical_observed,not_selected_for_new_final_model,Imported from saved evidence; protocol mapped from audited producer/folder. Empty fields mean not recorded. Validation-selected; test not evaluated.
legacy:results/phase4/ensemble_validation_results.csv#csv_row:46,legacy,tabular_candidate,phase4,strict_lesion_disjoint,validation,data/splits/split_assignments.csv,db1ce9f8b83f176001dd89fd332fb1668c7d2ba5f58d77157d293a09e2c2e696,"weighted+focal|weighted_tta|0.1,0.9",efficientnet_b0_cbam_weighted_v1+efficientnet_b0_cbam_focal_v1,,,,,,,,,,,,,,,0.8369926813040586,0.7349809256914474,0.7157053207203938,0.7227660014096262,,,,,,efficientnet_b0_cbam_weighted_v1+efficientnet_b0_cbam_focal_v1,0.1+0.9,,results/phase4/ensemble_validation_results.csv,csv_row:46,7fd6390aabe8cd14c3dbf62ed3d1495f266cc6c60d01543cd81952f6f5e6f8c8,,,,original,,,,historical_observed,not_selected_for_new_final_model,Imported from saved evidence; protocol mapped from audited producer/folder. Empty fields mean not recorded. Validation-selected; test not evaluated.
legacy:results/phase4/ensemble_validation_results.csv#csv_row:47,legacy,tabular_candidate,phase4,strict_lesion_disjoint,validation,data/splits/split_assignments.csv,db1ce9f8b83f176001dd89fd332fb1668c7d2ba5f58d77157d293a09e2c2e696,"weighted+focal|weighted_tta|0.2,0.8",efficientnet_b0_cbam_weighted_v1+efficientnet_b0_cbam_focal_v1,,,,,,,,,,,,,,,0.8389886892880905,0.7362985776899306,0.7168707788141616,0.7241077551426623,,,,,,efficientnet_b0_cbam_weighted_v1+efficientnet_b0_cbam_focal_v1,0.2+0.8,,results/phase4/ensemble_validation_results.csv,csv_row:47,7fd6390aabe8cd14c3dbf62ed3d1495f266cc6c60d01543cd81952f6f5e6f8c8,,,,original,,,,historical_observed,not_selected_for_new_final_model,Imported from saved evidence; protocol mapped from audited producer/folder. Empty fields mean not recorded. Validation-selected; test not evaluated.
legacy:results/phase4/ensemble_validation_results.csv#csv_row:48,legacy,tabular_candidate,phase4,strict_lesion_disjoint,validation,data/splits/split_assignments.csv,db1ce9f8b83f176001dd89fd332fb1668c7d2ba5f58d77157d293a09e2c2e696,"weighted+focal|weighted_tta|0.3,0.7",efficientnet_b0_cbam_weighted_v1+efficientnet_b0_cbam_focal_v1,,,,,,,,,,,,,,,0.8403193612774451,0.7440158829862471,0.736491317177048,0.7386824198841296,,,,,,efficientnet_b0_cbam_weighted_v1+efficientnet_b0_cbam_focal_v1,0.3+0.7,,results/phase4/ensemble_validation_results.csv,csv_row:48,7fd6390aabe8cd14c3dbf62ed3d1495f266cc6c60d01543cd81952f6f5e6f8c8,,,,original,,,,historical_observed,not_selected_for_new_final_model,Imported from saved evidence; protocol mapped from audited producer/folder. Empty fields mean not recorded. Validation-selected; test not evaluated.
legacy:results/phase4/ensemble_validation_results.csv#csv_row:49,legacy,tabular_candidate,phase4,strict_lesion_disjoint,validation,data/splits/split_assignments.csv,db1ce9f8b83f176001dd89fd332fb1668c7d2ba5f58d77157d293a09e2c2e696,"weighted+focal|weighted_tta|0.4,0.6",efficientnet_b0_cbam_weighted_v1+efficientnet_b0_cbam_focal_v1,,,,,,,,,,,,,,,0.8416500332667998,0.7486670295111088,0.7512032951644507,0.7491862510568257,,,,,,efficientnet_b0_cbam_weighted_v1+efficientnet_b0_cbam_focal_v1,0.4+0.6,,results/phase4/ensemble_validation_results.csv,csv_row:49,7fd6390aabe8cd14c3dbf62ed3d1495f266cc6c60d01543cd81952f6f5e6f8c8,,,,original,,,,historical_observed,not_selected_for_new_final_model,Imported from saved evidence; protocol mapped from audited producer/folder. Empty fields mean not recorded. Validation-selected; test not evaluated.
legacy:results/phase4/ensemble_validation_results.csv#csv_row:5,legacy,tabular_candidate,phase4,strict_lesion_disjoint,validation,data/splits/split_assignments.csv,db1ce9f8b83f176001dd89fd332fb1668c7d2ba5f58d77157d293a09e2c2e696,"weighted+oversampled|normal|0.4,0.6",efficientnet_b0_cbam_weighted_v1+efficientnet_b0_cbam_oversampled_v1,,,,,,,,,,,,,,,0.8542914171656687,0.7890318904648334,0.7237590031806489,0.7515566057178333,,,,,,efficientnet_b0_cbam_weighted_v1+efficientnet_b0_cbam_oversampled_v1,0.4+0.6,,results/phase4/ensemble_validation_results.csv,csv_row:5,7fd6390aabe8cd14c3dbf62ed3d1495f266cc6c60d01543cd81952f6f5e6f8c8,,,,original,,,,historical_observed,not_selected_for_new_final_model,Imported from saved evidence; protocol mapped from audited producer/folder. Empty fields mean not recorded. Validation-selected; test not evaluated.
legacy:results/phase4/ensemble_validation_results.csv#csv_row:50,legacy,tabular_candidate,phase4,strict_lesion_disjoint,validation,data/splits/split_assignments.csv,db1ce9f8b83f176001dd89fd332fb1668c7d2ba5f58d77157d293a09e2c2e696,"weighted+focal|weighted_tta|0.5,0.5",efficientnet_b0_cbam_weighted_v1+efficientnet_b0_cbam_focal_v1,,,,,,,,,,,,,,,0.8403193612774451,0.7513436924835876,0.7588475471540592,0.7542702490059673,,,,,,efficientnet_b0_cbam_weighted_v1+efficientnet_b0_cbam_focal_v1,0.5+0.5,,results/phase4/ensemble_validation_results.csv,csv_row:50,7fd6390aabe8cd14c3dbf62ed3d1495f266cc6c60d01543cd81952f6f5e6f8c8,,,,original,,,,historical_observed,not_selected_for_new_final_model,Imported from saved evidence; protocol mapped from audited producer/folder. Empty fields mean not recorded. Validation-selected; test not evaluated.
legacy:results/phase4/ensemble_validation_results.csv#csv_row:51,legacy,tabular_candidate,phase4,strict_lesion_disjoint,validation,data/splits/split_assignments.csv,db1ce9f8b83f176001dd89fd332fb1668c7d2ba5f58d77157d293a09e2c2e696,"weighted+focal|weighted_tta|0.6,0.4",efficientnet_b0_cbam_weighted_v1+efficientnet_b0_cbam_focal_v1,,,,,,,,,,,,,,,0.8403193612774451,0.7654077546725729,0.7673554143962672,0.7656354061696112,,,,,,efficientnet_b0_cbam_weighted_v1+efficientnet_b0_cbam_focal_v1,0.6+0.4,,results/phase4/ensemble_validation_results.csv,csv_row:51,7fd6390aabe8cd14c3dbf62ed3d1495f266cc6c60d01543cd81952f6f5e6f8c8,,,,original,,,,historical_observed,not_selected_for_new_final_model,Imported from saved evidence; protocol mapped from audited producer/folder. Empty fields mean not recorded. Validation-selected; test not evaluated.
legacy:results/phase4/ensemble_validation_results.csv#csv_row:52,legacy,tabular_candidate,phase4,strict_lesion_disjoint,validation,data/splits/split_assignments.csv,db1ce9f8b83f176001dd89fd332fb1668c7d2ba5f58d77157d293a09e2c2e696,"weighted+focal|weighted_tta|0.7,0.3",efficientnet_b0_cbam_weighted_v1+efficientnet_b0_cbam_focal_v1,,,,,,,,,,,,,,,0.8396540252827678,0.7657071297736014,0.7672081936162171,0.7658092738817459,,,,,,efficientnet_b0_cbam_weighted_v1+efficientnet_b0_cbam_focal_v1,0.7+0.3,,results/phase4/ensemble_validation_results.csv,csv_row:52,7fd6390aabe8cd14c3dbf62ed3d1495f266cc6c60d01543cd81952f6f5e6f8c8,,,,original,,,,historical_observed,not_selected_for_new_final_model,Imported from saved evidence; protocol mapped from audited producer/folder. Empty fields mean not recorded. Validation-selected; test not evaluated.
legacy:results/phase4/ensemble_validation_results.csv#csv_row:53,legacy,tabular_candidate,phase4,strict_lesion_disjoint,validation,data/splits/split_assignments.csv,db1ce9f8b83f176001dd89fd332fb1668c7d2ba5f58d77157d293a09e2c2e696,"weighted+focal|weighted_tta|0.8,0.2",efficientnet_b0_cbam_weighted_v1+efficientnet_b0_cbam_focal_v1,,,,,,,,,,,,,,,0.8409846972721224,0.7719756677580988,0.7674922038405851,0.7690161193252136,,,,,,efficientnet_b0_cbam_weighted_v1+efficientnet_b0_cbam_focal_v1,0.8+0.2,,results/phase4/ensemble_validation_results.csv,csv_row:53,7fd6390aabe8cd14c3dbf62ed3d1495f266cc6c60d01543cd81952f6f5e6f8c8,,,,original,,,,historical_observed,not_selected_for_new_final_model,Imported from saved evidence; protocol mapped from audited producer/folder. Empty fields mean not recorded. Validation-selected; test not evaluated.
legacy:results/phase4/ensemble_validation_results.csv#csv_row:54,legacy,tabular_candidate,phase4,strict_lesion_disjoint,validation,data/splits/split_assignments.csv,db1ce9f8b83f176001dd89fd332fb1668c7d2ba5f58d77157d293a09e2c2e696,"weighted+focal|weighted_tta|0.9,0.1",efficientnet_b0_cbam_weighted_v1+efficientnet_b0_cbam_focal_v1,,,,,,,,,,,,,,,0.8436460412508316,0.7739103609645387,0.7709501916359223,0.7718103328854748,,,,,,efficientnet_b0_cbam_weighted_v1+efficientnet_b0_cbam_focal_v1,0.9+0.1,,results/phase4/ensemble_validation_results.csv,csv_row:54,7fd6390aabe8cd14c3dbf62ed3d1495f266cc6c60d01543cd81952f6f5e6f8c8,,,,original,,,,historical_observed,not_selected_for_new_final_model,Imported from saved evidence; protocol mapped from audited producer/folder. Empty fields mean not recorded. Validation-selected; test not evaluated.
legacy:results/phase4/ensemble_validation_results.csv#csv_row:55,legacy,tabular_candidate,phase4,strict_lesion_disjoint,validation,data/splits/split_assignments.csv,db1ce9f8b83f176001dd89fd332fb1668c7d2ba5f58d77157d293a09e2c2e696,"weighted+focal|weighted_tta|1.0,0.0",efficientnet_b0_cbam_weighted_v1+efficientnet_b0_cbam_focal_v1,,,,,,,,,,,,,,,0.8423153692614771,0.7719723400994944,0.7699476013258036,0.7703611681312049,,,,,,efficientnet_b0_cbam_weighted_v1+efficientnet_b0_cbam_focal_v1,1.0+0.0,,results/phase4/ensemble_validation_results.csv,csv_row:55,7fd6390aabe8cd14c3dbf62ed3d1495f266cc6c60d01543cd81952f6f5e6f8c8,,,,original,,,,historical_observed,not_selected_for_new_final_model,Imported from saved evidence; protocol mapped from audited producer/folder. Empty fields mean not recorded. Validation-selected; test not evaluated.
legacy:results/phase4/ensemble_validation_results.csv#csv_row:56,legacy,tabular_candidate,phase4,strict_lesion_disjoint,validation,data/splits/split_assignments.csv,db1ce9f8b83f176001dd89fd332fb1668c7d2ba5f58d77157d293a09e2c2e696,"weighted+focal|all_tta|0.0,1.0",efficientnet_b0_cbam_weighted_v1+efficientnet_b0_cbam_focal_v1,,,,,,,,,,,,,,,0.8276779773785762,0.7421996097552046,0.7242839237360235,0.72931727196101,,,,,,efficientnet_b0_cbam_weighted_v1+efficientnet_b0_cbam_focal_v1,0.0+1.0,,results/phase4/ensemble_validation_results.csv,csv_row:56,7fd6390aabe8cd14c3dbf62ed3d1495f266cc6c60d01543cd81952f6f5e6f8c8,,,,original,,,,historical_observed,not_selected_for_new_final_model,Imported from saved evidence; protocol mapped from audited producer/folder. Empty fields mean not recorded. Validation-selected; test not evaluated.
legacy:results/phase4/ensemble_validation_results.csv#csv_row:57,legacy,tabular_candidate,phase4,strict_lesion_disjoint,validation,data/splits/split_assignments.csv,db1ce9f8b83f176001dd89fd332fb1668c7d2ba5f58d77157d293a09e2c2e696,"weighted+focal|all_tta|0.1,0.9",efficientnet_b0_cbam_weighted_v1+efficientnet_b0_cbam_focal_v1,,,,,,,,,,,,,,,0.8290086493679308,0.7420469030427245,0.7255750049158275,0.7304822304965647,,,,,,efficientnet_b0_cbam_weighted_v1+efficientnet_b0_cbam_focal_v1,0.1+0.9,,results/phase4/ensemble_validation_results.csv,csv_row:57,7fd6390aabe8cd14c3dbf62ed3d1495f266cc6c60d01543cd81952f6f5e6f8c8,,,,original,,,,historical_observed,not_selected_for_new_final_model,Imported from saved evidence; protocol mapped from audited producer/folder. Empty fields mean not recorded. Validation-selected; test not evaluated.
legacy:results/phase4/ensemble_validation_results.csv#csv_row:58,legacy,tabular_candidate,phase4,strict_lesion_disjoint,validation,data/splits/split_assignments.csv,db1ce9f8b83f176001dd89fd332fb1668c7d2ba5f58d77157d293a09e2c2e696,"weighted+focal|all_tta|0.2,0.8",efficientnet_b0_cbam_weighted_v1+efficientnet_b0_cbam_focal_v1,,,,,,,,,,,,,,,0.83166999334664,0.7481006450269593,0.7317533461239897,0.7368941333345337,,,,,,efficientnet_b0_cbam_weighted_v1+efficientnet_b0_cbam_focal_v1,0.2+0.8,,results/phase4/ensemble_validation_results.csv,csv_row:58,7fd6390aabe8cd14c3dbf62ed3d1495f266cc6c60d01543cd81952f6f5e6f8c8,,,,original,,,,historical_observed,not_selected_for_new_final_model,Imported from saved evidence; protocol mapped from audited producer/folder. Empty fields mean not recorded. Validation-selected; test not evaluated.
legacy:results/phase4/ensemble_validation_results.csv#csv_row:59,legacy,tabular_candidate,phase4,strict_lesion_disjoint,validation,data/splits/split_assignments.csv,db1ce9f8b83f176001dd89fd332fb1668c7d2ba5f58d77157d293a09e2c2e696,"weighted+focal|all_tta|0.3,0.7",efficientnet_b0_cbam_weighted_v1+efficientnet_b0_cbam_focal_v1,,,,,,,,,,,,,,,0.8369926813040586,0.7556449076357977,0.7470736992040153,0.7494451016632135,,,,,,efficientnet_b0_cbam_weighted_v1+efficientnet_b0_cbam_focal_v1,0.3+0.7,,results/phase4/ensemble_validation_results.csv,csv_row:59,7fd6390aabe8cd14c3dbf62ed3d1495f266cc6c60d01543cd81952f6f5e6f8c8,,,,original,,,,historical_observed,not_selected_for_new_final_model,Imported from saved evidence; protocol mapped from audited producer/folder. Empty fields mean not recorded. Validation-selected; test not evaluated.
legacy:results/phase4/ensemble_validation_results.csv#csv_row:6,legacy,tabular_candidate,phase4,strict_lesion_disjoint,validation,data/splits/split_assignments.csv,db1ce9f8b83f176001dd89fd332fb1668c7d2ba5f58d77157d293a09e2c2e696,"weighted+oversampled|normal|0.5,0.5",efficientnet_b0_cbam_weighted_v1+efficientnet_b0_cbam_oversampled_v1,,,,,,,,,,,,,,,0.8536260811709914,0.7855753238736655,0.72633735148129,0.7520239817917892,,,,,,efficientnet_b0_cbam_weighted_v1+efficientnet_b0_cbam_oversampled_v1,0.5+0.5,,results/phase4/ensemble_validation_results.csv,csv_row:6,7fd6390aabe8cd14c3dbf62ed3d1495f266cc6c60d01543cd81952f6f5e6f8c8,,,,original,,,,historical_observed,not_selected_for_new_final_model,Imported from saved evidence; protocol mapped from audited producer/folder. Empty fields mean not recorded. Validation-selected; test not evaluated.
legacy:results/phase4/ensemble_validation_results.csv#csv_row:60,legacy,tabular_candidate,phase4,strict_lesion_disjoint,validation,data/splits/split_assignments.csv,db1ce9f8b83f176001dd89fd332fb1668c7d2ba5f58d77157d293a09e2c2e696,"weighted+focal|all_tta|0.4,0.6",efficientnet_b0_cbam_weighted_v1+efficientnet_b0_cbam_focal_v1,,,,,,,,,,,,,,,0.8383233532934131,0.7603355807304253,0.7578673499976663,0.7579762361817551,,,,,,efficientnet_b0_cbam_weighted_v1+efficientnet_b0_cbam_focal_v1,0.4+0.6,,results/phase4/ensemble_validation_results.csv,csv_row:60,7fd6390aabe8cd14c3dbf62ed3d1495f266cc6c60d01543cd81952f6f5e6f8c8,,,,original,,,,historical_observed,not_selected_for_new_final_model,Imported from saved evidence; protocol mapped from audited producer/folder. Empty fields mean not recorded. Validation-selected; test not evaluated.
legacy:results/phase4/ensemble_validation_results.csv#csv_row:61,legacy,tabular_candidate,phase4,strict_lesion_disjoint,validation,data/splits/split_assignments.csv,db1ce9f8b83f176001dd89fd332fb1668c7d2ba5f58d77157d293a09e2c2e696,"weighted+focal|all_tta|0.5,0.5",efficientnet_b0_cbam_weighted_v1+efficientnet_b0_cbam_focal_v1,,,,,,,,,,,,,,,0.8376580172987359,0.7603261841451487,0.7577201292176159,0.757990689394048,,,,,,efficientnet_b0_cbam_weighted_v1+efficientnet_b0_cbam_focal_v1,0.5+0.5,,results/phase4/ensemble_validation_results.csv,csv_row:61,7fd6390aabe8cd14c3dbf62ed3d1495f266cc6c60d01543cd81952f6f5e6f8c8,,,,original,,,,historical_observed,not_selected_for_new_final_model,Imported from saved evidence; protocol mapped from audited producer/folder. Empty fields mean not recorded. Validation-selected; test not evaluated.
legacy:results/phase4/ensemble_validation_results.csv#csv_row:62,legacy,tabular_candidate,phase4,strict_lesion_disjoint,validation,data/splits/split_assignments.csv,db1ce9f8b83f176001dd89fd332fb1668c7d2ba5f58d77157d293a09e2c2e696,"weighted+focal|all_tta|0.6,0.4",efficientnet_b0_cbam_weighted_v1+efficientnet_b0_cbam_focal_v1,,,,,,,,,,,,,,,0.8396540252827678,0.7636255416774637,0.7608612822991269,0.7613009194880886,,,,,,efficientnet_b0_cbam_weighted_v1+efficientnet_b0_cbam_focal_v1,0.6+0.4,,results/phase4/ensemble_validation_results.csv,csv_row:62,7fd6390aabe8cd14c3dbf62ed3d1495f266cc6c60d01543cd81952f6f5e6f8c8,,,,original,,,,historical_observed,not_selected_for_new_final_model,Imported from saved evidence; protocol mapped from audited producer/folder. Empty fields mean not recorded. Validation-selected; test not evaluated.
legacy:results/phase4/ensemble_validation_results.csv#csv_row:63,legacy,tabular_candidate,phase4,strict_lesion_disjoint,validation,data/splits/split_assignments.csv,db1ce9f8b83f176001dd89fd332fb1668c7d2ba5f58d77157d293a09e2c2e696,"weighted+focal|all_tta|0.7,0.3",efficientnet_b0_cbam_weighted_v1+efficientnet_b0_cbam_focal_v1,,,,,,,,,,,,,,,0.8403193612774451,0.7637992924974037,0.7602847073255603,0.7611528949084628,,,,,,efficientnet_b0_cbam_weighted_v1+efficientnet_b0_cbam_focal_v1,0.7+0.3,,results/phase4/ensemble_validation_results.csv,csv_row:63,7fd6390aabe8cd14c3dbf62ed3d1495f266cc6c60d01543cd81952f6f5e6f8c8,,,,original,,,,historical_observed,not_selected_for_new_final_model,Imported from saved evidence; protocol mapped from audited producer/folder. Empty fields mean not recorded. Validation-selected; test not evaluated.
legacy:results/phase4/ensemble_validation_results.csv#csv_row:64,legacy,tabular_candidate,phase4,strict_lesion_disjoint,validation,data/splits/split_assignments.csv,db1ce9f8b83f176001dd89fd332fb1668c7d2ba5f58d77157d293a09e2c2e696,"weighted+focal|all_tta|0.8,0.2",efficientnet_b0_cbam_weighted_v1+efficientnet_b0_cbam_focal_v1,,,,,,,,,,,,,,,0.8416500332667998,0.7718122589784124,0.7690818004600029,0.769837214284092,,,,,,efficientnet_b0_cbam_weighted_v1+efficientnet_b0_cbam_focal_v1,0.8+0.2,,results/phase4/ensemble_validation_results.csv,csv_row:64,7fd6390aabe8cd14c3dbf62ed3d1495f266cc6c60d01543cd81952f6f5e6f8c8,,,,original,,,,historical_observed,not_selected_for_new_final_model,Imported from saved evidence; protocol mapped from audited producer/folder. Empty fields mean not recorded. Validation-selected; test not evaluated.
legacy:results/phase4/ensemble_validation_results.csv#csv_row:65,legacy,tabular_candidate,phase4,strict_lesion_disjoint,validation,data/splits/split_assignments.csv,db1ce9f8b83f176001dd89fd332fb1668c7d2ba5f58d77157d293a09e2c2e696,"weighted+focal|all_tta|0.9,0.1",efficientnet_b0_cbam_weighted_v1+efficientnet_b0_cbam_focal_v1,,,,,,,,,,,,,,,0.8423153692614771,0.77269957042473,0.7699476013258036,0.7707136384733998,,,,,,efficientnet_b0_cbam_weighted_v1+efficientnet_b0_cbam_focal_v1,0.9+0.1,,results/phase4/ensemble_validation_results.csv,csv_row:65,7fd6390aabe8cd14c3dbf62ed3d1495f266cc6c60d01543cd81952f6f5e6f8c8,,,,original,,,,historical_observed,not_selected_for_new_final_model,Imported from saved evidence; protocol mapped from audited producer/folder. Empty fields mean not recorded. Validation-selected; test not evaluated.
legacy:results/phase4/ensemble_validation_results.csv#csv_row:66,legacy,tabular_candidate,phase4,strict_lesion_disjoint,validation,data/splits/split_assignments.csv,db1ce9f8b83f176001dd89fd332fb1668c7d2ba5f58d77157d293a09e2c2e696,"weighted+focal|all_tta|1.0,0.0",efficientnet_b0_cbam_weighted_v1+efficientnet_b0_cbam_focal_v1,,,,,,,,,,,,,,,0.8423153692614771,0.7719723400994944,0.7699476013258036,0.7703611681312049,,,,,,efficientnet_b0_cbam_weighted_v1+efficientnet_b0_cbam_focal_v1,1.0+0.0,,results/phase4/ensemble_validation_results.csv,csv_row:66,7fd6390aabe8cd14c3dbf62ed3d1495f266cc6c60d01543cd81952f6f5e6f8c8,,,,original,,,,historical_observed,not_selected_for_new_final_model,Imported from saved evidence; protocol mapped from audited producer/folder. Empty fields mean not recorded. Validation-selected; test not evaluated.
legacy:results/phase4/ensemble_validation_results.csv#csv_row:67,legacy,tabular_candidate,phase4,strict_lesion_disjoint,validation,data/splits/split_assignments.csv,db1ce9f8b83f176001dd89fd332fb1668c7d2ba5f58d77157d293a09e2c2e696,"weighted+oversampled+focal|normal|0.0,0.0,1.0",efficientnet_b0_cbam_weighted_v1+efficientnet_b0_cbam_oversampled_v1+efficientnet_b0_cbam_focal_v1,,,,,,,,,,,,,,,0.8376580172987359,0.7370083034033689,0.7158473258325778,0.7238217217065802,,,,,,efficientnet_b0_cbam_weighted_v1+efficientnet_b0_cbam_oversampled_v1+efficientnet_b0_cbam_focal_v1,0.0+0.0+1.0,,results/phase4/ensemble_validation_results.csv,csv_row:67,7fd6390aabe8cd14c3dbf62ed3d1495f266cc6c60d01543cd81952f6f5e6f8c8,,,,original,,,,historical_observed,not_selected_for_new_final_model,Imported from saved evidence; protocol mapped from audited producer/folder. Empty fields mean not recorded. Validation-selected; test not evaluated.
legacy:results/phase4/ensemble_validation_results.csv#csv_row:68,legacy,tabular_candidate,phase4,strict_lesion_disjoint,validation,data/splits/split_assignments.csv,db1ce9f8b83f176001dd89fd332fb1668c7d2ba5f58d77157d293a09e2c2e696,"weighted+oversampled+focal|normal|0.0,0.1,0.9",efficientnet_b0_cbam_weighted_v1+efficientnet_b0_cbam_oversampled_v1+efficientnet_b0_cbam_focal_v1,,,,,,,,,,,,,,,0.8396540252827678,0.7355199149794908,0.7067487361856089,0.7182545172219086,,,,,,efficientnet_b0_cbam_weighted_v1+efficientnet_b0_cbam_oversampled_v1+efficientnet_b0_cbam_focal_v1,0.0+0.1+0.9,,results/phase4/ensemble_validation_results.csv,csv_row:68,7fd6390aabe8cd14c3dbf62ed3d1495f266cc6c60d01543cd81952f6f5e6f8c8,,,,original,,,,historical_observed,not_selected_for_new_final_model,Imported from saved evidence; protocol mapped from audited producer/folder. Empty fields mean not recorded. Validation-selected; test not evaluated.
legacy:results/phase4/ensemble_validation_results.csv#csv_row:69,legacy,tabular_candidate,phase4,strict_lesion_disjoint,validation,data/splits/split_assignments.csv,db1ce9f8b83f176001dd89fd332fb1668c7d2ba5f58d77157d293a09e2c2e696,"weighted+oversampled+focal|normal|0.0,0.2,0.8",efficientnet_b0_cbam_weighted_v1+efficientnet_b0_cbam_oversampled_v1+efficientnet_b0_cbam_focal_v1,,,,,,,,,,,,,,,0.8483033932135728,0.7607599049616296,0.7103204536851878,0.7309433067143244,,,,,,efficientnet_b0_cbam_weighted_v1+efficientnet_b0_cbam_oversampled_v1+efficientnet_b0_cbam_focal_v1,0.0+0.2+0.8,,results/phase4/ensemble_validation_results.csv,csv_row:69,7fd6390aabe8cd14c3dbf62ed3d1495f266cc6c60d01543cd81952f6f5e6f8c8,,,,original,,,,historical_observed,not_selected_for_new_final_model,Imported from saved evidence; protocol mapped from audited producer/folder. Empty fields mean not recorded. Validation-selected; test not evaluated.
legacy:results/phase4/ensemble_validation_results.csv#csv_row:7,legacy,tabular_candidate,phase4,strict_lesion_disjoint,validation,data/splits/split_assignments.csv,db1ce9f8b83f176001dd89fd332fb1668c7d2ba5f58d77157d293a09e2c2e696,"weighted+oversampled|normal|0.6,0.4",efficientnet_b0_cbam_weighted_v1+efficientnet_b0_cbam_oversampled_v1,,,,,,,,,,,,,,,0.8516300731869594,0.7798010919622741,0.7229200761138909,0.7479871964956458,,,,,,efficientnet_b0_cbam_weighted_v1+efficientnet_b0_cbam_oversampled_v1,0.6+0.4,,results/phase4/ensemble_validation_results.csv,csv_row:7,7fd6390aabe8cd14c3dbf62ed3d1495f266cc6c60d01543cd81952f6f5e6f8c8,,,,original,,,,historical_observed,not_selected_for_new_final_model,Imported from saved evidence; protocol mapped from audited producer/folder. Empty fields mean not recorded. Validation-selected; test not evaluated.
legacy:results/phase4/ensemble_validation_results.csv#csv_row:70,legacy,tabular_candidate,phase4,strict_lesion_disjoint,validation,data/splits/split_assignments.csv,db1ce9f8b83f176001dd89fd332fb1668c7d2ba5f58d77157d293a09e2c2e696,"weighted+oversampled+focal|normal|0.0,0.3,0.7",efficientnet_b0_cbam_weighted_v1+efficientnet_b0_cbam_oversampled_v1+efficientnet_b0_cbam_focal_v1,,,,,,,,,,,,,,,0.850964737192282,0.7704826949257493,0.7133968921937155,0.7374173353016497,,,,,,efficientnet_b0_cbam_weighted_v1+efficientnet_b0_cbam_oversampled_v1+efficientnet_b0_cbam_focal_v1,0.0+0.3+0.7,,results/phase4/ensemble_validation_results.csv,csv_row:70,7fd6390aabe8cd14c3dbf62ed3d1495f266cc6c60d01543cd81952f6f5e6f8c8,,,,original,,,,historical_observed,not_selected_for_new_final_model,Imported from saved evidence; protocol mapped from audited producer/folder. Empty fields mean not recorded. Validation-selected; test not evaluated.
legacy:results/phase4/ensemble_validation_results.csv#csv_row:71,legacy,tabular_candidate,phase4,strict_lesion_disjoint,validation,data/splits/split_assignments.csv,db1ce9f8b83f176001dd89fd332fb1668c7d2ba5f58d77157d293a09e2c2e696,"weighted+oversampled+focal|normal|0.0,0.4,0.6",efficientnet_b0_cbam_weighted_v1+efficientnet_b0_cbam_oversampled_v1+efficientnet_b0_cbam_focal_v1,,,,,,,,,,,,,,,0.8516300731869594,0.7702693857866272,0.7056158507597893,0.7324939930630446,,,,,,efficientnet_b0_cbam_weighted_v1+efficientnet_b0_cbam_oversampled_v1+efficientnet_b0_cbam_focal_v1,0.0+0.4+0.6,,results/phase4/ensemble_validation_results.csv,csv_row:71,7fd6390aabe8cd14c3dbf62ed3d1495f266cc6c60d01543cd81952f6f5e6f8c8,,,,original,,,,historical_observed,not_selected_for_new_final_model,Imported from saved evidence; protocol mapped from audited producer/folder. Empty fields mean not recorded. Validation-selected; test not evaluated.
legacy:results/phase4/ensemble_validation_results.csv#csv_row:72,legacy,tabular_candidate,phase4,strict_lesion_disjoint,validation,data/splits/split_assignments.csv,db1ce9f8b83f176001dd89fd332fb1668c7d2ba5f58d77157d293a09e2c2e696,"weighted+oversampled+focal|normal|0.0,0.5,0.5",efficientnet_b0_cbam_weighted_v1+efficientnet_b0_cbam_oversampled_v1+efficientnet_b0_cbam_focal_v1,,,,,,,,,,,,,,,0.8516300731869594,0.777961017799711,0.7058815417099449,0.7355063884574725,,,,,,efficientnet_b0_cbam_weighted_v1+efficientnet_b0_cbam_oversampled_v1+efficientnet_b0_cbam_focal_v1,0.0+0.5+0.5,,results/phase4/ensemble_validation_results.csv,csv_row:72,7fd6390aabe8cd14c3dbf62ed3d1495f266cc6c60d01543cd81952f6f5e6f8c8,,,,original,,,,historical_observed,not_selected_for_new_final_model,Imported from saved evidence; protocol mapped from audited producer/folder. Empty fields mean not recorded. Validation-selected; test not evaluated.
legacy:results/phase4/ensemble_validation_results.csv#csv_row:73,legacy,tabular_candidate,phase4,strict_lesion_disjoint,validation,data/splits/split_assignments.csv,db1ce9f8b83f176001dd89fd332fb1668c7d2ba5f58d77157d293a09e2c2e696,"weighted+oversampled+focal|normal|0.0,0.6,0.4",efficientnet_b0_cbam_weighted_v1+efficientnet_b0_cbam_oversampled_v1+efficientnet_b0_cbam_focal_v1,,,,,,,,,,,,,,,0.8502994011976048,0.776586464916767,0.7041551556462095,0.7340277413873185,,,,,,efficientnet_b0_cbam_weighted_v1+efficientnet_b0_cbam_oversampled_v1+efficientnet_b0_cbam_focal_v1,0.0+0.6+0.4,,results/phase4/ensemble_validation_results.csv,csv_row:73,7fd6390aabe8cd14c3dbf62ed3d1495f266cc6c60d01543cd81952f6f5e6f8c8,,,,original,,,,historical_observed,not_selected_for_new_final_model,Imported from saved evidence; protocol mapped from audited producer/folder. Empty fields mean not recorded. Validation-selected; test not evaluated.
legacy:results/phase4/ensemble_validation_results.csv#csv_row:74,legacy,tabular_candidate,phase4,strict_lesion_disjoint,validation,data/splits/split_assignments.csv,db1ce9f8b83f176001dd89fd332fb1668c7d2ba5f58d77157d293a09e2c2e696,"weighted+oversampled+focal|normal|0.0,0.7,0.3",efficientnet_b0_cbam_weighted_v1+efficientnet_b0_cbam_oversampled_v1+efficientnet_b0_cbam_focal_v1,,,,,,,,,,,,,,,0.850964737192282,0.7749313738159103,0.7008686585955503,0.7311130997367243,,,,,,efficientnet_b0_cbam_weighted_v1+efficientnet_b0_cbam_oversampled_v1+efficientnet_b0_cbam_focal_v1,0.0+0.7+0.3,,results/phase4/ensemble_validation_results.csv,csv_row:74,7fd6390aabe8cd14c3dbf62ed3d1495f266cc6c60d01543cd81952f6f5e6f8c8,,,,original,,,,historical_observed,not_selected_for_new_final_model,Imported from saved evidence; protocol mapped from audited producer/folder. Empty fields mean not recorded. Validation-selected; test not evaluated.
legacy:results/phase4/ensemble_validation_results.csv#csv_row:75,legacy,tabular_candidate,phase4,strict_lesion_disjoint,validation,data/splits/split_assignments.csv,db1ce9f8b83f176001dd89fd332fb1668c7d2ba5f58d77157d293a09e2c2e696,"weighted+oversampled+focal|normal|0.0,0.8,0.2",efficientnet_b0_cbam_weighted_v1+efficientnet_b0_cbam_oversampled_v1+efficientnet_b0_cbam_focal_v1,,,,,,,,,,,,,,,0.852960745176314,0.7787515168629323,0.7017423473998311,0.7335517266666932,,,,,,efficientnet_b0_cbam_weighted_v1+efficientnet_b0_cbam_oversampled_v1+efficientnet_b0_cbam_focal_v1,0.0+0.8+0.2,,results/phase4/ensemble_validation_results.csv,csv_row:75,7fd6390aabe8cd14c3dbf62ed3d1495f266cc6c60d01543cd81952f6f5e6f8c8,,,,original,,,,historical_observed,not_selected_for_new_final_model,Imported from saved evidence; protocol mapped from audited producer/folder. Empty fields mean not recorded. Validation-selected; test not evaluated.
legacy:results/phase4/ensemble_validation_results.csv#csv_row:76,legacy,tabular_candidate,phase4,strict_lesion_disjoint,validation,data/splits/split_assignments.csv,db1ce9f8b83f176001dd89fd332fb1668c7d2ba5f58d77157d293a09e2c2e696,"weighted+oversampled+focal|normal|0.0,0.9,0.1",efficientnet_b0_cbam_weighted_v1+efficientnet_b0_cbam_oversampled_v1+efficientnet_b0_cbam_focal_v1,,,,,,,,,,,,,,,0.852960745176314,0.7787515168629323,0.7017423473998311,0.7335517266666932,,,,,,efficientnet_b0_cbam_weighted_v1+efficientnet_b0_cbam_oversampled_v1+efficientnet_b0_cbam_focal_v1,0.0+0.9+0.1,,results/phase4/ensemble_validation_results.csv,csv_row:76,7fd6390aabe8cd14c3dbf62ed3d1495f266cc6c60d01543cd81952f6f5e6f8c8,,,,original,,,,historical_observed,not_selected_for_new_final_model,Imported from saved evidence; protocol mapped from audited producer/folder. Empty fields mean not recorded. Validation-selected; test not evaluated.
legacy:results/phase4/ensemble_validation_results.csv#csv_row:77,legacy,tabular_candidate,phase4,strict_lesion_disjoint,validation,data/splits/split_assignments.csv,db1ce9f8b83f176001dd89fd332fb1668c7d2ba5f58d77157d293a09e2c2e696,"weighted+oversampled+focal|normal|0.0,1.0,0.0",efficientnet_b0_cbam_weighted_v1+efficientnet_b0_cbam_oversampled_v1+efficientnet_b0_cbam_focal_v1,,,,,,,,,,,,,,,0.852960745176314,0.7772497636091177,0.7007404921122615,0.732131726806851,,,,,,efficientnet_b0_cbam_weighted_v1+efficientnet_b0_cbam_oversampled_v1+efficientnet_b0_cbam_focal_v1,0.0+1.0+0.0,,results/phase4/ensemble_validation_results.csv,csv_row:77,7fd6390aabe8cd14c3dbf62ed3d1495f266cc6c60d01543cd81952f6f5e6f8c8,,,,original,,,,historical_observed,not_selected_for_new_final_model,Imported from saved evidence; protocol mapped from audited producer/folder. Empty fields mean not recorded. Validation-selected; test not evaluated.
legacy:results/phase4/ensemble_validation_results.csv#csv_row:78,legacy,tabular_candidate,phase4,strict_lesion_disjoint,validation,data/splits/split_assignments.csv,db1ce9f8b83f176001dd89fd332fb1668c7d2ba5f58d77157d293a09e2c2e696,"weighted+oversampled+focal|normal|0.1,0.0,0.9",efficientnet_b0_cbam_weighted_v1+efficientnet_b0_cbam_oversampled_v1+efficientnet_b0_cbam_focal_v1,,,,,,,,,,,,,,,0.8403193612774451,0.7369430619953619,0.718576302206432,0.7250853572076795,,,,,,efficientnet_b0_cbam_weighted_v1+efficientnet_b0_cbam_oversampled_v1+efficientnet_b0_cbam_focal_v1,0.1+0.0+0.9,,results/phase4/ensemble_validation_results.csv,csv_row:78,7fd6390aabe8cd14c3dbf62ed3d1495f266cc6c60d01543cd81952f6f5e6f8c8,,,,original,,,,historical_observed,not_selected_for_new_final_model,Imported from saved evidence; protocol mapped from audited producer/folder. Empty fields mean not recorded. Validation-selected; test not evaluated.
legacy:results/phase4/ensemble_validation_results.csv#csv_row:79,legacy,tabular_candidate,phase4,strict_lesion_disjoint,validation,data/splits/split_assignments.csv,db1ce9f8b83f176001dd89fd332fb1668c7d2ba5f58d77157d293a09e2c2e696,"weighted+oversampled+focal|normal|0.1,0.1,0.8",efficientnet_b0_cbam_weighted_v1+efficientnet_b0_cbam_oversampled_v1+efficientnet_b0_cbam_focal_v1,,,,,,,,,,,,,,,0.8436460412508316,0.7499150565318652,0.714913938739796,0.7294517043677612,,,,,,efficientnet_b0_cbam_weighted_v1+efficientnet_b0_cbam_oversampled_v1+efficientnet_b0_cbam_focal_v1,0.1+0.1+0.8,,results/phase4/ensemble_validation_results.csv,csv_row:79,7fd6390aabe8cd14c3dbf62ed3d1495f266cc6c60d01543cd81952f6f5e6f8c8,,,,original,,,,historical_observed,not_selected_for_new_final_model,Imported from saved evidence; protocol mapped from audited producer/folder. Empty fields mean not recorded. Validation-selected; test not evaluated.
legacy:results/phase4/ensemble_validation_results.csv#csv_row:8,legacy,tabular_candidate,phase4,strict_lesion_disjoint,validation,data/splits/split_assignments.csv,db1ce9f8b83f176001dd89fd332fb1668c7d2ba5f58d77157d293a09e2c2e696,"weighted+oversampled|normal|0.7,0.3",efficientnet_b0_cbam_weighted_v1+efficientnet_b0_cbam_oversampled_v1,,,,,,,,,,,,,,,0.852960745176314,0.7831200818019738,0.7398150453960859,0.7594516558681128,,,,,,efficientnet_b0_cbam_weighted_v1+efficientnet_b0_cbam_oversampled_v1,0.7+0.3,,results/phase4/ensemble_validation_results.csv,csv_row:8,7fd6390aabe8cd14c3dbf62ed3d1495f266cc6c60d01543cd81952f6f5e6f8c8,,,,original,,,,historical_observed,not_selected_for_new_final_model,Imported from saved evidence; protocol mapped from audited producer/folder. Empty fields mean not recorded. Validation-selected; test not evaluated.
legacy:results/phase4/ensemble_validation_results.csv#csv_row:80,legacy,tabular_candidate,phase4,strict_lesion_disjoint,validation,data/splits/split_assignments.csv,db1ce9f8b83f176001dd89fd332fb1668c7d2ba5f58d77157d293a09e2c2e696,"weighted+oversampled+focal|normal|0.1,0.2,0.7",efficientnet_b0_cbam_weighted_v1+efficientnet_b0_cbam_oversampled_v1+efficientnet_b0_cbam_focal_v1,,,,,,,,,,,,,,,0.8502994011976048,0.7668006083276037,0.7246527216703406,0.7428256506065711,,,,,,efficientnet_b0_cbam_weighted_v1+efficientnet_b0_cbam_oversampled_v1+efficientnet_b0_cbam_focal_v1,0.1+0.2+0.7,,results/phase4/ensemble_validation_results.csv,csv_row:80,7fd6390aabe8cd14c3dbf62ed3d1495f266cc6c60d01543cd81952f6f5e6f8c8,,,,original,,,,historical_observed,not_selected_for_new_final_model,Imported from saved evidence; protocol mapped from audited producer/folder. Empty fields mean not recorded. Validation-selected; test not evaluated.
legacy:results/phase4/ensemble_validation_results.csv#csv_row:81,legacy,tabular_candidate,phase4,strict_lesion_disjoint,validation,data/splits/split_assignments.csv,db1ce9f8b83f176001dd89fd332fb1668c7d2ba5f58d77157d293a09e2c2e696,"weighted+oversampled+focal|normal|0.1,0.3,0.6",efficientnet_b0_cbam_weighted_v1+efficientnet_b0_cbam_oversampled_v1+efficientnet_b0_cbam_focal_v1,,,,,,,,,,,,,,,0.8522954091816367,0.7713883156384069,0.7099049381205669,0.7360107442321755,,,,,,efficientnet_b0_cbam_weighted_v1+efficientnet_b0_cbam_oversampled_v1+efficientnet_b0_cbam_focal_v1,0.1+0.3+0.6,,results/phase4/ensemble_validation_results.csv,csv_row:81,7fd6390aabe8cd14c3dbf62ed3d1495f266cc6c60d01543cd81952f6f5e6f8c8,,,,original,,,,historical_observed,not_selected_for_new_final_model,Imported from saved evidence; protocol mapped from audited producer/folder. Empty fields mean not recorded. Validation-selected; test not evaluated.
legacy:results/phase4/ensemble_validation_results.csv#csv_row:82,legacy,tabular_candidate,phase4,strict_lesion_disjoint,validation,data/splits/split_assignments.csv,db1ce9f8b83f176001dd89fd332fb1668c7d2ba5f58d77157d293a09e2c2e696,"weighted+oversampled+focal|normal|0.1,0.4,0.5",efficientnet_b0_cbam_weighted_v1+efficientnet_b0_cbam_oversampled_v1+efficientnet_b0_cbam_focal_v1,,,,,,,,,,,,,,,0.852960745176314,0.7729698012501988,0.7164095015534401,0.7407000315891487,,,,,,efficientnet_b0_cbam_weighted_v1+efficientnet_b0_cbam_oversampled_v1+efficientnet_b0_cbam_focal_v1,0.1+0.4+0.5,,results/phase4/ensemble_validation_results.csv,csv_row:82,7fd6390aabe8cd14c3dbf62ed3d1495f266cc6c60d01543cd81952f6f5e6f8c8,,,,original,,,,historical_observed,not_selected_for_new_final_model,Imported from saved evidence; protocol mapped from audited producer/folder. Empty fields mean not recorded. Validation-selected; test not evaluated.
legacy:results/phase4/ensemble_validation_results.csv#csv_row:83,legacy,tabular_candidate,phase4,strict_lesion_disjoint,validation,data/splits/split_assignments.csv,db1ce9f8b83f176001dd89fd332fb1668c7d2ba5f58d77157d293a09e2c2e696,"weighted+oversampled+focal|normal|0.1,0.5,0.4",efficientnet_b0_cbam_weighted_v1+efficientnet_b0_cbam_oversampled_v1+efficientnet_b0_cbam_focal_v1,,,,,,,,,,,,,,,0.850964737192282,0.7767958536169857,0.7120916635827174,0.7393020698010873,,,,,,efficientnet_b0_cbam_weighted_v1+efficientnet_b0_cbam_oversampled_v1+efficientnet_b0_cbam_focal_v1,0.1+0.5+0.4,,results/phase4/ensemble_validation_results.csv,csv_row:83,7fd6390aabe8cd14c3dbf62ed3d1495f266cc6c60d01543cd81952f6f5e6f8c8,,,,original,,,,historical_observed,not_selected_for_new_final_model,Imported from saved evidence; protocol mapped from audited producer/folder. Empty fields mean not recorded. Validation-selected; test not evaluated.
legacy:results/phase4/ensemble_validation_results.csv#csv_row:84,legacy,tabular_candidate,phase4,strict_lesion_disjoint,validation,data/splits/split_assignments.csv,db1ce9f8b83f176001dd89fd332fb1668c7d2ba5f58d77157d293a09e2c2e696,"weighted+oversampled+focal|normal|0.1,0.6,0.3",efficientnet_b0_cbam_weighted_v1+efficientnet_b0_cbam_oversampled_v1+efficientnet_b0_cbam_focal_v1,,,,,,,,,,,,,,,0.8502994011976048,0.7758319072390621,0.7041603713140756,0.7336692886147851,,,,,,efficientnet_b0_cbam_weighted_v1+efficientnet_b0_cbam_oversampled_v1+efficientnet_b0_cbam_focal_v1,0.1+0.6+0.3,,results/phase4/ensemble_validation_results.csv,csv_row:84,7fd6390aabe8cd14c3dbf62ed3d1495f266cc6c60d01543cd81952f6f5e6f8c8,,,,original,,,,historical_observed,not_selected_for_new_final_model,Imported from saved evidence; protocol mapped from audited producer/folder. Empty fields mean not recorded. Validation-selected; test not evaluated.
legacy:results/phase4/ensemble_validation_results.csv#csv_row:85,legacy,tabular_candidate,phase4,strict_lesion_disjoint,validation,data/splits/split_assignments.csv,db1ce9f8b83f176001dd89fd332fb1668c7d2ba5f58d77157d293a09e2c2e696,"weighted+oversampled+focal|normal|0.1,0.7,0.2",efficientnet_b0_cbam_weighted_v1+efficientnet_b0_cbam_oversampled_v1+efficientnet_b0_cbam_focal_v1,,,,,,,,,,,,,,,0.8522954091816367,0.7778725698562747,0.7025950446592857,0.733380012510681,,,,,,efficientnet_b0_cbam_weighted_v1+efficientnet_b0_cbam_oversampled_v1+efficientnet_b0_cbam_focal_v1,0.1+0.7+0.2,,results/phase4/ensemble_validation_results.csv,csv_row:85,7fd6390aabe8cd14c3dbf62ed3d1495f266cc6c60d01543cd81952f6f5e6f8c8,,,,original,,,,historical_observed,not_selected_for_new_final_model,Imported from saved evidence; protocol mapped from audited producer/folder. Empty fields mean not recorded. Validation-selected; test not evaluated.
legacy:results/phase4/ensemble_validation_results.csv#csv_row:86,legacy,tabular_candidate,phase4,strict_lesion_disjoint,validation,data/splits/split_assignments.csv,db1ce9f8b83f176001dd89fd332fb1668c7d2ba5f58d77157d293a09e2c2e696,"weighted+oversampled+focal|normal|0.1,0.8,0.1",efficientnet_b0_cbam_weighted_v1+efficientnet_b0_cbam_oversampled_v1+efficientnet_b0_cbam_focal_v1,,,,,,,,,,,,,,,0.8516300731869594,0.7759367193659871,0.7017344594613512,0.7319364478601724,,,,,,efficientnet_b0_cbam_weighted_v1+efficientnet_b0_cbam_oversampled_v1+efficientnet_b0_cbam_focal_v1,0.1+0.8+0.1,,results/phase4/ensemble_validation_results.csv,csv_row:86,7fd6390aabe8cd14c3dbf62ed3d1495f266cc6c60d01543cd81952f6f5e6f8c8,,,,original,,,,historical_observed,not_selected_for_new_final_model,Imported from saved evidence; protocol mapped from audited producer/folder. Empty fields mean not recorded. Validation-selected; test not evaluated.
legacy:results/phase4/ensemble_validation_results.csv#csv_row:87,legacy,tabular_candidate,phase4,strict_lesion_disjoint,validation,data/splits/split_assignments.csv,db1ce9f8b83f176001dd89fd332fb1668c7d2ba5f58d77157d293a09e2c2e696,"weighted+oversampled+focal|normal|0.1,0.9,0.0",efficientnet_b0_cbam_weighted_v1+efficientnet_b0_cbam_oversampled_v1+efficientnet_b0_cbam_focal_v1,,,,,,,,,,,,,,,0.852960745176314,0.7787515168629323,0.7017423473998311,0.7335517266666932,,,,,,efficientnet_b0_cbam_weighted_v1+efficientnet_b0_cbam_oversampled_v1+efficientnet_b0_cbam_focal_v1,0.1+0.9+0.0,,results/phase4/ensemble_validation_results.csv,csv_row:87,7fd6390aabe8cd14c3dbf62ed3d1495f266cc6c60d01543cd81952f6f5e6f8c8,,,,original,,,,historical_observed,not_selected_for_new_final_model,Imported from saved evidence; protocol mapped from audited producer/folder. Empty fields mean not recorded. Validation-selected; test not evaluated.
legacy:results/phase4/ensemble_validation_results.csv#csv_row:88,legacy,tabular_candidate,phase4,strict_lesion_disjoint,validation,data/splits/split_assignments.csv,db1ce9f8b83f176001dd89fd332fb1668c7d2ba5f58d77157d293a09e2c2e696,"weighted+oversampled+focal|normal|0.2,0.0,0.8",efficientnet_b0_cbam_weighted_v1+efficientnet_b0_cbam_oversampled_v1+efficientnet_b0_cbam_focal_v1,,,,,,,,,,,,,,,0.8396540252827678,0.7431596198601628,0.7262444469221707,0.7326703870366514,,,,,,efficientnet_b0_cbam_weighted_v1+efficientnet_b0_cbam_oversampled_v1+efficientnet_b0_cbam_focal_v1,0.2+0.0+0.8,,results/phase4/ensemble_validation_results.csv,csv_row:88,7fd6390aabe8cd14c3dbf62ed3d1495f266cc6c60d01543cd81952f6f5e6f8c8,,,,original,,,,historical_observed,not_selected_for_new_final_model,Imported from saved evidence; protocol mapped from audited producer/folder. Empty fields mean not recorded. Validation-selected; test not evaluated.
legacy:results/phase4/ensemble_validation_results.csv#csv_row:89,legacy,tabular_candidate,phase4,strict_lesion_disjoint,validation,data/splits/split_assignments.csv,db1ce9f8b83f176001dd89fd332fb1668c7d2ba5f58d77157d293a09e2c2e696,"weighted+oversampled+focal|normal|0.2,0.1,0.7",efficientnet_b0_cbam_weighted_v1+efficientnet_b0_cbam_oversampled_v1+efficientnet_b0_cbam_focal_v1,,,,,,,,,,,,,,,0.8456420492348636,0.764666491911502,0.7340292419779012,0.7474790291930274,,,,,,efficientnet_b0_cbam_weighted_v1+efficientnet_b0_cbam_oversampled_v1+efficientnet_b0_cbam_focal_v1,0.2+0.1+0.7,,results/phase4/ensemble_validation_results.csv,csv_row:89,7fd6390aabe8cd14c3dbf62ed3d1495f266cc6c60d01543cd81952f6f5e6f8c8,,,,original,,,,historical_observed,not_selected_for_new_final_model,Imported from saved evidence; protocol mapped from audited producer/folder. Empty fields mean not recorded. Validation-selected; test not evaluated.
legacy:results/phase4/ensemble_validation_results.csv#csv_row:9,legacy,tabular_candidate,phase4,strict_lesion_disjoint,validation,data/splits/split_assignments.csv,db1ce9f8b83f176001dd89fd332fb1668c7d2ba5f58d77157d293a09e2c2e696,"weighted+oversampled|normal|0.8,0.2",efficientnet_b0_cbam_weighted_v1+efficientnet_b0_cbam_oversampled_v1,,,,,,,,,,,,,,,0.8476380572188955,0.7592358592767947,0.7412050068100683,0.7492900130755331,,,,,,efficientnet_b0_cbam_weighted_v1+efficientnet_b0_cbam_oversampled_v1,0.8+0.2,,results/phase4/ensemble_validation_results.csv,csv_row:9,7fd6390aabe8cd14c3dbf62ed3d1495f266cc6c60d01543cd81952f6f5e6f8c8,,,,original,,,,historical_observed,not_selected_for_new_final_model,Imported from saved evidence; protocol mapped from audited producer/folder. Empty fields mean not recorded. Validation-selected; test not evaluated.
legacy:results/phase4/ensemble_validation_results.csv#csv_row:90,legacy,tabular_candidate,phase4,strict_lesion_disjoint,validation,data/splits/split_assignments.csv,db1ce9f8b83f176001dd89fd332fb1668c7d2ba5f58d77157d293a09e2c2e696,"weighted+oversampled+focal|normal|0.2,0.2,0.6",efficientnet_b0_cbam_weighted_v1+efficientnet_b0_cbam_oversampled_v1+efficientnet_b0_cbam_focal_v1,,,,,,,,,,,,,,,0.8536260811709914,0.7796449913102287,0.7416703329656592,0.7587369037174035,,,,,,efficientnet_b0_cbam_weighted_v1+efficientnet_b0_cbam_oversampled_v1+efficientnet_b0_cbam_focal_v1,0.2+0.2+0.6,,results/phase4/ensemble_validation_results.csv,csv_row:90,7fd6390aabe8cd14c3dbf62ed3d1495f266cc6c60d01543cd81952f6f5e6f8c8,,,,original,,,,historical_observed,not_selected_for_new_final_model,Imported from saved evidence; protocol mapped from audited producer/folder. Empty fields mean not recorded. Validation-selected; test not evaluated.
legacy:results/phase4/ensemble_validation_results.csv#csv_row:91,legacy,tabular_candidate,phase4,strict_lesion_disjoint,validation,data/splits/split_assignments.csv,db1ce9f8b83f176001dd89fd332fb1668c7d2ba5f58d77157d293a09e2c2e696,"weighted+oversampled+focal|normal|0.2,0.3,0.5",efficientnet_b0_cbam_weighted_v1+efficientnet_b0_cbam_oversampled_v1+efficientnet_b0_cbam_focal_v1,,,,,,,,,,,,,,,0.8536260811709914,0.7819250792273236,0.7264965340793333,0.750809619497515,,,,,,efficientnet_b0_cbam_weighted_v1+efficientnet_b0_cbam_oversampled_v1+efficientnet_b0_cbam_focal_v1,0.2+0.3+0.5,,results/phase4/ensemble_validation_results.csv,csv_row:91,7fd6390aabe8cd14c3dbf62ed3d1495f266cc6c60d01543cd81952f6f5e6f8c8,,,,original,,,,historical_observed,not_selected_for_new_final_model,Imported from saved evidence; protocol mapped from audited producer/folder. Empty fields mean not recorded. Validation-selected; test not evaluated.
legacy:results/phase4/ensemble_validation_results.csv#csv_row:92,legacy,tabular_candidate,phase4,strict_lesion_disjoint,validation,data/splits/split_assignments.csv,db1ce9f8b83f176001dd89fd332fb1668c7d2ba5f58d77157d293a09e2c2e696,"weighted+oversampled+focal|normal|0.2,0.4,0.4",efficientnet_b0_cbam_weighted_v1+efficientnet_b0_cbam_oversampled_v1+efficientnet_b0_cbam_focal_v1,,,,,,,,,,,,,,,0.852960745176314,0.7791341780797297,0.7241987887098977,0.7479352485282217,,,,,,efficientnet_b0_cbam_weighted_v1+efficientnet_b0_cbam_oversampled_v1+efficientnet_b0_cbam_focal_v1,0.2+0.4+0.4,,results/phase4/ensemble_validation_results.csv,csv_row:92,7fd6390aabe8cd14c3dbf62ed3d1495f266cc6c60d01543cd81952f6f5e6f8c8,,,,original,,,,historical_observed,not_selected_for_new_final_model,Imported from saved evidence; protocol mapped from audited producer/folder. Empty fields mean not recorded. Validation-selected; test not evaluated.
legacy:results/phase4/ensemble_validation_results.csv#csv_row:93,legacy,tabular_candidate,phase4,strict_lesion_disjoint,validation,data/splits/split_assignments.csv,db1ce9f8b83f176001dd89fd332fb1668c7d2ba5f58d77157d293a09e2c2e696,"weighted+oversampled+focal|normal|0.2,0.5,0.3",efficientnet_b0_cbam_weighted_v1+efficientnet_b0_cbam_oversampled_v1+efficientnet_b0_cbam_focal_v1,,,,,,,,,,,,,,,0.8502994011976048,0.7828291032562926,0.7207512322502929,0.74703525360316,,,,,,efficientnet_b0_cbam_weighted_v1+efficientnet_b0_cbam_oversampled_v1+efficientnet_b0_cbam_focal_v1,0.2+0.5+0.3,,results/phase4/ensemble_validation_results.csv,csv_row:93,7fd6390aabe8cd14c3dbf62ed3d1495f266cc6c60d01543cd81952f6f5e6f8c8,,,,original,,,,historical_observed,not_selected_for_new_final_model,Imported from saved evidence; protocol mapped from audited producer/folder. Empty fields mean not recorded. Validation-selected; test not evaluated.
legacy:results/phase4/ensemble_validation_results.csv#csv_row:94,legacy,tabular_candidate,phase4,strict_lesion_disjoint,validation,data/splits/split_assignments.csv,db1ce9f8b83f176001dd89fd332fb1668c7d2ba5f58d77157d293a09e2c2e696,"weighted+oversampled+focal|normal|0.2,0.6,0.2",efficientnet_b0_cbam_weighted_v1+efficientnet_b0_cbam_oversampled_v1+efficientnet_b0_cbam_focal_v1,,,,,,,,,,,,,,,0.850964737192282,0.7842421446781341,0.7128154593363342,0.742558564133948,,,,,,efficientnet_b0_cbam_weighted_v1+efficientnet_b0_cbam_oversampled_v1+efficientnet_b0_cbam_focal_v1,0.2+0.6+0.2,,results/phase4/ensemble_validation_results.csv,csv_row:94,7fd6390aabe8cd14c3dbf62ed3d1495f266cc6c60d01543cd81952f6f5e6f8c8,,,,original,,,,historical_observed,not_selected_for_new_final_model,Imported from saved evidence; protocol mapped from audited producer/folder. Empty fields mean not recorded. Validation-selected; test not evaluated.
legacy:results/phase4/ensemble_validation_results.csv#csv_row:95,legacy,tabular_candidate,phase4,strict_lesion_disjoint,validation,data/splits/split_assignments.csv,db1ce9f8b83f176001dd89fd332fb1668c7d2ba5f58d77157d293a09e2c2e696,"weighted+oversampled+focal|normal|0.2,0.7,0.1",efficientnet_b0_cbam_weighted_v1+efficientnet_b0_cbam_oversampled_v1+efficientnet_b0_cbam_focal_v1,,,,,,,,,,,,,,,0.852960745176314,0.7862016818515742,0.7125228945871357,0.7430308907525761,,,,,,efficientnet_b0_cbam_weighted_v1+efficientnet_b0_cbam_oversampled_v1+efficientnet_b0_cbam_focal_v1,0.2+0.7+0.1,,results/phase4/ensemble_validation_results.csv,csv_row:95,7fd6390aabe8cd14c3dbf62ed3d1495f266cc6c60d01543cd81952f6f5e6f8c8,,,,original,,,,historical_observed,not_selected_for_new_final_model,Imported from saved evidence; protocol mapped from audited producer/folder. Empty fields mean not recorded. Validation-selected; test not evaluated.
legacy:results/phase4/ensemble_validation_results.csv#csv_row:96,legacy,tabular_candidate,phase4,strict_lesion_disjoint,validation,data/splits/split_assignments.csv,db1ce9f8b83f176001dd89fd332fb1668c7d2ba5f58d77157d293a09e2c2e696,"weighted+oversampled+focal|normal|0.2,0.8,0.0",efficientnet_b0_cbam_weighted_v1+efficientnet_b0_cbam_oversampled_v1+efficientnet_b0_cbam_focal_v1,,,,,,,,,,,,,,,0.8516300731869594,0.7830692443487388,0.7088051665320583,0.7394304001805104,,,,,,efficientnet_b0_cbam_weighted_v1+efficientnet_b0_cbam_oversampled_v1+efficientnet_b0_cbam_focal_v1,0.2+0.8+0.0,,results/phase4/ensemble_validation_results.csv,csv_row:96,7fd6390aabe8cd14c3dbf62ed3d1495f266cc6c60d01543cd81952f6f5e6f8c8,,,,original,,,,historical_observed,not_selected_for_new_final_model,Imported from saved evidence; protocol mapped from audited producer/folder. Empty fields mean not recorded. Validation-selected; test not evaluated.
legacy:results/phase4/ensemble_validation_results.csv#csv_row:97,legacy,tabular_candidate,phase4,strict_lesion_disjoint,validation,data/splits/split_assignments.csv,db1ce9f8b83f176001dd89fd332fb1668c7d2ba5f58d77157d293a09e2c2e696,"weighted+oversampled+focal|normal|0.3,0.0,0.7",efficientnet_b0_cbam_weighted_v1+efficientnet_b0_cbam_oversampled_v1+efficientnet_b0_cbam_focal_v1,,,,,,,,,,,,,,,0.8416500332667998,0.7468844127491557,0.7276775332141586,0.7354931251839572,,,,,,efficientnet_b0_cbam_weighted_v1+efficientnet_b0_cbam_oversampled_v1+efficientnet_b0_cbam_focal_v1,0.3+0.0+0.7,,results/phase4/ensemble_validation_results.csv,csv_row:97,7fd6390aabe8cd14c3dbf62ed3d1495f266cc6c60d01543cd81952f6f5e6f8c8,,,,original,,,,historical_observed,not_selected_for_new_final_model,Imported from saved evidence; protocol mapped from audited producer/folder. Empty fields mean not recorded. Validation-selected; test not evaluated.
legacy:results/phase4/ensemble_validation_results.csv#csv_row:98,legacy,tabular_candidate,phase4,strict_lesion_disjoint,validation,data/splits/split_assignments.csv,db1ce9f8b83f176001dd89fd332fb1668c7d2ba5f58d77157d293a09e2c2e696,"weighted+oversampled+focal|normal|0.3,0.1,0.6",efficientnet_b0_cbam_weighted_v1+efficientnet_b0_cbam_oversampled_v1+efficientnet_b0_cbam_focal_v1,,,,,,,,,,,,,,,0.8469727212242182,0.7684815671657776,0.7464756929361386,0.756540253384585,,,,,,efficientnet_b0_cbam_weighted_v1+efficientnet_b0_cbam_oversampled_v1+efficientnet_b0_cbam_focal_v1,0.3+0.1+0.6,,results/phase4/ensemble_validation_results.csv,csv_row:98,7fd6390aabe8cd14c3dbf62ed3d1495f266cc6c60d01543cd81952f6f5e6f8c8,,,,original,,,,historical_observed,not_selected_for_new_final_model,Imported from saved evidence; protocol mapped from audited producer/folder. Empty fields mean not recorded. Validation-selected; test not evaluated.
legacy:results/phase4/ensemble_validation_results.csv#csv_row:99,legacy,tabular_candidate,phase4,strict_lesion_disjoint,validation,data/splits/split_assignments.csv,db1ce9f8b83f176001dd89fd332fb1668c7d2ba5f58d77157d293a09e2c2e696,"weighted+oversampled+focal|normal|0.3,0.2,0.5",efficientnet_b0_cbam_weighted_v1+efficientnet_b0_cbam_oversampled_v1+efficientnet_b0_cbam_focal_v1,,,,,,,,,,,,,,,0.8502994011976048,0.7784914357471354,0.7395231472332379,0.7570924699747069,,,,,,efficientnet_b0_cbam_weighted_v1+efficientnet_b0_cbam_oversampled_v1+efficientnet_b0_cbam_focal_v1,0.3+0.2+0.5,,results/phase4/ensemble_validation_results.csv,csv_row:99,7fd6390aabe8cd14c3dbf62ed3d1495f266cc6c60d01543cd81952f6f5e6f8c8,,,,original,,,,historical_observed,not_selected_for_new_final_model,Imported from saved evidence; protocol mapped from audited producer/folder. Empty fields mean not recorded. Validation-selected; test not evaluated.
legacy:results/phase4/frozen_classifier_validation_results.csv#csv_row:1,legacy,tabular_candidate,phase4,strict_lesion_disjoint,validation,data/splits/split_assignments.csv,db1ce9f8b83f176001dd89fd332fb1668c7d2ba5f58d77157d293a09e2c2e696,Logistic Regression C=0.3,Logistic Regression,,,,,,,,,,,,,,,0.8383233532934131,0.7692375184560747,0.7090491229158024,0.7347224551656346,,,,,,,,,results/phase4/frozen_classifier_validation_results.csv,csv_row:1,3de73729982641d9b86ee237b45a5126721dba92f5da4fa51d3c824072d5616b,,,,original,,,,historical_observed,not_selected_for_new_final_model,Imported from saved evidence; protocol mapped from audited producer/folder. Empty fields mean not recorded. Validation-selected; test not evaluated.
legacy:results/phase4/frozen_classifier_validation_results.csv#csv_row:2,legacy,tabular_candidate,phase4,strict_lesion_disjoint,validation,data/splits/split_assignments.csv,db1ce9f8b83f176001dd89fd332fb1668c7d2ba5f58d77157d293a09e2c2e696,Logistic Regression C=1,Logistic Regression,,,,,,,,,,,,,,,0.8349966733200266,0.7435171921846786,0.7132204066928253,0.7256034458963122,,,,,,,,,results/phase4/frozen_classifier_validation_results.csv,csv_row:2,3de73729982641d9b86ee237b45a5126721dba92f5da4fa51d3c824072d5616b,,,,original,,,,historical_observed,not_selected_for_new_final_model,Imported from saved evidence; protocol mapped from audited producer/folder. Empty fields mean not recorded. Validation-selected; test not evaluated.
legacy:results/phase4/frozen_classifier_validation_results.csv#csv_row:3,legacy,tabular_candidate,phase4,strict_lesion_disjoint,validation,data/splits/split_assignments.csv,db1ce9f8b83f176001dd89fd332fb1668c7d2ba5f58d77157d293a09e2c2e696,Logistic Regression C=3,Logistic Regression,,,,,,,,,,,,,,,0.8236859614105123,0.7128800490209121,0.7065220903087336,0.7074753169481319,,,,,,,,,results/phase4/frozen_classifier_validation_results.csv,csv_row:3,3de73729982641d9b86ee237b45a5126721dba92f5da4fa51d3c824072d5616b,,,,original,,,,historical_observed,not_selected_for_new_final_model,Imported from saved evidence; protocol mapped from audited producer/folder. Empty fields mean not recorded. Validation-selected; test not evaluated.
legacy:results/phase4/frozen_classifier_validation_results.csv#csv_row:4,legacy,tabular_candidate,phase4,strict_lesion_disjoint,validation,data/splits/split_assignments.csv,db1ce9f8b83f176001dd89fd332fb1668c7d2ba5f58d77157d293a09e2c2e696,"RBF SVM C=1,gamma=scale",RBF SVM,,,,,,,,,,,,,,,0.8270126413838988,0.7872751460030489,0.644931578737829,0.6902199870031236,,,,,,,,,results/phase4/frozen_classifier_validation_results.csv,csv_row:4,3de73729982641d9b86ee237b45a5126721dba92f5da4fa51d3c824072d5616b,,,,original,,,,historical_observed,not_selected_for_new_final_model,Imported from saved evidence; protocol mapped from audited producer/folder. Empty fields mean not recorded. Validation-selected; test not evaluated.
legacy:results/phase4/frozen_classifier_validation_results.csv#csv_row:5,legacy,tabular_candidate,phase4,strict_lesion_disjoint,validation,data/splits/split_assignments.csv,db1ce9f8b83f176001dd89fd332fb1668c7d2ba5f58d77157d293a09e2c2e696,"RBF SVM C=3,gamma=scale",RBF SVM,,,,,,,,,,,,,,,0.8303393213572854,0.7977639934930068,0.6341130289195426,0.6890158220959112,,,,,,,,,results/phase4/frozen_classifier_validation_results.csv,csv_row:5,3de73729982641d9b86ee237b45a5126721dba92f5da4fa51d3c824072d5616b,,,,original,,,,historical_observed,not_selected_for_new_final_model,Imported from saved evidence; protocol mapped from audited producer/folder. Empty fields mean not recorded. Validation-selected; test not evaluated.
legacy:results/phase4/frozen_classifier_validation_results.csv#csv_row:6,legacy,tabular_candidate,phase4,strict_lesion_disjoint,validation,data/splits/split_assignments.csv,db1ce9f8b83f176001dd89fd332fb1668c7d2ba5f58d77157d293a09e2c2e696,"RBF SVM C=10,gamma=scale",RBF SVM,,,,,,,,,,,,,,,0.8310046573519627,0.7978715519137654,0.6313650666851257,0.6874711304461415,,,,,,,,,results/phase4/frozen_classifier_validation_results.csv,csv_row:6,3de73729982641d9b86ee237b45a5126721dba92f5da4fa51d3c824072d5616b,,,,original,,,,historical_observed,not_selected_for_new_final_model,Imported from saved evidence; protocol mapped from audited producer/folder. Empty fields mean not recorded. Validation-selected; test not evaluated.
legacy:results/phase4/frozen_classifier_validation_results.csv#csv_row:7,legacy,tabular_candidate,phase4,strict_lesion_disjoint,validation,data/splits/split_assignments.csv,db1ce9f8b83f176001dd89fd332fb1668c7d2ba5f58d77157d293a09e2c2e696,"ExtraTrees trees=100,leaf=1",ExtraTrees,,,,,,,,,,,,,,,0.7970725216234198,0.8160277946488508,0.4922541492889456,0.5755628710736777,,,,,,,,,results/phase4/frozen_classifier_validation_results.csv,csv_row:7,3de73729982641d9b86ee237b45a5126721dba92f5da4fa51d3c824072d5616b,,,,original,,,,historical_observed,not_selected_for_new_final_model,Imported from saved evidence; protocol mapped from audited producer/folder. Empty fields mean not recorded. Validation-selected; test not evaluated.
legacy:results/phase4/frozen_classifier_validation_results.csv#csv_row:8,legacy,tabular_candidate,phase4,strict_lesion_disjoint,validation,data/splits/split_assignments.csv,db1ce9f8b83f176001dd89fd332fb1668c7d2ba5f58d77157d293a09e2c2e696,"ExtraTrees trees=200,leaf=2",ExtraTrees,,,,,,,,,,,,,,,0.8210246174318031,0.7958512115328451,0.5742543445345565,0.6414217498277626,,,,,,,,,results/phase4/frozen_classifier_validation_results.csv,csv_row:8,3de73729982641d9b86ee237b45a5126721dba92f5da4fa51d3c824072d5616b,,,,original,,,,historical_observed,not_selected_for_new_final_model,Imported from saved evidence; protocol mapped from audited producer/folder. Empty fields mean not recorded. Validation-selected; test not evaluated.
legacy:results/phase5_multimodal_probe/best_fusion_accuracy.json,legacy,inference_candidate,phase5_multimodal_probe,strict_lesion_disjoint,validation,data/splits/split_assignments.csv,db1ce9f8b83f176001dd89fd332fb1668c7d2ba5f58d77157d293a09e2c2e696,weighted CNN tta + full small MLP | CNN=0.8,,,,,,,,,,,,,,,,0.846307385229541,0.7712838955278757,0.7586832173243481,0.7637399804202419,,,,,,,,,results/phase5_multimodal_probe/best_fusion_accuracy.json,,971038adeab98f6390b2211f83a316449ecd08723c8b3f5af6316e5c6c8b3777,,,,original,,results/phase5_multimodal_probe/best_fusion_accuracy.json,,historical_observed,not_selected_for_new_final_model,Imported from saved evidence; protocol mapped from audited producer/folder. Empty fields mean not recorded. Validation-selected; test not evaluated.
legacy:results/phase5_multimodal_probe/best_fusion_macro_f1.json,legacy,inference_candidate,phase5_multimodal_probe,strict_lesion_disjoint,validation,data/splits/split_assignments.csv,db1ce9f8b83f176001dd89fd332fb1668c7d2ba5f58d77157d293a09e2c2e696,weighted CNN tta + full small MLP | CNN=0.9,,,,,,,,,,,,,,,,0.8456420492348636,0.774974431926352,0.7684966709616059,0.7709512216044716,,,,,,,,,results/phase5_multimodal_probe/best_fusion_macro_f1.json,,dddecb6a44024cf3ebe189d532a26ef3c0bd6b58d7fc41043b5f2e8d501f89b6,,,,original,,results/phase5_multimodal_probe/best_fusion_macro_f1.json,,historical_observed,not_selected_for_new_final_model,Imported from saved evidence; protocol mapped from audited producer/folder. Empty fields mean not recorded. Validation-selected; test not evaluated.
legacy:results/phase5_multimodal_probe/best_multimodal_classifier.json,legacy,inference_candidate,phase5_multimodal_probe,strict_lesion_disjoint,validation,data/splits/split_assignments.csv,db1ce9f8b83f176001dd89fd332fb1668c7d2ba5f58d77157d293a09e2c2e696,full small MLP,MLP,,,,,,,,,,,,,,,0.8423153692614771,0.7878545809870976,0.7151960492424422,0.7454918512517936,,,,,,,,,results/phase5_multimodal_probe/best_multimodal_classifier.json,,194937aeda47fd8941e5d4496df81542a30e2b63a3e0dd6d0696d53dd34fb27d,,,,original,,results/phase5_multimodal_probe/best_multimodal_classifier.json,,historical_observed,not_selected_for_new_final_model,Imported from saved evidence; protocol mapped from audited producer/folder. Empty fields mean not recorded. Validation-selected; test not evaluated.
legacy:results/phase5_multimodal_probe/fusion_results.csv#csv_row:1,legacy,tabular_candidate,phase5_multimodal_probe,strict_lesion_disjoint,validation,data/splits/split_assignments.csv,db1ce9f8b83f176001dd89fd332fb1668c7d2ba5f58d77157d293a09e2c2e696,weighted CNN normal + full small MLP | CNN=0.0,,,,,,,,,,,,,,,,0.8423153692614771,0.7878545809870976,0.7151960492424422,0.7454918512517936,,,,,,,,,results/phase5_multimodal_probe/fusion_results.csv,csv_row:1,fe85ac29946e965883cdea5b0d211774b598680390e09c48ffc7debd69a60319,,,,original,,,,historical_observed,not_selected_for_new_final_model,Imported from saved evidence; protocol mapped from audited producer/folder. Empty fields mean not recorded. Validation-selected; test not evaluated.
legacy:results/phase5_multimodal_probe/fusion_results.csv#csv_row:10,legacy,tabular_candidate,phase5_multimodal_probe,strict_lesion_disjoint,validation,data/splits/split_assignments.csv,db1ce9f8b83f176001dd89fd332fb1668c7d2ba5f58d77157d293a09e2c2e696,weighted CNN normal + full small MLP | CNN=0.9,,,,,,,,,,,,,,,,0.846307385229541,0.7649591955315389,0.7572857861930996,0.7604323897208003,,,,,,,,,results/phase5_multimodal_probe/fusion_results.csv,csv_row:10,fe85ac29946e965883cdea5b0d211774b598680390e09c48ffc7debd69a60319,,,,original,,,,historical_observed,not_selected_for_new_final_model,Imported from saved evidence; protocol mapped from audited producer/folder. Empty fields mean not recorded. Validation-selected; test not evaluated.
legacy:results/phase5_multimodal_probe/fusion_results.csv#csv_row:11,legacy,tabular_candidate,phase5_multimodal_probe,strict_lesion_disjoint,validation,data/splits/split_assignments.csv,db1ce9f8b83f176001dd89fd332fb1668c7d2ba5f58d77157d293a09e2c2e696,weighted CNN normal + full small MLP | CNN=1.0,,,,,,,,,,,,,,,,0.8456420492348636,0.757164195329919,0.7573133950146916,0.7568732673677362,,,,,,,,,results/phase5_multimodal_probe/fusion_results.csv,csv_row:11,fe85ac29946e965883cdea5b0d211774b598680390e09c48ffc7debd69a60319,,,,original,,,,historical_observed,not_selected_for_new_final_model,Imported from saved evidence; protocol mapped from audited producer/folder. Empty fields mean not recorded. Validation-selected; test not evaluated.
legacy:results/phase5_multimodal_probe/fusion_results.csv#csv_row:12,legacy,tabular_candidate,phase5_multimodal_probe,strict_lesion_disjoint,validation,data/splits/split_assignments.csv,db1ce9f8b83f176001dd89fd332fb1668c7d2ba5f58d77157d293a09e2c2e696,weighted CNN tta + full small MLP | CNN=0.0,,,,,,,,,,,,,,,,0.8423153692614771,0.7878545809870976,0.7151960492424422,0.7454918512517936,,,,,,,,,results/phase5_multimodal_probe/fusion_results.csv,csv_row:12,fe85ac29946e965883cdea5b0d211774b598680390e09c48ffc7debd69a60319,,,,original,,,,historical_observed,not_selected_for_new_final_model,Imported from saved evidence; protocol mapped from audited producer/folder. Empty fields mean not recorded. Validation-selected; test not evaluated.
legacy:results/phase5_multimodal_probe/fusion_results.csv#csv_row:13,legacy,tabular_candidate,phase5_multimodal_probe,strict_lesion_disjoint,validation,data/splits/split_assignments.csv,db1ce9f8b83f176001dd89fd332fb1668c7d2ba5f58d77157d293a09e2c2e696,weighted CNN tta + full small MLP | CNN=0.1,,,,,,,,,,,,,,,,0.8429807052561543,0.7887202690010798,0.7177751325656322,0.7472031417054442,,,,,,,,,results/phase5_multimodal_probe/fusion_results.csv,csv_row:13,fe85ac29946e965883cdea5b0d211774b598680390e09c48ffc7debd69a60319,,,,original,,,,historical_observed,not_selected_for_new_final_model,Imported from saved evidence; protocol mapped from audited producer/folder. Empty fields mean not recorded. Validation-selected; test not evaluated.
legacy:results/phase5_multimodal_probe/fusion_results.csv#csv_row:14,legacy,tabular_candidate,phase5_multimodal_probe,strict_lesion_disjoint,validation,data/splits/split_assignments.csv,db1ce9f8b83f176001dd89fd332fb1668c7d2ba5f58d77157d293a09e2c2e696,weighted CNN tta + full small MLP | CNN=0.2,,,,,,,,,,,,,,,,0.8423153692614771,0.7873923847910161,0.7176331274534482,0.74660233439412,,,,,,,,,results/phase5_multimodal_probe/fusion_results.csv,csv_row:14,fe85ac29946e965883cdea5b0d211774b598680390e09c48ffc7debd69a60319,,,,original,,,,historical_observed,not_selected_for_new_final_model,Imported from saved evidence; protocol mapped from audited producer/folder. Empty fields mean not recorded. Validation-selected; test not evaluated.
legacy:results/phase5_multimodal_probe/fusion_results.csv#csv_row:15,legacy,tabular_candidate,phase5_multimodal_probe,strict_lesion_disjoint,validation,data/splits/split_assignments.csv,db1ce9f8b83f176001dd89fd332fb1668c7d2ba5f58d77157d293a09e2c2e696,weighted CNN tta + full small MLP | CNN=0.3,,,,,,,,,,,,,,,,0.8423153692614771,0.7814303925111449,0.7196244694447902,0.7451181919942396,,,,,,,,,results/phase5_multimodal_probe/fusion_results.csv,csv_row:15,fe85ac29946e965883cdea5b0d211774b598680390e09c48ffc7debd69a60319,,,,original,,,,historical_observed,not_selected_for_new_final_model,Imported from saved evidence; protocol mapped from audited producer/folder. Empty fields mean not recorded. Validation-selected; test not evaluated.
legacy:results/phase5_multimodal_probe/fusion_results.csv#csv_row:16,legacy,tabular_candidate,phase5_multimodal_probe,strict_lesion_disjoint,validation,data/splits/split_assignments.csv,db1ce9f8b83f176001dd89fd332fb1668c7d2ba5f58d77157d293a09e2c2e696,weighted CNN tta + full small MLP | CNN=0.4,,,,,,,,,,,,,,,,0.8423153692614771,0.7822852646384301,0.7230634029433658,0.747728622350019,,,,,,,,,results/phase5_multimodal_probe/fusion_results.csv,csv_row:16,fe85ac29946e965883cdea5b0d211774b598680390e09c48ffc7debd69a60319,,,,original,,,,historical_observed,not_selected_for_new_final_model,Imported from saved evidence; protocol mapped from audited producer/folder. Empty fields mean not recorded. Validation-selected; test not evaluated.
legacy:results/phase5_multimodal_probe/fusion_results.csv#csv_row:17,legacy,tabular_candidate,phase5_multimodal_probe,strict_lesion_disjoint,validation,data/splits/split_assignments.csv,db1ce9f8b83f176001dd89fd332fb1668c7d2ba5f58d77157d293a09e2c2e696,weighted CNN tta + full small MLP | CNN=0.5,,,,,,,,,,,,,,,,0.844311377245509,0.7831480711678064,0.7273688723302915,0.7504885106427984,,,,,,,,,results/phase5_multimodal_probe/fusion_results.csv,csv_row:17,fe85ac29946e965883cdea5b0d211774b598680390e09c48ffc7debd69a60319,,,,original,,,,historical_observed,not_selected_for_new_final_model,Imported from saved evidence; protocol mapped from audited producer/folder. Empty fields mean not recorded. Validation-selected; test not evaluated.
legacy:results/phase5_multimodal_probe/fusion_results.csv#csv_row:18,legacy,tabular_candidate,phase5_multimodal_probe,strict_lesion_disjoint,validation,data/splits/split_assignments.csv,db1ce9f8b83f176001dd89fd332fb1668c7d2ba5f58d77157d293a09e2c2e696,weighted CNN tta + full small MLP | CNN=0.6,,,,,,,,,,,,,,,,0.844311377245509,0.7838259376681913,0.7370429931259789,0.7574584702722615,,,,,,,,,results/phase5_multimodal_probe/fusion_results.csv,csv_row:18,fe85ac29946e965883cdea5b0d211774b598680390e09c48ffc7debd69a60319,,,,original,,,,historical_observed,not_selected_for_new_final_model,Imported from saved evidence; protocol mapped from audited producer/folder. Empty fields mean not recorded. Validation-selected; test not evaluated.
legacy:results/phase5_multimodal_probe/fusion_results.csv#csv_row:19,legacy,tabular_candidate,phase5_multimodal_probe,strict_lesion_disjoint,validation,data/splits/split_assignments.csv,db1ce9f8b83f176001dd89fd332fb1668c7d2ba5f58d77157d293a09e2c2e696,weighted CNN tta + full small MLP | CNN=0.7,,,,,,,,,,,,,,,,0.8436460412508316,0.7746973071641005,0.7411246257790401,0.7556045019860481,,,,,,,,,results/phase5_multimodal_probe/fusion_results.csv,csv_row:19,fe85ac29946e965883cdea5b0d211774b598680390e09c48ffc7debd69a60319,,,,original,,,,historical_observed,not_selected_for_new_final_model,Imported from saved evidence; protocol mapped from audited producer/folder. Empty fields mean not recorded. Validation-selected; test not evaluated.
legacy:results/phase5_multimodal_probe/fusion_results.csv#csv_row:2,legacy,tabular_candidate,phase5_multimodal_probe,strict_lesion_disjoint,validation,data/splits/split_assignments.csv,db1ce9f8b83f176001dd89fd332fb1668c7d2ba5f58d77157d293a09e2c2e696,weighted CNN normal + full small MLP | CNN=0.1,,,,,,,,,,,,,,,,0.8429807052561543,0.788045244794942,0.7167804301939936,0.746588631213393,,,,,,,,,results/phase5_multimodal_probe/fusion_results.csv,csv_row:2,fe85ac29946e965883cdea5b0d211774b598680390e09c48ffc7debd69a60319,,,,original,,,,historical_observed,not_selected_for_new_final_model,Imported from saved evidence; protocol mapped from audited producer/folder. Empty fields mean not recorded. Validation-selected; test not evaluated.
legacy:results/phase5_multimodal_probe/fusion_results.csv#csv_row:20,legacy,tabular_candidate,phase5_multimodal_probe,strict_lesion_disjoint,validation,data/splits/split_assignments.csv,db1ce9f8b83f176001dd89fd332fb1668c7d2ba5f58d77157d293a09e2c2e696,weighted CNN tta + full small MLP | CNN=0.8,,,,,,,,,,,,,,,,0.846307385229541,0.7712838955278757,0.7586832173243481,0.7637399804202419,,,,,,,,,results/phase5_multimodal_probe/fusion_results.csv,csv_row:20,fe85ac29946e965883cdea5b0d211774b598680390e09c48ffc7debd69a60319,,,,original,,,,historical_observed,not_selected_for_new_final_model,Imported from saved evidence; protocol mapped from audited producer/folder. Empty fields mean not recorded. Validation-selected; test not evaluated.
legacy:results/phase5_multimodal_probe/fusion_results.csv#csv_row:21,legacy,tabular_candidate,phase5_multimodal_probe,strict_lesion_disjoint,validation,data/splits/split_assignments.csv,db1ce9f8b83f176001dd89fd332fb1668c7d2ba5f58d77157d293a09e2c2e696,weighted CNN tta + full small MLP | CNN=0.9,,,,,,,,,,,,,,,,0.8456420492348636,0.774974431926352,0.7684966709616059,0.7709512216044716,,,,,,,,,results/phase5_multimodal_probe/fusion_results.csv,csv_row:21,fe85ac29946e965883cdea5b0d211774b598680390e09c48ffc7debd69a60319,,,,original,,,,historical_observed,not_selected_for_new_final_model,Imported from saved evidence; protocol mapped from audited producer/folder. Empty fields mean not recorded. Validation-selected; test not evaluated.
legacy:results/phase5_multimodal_probe/fusion_results.csv#csv_row:22,legacy,tabular_candidate,phase5_multimodal_probe,strict_lesion_disjoint,validation,data/splits/split_assignments.csv,db1ce9f8b83f176001dd89fd332fb1668c7d2ba5f58d77157d293a09e2c2e696,weighted CNN tta + full small MLP | CNN=1.0,,,,,,,,,,,,,,,,0.8423153692614771,0.7719723400994944,0.7699476013258036,0.7703611681312049,,,,,,,,,results/phase5_multimodal_probe/fusion_results.csv,csv_row:22,fe85ac29946e965883cdea5b0d211774b598680390e09c48ffc7debd69a60319,,,,original,,,,historical_observed,not_selected_for_new_final_model,Imported from saved evidence; protocol mapped from audited producer/folder. Empty fields mean not recorded. Validation-selected; test not evaluated.
legacy:results/phase5_multimodal_probe/fusion_results.csv#csv_row:3,legacy,tabular_candidate,phase5_multimodal_probe,strict_lesion_disjoint,validation,data/splits/split_assignments.csv,db1ce9f8b83f176001dd89fd332fb1668c7d2ba5f58d77157d293a09e2c2e696,weighted CNN normal + full small MLP | CNN=0.2,,,,,,,,,,,,,,,,0.8429807052561543,0.7879594552695739,0.7184937126513828,0.7473872987938173,,,,,,,,,results/phase5_multimodal_probe/fusion_results.csv,csv_row:3,fe85ac29946e965883cdea5b0d211774b598680390e09c48ffc7debd69a60319,,,,original,,,,historical_observed,not_selected_for_new_final_model,Imported from saved evidence; protocol mapped from audited producer/folder. Empty fields mean not recorded. Validation-selected; test not evaluated.
legacy:results/phase5_multimodal_probe/fusion_results.csv#csv_row:4,legacy,tabular_candidate,phase5_multimodal_probe,strict_lesion_disjoint,validation,data/splits/split_assignments.csv,db1ce9f8b83f176001dd89fd332fb1668c7d2ba5f58d77157d293a09e2c2e696,weighted CNN normal + full small MLP | CNN=0.3,,,,,,,,,,,,,,,,0.8416500332667998,0.7793537923659773,0.7182097024270148,0.7435173785598161,,,,,,,,,results/phase5_multimodal_probe/fusion_results.csv,csv_row:4,fe85ac29946e965883cdea5b0d211774b598680390e09c48ffc7debd69a60319,,,,original,,,,historical_observed,not_selected_for_new_final_model,Imported from saved evidence; protocol mapped from audited producer/folder. Empty fields mean not recorded. Validation-selected; test not evaluated.
legacy:results/phase5_multimodal_probe/fusion_results.csv#csv_row:5,legacy,tabular_candidate,phase5_multimodal_probe,strict_lesion_disjoint,validation,data/splits/split_assignments.csv,db1ce9f8b83f176001dd89fd332fb1668c7d2ba5f58d77157d293a09e2c2e696,weighted CNN normal + full small MLP | CNN=0.4,,,,,,,,,,,,,,,,0.8423153692614771,0.7794255113677907,0.7197992990464325,0.7445392877471673,,,,,,,,,results/phase5_multimodal_probe/fusion_results.csv,csv_row:5,fe85ac29946e965883cdea5b0d211774b598680390e09c48ffc7debd69a60319,,,,original,,,,historical_observed,not_selected_for_new_final_model,Imported from saved evidence; protocol mapped from audited producer/folder. Empty fields mean not recorded. Validation-selected; test not evaluated.
legacy:results/phase5_multimodal_probe/fusion_results.csv#csv_row:6,legacy,tabular_candidate,phase5_multimodal_probe,strict_lesion_disjoint,validation,data/splits/split_assignments.csv,db1ce9f8b83f176001dd89fd332fb1668c7d2ba5f58d77157d293a09e2c2e696,weighted CNN normal + full small MLP | CNN=0.5,,,,,,,,,,,,,,,,0.8456420492348636,0.7746220848542491,0.7295533631974881,0.7487600691045221,,,,,,,,,results/phase5_multimodal_probe/fusion_results.csv,csv_row:6,fe85ac29946e965883cdea5b0d211774b598680390e09c48ffc7debd69a60319,,,,original,,,,historical_observed,not_selected_for_new_final_model,Imported from saved evidence; protocol mapped from audited producer/folder. Empty fields mean not recorded. Validation-selected; test not evaluated.
legacy:results/phase5_multimodal_probe/fusion_results.csv#csv_row:7,legacy,tabular_candidate,phase5_multimodal_probe,strict_lesion_disjoint,validation,data/splits/split_assignments.csv,db1ce9f8b83f176001dd89fd332fb1668c7d2ba5f58d77157d293a09e2c2e696,weighted CNN normal + full small MLP | CNN=0.6,,,,,,,,,,,,,,,,0.8449767132401863,0.768525305313792,0.7294009267495715,0.7460534833860483,,,,,,,,,results/phase5_multimodal_probe/fusion_results.csv,csv_row:7,fe85ac29946e965883cdea5b0d211774b598680390e09c48ffc7debd69a60319,,,,original,,,,historical_observed,not_selected_for_new_final_model,Imported from saved evidence; protocol mapped from audited producer/folder. Empty fields mean not recorded. Validation-selected; test not evaluated.
legacy:results/phase5_multimodal_probe/fusion_results.csv#csv_row:8,legacy,tabular_candidate,phase5_multimodal_probe,strict_lesion_disjoint,validation,data/splits/split_assignments.csv,db1ce9f8b83f176001dd89fd332fb1668c7d2ba5f58d77157d293a09e2c2e696,weighted CNN normal + full small MLP | CNN=0.7,,,,,,,,,,,,,,,,0.8456420492348636,0.764397525548003,0.7297144830435961,0.7448726702055856,,,,,,,,,results/phase5_multimodal_probe/fusion_results.csv,csv_row:8,fe85ac29946e965883cdea5b0d211774b598680390e09c48ffc7debd69a60319,,,,original,,,,historical_observed,not_selected_for_new_final_model,Imported from saved evidence; protocol mapped from audited producer/folder. Empty fields mean not recorded. Validation-selected; test not evaluated.
legacy:results/phase5_multimodal_probe/fusion_results.csv#csv_row:9,legacy,tabular_candidate,phase5_multimodal_probe,strict_lesion_disjoint,validation,data/splits/split_assignments.csv,db1ce9f8b83f176001dd89fd332fb1668c7d2ba5f58d77157d293a09e2c2e696,weighted CNN normal + full small MLP | CNN=0.8,,,,,,,,,,,,,,,,0.8449767132401863,0.7579267718285573,0.7387989252593707,0.7473094962095723,,,,,,,,,results/phase5_multimodal_probe/fusion_results.csv,csv_row:9,fe85ac29946e965883cdea5b0d211774b598680390e09c48ffc7debd69a60319,,,,original,,,,historical_observed,not_selected_for_new_final_model,Imported from saved evidence; protocol mapped from audited producer/folder. Empty fields mean not recorded. Validation-selected; test not evaluated.
legacy:results/phase5_multimodal_probe/image_embeddings_only.json,legacy,inference_candidate,phase5_multimodal_probe,strict_lesion_disjoint,validation,data/splits/split_assignments.csv,db1ce9f8b83f176001dd89fd332fb1668c7d2ba5f58d77157d293a09e2c2e696,image embeddings only,Logistic Regression,,,,,,,,,,,,,,,0.8383233532934131,0.7692375184560747,0.7090491229158024,0.7347224551656346,,,,,,,,,results/phase5_multimodal_probe/image_embeddings_only.json,,f0b26c1dfad6db4d9c7994bd7f25fca3f43e55c12cc6f88bb68a646dabae2184,,,,original,,results/phase5_multimodal_probe/image_embeddings_only.json,,historical_observed,not_selected_for_new_final_model,Imported from saved evidence; protocol mapped from audited producer/folder. Empty fields mean not recorded. Validation-selected; test not evaluated.
legacy:results/phase5_multimodal_probe/image_plus_age.json,legacy,inference_candidate,phase5_multimodal_probe,strict_lesion_disjoint,validation,data/splits/split_assignments.csv,db1ce9f8b83f176001dd89fd332fb1668c7d2ba5f58d77157d293a09e2c2e696,image + age,Logistic Regression,,,,,,,,,,,,,,,0.8409846972721224,0.7742081785768772,0.711342794405725,0.7384953529234861,,,,,,,,,results/phase5_multimodal_probe/image_plus_age.json,,64478e8757e01a32cf361e2aa16f44591ab3ff27e71c69c806729afa11984b36,,,,original,,results/phase5_multimodal_probe/image_plus_age.json,,historical_observed,not_selected_for_new_final_model,Imported from saved evidence; protocol mapped from audited producer/folder. Empty fields mean not recorded. Validation-selected; test not evaluated.
legacy:results/phase5_multimodal_probe/image_plus_all_metadata.json,legacy,inference_candidate,phase5_multimodal_probe,strict_lesion_disjoint,validation,data/splits/split_assignments.csv,db1ce9f8b83f176001dd89fd332fb1668c7d2ba5f58d77157d293a09e2c2e696,image + all metadata,Logistic Regression,,,,,,,,,,,,,,,0.8409846972721224,0.7729080469845611,0.7028297114956505,0.7327215872348063,,,,,,,,,results/phase5_multimodal_probe/image_plus_all_metadata.json,,d9c67075fe829c4ae60d207f90ad0c2e1a60ee35d82e8421b037a1acb396dbbc,,,,original,,results/phase5_multimodal_probe/image_plus_all_metadata.json,,historical_observed,not_selected_for_new_final_model,Imported from saved evidence; protocol mapped from audited producer/folder. Empty fields mean not recorded. Validation-selected; test not evaluated.
legacy:results/phase5_multimodal_probe/image_plus_localization.json,legacy,inference_candidate,phase5_multimodal_probe,strict_lesion_disjoint,validation,data/splits/split_assignments.csv,db1ce9f8b83f176001dd89fd332fb1668c7d2ba5f58d77157d293a09e2c2e696,image + localization,Logistic Regression,,,,,,,,,,,,,,,0.8389886892880905,0.7713376421907839,0.7101929833155561,0.7365394866520844,,,,,,,,,results/phase5_multimodal_probe/image_plus_localization.json,,63f91a4eb0a5fbae2728b15c057c61d5161f6a36b59f896db38706faccce7a34,,,,original,,results/phase5_multimodal_probe/image_plus_localization.json,,historical_observed,not_selected_for_new_final_model,Imported from saved evidence; protocol mapped from audited producer/folder. Empty fields mean not recorded. Validation-selected; test not evaluated.
legacy:results/phase5_multimodal_probe/image_plus_sex.json,legacy,inference_candidate,phase5_multimodal_probe,strict_lesion_disjoint,validation,data/splits/split_assignments.csv,db1ce9f8b83f176001dd89fd332fb1668c7d2ba5f58d77157d293a09e2c2e696,image + sex,Logistic Regression,,,,,,,,,,,,,,,0.8396540252827678,0.7737949137689263,0.7025457012712825,0.7329240735918169,,,,,,,,,results/phase5_multimodal_probe/image_plus_sex.json,,95dd6e3470250f341865f266d23e41df84644ae7d4f5b5051a154be44398d0e0,,,,original,,results/phase5_multimodal_probe/image_plus_sex.json,,historical_observed,not_selected_for_new_final_model,Imported from saved evidence; protocol mapped from audited producer/folder. Empty fields mean not recorded. Validation-selected; test not evaluated.
legacy:results/phase5_multimodal_probe/metadata_ablation_results.csv#csv_row:1,legacy,tabular_candidate,phase5_multimodal_probe,strict_lesion_disjoint,validation,data/splits/split_assignments.csv,db1ce9f8b83f176001dd89fd332fb1668c7d2ba5f58d77157d293a09e2c2e696,image embeddings only,Logistic Regression,,,,,,,,,,,,,,,0.8383233532934131,0.7692375184560747,0.7090491229158024,0.7347224551656346,,,,,,,,,results/phase5_multimodal_probe/metadata_ablation_results.csv,csv_row:1,d8849c0c83cd54c0dbf7ef00bbea603de04fa23677cf5aabdd90f515fd65ce5f,,,,original,,,,historical_observed,not_selected_for_new_final_model,Imported from saved evidence; protocol mapped from audited producer/folder. Empty fields mean not recorded. Validation-selected; test not evaluated.
legacy:results/phase5_multimodal_probe/metadata_ablation_results.csv#csv_row:2,legacy,tabular_candidate,phase5_multimodal_probe,strict_lesion_disjoint,validation,data/splits/split_assignments.csv,db1ce9f8b83f176001dd89fd332fb1668c7d2ba5f58d77157d293a09e2c2e696,image + age,Logistic Regression,,,,,,,,,,,,,,,0.8409846972721224,0.7742081785768772,0.711342794405725,0.7384953529234861,,,,,,,,,results/phase5_multimodal_probe/metadata_ablation_results.csv,csv_row:2,d8849c0c83cd54c0dbf7ef00bbea603de04fa23677cf5aabdd90f515fd65ce5f,,,,original,,,,historical_observed,not_selected_for_new_final_model,Imported from saved evidence; protocol mapped from audited producer/folder. Empty fields mean not recorded. Validation-selected; test not evaluated.
legacy:results/phase5_multimodal_probe/metadata_ablation_results.csv#csv_row:3,legacy,tabular_candidate,phase5_multimodal_probe,strict_lesion_disjoint,validation,data/splits/split_assignments.csv,db1ce9f8b83f176001dd89fd332fb1668c7d2ba5f58d77157d293a09e2c2e696,image + sex,Logistic Regression,,,,,,,,,,,,,,,0.8396540252827678,0.7737949137689263,0.7025457012712825,0.7329240735918169,,,,,,,,,results/phase5_multimodal_probe/metadata_ablation_results.csv,csv_row:3,d8849c0c83cd54c0dbf7ef00bbea603de04fa23677cf5aabdd90f515fd65ce5f,,,,original,,,,historical_observed,not_selected_for_new_final_model,Imported from saved evidence; protocol mapped from audited producer/folder. Empty fields mean not recorded. Validation-selected; test not evaluated.
legacy:results/phase5_multimodal_probe/metadata_ablation_results.csv#csv_row:4,legacy,tabular_candidate,phase5_multimodal_probe,strict_lesion_disjoint,validation,data/splits/split_assignments.csv,db1ce9f8b83f176001dd89fd332fb1668c7d2ba5f58d77157d293a09e2c2e696,image + localization,Logistic Regression,,,,,,,,,,,,,,,0.8389886892880905,0.7713376421907839,0.7101929833155561,0.7365394866520844,,,,,,,,,results/phase5_multimodal_probe/metadata_ablation_results.csv,csv_row:4,d8849c0c83cd54c0dbf7ef00bbea603de04fa23677cf5aabdd90f515fd65ce5f,,,,original,,,,historical_observed,not_selected_for_new_final_model,Imported from saved evidence; protocol mapped from audited producer/folder. Empty fields mean not recorded. Validation-selected; test not evaluated.
legacy:results/phase5_multimodal_probe/metadata_ablation_results.csv#csv_row:5,legacy,tabular_candidate,phase5_multimodal_probe,strict_lesion_disjoint,validation,data/splits/split_assignments.csv,db1ce9f8b83f176001dd89fd332fb1668c7d2ba5f58d77157d293a09e2c2e696,image + all metadata,Logistic Regression,,,,,,,,,,,,,,,0.8409846972721224,0.7729080469845611,0.7028297114956505,0.7327215872348063,,,,,,,,,results/phase5_multimodal_probe/metadata_ablation_results.csv,csv_row:5,d8849c0c83cd54c0dbf7ef00bbea603de04fa23677cf5aabdd90f515fd65ce5f,,,,original,,,,historical_observed,not_selected_for_new_final_model,Imported from saved evidence; protocol mapped from audited producer/folder. Empty fields mean not recorded. Validation-selected; test not evaluated.
legacy:results/phase5_multimodal_probe/metadata_only_results.json,legacy,inference_candidate,phase5_multimodal_probe,strict_lesion_disjoint,validation,data/splits/split_assignments.csv,db1ce9f8b83f176001dd89fd332fb1668c7d2ba5f58d77157d293a09e2c2e696,metadata only Logistic Regression C=0.3,,,,,,,,,,,,,,,,0.27877578176979373,0.2517860491195019,0.26877792546862467,0.18589690777597265,,,,,,,,,results/phase5_multimodal_probe/metadata_only_results.json,,f16bdcc1465c0d443a143102916874798f9fd5bc34714ba07ef23698309d984a,,,,original,,results/phase5_multimodal_probe/metadata_only_results.json,,historical_observed,not_selected_for_new_final_model,Imported from saved evidence; protocol mapped from audited producer/folder. Empty fields mean not recorded. Validation-selected; test not evaluated.
legacy:results/phase5_multimodal_probe/multimodal_classifier_results.csv#csv_row:1,legacy,tabular_candidate,phase5_multimodal_probe,strict_lesion_disjoint,validation,data/splits/split_assignments.csv,db1ce9f8b83f176001dd89fd332fb1668c7d2ba5f58d77157d293a09e2c2e696,full Logistic Regression C=0.3,Logistic Regression,,,,,,,,,,,,,,,0.8409846972721224,0.7729080469845611,0.7028297114956505,0.7327215872348063,,,,,,,,,results/phase5_multimodal_probe/multimodal_classifier_results.csv,csv_row:1,79178521fe331752b78f20cffd50c074223a0feb142aad9614e70c62f0a6491e,,,,original,,,,historical_observed,not_selected_for_new_final_model,Imported from saved evidence; protocol mapped from audited producer/folder. Empty fields mean not recorded. Validation-selected; test not evaluated.
legacy:results/phase5_multimodal_probe/multimodal_classifier_results.csv#csv_row:2,legacy,tabular_candidate,phase5_multimodal_probe,strict_lesion_disjoint,validation,data/splits/split_assignments.csv,db1ce9f8b83f176001dd89fd332fb1668c7d2ba5f58d77157d293a09e2c2e696,full Logistic Regression C=1.0,Logistic Regression,,,,,,,,,,,,,,,0.8389886892880905,0.7490102497809702,0.7157180846145852,0.7287611253204326,,,,,,,,,results/phase5_multimodal_probe/multimodal_classifier_results.csv,csv_row:2,79178521fe331752b78f20cffd50c074223a0feb142aad9614e70c62f0a6491e,,,,original,,,,historical_observed,not_selected_for_new_final_model,Imported from saved evidence; protocol mapped from audited producer/folder. Empty fields mean not recorded. Validation-selected; test not evaluated.
legacy:results/phase5_multimodal_probe/multimodal_classifier_results.csv#csv_row:3,legacy,tabular_candidate,phase5_multimodal_probe,strict_lesion_disjoint,validation,data/splits/split_assignments.csv,db1ce9f8b83f176001dd89fd332fb1668c7d2ba5f58d77157d293a09e2c2e696,full Logistic Regression C=3.0,Logistic Regression,,,,,,,,,,,,,,,0.8283433133732535,0.7312448280043523,0.7013082992533655,0.7124445285141932,,,,,,,,,results/phase5_multimodal_probe/multimodal_classifier_results.csv,csv_row:3,79178521fe331752b78f20cffd50c074223a0feb142aad9614e70c62f0a6491e,,,,original,,,,historical_observed,not_selected_for_new_final_model,Imported from saved evidence; protocol mapped from audited producer/folder. Empty fields mean not recorded. Validation-selected; test not evaluated.
legacy:results/phase5_multimodal_probe/multimodal_classifier_results.csv#csv_row:4,legacy,tabular_candidate,phase5_multimodal_probe,strict_lesion_disjoint,validation,data/splits/split_assignments.csv,db1ce9f8b83f176001dd89fd332fb1668c7d2ba5f58d77157d293a09e2c2e696,full RBF SVM C=1.0,RBF SVM,,,,,,,,,,,,,,,0.8283433133732535,0.7883132706473605,0.6452155889621972,0.6908414010697974,,,,,,,,,results/phase5_multimodal_probe/multimodal_classifier_results.csv,csv_row:4,79178521fe331752b78f20cffd50c074223a0feb142aad9614e70c62f0a6491e,,,,original,,,,historical_observed,not_selected_for_new_final_model,Imported from saved evidence; protocol mapped from audited producer/folder. Empty fields mean not recorded. Validation-selected; test not evaluated.
legacy:results/phase5_multimodal_probe/multimodal_classifier_results.csv#csv_row:5,legacy,tabular_candidate,phase5_multimodal_probe,strict_lesion_disjoint,validation,data/splits/split_assignments.csv,db1ce9f8b83f176001dd89fd332fb1668c7d2ba5f58d77157d293a09e2c2e696,full RBF SVM C=3.0,RBF SVM,,,,,,,,,,,,,,,0.8310046573519627,0.798114330441282,0.6342498183638604,0.6892466204774299,,,,,,,,,results/phase5_multimodal_probe/multimodal_classifier_results.csv,csv_row:5,79178521fe331752b78f20cffd50c074223a0feb142aad9614e70c62f0a6491e,,,,original,,,,historical_observed,not_selected_for_new_final_model,Imported from saved evidence; protocol mapped from audited producer/folder. Empty fields mean not recorded. Validation-selected; test not evaluated.
legacy:results/phase5_multimodal_probe/multimodal_classifier_results.csv#csv_row:6,legacy,tabular_candidate,phase5_multimodal_probe,strict_lesion_disjoint,validation,data/splits/split_assignments.csv,db1ce9f8b83f176001dd89fd332fb1668c7d2ba5f58d77157d293a09e2c2e696,full small MLP,MLP,,,,,,,,,,,,,,,0.8423153692614771,0.7878545809870976,0.7151960492424422,0.7454918512517936,,,,,,,,,results/phase5_multimodal_probe/multimodal_classifier_results.csv,csv_row:6,79178521fe331752b78f20cffd50c074223a0feb142aad9614e70c62f0a6491e,,,,original,,,,historical_observed,not_selected_for_new_final_model,Imported from saved evidence; protocol mapped from audited producer/folder. Empty fields mean not recorded. Validation-selected; test not evaluated.
legacy:results/phase5b_inference_audit/aspect_ratio_diagnostic.json,legacy,inference_candidate,phase5b_inference_audit,strict_lesion_disjoint,validation,data/splits/split_assignments.csv,db1ce9f8b83f176001dd89fd332fb1668c7d2ba5f58d77157d293a09e2c2e696,aspect-preserving resize + center crop diagnostic,,,,,,,,,,,,,,,,0.8163672654690619,0.7472257265092005,0.699360235998034,0.7158782015978372,,,,,,,,,results/phase5b_inference_audit/aspect_ratio_diagnostic.json,,a2afb0b13d62c5aa569e0ef68a5d6542de9795fc2ce5061a329765d19364eff1,,,,original,,results/phase5b_inference_audit/aspect_ratio_diagnostic.json,,historical_observed,not_selected_for_new_final_model,Imported from saved evidence; protocol mapped from audited producer/folder. Empty fields mean not recorded. Validation-selected; test not evaluated.
legacy:results/phase5b_inference_audit/mc_10_flip.json,legacy,inference_candidate,phase5b_inference_audit,strict_lesion_disjoint,validation,data/splits/split_assignments.csv,db1ce9f8b83f176001dd89fd332fb1668c7d2ba5f58d77157d293a09e2c2e696,MC dropout 10 passes + flip TTA,,,,,,,,,,,,,,,,0.844311377245509,0.7642731963205757,0.7615844114663933,0.7620488020675756,,,,,,,,,results/phase5b_inference_audit/mc_10_flip.json,,356a35d23f29c04025056e1c8103b44a7ceea55badf73ba31cab0c5926e48e51,,,,original,,results/phase5b_inference_audit/mc_10_flip.json,,historical_observed,not_selected_for_new_final_model,Imported from saved evidence; protocol mapped from audited producer/folder. Empty fields mean not recorded. Validation-selected; test not evaluated.
legacy:results/phase5b_inference_audit/mc_10_normal.json,legacy,inference_candidate,phase5b_inference_audit,strict_lesion_disjoint,validation,data/splits/split_assignments.csv,db1ce9f8b83f176001dd89fd332fb1668c7d2ba5f58d77157d293a09e2c2e696,MC dropout 10 passes,,,,,,,,,,,,,,,,0.8429807052561543,0.7550262303579316,0.7352979414593893,0.7443302541436916,,,,,,,,,results/phase5b_inference_audit/mc_10_normal.json,,30efc07bd471db80bd84ae26b79b24e1bfd1f39b470ea4ebd848429de23b36bc,,,,original,,results/phase5b_inference_audit/mc_10_normal.json,,historical_observed,not_selected_for_new_final_model,Imported from saved evidence; protocol mapped from audited producer/folder. Empty fields mean not recorded. Validation-selected; test not evaluated.
legacy:results/phase5b_inference_audit/mc_20_flip.json,legacy,inference_candidate,phase5b_inference_audit,strict_lesion_disjoint,validation,data/splits/split_assignments.csv,db1ce9f8b83f176001dd89fd332fb1668c7d2ba5f58d77157d293a09e2c2e696,MC dropout 20 passes + flip TTA,,,,,,,,,,,,,,,,0.8416500332667998,0.7591701644115204,0.7548623197741227,0.7560328650791031,,,,,,,,,results/phase5b_inference_audit/mc_20_flip.json,,4468e594b583365bd9c684794351cc0e3cc84fdc74dca1ca23f2b555cfb41182,,,,original,,results/phase5b_inference_audit/mc_20_flip.json,,historical_observed,not_selected_for_new_final_model,Imported from saved evidence; protocol mapped from audited producer/folder. Empty fields mean not recorded. Validation-selected; test not evaluated.
legacy:results/phase5b_inference_audit/mc_20_normal.json,legacy,inference_candidate,phase5b_inference_audit,strict_lesion_disjoint,validation,data/splits/split_assignments.csv,db1ce9f8b83f176001dd89fd332fb1668c7d2ba5f58d77157d293a09e2c2e696,MC dropout 20 passes,,,,,,,,,,,,,,,,0.8449767132401863,0.7559100378411285,0.7501130514155976,0.7527288485693006,,,,,,,,,results/phase5b_inference_audit/mc_20_normal.json,,e28ae72985338e84b2925ada839b844fd1885600351f9d4ad97ff4d4f658a6b9,,,,original,,results/phase5b_inference_audit/mc_20_normal.json,,historical_observed,not_selected_for_new_final_model,Imported from saved evidence; protocol mapped from audited producer/folder. Empty fields mean not recorded. Validation-selected; test not evaluated.
legacy:results/phase5b_inference_audit/mc_30_flip.json,legacy,inference_candidate,phase5b_inference_audit,strict_lesion_disjoint,validation,data/splits/split_assignments.csv,db1ce9f8b83f176001dd89fd332fb1668c7d2ba5f58d77157d293a09e2c2e696,MC dropout 30 passes + flip TTA,,,,,,,,,,,,,,,,0.8416500332667998,0.7704155553940278,0.7653771760112715,0.7672831786435367,,,,,,,,,results/phase5b_inference_audit/mc_30_flip.json,,0472c8ea82dc7ea7969157ba7c7391710a3ce898e7be892e7f46dc12a959c763,,,,original,,results/phase5b_inference_audit/mc_30_flip.json,,historical_observed,not_selected_for_new_final_model,Imported from saved evidence; protocol mapped from audited producer/folder. Empty fields mean not recorded. Validation-selected; test not evaluated.
legacy:results/phase5b_inference_audit/mc_30_normal.json,legacy,inference_candidate,phase5b_inference_audit,strict_lesion_disjoint,validation,data/splits/split_assignments.csv,db1ce9f8b83f176001dd89fd332fb1668c7d2ba5f58d77157d293a09e2c2e696,MC dropout 30 passes,,,,,,,,,,,,,,,,0.8436460412508316,0.756801210064031,0.7483814496839959,0.7523053589979449,,,,,,,,,results/phase5b_inference_audit/mc_30_normal.json,,4270b060cc85e1b9a793d8b5739d1c755f90cbfc6d172d21aa58e68c94334b92,,,,original,,results/phase5b_inference_audit/mc_30_normal.json,,historical_observed,not_selected_for_new_final_model,Imported from saved evidence; protocol mapped from audited producer/folder. Empty fields mean not recorded. Validation-selected; test not evaluated.
legacy:results/phase5b_inference_audit/mc_dropout_results.csv#csv_row:1,legacy,tabular_candidate,phase5b_inference_audit,strict_lesion_disjoint,validation,data/splits/split_assignments.csv,db1ce9f8b83f176001dd89fd332fb1668c7d2ba5f58d77157d293a09e2c2e696,MC dropout 10 passes,,,,,,,,,,,,,,,,0.8429807052561543,0.7550262303579316,0.7352979414593893,0.7443302541436916,,,,,,,,,results/phase5b_inference_audit/mc_dropout_results.csv,csv_row:1,a307d211c433b0f6d3bec16dfdc5e77409f74a40fd5334726ccb9401eea14dfb,,,,original,,,,historical_observed,not_selected_for_new_final_model,Imported from saved evidence; protocol mapped from audited producer/folder. Empty fields mean not recorded. Validation-selected; test not evaluated.
legacy:results/phase5b_inference_audit/mc_dropout_results.csv#csv_row:2,legacy,tabular_candidate,phase5b_inference_audit,strict_lesion_disjoint,validation,data/splits/split_assignments.csv,db1ce9f8b83f176001dd89fd332fb1668c7d2ba5f58d77157d293a09e2c2e696,MC dropout 10 passes + flip TTA,,,,,,,,,,,,,,,,0.844311377245509,0.7642731963205757,0.7615844114663933,0.7620488020675756,,,,,,,,,results/phase5b_inference_audit/mc_dropout_results.csv,csv_row:2,a307d211c433b0f6d3bec16dfdc5e77409f74a40fd5334726ccb9401eea14dfb,,,,original,,,,historical_observed,not_selected_for_new_final_model,Imported from saved evidence; protocol mapped from audited producer/folder. Empty fields mean not recorded. Validation-selected; test not evaluated.
legacy:results/phase5b_inference_audit/mc_dropout_results.csv#csv_row:3,legacy,tabular_candidate,phase5b_inference_audit,strict_lesion_disjoint,validation,data/splits/split_assignments.csv,db1ce9f8b83f176001dd89fd332fb1668c7d2ba5f58d77157d293a09e2c2e696,MC dropout 20 passes,,,,,,,,,,,,,,,,0.8449767132401863,0.7559100378411285,0.7501130514155976,0.7527288485693006,,,,,,,,,results/phase5b_inference_audit/mc_dropout_results.csv,csv_row:3,a307d211c433b0f6d3bec16dfdc5e77409f74a40fd5334726ccb9401eea14dfb,,,,original,,,,historical_observed,not_selected_for_new_final_model,Imported from saved evidence; protocol mapped from audited producer/folder. Empty fields mean not recorded. Validation-selected; test not evaluated.
legacy:results/phase5b_inference_audit/mc_dropout_results.csv#csv_row:4,legacy,tabular_candidate,phase5b_inference_audit,strict_lesion_disjoint,validation,data/splits/split_assignments.csv,db1ce9f8b83f176001dd89fd332fb1668c7d2ba5f58d77157d293a09e2c2e696,MC dropout 20 passes + flip TTA,,,,,,,,,,,,,,,,0.8416500332667998,0.7591701644115204,0.7548623197741227,0.7560328650791031,,,,,,,,,results/phase5b_inference_audit/mc_dropout_results.csv,csv_row:4,a307d211c433b0f6d3bec16dfdc5e77409f74a40fd5334726ccb9401eea14dfb,,,,original,,,,historical_observed,not_selected_for_new_final_model,Imported from saved evidence; protocol mapped from audited producer/folder. Empty fields mean not recorded. Validation-selected; test not evaluated.
legacy:results/phase5b_inference_audit/mc_dropout_results.csv#csv_row:5,legacy,tabular_candidate,phase5b_inference_audit,strict_lesion_disjoint,validation,data/splits/split_assignments.csv,db1ce9f8b83f176001dd89fd332fb1668c7d2ba5f58d77157d293a09e2c2e696,MC dropout 30 passes,,,,,,,,,,,,,,,,0.8436460412508316,0.756801210064031,0.7483814496839959,0.7523053589979449,,,,,,,,,results/phase5b_inference_audit/mc_dropout_results.csv,csv_row:5,a307d211c433b0f6d3bec16dfdc5e77409f74a40fd5334726ccb9401eea14dfb,,,,original,,,,historical_observed,not_selected_for_new_final_model,Imported from saved evidence; protocol mapped from audited producer/folder. Empty fields mean not recorded. Validation-selected; test not evaluated.
legacy:results/phase5b_inference_audit/mc_dropout_results.csv#csv_row:6,legacy,tabular_candidate,phase5b_inference_audit,strict_lesion_disjoint,validation,data/splits/split_assignments.csv,db1ce9f8b83f176001dd89fd332fb1668c7d2ba5f58d77157d293a09e2c2e696,MC dropout 30 passes + flip TTA,,,,,,,,,,,,,,,,0.8416500332667998,0.7704155553940278,0.7653771760112715,0.7672831786435367,,,,,,,,,results/phase5b_inference_audit/mc_dropout_results.csv,csv_row:6,a307d211c433b0f6d3bec16dfdc5e77409f74a40fd5334726ccb9401eea14dfb,,,,original,,,,historical_observed,not_selected_for_new_final_model,Imported from saved evidence; protocol mapped from audited producer/folder. Empty fields mean not recorded. Validation-selected; test not evaluated.
legacy:results/phase5c_prior_correction/best_oversampled_accuracy.json,legacy,inference_candidate,phase5c_prior_correction,strict_lesion_disjoint,validation,data/splits/split_assignments.csv,db1ce9f8b83f176001dd89fd332fb1668c7d2ba5f58d77157d293a09e2c2e696,oversampled_tta_lambda_0.2,oversampled,,,,,,,,,,,,,,,0.8589487691284099,0.7991796149934941,0.6741300539299464,0.7227228069686288,,,,,,,,,results/phase5c_prior_correction/best_oversampled_accuracy.json,,e58df82017ccad3626e2a867f828be2a534fdb0bb21f64cf62b9945c9e8fd8ec,,,,original,,results/phase5c_prior_correction/best_oversampled_accuracy.json,,historical_observed,not_selected_for_new_final_model,Imported from saved evidence; protocol mapped from audited producer/folder. Empty fields mean not recorded. Validation-selected; test not evaluated.
legacy:results/phase5c_prior_correction/best_oversampled_macro_f1.json,legacy,inference_candidate,phase5c_prior_correction,strict_lesion_disjoint,validation,data/splits/split_assignments.csv,db1ce9f8b83f176001dd89fd332fb1668c7d2ba5f58d77157d293a09e2c2e696,oversampled_tta_lambda_0.2,oversampled,,,,,,,,,,,,,,,0.8589487691284099,0.7991796149934941,0.6741300539299464,0.7227228069686288,,,,,,,,,results/phase5c_prior_correction/best_oversampled_macro_f1.json,,e58df82017ccad3626e2a867f828be2a534fdb0bb21f64cf62b9945c9e8fd8ec,,,,original,,results/phase5c_prior_correction/best_oversampled_macro_f1.json,,historical_observed,not_selected_for_new_final_model,Imported from saved evidence; protocol mapped from audited producer/folder. Empty fields mean not recorded. Validation-selected; test not evaluated.
legacy:results/phase5c_prior_correction/best_weighted_accuracy.json,legacy,inference_candidate,phase5c_prior_correction,strict_lesion_disjoint,validation,data/splits/split_assignments.csv,db1ce9f8b83f176001dd89fd332fb1668c7d2ba5f58d77157d293a09e2c2e696,weighted_normal_lambda_0.5,weighted,,,,,,,,,,,,,,,0.8483033932135728,0.78215714381719,0.7245761057165266,0.7490722666253756,,,,,,,,,results/phase5c_prior_correction/best_weighted_accuracy.json,,2941acc19ceffa92c717b4f15496aae2d608a7c49815f446ecd61cce594cfcb5,,,,original,,results/phase5c_prior_correction/best_weighted_accuracy.json,,historical_observed,not_selected_for_new_final_model,Imported from saved evidence; protocol mapped from audited producer/folder. Empty fields mean not recorded. Validation-selected; test not evaluated.
legacy:results/phase5c_prior_correction/best_weighted_macro_f1.json,legacy,inference_candidate,phase5c_prior_correction,strict_lesion_disjoint,validation,data/splits/split_assignments.csv,db1ce9f8b83f176001dd89fd332fb1668c7d2ba5f58d77157d293a09e2c2e696,weighted_tta_lambda_0.1,weighted,,,,,,,,,,,,,,,0.8436460412508316,0.7741487077185087,0.7600052461827081,0.7661751929662156,,,,,,,,,results/phase5c_prior_correction/best_weighted_macro_f1.json,,6bbd827873cf73c2dc6a11734d63da63bbb057ef2bd923a29c12ad7ed0b64131,,,,original,,results/phase5c_prior_correction/best_weighted_macro_f1.json,,historical_observed,not_selected_for_new_final_model,Imported from saved evidence; protocol mapped from audited producer/folder. Empty fields mean not recorded. Validation-selected; test not evaluated.
legacy:results/phase5c_prior_correction/combination_results.csv#csv_row:1,legacy,tabular_candidate,phase5c_prior_correction,strict_lesion_disjoint,validation,data/splits/split_assignments.csv,db1ce9f8b83f176001dd89fd332fb1668c7d2ba5f58d77157d293a09e2c2e696,phase4_ensemble+weighted_tta_lambda_1.0_weight_0.25,weighted,,,,,,,,,,,,,,,0.846307385229541,0.7773798816392302,0.7576885149527095,0.7664214127870119,,,,,,,,,results/phase5c_prior_correction/combination_results.csv,csv_row:1,c5d94cf627e3fd78036071c162c28097ff609221fee090e24fd13d80f7a3257d,,,,original,,results/phase5c_prior_correction/combination_results.csv#csv_row:1,,historical_observed,not_selected_for_new_final_model,Imported from saved evidence; protocol mapped from audited producer/folder. Empty fields mean not recorded. Validation-selected; test not evaluated.
legacy:results/phase5c_prior_correction/combination_results.csv#csv_row:2,legacy,tabular_candidate,phase5c_prior_correction,strict_lesion_disjoint,validation,data/splits/split_assignments.csv,db1ce9f8b83f176001dd89fd332fb1668c7d2ba5f58d77157d293a09e2c2e696,phase4_ensemble+weighted_tta_lambda_1.0_weight_0.50,weighted,,,,,,,,,,,,,,,0.8456420492348636,0.7903871571189318,0.7344851497127515,0.759147551551304,,,,,,,,,results/phase5c_prior_correction/combination_results.csv,csv_row:2,c5d94cf627e3fd78036071c162c28097ff609221fee090e24fd13d80f7a3257d,,,,original,,results/phase5c_prior_correction/combination_results.csv#csv_row:2,,historical_observed,not_selected_for_new_final_model,Imported from saved evidence; protocol mapped from audited producer/folder. Empty fields mean not recorded. Validation-selected; test not evaluated.
legacy:results/phase5c_prior_correction/combination_results.csv#csv_row:3,legacy,tabular_candidate,phase5c_prior_correction,strict_lesion_disjoint,validation,data/splits/split_assignments.csv,db1ce9f8b83f176001dd89fd332fb1668c7d2ba5f58d77157d293a09e2c2e696,phase4_ensemble+weighted_tta_lambda_1.0_weight_0.75,weighted,,,,,,,,,,,,,,,0.8436460412508316,0.7875142857579875,0.7190938225670281,0.7489644684192825,,,,,,,,,results/phase5c_prior_correction/combination_results.csv,csv_row:3,c5d94cf627e3fd78036071c162c28097ff609221fee090e24fd13d80f7a3257d,,,,original,,results/phase5c_prior_correction/combination_results.csv#csv_row:3,,historical_observed,not_selected_for_new_final_model,Imported from saved evidence; protocol mapped from audited producer/folder. Empty fields mean not recorded. Validation-selected; test not evaluated.
legacy:results/phase5c_prior_correction/correction_grid.csv#csv_row:1,legacy,tabular_candidate,phase5c_prior_correction,strict_lesion_disjoint,validation,data/splits/split_assignments.csv,db1ce9f8b83f176001dd89fd332fb1668c7d2ba5f58d77157d293a09e2c2e696,weighted_normal_lambda_0.0,weighted,,,,,,,,,,,,,,,0.8456420492348636,0.757164195329919,0.7573133950146916,0.7568732673677362,,,,,,,,,results/phase5c_prior_correction/correction_grid.csv,csv_row:1,89b8a1eb83cc1352d52a93bb442c39c8b72fa282114565432185ab8f43155ded,,,,original,,results/phase5c_prior_correction/correction_grid.csv#csv_row:1,,historical_observed,not_selected_for_new_final_model,Imported from saved evidence; protocol mapped from audited producer/folder. Empty fields mean not recorded. Validation-selected; test not evaluated.
legacy:results/phase5c_prior_correction/correction_grid.csv#csv_row:10,legacy,tabular_candidate,phase5c_prior_correction,strict_lesion_disjoint,validation,data/splits/split_assignments.csv,db1ce9f8b83f176001dd89fd332fb1668c7d2ba5f58d77157d293a09e2c2e696,weighted_normal_lambda_0.9,weighted,,,,,,,,,,,,,,,0.8423153692614771,0.7861798044560361,0.6755376405783089,0.7198086878982556,,,,,,,,,results/phase5c_prior_correction/correction_grid.csv,csv_row:10,89b8a1eb83cc1352d52a93bb442c39c8b72fa282114565432185ab8f43155ded,,,,original,,results/phase5c_prior_correction/correction_grid.csv#csv_row:10,,historical_observed,not_selected_for_new_final_model,Imported from saved evidence; protocol mapped from audited producer/folder. Empty fields mean not recorded. Validation-selected; test not evaluated.
legacy:results/phase5c_prior_correction/correction_grid.csv#csv_row:11,legacy,tabular_candidate,phase5c_prior_correction,strict_lesion_disjoint,validation,data/splits/split_assignments.csv,db1ce9f8b83f176001dd89fd332fb1668c7d2ba5f58d77157d293a09e2c2e696,weighted_normal_lambda_1.0,weighted,,,,,,,,,,,,,,,0.8416500332667998,0.7857982524073618,0.672239977169368,0.7177924180633204,,,,,,,,,results/phase5c_prior_correction/correction_grid.csv,csv_row:11,89b8a1eb83cc1352d52a93bb442c39c8b72fa282114565432185ab8f43155ded,,,,original,,results/phase5c_prior_correction/correction_grid.csv#csv_row:11,,historical_observed,not_selected_for_new_final_model,Imported from saved evidence; protocol mapped from audited producer/folder. Empty fields mean not recorded. Validation-selected; test not evaluated.
legacy:results/phase5c_prior_correction/correction_grid.csv#csv_row:12,legacy,tabular_candidate,phase5c_prior_correction,strict_lesion_disjoint,validation,data/splits/split_assignments.csv,db1ce9f8b83f176001dd89fd332fb1668c7d2ba5f58d77157d293a09e2c2e696,weighted_tta_lambda_0.0,weighted,,,,,,,,,,,,,,,0.8423153692614771,0.7719723400994944,0.7699476013258036,0.7703611681312049,,,,,,,,,results/phase5c_prior_correction/correction_grid.csv,csv_row:12,89b8a1eb83cc1352d52a93bb442c39c8b72fa282114565432185ab8f43155ded,,,,original,,results/phase5c_prior_correction/correction_grid.csv#csv_row:12,,historical_observed,not_selected_for_new_final_model,Imported from saved evidence; protocol mapped from audited producer/folder. Empty fields mean not recorded. Validation-selected; test not evaluated.
legacy:results/phase5c_prior_correction/correction_grid.csv#csv_row:13,legacy,tabular_candidate,phase5c_prior_correction,strict_lesion_disjoint,validation,data/splits/split_assignments.csv,db1ce9f8b83f176001dd89fd332fb1668c7d2ba5f58d77157d293a09e2c2e696,weighted_tta_lambda_0.1,weighted,,,,,,,,,,,,,,,0.8436460412508316,0.7741487077185087,0.7600052461827081,0.7661751929662156,,,,,,,,,results/phase5c_prior_correction/correction_grid.csv,csv_row:13,89b8a1eb83cc1352d52a93bb442c39c8b72fa282114565432185ab8f43155ded,,,,original,,results/phase5c_prior_correction/correction_grid.csv#csv_row:13,,historical_observed,not_selected_for_new_final_model,Imported from saved evidence; protocol mapped from audited producer/folder. Empty fields mean not recorded. Validation-selected; test not evaluated.
legacy:results/phase5c_prior_correction/correction_grid.csv#csv_row:14,legacy,tabular_candidate,phase5c_prior_correction,strict_lesion_disjoint,validation,data/splits/split_assignments.csv,db1ce9f8b83f176001dd89fd332fb1668c7d2ba5f58d77157d293a09e2c2e696,weighted_tta_lambda_0.2,weighted,,,,,,,,,,,,,,,0.8429807052561543,0.7745147707234911,0.7569784893917892,0.7647367740283627,,,,,,,,,results/phase5c_prior_correction/correction_grid.csv,csv_row:14,89b8a1eb83cc1352d52a93bb442c39c8b72fa282114565432185ab8f43155ded,,,,original,,results/phase5c_prior_correction/correction_grid.csv#csv_row:14,,historical_observed,not_selected_for_new_final_model,Imported from saved evidence; protocol mapped from audited producer/folder. Empty fields mean not recorded. Validation-selected; test not evaluated.
legacy:results/phase5c_prior_correction/correction_grid.csv#csv_row:15,legacy,tabular_candidate,phase5c_prior_correction,strict_lesion_disjoint,validation,data/splits/split_assignments.csv,db1ce9f8b83f176001dd89fd332fb1668c7d2ba5f58d77157d293a09e2c2e696,weighted_tta_lambda_0.3,weighted,,,,,,,,,,,,,,,0.844311377245509,0.7766832358576021,0.7565439195304069,0.7655893331705073,,,,,,,,,results/phase5c_prior_correction/correction_grid.csv,csv_row:15,89b8a1eb83cc1352d52a93bb442c39c8b72fa282114565432185ab8f43155ded,,,,original,,results/phase5c_prior_correction/correction_grid.csv#csv_row:15,,historical_observed,not_selected_for_new_final_model,Imported from saved evidence; protocol mapped from audited producer/folder. Empty fields mean not recorded. Validation-selected; test not evaluated.
legacy:results/phase5c_prior_correction/correction_grid.csv#csv_row:16,legacy,tabular_candidate,phase5c_prior_correction,strict_lesion_disjoint,validation,data/splits/split_assignments.csv,db1ce9f8b83f176001dd89fd332fb1668c7d2ba5f58d77157d293a09e2c2e696,weighted_tta_lambda_0.4,weighted,,,,,,,,,,,,,,,0.8429807052561543,0.7749355103736535,0.7385151634001392,0.7541672414507978,,,,,,,,,results/phase5c_prior_correction/correction_grid.csv,csv_row:16,89b8a1eb83cc1352d52a93bb442c39c8b72fa282114565432185ab8f43155ded,,,,original,,results/phase5c_prior_correction/correction_grid.csv#csv_row:16,,historical_observed,not_selected_for_new_final_model,Imported from saved evidence; protocol mapped from audited producer/folder. Empty fields mean not recorded. Validation-selected; test not evaluated.
legacy:results/phase5c_prior_correction/correction_grid.csv#csv_row:17,legacy,tabular_candidate,phase5c_prior_correction,strict_lesion_disjoint,validation,data/splits/split_assignments.csv,db1ce9f8b83f176001dd89fd332fb1668c7d2ba5f58d77157d293a09e2c2e696,weighted_tta_lambda_0.5,weighted,,,,,,,,,,,,,,,0.846307385229541,0.7889458259015812,0.7370590173680752,0.7597943856222764,,,,,,,,,results/phase5c_prior_correction/correction_grid.csv,csv_row:17,89b8a1eb83cc1352d52a93bb442c39c8b72fa282114565432185ab8f43155ded,,,,original,,results/phase5c_prior_correction/correction_grid.csv#csv_row:17,,historical_observed,not_selected_for_new_final_model,Imported from saved evidence; protocol mapped from audited producer/folder. Empty fields mean not recorded. Validation-selected; test not evaluated.
legacy:results/phase5c_prior_correction/correction_grid.csv#csv_row:18,legacy,tabular_candidate,phase5c_prior_correction,strict_lesion_disjoint,validation,data/splits/split_assignments.csv,db1ce9f8b83f176001dd89fd332fb1668c7d2ba5f58d77157d293a09e2c2e696,weighted_tta_lambda_0.6,weighted,,,,,,,,,,,,,,,0.844311377245509,0.7867117002107563,0.7280522839127153,0.753823218162219,,,,,,,,,results/phase5c_prior_correction/correction_grid.csv,csv_row:18,89b8a1eb83cc1352d52a93bb442c39c8b72fa282114565432185ab8f43155ded,,,,original,,results/phase5c_prior_correction/correction_grid.csv#csv_row:18,,historical_observed,not_selected_for_new_final_model,Imported from saved evidence; protocol mapped from audited producer/folder. Empty fields mean not recorded. Validation-selected; test not evaluated.
legacy:results/phase5c_prior_correction/correction_grid.csv#csv_row:19,legacy,tabular_candidate,phase5c_prior_correction,strict_lesion_disjoint,validation,data/splits/split_assignments.csv,db1ce9f8b83f176001dd89fd332fb1668c7d2ba5f58d77157d293a09e2c2e696,weighted_tta_lambda_0.7,weighted,,,,,,,,,,,,,,,0.844311377245509,0.7884326854279401,0.7266151237412141,0.7536904271368826,,,,,,,,,results/phase5c_prior_correction/correction_grid.csv,csv_row:19,89b8a1eb83cc1352d52a93bb442c39c8b72fa282114565432185ab8f43155ded,,,,original,,results/phase5c_prior_correction/correction_grid.csv#csv_row:19,,historical_observed,not_selected_for_new_final_model,Imported from saved evidence; protocol mapped from audited producer/folder. Empty fields mean not recorded. Validation-selected; test not evaluated.
legacy:results/phase5c_prior_correction/correction_grid.csv#csv_row:2,legacy,tabular_candidate,phase5c_prior_correction,strict_lesion_disjoint,validation,data/splits/split_assignments.csv,db1ce9f8b83f176001dd89fd332fb1668c7d2ba5f58d77157d293a09e2c2e696,weighted_normal_lambda_0.1,weighted,,,,,,,,,,,,,,,0.8456420492348636,0.7577055733402248,0.7558710191753242,0.7563839213038842,,,,,,,,,results/phase5c_prior_correction/correction_grid.csv,csv_row:2,89b8a1eb83cc1352d52a93bb442c39c8b72fa282114565432185ab8f43155ded,,,,original,,results/phase5c_prior_correction/correction_grid.csv#csv_row:2,,historical_observed,not_selected_for_new_final_model,Imported from saved evidence; protocol mapped from audited producer/folder. Empty fields mean not recorded. Validation-selected; test not evaluated.
legacy:results/phase5c_prior_correction/correction_grid.csv#csv_row:20,legacy,tabular_candidate,phase5c_prior_correction,strict_lesion_disjoint,validation,data/splits/split_assignments.csv,db1ce9f8b83f176001dd89fd332fb1668c7d2ba5f58d77157d293a09e2c2e696,weighted_tta_lambda_0.8,weighted,,,,,,,,,,,,,,,0.844311377245509,0.7885358499898766,0.7118565316172102,0.7451819903132203,,,,,,,,,results/phase5c_prior_correction/correction_grid.csv,csv_row:20,89b8a1eb83cc1352d52a93bb442c39c8b72fa282114565432185ab8f43155ded,,,,original,,results/phase5c_prior_correction/correction_grid.csv#csv_row:20,,historical_observed,not_selected_for_new_final_model,Imported from saved evidence; protocol mapped from audited producer/folder. Empty fields mean not recorded. Validation-selected; test not evaluated.
legacy:results/phase5c_prior_correction/correction_grid.csv#csv_row:21,legacy,tabular_candidate,phase5c_prior_correction,strict_lesion_disjoint,validation,data/splits/split_assignments.csv,db1ce9f8b83f176001dd89fd332fb1668c7d2ba5f58d77157d293a09e2c2e696,weighted_tta_lambda_0.9,weighted,,,,,,,,,,,,,,,0.846307385229541,0.8013193605672874,0.7046323442737387,0.745553579604446,,,,,,,,,results/phase5c_prior_correction/correction_grid.csv,csv_row:21,89b8a1eb83cc1352d52a93bb442c39c8b72fa282114565432185ab8f43155ded,,,,original,,results/phase5c_prior_correction/correction_grid.csv#csv_row:21,,historical_observed,not_selected_for_new_final_model,Imported from saved evidence; protocol mapped from audited producer/folder. Empty fields mean not recorded. Validation-selected; test not evaluated.
legacy:results/phase5c_prior_correction/correction_grid.csv#csv_row:22,legacy,tabular_candidate,phase5c_prior_correction,strict_lesion_disjoint,validation,data/splits/split_assignments.csv,db1ce9f8b83f176001dd89fd332fb1668c7d2ba5f58d77157d293a09e2c2e696,weighted_tta_lambda_1.0,weighted,,,,,,,,,,,,,,,0.8476380572188955,0.8023295665515144,0.7022012167531478,0.74440323766925,,,,,,,,,results/phase5c_prior_correction/correction_grid.csv,csv_row:22,89b8a1eb83cc1352d52a93bb442c39c8b72fa282114565432185ab8f43155ded,,,,original,,results/phase5c_prior_correction/correction_grid.csv#csv_row:22,,historical_observed,not_selected_for_new_final_model,Imported from saved evidence; protocol mapped from audited producer/folder. Empty fields mean not recorded. Validation-selected; test not evaluated.
legacy:results/phase5c_prior_correction/correction_grid.csv#csv_row:23,legacy,tabular_candidate,phase5c_prior_correction,strict_lesion_disjoint,validation,data/splits/split_assignments.csv,db1ce9f8b83f176001dd89fd332fb1668c7d2ba5f58d77157d293a09e2c2e696,oversampled_normal_lambda_0.0,oversampled,,,,,,,,,,,,,,,0.852960745176314,0.7772497636091177,0.7007404921122615,0.732131726806851,,,,,,,,,results/phase5c_prior_correction/correction_grid.csv,csv_row:23,89b8a1eb83cc1352d52a93bb442c39c8b72fa282114565432185ab8f43155ded,,,,original,,results/phase5c_prior_correction/correction_grid.csv#csv_row:23,,historical_observed,not_selected_for_new_final_model,Imported from saved evidence; protocol mapped from audited producer/folder. Empty fields mean not recorded. Validation-selected; test not evaluated.
legacy:results/phase5c_prior_correction/correction_grid.csv#csv_row:24,legacy,tabular_candidate,phase5c_prior_correction,strict_lesion_disjoint,validation,data/splits/split_assignments.csv,db1ce9f8b83f176001dd89fd332fb1668c7d2ba5f58d77157d293a09e2c2e696,oversampled_normal_lambda_0.1,oversampled,,,,,,,,,,,,,,,0.8483033932135728,0.7700511640907124,0.6695026651085136,0.7077648041688837,,,,,,,,,results/phase5c_prior_correction/correction_grid.csv,csv_row:24,89b8a1eb83cc1352d52a93bb442c39c8b72fa282114565432185ab8f43155ded,,,,original,,results/phase5c_prior_correction/correction_grid.csv#csv_row:24,,historical_observed,not_selected_for_new_final_model,Imported from saved evidence; protocol mapped from audited producer/folder. Empty fields mean not recorded. Validation-selected; test not evaluated.
legacy:results/phase5c_prior_correction/correction_grid.csv#csv_row:25,legacy,tabular_candidate,phase5c_prior_correction,strict_lesion_disjoint,validation,data/splits/split_assignments.csv,db1ce9f8b83f176001dd89fd332fb1668c7d2ba5f58d77157d293a09e2c2e696,oversampled_normal_lambda_0.2,oversampled,,,,,,,,,,,,,,,0.8469727212242182,0.7708838065662443,0.6640664389281807,0.7050494237638169,,,,,,,,,results/phase5c_prior_correction/correction_grid.csv,csv_row:25,89b8a1eb83cc1352d52a93bb442c39c8b72fa282114565432185ab8f43155ded,,,,original,,results/phase5c_prior_correction/correction_grid.csv#csv_row:25,,historical_observed,not_selected_for_new_final_model,Imported from saved evidence; protocol mapped from audited producer/folder. Empty fields mean not recorded. Validation-selected; test not evaluated.
legacy:results/phase5c_prior_correction/correction_grid.csv#csv_row:26,legacy,tabular_candidate,phase5c_prior_correction,strict_lesion_disjoint,validation,data/splits/split_assignments.csv,db1ce9f8b83f176001dd89fd332fb1668c7d2ba5f58d77157d293a09e2c2e696,oversampled_normal_lambda_0.3,oversampled,,,,,,,,,,,,,,,0.844311377245509,0.7750670864850271,0.6528243796442521,0.6980358595029766,,,,,,,,,results/phase5c_prior_correction/correction_grid.csv,csv_row:26,89b8a1eb83cc1352d52a93bb442c39c8b72fa282114565432185ab8f43155ded,,,,original,,results/phase5c_prior_correction/correction_grid.csv#csv_row:26,,historical_observed,not_selected_for_new_final_model,Imported from saved evidence; protocol mapped from audited producer/folder. Empty fields mean not recorded. Validation-selected; test not evaluated.
legacy:results/phase5c_prior_correction/correction_grid.csv#csv_row:27,legacy,tabular_candidate,phase5c_prior_correction,strict_lesion_disjoint,validation,data/splits/split_assignments.csv,db1ce9f8b83f176001dd89fd332fb1668c7d2ba5f58d77157d293a09e2c2e696,oversampled_normal_lambda_0.4,oversampled,,,,,,,,,,,,,,,0.8436460412508316,0.7767280676161195,0.6427164844468939,0.6903868548814657,,,,,,,,,results/phase5c_prior_correction/correction_grid.csv,csv_row:27,89b8a1eb83cc1352d52a93bb442c39c8b72fa282114565432185ab8f43155ded,,,,original,,results/phase5c_prior_correction/correction_grid.csv#csv_row:27,,historical_observed,not_selected_for_new_final_model,Imported from saved evidence; protocol mapped from audited producer/folder. Empty fields mean not recorded. Validation-selected; test not evaluated.
legacy:results/phase5c_prior_correction/correction_grid.csv#csv_row:28,legacy,tabular_candidate,phase5c_prior_correction,strict_lesion_disjoint,validation,data/splits/split_assignments.csv,db1ce9f8b83f176001dd89fd332fb1668c7d2ba5f58d77157d293a09e2c2e696,oversampled_normal_lambda_0.5,oversampled,,,,,,,,,,,,,,,0.8429807052561543,0.7838101071589494,0.6418506835810929,0.6925165420002211,,,,,,,,,results/phase5c_prior_correction/correction_grid.csv,csv_row:28,89b8a1eb83cc1352d52a93bb442c39c8b72fa282114565432185ab8f43155ded,,,,original,,results/phase5c_prior_correction/correction_grid.csv#csv_row:28,,historical_observed,not_selected_for_new_final_model,Imported from saved evidence; protocol mapped from audited producer/folder. Empty fields mean not recorded. Validation-selected; test not evaluated.
legacy:results/phase5c_prior_correction/correction_grid.csv#csv_row:29,legacy,tabular_candidate,phase5c_prior_correction,strict_lesion_disjoint,validation,data/splits/split_assignments.csv,db1ce9f8b83f176001dd89fd332fb1668c7d2ba5f58d77157d293a09e2c2e696,oversampled_normal_lambda_0.6,oversampled,,,,,,,,,,,,,,,0.8429807052561543,0.7836613329937635,0.6344661718512248,0.6876354022803771,,,,,,,,,results/phase5c_prior_correction/correction_grid.csv,csv_row:29,89b8a1eb83cc1352d52a93bb442c39c8b72fa282114565432185ab8f43155ded,,,,original,,results/phase5c_prior_correction/correction_grid.csv#csv_row:29,,historical_observed,not_selected_for_new_final_model,Imported from saved evidence; protocol mapped from audited producer/folder. Empty fields mean not recorded. Validation-selected; test not evaluated.
legacy:results/phase5c_prior_correction/correction_grid.csv#csv_row:3,legacy,tabular_candidate,phase5c_prior_correction,strict_lesion_disjoint,validation,data/splits/split_assignments.csv,db1ce9f8b83f176001dd89fd332fb1668c7d2ba5f58d77157d293a09e2c2e696,weighted_normal_lambda_0.2,weighted,,,,,,,,,,,,,,,0.8449767132401863,0.7692230586285751,0.7457735553136983,0.7563326847975914,,,,,,,,,results/phase5c_prior_correction/correction_grid.csv,csv_row:3,89b8a1eb83cc1352d52a93bb442c39c8b72fa282114565432185ab8f43155ded,,,,original,,results/phase5c_prior_correction/correction_grid.csv#csv_row:3,,historical_observed,not_selected_for_new_final_model,Imported from saved evidence; protocol mapped from audited producer/folder. Empty fields mean not recorded. Validation-selected; test not evaluated.
legacy:results/phase5c_prior_correction/correction_grid.csv#csv_row:30,legacy,tabular_candidate,phase5c_prior_correction,strict_lesion_disjoint,validation,data/splits/split_assignments.csv,db1ce9f8b83f176001dd89fd332fb1668c7d2ba5f58d77157d293a09e2c2e696,oversampled_normal_lambda_0.7,oversampled,,,,,,,,,,,,,,,0.8423153692614771,0.783285392854126,0.6308904489083312,0.6850548580264934,,,,,,,,,results/phase5c_prior_correction/correction_grid.csv,csv_row:30,89b8a1eb83cc1352d52a93bb442c39c8b72fa282114565432185ab8f43155ded,,,,original,,results/phase5c_prior_correction/correction_grid.csv#csv_row:30,,historical_observed,not_selected_for_new_final_model,Imported from saved evidence; protocol mapped from audited producer/folder. Empty fields mean not recorded. Validation-selected; test not evaluated.
legacy:results/phase5c_prior_correction/correction_grid.csv#csv_row:31,legacy,tabular_candidate,phase5c_prior_correction,strict_lesion_disjoint,validation,data/splits/split_assignments.csv,db1ce9f8b83f176001dd89fd332fb1668c7d2ba5f58d77157d293a09e2c2e696,oversampled_normal_lambda_0.8,oversampled,,,,,,,,,,,,,,,0.8416500332667998,0.7863320452060852,0.6285874878710292,0.6846341426420507,,,,,,,,,results/phase5c_prior_correction/correction_grid.csv,csv_row:31,89b8a1eb83cc1352d52a93bb442c39c8b72fa282114565432185ab8f43155ded,,,,original,,results/phase5c_prior_correction/correction_grid.csv#csv_row:31,,historical_observed,not_selected_for_new_final_model,Imported from saved evidence; protocol mapped from audited producer/folder. Empty fields mean not recorded. Validation-selected; test not evaluated.
legacy:results/phase5c_prior_correction/correction_grid.csv#csv_row:32,legacy,tabular_candidate,phase5c_prior_correction,strict_lesion_disjoint,validation,data/splits/split_assignments.csv,db1ce9f8b83f176001dd89fd332fb1668c7d2ba5f58d77157d293a09e2c2e696,oversampled_normal_lambda_0.9,oversampled,,,,,,,,,,,,,,,0.8429807052561543,0.8026718397754432,0.6281529180096468,0.690168302159696,,,,,,,,,results/phase5c_prior_correction/correction_grid.csv,csv_row:32,89b8a1eb83cc1352d52a93bb442c39c8b72fa282114565432185ab8f43155ded,,,,original,,results/phase5c_prior_correction/correction_grid.csv#csv_row:32,,historical_observed,not_selected_for_new_final_model,Imported from saved evidence; protocol mapped from audited producer/folder. Empty fields mean not recorded. Validation-selected; test not evaluated.
legacy:results/phase5c_prior_correction/correction_grid.csv#csv_row:33,legacy,tabular_candidate,phase5c_prior_correction,strict_lesion_disjoint,validation,data/splits/split_assignments.csv,db1ce9f8b83f176001dd89fd332fb1668c7d2ba5f58d77157d293a09e2c2e696,oversampled_normal_lambda_1.0,oversampled,,,,,,,,,,,,,,,0.8436460412508316,0.8038658780308944,0.6275763430360802,0.690091169900958,,,,,,,,,results/phase5c_prior_correction/correction_grid.csv,csv_row:33,89b8a1eb83cc1352d52a93bb442c39c8b72fa282114565432185ab8f43155ded,,,,original,,results/phase5c_prior_correction/correction_grid.csv#csv_row:33,,historical_observed,not_selected_for_new_final_model,Imported from saved evidence; protocol mapped from audited producer/folder. Empty fields mean not recorded. Validation-selected; test not evaluated.
legacy:results/phase5c_prior_correction/correction_grid.csv#csv_row:34,legacy,tabular_candidate,phase5c_prior_correction,strict_lesion_disjoint,validation,data/splits/split_assignments.csv,db1ce9f8b83f176001dd89fd332fb1668c7d2ba5f58d77157d293a09e2c2e696,oversampled_tta_lambda_0.0,oversampled,,,,,,,,,,,,,,,0.8576180971390552,0.780158177683805,0.6960621078549653,0.7296021576799175,,,,,,,,,results/phase5c_prior_correction/correction_grid.csv,csv_row:34,89b8a1eb83cc1352d52a93bb442c39c8b72fa282114565432185ab8f43155ded,,,,original,,results/phase5c_prior_correction/correction_grid.csv#csv_row:34,,historical_observed,not_selected_for_new_final_model,Imported from saved evidence; protocol mapped from audited producer/folder. Empty fields mean not recorded. Validation-selected; test not evaluated.
legacy:results/phase5c_prior_correction/correction_grid.csv#csv_row:35,legacy,tabular_candidate,phase5c_prior_correction,strict_lesion_disjoint,validation,data/splits/split_assignments.csv,db1ce9f8b83f176001dd89fd332fb1668c7d2ba5f58d77157d293a09e2c2e696,oversampled_tta_lambda_0.1,oversampled,,,,,,,,,,,,,,,0.8576180971390552,0.7879673013832592,0.6767307953843132,0.7200715877071528,,,,,,,,,results/phase5c_prior_correction/correction_grid.csv,csv_row:35,89b8a1eb83cc1352d52a93bb442c39c8b72fa282114565432185ab8f43155ded,,,,original,,results/phase5c_prior_correction/correction_grid.csv#csv_row:35,,historical_observed,not_selected_for_new_final_model,Imported from saved evidence; protocol mapped from audited producer/folder. Empty fields mean not recorded. Validation-selected; test not evaluated.
legacy:results/phase5c_prior_correction/correction_grid.csv#csv_row:36,legacy,tabular_candidate,phase5c_prior_correction,strict_lesion_disjoint,validation,data/splits/split_assignments.csv,db1ce9f8b83f176001dd89fd332fb1668c7d2ba5f58d77157d293a09e2c2e696,oversampled_tta_lambda_0.2,oversampled,,,,,,,,,,,,,,,0.8589487691284099,0.7991796149934941,0.6741300539299464,0.7227228069686288,,,,,,,,,results/phase5c_prior_correction/correction_grid.csv,csv_row:36,89b8a1eb83cc1352d52a93bb442c39c8b72fa282114565432185ab8f43155ded,,,,original,,results/phase5c_prior_correction/correction_grid.csv#csv_row:36,,historical_observed,not_selected_for_new_final_model,Imported from saved evidence; protocol mapped from audited producer/folder. Empty fields mean not recorded. Validation-selected; test not evaluated.
legacy:results/phase5c_prior_correction/correction_grid.csv#csv_row:37,legacy,tabular_candidate,phase5c_prior_correction,strict_lesion_disjoint,validation,data/splits/split_assignments.csv,db1ce9f8b83f176001dd89fd332fb1668c7d2ba5f58d77157d293a09e2c2e696,oversampled_tta_lambda_0.3,oversampled,,,,,,,,,,,,,,,0.8556220891550232,0.797707770145234,0.6653934920700593,0.71647247555282,,,,,,,,,results/phase5c_prior_correction/correction_grid.csv,csv_row:37,89b8a1eb83cc1352d52a93bb442c39c8b72fa282114565432185ab8f43155ded,,,,original,,results/phase5c_prior_correction/correction_grid.csv#csv_row:37,,historical_observed,not_selected_for_new_final_model,Imported from saved evidence; protocol mapped from audited producer/folder. Empty fields mean not recorded. Validation-selected; test not evaluated.
legacy:results/phase5c_prior_correction/correction_grid.csv#csv_row:38,legacy,tabular_candidate,phase5c_prior_correction,strict_lesion_disjoint,validation,data/splits/split_assignments.csv,db1ce9f8b83f176001dd89fd332fb1668c7d2ba5f58d77157d293a09e2c2e696,oversampled_tta_lambda_0.4,oversampled,,,,,,,,,,,,,,,0.8516300731869594,0.7930621813603376,0.6474476603680726,0.7015759171166863,,,,,,,,,results/phase5c_prior_correction/correction_grid.csv,csv_row:38,89b8a1eb83cc1352d52a93bb442c39c8b72fa282114565432185ab8f43155ded,,,,original,,results/phase5c_prior_correction/correction_grid.csv#csv_row:38,,historical_observed,not_selected_for_new_final_model,Imported from saved evidence; protocol mapped from audited producer/folder. Empty fields mean not recorded. Validation-selected; test not evaluated.
legacy:results/phase5c_prior_correction/correction_grid.csv#csv_row:39,legacy,tabular_candidate,phase5c_prior_correction,strict_lesion_disjoint,validation,data/splits/split_assignments.csv,db1ce9f8b83f176001dd89fd332fb1668c7d2ba5f58d77157d293a09e2c2e696,oversampled_tta_lambda_0.5,oversampled,,,,,,,,,,,,,,,0.8502994011976048,0.7952653934186554,0.6442788984649697,0.7001402439010722,,,,,,,,,results/phase5c_prior_correction/correction_grid.csv,csv_row:39,89b8a1eb83cc1352d52a93bb442c39c8b72fa282114565432185ab8f43155ded,,,,original,,results/phase5c_prior_correction/correction_grid.csv#csv_row:39,,historical_observed,not_selected_for_new_final_model,Imported from saved evidence; protocol mapped from audited producer/folder. Empty fields mean not recorded. Validation-selected; test not evaluated.
legacy:results/phase5c_prior_correction/correction_grid.csv#csv_row:4,legacy,tabular_candidate,phase5c_prior_correction,strict_lesion_disjoint,validation,data/splits/split_assignments.csv,db1ce9f8b83f176001dd89fd332fb1668c7d2ba5f58d77157d293a09e2c2e696,weighted_normal_lambda_0.3,weighted,,,,,,,,,,,,,,,0.8469727212242182,0.7727197348902347,0.7454809905644998,0.7578435646248012,,,,,,,,,results/phase5c_prior_correction/correction_grid.csv,csv_row:4,89b8a1eb83cc1352d52a93bb442c39c8b72fa282114565432185ab8f43155ded,,,,original,,results/phase5c_prior_correction/correction_grid.csv#csv_row:4,,historical_observed,not_selected_for_new_final_model,Imported from saved evidence; protocol mapped from audited producer/folder. Empty fields mean not recorded. Validation-selected; test not evaluated.
legacy:results/phase5c_prior_correction/correction_grid.csv#csv_row:40,legacy,tabular_candidate,phase5c_prior_correction,strict_lesion_disjoint,validation,data/splits/split_assignments.csv,db1ce9f8b83f176001dd89fd332fb1668c7d2ba5f58d77157d293a09e2c2e696,oversampled_tta_lambda_0.6,oversampled,,,,,,,,,,,,,,,0.8476380572188955,0.7934564099686939,0.6300455791501941,0.6885521107354359,,,,,,,,,results/phase5c_prior_correction/correction_grid.csv,csv_row:40,89b8a1eb83cc1352d52a93bb442c39c8b72fa282114565432185ab8f43155ded,,,,original,,results/phase5c_prior_correction/correction_grid.csv#csv_row:40,,historical_observed,not_selected_for_new_final_model,Imported from saved evidence; protocol mapped from audited producer/folder. Empty fields mean not recorded. Validation-selected; test not evaluated.
legacy:results/phase5c_prior_correction/correction_grid.csv#csv_row:41,legacy,tabular_candidate,phase5c_prior_correction,strict_lesion_disjoint,validation,data/splits/split_assignments.csv,db1ce9f8b83f176001dd89fd332fb1668c7d2ba5f58d77157d293a09e2c2e696,oversampled_tta_lambda_0.7,oversampled,,,,,,,,,,,,,,,0.8489687292082502,0.7955344002608189,0.6303295893745622,0.68929763786612,,,,,,,,,results/phase5c_prior_correction/correction_grid.csv,csv_row:41,89b8a1eb83cc1352d52a93bb442c39c8b72fa282114565432185ab8f43155ded,,,,original,,results/phase5c_prior_correction/correction_grid.csv#csv_row:41,,historical_observed,not_selected_for_new_final_model,Imported from saved evidence; protocol mapped from audited producer/folder. Empty fields mean not recorded. Validation-selected; test not evaluated.
legacy:results/phase5c_prior_correction/correction_grid.csv#csv_row:42,legacy,tabular_candidate,phase5c_prior_correction,strict_lesion_disjoint,validation,data/splits/split_assignments.csv,db1ce9f8b83f176001dd89fd332fb1668c7d2ba5f58d77157d293a09e2c2e696,oversampled_tta_lambda_0.8,oversampled,,,,,,,,,,,,,,,0.8469727212242182,0.7963719732060582,0.6235870417766306,0.6857299962390275,,,,,,,,,results/phase5c_prior_correction/correction_grid.csv,csv_row:42,89b8a1eb83cc1352d52a93bb442c39c8b72fa282114565432185ab8f43155ded,,,,original,,results/phase5c_prior_correction/correction_grid.csv#csv_row:42,,historical_observed,not_selected_for_new_final_model,Imported from saved evidence; protocol mapped from audited producer/folder. Empty fields mean not recorded. Validation-selected; test not evaluated.
legacy:results/phase5c_prior_correction/correction_grid.csv#csv_row:43,legacy,tabular_candidate,phase5c_prior_correction,strict_lesion_disjoint,validation,data/splits/split_assignments.csv,db1ce9f8b83f176001dd89fd332fb1668c7d2ba5f58d77157d293a09e2c2e696,oversampled_tta_lambda_0.9,oversampled,,,,,,,,,,,,,,,0.8456420492348636,0.8048244651217377,0.6116238590096988,0.6785293860901912,,,,,,,,,results/phase5c_prior_correction/correction_grid.csv,csv_row:43,89b8a1eb83cc1352d52a93bb442c39c8b72fa282114565432185ab8f43155ded,,,,original,,results/phase5c_prior_correction/correction_grid.csv#csv_row:43,,historical_observed,not_selected_for_new_final_model,Imported from saved evidence; protocol mapped from audited producer/folder. Empty fields mean not recorded. Validation-selected; test not evaluated.
legacy:results/phase5c_prior_correction/correction_grid.csv#csv_row:44,legacy,tabular_candidate,phase5c_prior_correction,strict_lesion_disjoint,validation,data/splits/split_assignments.csv,db1ce9f8b83f176001dd89fd332fb1668c7d2ba5f58d77157d293a09e2c2e696,oversampled_tta_lambda_1.0,oversampled,,,,,,,,,,,,,,,0.8456420492348636,0.8072044968477938,0.6094524717488484,0.6780231613433155,,,,,,,,,results/phase5c_prior_correction/correction_grid.csv,csv_row:44,89b8a1eb83cc1352d52a93bb442c39c8b72fa282114565432185ab8f43155ded,,,,original,,results/phase5c_prior_correction/correction_grid.csv#csv_row:44,,historical_observed,not_selected_for_new_final_model,Imported from saved evidence; protocol mapped from audited producer/folder. Empty fields mean not recorded. Validation-selected; test not evaluated.
legacy:results/phase5c_prior_correction/correction_grid.csv#csv_row:5,legacy,tabular_candidate,phase5c_prior_correction,strict_lesion_disjoint,validation,data/splits/split_assignments.csv,db1ce9f8b83f176001dd89fd332fb1668c7d2ba5f58d77157d293a09e2c2e696,weighted_normal_lambda_0.4,weighted,,,,,,,,,,,,,,,0.8456420492348636,0.7710963218984893,0.7359601016764404,0.751651128964302,,,,,,,,,results/phase5c_prior_correction/correction_grid.csv,csv_row:5,89b8a1eb83cc1352d52a93bb442c39c8b72fa282114565432185ab8f43155ded,,,,original,,results/phase5c_prior_correction/correction_grid.csv#csv_row:5,,historical_observed,not_selected_for_new_final_model,Imported from saved evidence; protocol mapped from audited producer/folder. Empty fields mean not recorded. Validation-selected; test not evaluated.
legacy:results/phase5c_prior_correction/correction_grid.csv#csv_row:6,legacy,tabular_candidate,phase5c_prior_correction,strict_lesion_disjoint,validation,data/splits/split_assignments.csv,db1ce9f8b83f176001dd89fd332fb1668c7d2ba5f58d77157d293a09e2c2e696,weighted_normal_lambda_0.5,weighted,,,,,,,,,,,,,,,0.8483033932135728,0.78215714381719,0.7245761057165266,0.7490722666253756,,,,,,,,,results/phase5c_prior_correction/correction_grid.csv,csv_row:6,89b8a1eb83cc1352d52a93bb442c39c8b72fa282114565432185ab8f43155ded,,,,original,,results/phase5c_prior_correction/correction_grid.csv#csv_row:6,,historical_observed,not_selected_for_new_final_model,Imported from saved evidence; protocol mapped from audited producer/folder. Empty fields mean not recorded. Validation-selected; test not evaluated.
legacy:results/phase5c_prior_correction/correction_grid.csv#csv_row:7,legacy,tabular_candidate,phase5c_prior_correction,strict_lesion_disjoint,validation,data/splits/split_assignments.csv,db1ce9f8b83f176001dd89fd332fb1668c7d2ba5f58d77157d293a09e2c2e696,weighted_normal_lambda_0.6,weighted,,,,,,,,,,,,,,,0.8483033932135728,0.7823068362147441,0.7179153897402752,0.7454145261847104,,,,,,,,,results/phase5c_prior_correction/correction_grid.csv,csv_row:7,89b8a1eb83cc1352d52a93bb442c39c8b72fa282114565432185ab8f43155ded,,,,original,,results/phase5c_prior_correction/correction_grid.csv#csv_row:7,,historical_observed,not_selected_for_new_final_model,Imported from saved evidence; protocol mapped from audited producer/folder. Empty fields mean not recorded. Validation-selected; test not evaluated.
legacy:results/phase5c_prior_correction/correction_grid.csv#csv_row:8,legacy,tabular_candidate,phase5c_prior_correction,strict_lesion_disjoint,validation,data/splits/split_assignments.csv,db1ce9f8b83f176001dd89fd332fb1668c7d2ba5f58d77157d293a09e2c2e696,weighted_normal_lambda_0.7,weighted,,,,,,,,,,,,,,,0.8469727212242182,0.7865725024898949,0.7076707050985991,0.7406456921023834,,,,,,,,,results/phase5c_prior_correction/correction_grid.csv,csv_row:8,89b8a1eb83cc1352d52a93bb442c39c8b72fa282114565432185ab8f43155ded,,,,original,,results/phase5c_prior_correction/correction_grid.csv#csv_row:8,,historical_observed,not_selected_for_new_final_model,Imported from saved evidence; protocol mapped from audited producer/folder. Empty fields mean not recorded. Validation-selected; test not evaluated.
legacy:results/phase5c_prior_correction/correction_grid.csv#csv_row:9,legacy,tabular_candidate,phase5c_prior_correction,strict_lesion_disjoint,validation,data/splits/split_assignments.csv,db1ce9f8b83f176001dd89fd332fb1668c7d2ba5f58d77157d293a09e2c2e696,weighted_normal_lambda_0.8,weighted,,,,,,,,,,,,,,,0.8436460412508316,0.7792330935926474,0.6909954496890027,0.7278306300812112,,,,,,,,,results/phase5c_prior_correction/correction_grid.csv,csv_row:9,89b8a1eb83cc1352d52a93bb442c39c8b72fa282114565432185ab8f43155ded,,,,original,,results/phase5c_prior_correction/correction_grid.csv#csv_row:9,,historical_observed,not_selected_for_new_final_model,Imported from saved evidence; protocol mapped from audited producer/folder. Empty fields mean not recorded. Validation-selected; test not evaluated.
legacy:results/runs/efficientnet_b0_cbam_focal_v1/validation_metrics.json,legacy,training_run,runs,strict_lesion_disjoint,validation,data/splits/split_assignments.csv,db1ce9f8b83f176001dd89fd332fb1668c7d2ba5f58d77157d293a09e2c2e696,efficientnet_b0_cbam_focal_v1,EfficientNet-B0,ImageNet-1K (torchvision EfficientNet-B0 default; recorded producer),"reduction=16,kernel=7",224,RGB; resize 224 square; ImageNet normalization (verified src/data.py),horizontal flip p=0.5,focal,focal,AdamW,3e-05,0.0001,64,42,20,16,0.8376580172987359,0.7370083034033689,0.7158473258325778,0.7238217217065802,0.1554693158713485,813.7,checkpoints/efficientnet_b0_cbam_focal_v1/best.pt,True,results/runs/efficientnet_b0_cbam_focal_v1/config.json,,,results/runs/efficientnet_b0_cbam_focal_v1/history.csv,results/runs/efficientnet_b0_cbam_focal_v1/validation_metrics.json,,30b296646eacd9ee501966c5ced620292737c41cf220788a03cb66cb1602af30,results/legacy/evidence/results/runs/efficientnet_b0_cbam_focal_v1/validation_metrics.json,results/legacy/evidence/results/runs/efficientnet_b0_cbam_focal_v1/history.csv,results/legacy/evidence/results/runs/efficientnet_b0_cbam_focal_v1/config.json,original,,results/runs/efficientnet_b0_cbam_focal_v1/validation_metrics.json,results/figures/legacy/strict_lesion_disjoint/efficientnet_b0_cbam_focal_v1,completed,not_selected_for_new_final_model,Imported from saved evidence; protocol mapped from audited producer/folder. Empty fields mean not recorded. Validation-selected; test not evaluated.
legacy:results/runs/efficientnet_b0_cbam_oversampled_v1/validation_metrics.json,legacy,training_run,runs,strict_lesion_disjoint,validation,data/splits/split_assignments.csv,db1ce9f8b83f176001dd89fd332fb1668c7d2ba5f58d77157d293a09e2c2e696,efficientnet_b0_cbam_oversampled_v1,EfficientNet-B0,ImageNet-1K (torchvision EfficientNet-B0 default; recorded producer),"reduction=16,kernel=7",224,RGB; resize 224 square; ImageNet normalization (verified src/data.py),horizontal flip p=0.5,random_oversampling,CE,AdamW,3e-05,0.0001,64,42,20,17,0.852960745176314,0.7772497636091177,0.7007404921122615,0.732131726806851,0.700798171960903,2608.5,checkpoints/efficientnet_b0_cbam_oversampled_v1/best.pt,True,results/runs/efficientnet_b0_cbam_oversampled_v1/config.json,,,results/runs/efficientnet_b0_cbam_oversampled_v1/history.csv,results/runs/efficientnet_b0_cbam_oversampled_v1/validation_metrics.json,,84d67c7c16813389b30eb3b971861040f1965c67be2f78b7ba3e90850adb0de3,results/legacy/evidence/results/runs/efficientnet_b0_cbam_oversampled_v1/validation_metrics.json,results/legacy/evidence/results/runs/efficientnet_b0_cbam_oversampled_v1/history.csv,results/legacy/evidence/results/runs/efficientnet_b0_cbam_oversampled_v1/config.json,original,,results/runs/efficientnet_b0_cbam_oversampled_v1/validation_metrics.json,results/figures/legacy/strict_lesion_disjoint/efficientnet_b0_cbam_oversampled_v1,completed,not_selected_for_new_final_model,Imported from saved evidence; protocol mapped from audited producer/folder. Empty fields mean not recorded. Validation-selected; test not evaluated.
legacy:results/runs/efficientnet_b0_cbam_weighted_v1/validation_metrics.json,legacy,training_run,runs,strict_lesion_disjoint,validation,data/splits/split_assignments.csv,db1ce9f8b83f176001dd89fd332fb1668c7d2ba5f58d77157d293a09e2c2e696,efficientnet_b0_cbam_weighted_v1,EfficientNet-B0,ImageNet-1K (torchvision EfficientNet-B0 default; recorded producer),"reduction=16,kernel=7",224,RGB; resize 224 square; ImageNet normalization (verified src/data.py),horizontal flip p=0.5,class_weighted,weighted CE,AdamW,3e-05,0.0001,64,42,20,16,0.8456420492348636,0.757164195329919,0.7573133950146916,0.7568732673677362,0.5119863183039947,,checkpoints/efficientnet_b0_cbam_weighted_v1/best.pt,True,results/runs/efficientnet_b0_cbam_weighted_v1/config.json,,,results/runs/efficientnet_b0_cbam_weighted_v1/history.csv,results/runs/efficientnet_b0_cbam_weighted_v1/validation_metrics.json,,4fd38a9daa348396ee42f9c9b738edec3016b7689fa2a48604fb9883bf7611ea,results/legacy/evidence/results/runs/efficientnet_b0_cbam_weighted_v1/validation_metrics.json,results/legacy/evidence/results/runs/efficientnet_b0_cbam_weighted_v1/history.csv,results/legacy/evidence/results/runs/efficientnet_b0_cbam_weighted_v1/config.json,original,,results/runs/efficientnet_b0_cbam_weighted_v1/validation_metrics.json,results/figures/legacy/strict_lesion_disjoint/efficientnet_b0_cbam_weighted_v1,completed,not_selected_for_new_final_model,Imported from saved evidence; protocol mapped from audited producer/folder. Empty fields mean not recorded. Validation-selected; test not evaluated.
legacy:results/strict_multires_probe/oversampled_224.json,legacy,inference_candidate,strict_multires_probe,strict_lesion_disjoint,validation,data/splits/split_assignments.csv,db1ce9f8b83f176001dd89fd332fb1668c7d2ba5f58d77157d293a09e2c2e696,oversampled_224,,,,,,,,,,,,,,,,0.852960745176314,0.7772497636091177,0.7007404921122615,0.732131726806851,,,"[""checkpoints/efficientnet_b0_cbam_weighted_v1/best.pt"", ""checkpoints/efficientnet_b0_cbam_oversampled_v1/best.pt""]",True,results/strict_multires_probe/protocol.json,,"{""efficientnet_b0_cbam_oversampled_v1_224"": 1.0}",,results/strict_multires_probe/oversampled_224.json,,131af2326b9261916595748e2e4d67db78237b8374f9a2ab435816dae385dc0a,,,,original,,results/strict_multires_probe/oversampled_224.json,,historical_observed,not_selected_for_new_final_model,Imported from saved evidence; protocol mapped from audited producer/folder. Empty fields mean not recorded. Validation-selected; test not evaluated.
legacy:results/strict_multires_probe/oversampled_224_384.json,legacy,inference_candidate,strict_multires_probe,strict_lesion_disjoint,validation,data/splits/split_assignments.csv,db1ce9f8b83f176001dd89fd332fb1668c7d2ba5f58d77157d293a09e2c2e696,oversampled_224_384,,,,,,,,,,,,,,,,0.8542914171656687,0.7857464761067174,0.69061253977601,0.7221273422989779,,,"[""checkpoints/efficientnet_b0_cbam_weighted_v1/best.pt"", ""checkpoints/efficientnet_b0_cbam_oversampled_v1/best.pt""]",True,results/strict_multires_probe/protocol.json,,"{""efficientnet_b0_cbam_oversampled_v1_224"": 0.5, ""efficientnet_b0_cbam_oversampled_v1_384"": 0.5}",,results/strict_multires_probe/oversampled_224_384.json,,7a8dbd9747d536f212de7880ef6462f7193cce8f28b589b4ccbdb5121cf99688,,,,original,,results/strict_multires_probe/oversampled_224_384.json,,historical_observed,not_selected_for_new_final_model,Imported from saved evidence; protocol mapped from audited producer/folder. Empty fields mean not recorded. Validation-selected; test not evaluated.
legacy:results/strict_multires_probe/two_models_tta_and_384.json,legacy,inference_candidate,strict_multires_probe,strict_lesion_disjoint,validation,data/splits/split_assignments.csv,db1ce9f8b83f176001dd89fd332fb1668c7d2ba5f58d77157d293a09e2c2e696,two_models_tta_and_384,,,,,,,,,,,,,,,,0.8562874251497006,0.7826102089630785,0.729465441939171,0.7479786346921041,,,"[""checkpoints/efficientnet_b0_cbam_weighted_v1/best.pt"", ""checkpoints/efficientnet_b0_cbam_oversampled_v1/best.pt""]",True,results/strict_multires_probe/protocol.json,,"{""efficientnet_b0_cbam_weighted_v1_tta"": 0.25, ""efficientnet_b0_cbam_weighted_v1_384"": 0.25, ""efficientnet_b0_cbam_oversampled_v1_tta"": 0.25, ""efficientnet_b0_cbam_oversampled_v1_384"": 0.25}",,results/strict_multires_probe/two_models_tta_and_384.json,,be8e15d8d420d16a99b9a42df8bffb1fb24f27adfee625b8b63d74ebf6ef840b,,,,original,,results/strict_multires_probe/two_models_tta_and_384.json,,historical_observed,not_selected_for_new_final_model,Imported from saved evidence; protocol mapped from audited producer/folder. Empty fields mean not recorded. Validation-selected; test not evaluated.
legacy:results/strict_multires_probe/two_models_two_resolutions.json,legacy,inference_candidate,strict_multires_probe,strict_lesion_disjoint,validation,data/splits/split_assignments.csv,db1ce9f8b83f176001dd89fd332fb1668c7d2ba5f58d77157d293a09e2c2e696,two_models_two_resolutions,,,,,,,,,,,,,,,,0.8556220891550232,0.7746830160948344,0.7305929203127768,0.7471185127926346,,,"[""checkpoints/efficientnet_b0_cbam_weighted_v1/best.pt"", ""checkpoints/efficientnet_b0_cbam_oversampled_v1/best.pt""]",True,results/strict_multires_probe/protocol.json,,"{""efficientnet_b0_cbam_weighted_v1_224"": 0.25, ""efficientnet_b0_cbam_weighted_v1_384"": 0.25, ""efficientnet_b0_cbam_oversampled_v1_224"": 0.25, ""efficientnet_b0_cbam_oversampled_v1_384"": 0.25}",,results/strict_multires_probe/two_models_two_resolutions.json,,950f3f5f956726b19ae2a21deab5908edec1dd7bccf0d06309c823954ef6077f,,,,original,,results/strict_multires_probe/two_models_two_resolutions.json,,historical_observed,not_selected_for_new_final_model,Imported from saved evidence; protocol mapped from audited producer/folder. Empty fields mean not recorded. Validation-selected; test not evaluated.
legacy:results/strict_multires_probe/weighted_224.json,legacy,inference_candidate,strict_multires_probe,strict_lesion_disjoint,validation,data/splits/split_assignments.csv,db1ce9f8b83f176001dd89fd332fb1668c7d2ba5f58d77157d293a09e2c2e696,weighted_224,,,,,,,,,,,,,,,,0.8456420492348636,0.757164195329919,0.7573133950146916,0.7568732673677362,,,"[""checkpoints/efficientnet_b0_cbam_weighted_v1/best.pt"", ""checkpoints/efficientnet_b0_cbam_oversampled_v1/best.pt""]",True,results/strict_multires_probe/protocol.json,,"{""efficientnet_b0_cbam_weighted_v1_224"": 1.0}",,results/strict_multires_probe/weighted_224.json,,04cb8acf439922c4bd488caf016bd13a1af39e7ab3e70161f7a5cdef0ed40501,,,,original,,results/strict_multires_probe/weighted_224.json,,historical_observed,not_selected_for_new_final_model,Imported from saved evidence; protocol mapped from audited producer/folder. Empty fields mean not recorded. Validation-selected; test not evaluated.
legacy:results/strict_multires_probe/weighted_224_384.json,legacy,inference_candidate,strict_multires_probe,strict_lesion_disjoint,validation,data/splits/split_assignments.csv,db1ce9f8b83f176001dd89fd332fb1668c7d2ba5f58d77157d293a09e2c2e696,weighted_224_384,,,,,,,,,,,,,,,,0.8476380572188955,0.761163892063836,0.7683662504289174,0.7622085594537392,,,"[""checkpoints/efficientnet_b0_cbam_weighted_v1/best.pt"", ""checkpoints/efficientnet_b0_cbam_oversampled_v1/best.pt""]",True,results/strict_multires_probe/protocol.json,,"{""efficientnet_b0_cbam_weighted_v1_224"": 0.5, ""efficientnet_b0_cbam_weighted_v1_384"": 0.5}",,results/strict_multires_probe/weighted_224_384.json,,a9ec5052923098d2c81b5004c36a7e1022e5fe5d096286ce09941dc1a4a9fca7,,,,original,,results/strict_multires_probe/weighted_224_384.json,,historical_observed,not_selected_for_new_final_model,Imported from saved evidence; protocol mapped from audited producer/folder. Empty fields mean not recorded. Validation-selected; test not evaluated.
legacy:results/validation_inference/efficientnet_b0_cbam_oversampled_v1_horizontal_flip_tta.json,legacy,inference_candidate,validation_inference,strict_lesion_disjoint,validation,data/splits/split_assignments.csv,db1ce9f8b83f176001dd89fd332fb1668c7d2ba5f58d77157d293a09e2c2e696,efficientnet_b0_cbam_oversampled_v1,,,,,,,,,,,,,,,,0.8576180971390552,0.780158177683805,0.6960621078549653,0.7296021576799175,,,,,,,,,results/validation_inference/efficientnet_b0_cbam_oversampled_v1_horizontal_flip_tta.json,,ee4a88a51bcad5c1d418e31c451fae0189393d763e8527fa90856c7809b07827,,,,original,,results/validation_inference/efficientnet_b0_cbam_oversampled_v1_horizontal_flip_tta.json,,historical_observed,not_selected_for_new_final_model,Imported from saved evidence; protocol mapped from audited producer/folder. Empty fields mean not recorded. Validation-selected; test not evaluated.
legacy:results/validation_inference/efficientnet_b0_cbam_oversampled_v1_normal.json,legacy,inference_candidate,validation_inference,strict_lesion_disjoint,validation,data/splits/split_assignments.csv,db1ce9f8b83f176001dd89fd332fb1668c7d2ba5f58d77157d293a09e2c2e696,efficientnet_b0_cbam_oversampled_v1,,,,,,,,,,,,,,,,0.852960745176314,0.7772497636091177,0.7007404921122615,0.732131726806851,,,,,,,,,results/validation_inference/efficientnet_b0_cbam_oversampled_v1_normal.json,,ea76ed35dc8ba393c47eea5f0d8fd61847a4eda6ad6774d1fb3f3ead97320a24,,,,original,,results/validation_inference/efficientnet_b0_cbam_oversampled_v1_normal.json,,historical_observed,not_selected_for_new_final_model,Imported from saved evidence; protocol mapped from audited producer/folder. Empty fields mean not recorded. Validation-selected; test not evaluated.
legacy:results/validation_inference/efficientnet_b0_cbam_weighted_v1_horizontal_flip_tta.json,legacy,inference_candidate,validation_inference,strict_lesion_disjoint,validation,data/splits/split_assignments.csv,db1ce9f8b83f176001dd89fd332fb1668c7d2ba5f58d77157d293a09e2c2e696,efficientnet_b0_cbam_weighted_v1,,,,,,,,,,,,,,,,0.8423153692614771,0.7719723400994944,0.7699476013258036,0.7703611681312049,,,,,,,,,results/validation_inference/efficientnet_b0_cbam_weighted_v1_horizontal_flip_tta.json,,c50f920e67d2e095dd75ee9d2768602b0560e27171ed33c2d4e2d9280805e532,,,,original,,results/validation_inference/efficientnet_b0_cbam_weighted_v1_horizontal_flip_tta.json,,historical_observed,not_selected_for_new_final_model,Imported from saved evidence; protocol mapped from audited producer/folder. Empty fields mean not recorded. Validation-selected; test not evaluated.
legacy:results/validation_inference/efficientnet_b0_cbam_weighted_v1_normal.json,legacy,inference_candidate,validation_inference,strict_lesion_disjoint,validation,data/splits/split_assignments.csv,db1ce9f8b83f176001dd89fd332fb1668c7d2ba5f58d77157d293a09e2c2e696,efficientnet_b0_cbam_weighted_v1,,,,,,,,,,,,,,,,0.8456420492348636,0.757164195329919,0.7573133950146916,0.7568732673677362,,,,,,,,,results/validation_inference/efficientnet_b0_cbam_weighted_v1_normal.json,,5ffb4616cb95f374962602659e682058a9a541c08505f80b2f2b0af8374073c5,,,,original,,results/validation_inference/efficientnet_b0_cbam_weighted_v1_normal.json,,historical_observed,not_selected_for_new_final_model,Imported from saved evidence; protocol mapped from audited producer/folder. Empty fields mean not recorded. Validation-selected; test not evaluated.
legacy:results/validation_inference_comparison.csv#csv_row:1,legacy,tabular_candidate,validation_inference_comparison.csv,strict_lesion_disjoint,validation,data/splits/split_assignments.csv,db1ce9f8b83f176001dd89fd332fb1668c7d2ba5f58d77157d293a09e2c2e696,efficientnet_b0_cbam_weighted_v1,,,,,,,,,,,,,,,,0.8456420492348636,0.757164195329919,0.7573133950146916,0.7568732673677362,,,,,,,,,results/validation_inference_comparison.csv,csv_row:1,a798cef87359fb3b6a407e667201ca31c4f1ae96a050345acf998e132db34aa1,,,,original,,,,historical_observed,not_selected_for_new_final_model,Imported from saved evidence; protocol mapped from audited producer/folder. Empty fields mean not recorded. Validation-selected; test not evaluated.
legacy:results/validation_inference_comparison.csv#csv_row:2,legacy,tabular_candidate,validation_inference_comparison.csv,strict_lesion_disjoint,validation,data/splits/split_assignments.csv,db1ce9f8b83f176001dd89fd332fb1668c7d2ba5f58d77157d293a09e2c2e696,efficientnet_b0_cbam_weighted_v1,,,,,,,,,,,,,,,,0.8423153692614771,0.7719723400994944,0.7699476013258036,0.7703611681312049,,,,,,,,,results/validation_inference_comparison.csv,csv_row:2,a798cef87359fb3b6a407e667201ca31c4f1ae96a050345acf998e132db34aa1,,,,original,,,,historical_observed,not_selected_for_new_final_model,Imported from saved evidence; protocol mapped from audited producer/folder. Empty fields mean not recorded. Validation-selected; test not evaluated.
legacy:results/validation_inference_comparison.csv#csv_row:3,legacy,tabular_candidate,validation_inference_comparison.csv,strict_lesion_disjoint,validation,data/splits/split_assignments.csv,db1ce9f8b83f176001dd89fd332fb1668c7d2ba5f58d77157d293a09e2c2e696,efficientnet_b0_cbam_oversampled_v1,,,,,,,,,,,,,,,,0.852960745176314,0.7772497636091177,0.7007404921122615,0.732131726806851,,,,,,,,,results/validation_inference_comparison.csv,csv_row:3,a798cef87359fb3b6a407e667201ca31c4f1ae96a050345acf998e132db34aa1,,,,original,,,,historical_observed,not_selected_for_new_final_model,Imported from saved evidence; protocol mapped from audited producer/folder. Empty fields mean not recorded. Validation-selected; test not evaluated.
legacy:results/validation_inference_comparison.csv#csv_row:4,legacy,tabular_candidate,validation_inference_comparison.csv,strict_lesion_disjoint,validation,data/splits/split_assignments.csv,db1ce9f8b83f176001dd89fd332fb1668c7d2ba5f58d77157d293a09e2c2e696,efficientnet_b0_cbam_oversampled_v1,,,,,,,,,,,,,,,,0.8576180971390552,0.780158177683805,0.6960621078549653,0.7296021576799175,,,,,,,,,results/validation_inference_comparison.csv,csv_row:4,a798cef87359fb3b6a407e667201ca31c4f1ae96a050345acf998e132db34aa1,,,,original,,,,historical_observed,not_selected_for_new_final_model,Imported from saved evidence; protocol mapped from audited producer/folder. Empty fields mean not recorded. Validation-selected; test not evaluated.
s01_efficientnet_b0_none_strict_seed42,structured,training_run,backbone_comparison,strict_lesion_disjoint,validation,data/splits/split_assignments.csv,db1ce9f8b83f176001dd89fd332fb1668c7d2ba5f58d77157d293a09e2c2e696,Establish the matched EfficientNet-B0 transfer-learning control for subsequent backbone and added-CBAM comparisons on strict validation macro-F1.,efficientnet_b0,EfficientNet_B0_Weights.IMAGENET1K_V1,none,224,PIL RGB; resize 224x224 bilinear antialias; ImageNet normalization,horizontal flip p=0.5; validation deterministic,training-only sqrt inverse-frequency class weights normalized to mean1,weighted_cross_entropy,AdamW,3e-05,0.0001,16,42,20,18,0.8562874251497006,0.7742211258057381,0.7852016013142199,0.7791473336748238,0.6609002636758671,1006.2479975000024,checkpoints/structured/s01_efficientnet_b0_none_strict_seed42/best.pt,True,results/structured_experiments/s01_efficientnet_b0_none_strict_seed42/config.json,,,results/structured_experiments/s01_efficientnet_b0_none_strict_seed42/history.csv,results/structured_experiments/s01_efficientnet_b0_none_strict_seed42/validation_metrics.json,,241badcf86cbc011ba4c4b550579681301bf9f03d619a86540c5bf2baad8a5bf,,,,original,0970a288544a783f2af8212939f927ce494b4aae9e4391d6eea991988de5bcdf,results/structured_experiments/s01_efficientnet_b0_none_strict_seed42/validation_metrics.json,results/structured_experiments/s01_efficientnet_b0_none_strict_seed42/figures,completed,strict_reference_retained_screening_moves_to_exploratory,"Common recipe v1; validation only; selected earliest maximum macro-F1; no test loader. Closed out on CPU: checkpoint/history/predictions/matrix/class scores verified. Historical comparison is descriptive, not an isolated CBAM ablation."
s02_mobilenet_v3_large_none_exploratory_seed42,structured,training_run,exploratory_screening,exploratory_image_level,validation,data/splits/exploratory/image_level_dev_v1.csv,75ebfcb011d8822e372283218dbb95a89b3e3d3e9323c83519004e2da1790fbb,Does ImageNet MobileNetV3-Large provide competitive exploratory validation accuracy and minority-class performance within the common 20-epoch screening budget?,mobilenet_v3_large,MobileNet_V3_Large_Weights.IMAGENET1K_V2,none,224,PIL RGB; resize 224x224 bilinear antialias; ImageNet normalization,horizontal flip p=0.5; validation deterministic,training-only sqrt inverse-frequency class weights normalized to mean1,weighted_cross_entropy,AdamW,3e-05,0.0001,16,42,20,16,0.8602794411177644,0.7949701703544128,0.780099667659236,0.7861111676525011,0.59081971124727,896.6182624000357,checkpoints/structured/s02_mobilenet_v3_large_none_exploratory_seed42/best.pt,True,results/structured_experiments/s02_mobilenet_v3_large_none_exploratory_seed42/config.json,,,results/structured_experiments/s02_mobilenet_v3_large_none_exploratory_seed42/history.csv,results/structured_experiments/s02_mobilenet_v3_large_none_exploratory_seed42/validation_metrics.json,,17612c7867f6d431f3850c06dec497d1db66241acb83be068067612420ba9036,,,,original,72e71e7be2e7465170c53211548ec65f72c1f393702f8e76e2c575c6a81bf45a,results/structured_experiments/s02_mobilenet_v3_large_none_exploratory_seed42/validation_metrics.json,results/structured_experiments/s02_mobilenet_v3_large_none_exploratory_seed42/figures,completed,exploratory_screen_completed_pending_next_approval,exploratory_screening_v1; exploratory_image_level validation only; selected earliest maximum accuracy; no test loader. Closed out on CPU: both selected checkpoints/predictions/history/matrices/class scores verified. Comparisons restricted to the same exploratory manifest; legacy recipes are descriptive context.
s03_efficientnet_b0_none_exploratory_seed42,structured,training_run,exploratory_screening,exploratory_image_level,validation,data/splits/exploratory/image_level_dev_v1.csv,75ebfcb011d8822e372283218dbb95a89b3e3d3e9323c83519004e2da1790fbb,"Does EfficientNet-B0 outperform S02 MobileNetV3-Large under the identical exploratory recipe, and provide aligned probabilities for a later bounded ensemble?",efficientnet_b0,EfficientNet_B0_Weights.IMAGENET1K_V1,none,224,PIL RGB; resize 224x224 bilinear antialias; ImageNet normalization,horizontal flip p=0.5; validation deterministic,training-only sqrt inverse-frequency class weights normalized to mean1,weighted_cross_entropy,AdamW,3e-05,0.0001,16,42,20,20,0.863606121091151,0.7534286077687018,0.7916330829131726,0.7706600163648087,0.6304686558695167,938.3005253999727,checkpoints/structured/s03_efficientnet_b0_none_exploratory_seed42/best.pt,True,results/structured_experiments/s03_efficientnet_b0_none_exploratory_seed42/config.json,,,results/structured_experiments/s03_efficientnet_b0_none_exploratory_seed42/history.csv,results/structured_experiments/s03_efficientnet_b0_none_exploratory_seed42/validation_metrics.json,,9f87441023b11cc6fa1f724b65f7ec051283c5f3651f2fefac8144b7c0cae24d,,,,original,6b7a270de98912a7f7a70ca3c1a78e55f8b5a0fe1406762760699cb23d4ca39c,results/structured_experiments/s03_efficientnet_b0_none_exploratory_seed42/validation_metrics.json,results/structured_experiments/s03_efficientnet_b0_none_exploratory_seed42/figures,completed,matched_backbone_control_completed_propose_fixed_fusion,exploratory_screening_v1; exploratory_image_level validation only; selected earliest maximum accuracy; no test loader. Closed out on CPU: both selected checkpoints/history/predictions/matrices/class scores verified; matched S02 exploratory comparison; strict results separate.
s04_s02_s03_equal_probability_exploratory_seed42,structured,fixed_probability_fusion,ensemble_screening,exploratory_image_level,validation,data/splits/exploratory/image_level_dev_v1.csv,75ebfcb011d8822e372283218dbb95a89b3e3d3e9323c83519004e2da1790fbb,Does one fixed equal-probability fusion of the matched S02/S03 accuracy-selected checkpoints improve exploratory accuracy and class-wise performance without another GPU training run?,mobilenet_v3_large+efficientnet_b0,,none,224,,,,,,,,,42,,,0.8855622089155023,0.8260743092585557,0.7909651520972928,0.8056543445886161,0.4667166441832347,3.958904800005257,"[""checkpoints/structured/s02_mobilenet_v3_large_none_exploratory_seed42/best.pt"", ""checkpoints/structured/s03_efficientnet_b0_none_exploratory_seed42/best.pt""]",True,results/structured_experiments/s04_s02_s03_equal_probability_exploratory_seed42/config.json,"[""s02_mobilenet_v3_large_none_exploratory_seed42"", ""s03_efficientnet_b0_none_exploratory_seed42""]","[0.5, 0.5]",,results/structured_experiments/s04_s02_s03_equal_probability_exploratory_seed42/validation_metrics.json,,e6aa1a9cc660626baa9d74112c34ef9949d0f60d7b8b50e0f17699e483d287aa,,,,original,,results/structured_experiments/s04_s02_s03_equal_probability_exploratory_seed42/figures/confusion_matrix.csv,results/structured_experiments/s04_s02_s03_equal_probability_exploratory_seed42/figures,completed,retain_fixed_fusion_reference_propose_matched_b0_cbam,"One predeclared candidate, parent accuracy winners, weights 0.5/0.5; validation-selected parent models; exploratory only; no GPU/raw/test images/new checkpoint. Closed out on CPU: exact fixed probability mean, all 1503 labels/predictions, loss/matrix/class metrics/figures verified. Accuracy and macro-F1 improve over both parents; akiec/vasc remain trade-offs."
s05_efficientnet_b0_cbam_exploratory_seed42,structured,training_run,exploratory_attention,exploratory_image_level,validation,data/splits/exploratory/image_level_dev_v1.csv,75ebfcb011d8822e372283218dbb95a89b3e3d3e9323c83519004e2da1790fbb,Does adding channel/spatial CBAM before global pooling improve EfficientNet-B0 accuracy and minority-class performance versus S03 under the matched exploratory recipe?,efficientnet_b0,EfficientNet_B0_Weights.IMAGENET1K_V1,cbam,224,PIL RGB; resize 224x224 bilinear antialias; ImageNet normalization,horizontal flip p=0.5; validation deterministic,training-only sqrt inverse-frequency class weights normalized to mean1,weighted_cross_entropy,AdamW,3e-05,0.0001,16,42,20,19,0.863606121091151,0.7599204214006077,0.7812601338875816,0.7693010875155818,0.6240051710418912,743.0220448999899,checkpoints/structured/s05_efficientnet_b0_cbam_exploratory_seed42/best.pt,True,results/structured_experiments/s05_efficientnet_b0_cbam_exploratory_seed42/config.json,,,results/structured_experiments/s05_efficientnet_b0_cbam_exploratory_seed42/history.csv,results/structured_experiments/s05_efficientnet_b0_cbam_exploratory_seed42/validation_metrics.json,,c72458e7266a9c171b082d597b0962605f8ffd11b68dcb2dfbeba1fd175dfe3c,,,,original,9fa9dce5a85f9110d7dd2940d56185feaa16aa4b0605b5f7ff045ac8f7e20320,results/structured_experiments/s05_efficientnet_b0_cbam_exploratory_seed42/validation_metrics.json,results/structured_experiments/s05_efficientnet_b0_cbam_exploratory_seed42/figures,completed,cbam_no_primary_accuracy_gain_preserve_secondary_candidate_screen_diverse_backbone,"exploratory_cbam_v1; exploratory_image_level validation only; selected earliest maximum accuracy; no test loader. Closed out on CPU: both checkpoint/prediction winners, history, class scores, matrices and figures verified. Matched S03: accuracy tied; primary F1 slightly lower; secondary F1 slightly higher. No broad CBAM advantage established; screen distinct backbone next."
s06_convnext_tiny_none_exploratory_seed42,structured,training_run,exploratory_screening,exploratory_image_level,validation,data/splits/exploratory/image_level_dev_v1.csv,75ebfcb011d8822e372283218dbb95a89b3e3d3e9323c83519004e2da1790fbb,Does a larger modern ConvNeXt-Tiny ImageNet backbone improve matched exploratory single-model performance and provide complementary errors to S02/S03 for bounded two- and three-model fusion?,convnext_tiny,ConvNeXt_Tiny_Weights.IMAGENET1K_V1,none,224,PIL RGB; resize 224x224 bilinear antialias; ImageNet normalization,horizontal flip p=0.5; validation deterministic,training-only sqrt inverse-frequency class weights normalized to mean1,weighted_cross_entropy,AdamW,3e-05,0.0001,16,42,20,17,0.9174983366600133,0.8804352604512183,0.8533257129249898,0.862830691053104,0.5296721393606085,896.4832069000695,checkpoints/structured/s06_convnext_tiny_none_exploratory_seed42/best.pt,True,results/structured_experiments/s06_convnext_tiny_none_exploratory_seed42/config.json,,,results/structured_experiments/s06_convnext_tiny_none_exploratory_seed42/history.csv,results/structured_experiments/s06_convnext_tiny_none_exploratory_seed42/validation_metrics.json,,2cb90350cf4278df0c849eedf526dd5b6cb431bc2cce43c9c12c0940118b13c9,,,,original,92381249b6486f54a8db6c7d808e5d421bf7ba1c0f8c7ea370d24542ec247ef7,results/structured_experiments/s06_convnext_tiny_none_exploratory_seed42/validation_metrics.json,results/structured_experiments/s06_convnext_tiny_none_exploratory_seed42/figures,completed,retain_strong_convnext_screen_bounded_fixed_ensembles,"exploratory_screening_v1; exploratory_image_level validation only; selected earliest maximum accuracy; no test loader. Closed out on CPU: both winners, latest history, predictions, class scores, matrices and curves verified. Stronger standalone than S02/S03/S05/S04; aligned errors justify three predeclared equal-fusion candidates, not a weight search."
s07_s02_s06_equal_probability_exploratory_seed42,structured,fixed_probability_fusion,ensemble_screening,exploratory_image_level,validation,data/splits/exploratory/image_level_dev_v1.csv,75ebfcb011d8822e372283218dbb95a89b3e3d3e9323c83519004e2da1790fbb,"Does one fixed equal-probability fusion of S02, S06 accuracy winners improve over S06 and frozen S04 on the identical exploratory validation cohort?",mobilenet_v3_large+convnext_tiny,,none,224,,,,,,,,,42,,,0.9135063206919495,0.8834463014962404,0.8390420167647568,0.8572834902217,0.3994373533628884,3.89426780003123,"[""checkpoints/structured/s02_mobilenet_v3_large_none_exploratory_seed42/best.pt"", ""checkpoints/structured/s06_convnext_tiny_none_exploratory_seed42/best.pt""]",True,results/structured_experiments/s07_s02_s06_equal_probability_exploratory_seed42/config.json,"[""s02_mobilenet_v3_large_none_exploratory_seed42"", ""s06_convnext_tiny_none_exploratory_seed42""]","[0.5, 0.5]",,results/structured_experiments/s07_s02_s06_equal_probability_exploratory_seed42/validation_metrics.json,,2be9f37ca5e5a4626f1652d760fa4a2cc0a15cad5303a5eb9e0d8c353a2e7057,,,,original,,results/structured_experiments/s07_s02_s06_equal_probability_exploratory_seed42/figures/confusion_matrix.csv,results/structured_experiments/s07_s02_s06_equal_probability_exploratory_seed42/figures,completed,preserve_bounded_result_no_accuracy_gain_over_s06,"One predeclared equal-probability candidate, parent accuracy winners; validation-selected parent models; exploratory only; no GPU/raw/test images/new checkpoint. Closed out on CPU: exact fixed probabilities, loss, labels, matrix/class metrics and figures verified; three candidates disclosed. No accuracy gain over S06; preserve balanced trade-offs and inference cost."
s08_s03_s06_equal_probability_exploratory_seed42,structured,fixed_probability_fusion,ensemble_screening,exploratory_image_level,validation,data/splits/exploratory/image_level_dev_v1.csv,75ebfcb011d8822e372283218dbb95a89b3e3d3e9323c83519004e2da1790fbb,"Does one fixed equal-probability fusion of S03, S06 accuracy winners improve over S06 and frozen S04 on the identical exploratory validation cohort?",efficientnet_b0+convnext_tiny,,none,224,,,,,,,,,42,,,0.9174983366600133,0.8791787422722113,0.853661940478857,0.862957545346514,0.390022114307497,3.865335200098343,"[""checkpoints/structured/s03_efficientnet_b0_none_exploratory_seed42/best.pt"", ""checkpoints/structured/s06_convnext_tiny_none_exploratory_seed42/best.pt""]",True,results/structured_experiments/s08_s03_s06_equal_probability_exploratory_seed42/config.json,"[""s03_efficientnet_b0_none_exploratory_seed42"", ""s06_convnext_tiny_none_exploratory_seed42""]","[0.5, 0.5]",,results/structured_experiments/s08_s03_s06_equal_probability_exploratory_seed42/validation_metrics.json,,28126a221ce38e5b2f97ff6dabfe06760076157d1da0ba680ff2a7474fa9440a,,,,original,,results/structured_experiments/s08_s03_s06_equal_probability_exploratory_seed42/figures/confusion_matrix.csv,results/structured_experiments/s08_s03_s06_equal_probability_exploratory_seed42/figures,completed,preserve_bounded_result_no_accuracy_gain_over_s06,"One predeclared equal-probability candidate, parent accuracy winners; validation-selected parent models; exploratory only; no GPU/raw/test images/new checkpoint. Closed out on CPU: exact fixed probabilities, loss, labels, matrix/class metrics and figures verified; three candidates disclosed. No accuracy gain over S06; preserve balanced trade-offs and inference cost."
s09_s02_s03_s06_equal_probability_exploratory_seed42,structured,fixed_probability_fusion,ensemble_screening,exploratory_image_level,validation,data/splits/exploratory/image_level_dev_v1.csv,75ebfcb011d8822e372283218dbb95a89b3e3d3e9323c83519004e2da1790fbb,"Does one fixed equal-probability fusion of S02, S03, S06 accuracy winners improve over S06 and frozen S04 on the identical exploratory validation cohort?",mobilenet_v3_large+efficientnet_b0+convnext_tiny,,none,224,,,,,,,,,42,,,0.9174983366600133,0.8888675000541016,0.855425303830642,0.8690940267638634,0.37295685530869166,3.8670592000707984,"[""checkpoints/structured/s02_mobilenet_v3_large_none_exploratory_seed42/best.pt"", ""checkpoints/structured/s03_efficientnet_b0_none_exploratory_seed42/best.pt"", ""checkpoints/structured/s06_convnext_tiny_none_exploratory_seed42/best.pt""]",True,results/structured_experiments/s09_s02_s03_s06_equal_probability_exploratory_seed42/config.json,"[""s02_mobilenet_v3_large_none_exploratory_seed42"", ""s03_efficientnet_b0_none_exploratory_seed42"", ""s06_convnext_tiny_none_exploratory_seed42""]","[0.3333333333333333, 0.3333333333333333, 0.3333333333333333]",,results/structured_experiments/s09_s02_s03_s06_equal_probability_exploratory_seed42/validation_metrics.json,,bdf92c477b7abb9fba5b5183fcdb602705ba8b01c028c670551ff2a1b8260881,,,,original,,results/structured_experiments/s09_s02_s03_s06_equal_probability_exploratory_seed42/figures/confusion_matrix.csv,results/structured_experiments/s09_s02_s03_s06_equal_probability_exploratory_seed42/figures,completed,preserve_bounded_result_no_accuracy_gain_over_s06,"One predeclared equal-probability candidate, parent accuracy winners; validation-selected parent models; exploratory only; no GPU/raw/test images/new checkpoint. Closed out on CPU: exact fixed probabilities, loss, labels, matrix/class metrics and figures verified; three candidates disclosed. No accuracy gain over S06; preserve balanced trade-offs and inference cost."
s10_efficientnet_v2_s_none_exploratory_seed42,structured,training_run,exploratory_screening,exploratory_image_level,validation,data/splits/exploratory/image_level_dev_v1.csv,75ebfcb011d8822e372283218dbb95a89b3e3d3e9323c83519004e2da1790fbb,Does a stronger Fused-MBConv/SE EfficientNetV2-S pretrained package improve same-budget exploratory standalone performance and add useful complementary errors to ConvNeXt-Tiny?,efficientnet_v2_s,EfficientNet_V2_S_Weights.IMAGENET1K_V1,none,224,PIL RGB; resize 224x224 bilinear antialias; ImageNet normalization,horizontal flip p=0.5; validation deterministic,training-only sqrt inverse-frequency class weights normalized to mean1,weighted_cross_entropy,AdamW,3e-05,0.0001,16,42,20,15,0.8948769128409847,0.8429931782712218,0.8099490560479351,0.8231616637229359,0.6761729821867744,1713.7837136001326,checkpoints/structured/s10_efficientnet_v2_s_none_exploratory_seed42/best.pt,True,results/structured_experiments/s10_efficientnet_v2_s_none_exploratory_seed42/config.json,,,results/structured_experiments/s10_efficientnet_v2_s_none_exploratory_seed42/history.csv,results/structured_experiments/s10_efficientnet_v2_s_none_exploratory_seed42/validation_metrics.json,,281c4efda7c8024afc62a59d59ff68b7ec52b5f067e9ca24b4a8cf741cf36f4c,,,,original,120b621b6ddc280c0929273121b149e4c7e90aec4c088c4da0c5b41a1dce62f5,results/structured_experiments/s10_efficientnet_v2_s_none_exploratory_seed42/figures/confusion_matrix.csv,results/structured_experiments/s10_efficientnet_v2_s_none_exploratory_seed42/figures,completed,retain_complementary_parent_s12_improved_accuracy_and_f1,"exploratory_screening_v1; exploratory_image_level validation only; selected earliest maximum accuracy; no test loader. Explicit S10 numerical recovery amendment: training AMP unchanged; any recovered validation epochs use full FP32, recorded in history/diagnostics. Closed out on CPU: both winners, latest history, predictions, class scores, matrices and curves verified. Winner epoch15 remains AMP; full FP32 validation fallback at14/18/20. S10 weaker than S06/S09; assess bounded fixed fusion only from complementary errors."
s11_s06_s10_equal_probability_exploratory_seed42,structured,fixed_probability_fusion,ensemble_screening,exploratory_image_level,validation,data/splits/exploratory/image_level_dev_v1.csv,75ebfcb011d8822e372283218dbb95a89b3e3d3e9323c83519004e2da1790fbb,Does fixed equal fusion exploit S10 complementary errors and improve over frozen S06/S09?,convnext_tiny+efficientnet_v2_s,,none,224,,,,,,,,,42,,,0.9208250166333999,0.8897778150511025,0.838727005336872,0.8601656052300787,0.4117224294197621,5.215868399944156,"[""checkpoints/structured/s06_convnext_tiny_none_exploratory_seed42/best.pt"", ""checkpoints/structured/s10_efficientnet_v2_s_none_exploratory_seed42/best.pt""]",True,results/structured_experiments/s11_s06_s10_equal_probability_exploratory_seed42/config.json,"[""s06_convnext_tiny_none_exploratory_seed42"", ""s10_efficientnet_v2_s_none_exploratory_seed42""]","[0.5, 0.5]",,results/structured_experiments/s11_s06_s10_equal_probability_exploratory_seed42/validation_metrics.json,,26145f8b7573b312f09079b0dc2f46ca78dc1bcec69485af309a7a1a5c23076a,,,,original,,results/structured_experiments/s11_s06_s10_equal_probability_exploratory_seed42/figures/confusion_matrix.csv,results/structured_experiments/s11_s06_s10_equal_probability_exploratory_seed42/figures,completed,accuracy_gain_but_macro_f1_loss,"One predeclared equal-probability candidate, parent accuracy winners; validation-selected parent models; exploratory only; no GPU/raw/test images/new checkpoint. Closed out on CPU: exact fixed probabilities, loss, labels, matrix/class metrics and figures verified; two candidates disclosed; report gains and trade-offs vs S06/S09 with S10 numerical amendment. No further search."
s12_s03_s06_s10_equal_probability_exploratory_seed42,structured,fixed_probability_fusion,ensemble_screening,exploratory_image_level,validation,data/splits/exploratory/image_level_dev_v1.csv,75ebfcb011d8822e372283218dbb95a89b3e3d3e9323c83519004e2da1790fbb,Does fixed equal fusion exploit S10 complementary errors and improve over frozen S06/S09?,efficientnet_b0+convnext_tiny+efficientnet_v2_s,,none,224,,,,,,,,,42,,,0.9241516966067864,0.9024928226888206,0.8585573682479951,0.877023379276669,0.36101087206124266,5.100038699922152,"[""checkpoints/structured/s03_efficientnet_b0_none_exploratory_seed42/best.pt"", ""checkpoints/structured/s06_convnext_tiny_none_exploratory_seed42/best.pt"", ""checkpoints/structured/s10_efficientnet_v2_s_none_exploratory_seed42/best.pt""]",True,results/structured_experiments/s12_s03_s06_s10_equal_probability_exploratory_seed42/config.json,"[""s03_efficientnet_b0_none_exploratory_seed42"", ""s06_convnext_tiny_none_exploratory_seed42"", ""s10_efficientnet_v2_s_none_exploratory_seed42""]","[0.3333333333333333, 0.3333333333333333, 0.3333333333333333]",,results/structured_experiments/s12_s03_s06_s10_equal_probability_exploratory_seed42/validation_metrics.json,,4b8dd426f30d7826b4606f9b4505aa65f7be1c57ef852d4c92e040663c521d5a,,,,original,,results/structured_experiments/s12_s03_s06_s10_equal_probability_exploratory_seed42/figures/confusion_matrix.csv,results/structured_experiments/s12_s03_s06_s10_equal_probability_exploratory_seed42/figures,completed,retain_strongest_accuracy_balanced_fixed_ensemble,"One predeclared equal-probability candidate, parent accuracy winners; validation-selected parent models; exploratory only; no GPU/raw/test images/new checkpoint. Closed out on CPU: exact fixed probabilities, loss, labels, matrix/class metrics and figures verified; two candidates disclosed; report gains and trade-offs vs S06/S09 with S10 numerical amendment. No further search."
s13_s12_four_flip_tta_exploratory_seed42,structured,fixed_tta_inference,inference_screening,exploratory_image_level,validation,data/splits/exploratory/image_level_dev_v1.csv,75ebfcb011d8822e372283218dbb95a89b3e3d3e9323c83519004e2da1790fbb,Does fixed four-flip TTA improve the strongest equal three-model ensemble? FP32 identity control separates precision from the view effect.,efficientnet_b0+convnext_tiny+efficientnet_v2_s,,none,224,,,,,,,,,42,,,0.9155023286759814,0.8959559263800572,0.8379198557513251,0.8616182743001131,0.36369641276244624,167.26259010005742,"[""checkpoints/structured/s03_efficientnet_b0_none_exploratory_seed42/best.pt"", ""checkpoints/structured/s06_convnext_tiny_none_exploratory_seed42/best.pt"", ""checkpoints/structured/s10_efficientnet_v2_s_none_exploratory_seed42/best.pt""]",True,results/structured_experiments/s13_s12_four_flip_tta_exploratory_seed42/config.json,"[""s03_efficientnet_b0_none_exploratory_seed42"", ""s06_convnext_tiny_none_exploratory_seed42"", ""s10_efficientnet_v2_s_none_exploratory_seed42""]","[0.3333333333333333, 0.3333333333333333, 0.3333333333333333]",,results/structured_experiments/s13_s12_four_flip_tta_exploratory_seed42/validation_metrics.json,,adf4ebb4209ea7ffecfea8131a4394e29ba5e6dae49e5583bafba202c2ffcd11,,,,original,,results/structured_experiments/s13_s12_four_flip_tta_exploratory_seed42/figures/confusion_matrix.csv,results/structured_experiments/s13_s12_four_flip_tta_exploratory_seed42/figures,completed,reject_fixed_flip_tta_retain_s12_reference,FP32 inference for all models/views with matched FP32 identity control; no training/new checkpoints/test images; 12 model passes; no view/weight sweep. Parent S10 recovery disclosed in parent closeout. Closed out:12 view tables and2 aggregate prediction/metric/figure packages verified. TTA regresses; FP32 identity gains one correct image only. Preserve S12 reference; no TTA search.
s13_s12_identity_fp32_control_exploratory_seed42,structured,precision_control_inference,inference_control,exploratory_image_level,validation,data/splits/exploratory/image_level_dev_v1.csv,75ebfcb011d8822e372283218dbb95a89b3e3d3e9323c83519004e2da1790fbb,"FP32 identity-only evaluation of unchanged S12; precision control, no TTA",efficientnet_b0+convnext_tiny+efficientnet_v2_s,,none,224,,,,,,,,,42,,,0.9248170326014638,0.9032601879784398,0.8586992323421929,0.8774541331925992,0.3609271708617435,,"[""checkpoints/structured/s03_efficientnet_b0_none_exploratory_seed42/best.pt"", ""checkpoints/structured/s06_convnext_tiny_none_exploratory_seed42/best.pt"", ""checkpoints/structured/s10_efficientnet_v2_s_none_exploratory_seed42/best.pt""]",True,results/structured_experiments/s13_s12_four_flip_tta_exploratory_seed42/identity_control_config.json,"[""s03_efficientnet_b0_none_exploratory_seed42"", ""s06_convnext_tiny_none_exploratory_seed42"", ""s10_efficientnet_v2_s_none_exploratory_seed42""]","[0.3333333333333333, 0.3333333333333333, 0.3333333333333333]",,results/structured_experiments/s13_s12_four_flip_tta_exploratory_seed42/validation_metrics_identity_fp32.json,,56c0bb53de909ea0358f05d26f69e2b806d0a9ea5e712398ed67d63b030a43bb,,,,original,,results/structured_experiments/s13_s12_four_flip_tta_exploratory_seed42/figures_identity_fp32/confusion_matrix.csv,results/structured_experiments/s13_s12_four_flip_tta_exploratory_seed42/figures_identity_fp32,completed,retain_precision_control_no_meaningful_accuracy_gain,"Control embedded within S13 inference: same S12 checkpoints,224px,FP32,identity only; no training/test/new checkpoints. Runtime not separately timed; total S13 includes12 passes and figures."
s15_densenet201_none_exploratory_seed42,structured,training_run,exploratory_screening,exploratory_image_level,validation,data/splits/exploratory/image_level_dev_v1.csv,75ebfcb011d8822e372283218dbb95a89b3e3d3e9323c83519004e2da1790fbb,Can a fully fine-tuned densely connected pretrained model approach ConvNeXt performance and supply complementary errors for a materially stronger heterogeneous ensemble?,densenet201,DenseNet201_Weights.IMAGENET1K_V1,none,224,PIL RGB; resize 224x224 bilinear antialias; ImageNet normalization,horizontal flip p=0.5; validation deterministic,training-only sqrt inverse-frequency class weights normalized to mean1,weighted_cross_entropy,AdamW,3e-05,0.0001,16,42,17,12,0.8962075848303394,0.81691264404218,0.805484253908005,0.8075191800514074,0.5991140240110769,1898.7574629000155,checkpoints/structured/s15_densenet201_none_exploratory_seed42/best.pt,True,results/structured_experiments/s15_densenet201_none_exploratory_seed42/config.json,,,results/structured_experiments/s15_densenet201_none_exploratory_seed42/history.csv,results/structured_experiments/s15_densenet201_none_exploratory_seed42/validation_metrics.json,,ba7516e387c14988aa9eba8c8d8e7c0596d6e60f81fde74b417b03f28d08a699,,,,original,c6434ede445a6ad1432334e114773a7176865a14b35382ad995a40688023d3bf,results/structured_experiments/s15_densenet201_none_exploratory_seed42/validation_metrics.json,results/structured_experiments/s15_densenet201_none_exploratory_seed42/figures,completed,exclude_from_selected_ensemble_after_marginal_fixed_fusion,"exploratory_screening_v1; exploratory_image_level validation only; selected earliest maximum accuracy; no test loader. Closed out on CPU: both winners, latest history, predictions, class scores, matrices and curves verified. Weaker than ConvNeXt; One equal ConvNeXt/DenseNet fusion reached92.61%/.8771, only2 extra correct vs FP32 reference with lower macro-F1; exclude DenseNet from selected ensemble, no weight search."
s16_efficientnet_b3_none_exploratory_seed42,structured,training_run,exploratory_screening,exploratory_image_level,validation,data/splits/exploratory/image_level_dev_v1.csv,75ebfcb011d8822e372283218dbb95a89b3e3d3e9323c83519004e2da1790fbb,Does a larger compound-scaled pretrained CNN supply a strong complementary component beyond B0 and V2-S under the same exploratory recipe?,efficientnet_b3,EfficientNet_B3_Weights.IMAGENET1K_V1,none,224,PIL RGB; resize 224x224 bilinear antialias; ImageNet normalization,horizontal flip p=0.5; validation deterministic,training-only sqrt inverse-frequency class weights normalized to mean1,weighted_cross_entropy,AdamW,3e-05,0.0001,16,42,11,,,,,,,,,,results/structured_experiments/s16_efficientnet_b3_none_exploratory_seed42/config.json,,,results/structured_experiments/s16_efficientnet_b3_none_exploratory_seed42/history.csv,,,,,,,,,,,failed,pending,"NonfiniteValidation('Nonfinite validation batch: {""reason"": ""nonfinite_forward_or_loss"", ""precision"": ""amp_fp16"", ""logits_nan"": 7, ""logits_inf"": 0, ""bad_logit_rows"": [6], ""loss_finite"": false, ""probabilities_nonfinite"": 7}')"
s17_s06_s15_equal_probability_exploratory_seed42,structured,fixed_probability_fusion,ensemble_screening,exploratory_image_level,validation,data/splits/exploratory/image_level_dev_v1.csv,75ebfcb011d8822e372283218dbb95a89b3e3d3e9323c83519004e2da1790fbb,Does the single fixed ConvNeXt/DenseNet fusion meaningfully improve our existing reference? No weight search.,convnext_tiny+densenet201,,none,224,,,,,,,,,42,,,0.9261477045908184,0.9097434738042544,0.8553420453115363,0.8770606134548798,0.38471376334915075,5.135728900087997,"[""checkpoints/structured/s06_convnext_tiny_none_exploratory_seed42/best.pt"", ""checkpoints/structured/s15_densenet201_none_exploratory_seed42/best.pt""]",True,results/structured_experiments/s17_s06_s15_equal_probability_exploratory_seed42/config.json,"[""s06_convnext_tiny_none_exploratory_seed42"", ""s15_densenet201_none_exploratory_seed42""]","[0.5, 0.5]",,results/structured_experiments/s17_s06_s15_equal_probability_exploratory_seed42/validation_metrics.json,,1e34e7c1c2a42e91a6073418816c2748525c66b1b945766a5fc7b20c9ad3716b,,,,original,,results/structured_experiments/s17_s06_s15_equal_probability_exploratory_seed42/figures/confusion_matrix.csv,results/structured_experiments/s17_s06_s15_equal_probability_exploratory_seed42/figures,completed,exclude_from_final_ensemble_marginal_gain,"One predeclared equal-probability candidate, parent accuracy winners; validation-selected parent models; exploratory only; no GPU/raw/test images/new checkpoint. CPU closeout verified exact probabilities, recomputed metrics/loss, matrices and class figures. Only +2 correct vs FP32 reference, below predeclared material-gain gate; no DenseNet weighting experiments. CPU closeout verified exact probabilities, recomputed metrics/loss, matrices and class figures. Only +2 correct vs FP32 reference, below predeclared material-gain gate; no DenseNet weighting experiments. CPU closeout verified exact probabilities, recomputed metrics/loss, matrices and class figures. Only +2 correct vs FP32 reference, below predeclared material-gain gate; no DenseNet weighting experiments."
s18_convnext_small_none_exploratory_seed42,structured,training_run,exploratory_screening,exploratory_image_level,validation,data/splits/exploratory/image_level_dev_v1.csv,75ebfcb011d8822e372283218dbb95a89b3e3d3e9323c83519004e2da1790fbb,Does scaling our proven ConvNeXt family improve standalone and ensemble performance enough to justify extra capacity? Staged 8/12/20-epoch review gates.,convnext_small,ConvNeXt_Small_Weights.IMAGENET1K_V1,none,224,PIL RGB; resize 224x224 bilinear antialias; ImageNet normalization,horizontal flip p=0.5; validation deterministic,training-only sqrt inverse-frequency class weights normalized to mean1,weighted_cross_entropy,AdamW,3e-05,0.0001,16,42,20,17,0.9221556886227545,0.8793870459091774,0.8371484433006663,0.8549484177398866,0.5114925815382255,1470.2621479999507,checkpoints/structured/s18_convnext_small_none_exploratory_seed42/best.pt,True,results/structured_experiments/s18_convnext_small_none_exploratory_seed42/config.json,,,results/structured_experiments/s18_convnext_small_none_exploratory_seed42/history.csv,results/structured_experiments/s18_convnext_small_none_exploratory_seed42/validation_metrics.json,,e64fc368f4959f554a808bd80d39f752ca4ac19505211785bc8fa53729f66d00,,,,original,ece76c8c94f9f8e030613155811251b211007b1643a6e70de64413dfad8ac4ef,results/structured_experiments/s18_convnext_small_none_exploratory_seed42/validation_metrics.json,results/structured_experiments/s18_convnext_small_none_exploratory_seed42/figures,completed,retain_future_ensemble_candidate_accuracy_gain_macro_f1_tradeoff,"exploratory_screening_v1; exploratory_image_level validation only; selected earliest maximum accuracy; no test loader. Closed out on CPU: both winners, latest history, finite weights/predictions, class scores, matrices and curves verified. +7 correct vs Tiny (+0.4657pp) but lower macro-F1; modest accuracy gain, not material balanced improvement. Retain candidate for future error-based ensemble review; no new fusion or training. Epoch8 gate superseded by user-approved15 then20 continuation, recipe/source unchanged."
s19_resnet101_none_exploratory_seed42,structured,training_run,exploratory_screening,exploratory_image_level,validation,data/splits/exploratory/image_level_dev_v1.csv,75ebfcb011d8822e372283218dbb95a89b3e3d3e9323c83519004e2da1790fbb,Does a deep residual ImageNet transfer-learning model provide competitive standalone performance or useful complementary errors for final heterogeneous architecture selection?,resnet101,ResNet101_Weights.IMAGENET1K_V2,none,224,PIL RGB; resize 224x224 bilinear antialias; ImageNet normalization,horizontal flip p=0.5; validation deterministic,training-only sqrt inverse-frequency class weights normalized to mean1,weighted_cross_entropy,AdamW,3e-05,0.0001,16,42,20,19,0.8809048569527611,0.8055128671958757,0.7831234731491711,0.7920318955927467,0.7992459363849943,1268.5103160999984,checkpoints/structured/s19_resnet101_none_exploratory_seed42/best.pt,True,results/structured_experiments/s19_resnet101_none_exploratory_seed42/config.json,,,results/structured_experiments/s19_resnet101_none_exploratory_seed42/history.csv,results/structured_experiments/s19_resnet101_none_exploratory_seed42/validation_metrics.json,,088fb2de76593645df4fb46755be72bd07347d47b6aeb36f0a137171a2143d94,,,,original,4763c8b83b96de57323938a76dee9074a36d1e62c21d63c6b05fecf67f8828d2,results/structured_experiments/s19_resnet101_none_exploratory_seed42/validation_metrics.json,results/structured_experiments/s19_resnet101_none_exploratory_seed42/figures,completed,verified_final_selection_candidate,exploratory_screening_v1; exploratory_image_level validation only; selected earliest maximum accuracy; no test loader.
s20_final_equal_01_exploratory_seed42,structured,fixed_probability_fusion,final_architecture_selection,exploratory_image_level,validation,data/splits/exploratory/image_level_dev_v1.csv,75ebfcb011d8822e372283218dbb95a89b3e3d3e9323c83519004e2da1790fbb,Bounded final fixed fusion; no grid/class weights,convnext_small+efficientnet_v2_s+efficientnet_b0,,none,224,,,,,,,,,42,,,0.9261477045908184,0.9021327353533833,0.8500490081725136,0.8725039609097829,0.3622147959482491,,"[""checkpoints/structured/s18_convnext_small_none_exploratory_seed42/best.pt"", ""checkpoints/structured/s10_efficientnet_v2_s_none_exploratory_seed42/best.pt"", ""checkpoints/structured/s03_efficientnet_b0_none_exploratory_seed42/best.pt""]",True,results/structured_experiments/s20_final_equal_01_exploratory_seed42/config.json,"[""s18_convnext_small_none_exploratory_seed42"", ""s10_efficientnet_v2_s_none_exploratory_seed42"", ""s03_efficientnet_b0_none_exploratory_seed42""]","[0.3333333333333333, 0.3333333333333333, 0.3333333333333333]",,results/structured_experiments/s20_final_equal_01_exploratory_seed42/validation_metrics.json,,e11375284657a0621993fde455ebfc91120891bc7e61cade8574af21ed557ade,,,,original,,results/structured_experiments/s20_final_equal_01_exploratory_seed42/figures/confusion_matrix.csv,results/structured_experiments/s20_final_equal_01_exploratory_seed42/figures,completed,bounded_final_candidate,"Saved parent accuracy winners; no training/checkpoint or test loader; validation-selected members/weights; arithmetic on stored probabilities, not new FP32 inference."
s21_final_equal_02_exploratory_seed42,structured,fixed_probability_fusion,final_architecture_selection,exploratory_image_level,validation,data/splits/exploratory/image_level_dev_v1.csv,75ebfcb011d8822e372283218dbb95a89b3e3d3e9323c83519004e2da1790fbb,Bounded final fixed fusion; no grid/class weights,convnext_tiny+resnet101,,none,224,,,,,,,,,42,,,0.9194943446440452,0.8860468504393225,0.8498764402900425,0.865239148650957,0.4473945635451952,,"[""checkpoints/structured/s06_convnext_tiny_none_exploratory_seed42/best.pt"", ""checkpoints/structured/s19_resnet101_none_exploratory_seed42/best.pt""]",True,results/structured_experiments/s21_final_equal_02_exploratory_seed42/config.json,"[""s06_convnext_tiny_none_exploratory_seed42"", ""s19_resnet101_none_exploratory_seed42""]","[0.5, 0.5]",,results/structured_experiments/s21_final_equal_02_exploratory_seed42/validation_metrics.json,,f8d5132d97ef9d2ccfe6481131dcfe68317054c05ed03102136c437bcdfc7924,,,,original,,results/structured_experiments/s21_final_equal_02_exploratory_seed42/figures/confusion_matrix.csv,results/structured_experiments/s21_final_equal_02_exploratory_seed42/figures,completed,bounded_final_candidate,"Saved parent accuracy winners; no training/checkpoint or test loader; validation-selected members/weights; arithmetic on stored probabilities, not new FP32 inference."
s22_final_equal_03_exploratory_seed42,structured,fixed_probability_fusion,final_architecture_selection,exploratory_image_level,validation,data/splits/exploratory/image_level_dev_v1.csv,75ebfcb011d8822e372283218dbb95a89b3e3d3e9323c83519004e2da1790fbb,Bounded final fixed fusion; no grid/class weights,convnext_small+resnet101,,none,224,,,,,,,,,42,,,0.9228210246174318,0.8817319834251102,0.8230771274698266,0.8478816281164497,0.43497345594720344,,"[""checkpoints/structured/s18_convnext_small_none_exploratory_seed42/best.pt"", ""checkpoints/structured/s19_resnet101_none_exploratory_seed42/best.pt""]",True,results/structured_experiments/s22_final_equal_03_exploratory_seed42/config.json,"[""s18_convnext_small_none_exploratory_seed42"", ""s19_resnet101_none_exploratory_seed42""]","[0.5, 0.5]",,results/structured_experiments/s22_final_equal_03_exploratory_seed42/validation_metrics.json,,a837a224f2bba1330db5e523ea20b77b61f3ac5172217b169d72e4f4c1f3a512,,,,original,,results/structured_experiments/s22_final_equal_03_exploratory_seed42/figures/confusion_matrix.csv,results/structured_experiments/s22_final_equal_03_exploratory_seed42/figures,completed,bounded_final_candidate,"Saved parent accuracy winners; no training/checkpoint or test loader; validation-selected members/weights; arithmetic on stored probabilities, not new FP32 inference."
s23_final_equal_04_exploratory_seed42,structured,fixed_probability_fusion,final_architecture_selection,exploratory_image_level,validation,data/splits/exploratory/image_level_dev_v1.csv,75ebfcb011d8822e372283218dbb95a89b3e3d3e9323c83519004e2da1790fbb,Bounded final fixed fusion; no grid/class weights,convnext_small+resnet101+efficientnet_v2_s,,none,224,,,,,,,,,42,,,0.9254823685961411,0.902135377920725,0.8348937371661048,0.8641600811694099,0.3830739390104978,,"[""checkpoints/structured/s18_convnext_small_none_exploratory_seed42/best.pt"", ""checkpoints/structured/s19_resnet101_none_exploratory_seed42/best.pt"", ""checkpoints/structured/s10_efficientnet_v2_s_none_exploratory_seed42/best.pt""]",True,results/structured_experiments/s23_final_equal_04_exploratory_seed42/config.json,"[""s18_convnext_small_none_exploratory_seed42"", ""s19_resnet101_none_exploratory_seed42"", ""s10_efficientnet_v2_s_none_exploratory_seed42""]","[0.3333333333333333, 0.3333333333333333, 0.3333333333333333]",,results/structured_experiments/s23_final_equal_04_exploratory_seed42/validation_metrics.json,,80b5a259af5066efda92d31a5ee8eb198cc8730cfbaa45d8c7916a59d7cceb9f,,,,original,,results/structured_experiments/s23_final_equal_04_exploratory_seed42/figures/confusion_matrix.csv,results/structured_experiments/s23_final_equal_04_exploratory_seed42/figures,completed,bounded_final_candidate,"Saved parent accuracy winners; no training/checkpoint or test loader; validation-selected members/weights; arithmetic on stored probabilities, not new FP32 inference."
s26_final_weighted_01_exploratory_seed42,structured,fixed_probability_fusion,final_architecture_selection,exploratory_image_level,validation,data/splits/exploratory/image_level_dev_v1.csv,75ebfcb011d8822e372283218dbb95a89b3e3d3e9323c83519004e2da1790fbb,Bounded final fixed fusion; no grid/class weights,convnext_small+efficientnet_v2_s+efficientnet_b0,,none,224,,,,,,,,,42,,,0.9268130405854956,0.8984783017053719,0.8505478375658673,0.8718470001691984,0.35851687762120016,,"[""checkpoints/structured/s18_convnext_small_none_exploratory_seed42/best.pt"", ""checkpoints/structured/s10_efficientnet_v2_s_none_exploratory_seed42/best.pt"", ""checkpoints/structured/s03_efficientnet_b0_none_exploratory_seed42/best.pt""]",True,results/structured_experiments/s26_final_weighted_01_exploratory_seed42/config.json,"[""s18_convnext_small_none_exploratory_seed42"", ""s10_efficientnet_v2_s_none_exploratory_seed42"", ""s03_efficientnet_b0_none_exploratory_seed42""]","[0.4, 0.4, 0.2]",,results/structured_experiments/s26_final_weighted_01_exploratory_seed42/validation_metrics.json,,8d647cf3502a1b164ecbe4188d8c2d72e134e39f365685d5be9f5840fd71f398,,,,original,,results/structured_experiments/s26_final_weighted_01_exploratory_seed42/figures/confusion_matrix.csv,results/structured_experiments/s26_final_weighted_01_exploratory_seed42/figures,completed,bounded_final_candidate,"Saved parent accuracy winners; no training/checkpoint or test loader; validation-selected members/weights; arithmetic on stored probabilities, not new FP32 inference."
s27_final_weighted_02_exploratory_seed42,structured,fixed_probability_fusion,final_architecture_selection,exploratory_image_level,validation,data/splits/exploratory/image_level_dev_v1.csv,75ebfcb011d8822e372283218dbb95a89b3e3d3e9323c83519004e2da1790fbb,Bounded final fixed fusion; no grid/class weights,convnext_small+efficientnet_v2_s+efficientnet_b0,,none,224,,,,,,,,,42,,,0.927478376580173,0.891934564228278,0.8476585346971343,0.8663550330406329,0.350855823247753,,"[""checkpoints/structured/s18_convnext_small_none_exploratory_seed42/best.pt"", ""checkpoints/structured/s10_efficientnet_v2_s_none_exploratory_seed42/best.pt"", ""checkpoints/structured/s03_efficientnet_b0_none_exploratory_seed42/best.pt""]",True,results/structured_experiments/s27_final_weighted_02_exploratory_seed42/config.json,"[""s18_convnext_small_none_exploratory_seed42"", ""s10_efficientnet_v2_s_none_exploratory_seed42"", ""s03_efficientnet_b0_none_exploratory_seed42""]","[0.5, 0.25, 0.25]",,results/structured_experiments/s27_final_weighted_02_exploratory_seed42/validation_metrics.json,,69c7601699cc49df394db5a81d1fdc17f0162132c6b6a62b5fb8dafc677891e0,,,,original,,results/structured_experiments/s27_final_weighted_02_exploratory_seed42/figures/confusion_matrix.csv,results/structured_experiments/s27_final_weighted_02_exploratory_seed42/figures,completed,bounded_final_candidate,"Saved parent accuracy winners; no training/checkpoint or test loader; validation-selected members/weights; arithmetic on stored probabilities, not new FP32 inference."
