image_id,p_akiec,p_bcc,p_bkl,p_df,p_mel,p_nv,p_vasc
ISIC_0025767,5.8851476580912276e-08,8.100717963088755e-08,0.9999997615814209,5.0842899668168684e-08,2.9157203318419533e-09,2.472140003817458e-08,4.024014543801968e-08
ISIC_0032417,2.841684398902089e-08,7.596000983767226e-08,0.9999998807907104,4.7146201609393756e-08,4.811743004040636e-09,4.270894748970022e-09,4.572548562009615e-08
ISIC_0032343,2.6647234335541725e-05,6.692906708849478e-07,0.9999678134918213,1.2848632877648924e-06,2.4136538741004188e-06,1.2122407966330684e-08,1.1446331882325467e-06
ISIC_0028052,8.235069799411576e-07,1.6282255046462524e-06,6.929904338903725e-05,6.364430760186224e-07,0.0005254347925074399,0.9993987083435059,3.5144792036589934e-06
ISIC_0028774,2.5955691285162175e-07,5.982604278642611e-08,0.9999958276748657,3.323907833419071e-07,3.155408421662287e-06,1.7193547696692235e-09,3.2468199151480803e-07
ISIC_0030565,0.0002452269836794585,5.1368010645092e-07,0.001291948021389544,3.4254503589181695e-06,0.9984490871429443,2.794819309315244e-08,9.862385013548192e-06
ISIC_0024623,6.145287443359848e-07,1.4280463801696897e-05,0.9999675750732422,1.5888517737039365e-06,1.4747001841897145e-05,1.1313595393858122e-07,1.0560703458395437e-06
ISIC_0029613,3.31175471046663e-07,3.801353386734263e-06,0.9999901056289673,2.3954413563842536e-07,5.05565139974351e-06,1.1760492668599909e-07,3.3919272368621023e-07
ISIC_0032929,3.037545866391156e-06,8.986683496914338e-06,0.06621093302965164,5.506141860678326e-06,0.9337604641914368,1.8496567690817756e-06,9.215163117914926e-06
ISIC_0032963,3.8023317756596953e-06,6.066362402634695e-05,0.9641228318214417,2.3543621864519082e-05,0.03576654940843582,9.341655982098018e-07,2.1584535716101527e-05
ISIC_0032949,1.6629365973130916e-06,2.6916984552372014e-06,0.9990317821502686,1.6293188309646212e-06,2.3396823678467626e-07,0.0009592440910637379,2.7537491860130103e-06
ISIC_0033322,5.908877653837408e-08,1.2213845934638812e-07,0.9999992847442627,9.606873163647833e-08,2.4438593371201023e-08,2.019858129642671e-07,1.682775376821155e-07
ISIC_0033127,2.385245423397464e-08,6.647879047250171e-08,0.9999995231628418,7.047185590636218e-08,2.597440982299304e-07,1.9330755662849697e-08,1.5388067708954623e-07
ISIC_0032732,9.41827329370426e-06,8.871653335518204e-06,0.9408448934555054,1.4827781342319213e-05,0.0026097383815795183,0.05647185072302818,4.0542330680182204e-05
ISIC_0032778,1.2375430458178016e-07,4.985365364973404e-08,7.791695288972278e-09,2.3031207163626277e-08,1.1084460993515677e-06,0.9999986886978149,1.1159539781147032e-07
ISIC_0033466,1.624400596256237e-07,8.745951873834201e-08,7.861574502499025e-09,6.634662241822298e-08,5.148881996319687e-07,0.9999988079071045,3.0141077900225355e-07
ISIC_0033691,3.7047138334855845e-07,3.103179324170924e-06,0.9999943971633911,1.8144659463814605e-07,2.793800035760796e-08,1.5715413610450923e-06,3.6577307582774665e-07
ISIC_0033910,6.63394239381887e-05,0.00040485220961272717,0.0005795071483589709,7.224335604405496e-06,0.002726153936237097,0.9962090253829956,6.904180736455601e-06
ISIC_0032556,6.399338303708646e-08,6.70258728519002e-08,0.9999994039535522,4.039608469952327e-08,4.4213916972069e-09,2.749955854142172e-07,1.3079360883239133e-07
ISIC_0032842,4.795516360900365e-06,2.9028333301539533e-06,7.230073242681101e-05,1.0529118981139618e-06,0.00027587387012317777,0.9996312856674194,1.1770105629693717e-05
ISIC_0032618,3.362745701451786e-05,6.541590096276195e-07,7.978538292263693e-07,2.9983862077642698e-06,0.9929472208023071,0.006997304502874613,1.7382124497089535e-05
ISIC_0032513,8.560922282185857e-08,4.0954027724637854e-08,2.691565157419973e-07,8.842602738923233e-08,3.2768204505373433e-07,0.999998927116394,2.398658409674681e-07
ISIC_0033437,2.0347222573491308e-07,6.343440759337682e-07,1.959032545073569e-07,1.1782263982240693e-06,0.9985070824623108,0.0014875250635668635,3.172138121954049e-06
ISIC_0033195,1.524913528783145e-08,1.0845974784956525e-08,1.3422502220805654e-08,3.963828376640777e-08,1.8283600189406002e-09,1.0,1.4655274327424195e-08
ISIC_0032553,7.650856304053377e-08,3.1949106471529376e-08,3.971323270235416e-09,7.259799872372241e-08,0.9999992847442627,3.053482942050323e-07,2.0861089922163956e-07
ISIC_0025180,1.824733288913194e-07,6.360401272331728e-08,0.0005763632943853736,2.908525118527905e-07,5.653444645759009e-08,0.9994220733642578,9.964098808268318e-07
ISIC_0026107,2.4723092906242528e-08,4.4344606209278936e-08,1.849467480496969e-05,1.2320940356858046e-07,8.048769814195111e-06,0.999972939491272,3.58079233819808e-07
ISIC_0033853,5.410627945678925e-09,4.440225609414483e-08,0.9999998807907104,4.661986707787946e-08,1.0414269446812341e-08,3.7078653480904222e-09,4.1613361645431723e-08
ISIC_0033453,1.4390730029845145e-06,3.715914317581337e-06,0.9975121021270752,3.2414550332759973e-06,7.937862278595276e-07,0.002464785473421216,1.3918470358476043e-05
ISIC_0034126,4.362043171113328e-07,3.677412905744859e-06,0.9998883008956909,2.392295073150308e-06,6.670801155905792e-08,0.00010168795415665954,3.484308990664431e-06
ISIC_0034235,2.0092431896046037e-07,3.3813128652582236e-07,0.9963808655738831,1.719495230645407e-07,0.003616617526859045,6.483436436610646e-07,1.152821937466797e-06
ISIC_0034007,3.9659582284912176e-07,6.553936486852763e-07,0.9999978542327881,8.475627168991196e-07,6.83305216853114e-08,2.2063821880635714e-09,1.5428685173901613e-07
ISIC_0034259,3.47604242278976e-07,3.686155878313002e-06,0.9998977184295654,2.4343980840058066e-06,8.593112579546869e-05,1.1447963288446772e-06,8.738807082409039e-06
ISIC_0033446,1.9410972385003333e-08,8.887978708571609e-08,0.9999998807907104,3.683218352534823e-08,5.415325521340719e-09,1.8724691130955762e-08,3.930326997192424e-08
ISIC_0033200,3.612972676592108e-08,3.9797447470846237e-07,0.9999985694885254,3.4425664807713474e-07,2.155071570086875e-07,2.015422495560415e-08,4.4005696508975234e-07
ISIC_0029472,0.00026641334989108145,0.000392302026739344,0.0008646058849990368,0.0002358502970309928,0.02322034165263176,0.9741052985191345,0.0009152909624390304
ISIC_0029682,0.0004223668365739286,0.00015043991152197123,0.0016340722795575857,0.0001697770057944581,0.9905726313591003,0.006618027575314045,0.0004327076312620193
ISIC_0034003,0.0024867651518434286,1.95969064975543e-07,0.9972777962684631,1.8480260450814967e-06,0.00022329961939249188,1.019635647026007e-07,1.0012147868110333e-05
ISIC_0033079,9.876902913674712e-05,5.668907760991715e-07,0.9549489617347717,1.1702080882969312e-05,0.04493037238717079,1.5858829272019648e-07,9.393519576406106e-06
ISIC_0033635,1.5349418163168593e-06,3.3458686630183365e-06,0.026810139417648315,6.968512025196105e-07,2.6091470317624044e-06,0.9731789827346802,2.7295218387735076e-06
ISIC_0033868,4.195326255285181e-06,3.232625886084861e-06,0.007956689223647118,1.2337272892182227e-06,6.298330390563933e-07,0.9920257925987244,8.28639622341143e-06
ISIC_0030124,1.3426150644590962e-06,3.3398173400200903e-06,0.9993477463722229,7.395669285870099e-07,0.0006173838628455997,2.172151107515674e-05,7.63194384489907e-06
ISIC_0029600,5.256444879364608e-08,4.70892658199773e-08,6.296672072636511e-09,8.339909385313149e-08,1.456184008929995e-07,0.9999970197677612,2.7065527774539078e-06
ISIC_0031876,2.7383770429878496e-05,0.0021368369925767183,0.9605749845504761,3.58146644430235e-05,4.2179806314379675e-08,0.037190962582826614,3.389163612155244e-05
ISIC_0030542,5.644882912747562e-05,0.012195129878818989,0.34171417355537415,3.750782707356848e-05,1.9235899628711195e-07,0.645911455154419,8.506473386660218e-05
ISIC_0028120,3.139661544082628e-07,4.189198321569165e-08,0.9999992847442627,1.7685557907043403e-07,5.728432395102345e-09,1.0520415649750703e-08,8.39675067254575e-08
ISIC_0032335,4.295911821827758e-07,5.14568091602996e-06,0.9999933242797852,3.1107626341508876e-07,1.28362543705407e-07,1.6586034234933322e-07,4.208355619539361e-07
ISIC_0027042,5.024571692047175e-07,2.5969580264018077e-08,0.9999915361404419,1.223347396717145e-07,7.634566827618983e-06,1.2298859708437249e-08,2.5268315084758797e-07
ISIC_0031130,1.9519454497185507e-08,4.861328051219971e-08,0.9999997615814209,3.494217892807683e-08,1.006154803917525e-07,5.967831118169897e-09,4.25836148565395e-08
ISIC_0024626,2.3529741710603957e-08,6.125787166411101e-08,0.9999998807907104,4.794128827256827e-08,4.80619322118514e-09,2.958711942113723e-09,2.109490004897907e-08
ISIC_0031321,2.8459580789785832e-06,2.868716819648398e-06,0.05910776928067207,3.399977003937238e-06,0.9408759474754333,2.0699602032436815e-07,6.983914772717981e-06
ISIC_0030731,9.277535355067812e-06,0.3396615982055664,0.660250186920166,9.119009519054089e-06,9.1560532382573e-06,7.12942937752814e-06,5.355467146728188e-05
ISIC_0028233,0.0006505180499516428,0.9923025369644165,0.0061778235249221325,6.715208292007446e-05,2.7078644052380696e-05,0.0006513151456601918,0.00012356459046714008
ISIC_0025874,1.0418337836881619e-07,3.4620487099346064e-07,2.606479210953694e-05,8.372499564757163e-07,0.9999722242355347,5.019314031073918e-08,3.8462383145088097e-07
ISIC_0025032,1.0893197668337962e-06,2.4725602997932583e-05,0.9880192875862122,1.2517880350060295e-05,7.737277337582782e-05,0.011858153156936169,6.875887265778147e-06
ISIC_0026301,1.6035862415719748e-08,1.8440844939959788e-07,2.6891868287748366e-08,1.0347534384891333e-07,0.9999984502792358,1.1888826065842295e-06,5.984856699114971e-08
ISIC_0030227,0.0002486085577402264,8.897382031136658e-07,7.316676146729151e-06,1.6539866919629276e-05,0.017150964587926865,0.9825381636619568,3.750293399207294e-05
ISIC_0028856,1.4484649000223726e-06,8.134056770359166e-06,0.001343771000392735,9.250427410734119e-07,8.423891273423578e-08,0.9986439347267151,1.7044721971615218e-06
ISIC_0027026,0.9969102740287781,2.7053599183091137e-07,6.146657597128069e-06,0.003018211340531707,9.264312211598735e-06,4.448203071660828e-06,5.131335274199955e-05
ISIC_0030095,0.0004644666623789817,1.078274252108713e-07,0.9995255470275879,7.715274250585935e-07,2.1379679537858465e-07,1.5255512835210538e-06,7.338935574807692e-06
ISIC_0031394,0.9993157386779785,2.1146240669622784e-07,0.0006550176185555756,8.559537491237279e-06,2.535405769776844e-07,4.6817459065096045e-07,1.9749208149733022e-05
ISIC_0028496,8.217829972068103e-09,1.1804813482285681e-07,0.999998927116394,8.741151447111406e-08,5.523539403640143e-09,7.558933248219546e-07,8.198280454507767e-08
ISIC_0032348,3.194847522536293e-05,1.1046478931575621e-07,0.9999666213989258,2.2210257100141462e-07,7.171811944317596e-08,1.5074834891493083e-07,8.688206776241714e-07
ISIC_0024773,3.441786611801945e-05,6.557652909577882e-08,0.9999492168426514,5.901129043195397e-07,1.1753935723390896e-05,8.859732503196938e-09,3.88674152418389e-06
ISIC_0024358,0.11406021565198898,8.142091246554628e-06,1.952528691617772e-05,1.366423111903714e-05,0.7937306761741638,0.09198246151208878,0.000185194774530828
ISIC_0027771,2.0293706256779842e-05,2.0037241199588607e-07,0.9992715716362,8.006851430764073e-07,9.744564266611633e-09,0.000703665311448276,3.519921847328078e-06
ISIC_0027344,2.857172276549136e-08,2.475276694724471e-08,0.9999994039535522,3.2936023330876196e-07,4.258896524333977e-08,2.452005709585592e-09,6.316851397514256e-08
ISIC_0025297,3.329294528953142e-08,1.3852117675128284e-08,1.0,3.63789212087795e-08,9.971351744297863e-09,1.0182666931868312e-09,4.599516501002654e-08
ISIC_0024676,8.716972388356226e-07,1.6511044975686673e-08,0.999998927116394,8.180894184306453e-08,3.2273195227361384e-09,4.103297701618658e-09,7.640573329581457e-08
ISIC_0024453,2.2295020940532595e-08,3.550300320398492e-08,0.9999997615814209,6.671965024906967e-08,2.227605433446911e-09,3.023501893295588e-09,6.083531900458183e-08
ISIC_0030522,5.2036398301424924e-06,1.0132058605449856e-06,0.9999474287033081,8.164125802068156e-07,1.3855895986125688e-06,4.344814078649506e-05,7.416406901938899e-07
ISIC_0029051,1.1272542010942743e-08,3.238830714735741e-08,0.9999997615814209,6.225589999075964e-08,1.749382327886906e-08,1.0009230777541234e-08,7.630952580939265e-08
ISIC_0026861,2.9262961831477696e-08,2.9026265835341292e-08,0.9999997615814209,2.7514664324712612e-08,1.798721598333941e-07,1.9757295799394115e-09,2.9489664044035635e-08
ISIC_0031686,7.295667728612898e-06,0.12176460027694702,0.8778508901596069,0.00018403025751467794,3.655317777884193e-05,5.0519978685770184e-05,0.00010613509948598221
ISIC_0028555,2.0350871636765078e-06,1.176568503069575e-06,0.9999914169311523,3.65925347978191e-06,1.536423610559723e-08,6.564998784597265e-07,1.1301330005153432e-06
ISIC_0029568,0.0004308620700612664,1.3699579994863598e-06,0.999543309211731,1.547330612083897e-05,8.928290640142222e-08,1.4927672964404337e-06,7.346705842792289e-06
ISIC_0027969,2.420286193682841e-07,8.688166417414322e-07,0.9999514818191528,2.007587454500026e-06,2.6722949186819278e-08,4.429744149092585e-05,1.0563444448052905e-06
ISIC_0029557,1.2483408795560536e-07,7.83598579801037e-07,0.9999505281448364,8.06045250101306e-07,3.4609730636958602e-09,4.73457075713668e-05,3.7045157341708546e-07
ISIC_0032123,5.1438878045928504e-08,9.702819170342991e-08,0.9999939203262329,2.1287328308972064e-06,1.1933458665680519e-08,3.2094847028929507e-06,5.000948704037e-07
ISIC_0030026,2.7014109491574345e-06,6.824959655205021e-06,0.9517065286636353,9.831175702856854e-06,0.04104974493384361,0.007208756171166897,1.558090116304811e-05
ISIC_0025659,0.9997146725654602,2.696749845654267e-07,3.916814961257842e-08,2.3506626689595578e-07,0.00028158380882814527,7.920412059547743e-08,3.041051286345464e-06
ISIC_0030346,2.4024366496178118e-08,3.438359996721374e-08,0.9999998807907104,7.026559245559838e-08,2.6441413503164313e-09,1.965933638103934e-09,3.0910154436014636e-08
ISIC_0026526,2.2021222321200185e-05,4.855047563978587e-08,0.9999772310256958,2.535642522616399e-07,1.252603141210784e-07,1.9026098030394678e-08,2.124783975432365e-07
ISIC_0026444,9.790602462089737e-08,6.341757341488119e-08,0.9999996423721313,9.29542238736758e-08,1.5917159146283666e-08,1.431094798221011e-08,7.863804540875208e-08
ISIC_0027806,1.1872395333512031e-07,7.695047656852694e-07,0.9999969005584717,3.1863177696322964e-07,1.1447537140441e-08,1.1303460496492335e-06,7.335239615713363e-07
ISIC_0027451,1.1997927629181504e-07,5.5641709906240067e-08,0.9999996423721313,1.1494165619296837e-07,3.734879072680997e-09,6.79950629134396e-09,7.02186824241835e-08
ISIC_0028750,6.85698125835188e-07,2.742809499522991e-07,0.9999711513519287,1.0486204473636462e-06,9.908620057785811e-08,2.58438794844551e-05,8.233079142883071e-07
ISIC_0028640,6.438833821675871e-08,1.641731870449803e-07,0.9999991655349731,1.3550574351484101e-07,2.4680315391378826e-07,2.1914427605906894e-08,1.0866595800962386e-07
ISIC_0030188,0.00011003163672285154,0.00016314495587721467,0.0007180933025665581,3.5996341466670856e-05,0.998963475227356,1.2166143648073557e-08,9.237169251719024e-06
ISIC_0027437,4.808265657629818e-06,1.6499831190230907e-06,0.9890769720077515,2.1204949973707699e-07,1.1286922472208971e-06,0.010910836979746819,4.534864729066612e-06
ISIC_0029126,4.2419321744091576e-07,0.9999960660934448,5.827558879900607e-07,2.6384147986391326e-06,1.0072143119543853e-08,2.4475321325212462e-08,2.799204139591893e-07
ISIC_0028702,3.136843361062347e-06,0.9924461245536804,0.007508111651986837,3.2974079658742994e-05,3.3587411962798797e-07,3.1972467695595697e-07,8.990236892714165e-06
ISIC_0028104,2.360966249170815e-07,0.9999960660934448,7.141146340927662e-08,6.003148769195832e-07,2.6862151116802124e-06,7.776590926766858e-09,3.3435730983910616e-07
ISIC_0024696,9.604521622463835e-09,4.5341149501609834e-08,0.9999991655349731,1.1180616610317884e-07,6.002451868880598e-07,3.8984642181105755e-09,9.555211022416188e-08
ISIC_0031522,8.207218229472346e-07,0.0001732873060973361,0.9998226761817932,1.0774058409879217e-06,2.8369825599838805e-07,8.190942679675572e-08,1.7721202993925544e-06
ISIC_0031150,4.239112882942209e-08,6.135088597147842e-07,0.9988288283348083,1.2718551261059474e-06,0.0011669519590213895,1.1304759937047493e-06,1.2151982673458406e-06
ISIC_0026070,9.01879247976467e-05,2.598551702703844e-07,1.5982540162440273e-06,2.7645748446047946e-07,3.2280535577910996e-08,0.999907374382019,3.6321080187917687e-07
ISIC_0032235,4.883446536041447e-08,2.07669401675048e-08,0.9999997615814209,4.056666114138352e-08,1.2520216863265432e-08,1.460311316314744e-09,5.2954032270235984e-08
ISIC_0029384,5.276449499547198e-08,2.5271331693943466e-08,0.9999960660934448,2.5678735937617603e-07,1.3964294964807777e-07,2.4692656097613508e-06,8.999306828627596e-07
ISIC_0027982,2.1889620256843045e-05,3.913476575689856e-06,8.24093513074331e-05,2.380113073741086e-06,3.4938798876282817e-07,0.9998586177825928,3.0395562134799547e-05
ISIC_0030318,7.56869145135397e-09,4.823304422529873e-08,0.9999998807907104,4.16259844371325e-08,8.883058733033522e-09,1.88838651382639e-08,4.463823444211812e-08
ISIC_0026737,2.9469942091964185e-05,3.6894643926643766e-06,0.9992197751998901,1.5846933820284903e-05,1.5388874089694582e-05,0.0006320438697002828,8.369144779862836e-05
ISIC_0032358,1.0614447099044355e-08,6.098832727730041e-08,0.9999997615814209,5.1856371641179067e-08,1.848472930277012e-09,4.5391882252943105e-08,6.931066565130095e-08
ISIC_0031200,2.1955921525318445e-08,8.007388885289402e-08,0.9999988079071045,1.363105894824912e-07,1.7788988770917058e-07,6.078772685214062e-07,6.992845413833493e-08
ISIC_0031537,0.9907564520835876,1.0867422588489717e-06,3.866484348691301e-06,9.308350286119094e-07,0.009226268157362938,9.605600581608087e-08,1.1290879228909034e-05
ISIC_0026704,3.3847964004962705e-06,6.311191214081191e-08,0.9999669790267944,8.726548799131706e-07,2.7563022740650922e-05,3.24579900734534e-08,1.0543649295868818e-06
ISIC_0029302,5.009247061593669e-08,3.590998431945991e-08,0.9999996423721313,1.5841690981233114e-07,1.8704831017402057e-09,8.321927680299268e-08,7.76184734263552e-08
ISIC_0026523,1.471913151362969e-07,4.232586192642884e-08,0.9999995231628418,1.851129383112493e-07,7.193704298913417e-09,2.8171124100140332e-08,1.3119851871579158e-07
ISIC_0031951,7.4351669354655314e-06,1.5465509932255372e-05,0.9858178496360779,3.938897862099111e-05,5.248480761110841e-07,0.014113117009401321,6.209684670466231e-06
ISIC_0024312,0.9991108775138855,0.0005435993662104011,0.00023297444568015635,7.30950414435938e-05,9.68065251072403e-06,6.380812322959173e-08,2.9770118999294937e-05
ISIC_0028707,0.9999982118606567,5.807185488038158e-08,2.7056755058652016e-08,1.3837366452662536e-07,7.044479275464255e-07,6.273317865179706e-08,7.980499390214391e-07
ISIC_0027094,9.125711812885129e-07,4.62089201391791e-06,0.9999921321868896,8.621579468126583e-07,2.4560989686506218e-08,1.3609088682642323e-06,1.7641229987930274e-07
ISIC_0028628,0.026468686759471893,3.099321111221798e-05,0.18949539959430695,9.822670836001635e-05,0.7837713360786438,4.277023535337321e-08,0.00013539149949792773
ISIC_0028451,3.6723764651469537e-07,4.316699175888061e-08,0.9999992847442627,1.7936760343673086e-07,4.663422092932024e-09,8.063605783092953e-09,7.032776494497739e-08
ISIC_0029329,2.1548346751387726e-07,4.1077786590904e-05,0.9999573230743408,4.542150406905421e-07,2.2723958181813941e-07,2.8264768303642995e-08,6.015197300257569e-07
ISIC_0025434,1.1636514862800595e-08,2.532364078433602e-07,0.9999995231628418,1.1441592562277947e-07,1.335581689687615e-08,4.447349599701056e-09,8.449656974107711e-08
ISIC_0028165,2.3196818688120402e-08,1.4374229806435324e-07,0.9999996423721313,3.9613027524865174e-08,6.240255867595579e-09,4.979228585000328e-09,8.607099033497434e-08
ISIC_0025799,0.00011577297846088186,0.00038387003587558866,0.9663238525390625,0.00035763546475209296,0.0005186173366382718,0.03141891956329346,0.0008813653257675469
ISIC_0029627,1.0062829005619278e-06,1.7611375369597226e-05,0.3508843183517456,1.3569734619522933e-05,2.7879248136741808e-06,0.6490561366081238,2.4562359612900764e-05
ISIC_0026277,1.8051160566301405e-08,4.369827308892127e-07,0.9999822378158569,7.353310138569213e-08,5.489737304742448e-07,1.625074219191447e-05,3.7464332081071916e-07
ISIC_0025378,3.7885481418697964e-08,7.527503953497217e-08,0.9999995231628418,2.003123285021502e-07,5.799433822062383e-08,2.462720916085459e-09,1.7057207912785088e-07
ISIC_0030394,4.5207984022965775e-09,9.608083928469568e-08,0.9999994039535522,2.6028811817013775e-07,6.2550455481869e-08,1.1911306607714778e-08,1.7444995137338992e-07
ISIC_0031677,2.9675748081103848e-08,4.1768970504563185e-08,0.9999996423721313,8.416780872266827e-08,1.2097748935957497e-07,1.301751595406131e-09,6.318142453665132e-08
ISIC_0027270,4.820589261100849e-09,3.970342987713593e-08,0.9999998807907104,5.9496503723721617e-08,2.8248509309491965e-08,3.5484639671068408e-09,5.899511279494618e-08
ISIC_0031329,2.1707220909661373e-08,6.537027985586974e-08,0.9999995231628418,1.1203952965388453e-07,5.301061278828456e-08,1.9648533911009736e-09,1.4360581701566844e-07
ISIC_0025753,2.1469468425294735e-09,9.078035390075456e-08,0.9999998807907104,6.104861682842966e-08,5.029074401363687e-08,2.227024609169348e-08,3.945807591776429e-08
ISIC_0031600,6.38624220172801e-09,2.8882627844950548e-08,0.9999998807907104,2.480637206758729e-08,8.041217469667572e-09,2.284960665122071e-08,2.337349691572399e-08
ISIC_0032159,3.817013691786997e-07,2.6935148866868985e-07,5.8763653214555234e-05,9.599706345397863e-07,0.9999390840530396,6.291161014360114e-08,4.589848572322808e-07
ISIC_0024382,6.557415872521233e-06,2.423575324428384e-06,0.01823667623102665,4.891061962553067e-06,0.9817424416542053,3.825341082119849e-06,3.184988599969074e-06
ISIC_0028490,6.332325483526802e-06,5.758166139457899e-07,0.9999731779098511,1.8577904484118335e-05,3.7675025055250444e-07,4.218660265564722e-08,9.140929364548356e-07
ISIC_0025339,7.932862899906468e-06,1.5820858607185073e-05,0.03476235270500183,0.00030757038621231914,0.9649038910865784,2.9572476023531635e-07,2.0948730252712267e-06
ISIC_0032111,5.5629070239149314e-09,8.761891479025508e-08,0.9999998807907104,2.4870709935953528e-08,3.1728242255724126e-09,8.308919774435708e-09,2.424676104340051e-08
ISIC_0031132,3.8160958837352155e-08,5.025992209084507e-07,0.9999947547912598,1.8622330344442162e-07,4.3597314203225324e-08,4.2794004002644215e-06,1.6255052059932495e-07
ISIC_0030998,6.789087514391667e-09,2.6022849652918012e-08,0.9999997615814209,4.729760405552952e-08,4.886064886022723e-08,3.822219341031996e-08,9.827873270751297e-08
ISIC_0027826,1.3726189074247941e-08,5.4055032450150975e-08,0.9999998807907104,8.349770297400028e-08,2.5023735972240502e-08,5.037520178774457e-09,4.2010835699102245e-08
ISIC_0026530,2.0349389728835376e-08,4.9208470187522835e-08,0.9999997615814209,8.269508100511302e-08,2.2011363842722176e-09,3.581559582244154e-08,9.428866576399741e-08
ISIC_0024409,1.0556718876841842e-07,1.3697207634777442e-07,0.999998927116394,5.388891395341489e-07,2.996380743525151e-08,2.500537998884056e-09,2.1443196374093532e-07
ISIC_0029061,1.0195980948424221e-08,1.0154762719594146e-07,0.9999995231628418,1.1176781811172987e-07,1.202646302544963e-07,5.435716321500195e-10,6.341502967188717e-08
ISIC_0031893,8.848578758602343e-09,4.383241503091995e-08,0.9999997615814209,1.1705877511758445e-07,8.4297631985919e-08,1.1924420340037045e-09,4.202613723691684e-08
ISIC_0030173,5.882252196443005e-08,8.221023506393976e-08,0.9999978542327881,2.3824782147130463e-07,1.178288584924303e-06,4.2038621472784143e-07,2.400587106876628e-07
ISIC_0029012,2.618053940750542e-06,2.5595420538593316e-06,0.9996610879898071,2.927574769273633e-06,4.273083575867531e-08,0.0003286557621322572,2.198175025114324e-06
ISIC_0032315,2.387372478551697e-05,2.144427526218351e-05,0.9508461356163025,3.8752139516873285e-05,0.0003841840662062168,0.04860883206129074,7.669909246033058e-05
ISIC_0028411,1.1907563823854161e-08,3.813038063071872e-08,0.9999998807907104,5.8247444201242615e-08,3.837667961192892e-09,4.134135256350646e-09,4.9776751609442726e-08
ISIC_0034165,9.241282896255143e-06,4.857609837927157e-06,0.4169768691062927,9.135630534728989e-06,0.5826123356819153,0.0003487625508569181,3.879169526044279e-05
ISIC_0033185,8.090307801467134e-08,1.5731947655694967e-07,5.1036109653068706e-05,1.6631609867090447e-07,0.9999479055404663,1.376864275925982e-07,4.7169001504698826e-07
ISIC_0033855,6.540332719850994e-09,1.4179502905165009e-08,1.0,3.827706862580271e-08,7.139755009433202e-09,1.1878229511097516e-09,3.91974133151507e-08
ISIC_0033631,3.448669616545885e-08,1.5300658162686886e-07,0.9999994039535522,2.836848409515369e-07,1.3968930900887244e-08,7.80546027812079e-09,9.941479817143772e-08
ISIC_0034186,3.5761709682446963e-07,2.1288340121827787e-06,0.9999831914901733,6.153148319754109e-07,1.2774295100825839e-05,1.3366475570819603e-07,8.782520808381378e-07
ISIC_0031601,1.5391204755133003e-08,4.3844295305461856e-08,0.9999998807907104,3.5376331197767286e-08,3.1298486025121974e-09,7.090847020663205e-08,4.8089191295730416e-08
ISIC_0027747,9.756909236102729e-08,1.0228503697362612e-06,0.9997929930686951,4.654047006624751e-05,7.239788146762294e-08,0.00015542068285867572,3.934936557925539e-06
ISIC_0031253,5.402135343501868e-07,3.376919437414472e-07,0.9997662901878357,0.00023246633645612746,4.156659727527767e-08,1.5860235791365085e-08,3.209052579222771e-07
ISIC_0031396,1.0551246099055334e-08,3.7358006466092775e-08,0.9999997615814209,1.4386782254405261e-07,5.985991702317506e-09,2.8972491072920548e-09,4.888833160521244e-08
ISIC_0032249,2.388100881489663e-07,4.772893476001627e-07,0.999631404876709,1.714042082312517e-05,7.207767716010949e-09,0.00035017935442738235,5.930933184572496e-07
ISIC_0026046,1.9153052477349775e-08,3.354036692826412e-08,0.9999997615814209,8.782453164712933e-08,1.2002626448293086e-08,1.1144699385567947e-08,7.52655822111592e-08
ISIC_0026867,3.212649630768283e-07,1.3264977383187215e-07,0.9999891519546509,4.9773752834880725e-06,9.970883638743544e-07,1.4017617786521441e-06,2.9875229756726185e-06
ISIC_0028503,1.950475336798263e-08,2.1931123583840417e-08,0.9999997615814209,6.946723374312569e-08,9.738728046215783e-09,2.8491735193370005e-08,7.647198430049684e-08
ISIC_0029731,9.100259603656013e-07,0.9591180086135864,0.04079729691147804,1.5578081729472615e-05,1.7217385902768e-05,1.0117592864844482e-05,4.102841194253415e-05
ISIC_0027710,4.1613976264898156e-08,8.010938046254523e-08,0.9999098777770996,8.445521962130442e-05,2.8059704959559895e-07,3.354231239427463e-06,1.942470589710865e-06
ISIC_0027612,4.893028062724625e-07,4.075006927450886e-06,0.9946591258049011,0.005327756982296705,5.570537453536417e-08,7.043831260489242e-07,7.70896986068692e-06
ISIC_0029741,0.0012993759009987116,2.163690851375577e-06,0.9936898946762085,0.004910403396934271,3.784346699831076e-05,2.0034145009617532e-08,6.031362499925308e-05
ISIC_0025654,2.697908385584924e-08,5.12328668378359e-08,0.9999996423721313,1.3186071612381056e-07,8.81174333500212e-09,2.580077707037276e-09,8.305610776915273e-08
ISIC_0027027,7.313158789656882e-07,5.755438436949589e-08,0.9999985694885254,4.984154884368763e-07,4.2713290682172556e-09,4.089569927145931e-08,1.7729112755660026e-07
ISIC_0031761,3.7359694005090205e-08,1.129082605189069e-08,0.9999991655349731,6.726300512127636e-07,1.5080262372180187e-08,5.3062287008742715e-08,1.2972475360584212e-07
ISIC_0027008,2.3049433366395533e-06,2.5694125724839978e-05,3.764243672321754e-08,0.9999475479125977,5.653537300531752e-06,1.1878779559992836e-06,1.7558455510879867e-05
ISIC_0028790,1.458700808143476e-06,2.2909891413291916e-05,6.708273758704308e-07,0.9992412328720093,0.0007031146669760346,4.0574491322331596e-08,3.056093191844411e-05
ISIC_0027727,1.8401500483378186e-06,1.6230070514211548e-06,8.01027155716838e-08,0.9999945163726807,4.5978092089171696e-07,3.6098100508752395e-08,1.4785641724301968e-06
ISIC_0027107,7.010553417785559e-06,7.914230195638083e-07,0.0001410722907166928,0.9998383522033691,9.14208976610098e-06,2.7844316718983464e-07,3.271693685746868e-06
ISIC_0027648,5.178488891033339e-07,1.998569496208802e-05,2.2521526261698455e-06,0.9999750852584839,2.6408025632918e-07,9.711318682548153e-08,1.8696730421652319e-06
ISIC_0032138,0.05150023102760315,1.160800024990749e-06,5.023073299526004e-06,0.948456346988678,4.2117503653571475e-06,1.3741999964622664e-06,3.17153571813833e-05
ISIC_0029578,0.006121834274381399,5.370140934246592e-05,9.589182445779443e-05,0.2894037961959839,0.17333564162254333,0.5306782722473145,0.0003108781820628792
ISIC_0031344,0.1568724513053894,6.806852616136894e-05,5.886046437808545e-06,0.8429335951805115,5.229844191489974e-06,1.7933830065430811e-07,0.00011458888911874965
ISIC_0028346,0.9664453268051147,3.1237977964337915e-05,3.14987737510819e-05,0.03334623947739601,5.215693477111927e-07,3.602949760761476e-08,0.00014513636415358633
ISIC_0031372,3.3543878998898435e-06,4.1049832361750305e-05,6.417705208150437e-06,0.9629272222518921,7.620362794114044e-06,0.03680431470274925,0.00020995867089368403
ISIC_0026313,1.407527747687709e-06,8.469435670122039e-06,1.332974875367654e-06,0.9998501539230347,4.920978426525835e-06,4.982094469596632e-05,8.382774831261486e-05
ISIC_0031443,3.0723151667189086e-07,3.6313645068730693e-07,7.304548717002035e-07,0.9999973773956299,4.3307252894919657e-07,2.625541384304597e-08,7.378032478300156e-07
ISIC_0025223,0.00012702503590844572,2.9242377763694094e-07,5.242544830252882e-06,0.9998648166656494,1.469545196641775e-07,7.360235088071931e-08,2.3462191620637896e-06
ISIC_0029973,4.907097377326863e-07,4.463022378331516e-07,4.4510488805826753e-07,0.9999411106109619,2.336460340757185e-07,5.3660874982597306e-05,3.587882702049683e-06
ISIC_0029177,4.2320334614487365e-07,5.325241545506287e-07,1.3157962541754387e-07,0.9999924898147583,1.321627962624916e-07,1.6264823443634668e-06,4.67062136522145e-06
ISIC_0029297,1.2850915709350375e-07,7.041039680188987e-07,2.679434203400888e-07,0.9999867677688599,6.522681132992147e-07,3.3979262070715777e-08,1.14415779535193e-05
ISIC_0027216,1.6778518329374492e-05,1.1428355719544925e-05,3.5503455819707597e-07,0.8537184000015259,4.037686096580728e-07,0.1461837887763977,6.884724280098453e-05
ISIC_0025451,3.407986071124469e-08,1.6377789791022224e-08,1.4902948319850395e-10,1.2217992839680392e-08,1.1374789110618622e-08,0.9999998807907104,2.4810535848018844e-08
ISIC_0030119,0.00030383997363969684,5.88023658565362e-06,0.9990460276603699,7.763137546135113e-05,0.0005468296003527939,1.5093892216100357e-06,1.823730235628318e-05
ISIC_0028215,2.487418896635063e-05,7.373985795311455e-07,4.258492026565364e-06,1.6740760884204064e-06,0.9999674558639526,2.877851734695014e-09,9.78711796051357e-07
ISIC_0024729,1.015694728323524e-08,5.087694177063895e-08,1.0348977230734135e-09,1.0489087998166724e-07,0.9999996423721313,2.908506502308228e-08,1.365576736134244e-07
ISIC_0031711,2.216012617850538e-08,8.891389313703257e-08,2.7288202808506412e-09,1.4468593008132302e-06,0.9999982118606567,3.815599924905655e-08,1.837586722786e-07
ISIC_0025081,1.2047529196479445e-07,3.6283574900153326e-07,1.1492867102447235e-08,2.972944059820293e-07,4.886124770564493e-06,0.9999758005142212,1.8596796508063562e-05
ISIC_0030134,5.989632256842015e-08,2.678040686987515e-07,4.2702867908417375e-09,4.0590327898826217e-07,2.6395537133794278e-05,0.9999701976776123,2.7457210762804607e-06
ISIC_0024792,2.4498497452896117e-08,2.562559018315369e-07,1.492854153184453e-05,9.890555219271846e-08,0.9999774694442749,6.685364041913999e-06,5.265029017209599e-07
ISIC_0030898,4.552974587568315e-06,4.698686097981408e-05,0.7590919137001038,9.547097761242185e-06,0.23952175676822662,0.0012488876236602664,7.634486246388406e-05
ISIC_0025219,2.7936547297713332e-08,9.484725183028786e-08,4.292526334381819e-09,1.3549571065141208e-07,0.9999995231628418,1.2113731351348633e-08,1.7882142344660679e-07
ISIC_0026458,2.1657310611544744e-08,6.132555085969216e-08,2.988362668432387e-09,8.389934436081603e-08,0.9999997615814209,7.230033904903621e-09,1.0299974917415966e-07
ISIC_0026158,0.0003362269781064242,0.9890544414520264,5.01228823850397e-05,3.545401705196127e-05,0.00874293688684702,3.2094558264361694e-05,0.0017487158766016364
ISIC_0027659,2.116769906024274e-07,3.8550254544134077e-07,5.082559084712557e-08,2.551333011524548e-07,0.9995658993721008,0.00043221618398092687,8.986372108665819e-07
ISIC_0030223,6.475967317953746e-09,7.759433628962142e-08,6.048481715481557e-09,6.13488211342883e-08,0.9999995231628418,2.695093428428663e-07,9.046436133530733e-08
ISIC_0032182,7.495791942346841e-05,0.001858953502960503,1.0719801366576576e-06,3.3424978482798906e-06,0.9978728294372559,5.777536102868908e-07,0.000188308724318631
ISIC_0029660,2.6684122076403582e-06,5.1115089263475966e-06,4.492374472420124e-08,1.4168565940053668e-05,0.11473307013511658,0.8852324485778809,1.2559095921460539e-05
ISIC_0024496,5.490024079790601e-08,2.0293522595693503e-07,8.808099249968393e-10,9.934912270637142e-08,0.0001379380701109767,0.9998612403869629,3.6372642853166326e-07
ISIC_0032408,7.451207295616769e-08,3.018098766460753e-07,1.0867999833408248e-08,8.59448050505307e-08,0.9999992847442627,1.4935679359950882e-08,1.8947307012240344e-07
ISIC_0028969,3.1917397791403346e-06,9.589433602741337e-08,0.9999923706054688,6.774035909984377e-08,3.4298877835681196e-06,5.318074727256317e-07,2.320551146794969e-07
ISIC_0032441,0.005308488383889198,0.00014555137022398412,0.13193254172801971,6.482594471890479e-06,0.0008042880217544734,0.8617830276489258,1.9566467017284594e-05
ISIC_0027300,1.6148219117440021e-07,6.548968656261422e-08,9.717719962054616e-09,1.3559468925450346e-07,0.9999992847442627,3.2997579069160565e-07,1.4210324650321127e-07
ISIC_0028512,8.487973900628276e-06,7.39167007850483e-05,0.3384295701980591,2.6092269763466902e-05,0.6612866520881653,0.00016323538147844374,1.2092202268831898e-05
ISIC_0024310,1.458520728192525e-06,3.5498123907018453e-06,5.0942103371198755e-06,8.577848689128587e-07,0.9999738931655884,1.4012933206686284e-05,1.142818632615672e-06
ISIC_0030681,1.444612607315321e-08,3.253033042938114e-08,3.3635287888245102e-09,3.895948452736775e-08,0.9999997615814209,1.922213943572615e-09,7.289663273013502e-08
ISIC_0027327,8.981033694510643e-09,5.432987038034298e-08,2.5748128074098986e-09,4.672490661050688e-08,0.9999997615814209,3.525855607477979e-09,1.3745295746048214e-07
ISIC_0025589,1.798192528212894e-08,4.983355594845307e-08,9.225012420621681e-10,2.7889274889503213e-08,0.9999997615814209,7.432914372884625e-08,1.230572479471448e-07
ISIC_0025835,4.840659926230728e-07,2.851681131232908e-07,2.062074244690848e-08,1.3023068845541275e-07,0.0005874241469427943,0.9994105100631714,1.236072876054095e-06
ISIC_0030828,2.169011622754624e-06,5.679224273080763e-07,2.0258977428966318e-07,5.8463037078126945e-08,2.9936973078292795e-05,0.9999655485153198,1.5476766748179216e-06
ISIC_0033333,2.855821321645635e-07,2.0888885501335608e-06,7.392708667453007e-09,5.753492587246001e-06,0.00436770124360919,0.995496392250061,0.00012776466610375792
ISIC_0033717,1.8208945462561132e-08,5.5993762515527123e-08,1.214328526621955e-09,6.782693162676878e-08,9.489680508067977e-08,0.9999991655349731,5.876896693735034e-07
ISIC_0034120,4.2536058231235074e-08,1.2782443548076117e-07,5.080343257191089e-09,3.48527805726917e-07,3.9782801053434014e-08,0.9999980926513672,1.3158696674508974e-06
ISIC_0032976,4.302767564468013e-08,8.069751089578858e-08,3.930241465610607e-09,7.910031030178288e-08,0.9999996423721313,4.3715990827308815e-09,2.2005232835908828e-07
ISIC_0033274,2.3459607589870757e-08,4.9103174859510546e-08,2.5991881980047538e-09,7.922050571096406e-08,0.9999997615814209,1.949574501836082e-09,1.5364474847956444e-07
ISIC_0026745,3.660310099462549e-08,9.011186108409674e-08,1.1567211188889814e-08,4.427792887895521e-08,0.9999997615814209,4.942949605180047e-09,1.5442346068539337e-07
ISIC_0033034,1.4743952725382314e-08,7.676499080844223e-08,6.773592353681579e-09,2.46250184687824e-08,0.9999997615814209,5.734975516702434e-08,8.4613361650554e-08
ISIC_0034294,3.353747057843748e-09,4.034697198562753e-08,4.136580411540081e-09,3.329503428517455e-08,0.9999997615814209,4.5237067425318855e-09,5.572402983489155e-08
ISIC_0034202,9.891694574548637e-09,4.837363221099622e-08,1.0972502018091745e-08,5.9040473843197105e-08,0.9999997615814209,1.623709722231581e-09,7.320302586322214e-08
ISIC_0033362,2.768314288914553e-07,1.3481558198691346e-06,1.2199294019410445e-07,1.6374555400489044e-07,0.9998857975006104,0.00011180335422977805,5.030028091823624e-07
ISIC_0032875,4.0002819901019393e-07,2.621644398459466e-06,1.0819049656163315e-08,8.930736044021614e-07,0.9881061315536499,0.01188758946955204,2.5153894966933876e-06
ISIC_0033802,3.9647935068387596e-07,8.937979600887047e-07,3.8145378766785143e-07,1.534421699034283e-06,0.9885351061820984,0.011458822526037693,2.9442426239256747e-06
ISIC_0033429,6.404152372851968e-06,1.201917439175304e-05,7.24885182989965e-08,1.0524542631173972e-05,0.5493365526199341,0.4506075978279114,2.6833948140847497e-05
ISIC_0027100,3.4562701785034733e-06,3.836438190774061e-05,0.12198299914598465,3.0311537102534203e-06,0.8779652118682861,1.614708651231922e-07,6.808041234762641e-06
ISIC_0033180,1.740920197335072e-05,1.0871151062019635e-05,1.797189383978548e-06,0.005330071318894625,0.8525158762931824,0.14114665985107422,0.0009772650664672256
ISIC_0033962,7.725408067926764e-06,3.873126388498349e-06,2.909748218371533e-06,0.001040456467308104,0.21768176555633545,0.7810173034667969,0.0002459210518281907
ISIC_0033603,8.846941454976331e-07,1.9125838690570163e-08,9.838530878880647e-09,2.744865014392417e-06,1.2065694932061888e-07,0.9999949932098389,1.234805267813499e-06
ISIC_0033485,7.62487175620663e-08,1.758776946303442e-08,5.575607753272038e-10,1.5990762847195583e-07,3.7942872950225137e-06,0.9999959468841553,3.1102118214221264e-08
ISIC_0033175,8.861856315434125e-08,3.557323111635924e-07,9.529309785705209e-09,2.1139368300282513e-07,0.0002876357175409794,0.9997114539146423,1.8790235856158688e-07
ISIC_0033886,7.188314157247078e-07,5.55453425477026e-07,4.71911487665011e-09,1.3026874512434006e-06,0.0007105490076355636,0.9992864727973938,4.178823189704417e-07
ISIC_0030564,0.006453727371990681,4.242075010552071e-05,0.017098547890782356,0.00010077431215904653,0.9440959692001343,0.03208594396710396,0.00012252536544110626
ISIC_0033240,2.1793137960912645e-08,3.632979712619999e-07,3.7242887174215866e-06,9.511065712786149e-08,0.9999957084655762,5.586246842881337e-08,6.480963321564559e-08
ISIC_0032782,3.027732873306377e-07,3.182446448590781e-07,0.00011215061385883018,1.3456845238124515e-07,0.9998865127563477,2.527113167616335e-07,2.3709803542715235e-07
ISIC_0032522,1.3224964234836989e-08,1.144458181556729e-07,3.098077741015004e-07,2.8460986456479986e-08,0.9999995231628418,2.190244074995462e-08,2.9927271327778726e-08
ISIC_0033174,3.1724175642011687e-06,2.290433803864289e-05,0.04663354530930519,1.3359866898099426e-05,0.9531951546669006,0.0001090200457838364,2.2802012608735822e-05
ISIC_0033239,0.00013908247638028115,0.0026243377942591906,0.011142629198729992,8.147344487952068e-05,0.028414515778422356,0.9563696384429932,0.0012282576644793153
ISIC_0033985,7.374141569016501e-05,0.0002557698171585798,0.00031291210325434804,7.513719901908189e-05,0.8036865592002869,0.19525113701820374,0.0003446769842412323
ISIC_0032511,3.7653515505553514e-07,3.617606694206188e-07,1.8644803276401944e-05,3.1451418180949986e-07,0.9999799728393555,2.9517204236384487e-09,3.4772833146234916e-07
ISIC_0032603,4.802869213449412e-08,3.8628300558229967e-08,8.676782625727242e-10,2.3302806795300057e-08,5.2178799059277026e-09,0.9999998807907104,4.1705852993345616e-08
ISIC_0033871,2.1807975869592156e-08,1.399597806539532e-07,1.2362803003540535e-09,4.575215228896923e-08,5.244576755103481e-07,0.9999992847442627,8.376387938824337e-08
ISIC_0032955,3.7169517241864014e-08,5.190159058088284e-08,8.707751186776136e-10,2.8150612507715778e-08,1.5754925186683977e-07,0.9999997615814209,4.938975806112467e-08
ISIC_0034012,1.1310194167890586e-06,3.308137763724517e-08,4.9256897227678564e-08,8.496320333506446e-06,0.9999897480010986,1.5408877729328196e-08,5.288131319503009e-07
ISIC_0034150,1.7386444994826888e-07,5.755463661216709e-08,6.10977295423254e-08,4.0541985413256043e-07,0.9999991655349731,2.666530329875627e-09,1.9261877071130584e-07
ISIC_0032915,0.9959184527397156,3.4060074540320784e-05,9.602240425010677e-06,0.00015226400864776224,0.0038466607220470905,1.3967252243674011e-08,3.900068622897379e-05
ISIC_0028460,3.313575902552657e-08,2.461772510287119e-07,2.3839117346824423e-09,4.235921480244542e-08,0.9999995231628418,2.8962551468225683e-08,1.0965643326699137e-07
ISIC_0034005,2.552688602008857e-05,0.027060769498348236,0.04284977912902832,0.00043094003922306,9.152327606898325e-07,0.929602324962616,2.9618344342452474e-05
ISIC_0032797,7.010907410176515e-08,6.921580819607698e-08,2.9112023902655437e-09,4.071696935170621e-08,0.9999996423721313,2.0505627418287986e-08,6.171522670683771e-08
ISIC_0032596,2.778626928545691e-08,8.221744707270773e-08,1.832787033251293e-09,4.237562833964148e-08,0.9999997615814209,7.59306928443948e-09,8.3080195167895e-08
ISIC_0032856,5.965191007817339e-07,1.5451507806574227e-07,1.549073225248776e-08,6.754546433285213e-08,0.9999988079071045,2.1376446568410756e-07,1.4757621613625815e-07
ISIC_0033193,7.457936135324417e-08,7.082898179078256e-08,7.963967263435734e-09,4.0932818023975415e-08,0.9999997615814209,1.7141692509881068e-08,4.642252449116313e-08
ISIC_0033125,3.259691183643554e-08,2.3984533470411407e-08,1.1188441284559758e-09,3.6259763191992533e-08,0.9999997615814209,1.1530314480978632e-08,6.401293717317458e-08
ISIC_0032810,4.207000259270899e-08,9.204967454934376e-08,1.0158512919744567e-09,2.785450803344247e-08,0.9999997615814209,4.5509437995860935e-08,1.0903910663273564e-07
ISIC_0033324,2.427247736136451e-08,2.2121294307453354e-07,6.425746335025906e-08,5.758737842143091e-08,0.9999995231628418,1.3995834491353776e-09,2.1071660682991933e-07
ISIC_0034316,4.281284660123674e-08,4.252841847574018e-07,1.3771042972621217e-07,5.976716010991368e-08,0.9999991655349731,1.248907754991535e-09,2.3800491533165768e-07
ISIC_0033710,1.8751993025034608e-07,3.0207391432668373e-07,1.0635461933361512e-07,4.831164091001483e-08,0.9999991655349731,5.274628511742208e-10,1.523581545370689e-07
ISIC_0032958,2.5086517780437134e-05,9.925954458367414e-08,2.1341043066058774e-07,2.484772210209485e-07,0.9999738931655884,7.561233861252958e-10,5.518099328583048e-07
ISIC_0033538,3.9672735852036567e-07,6.930614659950152e-08,4.7622197740793126e-08,4.403787556839234e-08,0.9999994039535522,3.0813274154439796e-10,8.045866195516282e-08
ISIC_0032869,0.08304251730442047,2.9058398354209203e-07,2.720417739965342e-07,1.3172845683584455e-05,0.9169179201126099,5.2224002899947664e-08,2.5783974706428126e-05
ISIC_0033524,0.0001441635104129091,9.177630744261478e-08,3.4463344178448096e-08,1.6840201624290785e-06,0.9998522996902466,2.7206272790181174e-09,1.6740651744839852e-06
ISIC_0033310,7.197056817176417e-08,1.936979424499441e-05,1.85160669019524e-08,8.54153825002868e-07,0.9999785423278809,1.5765486693908315e-07,9.54149641074764e-07
ISIC_0026430,4.196871117301271e-08,2.7359821075378932e-08,1.0933876914975826e-08,2.6857309265437834e-08,1.0,1.7406780461470817e-09,2.8528884143952382e-08
ISIC_0030031,0.006168256048113108,0.00010430755355628207,0.9794163703918457,5.0390572141623124e-06,0.014034214429557323,0.0002257277665194124,4.611413896782324e-05
ISIC_0028655,0.7472553253173828,1.951287231349852e-06,0.0001935360487550497,2.5177230327244615e-06,0.25242799520492554,6.178330659167841e-05,5.6879631301853806e-05
ISIC_0033704,7.084497433140768e-09,4.590248892100135e-08,1.7022297470248304e-05,3.334299236712468e-08,8.702976970198506e-07,0.9999819993972778,4.194562563952786e-08
ISIC_0032723,5.740768571627086e-08,6.346120926536969e-07,5.286583171226766e-09,3.7162999433348887e-07,0.9998325109481812,0.00016581322415731847,5.976349939373904e-07
ISIC_0032751,1.047217601524153e-08,1.1957179424371134e-07,2.4200277337627085e-09,8.43996730282015e-08,0.9999983310699463,1.3566449297286454e-06,1.1456602777570879e-07
ISIC_0032597,1.1095148799711296e-08,3.424874606139383e-08,1.0961593854830198e-09,3.5635821404866874e-08,0.9999992847442627,5.463278398565308e-07,7.623209796747688e-08
ISIC_0033344,6.586675453945645e-07,3.2503800184713327e-07,6.408249930700549e-08,6.305205602075148e-08,0.9999986886978149,1.7535076168861963e-10,1.1729667903637164e-07
ISIC_0032988,6.6339211457489e-08,6.360546223049823e-08,7.291563797195977e-09,8.621081093451721e-08,0.9999996423721313,1.0008958106766386e-09,6.282883191488509e-08
ISIC_0032698,2.179072907892987e-06,2.321020708961896e-08,1.6070403674461886e-08,2.941598609140783e-08,0.9999967813491821,8.099647743620153e-07,2.069326825449025e-07
ISIC_0034107,5.141074780112831e-06,2.463596138113644e-05,1.9876969759025087e-07,8.486325896228664e-06,0.584391176700592,0.4155382812023163,3.2056366762844846e-05
ISIC_0033368,1.5075578119194688e-07,2.896768194204924e-07,3.538389581336787e-09,4.7407354486495024e-07,0.0030024589505046606,0.9969953298568726,1.3998782151247724e-06
ISIC_0032630,6.27102235739585e-06,2.321315696462989e-05,2.0902140462908392e-08,2.877623728636536e-06,0.0075734141282737255,0.992369532585144,2.4658109396114014e-05
ISIC_0033399,3.5118014807267173e-07,2.3004033664619783e-06,8.929756489806095e-09,4.7525506374768156e-07,0.9999710321426392,2.2750313291908242e-05,3.0452645205514273e-06
ISIC_0033050,8.062801981623124e-09,9.696706371187247e-08,1.3473890447812664e-08,8.270746576499732e-08,2.7617456908046734e-06,0.9999969005584717,9.983600079976895e-08
ISIC_0033526,9.66780167033221e-09,1.677012306799952e-07,1.61837675705101e-07,2.2076022787587135e-08,5.482783080879017e-07,0.9999990463256836,7.191673745410299e-08
ISIC_0032807,1.1748529260557916e-07,2.1054442811418994e-07,2.741009197393396e-09,1.978248675982286e-08,0.9999994039535522,6.801946028645034e-08,1.247745018417845e-07
ISIC_0032645,2.0285278878873214e-07,1.1190683153472492e-06,1.7078559677585758e-09,1.1670939414898385e-07,0.9999898672103882,8.453775990346912e-06,2.6828431032299704e-07
ISIC_0033893,5.624948471449898e-07,3.7039453104625863e-07,4.369401267467765e-06,9.780098935152637e-07,0.988828182220459,0.011164544150233269,8.945226568357612e-07
ISIC_0033037,2.0498659125678387e-07,5.944296390225645e-06,0.9999587535858154,7.842606919439277e-07,2.790461621771101e-05,5.687220436811913e-06,7.317576660170744e-07
ISIC_0033773,3.0364981284947135e-07,9.765315098775318e-07,0.9998695850372314,5.372938858272391e-07,0.00012742556282319129,4.711363743581387e-08,1.0177607236983022e-06
ISIC_0033885,4.208204131828097e-07,8.283758745619707e-08,5.000117084819067e-07,6.882646061967534e-07,0.9999973773956299,6.871850199985374e-09,7.611096748405544e-07
ISIC_0027069,0.06093747541308403,5.944764325249707e-06,3.906405709130922e-06,3.191454879925004e-06,0.9390354156494141,4.3614694078542016e-08,1.3948891137260944e-05
ISIC_0029502,4.137480686949857e-07,7.631423954990169e-07,2.288408751383031e-08,7.611885735059332e-07,0.9967408776283264,0.0032560699619352818,1.1105530575150624e-06
ISIC_0026268,4.367805377114564e-05,1.9587778297136538e-05,0.04322179779410362,5.204594344832003e-06,0.956666886806488,1.204627005790826e-05,3.083006595261395e-05
ISIC_0025708,1.08767306272739e-08,7.395365742013382e-08,1.1553683565423967e-09,2.4747571103489463e-08,5.822005846312095e-07,0.9999992847442627,4.159865341080149e-08
ISIC_0024806,1.0170421838040511e-08,1.2812896521552375e-08,4.366533357114122e-09,6.393692331130296e-08,0.9999997615814209,9.020163105333268e-08,6.271976360494591e-08
ISIC_0024962,4.067961526743602e-06,1.3040675185038708e-05,0.16776952147483826,9.332976333098486e-06,0.8321518301963806,1.7684798876871355e-05,3.455288242548704e-05
ISIC_0024823,6.034857165104768e-07,7.036862257336907e-07,0.00013858976308256388,4.988921205040242e-07,0.9998509883880615,2.677421662156121e-06,5.926143330725608e-06
ISIC_0024449,2.5977323048209655e-07,4.7497303512500366e-07,1.7267107921270508e-07,8.65394895299687e-07,0.9996102452278137,0.0003869322536047548,1.1496457545945304e-06
ISIC_0031408,3.1069475880940445e-08,2.1733752930686023e-07,3.5409351006876477e-09,2.831111771683936e-07,0.9999587535858154,4.04126949433703e-05,3.3398532650608104e-07
ISIC_0025085,5.167486960999668e-06,1.5447434634552337e-05,5.9892067838518415e-06,3.5837038012687117e-06,0.18964791297912598,0.8102790713310242,4.279932181816548e-05
ISIC_0031034,2.624398121042759e-06,9.984503776649944e-06,3.818979621428298e-06,1.9030278508580523e-06,0.08511420339345932,0.9148305058479309,3.693511098390445e-05
ISIC_0026167,1.4073214060772443e-06,1.5118822375370655e-05,0.0007744661998003721,8.737045391171705e-06,0.0037722750566899776,0.9954225420951843,5.4794618336018175e-06
ISIC_0028984,3.5186471905035432e-06,8.082799467956647e-05,0.052012134343385696,5.065936056780629e-05,0.0011737613240256906,0.9465824365615845,9.662300726631656e-05
ISIC_0032197,3.4749825772451004e-06,1.4193058632372413e-05,0.00286072283051908,1.0897523679886945e-05,0.0003249469446018338,0.9967725872993469,1.31748693092959e-05
ISIC_0024701,3.892054962761904e-07,9.12814428488673e-08,2.4397797115938147e-09,4.2049251192111115e-07,0.0002331779251107946,0.9997652173042297,6.543195354424824e-07
ISIC_0030390,8.051559234445449e-06,8.417140406891122e-07,6.669497309985672e-08,3.3134317618532805e-06,0.06128795072436333,0.9386947154998779,4.913114935334306e-06
ISIC_0030034,1.6996582417050377e-06,1.3607273103843909e-05,5.379286562856578e-07,0.0031677591614425182,0.00012504617916420102,0.9948486089706421,0.0018426659516990185
ISIC_0027552,2.8476310944824945e-06,4.15207568948972e-06,1.1366716279326283e-07,5.449256150313886e-06,0.9930574893951416,0.006808644626289606,0.00012136934674344957
ISIC_0027407,4.57215563187674e-08,1.1336235061776279e-08,1.0098906244593309e-07,3.7187813717309837e-08,0.9999997615814209,1.3011668187346004e-08,2.1070489353292032e-08
ISIC_0027793,3.6213789744721225e-09,6.050134615520619e-09,3.14805986834088e-10,1.6706859229387305e-09,1.1431078306145537e-08,1.0,1.5911790995915e-08
ISIC_0029013,1.5400976494106544e-08,1.2098077206701419e-08,3.317860153284613e-10,4.504058459531279e-09,4.5029932493889646e-07,0.9999995231628418,9.69753966018061e-09
ISIC_0031077,4.433944468473783e-06,1.1321945748932194e-05,0.00012041824811603874,8.523347787559032e-06,0.011678091250360012,0.9881711006164551,6.1683685999014415e-06
ISIC_0030932,2.182191991551008e-07,7.35552077912871e-07,0.00012972728291060776,3.917344031378889e-07,0.9997062087059021,0.00016173791664186865,9.01871544556343e-07
ISIC_0027065,5.428480108093936e-06,7.780997890449726e-08,1.1634412544481165e-07,7.559571599813353e-07,0.9999899864196777,2.104493887600256e-06,1.4501544001177535e-06
ISIC_0030360,2.3158763724495657e-06,9.840107395575615e-07,0.9996603727340698,2.8084934911021264e-07,2.495606565844355e-07,0.00033404765417799354,1.6969249827525346e-06
ISIC_0028718,0.00017353022121824324,2.660645350260893e-06,5.4289429840537196e-08,5.911369589739479e-05,0.7689313292503357,0.2308083325624466,2.495126136636827e-05
ISIC_0027130,6.6828197304857895e-06,3.619942035015811e-08,1.346596434359526e-07,3.076692394188285e-07,0.9999916553497314,3.7383006912250494e-08,1.2256745094418875e-06
ISIC_0029318,0.0011021799873560667,0.0001431581622455269,0.001340031623840332,0.0017230352386832237,0.9950390458106995,5.409097138908692e-05,0.0005984079325571656
ISIC_0032070,2.6469200520296e-07,3.256863863043691e-07,9.545361763230176e-07,1.8741421854429063e-06,0.9999945163726807,1.2625414456124417e-06,8.5644154523834e-07
ISIC_0026796,5.527199675725569e-08,4.337113921337732e-07,7.507115356020222e-07,4.236073181118627e-08,0.999995231628418,3.3648470889602322e-06,1.8785104316521029e-07
ISIC_0030747,8.795035455477773e-07,1.1992983672826085e-07,3.3837750379461795e-09,9.654663557512322e-08,1.1234307351060124e-07,0.9999985694885254,1.8650483468718448e-07
ISIC_0031239,6.130808856141812e-07,5.084099541363685e-08,8.195318201842383e-09,5.515094585462066e-07,0.9999985694885254,1.488887306777542e-07,7.281774827561094e-08
ISIC_0027105,1.6725200779887928e-08,2.2271478883340023e-06,2.6139174224226736e-05,1.4432951047638198e-06,4.731653825729154e-05,0.9999216794967651,1.1201099141544546e-06
ISIC_0027502,5.184426117921248e-05,0.00011663757322821766,0.9556030035018921,0.00017893033509608358,0.011739379726350307,0.032252270728349686,5.795742617920041e-05
ISIC_0031529,2.7117351919514476e-08,1.8949785740574043e-08,3.890845423626388e-09,2.995555092866198e-08,4.557100474755771e-09,0.9999998807907104,2.9171795645765997e-08
ISIC_0028929,5.60758235224057e-06,1.6316112905201408e-08,2.495494033638579e-09,1.4038293727480777e-07,0.9999862909317017,7.694067789998371e-06,2.952507713871455e-07
ISIC_0026746,8.491340963701077e-08,1.751753444523274e-07,8.570398790652689e-07,9.445608384339721e-07,0.9999938011169434,3.82396183340461e-06,3.9148963537627424e-07
ISIC_0030910,0.3060794174671173,9.913902658809093e-07,5.048988532507792e-05,0.035483796149492264,0.6581117510795593,4.515644320690626e-07,0.0002731592394411564
ISIC_0029238,0.8459157347679138,1.019952605929575e-06,4.016978039089736e-07,0.008620629087090492,0.14534839987754822,5.074193722975906e-07,0.00011338379408698529
ISIC_0028685,0.06363968551158905,1.4024643633092637e-06,1.3182739166950341e-06,8.687717922839511e-07,0.9360246658325195,0.0002850884338840842,4.6990073315100744e-05
ISIC_0026847,2.1296145860105753e-06,6.960001996958454e-07,8.177160282230034e-09,1.3948894661552913e-07,0.9999969005584717,5.886834575363764e-09,1.4514657209474535e-07
ISIC_0029958,1.396775473949674e-06,1.5610757131412356e-08,0.9999980926513672,4.85278803807887e-08,1.1532555532767219e-07,5.43546319065058e-09,2.0355481922251784e-07
ISIC_0028227,2.9059267490083585e-06,5.4068920007921406e-08,6.988658540763026e-09,1.1443339644756634e-06,0.9999953508377075,2.7360044896340696e-07,3.9157049513960374e-07
ISIC_0031417,1.1575336600344599e-07,7.197949258852532e-08,4.9838746463137795e-09,1.2849906738665595e-07,1.4375531875998604e-09,0.9999996423721313,5.138415914984762e-08
ISIC_0028103,1.1953211469517555e-06,4.090659786015749e-06,4.3535197619348764e-05,1.360273131467693e-06,0.0071691712364554405,0.9927752017974854,5.4928477766225114e-06
ISIC_0024554,4.143450496485457e-06,5.390617729972291e-08,0.9996284246444702,3.5278625887258386e-07,0.0003657250199466944,2.0145199641774525e-07,1.1148703151775408e-06
ISIC_0030795,1.6906854227727308e-07,1.988718167922343e-07,4.378329254706159e-09,8.234824377950645e-08,0.9993332028388977,0.0006659593782387674,3.6992398122492887e-07
ISIC_0027507,6.617037229261769e-08,2.453406189317775e-08,1.9028689735023363e-09,7.796920442615374e-09,3.537333270742238e-07,0.9999995231628418,4.1725169097617254e-08
ISIC_0031005,2.431677330605453e-06,2.5251557289607263e-08,9.445727044976593e-08,4.225582728167865e-08,0.9999972581863403,2.2771192931259066e-08,1.7737512791882182e-07
ISIC_0030507,1.2779109965777025e-06,0.0001160778192570433,2.0152292563579977e-06,6.423987315429258e-07,0.9994994401931763,0.00037773302756249905,2.7493899779074127e-06
ISIC_0028666,1.380620346935757e-06,3.716908025808152e-08,3.7075284353704774e-07,3.1681153700446885e-07,9.703817482886734e-08,0.999997615814209,2.3038948882003751e-07
ISIC_0028352,0.002059454331174493,0.0009634782327339053,0.05284055694937706,1.3396330359682906e-05,0.9439643621444702,0.00011225450725760311,4.649277980206534e-05
ISIC_0031498,7.08530905058069e-08,3.3472204563622654e-08,1.4759714561662918e-09,7.087576250341954e-07,0.9999986886978149,1.0936329175592618e-07,4.1321126786897366e-07
ISIC_0029570,3.320947871543467e-05,8.196802082238719e-05,0.0290121641010046,0.0002382657548878342,0.04177761822938919,0.9285776615142822,0.0002792375744320452
ISIC_0028930,2.9361558517848607e-07,2.0594822558450687e-07,7.25177606852867e-09,1.281136974284891e-07,0.9999945163726807,4.527133569354191e-06,3.303923961084365e-07
ISIC_0031389,6.53780659831682e-07,3.7643835639755707e-06,2.050354019900169e-08,3.1203416028802167e-07,0.06992898136377335,0.9300627708435059,3.4462054827599786e-06
ISIC_0030925,1.420652324668481e-07,3.700806132655998e-07,1.7371071692195983e-07,3.396523595711187e-07,0.9999862909317017,1.2396138117765076e-05,2.5592893848624954e-07
ISIC_0031778,2.2291054847300984e-05,1.260302360606147e-05,0.5055403709411621,5.280047389533138e-06,1.6923469956964254e-05,0.49438366293907166,1.8859593183151446e-05
ISIC_0030604,1.4122959328233264e-05,3.380469308922329e-07,2.7308118433211348e-08,6.711962896588375e-07,0.9981293082237244,0.0018433528020977974,1.2097634680685587e-05
ISIC_0024958,1.493184026912786e-05,1.2070143384335097e-05,3.7832460293429904e-06,1.1488812560855877e-05,0.5289255380630493,0.47101524472236633,1.6976286133285612e-05
ISIC_0026258,2.973072241729824e-07,1.1124237744297716e-06,5.438773769128602e-06,1.8564149968369748e-06,0.0009215936297550797,0.9990609288215637,8.817424713924993e-06
ISIC_0025235,3.841782447722153e-09,5.634184674363496e-08,1.2774306412666192e-07,4.3701003704654795e-08,3.6882866538689996e-07,0.9999994039535522,6.678799735482244e-08
ISIC_0028764,1.0462136401656608e-07,8.565519493686224e-08,3.123188071185723e-05,6.394610636561993e-07,0.9999674558639526,8.367498338657242e-08,3.002529069817683e-07
ISIC_0029021,3.4265420367773913e-07,5.113995030114893e-06,2.512799710530089e-07,1.1085555797762936e-06,0.7699103951454163,0.23007702827453613,5.737259016314056e-06
ISIC_0027359,1.2690184121311177e-06,4.003148887932184e-07,0.00021463421580847353,2.1728656918185152e-07,0.9995593428611755,0.0002210676175309345,3.051987050639582e-06
ISIC_0027832,0.00011286190419923514,5.059115574113093e-05,0.9925486445426941,2.2628701117355376e-05,8.0778707342688e-05,0.0071732825599610806,1.1200191693205852e-05
ISIC_0031844,5.094374046166195e-06,1.6820591781652183e-06,0.0059705572202801704,9.132020295510301e-07,9.077312768113188e-08,0.9940197467803955,1.9423168851062655e-06
ISIC_0025611,5.386506381910294e-05,1.7591389678273117e-06,7.422550396540828e-08,6.3368242990691215e-06,0.008361738175153732,0.991560161113739,1.601767144165933e-05
ISIC_0029404,2.2941423594602384e-05,0.017878388985991478,3.6228935641702265e-05,9.364033030578867e-05,2.0780007616849616e-06,0.004904171451926231,0.9770625829696655
ISIC_0030275,7.324101261474425e-06,0.00012673228047788143,2.9456639367708704e-06,1.7438014765502885e-05,1.8446877447786392e-06,0.0002920542028732598,0.9995515942573547
ISIC_0027385,3.0655094178655418e-06,1.1742732795028132e-06,5.155311555427033e-07,3.6108349377173e-07,2.4500322979292832e-06,3.6499768611975014e-06,0.9999889135360718
ISIC_0030882,2.936920282081701e-06,2.570439619375975e-06,2.1406535211099254e-07,4.546039349406783e-07,3.1074750950210728e-06,6.254605978028849e-06,0.9999843835830688
ISIC_0026163,3.395252406335203e-06,7.784824447298888e-07,5.514106078408076e-07,5.155723556526937e-06,2.329214794372092e-07,8.473605248582317e-07,0.9999890327453613
ISIC_0025807,3.4055519790854305e-06,2.34738126891898e-06,8.559167099519982e-07,2.9669265586562688e-06,2.282669981923391e-07,5.055602287029615e-06,0.9999852180480957
ISIC_0033450,3.3311655442958e-06,3.704278788063675e-05,2.1685312390218314e-07,1.1080613148806151e-05,8.06214757176349e-06,1.1673674634948839e-05,0.9999284744262695
ISIC_0033254,7.290680514415726e-06,2.6645449906936847e-05,1.2300723710723105e-06,2.26620577450376e-05,5.78678509555175e-06,5.364320895751007e-05,0.999882698059082
ISIC_0030722,7.4341614890727215e-06,1.6849205621838337e-06,4.998679514756077e-07,7.826210094208363e-06,7.78867899953184e-07,2.2244250885705696e-07,0.9999815225601196
ISIC_0024747,3.970545549236704e-06,3.858991021843394e-06,1.053604819389875e-06,1.1607883152464638e-06,1.0132168881682446e-06,1.1007451803379809e-06,0.9999878406524658
ISIC_0031346,4.647090008802479e-06,3.184906017850153e-05,0.0003165485104545951,1.9491790226311423e-05,0.0003852683294098824,0.9691933393478394,0.03004874289035797
ISIC_0032715,3.7823924685653765e-06,9.207216749018698e-07,2.764765838492167e-07,1.651801539992448e-06,2.7001021862815833e-07,3.323246573927463e-06,0.9999898672103882
ISIC_0033991,3.926883891836042e-06,1.1874994925165083e-06,4.1810886841631145e-07,1.356856614620483e-06,2.434736074974353e-07,3.4712049910012865e-06,0.99998939037323
ISIC_0027563,1.4046761407371378e-06,3.72965369024314e-05,2.0723103943964816e-07,3.145384653180372e-06,4.082102122993092e-07,0.9792054295539856,0.020752038806676865
ISIC_0025612,2.6626767066773027e-06,1.664723072281049e-06,2.4368425783904968e-06,7.398334673780482e-06,3.942537887269282e-07,1.57242118348222e-06,0.9999839067459106
ISIC_0029877,1.8547669242252596e-05,8.544642696506344e-06,2.4788855625956785e-06,0.0016341714654117823,1.2091946928194375e-06,0.0031935623846948147,0.9951413869857788
ISIC_0030104,6.945315362827387e-06,1.4673150872113183e-06,9.547582067170879e-07,1.6272178982035257e-06,1.445180942027946e-06,2.2811720555182546e-05,0.9999648332595825
ISIC_0027888,8.590111065132078e-06,1.493264221608115e-06,4.450217602425255e-06,1.3402618606050964e-05,2.9253885713842465e-07,5.086897658657108e-07,0.9999712705612183
ISIC_0028885,3.677157337733661e-06,9.330157126896665e-07,1.4249845889935386e-06,1.998757397814188e-06,2.0394615773966507e-07,3.214826733710652e-07,0.9999914169311523
ISIC_0025425,4.361229912319686e-06,9.788210491024074e-07,4.886142050963826e-07,2.25083408622595e-06,2.484929382262635e-07,1.3451577842715778e-06,0.9999903440475464
ISIC_0032057,3.154400928906398e-06,6.113819495112693e-07,5.072718067822279e-07,8.546625736016722e-07,1.1643935522442916e-06,2.4391345050389646e-06,0.9999912977218628
ISIC_0024457,1.4216648196452297e-06,0.9997379183769226,0.0002473088970873505,3.4025833883788437e-06,4.782586074725259e-06,1.5367626247098087e-06,3.5259668038634118e-06
ISIC_0029193,2.3381949176837225e-06,0.9999598264694214,1.1260317478445359e-06,4.2248908016517817e-07,3.54755757143721e-05,8.178265886726876e-08,6.768860316697101e-07
ISIC_0027526,6.604194027204358e-07,0.9999979734420776,2.0913829246183013e-07,5.273493570712162e-07,3.787254456710798e-07,3.432409911852119e-08,2.698226637676271e-07
ISIC_0030446,5.1018200792896096e-06,0.999846339225769,1.581523179083888e-07,0.00013099047646392137,6.173865472192119e-07,6.672242989225197e-07,1.6059768313425593e-05
ISIC_0031527,0.00011948295286856592,0.9572274088859558,4.297017312637763e-06,0.002865878166630864,7.559897767350776e-06,0.00012979154416825622,0.03964565321803093
ISIC_0031749,1.569359540098958e-07,0.9999932050704956,2.2727243731424096e-07,5.638568381982623e-06,1.1585886738885165e-07,1.0508539816100892e-08,6.455418315454153e-07
ISIC_0029847,4.313463068683632e-05,0.1383182257413864,5.335811147233471e-05,0.696698009967804,0.0005470920004881918,7.65410550229717e-06,0.16433249413967133
ISIC_0031943,0.00018383313727099448,0.9961634874343872,0.0022293974179774523,0.0006431735819205642,0.00037866714410483837,1.0190375178353861e-05,0.00039127294439822435
ISIC_0027865,0.00018037176050711423,0.9996534585952759,0.0001266172475880012,1.8056220142170787e-05,4.7332027861557435e-06,1.467593477855189e-07,1.661363785387948e-05
ISIC_0030687,0.022934207692742348,0.011432244442403316,6.303960253717378e-05,0.0003160980995744467,0.11159103363752365,0.8492928147315979,0.00437053432688117
ISIC_0025584,0.18821591138839722,0.03708299994468689,0.0004312524397391826,0.0028907894156873226,0.6141049861907959,0.062148451805114746,0.09512557834386826
ISIC_0027545,0.00014060830289963633,0.9982695579528809,6.4611131165293045e-06,8.712787348486017e-06,0.0004270013887435198,0.0004380248428788036,0.0007095985347405076
ISIC_0027609,6.007299816701561e-05,0.17753095924854279,1.354784899376682e-06,6.585699338756967e-06,4.66597375634592e-05,0.8221451640129089,0.00020916209905408323
ISIC_0029034,1.1105919384135632e-06,0.9999500513076782,1.644881280071786e-07,1.164943114417838e-06,4.6881817979738116e-05,9.12718078893704e-09,6.371070071509166e-07
ISIC_0030800,3.617355446294823e-07,0.9998162388801575,8.986172019831429e-07,2.1673637093044817e-05,0.00014884435222484171,2.4299200873656446e-08,1.2039095054205973e-05
ISIC_0027998,3.472335663445847e-07,0.9999970197677612,5.630808530554532e-08,1.047881823978969e-06,1.0709130719988025e-06,3.012172911098787e-08,4.100230910353275e-07
ISIC_0028079,5.68307257253764e-07,0.9999762773513794,2.7888224849448306e-06,5.206513264965906e-07,1.8495801441531512e-06,1.7373151422361843e-05,5.83371615903161e-07
ISIC_0032415,2.5472603738307953e-05,0.9955188035964966,0.0003412803926039487,0.0004229824698995799,0.00034886738285422325,0.0029899119399487972,0.000352688308339566
ISIC_0030177,2.5763421263036435e-07,0.9999973773956299,3.733583398002338e-08,3.044036702704034e-07,3.029969093404361e-07,2.771727167782956e-07,1.3981791653350228e-06
ISIC_0028095,9.081056759896455e-07,0.9999983310699463,3.675766535593539e-08,2.2398296550818486e-07,8.892950376093722e-08,3.159637884664335e-08,3.955832994506636e-07
ISIC_0032414,3.628251192822063e-07,0.999998927116394,1.8312725558189413e-07,1.4944730253318994e-07,5.9002150720743884e-08,9.560787361806433e-08,2.3547913485799654e-07
ISIC_0031824,2.1113939041583762e-08,3.224984902772121e-05,3.253337510500387e-08,7.308556178031722e-06,3.040948399757326e-07,0.9999598264694214,2.82844553112227e-07
ISIC_0030145,6.063484647711448e-08,0.9999986886978149,2.091145177018916e-07,1.4297137340690824e-07,4.0294693803843984e-07,9.980858095559597e-08,3.413366869153833e-07
ISIC_0024504,8.207936730286747e-07,0.9999949932098389,1.1871619562953128e-06,4.600548493272072e-07,4.899280838799314e-07,3.6537223024879495e-08,1.9728745428437833e-06
ISIC_0025600,2.6780028861139726e-07,0.9999970197677612,2.448492750772857e-07,2.7706585115083726e-07,1.4960337466618512e-06,1.4198946018950664e-08,7.463817723873944e-07
ISIC_0030349,6.889909798246663e-08,0.999993085861206,1.5725773039321211e-07,5.983552000543568e-06,2.826475409278828e-08,2.0395690469854344e-08,7.012557148300402e-07
ISIC_0026091,2.623319232952781e-07,0.9999932050704956,1.1449837700183707e-07,5.887360202905256e-06,6.130643726010021e-08,1.4565110895148337e-08,4.874293040302291e-07
ISIC_0034160,4.877060291619273e-06,0.8727642893791199,0.00020495188073255122,0.119056336581707,4.816922682948643e-06,4.252486576206138e-07,0.007964286021888256
ISIC_0024885,2.0950230350536003e-07,0.9999984502792358,2.0531992106498365e-07,6.567499326592952e-07,3.516510815870788e-08,3.2041107544955594e-08,3.8129181234580756e-07
ISIC_0024666,1.5583838830934837e-05,0.6483410000801086,7.19900071999291e-06,1.1275289580225945e-05,0.34854355454444885,0.003048371057957411,3.304842539364472e-05
ISIC_0028890,1.4989096598583274e-05,0.8132479786872864,1.8770353563013487e-05,9.724988922243938e-05,0.07430651038885117,0.11220177263021469,0.00011277227167738602
ISIC_0025752,0.0037885073106735945,0.9664323925971985,0.00046223061508499086,0.00014901667600497603,0.02833416871726513,0.0006861516158096492,0.00014752306742593646
ISIC_0034123,4.600350393957342e-07,0.9999977350234985,6.541705488416483e-08,1.6124803892125783e-07,9.353316841043124e-07,3.498245249033971e-08,6.355692221404752e-07
ISIC_0034026,1.006537573289279e-07,0.9999756813049316,1.2694810891389352e-07,1.1595803925956716e-06,2.1489353457582183e-05,1.9453672450708837e-07,1.116901898967626e-06
ISIC_0028871,5.382609629123181e-07,0.999998927116394,2.915546915005507e-08,2.5269582692999393e-07,3.376975854507691e-08,1.3212325455924656e-08,2.5848564177977096e-07
ISIC_0031836,0.0018846290186047554,0.28970494866371155,0.25785407423973083,0.17081885039806366,0.27738890051841736,0.00040613062446936965,0.0019425380742177367
ISIC_0027090,6.314140046015382e-05,0.04226788878440857,5.696260996046476e-05,1.413195968780201e-05,0.9549856185913086,0.00037081498885527253,0.0022413660772144794
ISIC_0031026,1.1347253803251078e-06,0.9999326467514038,5.737903484259732e-05,1.1134518445032882e-06,6.5341664594598114e-06,6.191875172589789e-07,6.59255022128491e-07
ISIC_0028688,0.045257817953825,1.7837972336565144e-05,3.1940815006237244e-06,1.3205481991462875e-05,7.30429746909067e-05,0.954598069190979,3.6835546779911965e-05
ISIC_0028316,4.777664435096085e-05,0.9999294281005859,1.6659258506024344e-07,2.135548675141763e-05,3.603363651905056e-08,3.4290732031649895e-08,1.2209492297188262e-06
ISIC_0028570,2.1686453521851945e-07,0.9999744892120361,1.9776534543325397e-07,1.9334464695930365e-07,1.559061092848424e-05,3.7562947454716777e-06,5.49965443497058e-06
ISIC_0031643,2.294567366334377e-06,0.9999961853027344,4.291376853871043e-08,9.584218787495047e-07,8.106810156505162e-08,2.2465302507157503e-08,4.3127994331371156e-07
ISIC_0027531,1.9416311261011288e-06,0.999980092048645,3.727328490299442e-08,7.055744390527252e-06,1.274709916287975e-06,9.090929779631551e-06,5.958597739663674e-07
ISIC_0024331,1.5774655537370563e-07,0.9999953508377075,3.742859178146318e-08,3.7578524825221393e-06,1.3422670974705397e-08,8.567049292196316e-08,5.444158546197286e-07
ISIC_0031384,1.791919856941604e-07,0.9999991655349731,3.1993860005741226e-08,2.2062421578539215e-07,6.239054073375883e-08,1.5306900991163275e-07,1.7320809320153785e-07
ISIC_0029129,0.00033796069328673184,0.9996585845947266,8.141100948932944e-08,1.0096938467540895e-06,1.2280855798962875e-06,1.9430643760642852e-08,1.1383037872292334e-06
ISIC_0027704,2.1050051657311997e-07,0.9999986886978149,2.4414018184870656e-07,6.502344263026316e-07,1.2346566435894601e-08,7.582269034855926e-08,1.3093354311877192e-07
ISIC_0028583,0.001785640954039991,0.9977426528930664,0.0001096696505555883,1.4320536138257012e-05,0.00033533971873112023,1.5086848748069315e-07,1.2279297152417712e-05
ISIC_0030594,9.120008570562277e-08,0.9999988079071045,1.3645573915255227e-07,2.4610849891359976e-07,5.045702664574492e-07,1.2007332017560657e-08,2.1834657104591315e-07
ISIC_0024634,6.022787601978052e-08,0.9999991655349731,1.00441511108329e-07,2.0123420085838006e-07,1.200425145952977e-07,6.471535130003758e-08,2.0593641636423854e-07
ISIC_0026074,4.522126673123239e-08,0.9999990463256836,4.569580269730977e-08,2.0597410355094325e-07,6.844852862286643e-08,7.813445535020946e-08,3.8675170799251646e-07
ISIC_0025940,0.9999929666519165,3.450753283118502e-08,2.127708995658395e-07,3.752394945877313e-07,4.645014996640384e-06,2.402593235473205e-09,1.8232552747576847e-06
ISIC_0028113,1.3843930901202839e-05,0.9999841451644897,2.979057001084584e-07,5.023011340199446e-07,4.4285408762334555e-07,6.166743560243049e-08,6.673862458228541e-07
ISIC_0027189,0.0015083448961377144,0.9984228610992432,8.736992640479002e-06,4.954717223881744e-05,1.7376206642438774e-06,1.0186299448378122e-07,8.716386219020933e-06
ISIC_0032307,0.0006039018044248223,1.954776598722674e-05,0.9993467926979065,6.268655283747648e-07,2.6610299755702727e-05,8.447738650829706e-07,1.7032888308676775e-06
ISIC_0028815,2.1313839226877462e-07,0.9999991655349731,1.0229700109221085e-07,2.271871153425309e-07,2.1834361874084607e-08,1.5553089482978066e-08,2.825012188623077e-07
ISIC_0030181,2.509121088678512e-07,0.9999979734420776,1.555936819386261e-07,1.2930236152897123e-06,5.190733531890146e-08,4.852601875882101e-08,2.2087426998496085e-07
ISIC_0027229,0.014439276419579983,0.010967112146317959,0.8196436166763306,0.00010132274474017322,0.15003405511379242,0.0028707128949463367,0.001943879877217114
ISIC_0027004,9.928755753207952e-05,0.0036201535258442163,0.9858652353286743,4.73296495329123e-06,5.471877557283733e-06,0.01023727748543024,0.0001679673296166584
ISIC_0026433,0.0007065876852720976,0.35965412855148315,0.6229477524757385,0.00013130549632478505,0.0003395261010155082,0.015560317784547806,0.0006604071822948754
ISIC_0032314,1.4487717692190927e-07,0.9999988079071045,3.7460665680555394e-07,3.7201201052994293e-07,1.9179941190827776e-08,1.663666893136906e-08,2.594752572804282e-07
ISIC_0027425,4.221386006975081e-06,0.999954342842102,6.476903990915162e-07,1.9005008198291762e-06,5.487648309099313e-07,3.718061270774342e-05,1.0791799240905675e-06
ISIC_0027629,8.128581612254493e-07,0.9999977350234985,7.099272352206754e-07,3.3437601132391137e-07,1.4702020223467116e-07,3.403671655632934e-08,2.8907160753988137e-07
ISIC_0027038,3.8894467024874757e-07,0.9999979734420776,2.8390028106173304e-08,1.463932221668074e-06,3.7172711131461256e-08,1.4018368688084593e-08,1.489862313519552e-07
ISIC_0032030,6.805748284932633e-07,0.9999978542327881,4.751234072841726e-08,1.1471394145701197e-06,4.77508237395341e-08,2.1480289547071152e-08,1.646672274091543e-07
ISIC_0031318,7.192526396693211e-08,0.9999992847442627,2.9218332642244604e-08,2.8813434482799494e-07,1.0586484222585568e-07,9.784064758378008e-08,1.2100018409455515e-07
ISIC_0031470,1.4403995862721786e-07,0.9999986886978149,3.6204372833026355e-08,1.8615639874042245e-07,4.5294947881302505e-07,2.400387870693521e-07,2.5324607122456655e-07
ISIC_0030249,0.9999978542327881,4.2840564873358744e-08,1.038362924532521e-07,4.7292795102293894e-07,4.149705912226409e-09,7.241092703225149e-08,1.5033261888675042e-06
ISIC_0032302,8.090162850749039e-07,0.9999970197677612,1.0777957726304521e-07,5.928667974330892e-07,3.590878066006553e-07,1.3248613761618344e-08,1.061443754224456e-06
ISIC_0029352,2.5373944367856893e-07,0.9999984502792358,1.1829905588456313e-07,3.4914305047095695e-07,1.4340955090119678e-07,7.077752606221566e-09,6.479926355495991e-07
ISIC_0028687,1.2912643114759703e-06,0.9999877214431763,3.290280403689394e-07,1.000305655907141e-05,2.3856769004737544e-08,1.7701012211546185e-07,4.4935498522136186e-07
ISIC_0027120,2.6867326596402563e-05,0.999971866607666,1.9884154767169093e-08,9.533228535474336e-07,5.6826596761538894e-08,4.266673769848239e-08,2.661909661583195e-07
ISIC_0032222,0.03449172526597977,0.9551553726196289,0.010295637883245945,1.4816953807894606e-05,2.7621743470263027e-07,2.319826535313041e-06,3.992200072389096e-05
ISIC_0025019,0.00012957783474121243,0.999868631362915,3.4245363167428877e-07,3.930637149096583e-07,8.571504395149532e-08,4.435741018937733e-08,1.04316291071882e-06
ISIC_0027759,2.201137760948768e-07,0.999996542930603,1.4399617498384032e-08,7.058474693621974e-07,3.0508651605032355e-08,2.178308022848796e-06,3.053873740554991e-07
ISIC_0024984,8.813002239094203e-08,0.9999970197677612,9.296604019937149e-08,4.4186123204781325e-07,1.4439765436691232e-06,2.7403569902162417e-07,6.35293645245838e-07
ISIC_0029857,2.9318298402358778e-06,0.8990702033042908,2.4105477791636076e-07,1.5127005099202506e-05,0.005799847189337015,0.09503461420536041,7.708605699008331e-05
ISIC_0024829,6.893081661019096e-08,0.9999974966049194,3.337933307534513e-08,2.014152187257423e-06,4.149492838223523e-08,5.326997509769171e-08,2.7826604309666436e-07
ISIC_0025775,3.4901737056003412e-09,9.037243842158205e-09,1.1636270835779783e-09,1.1529261101372867e-08,8.4823520429822e-10,1.0,2.2835189739112138e-08
ISIC_0024415,5.737149866291702e-09,1.0699493735444321e-08,1.0901592961687356e-09,1.9767636416645473e-08,8.466655709860049e-10,0.9999998807907104,8.64233768993472e-08
ISIC_0032226,2.662710274492497e-09,7.458374362556697e-09,4.738613945676207e-10,8.210666635477537e-08,2.5013418003538845e-09,0.9999998807907104,1.673748606378922e-08
ISIC_0029594,6.636489136013779e-09,1.0686381557434288e-08,7.14450554273327e-10,7.1260815026619184e-09,8.895568726074998e-10,1.0,4.3399253968345874e-08
ISIC_0027315,1.2227786783114425e-08,1.1954901069088919e-08,2.7303648231224997e-10,5.0553081720750015e-09,8.137371665384308e-09,1.0,1.4796045277876146e-08
ISIC_0024364,8.90906406425529e-08,9.248424248653464e-08,6.444731184274133e-07,2.260294706957211e-07,1.7187169465415764e-09,0.9999985694885254,2.831170604622457e-07
ISIC_0026518,8.50134362906374e-09,5.842476866746438e-07,2.8341300861711716e-08,2.0427700064828969e-07,2.312583831098891e-07,0.9999986886978149,1.7211168312769587e-07
ISIC_0030791,7.680348801386572e-09,1.7341573510520902e-08,1.1282691447789261e-09,1.8683060432067577e-08,9.983869286855906e-10,1.0,1.9974194742644613e-08
ISIC_0026768,7.0735799440058145e-09,1.2423544859530011e-08,4.976246636978487e-10,9.091496444568747e-09,1.3442095214699634e-09,1.0,2.9911930710113666e-08
ISIC_0024376,4.906403283655436e-09,5.5733291759452186e-08,2.03665861953084e-09,3.415411242713162e-08,6.735160762438852e-10,1.0,4.877480463960637e-08
ISIC_0031486,2.3178150510005935e-09,1.779746661156878e-08,5.499321553692482e-10,2.326701498134298e-08,1.2543495131467353e-09,1.0,2.1505998759607792e-08
ISIC_0025723,7.383837985486252e-09,1.5034354206022726e-08,5.314381157361936e-10,3.732921971533187e-09,4.257970420695756e-09,1.0,1.4694320427111052e-08
ISIC_0030148,6.4109442199367095e-09,1.049240694328546e-08,7.179680183710957e-10,7.854133343698777e-09,1.4417795846100034e-09,0.9999998807907104,8.16121854541052e-08
ISIC_0024979,6.890900294820312e-09,7.93506949037237e-09,5.449712903171644e-10,1.8128250900417697e-08,1.2016779793455612e-09,1.0,1.2788167857991084e-08
ISIC_0027810,9.555066959876513e-09,2.2422147694101113e-08,1.015436845719364e-09,3.919948365904702e-09,1.0715199394439878e-08,0.9999998807907104,6.31408383355847e-08
ISIC_0026039,3.82452292058133e-09,1.0967086794266834e-08,7.317294548059294e-10,3.4747307253724102e-09,1.0991372256796694e-09,1.0,1.6455508955459663e-08
ISIC_0025692,1.4526756686450426e-08,1.3495974116040088e-08,8.264282591596839e-10,1.2417621597649031e-08,5.749669074184283e-10,1.0,1.7532276075371556e-08
ISIC_0031966,5.733277852471019e-09,1.902173885071079e-08,1.3605059301369238e-09,7.046583760939029e-08,8.560397946055787e-10,0.9999998807907104,3.814427529391651e-08
ISIC_0028889,7.013434721869771e-09,1.2250571224114992e-08,9.758994723441106e-10,9.468674733170701e-09,1.5359232774514453e-09,1.0,9.550257473733836e-09
ISIC_0024327,6.517270279005061e-09,1.1957317802568923e-08,6.760683124440448e-10,6.182184542069535e-09,1.2710854591091447e-09,1.0,3.533499537411444e-08
ISIC_0027339,1.3860115721797683e-08,1.8223367703740223e-08,1.5336972802870719e-09,1.5113170093172812e-07,5.801227871415904e-07,0.9999992847442627,5.1603464612526295e-08
ISIC_0032490,7.585920336339314e-09,6.159362797575341e-09,1.3084757721770757e-09,4.275753084925782e-09,7.659104461765764e-10,1.0,2.0689416402319694e-08
ISIC_0030573,7.424411307965784e-09,1.3006335564114124e-08,4.843600520665348e-10,3.5116169527782404e-08,1.085130763023301e-09,1.0,1.4674239601220052e-08
ISIC_0029293,1.7042003364053926e-08,6.195250534801744e-09,1.732579191227046e-09,1.2730972720476075e-08,9.688077895475544e-09,0.9999998807907104,6.17973441308095e-08
ISIC_0028424,9.080283192020033e-09,4.2619197060389524e-09,9.81879688666254e-10,2.59283106096575e-09,1.8066937945704353e-09,1.0,1.0084139745458742e-08
ISIC_0032153,5.626377586054332e-09,1.726161436010898e-08,6.721980194690502e-10,1.1537642841119577e-08,4.980509893393048e-10,1.0,2.2957470591222773e-08
ISIC_0025201,8.060087708372521e-09,1.4487541832863826e-08,4.589869873061758e-10,2.0048533144745306e-07,6.887074022188244e-09,0.9999996423721313,6.333948476822115e-08
ISIC_0028682,9.773621911790542e-09,7.917533295653811e-09,9.324681027322868e-10,1.991511666687984e-08,3.6490352406381987e-10,1.0,1.4421821070698115e-08
ISIC_0029112,4.598206704287122e-09,9.407289169871547e-09,7.484878272734363e-10,1.2596006015996863e-08,7.973677274009106e-10,1.0,1.26082166929109e-08
ISIC_0028690,2.8471358604065244e-09,4.0455404359818203e-08,8.433829634668655e-09,9.764827169078671e-09,3.5251102037392457e-09,1.0,4.153074328883122e-08
ISIC_0026914,4.35217462069204e-09,8.733972656216338e-09,9.432059577818563e-10,3.782532953522377e-09,7.784378142083881e-10,1.0,1.1090881990583057e-08
ISIC_0032100,4.49528902990437e-09,9.67790203532104e-09,7.045461991594948e-10,7.474496577231093e-09,7.598746631920505e-10,1.0,2.2266680943516803e-08
ISIC_0025813,3.0381801519041574e-09,1.3270150311939233e-08,1.1211941375321999e-09,6.589329082373752e-09,7.397197299141567e-10,1.0,9.456130989349276e-09
ISIC_0028862,1.1555061796286736e-08,2.0803534894753284e-08,2.583919744836294e-09,8.09415610092401e-08,8.271914264668112e-10,0.9999998807907104,2.9698178138914955e-08
ISIC_0029815,9.887528129581824e-09,4.1306538633989476e-08,1.2458799547587773e-09,1.7525350060054734e-08,2.069970417295508e-09,0.9999998807907104,4.844824275096471e-08
ISIC_0024544,8.301554110801135e-09,1.634957591534203e-08,1.5993195656704984e-10,6.350631309715027e-08,4.839178835425173e-09,0.9999998807907104,4.6218264770914175e-08
ISIC_0028962,1.6483369336128817e-07,1.3633354001285625e-07,4.1084522450773875e-09,0.00010443395876791328,2.2054228665524533e-08,0.999894380569458,8.331895742230699e-07
ISIC_0031638,5.124663360334125e-09,1.5959482624339216e-08,9.685856561247874e-10,3.277534688095329e-08,9.842553438943469e-10,1.0,1.8479878960420137e-08
ISIC_0026562,1.0747396750332427e-08,1.7667389329290017e-08,7.847586469544865e-10,7.71373276364784e-09,1.7061411172747398e-09,1.0,3.005702353675588e-08
ISIC_0032011,1.0462032129510135e-08,1.1797088639298181e-08,5.010332704280529e-10,7.904193743968335e-09,7.096536136508291e-10,1.0,2.0422573854261827e-08
ISIC_0030308,5.141661763019556e-09,1.4287856231476326e-08,3.7026354204883205e-10,7.199612017672052e-09,1.6356663081751321e-06,0.9999983310699463,5.4073929334208515e-08
ISIC_0027124,1.0622408730398547e-08,1.4636558631764274e-08,5.151513104983962e-10,1.3691075828603516e-08,1.3367846829481778e-09,1.0,3.220118216518131e-08
ISIC_0025366,3.3790006348510815e-09,9.642434406487155e-09,2.0032600023256464e-09,7.797638090778491e-09,9.688979618616145e-10,1.0,2.1893137969186682e-08
ISIC_0028539,7.3736190486783926e-09,2.320416925272184e-08,2.2247479414261306e-09,9.433467340613788e-09,8.152140074102476e-10,0.9999998807907104,9.895116903635426e-08
ISIC_0031777,4.493163174856818e-09,6.455092460555534e-09,3.143925675352932e-10,8.53878123763252e-09,9.072539941534785e-10,1.0,1.3782358365688196e-08
ISIC_0028007,2.7506157351808724e-09,6.6859886516112965e-09,5.837907934846953e-10,1.001072202910791e-08,6.05564987044005e-10,1.0,9.740755757547959e-09
ISIC_0025794,7.967022597199502e-09,1.76365819726243e-08,1.2478776900692878e-09,5.349643394936265e-09,1.945674510395179e-09,1.0,4.593212921122358e-08
ISIC_0028137,5.281663550960047e-09,1.253405379486594e-08,1.363524737563182e-09,1.588995601764509e-08,6.838419275290164e-10,1.0,2.1094621160955285e-08
ISIC_0032442,1.3560634393172677e-08,4.7906095090866074e-08,2.0046930782058325e-09,1.2935403859160033e-08,7.748070518509564e-10,0.9999998807907104,8.34999269727632e-08
ISIC_0031606,2.3105939384038265e-09,7.096553122920568e-09,3.245921309513733e-10,1.1709928138259329e-08,7.262640711047652e-09,1.0,1.958957795977767e-08
ISIC_0029633,4.0247341530630365e-06,1.2040103683830239e-05,0.9710745215415955,0.02831714227795601,4.6223942717915634e-07,0.0005741301574744284,1.7593672964721918e-05
ISIC_0030880,2.413145461233057e-09,6.9089436394165205e-09,3.8437175664540746e-10,2.6051596435650026e-09,1.260857640517088e-08,1.0,2.031585033535066e-08
ISIC_0025041,5.597829311199121e-09,6.074706071501623e-09,9.618201790573266e-10,3.6775322342919026e-08,2.450053271374486e-09,1.0,1.9820266317083224e-08
ISIC_0029822,4.117138630022055e-09,9.741573769872502e-09,4.508381445944565e-10,2.1054464838243803e-08,1.1854374148967395e-09,1.0,2.1113256920557433e-08
ISIC_0028694,5.151494342214846e-09,1.1332974736433243e-07,6.89504346951253e-08,1.0938362748902364e-07,1.7118187978226729e-09,0.9999996423721313,8.033921972128155e-08
ISIC_0030536,7.577676264247657e-09,1.2195362053546432e-08,2.9604900753099628e-09,7.91587453363718e-08,5.277249193191835e-10,0.9999998807907104,1.2393437387459016e-08
ISIC_0028260,3.795216141355695e-09,8.976823728801264e-09,8.587677235993851e-10,1.0479188183865062e-08,1.4315916230245307e-09,1.0,9.598962513734932e-09
ISIC_0030041,8.411993945856011e-08,3.375349137968442e-07,3.2517718295821396e-08,1.5069919356847095e-07,3.159471617664167e-08,0.9999991655349731,1.5614162407473486e-07
ISIC_0029317,2.503742990711544e-09,8.367877946113822e-09,4.083944016297636e-10,8.840618015426571e-09,4.29853397321267e-09,1.0,2.8022586917586523e-08
ISIC_0026936,5.519626977701364e-09,8.496329861884533e-09,3.982026375304315e-10,5.693383986482559e-09,1.948556205277896e-09,1.0,1.040132779905889e-08
ISIC_0024868,7.63702256989518e-09,1.0212353629412974e-08,8.513147409239252e-10,8.868703993414329e-09,7.302404791964534e-10,1.0,1.2800368764942505e-08
ISIC_0027290,8.842539145348383e-09,2.0752175089455704e-08,3.8516503875207775e-10,1.2397149085074943e-08,5.56021539921403e-08,0.9999998807907104,1.760434997777338e-08
ISIC_0031035,1.395294901840316e-07,6.451446665778349e-07,7.207129115727184e-09,0.0005089526530355215,7.434553594976023e-07,0.9994780421257019,1.147666171164019e-05
ISIC_0029604,9.674986145569164e-09,9.686748292381253e-09,3.1386890309015314e-10,5.757145427054411e-09,9.762214370212519e-10,1.0,1.389723891520589e-08
ISIC_0032426,4.0053982353072115e-09,9.086138952341116e-09,1.8138722746030567e-09,4.542954901154417e-09,1.0118158533245492e-09,1.0,1.9090908409680196e-08
ISIC_0031571,5.096414845695563e-09,1.5507335859865634e-08,9.721615734648026e-10,2.2696239554420572e-08,1.216343914478557e-09,1.0,1.1423623824668994e-08
ISIC_0031781,3.3424574219509395e-09,1.2993516484982592e-08,1.707609498247109e-09,5.077117393170738e-09,1.2106894375918387e-09,1.0,1.7308593669440597e-08
ISIC_0025175,6.271807073687796e-09,1.3001126397682583e-08,1.5395836827636344e-09,7.923001810183905e-09,5.812486603140599e-10,1.0,1.5552894083725732e-08
ISIC_0025878,1.3934903897450113e-08,4.260954611368106e-08,6.887716508252595e-10,8.771769977045096e-09,2.1750821144195243e-09,1.0,6.362474103127624e-09
ISIC_0028365,4.775691397895798e-09,1.4197661712955778e-08,8.68055793912248e-10,5.612604603300042e-09,8.611366730804093e-09,1.0,1.2351057954163025e-08
ISIC_0031153,1.0094915126046544e-08,7.581624217323224e-09,6.532138718817748e-10,1.0289740615121445e-08,4.632987049557613e-10,1.0,2.4304085854964796e-08
ISIC_0030658,4.599058023302405e-09,8.950698848764205e-09,3.01872388197566e-10,5.81872372507064e-09,1.8539320079113963e-09,1.0,1.649988590202156e-08
ISIC_0027591,4.669184150429828e-09,6.978952971081753e-09,5.929174373697776e-10,1.1324610582619243e-08,1.1003474797988133e-09,1.0,8.947643515000436e-09
ISIC_0026136,7.206863550379694e-09,7.933222967437814e-09,2.3002062754517993e-10,4.5571875162409015e-09,3.963576578058792e-09,0.9999998807907104,5.207492392855784e-08
ISIC_0028921,5.035781569517894e-09,3.1184271165329847e-08,1.7883308167654377e-09,9.228098285518627e-09,2.744578342372961e-09,0.9999998807907104,1.0145647877379815e-07
ISIC_0031038,7.912837496348857e-09,8.880451929371702e-09,6.526658657968198e-10,5.5569477908079534e-09,7.164414617122361e-10,1.0,3.705880757820523e-08
ISIC_0029211,6.114321937644718e-09,6.389362372516416e-09,7.197066276276587e-10,6.329805124494214e-09,1.2517705760828335e-09,1.0,1.8067980889213686e-08
ISIC_0027467,1.7663781548549196e-08,1.1266030774947922e-08,3.9095823800572305e-10,1.0369849867686298e-08,6.263127350081277e-09,0.9999998807907104,1.5042577672375046e-07
ISIC_0026659,5.732207153386071e-09,1.2581454100768497e-08,1.6032329908099996e-09,5.382168488665684e-09,6.915043537780718e-10,1.0,1.3148760302783558e-08
ISIC_0032231,7.560497117253817e-09,1.014270267774009e-08,1.0788919757587223e-09,1.023247442333286e-08,6.187749201913562e-10,1.0,1.546090722115423e-08
ISIC_0030547,5.674682057588143e-09,1.7621955450408677e-08,1.2719876263389551e-09,1.4893786648428886e-08,5.889443932538541e-10,1.0,1.730737331229193e-08
ISIC_0025947,1.2495599222006604e-08,1.1349586159781211e-08,2.2800611398920978e-10,1.2021073025891837e-08,2.2699777613155447e-09,1.0,1.703053342794192e-08
ISIC_0025559,1.6731300789274428e-08,7.720124095556002e-09,2.165272849907751e-09,1.534469447506126e-06,1.0330864164131981e-08,0.9999984502792358,2.6228264005112578e-08
ISIC_0026460,5.640345968060956e-09,6.898001281285815e-09,2.4003472542943882e-09,5.885426812568539e-09,9.587503013719356e-10,1.0,7.806104207475073e-09
ISIC_0031250,1.001018823387767e-08,2.0278839940601756e-08,9.523712929393469e-10,2.043453584121835e-08,1.4035512752030854e-09,1.0,3.348974431105489e-08
ISIC_0030519,8.924259553566571e-09,9.966142577866322e-09,1.4387661062542634e-09,7.306643734494855e-09,6.826273435400765e-10,1.0,9.436924131023261e-09
ISIC_0025003,2.9949482893698587e-09,6.047700562561431e-09,4.705291156703595e-10,6.664039986503667e-09,1.2064687027191212e-09,1.0,1.1315045789217493e-08
ISIC_0028660,3.125225855882263e-09,8.160887965402708e-09,4.131792685768687e-10,1.2189969034182013e-08,1.5475564163480726e-09,1.0,1.9005023332852033e-08
ISIC_0030955,3.9624130643289845e-09,8.87257911585948e-09,3.1312266668415134e-10,4.641905526625578e-09,9.895485542088522e-10,1.0,6.5713559038727e-09
ISIC_0027472,2.3857777975422323e-09,1.1870715965756062e-08,2.813808630541814e-10,2.902985851704898e-09,4.014913734806669e-09,1.0,7.74134001346738e-09
ISIC_0029305,6.848577260853972e-09,1.2024512052732916e-08,3.6725678054239097e-09,1.9299044140552724e-08,9.871206074762995e-10,1.0,1.0694863661342424e-08
ISIC_0024944,2.517740682606018e-09,1.0703863573269246e-08,5.066125852160042e-10,5.130981861611872e-09,4.4108401375808626e-09,1.0,8.502619941452849e-09
ISIC_0028813,3.994016228858754e-09,9.609716578040661e-09,6.465945001643547e-10,5.981051653947134e-09,1.328683385537488e-09,1.0,9.167154146894063e-09
ISIC_0027482,4.716606216703667e-09,4.491449878685216e-09,7.760747045004734e-10,2.6124493679446914e-09,3.5689702304608772e-09,1.0,2.7858870765840038e-08
ISIC_0026320,2.014405975359068e-09,7.108678090617104e-09,4.452891944062287e-10,1.1533241917049963e-08,5.640471978374251e-10,1.0,1.1367741414858301e-08
ISIC_0031797,3.713442886521534e-09,1.0835553787558183e-08,5.855151030687011e-09,1.0399125116578034e-08,4.3886419498484486e-10,1.0,2.0194809380313927e-08
ISIC_0026114,3.532042436305005e-09,1.656525405735465e-08,8.414544061530194e-10,4.381551566012831e-09,9.990174243412753e-10,1.0,2.5128581881972423e-08
ISIC_0024964,5.387676971224664e-09,3.048108965231222e-08,1.178218078656812e-09,2.9398707468430985e-08,8.861591709319327e-07,0.9999986886978149,4.705090077550267e-07
ISIC_0028939,7.273009750008441e-09,7.686548286756079e-09,1.7865036117115096e-09,1.4005649973114487e-08,5.328692487260867e-10,1.0,3.5649918572744355e-08
ISIC_0026361,6.529027984925051e-09,1.2949428196407098e-08,5.945051118061428e-10,3.4082074051866584e-08,1.3167501533573045e-09,1.0,1.9625106872922515e-08
ISIC_0028102,7.650069910880575e-09,1.1310534731023836e-08,1.5270139597234333e-09,4.675753828564666e-08,3.518131119761847e-09,0.9999998807907104,5.402916514185563e-08
ISIC_0030332,5.082252396704234e-09,9.562342917490696e-09,7.097175735992778e-09,1.3809752452687007e-08,9.150414315151068e-10,1.0,9.159691671811743e-09
ISIC_0029300,1.350769252894679e-06,1.5501881307500298e-06,5.317184914588324e-08,3.898505019606091e-05,0.9693386554718018,0.03061104379594326,8.352598342753481e-06
ISIC_0027575,3.5507035534010356e-08,3.3877562088946434e-08,6.37943529113727e-08,1.4356686506289407e-07,3.7175496014896225e-09,0.9999895095825195,1.0258491784043144e-05
ISIC_0031398,9.724624661089365e-09,9.989475024951844e-09,6.841014976721738e-10,8.01098387626098e-09,9.97456117701745e-10,1.0,3.6000660230683934e-08
ISIC_0030202,6.714983236122407e-09,1.8251789413170627e-08,3.95149735155087e-09,2.541681283219077e-07,8.610421264876322e-10,0.9999994039535522,3.038642262254143e-07
ISIC_0025738,1.38583491349209e-08,5.131128588686806e-08,2.5264514924572268e-09,1.5607722048116557e-07,1.1468766381028672e-08,0.9999995231628418,3.077033738918544e-07
ISIC_0026201,3.7732235114162904e-09,6.978713606997644e-09,1.59398744203898e-10,3.4906882717677945e-08,7.192500817154723e-09,1.0,1.6103840039249917e-08
ISIC_0025359,7.95088617167039e-09,1.48803565025446e-08,7.487077624546146e-10,3.488210609248199e-09,2.9539815038504003e-09,1.0,1.1913927622231313e-08
ISIC_0025246,8.457815781071076e-09,6.077475855903458e-09,4.5696321726573785e-10,7.4318489140523525e-09,2.447372304814621e-09,1.0,1.375006242199106e-08
ISIC_0031018,7.434074689172121e-09,8.99910901352996e-09,4.2821246548641057e-10,5.348551379569244e-09,5.1665809408518726e-09,1.0,1.656285419926462e-08
ISIC_0029708,4.3377630376539855e-09,1.1711535741198986e-08,7.303407323355771e-10,5.264193525533756e-09,1.0615699430616132e-09,1.0,1.4868383857447043e-08
ISIC_0027111,5.634539501642166e-09,7.008714497658275e-09,4.319094526472611e-10,1.1261134247320115e-08,6.193381363317485e-10,1.0,1.1707872893396143e-08
ISIC_0031504,7.100202203957906e-09,1.6777177336280147e-07,2.308217394997314e-09,2.6240390980092343e-06,1.1418848089306266e-07,0.9999971389770508,4.3678404892943945e-08
ISIC_0031523,1.497258352856079e-07,7.174178335844772e-07,0.00016895915905479342,6.712563163091545e-07,3.8814929048669455e-09,0.9998286962509155,6.777331691409927e-07
ISIC_0024379,3.2278968831178645e-08,8.611579893624821e-09,1.2894827428056033e-09,4.411801413084504e-08,1.5680338139034689e-09,0.9999998807907104,2.8900647208729424e-08
ISIC_0027605,6.146089415182132e-09,7.045370509217719e-09,6.521842510487375e-10,1.043707786863024e-08,1.3200844861671612e-09,0.9999998807907104,5.586365858789577e-08
ISIC_0025390,7.525147616149752e-09,4.2907622344046104e-08,1.5252061835724362e-09,1.6525897095220898e-08,5.5984368252381955e-09,0.9999997615814209,1.6785671164143423e-07
ISIC_0030237,6.746568192994573e-09,7.855827988123565e-09,3.9065189971765335e-10,3.892864697263576e-09,1.4074410525921621e-09,1.0,1.2962549256201328e-08
ISIC_0027108,1.0602671629555971e-08,1.575673636011743e-08,1.2357294076892344e-09,3.675428317251317e-08,7.398198165198266e-10,0.9999998807907104,6.127960716639791e-08
ISIC_0032241,2.8823345932238453e-09,5.061608465695144e-09,2.0742223216796418e-10,6.871475388692261e-09,1.916094172216276e-09,1.0,1.3393425923879931e-08
ISIC_0031367,8.17542389341952e-09,8.687253583161691e-09,1.9699952780172225e-09,5.924949419977565e-09,5.719066331622003e-10,1.0,6.597792978624284e-09
ISIC_0024835,4.899202821206927e-09,1.612068167844427e-08,6.346230208009729e-10,3.9787504846344746e-08,7.627614095895296e-10,1.0,1.4158504590966459e-08
ISIC_0031231,3.430425721262509e-09,7.243231348041945e-09,5.415818904452863e-10,3.537732995440024e-09,8.73275229906767e-10,1.0,6.938472019157871e-09
ISIC_0027871,4.200688685784826e-09,1.0996430432896886e-08,6.0917471067512e-10,9.718986504481109e-09,1.0603495859129453e-09,0.9999998807907104,7.606627860923254e-08
ISIC_0024661,3.432794937197059e-09,1.5401953490368214e-08,1.1124944299112371e-09,7.944444213592305e-09,9.498587472123177e-10,1.0,1.9517152338721644e-08
ISIC_0030481,2.198703086264686e-08,2.07125001594477e-08,8.839646792324629e-10,1.2853719866257052e-08,3.4258595960068305e-09,0.9999994039535522,6.173585802571324e-07
ISIC_0025877,3.698281236808043e-09,8.617051960868594e-09,4.1239350823119025e-10,6.106443350972768e-09,8.050207167542567e-10,1.0,1.398194804380637e-08
ISIC_0030509,5.269849445710406e-09,8.985919563997413e-09,5.001090652712037e-10,3.0041420462367796e-09,8.965901909796514e-10,1.0,1.3735855119989537e-08
ISIC_0024641,5.206933995083318e-09,1.1091876750413121e-08,3.1742394823730535e-10,1.2461777387784423e-08,1.2927283687957924e-09,1.0,2.070524551811559e-08
ISIC_0028711,3.639654622134003e-08,3.047973251568692e-08,1.2445974251207303e-09,5.443191675169601e-09,3.6250018098371584e-08,0.9999998807907104,5.108796585773234e-08
ISIC_0026364,1.1667879107335466e-08,6.297927956921967e-09,4.4642534113847887e-10,2.454028535936459e-09,1.0505979419761502e-09,1.0,1.2997258380664789e-08
ISIC_0032188,2.202195581446631e-08,2.41279618506951e-08,1.87713422583613e-09,1.5160242838874183e-08,2.2200208338318816e-09,0.9999996423721313,3.055229171877727e-07
ISIC_0024816,3.730217024155991e-09,2.4291290756650596e-08,7.803925838878456e-10,1.0413877760129253e-07,3.059533071336773e-09,0.9999998807907104,3.141524729244338e-08
ISIC_0031820,7.873856233686638e-09,1.2530726678505744e-08,2.630538675774119e-09,6.563303145412647e-08,4.673002540478421e-10,0.9999996423721313,1.9564545539196843e-07
ISIC_0029436,4.441375267560943e-08,5.658494046656415e-07,4.442644030433485e-09,2.405011582595762e-05,0.00022788885689806193,0.9997419714927673,5.469386906042928e-06
ISIC_0028770,7.665771128984034e-09,1.0306082209865508e-08,3.2271488259461023e-10,6.373274175075494e-08,1.5387761065355221e-09,0.9999998807907104,4.1585192178672514e-08
ISIC_0032108,5.108375944473664e-09,5.210142539624485e-09,3.835039785737848e-10,2.8177629118886216e-09,1.899149726369842e-09,1.0,2.2466458915459953e-08
ISIC_0024744,4.905251760334295e-09,1.172825658812826e-08,4.2875430983357887e-10,1.2310816366323252e-08,2.679998445387355e-09,1.0,4.6597559588690274e-08
ISIC_0026173,1.2389761216979878e-08,2.009013400083859e-08,1.832177076721564e-09,4.933694526698673e-06,2.0888002438823605e-08,0.9999949932098389,1.2150545103395416e-07
ISIC_0026227,2.8504503202242404e-09,1.0714669151923317e-08,3.4267616522143385e-10,1.5908726780367033e-08,9.107145593212351e-10,1.0,1.2174703023504208e-08
ISIC_0026696,3.628991995796582e-09,6.3534759675576424e-09,4.762317762363466e-10,8.771502635340767e-09,1.0494124458304555e-09,1.0,8.905673531955927e-09
ISIC_0024585,4.4716528257993104e-09,1.018242024031224e-08,3.464042108713983e-10,5.881948261787784e-09,1.224019441359303e-09,1.0,1.890779799396114e-08
ISIC_0029189,2.9721435979013222e-08,1.68903770969564e-08,4.5604403586807507e-10,6.330150625899478e-08,7.025908388413882e-08,0.9999988079071045,1.0205204716839944e-06
ISIC_0030518,4.140693565801712e-09,9.931170552590629e-09,5.488937082631651e-10,2.793830278235987e-09,1.7422457920801548e-09,1.0,1.2988758513188259e-08
ISIC_0026308,9.27393983829461e-09,1.0690744289831855e-08,4.998601532690827e-10,2.962124412420053e-08,3.008104210167062e-09,1.0,2.858291558993642e-08
ISIC_0029167,3.879137899787111e-09,1.6221724408183036e-08,1.8564478843074994e-09,4.3654266868031755e-09,3.239120305309484e-09,1.0,1.9787554705885668e-08
ISIC_0028208,1.883709543903933e-08,2.15362465638691e-08,4.980920120800647e-09,1.505216928876507e-08,1.7458446910367797e-09,0.9999997615814209,1.7991969514241646e-07
ISIC_0024559,7.450710270973104e-09,2.354644124125116e-08,3.841452433928083e-10,6.652951523022921e-09,7.069478780152849e-09,0.9999998807907104,6.914931560686455e-08
ISIC_0029312,4.798316854959239e-09,7.82891795836349e-09,1.6994895490896056e-09,5.023377713797572e-09,5.936563463038169e-10,1.0,5.104937361721795e-09
ISIC_0030545,6.658880113974419e-09,1.647507197333198e-08,1.2796748105614597e-09,3.419633021195523e-09,5.1972892656237946e-09,0.9999998807907104,5.3074163730570945e-08
ISIC_0028088,4.415663834578254e-09,8.423315378536245e-09,1.0544806139378693e-09,4.816674170626811e-09,3.641088541783688e-10,1.0,1.632626833725226e-08
ISIC_0026884,6.583374290158872e-09,1.2036375451884851e-08,2.4729068792694875e-10,5.392907009849068e-09,1.788178494166459e-08,1.0,1.390967696579537e-08
ISIC_0030380,8.885399083169432e-09,9.540517709183405e-09,1.1928836807229004e-09,9.16692677321862e-09,6.061739998841631e-10,1.0,9.400312528384802e-09
ISIC_0025017,1.4426799310740535e-08,1.2817639394313574e-08,3.6885150489496255e-10,2.431915291367659e-08,1.9229842163071e-09,0.9999998807907104,4.3699525775764414e-08
ISIC_0029456,3.5041081147824116e-09,1.2760828838054294e-08,5.665519164921307e-10,4.4349168781820936e-09,1.0815416340292927e-09,1.0,9.864284500338272e-09
ISIC_0031055,1.694958307041361e-08,2.2004577715506457e-08,1.114546011038442e-09,1.9986313049003e-08,1.5343273318535466e-09,0.9999998807907104,9.109968601705987e-08
ISIC_0029088,1.2806350646599185e-08,7.311829808287484e-09,6.978217448327939e-10,1.2240130686791417e-08,1.0478887979559204e-08,1.0,2.845508362270266e-08
ISIC_0026953,3.736440934432039e-09,6.1321676625425425e-09,3.5065531034383923e-10,1.4697825179155188e-08,8.507579640770757e-10,1.0,1.331893795253336e-08
ISIC_0030866,7.2987740296071024e-09,5.449965811976654e-09,3.566539008570402e-10,6.356797310758111e-09,1.199651267214108e-09,1.0,2.3241911506488577e-08
ISIC_0025919,4.026700750614509e-09,9.270579859332884e-09,4.44754455486418e-10,2.7927450574338764e-08,4.127722164071201e-09,1.0,1.8314883831749285e-08
ISIC_0026240,2.204275206807438e-09,6.743661185026895e-09,2.0801374511769666e-10,7.59256391091867e-09,4.4329802051379374e-09,1.0,2.080040317764542e-08
ISIC_0031693,1.4047411234230367e-08,1.1794232257500425e-08,5.604963715377664e-10,7.675428292941433e-09,1.4299785799920528e-09,1.0,3.667949499686074e-08
ISIC_0029264,6.43908038000518e-09,1.5239042028269978e-08,2.870067516980157e-09,1.0715626608259754e-08,8.270035767310446e-10,0.9999997615814209,2.2766244001104496e-07
ISIC_0025449,1.3512353902456198e-08,1.1301095526050631e-07,1.9823052088696613e-09,5.691634719084959e-09,2.418942379733835e-09,0.9999998807907104,3.17226955814931e-08
ISIC_0024977,7.09645853191887e-09,2.0123945176919733e-08,5.106327027881719e-10,2.870407689314902e-09,3.627594002963974e-09,1.0,1.6002429603645396e-08
ISIC_0031785,4.540598563806952e-09,1.07185726960779e-08,5.483945519912936e-10,1.173575370216895e-08,8.76129779836532e-10,1.0,2.2562739232512286e-08
ISIC_0024796,6.1569314091514116e-09,5.958142867967808e-09,4.767752304069006e-10,1.3441512791700916e-08,1.723699627476094e-09,1.0,1.2442966657033594e-08
ISIC_0027056,1.50127483777851e-08,9.431255776348735e-09,4.289089083897579e-10,3.8240724364868584e-08,3.140091742181994e-09,1.0,2.665150766745228e-08
ISIC_0027994,2.453237613053716e-09,1.1435046687324757e-08,1.7882671343727452e-08,1.037754771004984e-08,1.1453484827228522e-09,1.0,1.1226799045971347e-08
ISIC_0024974,3.389057035008136e-09,8.696918740724868e-09,6.551516551489556e-10,3.814942139968025e-09,5.826272242437369e-10,1.0,5.926621859941861e-09
ISIC_0027936,6.061118718037051e-09,5.03292030273883e-09,3.828878603062691e-10,6.5478342747837814e-09,7.668020662876529e-10,1.0,8.091389780418012e-09
ISIC_0028535,2.6453070844922877e-09,7.984243488579068e-09,2.2405115263079978e-10,3.901859724209089e-09,2.4331809900246526e-09,1.0,1.130042281971555e-08
ISIC_0029226,1.3574689816664431e-08,1.9340868462336402e-08,1.7714111288924528e-09,1.0479228151893949e-08,9.466936123914138e-10,1.0,2.2164604374097507e-08
ISIC_0027799,6.504082605829353e-09,6.078414660493081e-09,3.7138023212257565e-10,1.7993251333336957e-08,1.1515783882032338e-09,1.0,2.062082771203677e-08
ISIC_0024960,5.076265185977036e-09,1.3699068546202398e-08,1.2654804981693246e-09,1.2044458763682542e-08,4.5963718942054754e-10,1.0,1.0187626742208522e-08
ISIC_0026200,7.757968489841005e-09,1.0931896277099895e-08,2.2510757702320916e-09,7.054690165375632e-09,6.301252852836114e-10,1.0,1.421139828039486e-08
ISIC_0030781,5.005444947414617e-09,1.2210726652028825e-08,3.965329453681221e-10,8.02860533610783e-09,1.0097568337030793e-09,1.0,1.564139573417833e-08
ISIC_0026109,5.579654516196797e-09,5.0149942865118646e-08,7.892274056509052e-10,1.3155483813420688e-08,9.376366350011267e-10,1.0,1.3866762849090719e-08
ISIC_0024362,4.353353677544192e-09,6.381434047852963e-09,2.1131447980327067e-10,3.3628178019995403e-09,2.5084656574136943e-09,1.0,1.2145502381599727e-08
ISIC_0029992,6.4409979572133125e-09,1.1069917427164455e-08,3.943080306711977e-10,5.500867317209668e-09,1.400946247898105e-09,1.0,2.9297204662270815e-08
ISIC_0028902,4.003817277720145e-09,7.894205289460388e-09,4.816083643000013e-10,5.768477695511365e-09,1.0666602046072171e-09,1.0,1.82872383902577e-08
ISIC_0027119,3.5720020719054446e-08,2.4358239869570752e-08,1.2185457975988356e-08,1.0778148151757705e-08,9.092986807957004e-09,0.9999998807907104,8.28668760277651e-08
ISIC_0026678,5.523155266473623e-09,9.76607417157993e-09,8.347246227558003e-10,3.0644395909718014e-09,4.330141578634539e-09,1.0,1.4059554409584507e-08
ISIC_0025183,1.7127934626159913e-08,1.7629751880576805e-08,7.895780695932331e-10,2.017412459309753e-09,2.8797860096574368e-08,0.9999998807907104,4.0341898710494206e-08
ISIC_0028275,1.1747800954253762e-08,9.37147071056188e-09,8.611920065959566e-10,7.700325710402467e-09,1.8081069974584807e-09,0.9999998807907104,4.645246676204806e-08
ISIC_0032083,3.48666739924397e-09,7.142614943944636e-09,2.5301838402214116e-10,2.9829589909269316e-09,1.2889663780768501e-09,1.0,1.0529054073060706e-08
ISIC_0028284,4.157105770730141e-09,7.724377582007946e-09,5.23587229128708e-10,7.455872363948401e-09,6.137582109211337e-10,1.0,1.6561811477799893e-08
ISIC_0027857,2.8329165679963353e-09,1.0176070652789804e-08,2.5189597629982075e-10,3.3815863442754335e-09,2.872170945522612e-09,1.0,6.681616149251113e-09
ISIC_0026708,4.667732422802828e-09,1.7849581368523104e-08,4.022185362551056e-10,3.0657374416875882e-09,6.1328577771746495e-09,1.0,1.9767071535170544e-08
ISIC_0027257,3.4349105781927847e-09,2.125670306440952e-08,2.6802732255859496e-10,4.638914141708028e-09,4.593192937107915e-09,1.0,1.598674792546717e-08
ISIC_0028603,2.784228403385214e-09,1.0016070639551344e-08,6.68854915897299e-10,1.2558294848474816e-08,5.090651233885524e-10,1.0,5.945269165863465e-09
ISIC_0026537,1.0978409292761171e-08,2.261064402375723e-08,1.3903860285324754e-09,3.6585081630846616e-09,3.4895413225655147e-09,1.0,1.738591848265969e-08
ISIC_0029307,3.097370360194418e-09,8.00212696105973e-09,4.5630998979362403e-10,2.8130857643304807e-09,2.043577307375699e-09,1.0,1.1069241523387063e-08
ISIC_0025147,4.3816514860850475e-09,8.369713810907342e-09,6.061392499034923e-10,6.267729446562953e-09,8.34385616155231e-10,1.0,1.6389540391514856e-08
ISIC_0027417,8.234784409921758e-09,8.947353968835614e-09,4.473134918026034e-10,2.649503283436161e-09,4.151218924164368e-09,1.0,1.7424726550530067e-08
ISIC_0031296,7.536798740659378e-09,1.562836438040449e-08,5.293339100376215e-10,2.1652359905033336e-08,5.906914957165554e-10,1.0,1.4832920669505256e-08
ISIC_0025137,1.3669939846749912e-08,1.135071237001739e-08,3.440357443373898e-10,4.839170397730186e-09,1.6104936273464432e-09,1.0,3.413079951997133e-08
ISIC_0032049,3.9627154890808924e-09,8.240456317309963e-09,5.891084287057424e-10,4.586968138653447e-09,8.14497580492457e-10,1.0,8.193297595937565e-09
ISIC_0028193,8.03130095761162e-09,7.3909816045159005e-09,6.027544019460152e-10,1.0276266060316175e-08,6.349668568716993e-10,1.0,1.2304360197390452e-08
ISIC_0027895,5.367477573514634e-09,1.3562316603099589e-08,3.894110034430298e-10,3.255528824297471e-08,1.4500144418505556e-09,0.9999998807907104,1.288777013996878e-07
ISIC_0024685,5.214039866530129e-09,9.043348292436804e-09,3.558174588302876e-10,1.1179382752857236e-08,8.728638367649921e-10,1.0,1.7475317193316187e-08
ISIC_0027259,7.943623536732503e-09,9.57352597197314e-09,1.0287005691722584e-09,1.1572810620918972e-07,2.9393791844967154e-09,0.9999997615814209,5.6405841775131194e-08
ISIC_0027409,9.23596665813875e-09,6.525767304310648e-08,6.26738938525051e-10,1.8426872827603802e-07,5.095973643065577e-10,0.9999996423721313,4.007126008787054e-08
ISIC_0031775,4.192012958981195e-09,5.2305448861034165e-09,2.271059312830559e-10,5.080187825967641e-09,8.774291848645532e-10,1.0,1.0617546841729109e-08
ISIC_0029864,1.828211004806235e-08,1.2884605382623704e-08,9.831764291590162e-10,9.5515497733345e-09,9.620493290896093e-10,0.9999998807907104,1.3293245615386695e-07
ISIC_0031679,2.2390608478417562e-08,4.794366503801939e-08,1.4491351452150525e-09,1.56502579784501e-08,5.201513886277098e-09,0.9999998807907104,1.1478186934255064e-07
ISIC_0030073,8.865016276615734e-09,4.197246283865752e-08,1.8757138064984247e-09,9.051183980091082e-08,2.0119017563047237e-09,0.9999997615814209,6.394484586280669e-08
ISIC_0024720,4.0845766768882186e-09,7.90746579326651e-09,3.3427185464063314e-09,3.5052845070993044e-09,4.3958237050389926e-09,1.0,1.5945058606803286e-08
ISIC_0026977,8.808502371948634e-09,2.1879026590454487e-08,7.855298078673911e-10,6.496122306742791e-09,2.8354836256738736e-09,0.9999998807907104,4.906910078261717e-08
ISIC_0031635,2.0866629313331941e-07,3.9839454757384374e-07,4.559372879242574e-09,2.1009039130603924e-07,0.0008960929699242115,0.9991027116775513,4.491538732054323e-07
ISIC_0025875,7.686269398732293e-09,1.1329385429803551e-08,3.0238583859087953e-10,4.5527681180601576e-08,1.3891693351197887e-09,1.0,9.867596517665334e-09
ISIC_0030897,6.166721355782556e-09,2.0604471018259574e-08,1.3210895710713544e-09,4.520058993762177e-09,1.5675226672229314e-09,1.0,3.9003364094014614e-08
ISIC_0029510,1.1826461587816084e-08,2.0624941043934086e-07,1.5337271452864343e-09,9.88952475466931e-09,1.0316262288867506e-09,0.9999996423721313,4.872931569366301e-08
ISIC_0030220,5.6030424744335505e-09,8.263294049015713e-09,6.561808318927831e-10,1.3582121205502062e-08,1.3131862264259553e-09,1.0,2.1664380511765557e-08
ISIC_0025241,1.1424211798782835e-08,1.943390515179999e-08,8.890140290596094e-10,4.925098551211704e-09,1.4101334544491806e-09,1.0,2.3467130461085617e-08
ISIC_0024568,1.1829871304769313e-08,9.68844737769814e-09,4.73991568217258e-10,9.664195665948228e-09,9.108117593470411e-10,0.9999998807907104,4.745402293337975e-08
ISIC_0025658,8.96347795986685e-09,5.059040741883791e-09,3.564063488781244e-10,8.375063309529196e-09,1.770066981876539e-09,1.0,1.1204123850916403e-08
ISIC_0029806,5.199699337765651e-09,8.40700842275055e-09,5.300249683592995e-10,5.7544777831708416e-09,9.50458711734825e-10,1.0,3.9221347947204777e-08
ISIC_0024427,4.826164357041307e-09,6.63965460390159e-09,5.699204441711458e-10,6.312383060702587e-09,1.0628016244851324e-09,1.0,1.1130850907647982e-08
ISIC_0029542,1.8452332994911558e-08,2.2778722907901283e-08,1.5544222575769595e-09,9.066247308453512e-09,4.080239257575613e-09,0.9999998807907104,1.4008459459091682e-07
ISIC_0029485,2.783415942175793e-09,7.566195669994613e-09,5.231849398157351e-10,6.122689466536713e-09,8.112711058494426e-10,1.0,1.071092992077638e-08
ISIC_0029788,3.6159197858154357e-09,4.587423330093543e-09,2.137837684657029e-10,3.643890300608632e-09,7.591304473919536e-09,1.0,9.161088776465931e-09
ISIC_0031525,5.451379347931606e-09,5.6486784139053725e-09,1.1585998827001731e-09,3.932207448542613e-09,6.636448057761868e-10,1.0,4.440113610115759e-09
ISIC_0026191,5.377622347424449e-09,5.253521173642639e-09,3.2077931977347873e-10,1.437320662489583e-07,3.4300913220874918e-09,0.9999998807907104,1.6066223906818777e-08
ISIC_0029595,9.047471216661052e-09,1.1439497349385874e-08,1.6818924031269944e-09,5.126638225050328e-09,6.002178754016541e-10,1.0,1.8851586958135158e-08
ISIC_0024990,4.007752352208627e-09,7.853520500589184e-09,4.3417258677180826e-10,1.364417823168651e-08,1.1043761460882706e-09,1.0,1.0289936902552199e-08
ISIC_0026536,3.3401821308842727e-09,4.7445407602708656e-09,2.1346921452725098e-10,1.1092913254628911e-08,1.4973791095940214e-09,1.0,6.710390465514138e-09
ISIC_0026007,2.6754733983835877e-09,2.053820047365207e-08,5.249131129758666e-10,5.477832853983955e-09,6.650804906804808e-10,1.0,1.438294994215994e-08
ISIC_0024311,5.938492364521153e-09,3.157377648221882e-08,9.12643016715009e-10,7.06725522547913e-09,3.902975720393442e-09,1.0,3.246457325190022e-08
ISIC_0026838,7.091465636932526e-09,1.1826512213986007e-08,6.36818930921379e-10,5.53074563924838e-09,1.0225855717749255e-09,1.0,3.410242754853243e-08
ISIC_0031348,5.27309707010204e-09,1.4303477513522012e-08,8.399631545863429e-10,5.626345611631223e-09,1.6867883756432889e-09,1.0,1.553406825394177e-08
ISIC_0027439,4.731960601134233e-09,2.3538721194427126e-08,8.203113188720579e-10,2.5511157630830894e-08,5.217897225406887e-10,1.0,1.0893015378599102e-08
ISIC_0029225,4.05871602993102e-09,9.729392402846315e-09,8.153105413022388e-10,1.2834644458337152e-08,8.043055110817932e-10,1.0,7.38197902805382e-09
ISIC_0026461,4.429827615837212e-09,9.277442813981907e-09,8.348360891474726e-10,5.869653652013085e-09,5.957241921983325e-10,1.0,5.662054380906056e-09
ISIC_0026184,9.1334007024102e-09,1.8439598292729897e-08,5.645897083184082e-10,1.091037837852582e-08,8.277439289550159e-10,1.0,1.3417204236532143e-08
ISIC_0024874,5.366965094566467e-09,2.8985107647372388e-08,1.390857873317941e-09,7.022803227840768e-09,2.5558966054717303e-09,0.9999997615814209,2.570688764080842e-07
ISIC_0031427,5.476558762040895e-09,7.862977824402151e-09,1.3119318964527338e-09,3.5828723099484705e-08,6.036702249190284e-10,1.0,1.3079449523445419e-08
ISIC_0026975,1.795325488274102e-08,1.4640447076885721e-08,1.4364691658386164e-09,1.3236170843811124e-06,1.0297653840751764e-09,0.9999986886978149,2.63017128077081e-08
ISIC_0027720,5.246031165029308e-09,1.1080521389317255e-08,3.075099896943101e-10,5.7377200768371495e-09,1.689625217515811e-09,1.0,1.8782102984005178e-08
ISIC_0024780,4.454958624222627e-09,8.466257916950326e-09,6.503173000105278e-10,5.745199871398654e-09,6.331817847815557e-10,1.0,1.3589558811588631e-08
ISIC_0025560,1.1596747562236942e-08,1.7729128387600213e-08,9.698667424729024e-10,4.141656795297877e-09,2.564290779716316e-09,0.9999998807907104,5.930276714138927e-08
ISIC_0030612,7.229953080667428e-09,1.119681680705753e-08,6.099048488472647e-10,7.374689303674131e-09,3.0094582381678947e-09,1.0,3.400532477826346e-08
ISIC_0024950,1.1395809629277664e-08,4.687621668608699e-08,2.7968529714428314e-09,2.037479518435248e-08,8.324715916607772e-10,0.9999998807907104,5.764718480349984e-08
ISIC_0026002,5.889210896725672e-09,1.0470377453941637e-08,2.3484614253277414e-10,3.369302170597166e-09,3.975115347998326e-09,1.0,1.1158654444898275e-08
ISIC_0028850,2.4320441216474364e-09,7.174825178424271e-09,4.124218189183182e-10,7.175550820193166e-09,8.360471204227338e-10,1.0,8.761669612056266e-09
ISIC_0024625,2.5289642380244004e-08,2.9205745377680614e-08,5.074943243421615e-10,2.903411910892828e-08,3.473453762126155e-05,0.9999650716781616,1.4625869937390235e-07
ISIC_0032196,1.4770694001242646e-08,2.955549405214697e-08,4.727094826684208e-10,1.5426678601215826e-08,7.491833264872128e-10,0.9999998807907104,5.477301812106816e-08
ISIC_0024939,8.915480798066255e-09,8.936336115539234e-09,5.176165607245764e-10,3.545284954498129e-09,1.1186330750589946e-09,1.0,4.229529437793644e-08
ISIC_0024583,8.95737617412351e-09,1.1901796881375049e-08,2.183498104546544e-10,1.2615551270300784e-08,1.903141866321789e-09,0.9999998807907104,7.153470704679421e-08
ISIC_0029024,3.3031446466935677e-09,2.321267089655521e-08,4.882464432753864e-10,3.9111380800704865e-08,7.91177678927113e-10,1.0,1.772605351391121e-08
ISIC_0027349,1.2789872272378489e-08,1.671218896603932e-08,3.5514752250165316e-10,1.447017528022343e-08,2.883908400974633e-08,0.9999998807907104,4.653520235819997e-08
ISIC_0027013,4.935188702148707e-09,1.3919523311756166e-08,1.631333401697077e-10,4.552166643634337e-09,1.4735354270101197e-08,1.0,1.536284521819198e-08
ISIC_0029090,5.034696215489021e-09,2.2076255490333097e-08,4.1604278355755753e-10,6.411385200522091e-09,1.6010145431621936e-09,1.0,2.6272266140381362e-08
ISIC_0026499,5.472465147704497e-09,6.8938974528975905e-09,1.6116021017698046e-10,3.401399828462104e-09,7.978290916810238e-09,1.0,2.796326725729159e-08
ISIC_0029925,4.004924836209511e-09,5.6042392948540964e-09,5.080262877044106e-10,4.071822345963483e-08,6.502792970763949e-09,1.0,1.6414539061315736e-08
ISIC_0025773,2.108030017211604e-08,8.920190808225925e-09,7.940211821377829e-10,5.666915381397075e-09,3.079356547530665e-09,0.9999998807907104,3.7123253804338674e-08
ISIC_0032137,5.859988938539118e-09,1.0777490899727127e-08,7.479669661414334e-10,2.5772211031949155e-09,1.2858943909677123e-09,1.0,1.3082992467161603e-08
ISIC_0027943,9.120936006468128e-09,9.033727543794612e-09,1.2998392362462141e-09,1.242470570872456e-08,6.075618341760958e-10,1.0,1.6404239744360893e-08
ISIC_0025258,6.805905172768689e-09,1.109208813687701e-08,8.5218554435329e-10,3.852490326750058e-09,1.0349908707851796e-09,1.0,7.111363053979858e-09
ISIC_0025408,5.6374309664875e-09,9.913549980922198e-09,4.288099320071126e-10,5.291554749931038e-09,2.155214451349252e-09,1.0,1.60953632644123e-08
ISIC_0026821,4.073622328348847e-09,1.004517002911598e-08,4.978790713039416e-10,3.140367299536706e-09,1.239270130959369e-09,1.0,1.0385982740501731e-08
ISIC_0027081,2.3294135509388525e-09,6.2549743162776394e-09,2.3483495703580104e-10,8.917555582854675e-09,1.084656919836391e-09,1.0,6.94469459716629e-09
ISIC_0030215,7.669589408010324e-09,7.935660129021471e-09,2.928711995142663e-10,8.503398873926926e-09,1.0434565433925513e-09,1.0,2.161052314875178e-08
ISIC_0028363,1.271507965583396e-08,1.6440450778532067e-08,1.1106711106378953e-09,6.1257732220099115e-09,1.3304281010206864e-09,1.0,2.0704929326598176e-08
ISIC_0029521,5.576398898199386e-09,4.905523542930723e-09,6.21865392513854e-10,3.780573720746361e-08,9.595352290503456e-10,1.0,1.0999221089491584e-08
ISIC_0032053,6.128192175935965e-09,1.0822478913041778e-08,6.202058311366443e-10,5.091314481120435e-09,7.980646143934678e-10,1.0,1.9688393138039828e-08
ISIC_0024434,3.0750897384024256e-09,5.784321022161976e-09,1.971246943455185e-09,6.2764504704659885e-09,3.764559219909813e-10,1.0,1.2438197138919804e-08
ISIC_0030256,8.126483486137204e-09,6.965136467584898e-09,2.5818804871846623e-09,7.440926541590898e-09,6.673410712920713e-10,1.0,3.6255553226283155e-08
ISIC_0029414,8.873272783205266e-09,9.185812110956704e-09,5.577714956572777e-10,1.807762384231637e-09,2.016189437625826e-09,1.0,1.1958618095775364e-08
ISIC_0032216,4.466299774463778e-09,5.840706585047428e-09,4.5353942823567195e-10,2.305531321411536e-09,1.3711086710443965e-09,1.0,1.2180137787254353e-08
ISIC_0031729,2.194891379758701e-08,5.07583930442479e-09,1.108438452135374e-09,3.492138356264718e-09,9.978962545176273e-09,1.0,7.302450200086241e-09
ISIC_0025923,3.637744772078122e-09,7.376701027794752e-09,4.244289364407905e-10,5.2842428210908565e-09,7.146345182285074e-10,1.0,2.2058072701724996e-08
ISIC_0024686,4.4317625125245286e-09,1.8822554181952e-08,1.3900571804725814e-09,7.931149959006234e-09,9.968246228453381e-10,0.9999998807907104,7.256301870484094e-08
ISIC_0029299,1.9033894460562806e-08,1.1786801934476898e-07,7.168996063455779e-09,3.687773286742413e-08,4.742989889727767e-10,0.9999997615814209,7.250503841760292e-08
ISIC_0025174,3.1626381513660817e-09,8.103730131381326e-09,4.392091967897471e-10,1.1038038927324578e-08,1.4544851989484187e-09,1.0,4.522597052414312e-08
ISIC_0031767,1.2386185410662165e-08,1.8722836614415428e-08,8.75474970296608e-10,5.2088111601733544e-09,1.708163277491792e-09,1.0,3.406680093576142e-08
ISIC_0027245,4.8670512065029925e-09,6.522008266784951e-09,2.519377761966979e-10,3.291873884592178e-09,1.0127465532860924e-09,1.0,1.6993705997947472e-08
ISIC_0027272,4.316148771721373e-09,7.374000077220444e-09,7.364845955315502e-10,2.316471681140797e-09,1.3696684897368527e-09,1.0,9.713557069801482e-09
ISIC_0027380,9.103225728779307e-09,5.558665083782444e-09,3.252062785730203e-10,1.2451727648965516e-08,1.3169083601383136e-09,1.0,1.6546781722581727e-08
ISIC_0032403,7.492880982340466e-09,8.295841347205624e-09,6.527169360559526e-10,6.663607443613273e-09,1.0149664442238304e-09,1.0,2.2797502552407423e-08
ISIC_0028748,2.11889350509864e-08,2.055649872545473e-08,3.949033045014261e-10,8.086605163271088e-09,4.1775725101445005e-09,0.9999997615814209,2.294283234505201e-07
ISIC_0030359,1.3834717371707939e-08,1.0717306153651407e-08,7.529467049849359e-10,1.4531910785819946e-08,5.753772458483297e-10,1.0,2.6828073984574985e-08
ISIC_0029122,3.831905015516668e-09,6.318357836931909e-09,4.5249129443369895e-10,4.119974583716157e-09,1.3223425687769463e-09,1.0,1.1872980820726298e-08
ISIC_0026338,6.407534058894271e-09,1.0469977773652772e-08,6.482838155186244e-10,4.239922635207449e-09,9.71876024102869e-10,1.0,4.300742517671097e-08
ISIC_0029175,7.226120590786422e-09,8.256110461957178e-09,2.6960753074511956e-10,8.77104966434672e-09,1.9697559139331133e-08,1.0,1.3685385269468497e-08
ISIC_0025480,8.527062611562997e-09,9.351027507875642e-09,1.5564398658796108e-09,7.833429016557147e-09,1.0055957178067843e-09,1.0,3.7461550306261415e-08
ISIC_0030763,4.3154400053424524e-09,1.0839541708662637e-08,4.907148576371867e-10,5.471692432479358e-09,3.595212350049337e-09,0.9999998807907104,6.211688940993554e-08
ISIC_0028204,1.0671918460047891e-08,1.3230090800675498e-08,6.521730377961887e-10,5.76398972995662e-09,1.922995318537346e-09,0.9999998807907104,5.1241475063079633e-08
ISIC_0032386,5.866933605602753e-09,8.777660376324548e-09,7.542216295952642e-10,5.776791045519758e-09,6.794526052900096e-10,1.0,3.20014557075865e-08
ISIC_0030823,8.433508114080723e-09,1.2003934735105304e-08,8.7414009364295e-10,5.892581533828434e-09,8.528017736431082e-10,1.0,2.6829610533241066e-08
ISIC_0027687,1.210521105576845e-08,1.6558363569174617e-08,3.166638951057621e-09,6.508899019763703e-08,1.3824419387020725e-09,0.9999996423721313,1.7747183278515877e-07
ISIC_0029882,9.773454046069219e-09,1.076610800510025e-08,4.265779951495574e-10,4.195516378757702e-09,1.4779200085968114e-09,1.0,3.493345701599537e-08
ISIC_0029058,4.576341972040154e-09,9.395507483134224e-09,4.836196998425635e-10,2.928892239850711e-09,1.7501727844759785e-09,1.0,1.1460856264022823e-08
ISIC_0031608,7.314354455445482e-09,1.5735984959519556e-08,1.5553351662145332e-10,1.6201534336346413e-08,4.356950356054767e-09,1.0,2.757745676262857e-08
ISIC_0029446,2.1978101560904406e-09,1.0575023523529126e-08,6.531378771157392e-10,1.7736368818077608e-08,1.5393694097198818e-09,1.0,1.264195237382637e-08
ISIC_0024320,8.54819948159502e-09,7.128528434208192e-09,4.985138968294223e-10,1.4740434428617277e-09,1.2759507894699595e-09,1.0,1.7585625400329263e-08
ISIC_0028824,6.257587781277607e-09,2.2850962011489173e-08,1.078281020028271e-09,8.48327808000704e-09,8.53442871928678e-10,1.0,1.4300858275362316e-08
ISIC_0025114,2.6127333629943905e-09,7.026757842254483e-09,2.728521852901622e-10,8.503138637649954e-09,2.3619572964150848e-09,1.0,1.8117294331432277e-08
ISIC_0029922,6.813775321745652e-09,1.4856645691452286e-08,9.147848034629646e-10,1.0811358031048712e-08,1.8983672411820862e-09,0.9999998807907104,5.769481248307784e-08
ISIC_0029042,1.0790468074617365e-08,1.2415867445270123e-08,4.6451087420962267e-10,6.1688383290459115e-09,4.538165399026184e-09,0.9999998807907104,1.365118578178226e-07
ISIC_0032062,6.321914103324389e-09,9.604273820684739e-09,2.7970975535751563e-10,5.8217648479796935e-09,1.7419234943361062e-09,1.0,1.181880016076775e-08
ISIC_0024699,3.995433317527386e-09,6.030675514523409e-09,3.743972354364189e-10,8.467823775504257e-09,7.703555016114194e-10,1.0,1.4981969442828813e-08
ISIC_0025204,1.5096343730647277e-08,1.0264975003337895e-07,3.824379479766549e-09,3.1678876410978773e-08,1.9140169449372024e-09,0.9999986886978149,1.1831754136437667e-06
ISIC_0031262,4.250740204270187e-09,8.143411278638268e-09,3.7385922135868555e-10,3.1679526557581994e-08,9.93245374836249e-10,1.0,8.722352617951401e-09
ISIC_0027161,8.497075043578661e-09,4.587537016931265e-09,4.3611969591239585e-10,3.99942079454263e-09,1.4965367833852383e-09,1.0,1.0660851756938428e-08
ISIC_0030309,4.6197530245706275e-09,4.580358314854038e-09,1.4981730300789309e-09,6.115618589319638e-08,6.402789964887745e-10,0.9999998807907104,8.071658896824374e-09
ISIC_0024509,3.915278323773919e-09,4.643917961288935e-08,5.181064466341923e-10,3.876696741400565e-09,2.659081621558812e-09,0.9999998807907104,6.643507788339775e-08
ISIC_0028405,6.880970904177275e-09,1.422647688542611e-08,9.362463027073886e-10,5.49538237137881e-09,9.59925139376594e-10,1.0,3.509105894750064e-08
ISIC_0032041,5.1607109696760745e-09,7.599156859328104e-09,9.252327792808046e-10,8.520835592662479e-09,6.43522291010612e-10,1.0,2.3008405847235736e-08
ISIC_0024629,2.1917202275290038e-08,5.6141054471936513e-08,2.710772051273125e-09,1.2671137028519297e-08,5.4378581637593015e-09,0.9999998807907104,5.3485734952118946e-08
ISIC_0025189,2.492570594370136e-08,2.3529070247718664e-08,1.1440216773905831e-08,1.8974741777810777e-08,4.4827863643348564e-10,1.0,1.952791350845473e-08
ISIC_0025845,6.5964465001400185e-09,1.6199402708139132e-08,6.756274428809661e-10,5.650628853715034e-09,4.168276834803919e-09,1.0,3.6860509311509304e-08
ISIC_0032452,2.1797053051386683e-08,4.313928059218597e-08,3.665331593794008e-09,6.172580668817318e-09,3.107328616636096e-09,0.9999998807907104,3.791354075133313e-08
ISIC_0024785,3.390615122000895e-09,8.070859536246644e-09,2.982251945393699e-10,1.1261070298473896e-08,1.0794950489056987e-09,1.0,7.379740818436176e-09
ISIC_0027705,6.851490486070588e-09,3.6643548639858636e-08,7.263633028387062e-10,9.129080602576778e-09,4.781952611665474e-09,0.9999998807907104,7.663509649091793e-08
ISIC_0028176,9.648173815435257e-09,1.486815737195002e-08,6.389431761455455e-10,4.606669712359235e-09,7.383468281219052e-10,1.0,4.5812790006038995e-08
ISIC_0028806,4.377483264761395e-09,1.0168717423653106e-08,4.406146003610445e-10,3.4835765383434136e-09,1.2025813678206987e-09,1.0,9.800708689056137e-09
ISIC_0030931,1.3228906858842038e-08,1.0741864286956115e-08,1.4450007856936509e-09,4.019572230617996e-09,1.027367524386591e-09,1.0,4.052715141256158e-08
ISIC_0028717,3.0107445425642254e-09,5.735225627745422e-09,2.8782570771213045e-10,3.1762639185473063e-09,1.988387010598558e-09,1.0,1.4085939525898539e-08
ISIC_0025853,2.361849738008459e-08,1.5739982472950942e-07,1.0829698249281705e-09,1.359282197910261e-08,2.546733268715684e-09,0.9999997615814209,4.9478764196919656e-08
ISIC_0031058,2.473190763296884e-09,4.219865346044571e-09,1.0192907629047454e-09,7.204019158990604e-09,1.3010447164063521e-09,1.0,8.545737451015611e-09
ISIC_0027746,1.141495520329272e-08,1.4893986488573319e-08,5.258821711429107e-10,5.497835964263231e-09,2.282150690646745e-09,1.0,2.0905366326928743e-08
ISIC_0031179,1.0092431779185063e-08,1.631465451623626e-08,1.4444219154086113e-09,5.490488952375472e-09,1.661200843550148e-09,0.9999998807907104,1.2072143817931646e-07
ISIC_0024847,1.0333245370475197e-08,1.4189972752376434e-08,3.10418774018828e-10,8.836672726886263e-09,9.733735595318649e-09,1.0,2.947729882407657e-08
ISIC_0028013,7.2037997789209385e-09,6.596697854632794e-09,1.5648877749185885e-09,9.358593011654648e-09,3.6114514156970756e-10,1.0,4.723664570605024e-09
ISIC_0024622,5.747117448606787e-09,9.665598099672934e-09,4.946438814101839e-10,5.077494868999111e-09,1.4999516073643804e-09,1.0,8.263025819132963e-09
ISIC_0029487,5.1899591291260094e-09,8.437819332129948e-09,2.157166667515753e-10,7.055214634732465e-09,1.4450587393355363e-09,1.0,8.596465761456784e-09
ISIC_0029935,1.752746037197994e-08,5.0710710297607875e-08,1.2961826056923087e-09,1.6505740774164224e-08,3.4482690036696795e-09,1.0,3.496065303920659e-08
ISIC_0029186,2.0312078685691404e-09,6.921539341675498e-09,3.87885473740468e-10,1.094011459201738e-08,2.18605378243808e-09,1.0,7.367996435192481e-09
ISIC_0024677,7.017194381120362e-09,1.0679106487998524e-08,3.618401689386985e-10,2.7867468332942735e-09,1.3543647314762097e-09,1.0,6.827995502334261e-09
ISIC_0025886,4.505091411033391e-09,9.333582795534312e-09,4.619337135025603e-10,1.0941888284321521e-08,1.0009418849321605e-09,1.0,4.912004669677117e-08
ISIC_0031075,4.103967388147112e-09,1.2250710668126885e-08,3.719750341080186e-10,7.876202801071486e-09,2.217723782393932e-09,1.0,2.3551788075337754e-08
ISIC_0027330,5.625111487717049e-09,1.779047664740574e-08,7.707038340853956e-10,9.297939307373326e-09,1.201169275155678e-09,1.0,2.5066828612807512e-08
ISIC_0026047,1.126639226356474e-08,3.1310926829064556e-07,3.3887386230446737e-09,1.6533807212226748e-08,1.7592216572381858e-09,0.9999995231628418,4.905467321236756e-08
ISIC_0031549,7.968011139780629e-09,1.0977194264683021e-08,1.3888858951816019e-09,5.149001225390748e-09,1.362248425174073e-09,1.0,2.618042493907069e-08
ISIC_0024921,1.9803373163540527e-08,3.843251761281863e-08,1.453163100961774e-08,1.0462411381695347e-08,9.765850350618166e-09,0.9999998807907104,5.646936074299447e-08
ISIC_0031758,4.5693901995491615e-09,1.9231102044159343e-08,6.079768355427007e-10,6.474142555390472e-09,2.2410084898893956e-09,1.0,3.6146321491514755e-08
ISIC_0029766,2.803139276252864e-09,6.190208345913106e-09,1.3635813311818623e-10,4.624655325358162e-09,2.619849448493028e-09,1.0,9.681133228411909e-09
ISIC_0030201,4.5908632451130416e-09,1.30652875185433e-08,6.115356554481366e-10,5.760935284371271e-09,1.0930305549550212e-09,1.0,2.0877513051686947e-08
ISIC_0025216,7.286422132324333e-09,7.57221574332334e-09,4.244475604320286e-10,3.5486067417878076e-09,5.650054868411303e-10,1.0,9.03408992058985e-09
ISIC_0028469,8.755688618578006e-09,1.2160986884168778e-08,5.819353332547905e-10,7.339551633123165e-09,8.908727644474368e-10,1.0,1.579067543389101e-08
ISIC_0031516,6.8059962110567085e-09,1.0887760026889737e-08,7.109786648307193e-10,5.575452544093196e-09,1.051377762628647e-09,1.0,1.3704164913974637e-08
ISIC_0030046,5.178232065361499e-09,1.1570416802442196e-07,6.61420640479804e-10,1.716508712945597e-08,1.4346199783688007e-09,0.9999998807907104,2.9379963351061633e-08
ISIC_0027399,3.920898272724571e-09,5.936850122623127e-09,2.2490832807253724e-10,5.280132331364484e-09,7.451507855193995e-09,1.0,1.560804818723227e-08
ISIC_0025291,2.0054313765172083e-09,7.549517455629484e-09,4.186696822561231e-10,7.60408624955744e-09,1.4092166322754451e-09,1.0,1.4251137159249083e-08
ISIC_0030267,6.092738313867585e-09,2.101943685772767e-08,1.7130998841707878e-09,8.237139859090803e-09,8.998710110397212e-10,1.0,2.1553880458213825e-08
ISIC_0027450,8.881061219767616e-09,1.7615469971588027e-08,6.792116313825147e-10,8.980333809915919e-09,2.929635423143395e-09,1.0,2.7825256765368067e-08
ISIC_0030381,3.3531593057745113e-09,1.0391650206997838e-08,6.399079044427936e-10,1.044711694930811e-08,1.0654604976068072e-09,1.0,1.0901911373650819e-08
ISIC_0027586,4.443019285815808e-09,9.624904429017533e-09,6.341450697888718e-10,1.1234617680599968e-08,5.482805320866646e-10,1.0,1.7720880762794877e-08
ISIC_0031180,1.373297209283919e-08,5.51989280950238e-08,6.202557578660617e-09,6.745811731434515e-08,2.3741913990349417e-10,0.9999998807907104,1.900668955556739e-08
ISIC_0031124,7.217717978846849e-09,4.124770747182538e-09,6.313560230175597e-10,1.3577381885454542e-08,7.950927694011511e-10,1.0,1.4624057520506994e-08
ISIC_0027880,3.534441406216615e-09,8.337448953454896e-09,4.105491502315317e-10,3.2217755130403702e-09,1.1274603473054867e-09,1.0,8.847871768580262e-09
ISIC_0030216,5.416359982746144e-08,3.175834351054618e-08,1.8992432071485155e-09,4.2273665457059906e-08,1.6851913642312866e-07,0.9999996423721313,1.0579201159544027e-07
ISIC_0030489,4.349933746539136e-09,8.46381897900983e-09,5.235203381914744e-10,3.3660392251277926e-09,1.1279680522946478e-09,1.0,1.9737386836027326e-08
ISIC_0026944,3.618072286215579e-09,1.2415585004532659e-08,1.1205635308542128e-09,3.981823315513111e-09,1.0304053166265703e-09,1.0,2.431725221185843e-08
ISIC_0027676,1.840676944198094e-08,8.98907401847282e-08,3.8958343218098435e-09,7.887507535997429e-08,7.616241526342549e-10,0.9999995231628418,2.020164799887425e-07
ISIC_0027441,1.0891706203608464e-08,1.420627526727003e-08,3.049960728418455e-09,1.7400914487097907e-08,2.6307087064303403e-10,1.0,3.2053687704092226e-08
ISIC_0028549,4.612806581150153e-09,8.275122809209279e-09,3.3257688270005303e-10,5.761209731502959e-09,9.27589838273235e-10,1.0,2.2436186242202893e-08
ISIC_0031251,1.9983750210172957e-09,7.680920788288859e-09,3.0414951113222344e-10,5.987534468232525e-09,2.243155217129811e-09,1.0,1.9023229214099047e-08
ISIC_0029765,4.955733157174791e-09,6.555506804062361e-09,5.422506332841692e-10,9.787090249346875e-09,6.935279572850561e-10,1.0,1.2763481826993939e-08
ISIC_0025010,1.0567825725615876e-08,1.4961980099315042e-08,4.1973230446856746e-10,1.230445434430294e-08,2.372269269912408e-09,1.0,1.9065765854975325e-08
ISIC_0025468,7.76929720558428e-09,1.2029191864826316e-08,1.5111855100613525e-09,2.8873419211095097e-09,9.74119673813334e-10,1.0,2.0455242832895237e-08
ISIC_0027792,2.9139752832918475e-09,8.999469613968358e-09,5.431574079395318e-10,2.6300981392779477e-09,2.177244606826889e-09,1.0,8.08043942868153e-09
ISIC_0026410,3.882557830792166e-09,1.611508437804332e-08,8.889156632996276e-10,4.989165081070723e-09,5.39405631272416e-10,1.0,1.0128861305247483e-08
ISIC_0027841,7.128787338217535e-09,6.238556338189483e-09,7.883442232348159e-10,7.968740334263202e-09,3.2317809539605946e-10,1.0,1.5007795894916853e-08
ISIC_0026534,2.9603719475801427e-09,5.627955435016929e-09,5.060071250895248e-10,2.7068818297948383e-09,2.528882436791946e-09,1.0,1.140509553465563e-08
ISIC_0030983,8.841309018237098e-09,9.73189795416829e-09,5.119082380211637e-10,5.77939163193264e-09,1.0472368527914e-09,1.0,1.8573695470536222e-08
ISIC_0026482,4.003649411998822e-09,9.927534350140377e-09,4.972584566331761e-10,4.377800788546438e-09,2.174596724913158e-09,1.0,1.4190920438750254e-08
ISIC_0027918,6.034161614820732e-09,6.263689567020947e-09,7.048378547480638e-10,3.255440583771474e-09,9.22170673156586e-10,1.0,1.7749565373037512e-08
ISIC_0029178,2.0567322067677196e-08,5.967958571773124e-08,2.4497253114930118e-09,1.3524592645808298e-07,1.1212643036273562e-09,0.9999996423721313,9.8042065133086e-08
ISIC_0025572,1.4211235743744055e-08,1.4142877091671835e-08,4.033149814119952e-09,1.1382277342875113e-08,2.1969130958865435e-09,1.0,1.5582051204887648e-08
ISIC_0029165,5.28481827188898e-08,1.551635619989611e-08,5.813430625778437e-09,1.5033089439953073e-08,3.5530234754332923e-08,0.9999997615814209,1.2041350316849275e-07
ISIC_0030185,7.366099730177211e-09,1.3007699806166784e-08,1.0836642694300735e-09,6.389910822690581e-09,1.6601147123651572e-09,1.0,7.76834863103204e-09
ISIC_0025933,7.228891707455887e-09,1.5014151699688227e-08,5.939259084541959e-10,4.394918207140108e-09,1.978275321334877e-09,1.0,1.7468218871385943e-08
ISIC_0028801,5.079442200184303e-09,1.5825500909727452e-08,4.0681077950743827e-10,1.8358392139816715e-08,5.412710279983912e-10,1.0,1.3767068374193059e-08
ISIC_0026306,1.139904970415273e-08,9.726293548339981e-09,1.1154074330832486e-09,1.1494876162032597e-08,3.951535487711766e-10,1.0,3.863367936673967e-08
ISIC_0031480,4.3983563458027675e-09,1.6375542699620382e-08,6.865327750738004e-10,4.628467387135515e-09,8.17768130989549e-10,1.0,1.4408430004664297e-08
ISIC_0025012,3.74271769132406e-09,1.427643869789108e-08,6.499874527499117e-10,2.9010209789959163e-09,2.7587492290592763e-09,1.0,2.2140392630376482e-08
ISIC_0031858,6.349611503253527e-09,7.754240805013524e-09,4.040302314933797e-09,4.990906798951755e-09,4.955485466417997e-10,1.0,8.878774160336889e-09
ISIC_0029620,8.103868687214799e-09,8.200849777040276e-09,2.383465924626904e-10,3.0794684580115472e-09,1.926688808495669e-09,1.0,8.64096616481902e-09
ISIC_0026973,1.1439016844860816e-08,1.1859107473810582e-08,5.657841417594511e-10,4.590399171888748e-09,1.0831642249797824e-09,1.0,1.817228678646643e-08
ISIC_0027313,4.158343003268783e-09,9.67422941755558e-09,6.163037857831455e-10,3.6840248629488315e-09,9.500653597172004e-10,1.0,8.341918267262827e-09
ISIC_0027992,4.011706078443922e-09,1.6796716906242182e-08,1.7447466804654255e-09,2.7252777812236673e-09,5.696030869195567e-10,1.0,1.2657153547479538e-08
ISIC_0025725,2.3840718288425933e-09,1.3528834941212153e-08,9.352967289544267e-10,6.007278230413249e-09,3.4233860191079657e-09,1.0,9.836027992093932e-09
ISIC_0030887,5.263651736697739e-09,1.077919709047137e-08,6.599765178805228e-10,2.4632058615026153e-09,2.7908639843587935e-09,1.0,2.149427125175407e-08
ISIC_0027075,4.6421000376994925e-09,8.418111541175222e-09,5.907636602131561e-10,4.255713559331298e-09,1.0381442372420224e-09,1.0,2.9535097922916975e-08
ISIC_0032390,6.267250274305525e-09,1.5235411154890244e-08,2.810059407387655e-10,1.0337660505399526e-08,1.621160983233949e-08,0.9999998807907104,6.155395482210224e-08
ISIC_0028601,9.948535328874186e-09,1.3261418629895161e-08,4.908721207286249e-10,1.1346901196418457e-08,1.7787886719133894e-09,0.9999998807907104,6.498789417719308e-08
ISIC_0031765,1.1544819322750755e-08,2.5842220807703598e-08,3.520400193579576e-09,1.0498514058099317e-08,1.740531940797041e-09,1.0,2.5115307167311585e-08
ISIC_0026381,4.1592476129892475e-09,1.6067328800772884e-08,4.495595562481469e-10,4.914739282213532e-09,7.344183039492691e-10,1.0,1.8462614548298006e-08
ISIC_0030331,8.5932203575112e-09,1.408857208673453e-08,1.2446236263841115e-09,6.002971897345333e-09,7.858371176006074e-10,1.0,3.873535447951326e-08
ISIC_0029124,4.493430338925464e-08,1.8644467303374768e-08,1.135287419629094e-08,1.7607806768182854e-08,5.371982858548563e-09,0.9999997615814209,1.2654923864374723e-07
ISIC_0026951,4.744034054482427e-09,4.582281221132689e-09,2.505413654319e-10,6.070177249739572e-09,1.1586970272148278e-09,1.0,1.2416627725997387e-08
ISIC_0024914,3.532433234809673e-09,7.83404185966674e-09,3.417577887354639e-10,1.2880896349543036e-08,9.740435125138447e-10,1.0,7.168218463249332e-09
ISIC_0029244,9.375243692488766e-09,8.263104867012316e-09,5.636234812200769e-10,4.973222278437106e-09,8.078740454386946e-10,1.0,2.016932754145273e-08
ISIC_0026041,3.4141134364062964e-09,1.1476255501463584e-08,7.784422551004866e-10,5.680302450628005e-09,7.593979889364277e-10,1.0,2.2702689506104434e-08
ISIC_0031101,2.4405200083066347e-09,8.262694528582415e-09,3.1296445990314226e-10,2.4060953229820825e-09,1.509051217318813e-09,1.0,2.174668267684865e-08
ISIC_0030040,5.153501181354159e-09,7.500831955553622e-09,3.34458544193339e-10,3.34953487168832e-09,2.083112127237996e-09,1.0,1.6588968421160644e-08
ISIC_0029285,5.603256081343488e-09,1.3786355168576847e-08,1.9470915157970836e-10,9.088271468726816e-09,1.29927233416538e-08,1.0,2.4619623673061142e-08
ISIC_0031312,3.663011893806356e-09,1.0511798542722772e-08,1.703106961015166e-10,9.631277109178882e-09,4.859760149855674e-09,1.0,1.4198556108624416e-08
ISIC_0026304,9.432658210073441e-09,1.0761119106916794e-08,1.747864186718573e-09,1.4744041543224284e-08,5.087894550115379e-10,1.0,3.743912202480715e-08
ISIC_0031849,3.4812848159759824e-09,5.503186351063505e-09,4.124312558140275e-10,5.435535577191786e-09,6.080475567493693e-10,1.0,1.0390659888059872e-08
ISIC_0028553,5.513555834113504e-09,4.6631143391095975e-09,3.2088948165309716e-10,6.616241776669085e-09,1.89446081044764e-09,1.0,1.8450716510187704e-08
ISIC_0026793,1.0938006944627432e-08,1.3317920988242804e-08,3.3241959185303926e-10,2.259266906889934e-08,4.278004617219722e-09,1.0,2.3907258395183817e-08
ISIC_0030236,1.5729285651744362e-09,1.3703041368273716e-08,3.891818423085169e-09,4.393110231148967e-08,2.5654502966432347e-09,1.0,5.053392371223708e-08
ISIC_0028320,5.336109776266085e-09,7.87343790165096e-09,2.834682488739304e-10,2.550074640339517e-08,7.592299566816507e-10,1.0,1.0357417146167336e-08
ISIC_0025098,1.020386353189906e-08,4.958827659606868e-08,1.765622870131267e-09,3.0432854458695147e-08,4.832112487918039e-10,1.0,1.816289696421336e-08
ISIC_0024811,6.432661958655217e-09,8.964982534109822e-09,6.647190575748141e-10,1.7227833382094104e-08,8.325590217239665e-10,1.0,8.616131808025784e-09
ISIC_0030052,1.0079994581246865e-06,1.1030465429939795e-07,2.678347765794342e-09,1.3909988410887308e-05,1.3114251373735897e-07,0.999984622001648,2.25766513040071e-07
ISIC_0030685,4.260757080487565e-09,5.850105289084695e-09,5.743344688724505e-10,7.847051897158508e-09,5.287335014259043e-10,1.0,1.3784251073900577e-08
ISIC_0032293,6.417244957646062e-09,9.672495693280325e-09,2.5400384573437407e-10,1.2954441963586305e-08,3.506093859684256e-09,1.0,1.7919649764053247e-08
ISIC_0025091,7.020219072728651e-09,7.888062647509742e-09,2.5535226710893255e-10,1.4781568324906402e-07,2.9723890015986854e-09,0.9999998807907104,3.7663223650952204e-08
ISIC_0031328,4.725493774060396e-09,7.568952575809362e-09,9.041273285603779e-10,3.869134701517396e-08,4.937059649989806e-10,1.0,1.3053181646682788e-08
ISIC_0031182,7.654726630335063e-09,8.95483154295107e-09,1.6432072369454431e-09,3.723471753147578e-09,1.6929834201206972e-09,1.0,4.253240604157327e-08
ISIC_0031737,3.598053766040721e-08,2.0816265532630496e-05,8.712307320024593e-09,2.6513302486819157e-07,1.127528848066106e-09,0.99997878074646,1.0487848811635558e-07
ISIC_0026617,6.676278641037925e-09,8.238004944871591e-09,3.7469086167085663e-10,3.797475223166202e-09,1.1288030510314684e-09,1.0,1.3548848265543256e-08
ISIC_0025187,2.304840984734824e-09,6.808631436427959e-09,2.3146949634789138e-10,2.9977884619114548e-09,3.941909465510207e-09,1.0,8.792238048727086e-09
ISIC_0024727,5.684410275819118e-09,4.269534947809461e-09,1.941043575870438e-10,4.10717015952855e-09,1.190404574913373e-08,1.0,2.052140146702186e-08
ISIC_0027115,1.017356510146783e-08,1.1282995870942614e-08,5.652662782296147e-10,6.007563779775182e-09,5.310785144985175e-09,0.9999997615814209,1.6372470668102324e-07
ISIC_0027381,3.5446290347351805e-09,1.5176942369521385e-08,1.3016950850541775e-09,4.262350028483297e-09,1.0197943600687154e-09,1.0,3.295946626735713e-08
ISIC_0024992,4.646494300430959e-09,4.8785668838036145e-09,5.599385399790435e-10,5.9894991188969016e-09,1.5937905439855626e-09,1.0,2.5988333263171626e-08
ISIC_0024819,1.708896313346031e-08,1.8808293589245295e-08,1.114473069385724e-09,1.3376202900872158e-07,1.1805335597969702e-09,0.9999992847442627,5.407049457062385e-07
ISIC_0025764,5.679165138161579e-09,4.099736727880554e-08,2.1450601295214256e-09,1.6376011657825984e-08,5.57170753978653e-10,1.0,2.7454909456992027e-08
ISIC_0030393,4.513856399768201e-09,9.862798577842113e-09,4.383396701168607e-10,5.69180924614443e-09,6.997944446140991e-10,1.0,1.0074431067153e-08
ISIC_0028144,5.858042939621555e-09,7.328722073651761e-09,2.5199009545673334e-10,1.0770568081852616e-07,9.518394961105514e-09,0.9999997615814209,5.1969045955502224e-08
ISIC_0032332,3.2584039910688034e-09,1.0216931300988108e-08,3.0354735391924237e-10,1.1301306557243151e-08,1.2828665907349546e-09,1.0,1.2195853216212527e-08
ISIC_0025705,3.005408366618667e-09,8.867164780212988e-09,3.122400116239987e-10,3.245601343238036e-09,2.2167341295897813e-09,1.0,7.245746225237326e-09
ISIC_0030028,2.461571391165762e-09,3.5519740038125747e-08,5.66516222821889e-10,9.109982990196386e-09,2.829179779340052e-09,1.0,3.216453592358448e-08
ISIC_0031445,4.901436145843263e-09,1.152945916516046e-08,4.0630904196703455e-10,8.012771779419836e-09,1.0915096604335872e-09,1.0,2.0988789373177497e-08
ISIC_0024638,6.868198454412777e-09,2.3031059726008607e-08,1.3686700384152317e-10,7.175782190671498e-09,2.056497372393551e-08,0.9999998807907104,6.402515850822965e-08
ISIC_0029565,4.319451019085818e-09,6.455215917355872e-09,3.8417533043677565e-10,3.532925063609582e-09,1.1227521135026564e-09,1.0,9.318302574001791e-09
ISIC_0026636,1.2528556858626416e-08,1.2980882146962358e-08,5.54965740029445e-10,8.755187685949295e-09,1.2491041534445912e-09,1.0,2.547366939609219e-08
ISIC_0030715,4.302471268147201e-09,9.778805321047912e-09,1.1405459909852311e-09,3.6235141553930816e-09,7.93739629578738e-10,1.0,8.048476551891781e-09
ISIC_0032033,8.32153013163861e-09,1.4300748141238273e-08,9.332296047048771e-10,4.179916857083299e-09,9.624586683187886e-10,1.0,1.7722875611525524e-08
ISIC_0027096,6.884278924701448e-09,7.790026401721661e-09,3.2516284109718185e-10,8.567248244162329e-09,7.569699866927238e-10,1.0,1.2129227400237141e-08
ISIC_0031500,1.607229194178217e-08,1.1429178492505798e-08,4.539703335471046e-10,9.970366221523363e-08,4.598802227917531e-09,0.9999997615814209,1.0458603583174408e-07
ISIC_0028296,4.046094126408661e-09,1.0115114967845784e-08,8.632082826309784e-10,6.141449571117619e-09,7.449926231473114e-10,1.0,5.9268594476691305e-09
ISIC_0028922,2.440836421868653e-09,6.126894991353993e-09,1.1661155374653731e-09,6.715563660719681e-09,9.150606383734328e-10,1.0,6.498477755911836e-09
ISIC_0024341,8.507324622542e-09,8.921706928788353e-09,8.673391449498524e-10,5.326804775052096e-09,1.1540631783546473e-09,1.0,2.57996202179811e-08
ISIC_0024678,8.169390497414497e-09,1.0690029306203996e-08,1.7291227338844806e-09,7.411308899918367e-09,8.490670944105716e-10,0.9999998807907104,9.693221159068344e-08
ISIC_0030530,4.599741920685574e-09,5.963065596858996e-09,5.832854754750372e-10,1.2231939017226523e-08,5.360886179417435e-10,1.0,1.5621063553794556e-08
ISIC_0029445,2.572827781932574e-07,6.189261057443218e-06,8.400220394833013e-07,7.263060524564935e-06,1.1168135642947163e-05,0.9999732971191406,9.70700170910277e-07
ISIC_0029939,1.0169939557158614e-08,1.1679235356609752e-08,8.279855134851744e-10,3.381063873320045e-09,1.6353903786736623e-09,1.0,2.487384342941823e-08
ISIC_0028006,5.547438064468224e-09,8.890654434878797e-09,3.387284341904717e-10,6.09506312088115e-09,8.99064656056936e-10,1.0,1.2539314475645824e-08
ISIC_0030111,4.903717432114263e-09,1.541605954002989e-08,7.909663479743756e-10,7.687456893279432e-09,1.5763552685399418e-09,0.9999998807907104,5.2755236623625024e-08
ISIC_0029461,5.258172564026609e-09,7.68539010209679e-09,7.621361319820608e-10,8.909819548819087e-09,8.339894330688935e-10,1.0,2.977270696646883e-08
ISIC_0028575,4.67388883151898e-09,1.2391288883861762e-08,5.623091436923744e-10,4.911009821029211e-09,5.858063478747511e-10,1.0,9.154049962489808e-09
ISIC_0024467,4.416026211373492e-09,6.4760690143828015e-09,4.0497052933297084e-10,6.537189900512885e-09,1.1429982516020232e-09,1.0,2.421311862121911e-08
ISIC_0030662,9.0849434641882e-09,3.247881963375221e-08,4.669520325961685e-10,4.1161200670103426e-08,4.194876446206308e-09,1.0,1.968584051326161e-08
ISIC_0030735,6.17393602908578e-09,1.2634793655763588e-08,1.5764336502854803e-09,6.241745786894626e-09,7.821988612377595e-10,1.0,3.739487297593769e-08
ISIC_0031083,1.7549536934780008e-08,2.0465815708803348e-08,4.91942486746666e-10,6.573235289408785e-09,3.384566849007342e-09,0.9999998807907104,5.305635397689912e-08
ISIC_0030266,1.0916043180486668e-07,3.9689648900775865e-08,5.150729176506275e-09,2.6278325293560556e-08,3.2432307950358563e-09,0.9999998807907104,5.7613107173892786e-08
ISIC_0030424,6.073756164681754e-09,9.963880387431345e-09,5.437668648688998e-10,5.405078606912639e-09,1.7394898854661278e-09,1.0,3.353826016905259e-08
ISIC_0026568,4.8163713017856935e-09,1.0814638073952665e-08,4.725292934715242e-10,5.8272977554452154e-09,1.7159678122879995e-09,1.0,2.4232477358054894e-08
ISIC_0025385,8.55945714306472e-09,5.995728802332678e-09,5.208689590752158e-10,7.109396626958642e-09,1.1387288889608271e-09,1.0,1.022367612790731e-08
ISIC_0026050,4.274301801387992e-09,9.283425583817007e-09,4.9442594463045e-10,2.664193976542606e-09,1.4275015614018116e-09,1.0,7.594737283511677e-09
ISIC_0030997,2.996582315617502e-09,4.83053907984754e-09,3.721048746907485e-10,7.276075741913246e-09,9.209631390838524e-10,1.0,1.5859798807582592e-08
ISIC_0028762,5.525072843681755e-09,9.321342808732425e-09,2.690224432111421e-10,2.250038022566514e-08,2.72657230127038e-09,1.0,1.283601402946033e-08
ISIC_0032394,6.08123285061879e-09,9.574989690008806e-09,8.376815907595869e-10,7.62108953722418e-09,7.805996404819382e-10,1.0,1.0060087873853263e-08
ISIC_0027803,4.086049720797291e-09,6.022042864373134e-09,7.84098896922103e-10,6.237806715603256e-09,6.245481909417094e-10,1.0,7.997549289484596e-09
ISIC_0028852,7.906485244291162e-09,1.1775011188319695e-08,1.110806668869202e-09,4.766390837573908e-09,1.348742340034903e-09,0.9999998807907104,6.789182549482575e-08
ISIC_0028669,3.0180924426304045e-09,1.0873378641917952e-08,2.8187288614311967e-10,8.384525074234261e-09,1.7123125140017237e-09,1.0,1.419140804870267e-08
ISIC_0024401,4.877412695947214e-09,6.000544949813502e-09,1.0224918689516471e-09,5.164334293539241e-09,7.427253811975731e-10,1.0,2.2501582819245414e-08
ISIC_0028191,3.1607143569090113e-09,6.4943019850716155e-09,2.608788185476385e-10,2.645019314684305e-09,1.591685228063966e-09,1.0,7.707468441253695e-09
ISIC_0027288,8.065226708708906e-09,1.3184823899337061e-08,8.033748111202499e-10,4.767045869158437e-09,8.497946790697597e-10,1.0,1.2867464427301911e-08
ISIC_0029198,4.38066560803918e-09,5.9258762341585225e-09,1.8124224343551987e-10,3.948147142551761e-09,2.0394264055312306e-09,1.0,7.556345771320139e-09
ISIC_0031732,5.956256377004365e-09,1.3393859354948745e-08,4.2421613444254547e-10,4.475646075974282e-09,1.5962701160887605e-09,1.0,2.24031708739858e-08
ISIC_0025486,6.012356390527884e-09,9.724216099016303e-09,3.313181951014599e-10,1.3273338872465956e-08,1.5704794131821131e-09,1.0,1.5441692369222437e-08
ISIC_0025329,4.481993443050669e-09,5.019051485533055e-08,1.0183327514567964e-09,8.934427420115298e-09,1.1613964234769014e-09,1.0,4.6671542186516035e-09
ISIC_0027395,3.90298371399922e-09,1.0226211877295555e-08,4.3156359041951475e-10,4.7936512537205545e-09,9.97073756892064e-10,1.0,1.1391138698968462e-08
ISIC_0028366,5.591064056176265e-09,7.446747662953612e-09,4.966120292770881e-10,6.836961663481134e-09,8.22338475092721e-10,1.0,1.3129864306904437e-08
ISIC_0026310,2.4967710121615028e-09,9.972816350511948e-09,4.1235731496058747e-10,4.5930876879651805e-09,1.08583675384466e-09,1.0,2.7265320667879678e-08
ISIC_0029928,4.151868182589169e-09,9.913475373934943e-09,6.225513438096186e-10,2.2331103632922122e-09,1.938196048101304e-09,1.0,1.5706929090697486e-08
ISIC_0024350,5.726207952250206e-09,9.753007290669302e-09,5.945448022792732e-10,8.419718255936459e-09,6.038245459194513e-10,1.0,2.7224581700124872e-08
ISIC_0031375,9.263915856649874e-09,7.161658377441427e-09,1.1174261516089246e-09,1.1211455763771028e-08,1.0637102310084856e-09,1.0,4.0613976182157785e-08
ISIC_0028475,8.13757328188558e-09,1.5336903302909377e-08,1.2280814143394991e-09,6.993077672490244e-09,4.465658676178208e-10,1.0,1.4714570006901795e-08
ISIC_0032491,5.612080133943209e-09,1.7152423481547885e-08,8.374883009309997e-10,7.327257023348466e-09,8.119243610771321e-10,1.0,2.310480340383947e-08
ISIC_0031835,3.024846595423014e-09,1.062050447586671e-08,2.5805890757624184e-10,2.8598770018817277e-09,1.7444536926092269e-09,1.0,2.1764650526279183e-08
ISIC_0026363,3.3190405979155457e-09,5.394346747067402e-09,3.5376232498940396e-10,3.946370341623151e-09,9.508630549603936e-10,1.0,1.1690245216300355e-08
ISIC_0028078,6.080142611608608e-09,7.567783733009037e-09,3.5874636594712683e-10,5.56267432116897e-09,1.9380630433829538e-09,1.0,1.3716874747160546e-08
ISIC_0030090,6.200050695071013e-09,6.945158226301373e-09,2.0616912344006977e-10,2.7329400964504202e-09,4.5174219920340875e-09,1.0,3.841244122781973e-08
ISIC_0028743,7.0392194295720856e-09,6.811879060819592e-09,2.3034948948286171e-10,6.0002243174039904e-09,1.9150381280752526e-09,1.0,1.2501725876745695e-08
ISIC_0027773,3.230617773297695e-09,1.140068128790972e-08,3.977570495194982e-10,1.0458481192188174e-08,2.8572380017521937e-09,1.0,3.8974953042725247e-08
ISIC_0031072,1.2092660206519668e-08,1.5378528672727043e-08,5.900194999242103e-09,1.1729424187478799e-07,1.1352394579944303e-09,0.9999998807907104,2.336123827717529e-08
ISIC_0028037,5.616652476447825e-09,7.92144483341417e-09,2.5674515291562727e-10,6.739597324667557e-09,1.66738478579731e-09,1.0,1.802392368688288e-08
ISIC_0026763,9.087334440494033e-09,1.9944309315178543e-08,1.2033706253689047e-09,7.049940631276286e-09,1.8223472730838353e-09,0.9999998807907104,1.0795228178039906e-07
ISIC_0031183,3.5802814046803633e-09,6.657827178457865e-09,1.9091181413521952e-10,3.808522830439642e-09,3.913964263801972e-09,1.0,1.1429770019333318e-08
ISIC_0024440,3.24434501486337e-09,2.5038622286643886e-09,3.512042046072139e-10,4.339268944164587e-09,3.509479373775548e-09,1.0,8.791735339741535e-09
ISIC_0027464,3.3074696315082974e-09,6.636641014523548e-09,4.2595685312285525e-10,5.041134620853427e-09,8.743201718175442e-10,1.0,8.46470715742953e-09
ISIC_0026134,4.903484285279092e-09,8.697798037360371e-09,3.6952477189267086e-10,1.0436621344922514e-08,1.0557101859376417e-09,1.0,1.5510057238543595e-08
ISIC_0024894,3.616650756654849e-09,1.4501369882680137e-08,5.11751085952028e-10,8.789036165524067e-09,2.0599195682535765e-09,1.0,2.5156202454468257e-08
ISIC_0028049,9.03891539394408e-09,1.5475128734010468e-08,5.688474691289969e-10,7.405035695740025e-09,1.0160957630844791e-09,1.0,1.481878086906363e-08
ISIC_0032360,9.0188354562315e-09,1.999825016696377e-08,4.1967548880528227e-10,1.2437746832461016e-08,3.281536598009893e-09,1.0,2.135818277793078e-08
ISIC_0028783,4.594603364438399e-09,6.807787666929244e-09,3.809254578435173e-10,1.8310064575643992e-08,1.0934017025121534e-09,1.0,1.0237433123450046e-08
ISIC_0025706,7.787877898124407e-09,5.765336368313001e-07,5.101015720931912e-10,2.368537543873117e-08,7.2848709287143265e-09,0.9999988079071045,6.00546115947509e-07
ISIC_0029777,3.849412788525797e-09,1.015303929818856e-08,6.522564710564893e-10,6.404809571591841e-09,7.664730516943052e-10,1.0,2.6300492450559432e-08
ISIC_0030496,2.5582352236597217e-08,6.173219298943877e-05,2.574136459543297e-09,6.101241183387174e-07,1.1649692766013686e-08,0.9999372959136963,3.4684182992350543e-07
ISIC_0030430,4.246397011797853e-09,7.900486487244507e-09,5.591253571246568e-10,6.205552516291846e-09,5.939156944023694e-10,1.0,1.0094626468060142e-08
ISIC_0030670,5.669326341717351e-09,1.9362570213843355e-08,7.764210385730053e-10,1.1008665090628256e-08,2.384794806076229e-09,0.9999998807907104,7.433836657355641e-08
ISIC_0025760,1.0483086398949126e-08,1.2385452663465912e-08,8.130665585248664e-10,9.029609948640882e-09,1.0354449520022513e-09,1.0,2.827503386981789e-08
ISIC_0028172,3.1431297564665783e-09,1.2560138706874113e-08,4.8281623143964225e-09,1.3022072309354371e-08,3.4302605200764447e-10,1.0,2.7003805413983173e-08
ISIC_0024419,4.030327627191355e-09,1.3732266879173949e-08,3.763331590800334e-10,5.837932803842705e-09,9.82726566789438e-10,1.0,1.2240668034735336e-08
ISIC_0024576,9.493754227207774e-09,1.3989839509065405e-08,1.0764950042485566e-09,1.7850942057862085e-08,1.3305926360729359e-09,0.9999997615814209,1.807406846410231e-07
ISIC_0025426,1.5796279839719318e-08,8.719990063354999e-09,4.4842146662560367e-10,3.3000024934892735e-09,3.8969210081063466e-09,1.0,8.184628974561292e-09
ISIC_0028348,2.097761608865767e-08,2.0123287924889155e-08,2.3720017061634735e-09,8.299166154301929e-08,1.987605413589222e-09,0.9999997615814209,6.375815075898572e-08
ISIC_0031420,1.902446200574559e-08,1.5304175704500267e-08,2.777290841748936e-09,2.1156351337481283e-08,1.1090431906168874e-09,1.0,1.0815050188739406e-08
ISIC_0032142,6.87032164492507e-09,1.7362058457592866e-08,1.8571881810203195e-09,1.091289636434567e-08,7.714612837439461e-10,1.0,1.5794833885252046e-08
ISIC_0026121,3.6845098083659877e-09,1.25187140653793e-08,9.26550225432976e-10,4.039308887371362e-09,6.361439708335581e-10,1.0,8.055879519019982e-09
ISIC_0030739,6.459536461278503e-09,2.0359279062631686e-07,6.583054656950083e-10,3.7521317608479876e-08,1.6350685250188235e-09,0.9999996423721313,9.368488207428527e-08
ISIC_0032350,4.5814774196628605e-09,2.5635930711587207e-08,6.612844716258337e-10,4.144478538137264e-09,2.4525781405770886e-09,1.0,2.3811917770899527e-08
ISIC_0027199,1.623589795940461e-08,2.795702158664426e-08,1.5443692547023602e-08,1.4702328599014436e-07,6.264939678146675e-10,0.9999997615814209,3.928295200239518e-08
ISIC_0027494,4.2399546096305585e-09,9.26223719943664e-09,5.894433274811206e-10,6.718061662525088e-09,4.898471073211397e-10,1.0,9.690296565167955e-09
ISIC_0025124,4.769810768578964e-09,8.962947717350289e-09,7.417669256604142e-10,6.529638607588595e-09,5.841628292202472e-10,1.0,8.617347724282354e-09
ISIC_0028053,2.333816340183148e-08,2.0101775533021282e-07,3.92629262435662e-09,1.5038164065117599e-06,1.4850861873583199e-08,0.9999977350234985,4.1483565382804954e-07
ISIC_0026807,9.630464425924856e-09,1.4377758539296792e-08,1.1476812833421945e-09,2.027780737989815e-06,2.05308170464491e-09,0.999997615814209,3.14163941084189e-07
ISIC_0028955,1.2995399423232357e-08,1.488231404778162e-08,5.135512570753065e-10,1.1364880592168447e-08,5.64418511928011e-10,1.0,3.335847864605057e-08
ISIC_0031841,6.382675277194494e-09,2.702116752573147e-08,1.6559212889788455e-09,4.660749119977936e-09,1.037301133877122e-09,1.0,9.143841239733774e-09
ISIC_0025263,1.2110596081527092e-08,1.4321739350009466e-08,1.4563229511210807e-09,3.09375103313414e-09,3.5110592211395897e-09,1.0,8.85249651361164e-09
ISIC_0028129,3.6911635969971712e-09,7.235416266127004e-09,6.159864840427076e-10,4.447979318200623e-09,3.862290487433029e-09,1.0,2.4076113547266687e-08
ISIC_0030497,5.1338204798412335e-09,8.929571748694798e-09,3.2319782961032217e-10,5.7454294655201466e-09,3.648424895530411e-09,1.0,2.929983011767945e-08
ISIC_0029447,4.957501076319204e-09,8.497545778141102e-09,2.393273912382199e-10,7.36494776276686e-09,1.8595665007836715e-09,1.0,1.97218810171762e-08
ISIC_0031152,5.181383766483805e-09,7.867793527793765e-09,7.341200425337036e-10,7.2449721777445575e-09,6.150109310709695e-10,1.0,1.03392192585261e-08
ISIC_0027054,1.9758042313355872e-08,1.2315640951499063e-08,2.3564963314015586e-09,1.0951461035801913e-06,8.78434658346805e-10,0.999998927116394,2.613673899531932e-08
ISIC_0028574,5.847684558801802e-09,9.226690522723402e-09,5.334611086205143e-10,8.30385094019448e-09,8.67132365911516e-10,1.0,1.2748178512822506e-08
ISIC_0030725,8.002142060092865e-09,5.287378535001608e-09,3.247296320729731e-10,1.0605242017902583e-08,2.95139090944474e-09,1.0,2.238356699990618e-08
ISIC_0029739,4.785320140143767e-09,7.955073044740857e-09,3.5958833133342694e-10,6.99525237735088e-09,8.451764843542264e-10,1.0,1.1033070457244776e-08
ISIC_0027946,4.3268801874774e-09,6.083727299710517e-09,7.854190631206848e-10,6.270359786952895e-09,6.470694535742894e-10,1.0,1.3655060193684676e-08
ISIC_0025139,3.3885398931232658e-09,8.795341344125518e-09,3.6292671645732355e-10,1.0854294352213856e-08,8.887970914805976e-10,1.0,1.5147472609555734e-08
ISIC_0027947,5.071231434783385e-09,1.8059903084122197e-07,3.956126537474347e-10,1.9153782560010768e-08,1.5192626046101054e-09,0.9999996423721313,8.699442588522288e-08
ISIC_0026932,9.50288470136229e-09,2.1332365207626935e-08,5.840590233674448e-10,1.8305566129583895e-07,2.4137847276506363e-09,0.9999997615814209,3.69044670378571e-08
ISIC_0027690,1.2136284865960079e-08,9.240392451204116e-09,1.5256779173355994e-09,5.533372426924643e-09,5.19061016390765e-10,1.0,1.2735856813606006e-08
ISIC_0029333,6.406116970225639e-09,1.4078848309395653e-08,3.2352470702434744e-10,3.0960001229374257e-09,1.2037540964016102e-09,1.0,8.28053803303419e-09
ISIC_0030388,6.9092989107844005e-09,5.733256980278156e-09,1.1031255908733328e-09,1.1603519034508736e-08,3.781674973168947e-09,1.0,1.0433357289230116e-08
ISIC_0030499,4.362555205972285e-09,5.163822258680284e-09,2.2589843884368577e-10,1.1702447899608615e-08,2.196150816757836e-09,1.0,2.0782676912745046e-08
ISIC_0032301,5.263360414176077e-09,1.7090963311261476e-08,6.4225441631649e-10,1.6830036031478812e-08,4.099091066578353e-10,1.0,8.47501446799015e-09
ISIC_0031365,2.778970831229799e-09,1.9678219942420583e-08,9.354269581152153e-10,1.600200327800394e-08,7.979230054466768e-10,1.0,2.177067059960791e-08
ISIC_0029105,3.926138347765118e-08,2.6484531900905495e-08,1.1098238994478038e-09,4.3658676673885566e-09,1.6863966223468196e-08,0.9999998807907104,4.028116151744143e-08
ISIC_0024983,6.685057840627451e-09,8.907236725974599e-09,7.757595121837824e-10,3.6855918317257874e-09,1.1901951646464681e-09,1.0,1.6576475303509142e-08
ISIC_0030205,1.253985981719552e-08,3.076181442907e-08,8.423357011899668e-10,1.8737270579549659e-07,9.890637642229194e-09,0.9999996423721313,1.0248141535385002e-07
ISIC_0028315,5.08981878866166e-09,1.1815733280684526e-08,8.235124249189596e-10,6.8261720720386165e-09,2.190022385661905e-09,0.9999998807907104,8.356413871979385e-08
ISIC_0024942,6.884961045727778e-09,9.198663164511345e-09,4.832074740335202e-10,4.8719828171783774e-09,1.5107415318738049e-09,0.9999998807907104,5.688859516794764e-08
ISIC_0026061,2.5778603696124947e-09,6.482001158047979e-09,5.738111097386422e-10,6.726754708807903e-09,1.1656262621784208e-09,1.0,6.269044394713319e-09
ISIC_0031426,4.448862167549805e-09,7.073782004596296e-09,1.6117127077386328e-10,1.1128982180252933e-08,2.5740574116639436e-09,1.0,1.5581754553295468e-08
ISIC_0031416,1.0597233313092147e-08,1.6748375131214743e-08,4.5674530824157955e-10,1.263585147626145e-08,1.73506264911083e-09,0.9999998807907104,1.3362785011850065e-07
ISIC_0030108,7.463996531953399e-09,1.0280560402975425e-08,8.7045981533862e-10,5.788625578873052e-09,9.137072209952635e-10,1.0,4.253094587625128e-08
ISIC_0025604,9.89213067015271e-09,1.75968306592722e-08,2.2529782484070893e-09,6.994383738856413e-09,1.2560180673304444e-09,0.9999998807907104,6.064404800554257e-08
ISIC_0029774,8.493396208564263e-09,1.714888853143748e-08,4.6555664878766834e-10,5.4075943722864395e-09,2.950934385737014e-09,0.9999998807907104,8.459610967292974e-08
ISIC_0028732,9.98640814486862e-09,9.65699253896446e-09,3.7132782959581334e-10,3.804006887264677e-09,1.1391764198620535e-09,1.0,3.352348798557614e-08
ISIC_0032217,2.591140413343851e-09,6.117728101884268e-09,4.179540047388741e-10,5.938118441406459e-09,1.1245845366048002e-09,1.0,3.11558565613268e-08
ISIC_0032205,4.9291490888947465e-09,1.1238626029808074e-08,1.5644283646309987e-09,3.3779134156475266e-08,4.3609141298084353e-10,1.0,1.5262665797877162e-08
ISIC_0026589,3.181521535111642e-08,2.2322423021137183e-08,7.679995306375531e-09,1.7379673522555095e-07,2.1997808019591503e-09,0.9999997615814209,3.7480621273289216e-08
ISIC_0032475,2.8391465889399115e-07,4.001649358542636e-06,4.160979116818453e-09,4.811622034139873e-07,0.0009747988078743219,0.999018669128418,1.6935084659053246e-06
ISIC_0032294,1.1457332860231872e-08,6.480630077021488e-08,1.3320596015109487e-10,1.6065669683484884e-08,2.0626062280371116e-07,0.9999996423721313,4.5683801630502785e-08
ISIC_0030629,1.5007333331595873e-07,1.4950322224649426e-07,6.344644134514965e-07,7.312707595019674e-08,4.676587117558029e-09,0.9999973773956299,1.5692859278715332e-06
ISIC_0031178,7.468142371180875e-08,3.219006217136666e-08,4.916237639207566e-09,1.099710011942534e-08,1.4057397468292265e-09,0.9999997615814209,1.210252804639822e-07
ISIC_0028423,7.443953364827394e-08,2.750658723016386e-08,2.1059471944084862e-09,1.0602995814679161e-08,9.365913378189816e-09,0.9999998807907104,6.276656705495043e-08
ISIC_0025621,6.341843317159146e-08,3.4246930624703964e-08,1.8787140732001717e-09,8.056218803176307e-08,1.6788759271690878e-09,0.9999997615814209,8.908208570801435e-08
ISIC_0027444,3.9905152959818224e-08,2.704338797343553e-08,1.2539068672268172e-09,9.057467664774776e-09,2.7731790197549344e-08,0.9999998807907104,2.735819926158456e-08
ISIC_0025702,3.2196743404711015e-07,2.774717700049223e-07,2.446744531425793e-07,4.690568644605264e-08,8.028816012028983e-08,0.999998927116394,2.2479778749584511e-07
ISIC_0027644,3.895978650803045e-08,4.232281014537875e-08,3.659910596809368e-09,2.834700829623671e-08,1.3833021395015521e-09,0.9999998807907104,3.925382330294269e-08
ISIC_0032376,3.1314104944613064e-06,1.672021062404383e-05,1.2561092717078282e-06,2.215732592958375e-06,2.799913454509806e-05,0.999941349029541,7.320454642467666e-06
ISIC_0031091,0.00010290070349583402,0.00234471308067441,0.07316853851079941,9.970254177460447e-05,0.0001363587361993268,0.9238786101341248,0.00026931241154670715
ISIC_0026012,8.356407477094763e-08,2.6029237432112495e-08,2.5956443661101503e-09,2.8428642551148187e-08,8.293223885402767e-09,0.9999991655349731,6.959149345675542e-07
ISIC_0029752,1.6512572642568557e-08,2.255245235005532e-08,8.487501368392714e-09,1.8773899768120828e-08,7.121688239131174e-10,0.9999998807907104,7.856460371158391e-08
ISIC_0027249,1.5597891867003e-09,2.0779149068061997e-08,1.508127511762325e-09,2.264106946370248e-08,4.066464942553694e-09,1.0,1.7089918813439908e-08
ISIC_0031563,5.283171677916698e-09,5.73882559251615e-08,3.694573180723637e-08,3.0522727456627763e-07,2.03048289293406e-09,0.9999995231628418,7.594157835910664e-08
ISIC_0029653,1.684229999909803e-08,4.8303199662314e-08,2.4029167544625807e-09,1.6389634538427345e-08,2.8215714209522957e-08,0.9999998807907104,7.639663124336948e-08
ISIC_0029374,1.0266901995237276e-08,2.9716597182982696e-08,1.71479652699702e-09,9.509415477282346e-09,1.2976971497380418e-08,1.0,2.7491116938449522e-08
ISIC_0031404,3.304027416106692e-07,0.9999972581863403,1.6637530464436168e-08,8.160602078532975e-07,2.8855970413133036e-07,6.224823323464079e-07,6.244152359613508e-07
ISIC_0026569,1.1997209981018386e-07,0.999998927116394,3.574915652393429e-08,6.488457415798621e-07,3.524496250406628e-08,4.5628471667669146e-08,2.4621300553917536e-07
ISIC_0026666,3.3517721931275446e-08,2.0806071532319947e-08,6.610225966596772e-08,6.823193388072468e-08,4.249466556416337e-09,0.9999996423721313,1.0568209773964554e-07
ISIC_0026552,4.151529608975579e-08,3.091652089892705e-08,3.595562292346699e-09,3.9030076948165515e-08,5.5458824199661194e-09,0.9999998807907104,9.701729197786335e-08
ISIC_0028332,3.576699043605913e-07,6.172444955154788e-08,1.3015837296848076e-09,4.412856014823774e-06,7.491429698802676e-08,0.9999946355819702,4.292714663733932e-07
ISIC_0032334,3.594905351178568e-08,4.527429098288849e-08,5.640987121857677e-10,2.7907418598260847e-08,1.2191694054308755e-07,0.9999997615814209,4.2574196612577e-08
ISIC_0027987,5.5116107233743605e-09,1.8811322277656473e-08,2.645673957690775e-10,1.1401355415330272e-08,3.6584522078442205e-09,1.0,2.9367363651999767e-08
ISIC_0032257,9.582535653862578e-09,1.985943320903516e-08,1.8816183333658643e-10,1.213323042037473e-08,2.3823854000681877e-09,1.0,1.3723965963663431e-08
ISIC_0030786,1.724801990121705e-07,4.6574382395192515e-06,7.607838483636442e-07,0.9999897480010986,2.411496780041489e-07,3.6378967394057327e-08,4.4196021917741746e-06
ISIC_0027284,1.959387496697218e-08,1.0779853454323529e-08,5.802993086057029e-10,4.2152500157044415e-08,9.304519821284885e-09,0.9999998807907104,9.054155469812031e-08
ISIC_0024697,5.763097874478262e-07,2.292245653734426e-06,2.868752169149502e-08,5.130072167958133e-06,0.09590450674295425,0.9040422439575195,4.5182820031186566e-05
ISIC_0027537,1.6348142395372633e-08,2.5706485828891346e-08,4.310389378758828e-09,9.173328763267818e-09,7.027253445812676e-09,1.0,2.6936467278915188e-08
ISIC_0027002,5.392271518189773e-08,2.3537955584629344e-08,3.916376112300668e-09,2.087934269923153e-08,5.208252162880456e-10,0.9999998807907104,2.18863309697781e-08
ISIC_0026223,2.0824800230911933e-06,1.5979359204720822e-06,1.3307722213085071e-07,3.509042926452821e-06,6.440433821808256e-07,0.9999896287918091,2.4813623440422816e-06
ISIC_0029430,4.031916887470288e-06,2.5647164875408635e-05,3.7047318528493633e-06,2.5814554192038486e-06,0.1101861223578453,0.8897711038589478,6.819960617576726e-06
ISIC_0027312,1.0746617107315615e-07,1.213262805777049e-07,1.9457520039622977e-08,4.712909529303033e-08,2.090885402594722e-07,0.9999994039535522,1.7583981559710082e-07
ISIC_0024906,1.563772400459129e-08,1.3193901970964816e-08,6.711207589660262e-09,1.0515811510458661e-07,2.160697398778666e-08,0.9999997615814209,5.411310510794465e-08
ISIC_0025073,8.181552324515451e-09,6.625930382142542e-08,5.392977175944225e-09,4.398861008780841e-08,2.75167106877916e-08,0.9999997615814209,1.0032191255504586e-07
ISIC_0028401,4.31306716563995e-06,1.1745608389901463e-05,2.6867878588632266e-08,6.3751508605491836e-06,0.733556866645813,0.26637259125709534,4.809516394743696e-05
ISIC_0030371,3.900185220118146e-06,8.586615876993164e-06,2.5977636042284757e-08,1.4056979125598446e-05,0.04193660616874695,0.9580256938934326,1.1218792678846512e-05
ISIC_0027738,4.553182861855021e-06,9.462072921451181e-05,0.00078913988545537,1.2744108062179293e-05,0.9875917434692383,0.011477588675916195,2.9546907171607018e-05
ISIC_0031518,1.8262451249029255e-06,3.1735413358546793e-05,7.604512211401016e-05,8.042509762162808e-06,0.0004319155414123088,0.9993733763694763,7.705445750616491e-05
ISIC_0027497,2.5736068209880614e-07,1.1085911211239363e-07,1.6526616519740855e-08,3.1148232437772094e-08,9.745587448151127e-08,0.9999994039535522,1.3931500575381506e-07
ISIC_0028255,5.8041276673748143e-08,5.2700023900342785e-08,2.321921099834867e-09,4.006217579899385e-08,5.3408971467661104e-08,0.9999998807907104,4.179839052653733e-08
ISIC_0029409,8.176278498694955e-08,1.566481415693488e-07,3.3198514870491636e-07,8.907812798497616e-08,1.0148416551558626e-09,0.9999991655349731,1.6001234826035216e-07
ISIC_0032364,3.106922719098293e-08,8.930397399353751e-08,4.361390438134549e-06,8.00207331508318e-08,6.084664505578985e-07,0.9999946355819702,1.4128330860785354e-07
ISIC_0030829,1.7497395532473092e-08,2.242775209992942e-08,1.7343877445341604e-09,3.5506324991274596e-08,2.284789690776279e-09,0.9999998807907104,1.1209301220560519e-07
ISIC_0025367,9.145288970557885e-09,1.0035154929255441e-08,1.3477369220638025e-09,2.676097210496664e-08,1.624416379186755e-09,1.0,3.17308064268218e-08
ISIC_0028373,2.318062541917243e-07,7.146134066715604e-06,6.195649802975822e-06,2.2589154013985535e-06,0.24160194396972656,0.7583693265914917,1.2916760169900954e-05
ISIC_0024714,3.598962905471126e-08,7.34497831444969e-08,9.20618276722962e-07,3.509241963683962e-08,2.0692360180873948e-07,0.9999986886978149,5.246057455110531e-08
ISIC_0028636,1.5855560420163783e-08,1.0860095045472917e-07,6.784171802109995e-08,4.0421845426408254e-08,1.509332991922463e-09,0.9999997615814209,6.134006014235638e-08
ISIC_0025687,5.678675307763115e-09,1.3002765797409666e-07,5.681568104876078e-09,2.4273500542904003e-08,1.3125722375662008e-07,0.9999996423721313,8.334349388405826e-08
ISIC_0028851,1.173575370216895e-08,1.3029402445852156e-08,1.9031638487376767e-09,1.154332185393514e-08,7.339953644880381e-10,1.0,3.381555657711033e-08
ISIC_0028527,1.2529725701426742e-08,2.7026834104049158e-08,3.4297009676720336e-08,1.8580532668011074e-08,1.555673923014922e-09,0.9999998807907104,1.145329946439233e-07
ISIC_0027244,3.040699425582716e-07,2.0624272565328283e-06,0.00036506232572719455,1.6042420156736625e-06,1.0379231980550685e-06,0.9996272325515747,2.7891840090887854e-06
ISIC_0025863,7.661241419043563e-09,3.937612902404908e-08,5.985250961515476e-09,2.1953519890871576e-08,1.4693808392252095e-09,1.0,3.262752201749208e-08
ISIC_0024387,4.9019146075579556e-08,5.988027140801933e-08,1.5019962162909906e-08,3.2913600733763815e-08,9.536144096600196e-10,0.9999997615814209,4.290377475513196e-08
ISIC_0031674,1.4410012738608202e-07,6.420950285246363e-06,0.9913199543952942,6.055006906535709e-06,2.267857553306385e-06,0.008659083396196365,6.105524334998336e-06
ISIC_0025834,1.5756950233480893e-07,3.629203547461657e-06,5.801192770604757e-08,1.5951128773394885e-07,2.2890342066261837e-08,0.9999957084655762,4.1439312781221815e-07
ISIC_0025631,2.2700072932479998e-08,1.021686468760663e-08,3.9700254195196294e-10,2.00429486341136e-08,2.6103468826477183e-06,0.9999972581863403,7.904884569143178e-08
ISIC_0031337,4.033189782148838e-08,4.338939874060088e-08,9.646345944247514e-10,2.7752848907880434e-08,3.88828063080382e-08,0.9999998807907104,6.766791216250567e-08
ISIC_0025555,1.9348799895624325e-08,1.2696975026926793e-08,2.8051874156886925e-09,2.4060089032218457e-08,2.0360138019981378e-09,0.9999998807907104,4.147999277392955e-08
ISIC_0032242,9.09702979612348e-09,2.0925551069694848e-08,2.1133834682274255e-09,1.2009842897953149e-08,7.897894782615822e-09,1.0,2.7979005778888677e-08
ISIC_0024317,2.693142953091865e-08,1.2612447974902352e-08,1.8167622961584584e-10,1.4782925994438756e-08,3.717065411024123e-08,0.9999998807907104,2.7272754721252568e-08
ISIC_0028751,2.0931818056624252e-08,6.834288246437836e-09,4.68886873772334e-10,7.023755355106687e-09,1.1693074952745519e-08,0.9999998807907104,8.87356463863398e-08
ISIC_0027024,5.71387062109352e-08,2.9616776586749438e-08,3.100986134541017e-10,1.536609595120808e-08,5.548868742266677e-08,0.9999998807907104,6.195773494255263e-08
ISIC_0028977,4.616117266209585e-08,3.767212675143128e-08,0.9999997615814209,4.172406420366315e-08,8.284517960532867e-09,2.1067554811793343e-08,1.1449486692072242e-07
ISIC_0033859,8.132858056342229e-05,4.2477022361708805e-05,0.9420507550239563,4.087754132342525e-05,4.8469378270965535e-06,0.05772287771105766,5.680644972017035e-05
ISIC_0031546,5.5273414290013534e-08,4.8470059965666223e-08,2.8561097931145696e-09,1.475726296717994e-08,2.774782181802493e-08,0.9999998807907104,4.616408233459879e-08
ISIC_0028287,3.0094710723460594e-08,1.591397413847062e-08,4.994483715492493e-10,2.4334742221299166e-08,1.9508208382035264e-09,0.9999998807907104,4.8117360762489625e-08
ISIC_0032633,2.3144144378761666e-08,5.688555759775227e-08,5.0859974010109e-08,2.3591169906467258e-08,1.4429156758311024e-09,0.9999998807907104,3.736221643180215e-08
ISIC_0034298,1.1436245017648616e-07,2.943574770597479e-07,2.6156300236834795e-08,1.2041782326832617e-07,2.31784014204095e-09,0.9999994039535522,1.3570065959811473e-07
ISIC_0033971,2.5733172037689656e-08,4.094930261544505e-08,1.328331000749472e-09,3.5496167782866905e-08,1.0592241750373432e-08,0.9999998807907104,6.347300995912519e-08
ISIC_0032527,6.431147170360418e-08,6.484926018401893e-08,3.0037539122673707e-09,1.3439269253012753e-07,2.600676907604793e-06,0.9999966621398926,3.943035551401408e-07
ISIC_0032964,6.586186884760536e-08,1.0871640370169189e-06,1.3042249058514699e-08,2.743496452239924e-07,4.038536280859262e-05,0.9999574422836304,7.950950475787977e-07
ISIC_0033363,1.396173502143938e-06,2.6681172471398895e-07,6.614704034291208e-05,4.058464639911108e-07,4.706702583234801e-09,0.9999313354492188,4.788657861354295e-07
ISIC_0033058,4.6224631233826585e-08,9.876811901676774e-08,4.476406800790755e-09,2.5714831153322848e-08,7.0758455876784865e-06,0.9999926090240479,1.0792803806225493e-07
ISIC_0032924,8.857729660860514e-09,6.52030536230086e-08,2.7867416818594393e-08,1.575093300232311e-08,6.869878177440114e-08,0.9999996423721313,7.778950816828001e-08
ISIC_0033852,3.250547919719793e-08,6.03371788088225e-08,1.0775906833515592e-09,4.035977596572593e-08,5.0531916713225655e-06,0.9999946355819702,1.4008091397954558e-07
ISIC_0033775,2.000130017165702e-08,2.1483449685888445e-08,3.7571343258768763e-10,2.1889128731800156e-08,1.0811420203538091e-08,0.9999998807907104,5.034861771946453e-08
ISIC_0033561,2.0362168839938022e-08,3.9783479621746665e-08,9.979717052743808e-10,1.4664248482176845e-08,6.379805483902601e-08,0.9999998807907104,4.777451678705802e-08
ISIC_0034225,1.0075614653715093e-07,7.890255204756613e-08,1.81839399093775e-09,2.974379356146528e-07,2.530397250666283e-05,0.9999740123748779,1.851295650112661e-07
ISIC_0032916,3.144635485341496e-08,1.272390637296894e-08,3.6728589614121177e-10,4.0407424961586e-08,2.9196715445323207e-07,0.9999996423721313,7.538683632901666e-08
ISIC_0033756,1.2056065656906867e-07,5.414499781863924e-08,3.986532881583571e-09,1.200372850007625e-07,4.8589445356128635e-08,0.9999995231628418,1.3113910313222732e-07
ISIC_0025619,7.578282890108312e-08,1.1263844044151483e-06,7.239731480979117e-09,5.2627367352897636e-08,5.827511131428764e-07,0.9999973773956299,9.097778388422739e-07
ISIC_0033823,2.2991383019643763e-08,1.863426746240293e-08,2.911007268568966e-10,1.6150316639595985e-08,1.0696352248373842e-08,0.9999998807907104,3.8808416036317794e-08
ISIC_0032954,3.6294625260779867e-07,1.8551143057266017e-06,7.48730233368633e-09,1.5093195315785124e-06,0.0008272113627754152,0.999152421951294,1.6578980648773722e-05
ISIC_0033371,2.374615171163441e-08,3.708588636186505e-08,4.731235403454548e-10,4.2853891102367925e-08,3.679636861875224e-08,0.9999998807907104,1.0129367211675344e-07
ISIC_0029953,4.609518811093949e-08,2.1855127485537196e-08,2.2306922975445787e-09,1.0834085628630419e-08,2.714083180421767e-09,0.9999998807907104,4.415312204741895e-08
ISIC_0027643,6.169662469801551e-08,1.5093787908426748e-07,1.0621775459185301e-08,7.414448788267691e-08,5.574368344696268e-08,0.9999995231628418,9.582920057482625e-08
ISIC_0033227,9.483676066679436e-09,2.12775539409904e-08,8.27674817571733e-09,7.764453080483236e-09,1.1001823452261306e-08,1.0,1.7769076876561485e-08
ISIC_0033365,1.6564431604138008e-08,4.31260360755914e-08,9.221465369080306e-09,1.579272357332684e-08,3.847190299666181e-08,0.9999998807907104,4.573769274429651e-08
ISIC_0033959,7.689305334679375e-07,1.0768640095193405e-05,4.09912843224447e-07,4.498478119785432e-06,0.6757058501243591,0.32426735758781433,1.0263177500746679e-05
ISIC_0032914,1.883600120322626e-08,8.807946869637817e-07,1.800280635677609e-08,2.0434697489690734e-07,3.6287508464738494e-06,0.9999949932098389,2.1696043006613763e-07
ISIC_0033309,3.5390110042499145e-07,1.406114733981667e-06,7.134746482506671e-08,1.6855250350999995e-06,0.06369771808385849,0.9362967014312744,2.040666458924534e-06
ISIC_0031904,3.92894001777222e-08,5.295360594459453e-09,2.5962949568025806e-09,1.852335174135078e-08,7.849431327144885e-09,0.9999998807907104,5.726231933067538e-08
ISIC_0026177,3.200597120667226e-08,3.389290981203885e-08,5.919331691472962e-10,2.322591008407926e-08,5.97192268969593e-08,0.9999998807907104,4.7664471480857173e-08
ISIC_0025990,1.8772190742311068e-05,9.657886403147131e-05,0.05932176858186722,5.461815817398019e-06,0.5829327702522278,0.3575816750526428,4.300432919990271e-05
ISIC_0025778,1.0117790225194767e-05,1.209336824103957e-05,0.6378902196884155,2.875704694815795e-06,0.36201566457748413,5.144303213455714e-05,1.7593867596588098e-05
ISIC_0027250,6.3747183958184905e-06,8.582478017160611e-07,1.0094096580814949e-07,3.6229196211934322e-06,0.000766479002777487,0.9991766810417175,4.5966658944962546e-05
ISIC_0025309,2.344167882029069e-07,3.992485630988085e-08,6.21504625542002e-10,2.511007757277639e-08,2.5343730669646902e-08,0.9999996423721313,1.266295015511787e-07
ISIC_0026883,1.7621712800064415e-07,1.407702598044125e-06,4.109727342438418e-06,1.541179335617926e-05,3.115648539164795e-08,0.9999781847000122,7.218813493636844e-07
ISIC_0031412,8.80310562934028e-06,1.669762582423573e-06,3.601071284720092e-06,0.9991683959960938,3.255774936405942e-05,0.0007572532631456852,2.7721225706045516e-05
ISIC_0024344,2.9059549433441134e-07,1.0563209116298822e-06,2.093705688821501e-07,2.7010793246518006e-07,0.9992619156837463,0.0007347121718339622,1.6121707631100435e-06
ISIC_0025836,1.5241984328895342e-05,1.124368736782344e-05,1.6281838952636463e-06,0.007738315034657717,0.992222249507904,1.92298466572538e-06,9.423875781067181e-06
ISIC_0026384,3.0532735451060944e-08,2.3557356954029274e-08,3.212319299450428e-09,2.3093258860740207e-08,4.220581661940059e-09,0.9999998807907104,5.451069640116657e-08
ISIC_0028436,1.1068647864931336e-07,1.525567796534233e-07,7.885444830435517e-08,1.9241883819631767e-07,2.55404000171211e-08,0.9999992847442627,1.0159700281064943e-07
ISIC_0032374,9.809191396925598e-06,7.724243573647982e-07,3.0291341772681335e-06,6.004043370921863e-06,1.2455707576464192e-07,0.9999796152114868,7.139439048842178e-07
ISIC_0025855,1.7739237989644607e-07,1.808404164194144e-07,1.466451067244634e-07,8.496538583813162e-08,8.668741280359882e-09,0.9999991655349731,1.569274417079214e-07
ISIC_0025541,6.064448054843297e-09,5.821911841508154e-08,1.8266553825085907e-09,4.4977525703870924e-08,1.5847207990304923e-09,0.9999998807907104,6.078846581658581e-08
ISIC_0025117,2.7163416405073804e-08,1.9450517640962062e-07,2.537418719583684e-09,7.143241731455419e-08,2.5462909558626734e-09,0.9999995231628418,1.40014279281786e-07
ISIC_0032009,3.006238387115445e-07,5.934390969741798e-07,1.544357837701682e-05,1.5541786524408963e-07,7.003275181993729e-10,0.9999833106994629,2.7264647428637545e-07
ISIC_0032784,3.0785880511530195e-08,4.2995026205971953e-08,3.240137047555436e-10,9.793029676075093e-08,2.375207763805065e-08,0.9999996423721313,2.3575231011818687e-07
ISIC_0033459,5.069542567071039e-06,1.9127253835904412e-05,7.673666857499484e-08,4.025504495075438e-06,0.3361937403678894,0.6637533903121948,2.457850678183604e-05
ISIC_0032710,5.044951834065614e-08,1.1030963520397563e-07,2.642151775145152e-10,6.32472207939827e-08,7.715637366345618e-06,0.9999915361404419,4.784727707374259e-07
ISIC_0033231,2.4711127366572327e-08,1.0757794655091857e-08,1.1383597398051393e-09,1.722793463443395e-08,2.8703091015103155e-09,1.0,1.8319600059157892e-08
ISIC_0033035,6.074312164372486e-09,7.250225309007874e-09,6.816229247696981e-10,5.5961000278159645e-09,2.0433873260117252e-08,1.0,8.994287981067828e-09
ISIC_0032525,5.9400750984650585e-09,3.1196037753034034e-08,8.057622902235551e-10,1.5805374786737048e-08,4.095078907084826e-07,0.9999995231628418,2.8400036100606485e-08
ISIC_0033825,2.1700486740883207e-06,7.055134483380243e-05,9.150883124675602e-05,7.214278593892232e-05,0.954644501209259,0.04501714929938316,0.00010200664110016078
ISIC_0033857,1.2125788373396063e-08,6.937884222679713e-08,2.3579447727684055e-08,3.5841779322254297e-07,0.9999986886978149,8.196874432542245e-07,1.0463601540777745e-07
ISIC_0032731,2.9099037845981002e-08,1.5584693358050572e-07,3.2203619326764965e-08,2.0377201792598498e-07,0.9999992847442627,1.4296492167886754e-07,2.1271057448757347e-07
ISIC_0032802,7.171268023853372e-09,7.366296461697175e-09,8.222694747317405e-10,1.0913936421275139e-08,5.538419944883799e-09,1.0,3.363974343528753e-08
ISIC_0032551,5.450911721993634e-09,2.919527508637998e-09,1.558269735468798e-09,7.275201774348261e-09,1.3178085289666797e-08,1.0,2.1774532399376767e-08
ISIC_0033544,4.6630699301886125e-09,3.965021644347644e-09,8.939280982112052e-10,5.194980445821784e-09,4.737234604590412e-09,1.0,1.8723229189276935e-08
ISIC_0033906,1.2324372633543135e-08,1.1834228708096362e-08,1.7661483386888222e-09,7.364779008867117e-09,9.133000133942915e-09,1.0,2.7052882600742123e-08
ISIC_0033298,2.5405542558587513e-08,1.7026311027734664e-08,8.230199632919266e-09,9.520758403880336e-09,1.0556275853446095e-09,1.0,2.2714299774406754e-08
ISIC_0034210,2.3386071745790105e-08,1.6622411891376032e-08,3.271031445706285e-09,1.1072493144581586e-08,1.1497285790085243e-08,0.9999998807907104,4.124946073602587e-08
ISIC_0034111,9.011631441069312e-09,1.798800042251969e-08,1.2305603647178032e-08,1.9720827637570437e-08,2.628557371764373e-10,1.0,2.9763679521011e-08
ISIC_0032676,1.8775976329266086e-08,1.4296247741185653e-08,1.0179642018215418e-08,2.432685164421855e-08,7.122829548400489e-10,0.9999998807907104,4.65955949380259e-08
ISIC_0034077,1.8334492324356688e-07,4.7773045963594996e-08,7.648155886386121e-09,1.0314638387853847e-07,1.711224495437591e-09,0.9999995231628418,1.217681671050741e-07
ISIC_0032761,1.397708970785061e-08,1.5130257935425107e-08,4.103024309198844e-10,4.689650623390662e-08,1.6185089179998613e-07,0.9999996423721313,1.4231255818231148e-07
ISIC_0033160,1.0409226369745284e-08,9.056586591782434e-09,2.0146738444193346e-10,1.319649722830718e-08,7.290565040563024e-09,1.0,2.3711848484708753e-08
ISIC_0033930,1.0757382540305116e-08,1.0605401890018129e-08,1.666773385977649e-10,2.4129438003228643e-08,2.941489718466528e-08,0.9999998807907104,4.5781249013998604e-08
ISIC_0025009,9.17252407361957e-09,1.4187726549153012e-08,1.097989033027602e-09,8.758160419120031e-09,9.125507571816627e-10,1.0,1.8438859328284707e-08
ISIC_0033492,1.6842996330979076e-07,2.2590722892346093e-06,9.470563355762351e-08,1.0934801366602187e-06,0.9743775129318237,0.025617854669690132,1.0632247722242028e-06
ISIC_0032548,1.35531603717709e-08,3.852006358329163e-08,1.584645081820213e-09,2.3181343067335547e-08,2.3470717280815734e-07,0.9999997615814209,3.6676340187113965e-08
ISIC_0033106,6.816561040068336e-07,1.0649266187101603e-05,5.4133991511662316e-08,3.6428514249564614e-06,0.6882996559143066,0.3116801381111145,5.165339189261431e-06
ISIC_0034153,0.0029217626433819532,0.251241534948349,0.011284908279776573,0.00023173331283032894,0.5005127191543579,0.2329840511083603,0.000823282403871417
ISIC_0034017,2.4370774553972296e-06,0.00022240797989070415,8.08538302976558e-09,3.6580538562702714e-06,0.0001274970272788778,0.9996387958526611,5.1707797865674365e-06
ISIC_0034060,1.6321628493187745e-08,1.1082445183774325e-08,3.443166862737712e-10,1.7270274099701055e-08,8.963136011175266e-09,1.0,2.3398746051839225e-08
ISIC_0033002,2.252073016961731e-08,1.447020281375444e-08,1.4283674243387168e-09,2.7576822603236906e-08,8.194578349218773e-09,0.9999998807907104,4.03342070853796e-08
ISIC_0033683,2.695755085824203e-07,3.524568512602855e-07,1.8616315156094743e-09,9.549081596560427e-07,0.009306637570261955,0.990689754486084,2.0828865672228858e-06
ISIC_0032707,3.972084172687573e-08,2.182372469405891e-07,2.4890447036796104e-08,3.503493672951663e-08,2.2804757193739533e-08,0.9999996423721313,7.370091736902395e-08
ISIC_0034311,1.2625207546079764e-07,5.5707552348849276e-08,3.362175426957492e-09,2.2263277443812513e-08,1.8544602653491893e-07,0.9999996423721313,7.742212204675525e-08
ISIC_0032853,2.07974676413869e-06,1.272290205633908e-06,1.3461407100123779e-08,7.352395641646581e-06,0.9506468772888184,0.04933946952223778,2.985436367453076e-06
ISIC_0034148,2.2134429400466615e-08,9.288810076668597e-08,4.290896971070879e-09,1.2848494179706904e-07,2.718456926231738e-07,0.9999994039535522,1.1861764193099589e-07
ISIC_0034241,7.296581117088863e-08,7.195195905751461e-08,6.0303784188420195e-09,2.0279514956200728e-07,6.586978997802362e-06,0.9999927282333374,2.532378005071223e-07
ISIC_0033558,1.5548978993251694e-08,1.4985626961561138e-08,1.1581711145680629e-09,2.1838754804548444e-08,4.495752214950244e-09,1.0,2.6093781357872103e-08
ISIC_0033590,3.022690719944876e-08,2.0489251184585555e-08,1.9291044317526485e-09,3.696237982353523e-08,2.9454477967760795e-08,0.9999998807907104,5.6163230510719586e-08
ISIC_0033303,1.7647755257144127e-08,1.6778848532794655e-08,1.5102836758984495e-09,2.6385105655890584e-08,1.815814054673126e-09,1.0,1.5807399833533964e-08
ISIC_0032584,2.6362762639564608e-08,1.241039804256161e-08,3.071794818509943e-09,1.2649788772023385e-08,6.8484715676220276e-09,0.9999997615814209,1.9161741704465385e-07
ISIC_0033731,5.194207730596645e-09,1.7365405113878296e-08,2.3692259265573057e-09,5.210103015684808e-09,2.1397857707938783e-08,1.0,2.0367451725178398e-08
ISIC_0032644,5.071854047855595e-08,1.0603359967831238e-08,4.9552695280397074e-09,1.4510360024644342e-08,9.716372595391931e-09,0.9999998807907104,9.430539904542456e-08
ISIC_0032969,5.7676082576563203e-08,9.616866236683563e-08,2.372643415071707e-09,7.02103690741751e-08,1.9249469914939255e-05,0.9999803304672241,8.957906061368703e-08
ISIC_0033894,3.641615933247522e-07,4.236217421293986e-07,2.3242547886326292e-09,6.259118094931182e-07,0.9923402070999146,0.007657576818019152,8.67516860125761e-07
ISIC_0032478,1.963040006103256e-07,2.706510713323951e-07,6.77346889688124e-08,2.796438138830126e-07,0.019202079623937607,0.9807949662208557,2.17130764212925e-06
ISIC_0032765,1.8321841821489215e-07,4.431112543556992e-08,3.645794276962988e-05,1.6728554896872083e-07,1.1356067943779635e-06,0.9999614953994751,5.728772975999163e-07
ISIC_0033093,2.0785408949564044e-08,1.262758875242298e-08,1.6834288130151975e-10,2.0036276637824812e-08,7.750547581508727e-08,0.9999998807907104,5.1828685343480174e-08
ISIC_0033501,1.3504839557754167e-07,1.269322336128198e-08,4.314057999721399e-09,1.490470026510593e-06,1.0927794136250668e-07,0.9999980926513672,4.9593474216180766e-08
ISIC_0032677,1.3528290487840877e-08,4.3082604150868065e-09,3.3986807812524944e-10,1.1250270048890343e-08,2.5337115516776976e-08,0.9999998807907104,3.156251437985702e-08
ISIC_0032649,2.452200220659506e-08,2.279084654333019e-08,1.8093040399236315e-09,5.3839467994976076e-08,3.965325490185023e-08,0.9999998807907104,3.608253251741189e-08
ISIC_0034109,6.467021140821316e-09,7.856262307370798e-09,7.642599886281687e-10,1.3554895872402994e-08,4.721178559208283e-09,1.0,1.9785366234259527e-08
ISIC_0033439,6.658394227088138e-07,2.673874917036301e-07,1.7308533273308058e-08,2.1367764020396862e-06,1.3553653843700886e-05,0.9999830722808838,2.5682541604510334e-07
ISIC_0033451,4.863186404691078e-07,2.019773006622927e-07,2.4638816285005305e-06,2.9455785011123226e-07,3.00137159570113e-08,0.9999961853027344,3.4884635624621296e-07
ISIC_0033552,0.0001764031039783731,0.00033817661460489035,0.06684684008359909,0.0004632882191799581,2.421530552965123e-06,0.932084321975708,8.839199290378019e-05
ISIC_0034310,1.5743183894301183e-06,2.830520998031716e-06,0.00026605682796798646,3.4061263249896e-06,5.574992201218265e-07,0.9997219443321228,3.5368996122997487e-06
ISIC_0033083,1.1160798507603431e-08,3.48884228174029e-08,2.955084399403063e-09,6.034137811639084e-08,7.32440197381834e-09,0.9999994039535522,4.418293997332512e-07
ISIC_0033133,2.358829043203059e-08,9.997783934068138e-09,1.533323801261588e-09,1.0338750655591866e-07,1.0978171705033901e-09,0.9999998807907104,2.4347833971205546e-08
ISIC_0033352,1.11004689884453e-08,2.1889878354386383e-08,2.1435875297015627e-09,4.159193522923488e-08,9.126585598373538e-10,0.9999998807907104,9.783902754634255e-08
ISIC_0032639,1.1390334897498633e-08,1.2135706661808854e-08,1.950798633743034e-09,1.2379619107605322e-08,4.028988254134447e-10,1.0,2.4558373112881782e-08
ISIC_0033525,2.1014265882968175e-08,2.8608221569470516e-08,3.830786798886265e-09,1.6132275959535036e-08,8.085029312709935e-10,1.0,3.1292177737896054e-08
ISIC_0033943,4.899025611848629e-07,8.81165215105284e-06,4.677240639239244e-08,6.006354851706419e-06,0.006634102668613195,0.9933457374572754,4.843735496251611e-06
ISIC_0033434,6.509038712465554e-07,0.00027757903444580734,6.018278497776919e-08,3.6321093830338214e-06,0.0007879367913119495,0.9989283680915833,1.7097268028010149e-06
ISIC_0033006,1.2317325115418498e-07,1.4003321169298033e-08,1.9583550336932376e-09,4.836173062017224e-08,6.679757547090048e-08,0.9999997615814209,8.359585024209082e-08
ISIC_0032518,6.989984768779323e-08,2.5811866422031926e-08,2.5884521193120236e-09,2.6465892588589668e-08,3.6018573013052446e-08,0.9999996423721313,2.2954692724397319e-07
ISIC_0033548,6.796717855195311e-08,4.80855746332054e-08,1.4298382478017402e-09,4.3842163677254575e-08,7.799567924848816e-08,0.9999990463256836,7.483890271942073e-07
ISIC_0033737,3.261246206420765e-08,2.6414456399947994e-08,8.37306668444171e-09,2.3942300586554666e-08,1.3240561980154553e-09,0.9999998807907104,5.2316941889785085e-08
ISIC_0033932,3.0184214239170615e-08,3.006797300031394e-08,9.857281657588146e-10,3.0763992242555105e-08,4.194211644659163e-09,0.9999998807907104,7.217651898372424e-08
ISIC_0033532,1.835849872122708e-08,3.285653349394124e-08,2.552594358107285e-09,2.741592552979455e-08,1.7238684222320444e-06,0.9999982118606567,9.648751131408062e-08
ISIC_0032713,1.5054208546416703e-08,1.4800643377554934e-08,5.267524194607631e-10,3.2984864617446874e-08,2.0942136416124413e-06,0.9999978542327881,3.382064406309837e-08
ISIC_0033541,2.1170350805732596e-08,5.053795248954884e-08,1.3930095121850172e-07,9.105588816282761e-08,2.18061835255412e-09,0.9999996423721313,7.398909218636618e-08
ISIC_0032670,8.115933702868006e-09,2.8666667262200463e-08,2.239974206119655e-09,1.7220244785676186e-08,4.09544353985325e-09,1.0,1.2029008900071858e-08
ISIC_0033441,2.3574211027721503e-08,3.961748973324575e-08,4.7748731191177285e-08,1.0427710606109031e-07,6.839382948875539e-10,0.9999997615814209,5.920522383462412e-08
ISIC_0034009,8.039722132480165e-08,2.3358478529189597e-07,0.00034219480585306883,2.0852935733728373e-07,6.750611625250258e-09,0.9996551275253296,2.072696588584222e-06
ISIC_0034305,2.4050804015018912e-08,6.507541883138401e-08,5.28759585449734e-07,2.6572910982736175e-08,1.7241452709981786e-09,0.9999991655349731,1.5292017963020044e-07
ISIC_0034097,3.084583610757363e-08,6.072367852993921e-08,4.7219455012736944e-08,2.353391259646287e-08,1.4145240534446657e-09,0.9999997615814209,7.126260470613488e-08
ISIC_0033462,1.517355308067181e-08,1.3968057821500679e-08,1.9115637961419907e-09,2.9883587160384195e-08,1.7299770505019296e-09,0.9999998807907104,7.208021912674667e-08
ISIC_0033191,2.560870449030972e-08,1.6452430529056983e-08,2.1024515461931514e-09,4.858297586451954e-08,3.810939896986554e-10,0.9999998807907104,4.510587103823127e-08
ISIC_0033875,1.3531209042128012e-08,3.489995847871796e-08,1.772019420087645e-09,9.35986044225956e-09,1.5871439718040392e-09,1.0,2.3567068296870275e-08
ISIC_0034200,6.753739789644442e-09,1.8505414089986516e-08,1.0044685083698823e-09,9.530805478163984e-09,2.940411691909617e-09,1.0,1.641316060840836e-08
ISIC_0033197,7.468980989244756e-09,1.1150973477924708e-08,8.128509532134842e-10,1.540747796013875e-08,7.379427069409417e-10,1.0,2.663956344406415e-08
ISIC_0032896,4.229841010783275e-08,1.2769908153131837e-07,3.2425364615562557e-09,1.7331673873854925e-08,6.790120465893779e-09,0.9999992847442627,5.076993261354801e-07
ISIC_0034166,3.422727345991916e-08,3.6291034177793335e-08,1.0181304688217097e-09,1.6293194349259466e-08,3.726120301195124e-09,0.9999996423721313,2.7453447160041833e-07
ISIC_0034217,2.2859109094497398e-07,6.50743814389898e-08,4.055134450453579e-09,4.070829362490258e-08,2.1685585238628846e-07,0.9999983310699463,1.096431788027985e-06
ISIC_0032952,7.97242094563444e-08,1.5786666196504484e-08,9.287349778119847e-10,1.2469975274598255e-08,1.6969377014675047e-08,0.9999996423721313,2.2073837158131937e-07
ISIC_0033463,8.926149348553736e-07,1.5497822403176542e-07,3.258829206487235e-09,4.147610184190853e-07,0.004567896481603384,0.9954261183738708,4.682939106714912e-06
ISIC_0033757,4.189085757388966e-06,4.315767910156865e-06,0.00022505898959934711,3.924535121768713e-05,0.9953863024711609,0.004300687927752733,4.02624427806586e-05
ISIC_0032588,1.573019403622311e-08,1.3450308422591206e-08,9.190171401662894e-10,1.5268605935148116e-08,1.1961897028456292e-09,1.0,2.9721016758799124e-08
ISIC_0033033,6.799301122129009e-09,2.5826500049674905e-08,9.01571872713447e-10,2.255043440868576e-08,2.287424827329687e-08,1.0,2.668014076334657e-08
ISIC_0033390,3.451493313377796e-09,9.65412016995515e-09,3.748295285266323e-10,7.537431123694205e-09,1.2719421960127875e-08,1.0,2.1076644429740554e-08
ISIC_0033836,1.7868828194878006e-08,1.9157223363208686e-08,1.631103918597887e-09,2.197631054912108e-08,7.095345422314381e-10,1.0,3.0124919447871434e-08
ISIC_0029531,5.204207287334839e-09,8.566290716771618e-07,3.511304669245874e-08,3.0467898426422835e-08,2.3026875339837716e-07,0.9999988079071045,1.3904401896525087e-07
ISIC_0030961,4.484844140506539e-08,1.1265411785643664e-06,4.350225069060798e-09,2.83457950445154e-07,0.00039239838952198625,0.9996054768562317,7.571957780783123e-07
ISIC_0030626,1.5268167175008784e-08,1.744224853439391e-08,5.373036460198932e-10,6.282689479775172e-09,1.1078412853748887e-07,0.9999998807907104,1.552014694539139e-08
ISIC_0031163,4.602481595838981e-08,2.8856744549443647e-08,1.0440117659271664e-09,1.7049382350364795e-08,2.0724120020076953e-07,0.9999997615814209,3.7817624587432874e-08
ISIC_0032496,3.3021173351244215e-08,1.914065848040991e-07,5.211981601860316e-08,9.04672816659513e-08,1.046132180881898e-09,0.9999994039535522,1.3906995377510611e-07
ISIC_0027246,1.3620202743425125e-08,6.200916402576695e-08,1.828942330917016e-09,1.3614489091651194e-08,2.809888988153375e-09,0.9999998807907104,2.634637930043482e-08
ISIC_0025695,1.7446134537024705e-09,5.738693964474351e-09,9.283049329233961e-10,8.953686680968076e-09,6.198738411455906e-09,1.0,1.5669167297005515e-08
ISIC_0026427,1.4904948386629258e-09,7.124396628199747e-09,2.45035236545732e-09,2.607676563570749e-08,6.496408300193934e-09,1.0,3.330558584480059e-08
ISIC_0025045,1.5482298110214288e-08,7.916884214864695e-08,4.210104709301277e-09,9.657988897515679e-08,2.2247725883772773e-09,0.9999996423721313,5.370499778223348e-08
ISIC_0030543,2.9452486671743827e-08,2.0606270823009254e-07,1.0787453597060903e-08,4.2830504298763117e-07,2.515506469791262e-09,0.9999990463256836,1.676483094570358e-07
ISIC_0024608,1.3982821656099986e-07,5.556719884225458e-07,2.3647283242667072e-08,1.296473783440888e-06,0.9811175465583801,0.018878277391195297,2.1725293208874064e-06
ISIC_0025267,5.253030010976545e-09,6.515071149237883e-09,2.565850309999007e-10,2.6308506484440386e-09,1.146041839206191e-08,1.0,6.068591407171198e-09
ISIC_0029581,5.61812063537559e-09,7.911932442539182e-09,3.51694867672947e-10,2.9653279831620694e-09,3.0065798739542515e-08,1.0,9.023980673816823e-09
ISIC_0029814,2.4170070389573084e-08,2.775576390945389e-08,4.104395712190012e-10,2.9365235576506166e-08,3.713901833179989e-06,0.9999961853027344,8.103950221993728e-08
ISIC_0031481,7.409343805164781e-09,1.1954032430594452e-08,2.2364936291818793e-10,7.60192442328389e-09,7.186551442828204e-08,0.9999998807907104,2.1089912038974035e-08
ISIC_0030284,8.09406053292605e-09,1.6232775124080945e-08,6.821770370812885e-10,8.07623390386425e-09,8.631473868980777e-10,1.0,1.4754111710146844e-08
ISIC_0024319,2.6818122478289297e-07,7.935847889939396e-08,1.7281409636638045e-09,3.155031080837034e-08,9.42164888328989e-07,0.9999984502792358,1.902966744182777e-07
ISIC_0030243,1.4455361352361251e-08,2.8232456372734305e-08,3.2161389107443483e-09,2.9688550284845405e-08,2.2718021241985298e-08,0.9999998807907104,3.2379229963908074e-08
ISIC_0032058,1.3607533766446522e-08,1.4505078027582385e-08,3.6521914381637544e-09,3.746841059637518e-08,6.9694556792399e-09,1.0,2.75701452778776e-08
ISIC_0030841,1.646366065699567e-08,6.525527851408697e-08,1.4429947237104557e-09,8.806569695707367e-08,0.9999973773956299,2.387012955296086e-06,1.244974185965475e-07
ISIC_0024361,1.0839809050366966e-07,4.924743848278013e-07,3.373872292655733e-09,4.044783850076783e-07,5.027592123951763e-05,0.9999477863311768,9.646070111557492e-07
ISIC_0028581,1.1849772718619533e-08,8.157378061923737e-08,1.663888404834779e-08,2.422721756545343e-08,2.0420702639967203e-05,0.9999793767929077,2.5037737216848654e-08
ISIC_0030773,9.03186592182692e-09,3.163695438956893e-08,1.3806161769380765e-09,1.8378360167048413e-08,2.7102666777523154e-08,0.9999998807907104,6.09149779506879e-08
ISIC_0028692,6.365375337935575e-09,1.8048073258114528e-08,6.957498466242384e-10,1.0113398118960504e-08,5.204680242343329e-09,1.0,2.131923260151325e-08
ISIC_0032260,4.920019502918649e-09,1.4059285291523338e-08,1.2995615694677554e-09,6.831526011552569e-09,4.8804000840618755e-09,1.0,1.4733949171841232e-08
ISIC_0030933,2.716297160532122e-07,3.6380936307978118e-06,3.3588785086635653e-09,4.957345254297252e-07,1.735347723297309e-07,0.999995231628418,1.825193152171778e-07
ISIC_0025043,2.046728468485526e-06,1.8462881143932464e-06,4.289750332731046e-09,5.042659836362873e-07,3.168010564991164e-08,0.9999953508377075,3.2434670060865756e-07
ISIC_0026272,7.053801542866722e-09,1.7852952893804286e-08,2.034022728025775e-09,1.2074545807649883e-08,2.526605591413045e-10,1.0,1.8606140628207868e-08
ISIC_0024658,6.805710661694775e-09,1.899128854176979e-08,2.37064989860869e-09,1.264897253605568e-08,2.9522170819085147e-10,1.0,2.0076253548495515e-08
ISIC_0028957,8.251732630526476e-09,1.6195878416169762e-08,2.3541717464325984e-09,1.3377902341460413e-08,2.45459846892615e-10,1.0,1.6051982854037306e-08
ISIC_0030615,2.546185262630729e-09,2.8944119989660066e-08,1.0835760733129973e-08,9.183131588486049e-09,6.278497721723397e-09,1.0,1.8203230922608782e-08
ISIC_0027412,6.071705804799876e-09,1.137900085268484e-08,8.366293768879984e-10,5.862783591936704e-09,3.0194109434944494e-09,1.0,5.9769234006523675e-09
ISIC_0027574,4.221080818211931e-09,4.6897767447262595e-08,2.2343329408869295e-09,1.3054549441449126e-08,5.482114762145329e-10,0.9999998807907104,5.2733405198068795e-08
ISIC_0030058,7.350660524707564e-09,4.296405009540649e-08,3.0266467110351414e-09,1.4508064083429417e-08,5.214812470732966e-10,0.9999998807907104,6.105059924266243e-08
ISIC_0028360,4.138411835441502e-09,1.4391319247408774e-08,1.020993289913008e-09,3.56836622472656e-08,7.31779747908945e-10,1.0,1.1378956443763855e-08
ISIC_0029861,4.4617021188742e-09,1.5444815204546103e-08,1.136314042859965e-09,3.3501819984849135e-08,7.284167158339017e-10,1.0,1.095661161798489e-08
ISIC_0024366,4.4617021188742e-09,1.5444815204546103e-08,1.136314042859965e-09,3.3501819984849135e-08,7.284167158339017e-10,1.0,1.095661161798489e-08
ISIC_0031657,2.1793677973391823e-09,8.799150741367612e-09,9.892296981561799e-10,5.385228707410761e-09,7.794094258883888e-10,1.0,7.318192274397006e-09
ISIC_0030077,2.4477972981884477e-09,9.165633585439537e-09,1.1997565163568424e-09,6.708265942734215e-09,6.151141818122596e-10,1.0,6.546236441806741e-09
ISIC_0029865,1.2070002775033117e-09,6.54511245201661e-09,8.011896146520314e-10,2.964870127186714e-09,1.0822494012074912e-09,1.0,5.413828496614315e-09
ISIC_0029938,7.75884068104915e-09,9.556015534428752e-09,2.73997557975747e-09,6.222132142852388e-09,5.555452986527598e-09,0.9999998807907104,7.686859504474342e-08
ISIC_0024777,7.75884068104915e-09,9.556015534428752e-09,2.73997557975747e-09,6.222132142852388e-09,5.555452986527598e-09,0.9999998807907104,7.686859504474342e-08
ISIC_0029196,8.832055087282242e-09,9.536332612469778e-09,1.2441819796649156e-09,5.562344806975261e-09,2.0717489945809575e-08,0.9999998807907104,5.6253927738225684e-08
ISIC_0027827,1.109904967933062e-08,2.6655875728920364e-08,7.746272068231974e-09,1.4248499269342574e-08,4.631533556676004e-08,0.9999998807907104,8.706200560482102e-08
ISIC_0025491,9.578186244141307e-09,2.6051955259731585e-08,4.6157810906777286e-09,1.54845753996824e-08,1.283882866687236e-08,0.9999998807907104,5.480625375753334e-08
ISIC_0031631,5.204758846133473e-09,4.993260205310435e-08,3.978368301460478e-09,5.7577596024316335e-09,4.535033237829111e-09,0.9999998807907104,1.0699478281139818e-07
ISIC_0027150,8.767637282858232e-09,4.6250100638189906e-08,5.274615411110517e-09,5.731791041796441e-09,1.2756593115170745e-08,0.9999998807907104,7.818982794560725e-08
ISIC_0030588,1.356110068684302e-08,2.779008845266162e-08,1.3733646442304348e-09,8.485300462268697e-09,1.2837947593880017e-08,0.9999998807907104,4.6403052067489625e-08
ISIC_0025511,1.268605664961342e-08,1.8476033147862836e-08,9.93417681449671e-10,8.652592420332894e-09,1.0249350701485582e-08,0.9999998807907104,3.738153253607379e-08
ISIC_0029640,4.494337417781935e-07,1.7244180128273e-07,2.6863736124482784e-08,3.258568312958232e-07,1.5804721975598568e-09,0.999998927116394,1.0260808380735398e-07
ISIC_0029724,2.1724352450291917e-07,1.3440482860005432e-07,3.0616341462064156e-08,2.990267944369407e-07,1.171719499204471e-09,0.9999991655349731,9.253617605509135e-08
ISIC_0027707,7.755306796752848e-08,6.506279959239691e-08,1.145648020894896e-08,9.327496997002527e-08,5.425939697545346e-10,0.9999996423721313,3.359305367212073e-08
ISIC_0032165,3.0050131272219005e-09,8.118116845423629e-09,9.704570480550956e-10,7.231263587925696e-09,1.4447472107548265e-09,1.0,1.9768579662127195e-08
ISIC_0024718,4.6892023597422394e-09,1.0466403743691899e-08,1.2441655483641512e-09,1.1903909857835515e-08,3.0350815194424285e-09,1.0,2.225623596530113e-08
ISIC_0024834,2.914092078754038e-09,7.905400778440708e-09,1.1633918273190602e-09,8.373130633287929e-09,1.106938429806803e-09,1.0,1.9546732232811337e-08
ISIC_0026052,8.227186043541224e-09,6.181595235688064e-09,2.6473850889274786e-10,9.522537425254995e-09,1.759300616299697e-08,1.0,2.0782795928653286e-08
ISIC_0028706,1.173606506199576e-06,2.562794634286547e-07,3.897864928603667e-07,3.232718199797091e-06,9.318254342360888e-06,0.9999607801437378,2.4873785150703043e-05
ISIC_0027364,8.107053695027844e-09,5.034410222037877e-08,5.785941947777928e-09,4.403117515039412e-08,1.39043898617075e-09,0.9999998807907104,5.095590793757765e-08
ISIC_0024328,3.314258734121722e-08,8.848515165027493e-08,2.1604416033937923e-08,1.8240447374751056e-08,9.279267487727338e-08,0.9999996423721313,4.219423743734296e-08
ISIC_0031559,1.4816631477287956e-08,2.47872655734227e-08,2.9439690685251207e-09,9.835336811647721e-08,4.30506269522013e-10,0.9999998807907104,4.1261813521487056e-08
ISIC_0028518,1.8073562202403082e-08,2.843088076076583e-08,4.773440753780278e-09,1.2471333299401977e-08,1.6749180531405727e-07,0.9999997615814209,6.539436725461201e-08
ISIC_0026764,8.474822976722862e-08,2.463784554151971e-08,5.7203664027838386e-09,7.06230851577061e-09,1.2653607939228095e-07,0.9999997615814209,5.745058473394238e-08
ISIC_0031756,3.7516433621931355e-06,7.091087900334969e-05,2.8929471227456816e-06,0.00042819033842533827,0.9913213849067688,0.008064113557338715,0.00010883900540648028
ISIC_0028723,5.632852406733946e-09,1.868038879138112e-08,1.499453894382441e-09,1.149524919696887e-08,1.1046878967135854e-09,1.0,1.2627879186766222e-08
ISIC_0027751,5.7896375693644586e-08,2.5662060920694785e-07,4.648101903370616e-09,9.833986950980034e-06,2.4590168123950207e-08,0.9999892711639404,6.686835831715143e-07
ISIC_0025942,8.739176337257959e-06,1.2397937609875953e-07,1.7619290471060367e-09,7.394919521175325e-08,2.2626027202932164e-06,0.9999885559082031,2.6042431500172825e-07
ISIC_0025039,7.12880066089383e-09,9.021846381074283e-09,8.973241039100799e-10,9.404580225691461e-09,5.165171845789018e-09,1.0,9.993933680618738e-09
ISIC_0029277,0.0027290338184684515,1.5632963368261699e-07,3.373829429165198e-07,9.452506901652669e-07,2.128050800820347e-05,0.9972429275512695,5.32634567207424e-06
ISIC_0028757,1.4041223295180316e-08,4.51333335149684e-08,2.348673033836235e-09,1.510053948550194e-08,1.4381461577173127e-09,1.0,2.575605684285165e-08
ISIC_0028825,1.518948167245071e-08,7.572345417372617e-09,1.1375652642087175e-09,1.0261831384639208e-08,2.304339830061508e-09,1.0,1.9025478081857727e-08
ISIC_0028092,2.2718804615351473e-08,2.0488158725129324e-08,8.524619343752704e-10,1.593077136874399e-08,8.781412041969361e-09,1.0,2.0763538444157348e-08
ISIC_0032176,2.783816057672084e-07,4.795104473487299e-07,1.867624055407191e-09,1.1335592375871784e-07,8.088842878350988e-05,0.99991774559021,4.848084245168138e-07
ISIC_0027236,4.8498250748707505e-08,6.030871446682795e-08,7.72285790873184e-09,8.790748040610197e-08,8.020455966040174e-10,0.9999996423721313,3.042686458343269e-08
ISIC_0027293,1.9281962522654794e-05,3.106017857135157e-06,1.2622153633401467e-07,2.3298125597648323e-06,0.0002673572162166238,0.9997062087059021,1.4977725868448033e-06
ISIC_0026759,1.1860174708999693e-06,1.60663475412548e-07,8.033134157869881e-09,4.88273235532688e-06,0.0004211380728520453,0.999572217464447,4.474734396353597e-07
ISIC_0030819,2.154355804862007e-08,6.863369605980552e-08,1.179334518930375e-09,1.8760221820457446e-08,7.430164572497233e-08,0.9999997615814209,1.8754068520365763e-08
ISIC_0029459,5.595953211923188e-07,9.606866768763211e-08,5.632855071269205e-09,1.0863874422284425e-07,4.5787410840603116e-07,0.9999985694885254,1.7289326592617726e-07
ISIC_0026782,4.1161339936479635e-07,5.94350126448262e-07,5.758820531553965e-09,5.728649625780236e-07,0.0078116729855537415,0.9921848177909851,1.8837299649021588e-06
ISIC_0026400,8.47590264640985e-09,6.15399855519172e-08,1.8957690972598584e-09,1.7187398171358836e-08,7.089206111032809e-09,0.9999998807907104,3.7779205541710326e-08
ISIC_0028212,4.6664435870980014e-08,2.598381954044271e-08,8.743667456734272e-10,1.6660408164170804e-08,8.151381791776657e-09,0.9999998807907104,4.59394833285387e-08
ISIC_0024937,4.559554511729402e-08,4.1984240084502744e-08,2.0452382010205383e-09,6.554843778872055e-09,7.652171341021585e-09,0.9999998807907104,1.5691714594368023e-08
ISIC_0029693,4.863350255845944e-08,1.1614903883128136e-07,2.3449304720202235e-09,2.941697019309686e-08,8.758271330400191e-10,0.9999997615814209,4.181736201758213e-08
ISIC_0030592,8.286078667651964e-08,1.3536770815392174e-08,2.3245909641644857e-09,1.600571692961239e-07,0.9999970197677612,2.504751819287776e-06,1.8389765443771466e-07
ISIC_0031302,2.1069599398515493e-08,2.5195038944048065e-08,7.921345801520374e-10,1.0659179316974132e-08,3.7273707675922196e-07,0.9999995231628418,6.615182712721435e-08
ISIC_0029457,6.02717875608505e-09,2.0323561500390497e-08,5.672006198054191e-10,6.743968938849321e-09,4.686656041030801e-08,0.9999998807907104,2.6298684119296922e-08
ISIC_0030525,3.073008514320463e-08,0.011624959297478199,8.500930448462896e-07,3.738736722880276e-06,1.8520810840527702e-07,0.9883605241775513,9.69399479799904e-06
ISIC_0026901,8.851095856243774e-09,1.6920481016313715e-08,5.943792125151504e-10,9.56354639924939e-09,3.8917735700749745e-09,1.0,1.846793296067517e-08
ISIC_0025946,2.1853344378541806e-07,3.395574140085955e-06,0.9999912977218628,1.9747578505757701e-07,3.053111985451551e-09,4.443673788045999e-06,4.642697604140267e-07
ISIC_0024343,1.626525580888938e-08,3.408259630077737e-08,2.4918469510026853e-09,2.4276843646475754e-08,1.587582953987976e-09,1.0,1.638882274335174e-08
ISIC_0031311,6.593892987183381e-09,1.1609385452970855e-08,5.505398359417768e-10,6.839270483283144e-09,3.753513055926305e-09,1.0,9.85741976933241e-09
ISIC_0025013,3.4293343276203814e-08,1.9047080357381674e-08,8.461828460148979e-10,5.55869874574455e-08,3.085111943690322e-09,0.9999998807907104,2.9816117574910095e-08
ISIC_0027724,1.0432841435203954e-07,3.9129798068415766e-08,1.9291335195958936e-09,2.0200765504796436e-07,4.871730574507183e-09,0.9999996423721313,3.869406484113824e-08
ISIC_0029169,1.3300506473967744e-08,1.2700827944911453e-08,2.194973980351733e-09,1.0619268131506487e-08,4.994579749784123e-10,1.0,1.648004044341178e-08
ISIC_0025118,1.0885185197651026e-08,9.936569789203986e-09,4.0299871773008533e-10,3.5618026306138972e-09,1.7984698175155245e-09,1.0,2.4940877807466677e-08
ISIC_0032300,7.223171838433018e-09,1.2923642600526364e-08,7.404283297596237e-10,5.05975483733323e-09,2.301831614204275e-09,1.0,1.3510706331487654e-08
ISIC_0026034,3.0023530328548986e-09,4.924866061628563e-07,1.0283672580158054e-08,3.1761121732643005e-08,1.6667963009808773e-08,0.9999994039535522,7.829932968661524e-08
ISIC_0028420,1.1460907778371165e-09,2.5003402015499887e-08,2.0160545233238736e-08,1.3004815002659598e-08,5.657792598867672e-07,0.9999994039535522,1.258576798335298e-08
ISIC_0025563,3.0191294797532464e-08,7.533901111855812e-07,1.6377399560951744e-06,1.472968847338052e-06,1.379565901515889e-07,0.9999959468841553,1.495430836939704e-07
ISIC_0032067,5.1903316489188e-07,2.029410950399324e-08,3.264259418322979e-10,7.464236517762401e-08,4.7477985987143256e-08,0.9999992847442627,4.0069565443445754e-08
ISIC_0030733,4.741184334022819e-09,2.75453846398932e-08,8.803703366311311e-08,1.5652526386134014e-08,1.4343052301413195e-09,0.9999998807907104,1.4150538518720168e-08
ISIC_0029349,3.3452330683303444e-08,9.481251339593655e-09,1.7932826057442952e-10,1.6152441162375908e-08,5.651590484490043e-08,0.9999998807907104,2.4589070335423457e-08
ISIC_0029109,7.366692500454519e-08,8.565287146211631e-09,1.0096623537236837e-09,2.97566913332048e-08,4.214459892182276e-09,0.9999998807907104,2.5741615061747325e-08
ISIC_0026921,9.012840678224165e-07,1.1171600817760918e-06,1.7239020877468647e-08,5.036289394411142e-07,0.013835917226970196,0.9861603379249573,1.2631948038688279e-06
ISIC_0027401,1.2988331832275435e-07,1.490747308707796e-06,5.209899622826697e-09,2.5107287910941523e-06,0.9960643649101257,0.003929177299141884,2.3890281681815395e-06
ISIC_0028637,1.9702783902175725e-06,4.808396170119522e-07,2.195999293519435e-08,1.3991074183650198e-06,0.9997665286064148,0.00022717661340720952,2.4172309167624917e-06
ISIC_0026226,2.167143293263507e-06,0.9916892051696777,2.9985210403538076e-07,3.95407687392435e-06,1.1843325609106614e-07,0.008302531205117702,1.820948568820313e-06
ISIC_0028174,0.046455688774585724,0.945275604724884,0.004004426766186953,0.0027820111718028784,6.737114017596468e-05,0.00040935620199888945,0.001005528261885047
ISIC_0024566,2.834512633853592e-05,0.2514827251434326,0.0005911698681302369,0.00044851284474134445,3.4685149330471177e-07,0.7473989129066467,4.9957383453147486e-05
ISIC_0025112,1.341833666401726e-07,0.9999798536300659,6.161944554605725e-08,1.292964498134097e-06,2.0243380305373648e-08,1.8310927771381103e-05,3.0275128892753855e-07
ISIC_0028507,6.129341272753663e-06,1.1024893353805965e-07,0.00011430970334913582,1.0808513479787507e-06,9.952494792742073e-07,0.9998760223388672,1.3175485946703702e-06
ISIC_0029773,3.390434155647881e-09,7.696876025420352e-09,2.969884560499736e-09,4.026226818609757e-08,3.958847472063098e-09,1.0,4.778005546768327e-09
ISIC_0029203,7.949531573103741e-05,0.001251026289537549,1.295588390348712e-05,0.2693108320236206,3.581499640858965e-06,0.7276404500007629,0.0017017079517245293
ISIC_0026712,8.394382078336093e-09,1.2052111308946678e-08,1.2504343116503946e-09,7.1547772151348e-09,5.490542243080654e-09,1.0,1.2671234728145464e-08
ISIC_0026452,4.803929343211166e-08,1.6683237902270776e-07,4.360938277159221e-09,5.774498035293618e-08,2.7430434101916035e-07,0.9999992847442627,2.2643051522663882e-07
ISIC_0027007,7.500845278229917e-09,5.67205482582267e-08,1.060700061117359e-08,1.6599221552837662e-08,3.896090206012559e-08,0.9999998807907104,3.689215688496006e-08
ISIC_0026672,1.628423795807521e-08,5.722515794559513e-08,1.0200036371088572e-09,8.336093770822117e-08,5.587467057921458e-07,0.9999991655349731,8.232991177692384e-08
ISIC_0025074,3.1231655839292216e-07,6.248082939919186e-08,3.2537381677855137e-09,2.402353516117728e-08,2.077096716845972e-09,0.9999995231628418,3.800366599193694e-08
ISIC_0026588,1.2402676929923473e-07,6.401037211389848e-08,3.0752003166156783e-09,2.024547995915782e-08,3.797698600038757e-09,0.9999996423721313,7.446151784051835e-08
ISIC_0024352,2.7762582703871885e-06,3.926024419342866e-06,3.680937865624401e-08,3.6342080420581624e-06,0.09312836080789566,0.9068520069122314,9.231936019205023e-06
ISIC_0026885,1.5429266753130833e-08,6.30843786098012e-08,5.831555682789258e-09,1.1675847844117015e-08,2.6504128982196562e-05,0.9999731779098511,1.2438700025541038e-07
ISIC_0026293,8.720168409581674e-08,5.0666375983610124e-08,5.1676916967835496e-08,2.8144191333012714e-07,4.044813249493018e-05,0.999958872795105,2.9182777439018537e-07
ISIC_0030082,3.928164915123489e-06,4.972994815943821e-07,2.8264006246558893e-08,4.203083335596602e-06,0.9406403303146362,0.05933084711432457,2.0207151465001516e-05
ISIC_0026974,8.206419721545899e-08,1.9013707230897126e-07,1.6103403055467425e-08,4.9557048242832025e-08,4.4274681698652785e-09,0.9999995231628418,9.843854087421278e-08
ISIC_0029881,4.099349553143838e-06,5.169303676666459e-06,2.1474127365195272e-08,2.2460117179434747e-06,0.9791974425315857,0.020786680281162262,4.380492100608535e-06
ISIC_0031115,5.838856509399193e-07,5.638564175569627e-07,5.363443911221566e-09,6.580265221600712e-07,0.9999843835830688,1.3019429388805293e-05,8.763171308601159e-07
ISIC_0031919,1.4946851933927974e-07,1.4242893087157427e-07,6.967241006350378e-07,7.220288011922094e-08,5.8947327019609475e-09,0.9999988079071045,8.136822060578197e-08
ISIC_0030535,0.0008693013223819435,0.0004923642845824361,0.9700070023536682,0.0001539030927233398,0.013558967970311642,0.014347508549690247,0.0005709994584321976
ISIC_0025341,2.054113963367854e-07,4.624029315891676e-06,1.6642434275127016e-05,1.7336877533580264e-07,1.2022615010209847e-06,0.999976634979248,5.481070388668741e-07
ISIC_0028993,6.073855018939867e-08,2.2871348903663602e-07,8.869165526448342e-07,2.0345563456203308e-08,1.812372403264817e-07,0.9999985694885254,1.2006510985429486e-07
ISIC_0031710,1.1369110097803059e-07,1.169234238318495e-07,8.573417289881036e-05,2.0063775707512832e-07,7.445762548741186e-06,0.9999061822891235,1.9119629257602355e-07
ISIC_0028923,4.659822536723368e-07,2.547484882597928e-06,2.371718466065431e-07,7.713854870416981e-07,0.00044350570533424616,0.9995513558387756,1.2196103398309788e-06
ISIC_0025396,4.848140555679947e-09,1.036510433038984e-08,2.1067818323228238e-10,4.059915514886825e-09,1.105854678939977e-07,0.9999998807907104,3.215852117932627e-08
ISIC_0027949,2.005417400141596e-06,9.606044386600843e-07,1.0536194139376676e-07,1.1082256605732255e-06,0.6821795701980591,0.31780922412872314,6.975737960601691e-06
ISIC_0026795,8.310077959094997e-08,1.795499144918722e-07,8.76266792460001e-09,6.362680693428047e-08,1.723123532748616e-09,0.9999995231628418,4.89367373290861e-08
ISIC_0029665,5.261138721834868e-05,6.525086973852012e-06,2.375363465034752e-06,4.186920341453515e-05,0.6166741847991943,0.38320454955101013,1.7844302419689484e-05
ISIC_0029614,4.441487533313193e-08,1.4442822049431925e-08,5.098171884654334e-10,1.0923786319949613e-08,8.18933258983634e-08,0.9999998807907104,4.35357137007486e-08
ISIC_0030645,6.520955139421858e-06,9.929376574291382e-06,7.547085374426388e-07,4.706400432041846e-06,0.00024236549506895244,0.9997301697731018,5.621457603410818e-06
ISIC_0031076,7.936389010865241e-06,1.8838923665498442e-07,1.5174391521100006e-08,5.194281129661249e-07,0.00036556669510900974,0.9996241331100464,1.6149638213391881e-06
ISIC_0026674,1.1182853540958604e-06,1.1782270803450956e-07,1.2352195426501567e-06,3.3189726877935755e-07,5.0329225231848795e-09,0.9999966621398926,4.949189928993292e-07
ISIC_0032175,0.9793965816497803,2.9355396691244096e-07,5.6973004802785e-07,5.767772108811187e-06,0.007059120107442141,0.013510677963495255,2.6941623218590394e-05
ISIC_0030873,0.00020818162010982633,0.00027567040524445474,0.9690056443214417,0.00140091881621629,0.027778320014476776,0.0008362599764950573,0.0004950033617205918
ISIC_0028355,1.0584386700429604e-08,1.4335787668073863e-08,1.373001357052317e-08,3.522517744158904e-08,1.536538674073995e-09,1.0,2.6425345467373518e-08
ISIC_0025171,1.0255779336887372e-08,4.869671670348907e-07,2.596968684542844e-08,2.9618488497362705e-06,4.345687898421602e-08,0.9999955892562866,9.297003202846099e-07
ISIC_0030732,3.916609614407207e-08,2.9337574147803025e-08,6.626369675188926e-09,2.4410097054783364e-08,3.4270897231181152e-09,0.9999998807907104,3.910869139645001e-08
ISIC_0025169,2.1602152955324527e-08,2.362291340318734e-08,3.213121990697232e-09,7.345389629875854e-09,2.0096966579785658e-07,0.9999997615814209,1.887586797977292e-08
ISIC_0030008,1.7375427319166192e-08,7.004698545642896e-07,1.0631769242763767e-07,5.24495824549831e-08,3.8736796881266855e-08,0.9999990463256836,1.1852792169975146e-07
ISIC_0032405,1.232893822589176e-07,3.800496699568612e-07,9.132828893143596e-08,4.747111290726025e-07,0.005934696178883314,0.9940628409385681,1.4103331977821654e-06
ISIC_0031933,2.544724964081979e-07,7.17816078577016e-07,2.2082042505644495e-07,3.892679160344414e-06,0.9942073822021484,0.005782914813607931,4.641290161089273e-06
ISIC_0029905,1.1799428101255671e-08,7.567926729734609e-09,4.910013506886912e-10,5.3114650455654555e-09,7.05778830933923e-08,0.9999998807907104,2.8301251120410598e-08
ISIC_0027197,1.4127661707163952e-08,1.0020687390976946e-08,2.4955443267415944e-10,3.5055712999110256e-08,5.865593379894563e-07,0.9999992847442627,1.1827761881022525e-07
ISIC_0027627,1.7463263191075384e-07,1.8350681330048246e-07,3.0482971702383566e-09,1.932333361764904e-06,8.071290358202532e-05,0.9999159574508667,1.0248606940876925e-06
ISIC_0025533,0.0003473932738415897,3.5552698136598337e-06,1.3474715160555206e-05,8.045022696023807e-06,2.0194609078316716e-06,0.9996180534362793,7.3906717261706945e-06
ISIC_0028166,9.264937398256734e-05,8.414677722612396e-06,6.936933641554788e-05,0.9996905326843262,2.987246261909604e-06,5.315151793183759e-05,8.287787932204083e-05
ISIC_0026406,2.033145619861898e-06,1.5281151490853517e-06,0.03181077539920807,7.470688615285326e-06,5.0753687474980325e-08,0.9681746363639832,3.536315489327535e-06
ISIC_0031894,6.210537417672413e-09,1.8064637785641935e-08,5.306591832621166e-10,2.6171237621497312e-08,9.615748197688845e-09,1.0,1.9092512459906175e-08
ISIC_0028091,1.4721195817912758e-08,1.1386056542050937e-08,7.307879856810473e-10,8.56594084552853e-09,2.9506761478614862e-09,1.0,9.208318552111905e-09
ISIC_0028023,5.045988586971362e-07,7.277179747688933e-07,0.00023580290144309402,7.783573323649762e-07,1.6040933914496236e-08,0.9997616410255432,4.4524745135277044e-07
ISIC_0028139,1.0550668605446845e-07,5.0866471923427525e-08,4.777812812051252e-09,1.0085392432301887e-07,3.779733859232692e-09,0.9999997615814209,5.490344179293061e-08
ISIC_0029026,0.0008816407062113285,0.004872603341937065,0.1807091236114502,0.000272031786153093,8.261102266260423e-06,0.8130781650543213,0.0001781374157872051
ISIC_0030620,6.226859738944768e-08,1.563743268206963e-07,1.6639255306927225e-08,5.098283395454928e-08,1.9577424126282494e-09,0.9999997615814209,8.85315785126295e-08
ISIC_0028987,2.401419123998494e-06,6.822626346547622e-06,0.0010813175467774272,1.9942838207498426e-06,2.1155331708655467e-08,0.9988957643508911,1.1688908671203535e-05
ISIC_0028874,8.957546704380093e-09,9.17658216081918e-09,3.3704314339466634e-10,1.3271160170802432e-08,1.5384682683361461e-07,0.9999998807907104,1.169760377450757e-08
ISIC_0028592,8.173040441761259e-06,9.572103181199054e-07,8.073261170693513e-08,2.0282216155464994e-06,0.006073502823710442,0.9939127564430237,2.5395629563718103e-06
ISIC_0030920,3.933169168135464e-08,5.5775288387849287e-08,1.51556134309061e-09,1.4472796294739965e-08,1.84735338137898e-08,0.9999998807907104,6.425870680004664e-08
ISIC_0030833,1.697407370215842e-08,1.963738682775329e-08,3.5269881237809386e-08,1.100127633435477e-08,1.5354895133157243e-09,0.9999998807907104,2.6311477441254283e-08
ISIC_0031991,3.311649379611481e-06,4.091580194653943e-06,0.9932562112808228,1.3457922250381671e-05,1.262208968455525e-07,0.006716270465403795,6.50606943963794e-06
ISIC_0032065,2.2688267264925344e-08,1.7284655768889934e-06,2.1614471990005768e-08,3.6169564054944203e-07,4.49552750581006e-09,0.9999977350234985,2.1888902779210184e-07
ISIC_0031074,6.56942447108122e-08,7.953933334192698e-08,6.59987797746453e-09,5.8749058950979816e-08,2.3589146280755813e-07,0.9999994039535522,2.0212131346397655e-07
ISIC_0032186,5.364038315747166e-07,8.024287581065437e-07,9.762236459209817e-07,6.743880476278719e-08,2.9323673516046256e-06,0.9999940395355225,5.953552317805588e-07
ISIC_0028447,0.00032749929232522845,0.0004270080535206944,0.9711640477180481,0.0013587615685537457,0.002594025805592537,0.02372496947646141,0.00040371649083681405
ISIC_0028945,3.864781206175394e-08,3.678869120449235e-07,1.5435283557962975e-06,7.090992681924035e-08,6.538558583457643e-09,0.999997615814209,3.184254353527649e-07
ISIC_0030401,2.2253280107520368e-08,2.751923375399201e-06,3.07183434244962e-08,5.8273716518897345e-08,9.070704720670619e-08,0.9999969005584717,1.9626065750344424e-07
ISIC_0032035,1.0161339503156341e-07,2.7916476597056317e-07,1.3347469973723491e-07,6.891494308547408e-07,0.9997257590293884,0.00027146245702169836,1.5907718307062169e-06
ISIC_0032412,2.853229474908403e-08,5.635893174371631e-08,4.6431072320274325e-09,4.780357087952325e-08,2.3485767997044604e-06,0.9999974966049194,7.066581275694261e-08
ISIC_0028882,1.4426113637000526e-07,5.857963891742202e-09,3.2634825397614975e-10,1.106795011196482e-08,1.338091664138119e-07,0.9999996423721313,4.7208462916614735e-08
ISIC_0027127,0.0004890284035354853,3.4013460208370816e-06,1.9749009879888035e-05,4.8881247494136915e-06,0.01138327643275261,0.988072395324707,2.7328096621204168e-05
ISIC_0028849,1.1378507224435452e-05,1.4744091458851472e-05,0.0006888033240102232,2.197191179220681e-06,2.581031424142566e-07,0.9992774128913879,5.186414909985615e-06
ISIC_0027756,1.9779365700856033e-08,4.428663302746827e-08,1.8462120721096653e-08,3.913010715450582e-08,1.0173308861993746e-09,0.9999998807907104,9.176883963846194e-08
ISIC_0032125,1.1930838184071035e-07,0.9999692440032959,1.3609664506475383e-07,4.576646688292385e-07,1.5436353351105936e-07,2.8709659090964124e-05,1.1611974741754238e-06
ISIC_0025172,4.2664404986680893e-07,0.011158397421240807,1.1069992211787394e-07,2.175127974624047e-06,1.5036951594993297e-07,0.988834798336029,3.983788246841868e-06
ISIC_0025295,2.4492118200214463e-07,0.00012342179252300411,6.277156217038282e-07,5.895076924389286e-07,3.885016485583037e-05,0.9998338222503662,2.3433156002283795e-06
ISIC_0029771,3.3742232119493565e-08,4.779894169359977e-08,2.8754499226124608e-08,5.0485166269709225e-08,1.2478063027288044e-09,0.9999998807907104,3.0173968212920954e-08
ISIC_0027475,6.442484323798681e-09,7.676277391510666e-09,1.2580920749627467e-09,9.355041186154267e-09,4.139919962398153e-09,1.0,8.518057370565657e-09
ISIC_0031913,2.791790905121161e-07,0.00027673228760249913,0.00012548301310744137,1.240420897374861e-05,0.0003061368770431727,0.9992632269859314,1.573251574882306e-05
ISIC_0031880,6.442363087444392e-08,1.421659163725053e-07,5.0291017572590135e-08,5.436822547721931e-08,1.9582313548482944e-09,0.9999996423721313,1.328072443129713e-07
ISIC_0024480,2.5057906327674573e-07,2.245962882341246e-08,5.081507197246538e-07,4.626885896641397e-08,4.8007777309067023e-08,0.9999991655349731,8.617345059747095e-08
ISIC_0030810,0.01005722675472498,1.4653048765467247e-06,5.467171376949409e-06,0.0001894806482596323,1.6936644897214137e-05,0.9897168874740601,1.2526802493084688e-05
ISIC_0026157,1.510687575034808e-08,4.786470331197279e-09,1.4255778779670436e-09,5.0335060564066225e-09,2.0113344323391402e-09,1.0,1.1532692134608169e-08
ISIC_0024716,1.1367956354035869e-08,4.700908817767413e-08,1.8130937862181895e-09,1.410047989480745e-08,4.851954216178456e-08,0.9999998807907104,3.202960385806364e-08
ISIC_0030940,0.002586342627182603,0.0036056600511074066,0.00016717612743377686,0.00010624394053593278,0.6507471203804016,0.3426976799964905,8.985260501503944e-05
ISIC_0026123,6.035248588887043e-06,0.0013905385276302695,0.006221537012606859,5.431589306681417e-05,0.03764188662171364,0.9546775221824646,8.278808309114538e-06
ISIC_0028891,4.173485649516806e-06,4.480424706798658e-07,1.131760927819414e-05,3.0762399546802044e-05,1.541153160644626e-08,0.9999483823776245,4.869467375101522e-06
ISIC_0032018,3.713170826813439e-06,5.723372282773198e-07,0.03883599489927292,1.3989632861921564e-05,5.6038338414055033e-08,0.9611346125602722,1.1040882782253902e-05
ISIC_0028884,5.703461525286002e-08,3.3544974797905525e-08,5.899575938883572e-09,4.457604063645704e-08,1.210864741807427e-09,0.9999998807907104,4.764084593489315e-08
ISIC_0028785,4.008258258636488e-08,2.9363157239004067e-08,4.806126607803662e-10,3.600291975658365e-08,5.811956693690945e-09,0.9999998807907104,3.240171864149488e-08
ISIC_0027211,2.176934188469204e-08,4.906096151557904e-08,1.921854897446451e-09,2.7660579604571467e-08,6.938977747950048e-08,0.9999998807907104,4.617086091229794e-08
ISIC_0030900,9.299050418576371e-09,3.2369749192184827e-07,1.3653071562202967e-08,2.4377001750508498e-08,2.1672983621101594e-06,0.9999973773956299,7.246919153658382e-08
ISIC_0029247,5.056505614220441e-08,2.274455468409542e-08,7.349422181945897e-10,3.321181907267601e-08,7.497914822351959e-08,0.9999997615814209,1.2240016644682328e-07
ISIC_0024752,8.595828404622807e-08,6.252028583730862e-08,5.538639769042675e-09,3.413865101720148e-07,3.1801475870452123e-06,0.9999958276748657,3.728153501469933e-07
ISIC_0026816,7.900125353899057e-08,5.624747601018498e-08,2.1696204832721833e-09,5.094656785331608e-08,1.413597487953666e-07,0.9999996423721313,1.0508491499194861e-07
ISIC_0028635,4.5830084616227396e-08,1.4465786790651691e-08,3.838166229286344e-09,2.404008903056365e-08,6.501141847081726e-09,0.9999998807907104,3.5034211975926155e-08
ISIC_0028562,7.854920340832905e-07,0.9981447458267212,2.815386778820539e-06,1.3113921113472315e-06,3.0880808026267914e-06,0.0018433971563354135,3.888354513037484e-06
ISIC_0025553,1.6626046317469445e-07,0.9998688697814941,1.5249536318151513e-06,2.7565468485590827e-07,2.8265006335459475e-07,0.00012788968160748482,1.0269639005855424e-06
ISIC_0030567,1.3360458517297502e-08,3.093433420531255e-08,9.41496547390841e-10,1.742578881192003e-08,3.3821792033705833e-09,0.9999998807907104,4.685726295861059e-08
ISIC_0025729,3.740656140394094e-08,6.616057817154797e-07,3.168598595948424e-06,3.3899500095913027e-08,2.6906563643791515e-09,0.9999959468841553,7.167468396573895e-08
ISIC_0026889,1.655337733552642e-08,1.6209105169195936e-08,2.031099288757332e-09,7.433099113995922e-08,2.95570012909252e-09,0.9999998807907104,2.9029315840034542e-08
ISIC_0030963,6.8067484981781945e-09,1.0679494621967933e-08,4.943788156630546e-10,7.365200893616475e-09,9.251127086606914e-10,1.0,1.2935035265115857e-08
ISIC_0029786,1.8020131165030762e-07,3.934111987291544e-07,2.8212133074134726e-08,1.5860490520935855e-06,1.2178626320746844e-06,0.9999778270721436,1.88745998457307e-05
ISIC_0027642,7.255759555846453e-06,7.73972351453267e-06,6.748200007677951e-07,0.00209696963429451,0.0005358273047022521,0.9973280429840088,2.3498732844018377e-05
ISIC_0029592,9.785911636583933e-09,1.5305632317108575e-08,9.821477853222405e-09,7.892956688237973e-08,5.066755015548097e-09,0.9999997615814209,4.757681892897381e-08
ISIC_0026037,1.322443154094799e-06,3.957374246965628e-06,0.0001575348142068833,0.005761304870247841,4.214087311993353e-05,0.9938488602638245,0.00018504343461245298
ISIC_0033140,1.5385717233584728e-07,6.139645591929366e-08,4.0946346313575077e-10,4.477601223129568e-08,2.8783613743144087e-05,0.9999707937240601,1.7479185032698297e-07
ISIC_0032912,1.0302329656042275e-08,1.4402028902793518e-08,9.650836796382123e-10,1.3518310026938707e-08,1.943378569180254e-09,1.0,3.1348509565987115e-08
ISIC_0029808,2.2296555712841837e-08,1.8754715114255305e-08,7.115646405431164e-10,7.380053546057752e-08,2.479354277440393e-09,0.9999998807907104,3.193974151827206e-08
ISIC_0025897,7.019967540600192e-08,1.8342008800686926e-08,4.193760894111165e-10,1.2447576125396154e-07,1.1633321861381773e-08,0.9999997615814209,4.177805834615356e-08
ISIC_0024507,4.523105090470381e-08,4.775274220492065e-08,2.573055768451127e-09,5.192060470449178e-08,1.203588673170941e-09,0.9999998807907104,2.669041876401934e-08
ISIC_0033223,1.8909091181740223e-08,8.973261245159847e-09,8.581485522185517e-10,2.180902747284108e-08,1.2133257598634373e-07,0.9999997615814209,4.408991216564573e-08
ISIC_0032764,1.9523080041494723e-08,7.50518935888067e-08,6.890361059497252e-10,8.46918908337102e-08,8.650712516100612e-06,0.9999909400939941,1.5835163935662422e-07
ISIC_0034163,2.8480535263497586e-08,1.4385885549472732e-07,2.2997735271701458e-08,1.8924673383935442e-08,1.4903320799675157e-09,0.9999995231628418,2.466928776811983e-07
ISIC_0034277,3.10049799168155e-08,6.4026952628637446e-09,4.24166879398058e-09,5.96923470652655e-08,4.215512383609621e-09,0.9999997615814209,4.418782495463347e-08
ISIC_0034147,1.3291047373797937e-08,8.730991041261404e-09,5.233485866895649e-10,6.47761311256545e-09,8.426397357652604e-10,1.0,1.0045686948956245e-08
ISIC_0033247,1.60395572379457e-08,7.384063138715646e-09,1.6513321821065574e-09,6.751768921731127e-09,8.139401375117927e-10,1.0,1.117332892874856e-08
ISIC_0033918,1.2070767496652479e-08,1.4151780192150909e-08,1.1705906466374927e-08,3.4989668051821354e-08,1.0993509436119098e-09,0.9999998807907104,7.43022212645883e-08
ISIC_0032889,2.9489388708725528e-08,1.0309169518052386e-08,3.0316276156128197e-09,8.60361737409221e-09,9.660561239854815e-10,1.0,1.4989486984973155e-08
ISIC_0033916,1.4556140968124964e-06,8.706145990799996e-07,5.317711071484155e-08,1.3848398339177947e-07,0.0006040249718353152,0.9993915557861328,1.9909284674213268e-06
ISIC_0032554,1.6175800965356757e-07,8.338874124547146e-08,4.228062344679984e-09,7.818928793312807e-08,8.785699174040928e-05,0.9999110698699951,6.962864063098095e-07
ISIC_0033082,2.7850478545587976e-07,1.3033155710218125e-07,2.3749722188881606e-08,9.11617576093704e-07,0.9998241066932678,0.00017437772476114333,2.5849124085652875e-07
ISIC_0034098,2.1401237404461426e-07,4.307809149395325e-07,1.7477933766940623e-08,1.880018544397899e-06,0.015324115753173828,0.9846720099449158,1.2458997389330762e-06
ISIC_0032631,6.477230751755769e-09,5.021893123569043e-09,9.126203681653067e-10,1.3534744880416838e-08,1.8255489564467098e-08,1.0,9.72147162769943e-09
ISIC_0033879,1.892204792852681e-08,7.539127544475832e-09,1.824448037091031e-09,4.946469012168109e-09,1.7166529531209562e-08,1.0,1.0458500732113407e-08
ISIC_0033495,2.0988103699437488e-08,9.267590250772173e-09,3.973853746064293e-10,1.6236858968454726e-08,8.98062779697284e-08,0.9999997615814209,7.199928120371624e-08
ISIC_0033161,1.2155581430306484e-08,2.70672231295066e-08,1.8003775137387379e-09,2.1931333193947466e-08,2.7918918732439124e-08,0.9999997615814209,1.545797942981153e-07
ISIC_0032796,5.785315693174198e-08,7.049285244420389e-08,1.052045561777959e-09,3.9215727554164914e-08,2.3326322207140038e-07,0.9999978542327881,1.7376682990288828e-06
ISIC_0032800,1.647595482268116e-08,1.0044077569659748e-08,1.6912792277778976e-09,5.016072446295539e-09,1.849199793291234e-09,1.0,8.403321594130375e-09
ISIC_0034072,5.273432179819793e-07,1.0781802757264813e-06,0.9999747276306152,1.0361385420765146e-06,3.7465103019940216e-08,2.1670684873242863e-05,7.818386507096875e-07
ISIC_0033341,1.810061256435347e-08,6.494277116075864e-09,8.130867090727634e-10,1.5366625305546222e-08,6.670458074786723e-10,1.0,2.3412676242173802e-08
ISIC_0032849,1.7697169951702563e-08,1.649126524227995e-08,1.380097591763274e-09,1.4730352049241446e-08,7.995257234050257e-10,1.0,2.9084684882718648e-08
ISIC_0033421,1.0808842709764122e-08,1.2470479759940645e-08,1.0354745949570088e-09,9.23928311635791e-09,2.885866434709783e-09,1.0,2.196805404253155e-08
ISIC_0033602,1.5237240802434826e-08,5.478657971735856e-09,3.824600636193054e-10,1.763335077953343e-08,3.2192133403441403e-09,0.9999998807907104,6.949029796032846e-08
ISIC_0033467,1.612387912075519e-08,6.951267561561281e-09,5.542538650260553e-10,9.772167075539073e-09,2.921488384544091e-09,1.0,1.4380618473808227e-08
ISIC_0033101,4.741593429002933e-08,2.404568455460776e-08,2.422122225009815e-10,1.931093507323567e-08,1.4885151777832561e-08,0.9999998807907104,9.674916867652428e-08
ISIC_0034075,5.72995475067728e-07,1.0242467141097222e-07,1.6366088484431884e-09,6.600822644031723e-08,7.578707027278142e-06,0.9999912977218628,2.8759339443240606e-07
ISIC_0032606,3.555511440822556e-08,6.457840839857454e-08,7.0426420251124e-09,3.505887136157071e-08,1.1639158969956043e-08,0.9999997615814209,3.190789144014161e-08
ISIC_0033025,2.3548237138015793e-08,1.1902183238987618e-08,8.613792457090597e-10,8.257857508908728e-09,4.293748467887326e-09,0.9999998807907104,3.369425627397504e-08
ISIC_0033053,3.2517931458642124e-08,4.5267903203694004e-08,1.7486576631142725e-09,2.0992830584987132e-08,1.1969152335922217e-09,0.9999998807907104,8.628732217630386e-08
ISIC_0033882,1.182389564036157e-08,6.877113545300517e-09,1.3437327917031894e-09,1.0392462890251863e-08,3.003385762312405e-09,1.0,2.4646828578056557e-08
ISIC_0034019,2.758786088463694e-09,1.7506177840687087e-08,5.751643605833578e-10,3.178592677954839e-08,2.1706394459641842e-09,1.0,1.9434720499589275e-08
ISIC_0032789,6.42841779807668e-09,4.994734847940663e-09,5.566664906808683e-09,1.1625539642068361e-08,7.48748085754869e-09,1.0,1.5643275119714417e-08
ISIC_0033782,1.2958421002906562e-08,3.602332654395468e-08,8.869105450060033e-10,4.548566678863608e-08,2.46048248442321e-09,1.0,4.309890755394008e-08
ISIC_0034045,1.3567411194514989e-08,6.541718988728462e-08,3.684965443895294e-09,2.7763807253222694e-08,9.502395315053036e-09,0.9999997615814209,3.6428282612632756e-08
ISIC_0033809,7.700458048987002e-09,7.695803994067774e-09,6.448849232398857e-10,1.9099976711345334e-08,7.120931400095287e-09,0.9999998807907104,5.1236195730552936e-08
ISIC_0026391,2.822992506423816e-08,4.84219171426048e-08,2.1129480387571675e-09,2.6275719378077156e-08,8.645592575184935e-10,0.9999998807907104,8.012439423055184e-08
ISIC_0025122,1.2000017868274426e-08,4.074020409916557e-08,4.243449147622869e-09,2.116006214691879e-08,8.766143921867808e-10,0.9999998807907104,6.958752152286252e-08
ISIC_0028008,7.256647194253674e-08,7.368842602772929e-08,1.2559418394175736e-08,3.620296240569587e-08,1.3993756153851677e-09,0.9999997615814209,3.7193416346781305e-08
ISIC_0026440,3.93523116315464e-08,3.459192612353945e-07,1.65794400430741e-08,2.658660669396795e-08,2.420464495500596e-09,0.9999995231628418,5.3647458031491624e-08
ISIC_0028585,2.1751077383669326e-07,4.6794875174782646e-07,0.0002900752588175237,3.1376771403301973e-07,6.495483262369817e-08,0.9997084736824036,2.707548674152349e-07
ISIC_0032102,1.3238147857919103e-06,7.748524694761727e-06,0.16762332618236542,4.242433078616159e-06,1.918718197657654e-07,0.8323572874069214,5.887389761483064e-06
ISIC_0025178,8.435187919531018e-05,1.6392490351790912e-06,1.1559065882238428e-07,0.9999090433120728,2.547046733525349e-07,5.306762318468827e-08,4.526612883637426e-06
ISIC_0028730,0.9993916749954224,6.539038110986439e-08,9.281921666115522e-05,0.0004910454736091197,1.1653138898282123e-07,8.20845897919753e-08,2.4144002964021638e-05
ISIC_0025948,0.3794119954109192,0.45387914776802063,0.01493749301880598,0.0008499620598740876,0.14795319736003876,0.000504766998346895,0.0024634161964058876
ISIC_0028158,0.9999765157699585,1.5243855955304753e-07,2.327736865481711e-06,1.2005863254671567e-06,8.289288757623581e-07,1.1059860298701096e-05,7.936340807646047e-06
ISIC_0029634,0.9991064667701721,2.676328669792838e-08,2.062258062096589e-07,1.389332737744553e-06,0.0008879349916242063,8.06952797915983e-08,3.885347723553423e-06
ISIC_0032437,0.9999990463256836,4.075322479479837e-08,7.029793636093018e-09,3.168748605730798e-07,1.0418796136946185e-07,4.0005026846756664e-08,4.4303132540335355e-07
ISIC_0025130,0.9999910593032837,2.7082430520408707e-08,5.983864866720978e-06,9.821815183386207e-07,4.0490076003152353e-07,4.673091424933773e-08,1.4849418903395417e-06
ISIC_0029067,0.9999985694885254,6.757117976263771e-09,7.215233921442632e-08,7.149270118134154e-07,4.665102792955622e-08,2.647687047385716e-08,6.412042807824037e-07
ISIC_0027577,0.9999436140060425,4.1036752662648723e-08,5.0786718929884955e-05,3.20027356792707e-06,1.4255995495204843e-07,5.941400260667251e-08,2.1917808226135094e-06
ISIC_0029541,0.7742704153060913,1.2739707926812116e-05,0.00013011925329919904,2.6729627279564738e-05,0.22545795142650604,3.4582278658490395e-06,9.856569522526115e-05
ISIC_0030827,0.9863743782043457,3.924732027371647e-06,0.013578210026025772,1.750166848069057e-05,3.54821690962126e-06,1.0222417046179544e-07,2.24176183110103e-05
ISIC_0025358,0.999998927116394,1.5861838065234224e-08,2.375972130153059e-08,1.5425405308633344e-07,1.680762551359294e-08,1.7138734875743467e-08,7.811853492967202e-07
ISIC_0030341,0.9959871172904968,0.0040017710998654366,9.053532323832769e-08,4.708850156021072e-06,1.3047224456386175e-07,2.086553507751887e-07,5.917238013353199e-06
ISIC_0025825,0.9999978542327881,2.9952062163829396e-08,8.801162465488233e-09,1.2991660014449735e-07,1.4714568123963545e-06,1.7165248777928355e-08,6.037976731931849e-07
ISIC_0025808,0.9985104203224182,0.001473226468078792,1.6718318818220723e-07,4.916578745906008e-06,4.610569703800138e-08,2.500190987575479e-08,1.1316627023916226e-05
ISIC_0029210,0.9848949313163757,0.013328537344932556,5.20592777775164e-07,0.001705489819869399,1.1948197425226681e-05,1.0772084351629019e-05,4.786504359799437e-05
ISIC_0032154,0.9999886751174927,7.458482969013858e-07,8.099559636320919e-07,2.932444829184533e-07,9.481506708652887e-07,2.97205701826897e-06,5.535518994292943e-06
ISIC_0026549,0.979455828666687,0.000637805147562176,5.86814021517057e-05,5.782793323305668e-06,9.198129191645421e-06,0.019762253388762474,7.050692511256784e-05
ISIC_0028558,0.00011622603051364422,5.253108156466624e-06,2.9537113732658327e-07,8.871576937963255e-06,0.9998483657836914,1.3956935617898125e-05,6.958368885534583e-06
ISIC_0027529,0.9992423057556152,3.936596115750035e-08,2.3807735487935133e-05,3.8025353887860547e-07,0.0007249871850945055,2.1134727035132528e-07,8.308412361657247e-06
ISIC_0024463,0.02330920286476612,1.3079853715680656e-06,1.510965034867695e-06,9.277132448914926e-06,0.9765642881393433,8.966141467681155e-05,2.4754763217060827e-05
ISIC_0028795,0.03750147670507431,0.0001201740960823372,0.5757878422737122,0.0009533268748782575,0.38488221168518066,5.89995615882799e-05,0.0006959014572203159
ISIC_0026720,0.9999977350234985,2.3820643946237396e-07,7.51810258492469e-09,9.389916044710844e-07,9.198419803624347e-08,5.3958268964038325e-09,9.782738743524533e-07
ISIC_0030487,0.9999978542327881,1.5811044917768413e-08,4.3135384153458745e-09,1.0527004405957996e-06,3.045071821361489e-07,2.3225243950264485e-08,6.525173716909194e-07
ISIC_0032238,0.9999990463256836,1.471775590289326e-08,5.080066589613352e-09,2.85665237242938e-07,1.1156861745575952e-07,1.541325467258048e-08,5.077844207335147e-07
ISIC_0026149,0.9999986886978149,3.089420275159682e-08,2.486499006693066e-08,1.876398840749971e-07,1.5538337549969583e-07,6.3151084361834364e-09,9.139741905528354e-07
ISIC_0025992,0.9999984502792358,2.0775193121380653e-08,1.098492763418335e-08,1.7469452018303855e-07,1.9519048066740652e-07,9.168888759347738e-09,1.0275143722537905e-06
ISIC_0029781,0.9803096652030945,1.526555877262581e-07,2.8885089875529957e-08,2.938289071607869e-06,0.019672710448503494,1.700359035794463e-07,1.4356334759213496e-05
ISIC_0025247,0.9999821186065674,3.036210046047927e-06,2.6562577915001384e-08,5.652563231706154e-06,1.5026603961132423e-08,7.963132020449848e-08,9.054884685610887e-06
ISIC_0029043,0.9998565912246704,3.436218776187161e-06,8.581658050843544e-08,0.00012209000124130398,3.589786601310152e-08,3.09383985097611e-08,1.7754327927832492e-05
ISIC_0027447,0.9999983310699463,1.1698886481781301e-07,5.321647567058108e-09,1.5241295159285073e-07,9.334582387054979e-07,3.2627391899353597e-09,5.08739901761146e-07
ISIC_0027536,0.9999978542327881,6.908655336701486e-08,4.448438772897134e-08,9.471092994317587e-07,1.7295381837811874e-07,7.944972679752027e-09,8.646528044664592e-07
ISIC_0027580,6.710570596624166e-05,0.9999303817749023,3.2193842258720906e-08,1.4702256976306671e-06,1.2486027856084547e-07,3.691971883768019e-08,9.62982539931545e-07
ISIC_0024925,0.4238217771053314,0.5759865641593933,1.214040366903646e-05,0.00010007948003476486,5.705897478947008e-07,1.3091880646243226e-06,7.750553777441382e-05
ISIC_0031993,0.9986748695373535,0.0012220398057252169,4.1035627873498015e-07,1.5392075511044823e-05,1.2715385310002603e-05,1.5305120086850366e-06,7.303652819246054e-05
ISIC_0029500,0.9999299049377441,3.902971002389677e-05,1.7763866821951524e-08,2.2673145849694265e-06,1.2033232451358344e-05,6.356379600447326e-08,1.6701182175893337e-05
ISIC_0024539,1.781442762194274e-07,1.7641012846070225e-06,0.9999964237213135,5.543943757402303e-07,1.8473750529324207e-08,7.398247134915437e-07,2.084208006181143e-07
ISIC_0027294,0.015305552631616592,0.982333779335022,2.8785223548766226e-05,2.5049090254469775e-05,2.6329155389248626e-06,2.754924207692966e-05,0.002276613377034664
ISIC_0025780,0.9999505281448364,2.308789248672838e-08,1.362118808856394e-07,9.043979503076116e-07,4.3345098674762994e-05,3.0266377848420234e-08,4.932429874315858e-06
ISIC_0028941,0.5172185301780701,0.4824557900428772,1.2827077853216906e-06,0.0001765134948072955,1.3571326235251036e-05,3.409402779652737e-06,0.00013085221871733665
ISIC_0026468,2.9013795028731693e-06,0.0002637662983033806,3.8463213059003465e-08,0.0004301364242564887,1.188221929737665e-07,0.9993011951446533,1.8441411384628736e-06
ISIC_0026702,0.999998927116394,2.0427149749480122e-08,1.5468650360617175e-08,2.583040270565107e-07,3.7308114997358643e-07,1.403810223621349e-08,4.959023840456211e-07
ISIC_0030825,0.01824641413986683,0.9790263175964355,6.117913289926946e-05,0.001986101968213916,5.899394750485953e-07,0.0005713030695915222,0.00010804120393004268
ISIC_0028370,0.9999990463256836,2.364092388518202e-08,1.154302520234296e-08,3.373694426045404e-07,2.0580796444846783e-07,1.6205472519459363e-08,3.105350288024056e-07
ISIC_0033866,0.0001596805377630517,1.044878104039526e-06,0.9992125034332275,2.382795628363965e-06,0.0006189450505189598,7.3677015599571405e-09,5.303935722622555e-06
ISIC_0027254,0.09821515530347824,0.1339510977268219,0.7516317367553711,0.012194359675049782,0.001439957763068378,0.0001364626659778878,0.002431122586131096
ISIC_0029309,0.9999867677688599,5.834652938574436e-08,6.296502874647558e-08,1.6169683192401862e-07,1.1090509360656142e-05,4.770721151459156e-09,1.8890481214839383e-06
ISIC_0028393,0.999994158744812,2.106442487104232e-08,1.2238822364452062e-06,6.670982202194864e-07,1.455002120565041e-06,2.9291153946786608e-09,2.4928938273660606e-06
ISIC_0032854,0.9999450445175171,2.0881792295313062e-07,4.863299909629859e-05,2.2895832785252423e-07,2.7939276492361387e-07,3.832396178182762e-09,5.617895112663973e-06
