image_id,true_class,predicted_class,p_akiec,p_bcc,p_bkl,p_df,p_mel,p_nv,p_vasc
ISIC_0027419,bkl,akiec,0.7778663039207458,0.000273813318926841,0.19478996098041534,2.828953438438475e-05,0.019715826958417892,0.007324906997382641,8.83366567450139e-07
ISIC_0031633,bkl,bkl,0.028713729232549667,0.29496970772743225,0.6705232262611389,0.0002085784071823582,0.0012653404846787453,0.004308978095650673,1.0438025128678419e-05
ISIC_0027828,bkl,nv,0.0005949641927145422,0.0012362959096208215,0.35612449049949646,0.003804013831540942,0.16830718517303467,0.3986532688140869,0.07127976417541504
ISIC_0029559,bkl,nv,0.002333743264898658,0.0016103127272799611,0.10048038512468338,0.005870276130735874,0.04070575535297394,0.8457011580467224,0.003298285184428096
ISIC_0025642,bkl,nv,6.287789915404574e-07,2.925759190475219e-07,0.0006297100917436182,7.235462931021175e-07,0.032678499817848206,0.9666869640350342,3.113093043793924e-06
ISIC_0031691,bkl,bkl,0.011007965542376041,0.32119476795196533,0.6321168541908264,0.007915413938462734,0.009017730131745338,0.015968453139066696,0.00277874618768692
ISIC_0025419,bkl,nv,0.0002479986578691751,0.0007890639244578779,0.17783090472221375,0.04951644316315651,0.014161464758217335,0.757358729839325,9.539550228510052e-05
ISIC_0029301,bkl,nv,1.2776403934822156e-07,1.0147300599783193e-05,0.0022361234296113253,0.00029594721854664385,0.036704812198877335,0.9607130289077759,3.983561691711657e-05
ISIC_0030377,bkl,bkl,0.00014994252705946565,0.0017082937993109226,0.527777373790741,4.936721234116703e-05,0.007273679133504629,0.46302980184555054,1.1494405043777078e-05
ISIC_0027960,bkl,mel,0.0005714455619454384,0.00016311237413901836,0.4567869007587433,3.4380016586510465e-05,0.5201025009155273,0.022327961400151253,1.3657842828251887e-05
ISIC_0031495,bkl,bkl,2.2345134311763104e-06,3.11025655719277e-06,0.9889143109321594,8.653232725919224e-06,0.004907439928501844,0.006158270873129368,6.029418727848679e-06
ISIC_0025099,bkl,bkl,1.295907736675872e-06,2.5985389129346004e-06,0.987486720085144,8.331957701557258e-07,2.8256265068193898e-05,0.012477515265345573,2.811904550981126e-06
ISIC_0029413,bkl,mel,0.0010969418799504638,0.0002024938730755821,0.34726738929748535,0.00039505332824774086,0.6146430373191833,0.03607878461480141,0.0003162651846650988
ISIC_0025140,bkl,mel,0.00013373891124501824,5.028964369557798e-05,0.17412878572940826,7.649727194802836e-06,0.6198416948318481,0.2057955265045166,4.233229992678389e-05
ISIC_0029912,bkl,vasc,8.599276043241844e-05,0.0001989519951166585,0.014101376757025719,0.009497717954218388,0.011978784576058388,0.26297441124916077,0.7011628150939941
ISIC_0033539,bkl,bkl,0.00012742687249556184,0.005246228538453579,0.9578263759613037,0.027101485058665276,0.007277393247932196,0.0011242198524996638,0.0012968444498255849
ISIC_0030005,bkl,mel,0.001999274594709277,0.0003705452545545995,0.10578421503305435,5.405984848039225e-05,0.8870716094970703,0.0047167944721877575,3.5060375012108125e-06
ISIC_0024832,bkl,bkl,0.3088834583759308,0.22427335381507874,0.3960617780685425,0.001919739879667759,0.011552732437849045,0.04926110804080963,0.008047854527831078
ISIC_0029837,bkl,nv,2.9314058338059112e-05,4.16703951486852e-05,0.04172104597091675,4.037554390379228e-05,0.0013021351769566536,0.9567046165466309,0.0001608590391697362
ISIC_0025510,bkl,bkl,0.03296834975481033,0.0013563013635575771,0.8290308117866516,0.00036272339639253914,0.04745659977197647,0.08831987529993057,0.0005053166532889009
ISIC_0029060,bkl,bkl,8.287777745863423e-05,7.06884020473808e-05,0.8824027180671692,0.002141463104635477,0.001280585303902626,0.11398637294769287,3.5364348150324076e-05
ISIC_0026153,bkl,mel,0.03005564957857132,0.009737083688378334,0.4358445107936859,1.7699025192996487e-05,0.48972761631011963,0.03454970195889473,6.768618186470121e-05
ISIC_0025063,bkl,bkl,0.31802019476890564,0.0005552140646614134,0.5114620923995972,4.236371751176193e-06,0.034799300134181976,0.13515768945217133,1.2944067293574335e-06
ISIC_0032306,bkl,bkl,0.025478238239884377,0.0001240566052729264,0.9062104225158691,0.00016996356134768575,0.0677427425980568,0.00027053127996623516,3.968887540395372e-06
ISIC_0032304,bkl,bkl,0.016001947224140167,0.0003166323876939714,0.9489619135856628,5.324446874510613e-07,0.033937156200408936,0.0007792384130880237,2.5807341899053426e-06
ISIC_0032382,bkl,bkl,0.0018078085267916322,0.0014683936024084687,0.983679473400116,1.0362388820794877e-05,0.012193779461085796,0.0008314951555803418,8.644271474622656e-06
ISIC_0029674,bkl,nv,5.3938279620524554e-08,4.816341743207886e-07,0.3915014863014221,3.12316018380443e-07,0.0004409453831613064,0.6080565452575684,2.317840994692233e-07
ISIC_0028607,bkl,bkl,0.00025180421653203666,0.00034746594610624015,0.8008700609207153,0.00021923016174696386,0.03742583096027374,0.1608784943819046,7.12558176019229e-06
ISIC_0028646,bkl,nv,0.000632326293271035,0.0008927254239097238,0.4309382140636444,7.744657341390848e-05,0.001420025248080492,0.5659341216087341,0.00010519402712816373
ISIC_0033041,bkl,nv,2.276714803883806e-05,0.00022641921532340348,0.0012874804669991136,0.00011269313836237416,0.29133015871047974,0.7069975733757019,2.2987589545664378e-05
ISIC_0033900,bkl,bkl,8.352416443813127e-06,3.841103534796275e-05,0.9049286246299744,1.7868756913230754e-05,0.00016717247490305454,0.09483586996793747,3.6194862786942394e-06
ISIC_0030276,bkl,bkl,0.070502869784832,0.032744891941547394,0.894753634929657,2.4868440959835425e-06,0.0017620298312976956,0.00021476038091350347,1.9346158296684735e-05
ISIC_0033201,bkl,bkl,0.00014455064956564456,0.0002172111562686041,0.958433210849762,1.3399044291872997e-05,0.00048440691898576915,0.04069971293210983,7.5205562097835355e-06
ISIC_0033613,bkl,bkl,0.02640760876238346,0.003514129901304841,0.9583218693733215,6.266474429139635e-06,0.008580242283642292,0.003164437832310796,5.510632945515681e-06
ISIC_0032978,bkl,mel,0.04519249498844147,0.0010855101281777024,0.022637756541371346,2.916281664511189e-05,0.8108566403388977,0.12018691748380661,1.1490107681311201e-05
ISIC_0032829,bkl,bkl,7.744523827568628e-06,0.002772287931293249,0.9807420969009399,3.2476407341164304e-07,0.006769523955881596,0.009695111773908138,1.2874218555225525e-05
ISIC_0033601,bkl,bkl,9.577549917594297e-07,0.00013040905469097197,0.9725324511528015,6.850980582839838e-08,0.005883445031940937,0.021447651088237762,4.993162747268798e-06
ISIC_0032570,bkl,bkl,6.098646190366708e-05,0.0003918849106412381,0.9945751428604126,0.0010846913792192936,0.0002554461534600705,0.0035455396864563227,8.636782877147198e-05
ISIC_0033410,bkl,bcc,0.028649616986513138,0.913577139377594,0.04953610152006149,0.0007997134234756231,0.001995617290958762,0.004152369219809771,0.0012893666280433536
ISIC_0033306,bkl,bkl,0.018573841080069542,0.0033512860536575317,0.7161400318145752,0.0002569827775005251,0.24075302481651306,0.02079518884420395,0.00012965814676135778
ISIC_0033235,bkl,nv,0.0025191179011017084,4.745023943542037e-06,0.42798277735710144,1.8812863345374353e-05,0.04172047600150108,0.5277516841888428,2.358940491831163e-06
ISIC_0026085,bkl,mel,7.283024751814082e-05,4.436754807102261e-06,0.0008728289394639432,7.943052878545132e-06,0.9984837174415588,0.0005578183336183429,4.4333515347716457e-07
ISIC_0032756,bkl,mel,5.254754069028422e-05,0.00017234274127986282,0.3195062279701233,5.196568508836208e-06,0.6311023235321045,0.048737283796072006,0.00042412185575813055
ISIC_0034031,bkl,mel,0.002555395942181349,0.0020381351932883263,0.036590687930583954,0.006066898349672556,0.6063676476478577,0.33953404426574707,0.006847130600363016
ISIC_0033449,bkl,bkl,0.00045752976438961923,2.079160026369209e-07,0.9622076153755188,8.997416216516285e-07,0.0003955987631343305,0.036937881261110306,2.519769566333707e-07
ISIC_0033414,bkl,nv,8.526871653202761e-08,3.859455546262325e-07,0.3037188947200775,4.823539967446777e-08,4.591209290083498e-05,0.6962342262268066,4.1914134385478974e-07
ISIC_0033791,bkl,bkl,8.899369277060032e-06,5.445949136628769e-05,0.9135518074035645,2.8385261430230457e-06,0.0751911997795105,0.011081932112574577,0.00010887624375754967
ISIC_0033060,bkl,bkl,1.1327150559736765e-06,1.8419652860757196e-06,0.6916303038597107,1.0356204711570172e-06,0.0003224881074856967,0.3080410957336426,2.1847611151315505e-06
ISIC_0031376,bkl,mel,0.014461526647210121,0.003670027246698737,0.025843733921647072,3.5067136195721105e-05,0.936835765838623,0.019092828035354614,6.11476061749272e-05
ISIC_0027989,bkl,bkl,0.0012433757074177265,0.00030489853816106915,0.9556618928909302,0.0003182514919899404,0.00408227788284421,0.03467179462313652,0.0037174278404563665
ISIC_0027218,bkl,mel,0.0020828943233937025,0.0006561485351994634,0.048030734062194824,1.7205908079631627e-05,0.5309141874313354,0.41811543703079224,0.00018338795052841306
ISIC_0028020,bkl,df,0.0022307990584522486,0.002271097619086504,0.44553813338279724,0.4757903814315796,0.003202032530680299,0.021494325250387192,0.04947318136692047
ISIC_0026623,bkl,akiec,0.8382205963134766,0.004363066516816616,0.01662401668727398,2.4975610358524136e-05,0.05731529742479324,0.0834474191069603,4.562881258607376e-06
ISIC_0031989,bkl,akiec,0.8758417963981628,0.09603023529052734,0.008749239146709442,0.00013316886906977743,0.004708890337496996,0.014508801512420177,2.7792269975179806e-05
ISIC_0029394,bkl,nv,0.001544765429571271,0.002924744738265872,0.09149876236915588,0.0013956530019640923,0.3706291615962982,0.5105897784233093,0.021417133510112762
ISIC_0027374,bkl,bkl,9.928122744895518e-05,0.0019356388365849853,0.9972819089889526,2.3864097329351353e-06,8.233568223658949e-05,0.0005655862623825669,3.2799351174617186e-05
ISIC_0032168,bkl,bkl,1.696690196695272e-05,9.808112736209296e-06,0.9982916712760925,1.0765448621441465e-07,0.0004978735814802349,0.0011830594157800078,4.960254500474548e-07
ISIC_0028308,bkl,bkl,0.40663692355155945,0.018063584342598915,0.559734582901001,1.08009562609368e-05,0.003056982299312949,0.012488652020692825,8.445537787338253e-06
ISIC_0029522,bkl,mel,0.0012360068503767252,3.083252158830874e-05,0.0007053345907479525,6.884349568281323e-05,0.9772762656211853,0.020676717162132263,6.063588443794288e-06
ISIC_0031060,bkl,bkl,0.00166771886870265,0.0008822850650176406,0.8968832492828369,3.465087866061367e-05,0.04441569000482559,0.0558285191655159,0.00028791275690309703
ISIC_0026634,bkl,bkl,0.0022639473900198936,0.00024627565289847553,0.9776458144187927,1.3310171198099852e-05,0.0035151976626366377,0.016286291182041168,2.925626358774025e-05
ISIC_0026923,bkl,akiec,0.7066987156867981,0.00042732403380796313,0.2923082113265991,1.4454715255851625e-06,8.714549949218053e-06,0.0005554551025852561,9.755569863045821e-08
ISIC_0030203,bkl,akiec,0.45511847734451294,0.22628803551197052,0.1698789745569229,0.0017416283953934908,0.13611863553524017,0.005513588897883892,0.005340695381164551
ISIC_0025985,bkl,bcc,0.00010770314111141488,0.49364209175109863,0.4673105478286743,5.9859052271349356e-05,0.005366068333387375,0.033255141228437424,0.0002585314214229584
ISIC_0030208,bkl,bkl,0.0005630353698506951,0.0004883970250375569,0.9936825037002563,6.989671874180203e-06,0.00031475970172323287,0.0049391803331673145,5.239622623776086e-06
ISIC_0025986,bkl,nv,2.479018121448462e-06,7.437573367496952e-05,0.0005553372902795672,6.920059149706503e-06,0.14646309614181519,0.8517572283744812,0.0011405778350308537
ISIC_0025805,bkl,bkl,4.1494040488032624e-05,8.503174467477947e-05,0.9527547359466553,2.3225122731673764e-06,7.105325494194403e-05,0.04702901095151901,1.6388523363275453e-05
ISIC_0024880,bkl,bkl,0.007827612571418285,0.012715252116322517,0.9483225345611572,4.140208329772577e-05,0.01755840890109539,0.013419835828244686,0.00011499042739160359
ISIC_0029525,bkl,bkl,0.20049092173576355,0.00028127458062954247,0.7140322923660278,3.7693876947741956e-05,0.013690969906747341,0.0713597983121872,0.00010703642328735441
ISIC_0025376,bkl,bkl,0.0008165684994310141,0.00061206822283566,0.8564623594284058,1.162045282399049e-05,0.10786920040845871,0.034204546362161636,2.3538139430456795e-05
ISIC_0024726,bkl,bkl,3.634092706761294e-07,6.594019907879556e-08,0.9914836287498474,2.4136694865006803e-09,1.802304382181319e-06,0.008514202199876308,8.646980909077229e-09
ISIC_0028100,bkl,nv,0.00030721069197170436,0.010897514410316944,0.23746028542518616,0.00019567887648008764,0.030714884400367737,0.7202160954475403,0.0002083636645693332
ISIC_0030636,bkl,bcc,0.00017268367810174823,0.8463498950004578,0.1437000036239624,0.00015556826838292181,0.0016580985393375158,0.007452443707734346,0.0005112477811053395
ISIC_0031078,bkl,nv,3.720180029631592e-05,0.0006066494970582426,0.3314496576786041,5.0935901526827365e-05,0.006892301142215729,0.6608754992485046,8.771357533987612e-05
ISIC_0025693,bkl,bkl,0.0032139639370143414,0.0018785659922286868,0.8907662630081177,3.5069799196207896e-05,0.03656357154250145,0.0672597587108612,0.0002827444113790989
ISIC_0032116,bkl,bkl,0.002009209943935275,0.0007066718535497785,0.8680727481842041,6.953070260351524e-05,0.0764940157532692,0.05261744186282158,3.036702582903672e-05
ISIC_0024772,bkl,bkl,0.00016725216119084507,8.449108281638473e-05,0.6327462792396545,4.3527677917154506e-05,0.2238171547651291,0.1430899202823639,5.133408194524236e-05
ISIC_0026219,bkl,bkl,4.278316737327259e-06,0.00023673368559684604,0.9764056205749512,1.1915767572645564e-06,0.0022792406380176544,0.021070867776870728,2.0659249457821716e-06
ISIC_0029139,bkl,bkl,0.001146056572906673,1.6045214579207823e-05,0.9946947693824768,2.9838915907021146e-06,0.0011989688500761986,0.0029384715016931295,2.7268138182989787e-06
ISIC_0031061,bkl,bkl,0.00954225193709135,0.0008120832499116659,0.9329654574394226,0.0008414452895522118,0.054268885403871536,0.001405672519467771,0.00016422032786067575
ISIC_0027991,bkl,mel,0.008236926048994064,0.0006147029343992472,0.007397082634270191,1.7874857576316572e-06,0.979380190372467,0.004368601366877556,7.779110546835e-07
ISIC_0031289,bkl,mel,0.004845812451094389,0.0007451121928170323,0.4068617820739746,0.001825925544835627,0.5835566520690918,0.0019416754366829991,0.00022309098858386278
ISIC_0031580,bkl,bkl,0.0006230216822586954,0.03742911294102669,0.9563012719154358,3.2917963835643604e-05,0.00012174289440736175,0.005427459720522165,6.441565346904099e-05
ISIC_0030365,bkl,mel,0.0015370339388027787,1.3279287486511748e-05,0.0006986434455029666,8.400771548622288e-06,0.9965747594833374,0.0011655922280624509,2.301007953064982e-06
ISIC_0029810,bkl,akiec,0.893653929233551,0.005248627625405788,0.07413086295127869,6.009081698721275e-05,0.003475144039839506,0.02341729961335659,1.4074957107368391e-05
ISIC_0029678,bkl,bkl,0.00015871030336711556,0.00026232496020384133,0.4465096890926361,9.483453322900459e-05,0.11701220273971558,0.4358539283275604,0.00010830712562892586
ISIC_0027990,bkl,bkl,3.032063068530988e-05,3.456197191553656e-06,0.9945603013038635,1.0222414630334242e-06,0.004572547506541014,0.0008309485274367034,1.428291511729185e-06
ISIC_0031808,bkl,bkl,0.0030024382285773754,1.54783483594656e-05,0.9921190738677979,7.19092668077792e-07,0.0025611550081521273,0.002300520893186331,5.752356742050324e-07
ISIC_0027470,bkl,bkl,0.0003722785331774503,2.6568464818410575e-05,0.9396657943725586,5.458606392494403e-05,3.990542609244585e-06,0.059872519224882126,4.289503067411715e-06
ISIC_0024910,bkl,bkl,0.05462057888507843,0.00017107854364439845,0.6376360058784485,4.4939770305063576e-05,0.12912511825561523,0.1783524453639984,4.9790825869422406e-05
ISIC_0025374,bkl,bkl,3.756058868020773e-05,2.8967802791157737e-05,0.8520219922065735,1.5985871868906543e-05,0.09409715980291367,0.053734466433525085,6.388180918293074e-05
ISIC_0030533,bkl,bkl,3.421579458517954e-05,0.06179676577448845,0.5451362133026123,0.00022958332556299865,0.0006285614799708128,0.39186298847198486,0.0003116481238976121
ISIC_0027335,bkl,mel,0.009790429845452309,0.00029842666117474437,0.028154006227850914,1.645710290176794e-05,0.918570876121521,0.043147265911102295,2.2425310817197897e-05
ISIC_0025389,bkl,bkl,0.23325835168361664,0.09419387578964233,0.2540333569049835,0.0940551832318306,0.09555567800998688,0.21431104838848114,0.014592500403523445
ISIC_0028593,bkl,bkl,0.021285800263285637,3.325796205899678e-05,0.9586029648780823,3.417226253077388e-06,0.017911672592163086,0.0021604830399155617,2.453112756484188e-06
ISIC_0030801,bkl,mel,0.0014097021194174886,0.00011061528493883088,0.030142849311232567,2.1260191260807915e-06,0.8926866054534912,0.07562730461359024,2.076588680210989e-05
ISIC_0030231,bkl,akiec,0.7970148324966431,0.0011973243672400713,0.17057622969150543,0.0007641981355845928,0.02913701720535755,0.0012830758932977915,2.7262944058747962e-05
ISIC_0029206,bkl,bkl,0.00019684500875882804,0.0001679376291576773,0.9238936901092529,3.1449006201000884e-05,0.0628327950835228,0.012845490127801895,3.18391430482734e-05
ISIC_0030608,bkl,nv,0.0012763558188453317,6.219604256330058e-05,0.4230828583240509,1.0297469088982325e-05,0.1348346471786499,0.440723180770874,1.0474673217686359e-05
ISIC_0030935,bkl,bkl,0.0032371114939451218,4.5586897613247856e-05,0.9569025635719299,0.00014080868277233094,0.012840497307479382,0.026681173592805862,0.00015225746028590947
ISIC_0028611,bkl,akiec,0.9222617745399475,0.06349199265241623,0.00033315300242975354,0.005149501841515303,0.008108735084533691,0.0005668961675837636,8.792824519332498e-05
ISIC_0028842,bkl,mel,0.29005709290504456,0.010050497949123383,0.11144788563251495,0.00013087365368846804,0.5852586627006531,0.002809786470606923,0.00024528283393010497
ISIC_0028913,bkl,bkl,1.1287136658211239e-05,2.9150855880288873e-06,0.998958945274353,2.764718054493187e-08,8.754428563406691e-05,0.000938404118642211,7.898971148279088e-07
ISIC_0031831,bkl,bkl,2.3485674773837673e-06,7.117396307876334e-05,0.9984630346298218,1.2417334005476732e-07,0.0012656757608056068,0.00014216119598131627,5.5644053645664826e-05
ISIC_0030130,bkl,bkl,0.00010642097186064348,1.8212906070402823e-05,0.9895433187484741,5.745850285165943e-05,0.00945200864225626,0.0008097367244772613,1.2804241123376414e-05
ISIC_0032031,bkl,bkl,0.005737625993788242,0.010213267058134079,0.9639416933059692,0.0006860195426270366,0.012480834499001503,0.006897815968841314,4.2696719901869074e-05
ISIC_0028294,bkl,bkl,0.0010108371498063207,0.0005406224518083036,0.9958027005195618,2.224085619673133e-05,0.002400154247879982,0.00020689962548203766,1.6644133211229928e-05
ISIC_0030835,bkl,bkl,0.027393370866775513,0.013532192446291447,0.8695851564407349,0.007068762555718422,0.02664734423160553,0.05372964218258858,0.002043597400188446
ISIC_0027811,bkl,bkl,0.00032051195739768445,0.00031467952067032456,0.9853056073188782,6.830754864495248e-05,0.006541469134390354,0.007439132779836655,1.0391206160420552e-05
ISIC_0026249,bkl,bkl,0.00034778256667777896,0.00802901666611433,0.8312925696372986,7.273488881764933e-05,0.001991459634155035,0.15825439989566803,1.2098134902771562e-05
ISIC_0024774,bkl,bkl,1.633843638160215e-08,6.693464627005596e-08,0.9999516010284424,2.6700536892576565e-08,1.4374986676557455e-06,4.6824254241073504e-05,3.16093071717205e-08
ISIC_0026016,bkl,bkl,1.7605034372536466e-06,1.6125796946653281e-06,0.9982501864433289,6.500362559336281e-08,6.389117334038019e-05,0.00168197404127568,4.7518707901872403e-07
ISIC_0026069,bkl,bkl,0.0026565168518573046,0.0005024702986702323,0.931705117225647,1.1642365279840305e-05,0.002503568772226572,0.06257891654968262,4.174479181529023e-05
ISIC_0031528,bkl,nv,0.014762029983103275,0.0022387835197150707,0.21814961731433868,0.0004250819038134068,0.05434575304389,0.709802508354187,0.0002762126096058637
ISIC_0028623,bkl,bkl,5.301969940774143e-05,1.74311480805045e-05,0.9857466220855713,2.2775245724915294e-06,0.004286987241357565,0.009888706728816032,4.911399173579412e-06
ISIC_0025103,bkl,bkl,0.010098502039909363,0.0018552199471741915,0.902805507183075,0.00040782353607937694,0.08040457963943481,0.004207124933600426,0.00022118260676506907
ISIC_0030123,bkl,bkl,0.00011472338519524783,0.008405430242419243,0.9281374216079712,4.4774033085559495e-06,0.007696040906012058,0.055639881640672684,1.943993083841633e-06
ISIC_0024782,bkl,mel,0.0005983146256767213,0.000531068944837898,0.2343679517507553,1.438300751033239e-05,0.5269652605056763,0.23750102519989014,2.2003954654792324e-05
ISIC_0029320,bkl,nv,0.0016440394101664424,2.5914006982930005e-05,0.052310261875391006,0.028743769973516464,0.003980053588747978,0.9132699370384216,2.6007941414718516e-05
ISIC_0029924,bkl,bkl,0.0027794812340289354,5.2928822697140276e-05,0.9924544095993042,3.739289240911603e-05,0.00010533514432609081,0.0045601180754601955,1.025869460136164e-05
ISIC_0032498,bkl,bkl,0.0015354483621194959,0.000614392280112952,0.9876608848571777,0.00013000136823393404,0.004804171621799469,0.005172113422304392,8.29790806164965e-05
ISIC_0024943,bkl,bkl,8.856778549670707e-06,0.00013889600813854486,0.9850762486457825,6.849756755400449e-05,0.0020374299492686987,0.012645378708839417,2.4614013454993255e-05
ISIC_0028449,bkl,bkl,0.00229244795627892,6.145747306618432e-07,0.9975048899650574,4.296521538549314e-08,1.0744045539468061e-05,0.0001912381121655926,3.467226150632996e-08
ISIC_0026174,bkl,bkl,0.0007395508582703769,1.3889758520235773e-05,0.9988179802894592,2.4149781893356703e-05,0.00020241993479430676,0.0002012897311942652,7.173613880695484e-07
ISIC_0032170,bkl,bkl,2.9260258088470437e-05,6.638542254222557e-05,0.9370911717414856,0.0002856063365470618,0.00015662207442801446,0.06005467474460602,0.002316312165930867
ISIC_0025005,bkl,bkl,5.603279532806482e-06,2.3757507960908697e-07,0.9997928738594055,3.974647722060354e-09,0.0001858964387793094,1.534810508019291e-05,8.20462631168084e-09
ISIC_0025851,bkl,bkl,1.3961796867079102e-05,9.73497753875563e-06,0.9875659346580505,2.092949944199063e-05,0.005685010924935341,0.006641417276114225,6.315625068964437e-05
ISIC_0033722,bkl,bkl,1.9005721014764276e-06,2.86300310108345e-05,0.6872758269309998,3.264336919528432e-05,1.9813918697764166e-05,0.3126184642314911,2.265491639263928e-05
ISIC_0032719,bkl,bkl,0.04278826341032982,0.0009528359514661133,0.9237577319145203,0.009093918837606907,0.020194802433252335,0.0028439441230148077,0.0003684157563839108
ISIC_0030630,bkl,bkl,2.8029646273353137e-05,3.435590406297706e-05,0.9781796932220459,2.9991539918228227e-07,0.001487312256358564,0.02026567980647087,4.677768629335333e-06
ISIC_0032179,bkl,mel,1.1747010830731597e-05,1.160127703769831e-05,0.1014070138335228,1.5644191080355085e-05,0.6272608637809753,0.27126091718673706,3.222955274395645e-05
ISIC_0034197,bkl,mel,0.3996894061565399,2.8184336770209484e-05,0.022146785631775856,4.166584858467104e-06,0.5779622197151184,0.00016922058421187103,1.980706976212332e-08
ISIC_0033022,bkl,bkl,0.0002662216720636934,2.7539035727386363e-06,0.998129665851593,1.9231945316278143e-06,0.0011565577005967498,0.0004425442893989384,2.891232497859164e-07
ISIC_0033693,bkl,bkl,1.12319703475805e-05,3.2578242098679766e-05,0.9954397678375244,7.387256140134468e-09,0.002676148433238268,0.0018402275163680315,3.378645985208095e-08
ISIC_0033246,bkl,bkl,1.4873332474962808e-05,3.863870460918406e-06,0.9751998782157898,0.0004319183062762022,0.018121901899576187,0.00621128361672163,1.6303814845741726e-05
ISIC_0033528,bkl,bkl,0.0037285317666828632,0.0001501168735558167,0.9866185784339905,0.0021331424359232187,0.0022026279475539923,0.005131070036441088,3.600792115321383e-05
ISIC_0033865,bkl,bkl,0.08955105394124985,0.008332701399922371,0.8467119932174683,0.031786542385816574,0.00651066517457366,0.016710983589291573,0.00039592807297594845
ISIC_0034296,bkl,mel,1.8713881217991002e-06,9.567924280418083e-06,0.237885519862175,1.073903899140305e-08,0.4802759885787964,0.28182610869407654,9.258602062800492e-07
ISIC_0032763,bkl,mel,0.00031671335455030203,3.745611320482567e-05,0.31438884139060974,3.059184336962062e-07,0.6702552437782288,0.014996795915067196,4.538780103757745e-06
ISIC_0034291,bkl,bkl,8.988268382381648e-05,0.00086094910511747,0.6808411478996277,2.4790106181171723e-06,0.266765832901001,0.05127224698662758,0.00016743779997341335
ISIC_0033701,bkl,bkl,4.5380864321487024e-05,1.1344340236973949e-05,0.7497498393058777,1.006397951641702e-06,0.03133859112858772,0.218832865357399,2.1009220290579833e-05
ISIC_0033945,bkl,bkl,0.0002190105733461678,9.644965757615864e-05,0.907904863357544,0.0006094934069551528,0.03130795806646347,0.059771470725536346,9.08107467694208e-05
ISIC_0033750,bkl,bkl,3.682861304810103e-08,2.6041345790872583e-07,0.9979310035705566,1.2246549374594906e-07,4.493409505812451e-05,0.0020234675612300634,2.697067600365699e-07
ISIC_0033490,bkl,bkl,0.0004963036044500768,4.437814641278237e-05,0.9992877840995789,5.386564225773327e-05,6.7711812334891874e-06,0.00010651929187588394,4.365508175396826e-06
ISIC_0032740,bkl,bkl,0.0035577204544097185,0.011576324701309204,0.9329668283462524,0.00011932279448956251,0.001066231052391231,0.05066114664077759,5.254202915239148e-05
ISIC_0032271,bkl,nv,0.012855639681220055,0.002810512203723192,0.3950294554233551,0.0005832391907460988,0.002160553354769945,0.5863043069839478,0.0002562454901635647
ISIC_0029202,bkl,bkl,3.90594777854858e-06,1.4431644558499102e-05,0.9996438026428223,6.833109637227608e-06,0.00010411326366011053,0.00021728516730945557,9.639989002607763e-06
ISIC_0032124,bkl,bkl,0.0003986764932051301,0.00039358128560706973,0.987934947013855,0.006983697880059481,0.000277694285614416,0.003989560529589653,2.195556226070039e-05
ISIC_0030959,bkl,bkl,2.008305299838753e-09,2.130269365352433e-07,0.9999653100967407,3.3405951338494333e-09,5.661202521878295e-06,2.8673672204604372e-05,6.226360227401528e-08
ISIC_0029251,bkl,bkl,2.1138741431059316e-05,2.0930336575020192e-07,0.9833348989486694,1.2778227187482116e-07,0.009793666191399097,0.006849487777799368,4.4633455331677396e-07
ISIC_0026291,bkl,bkl,6.678223485323542e-07,2.317443659194396e-06,0.9999717473983765,1.9899263747902296e-07,1.6301622963510454e-05,8.691951734363101e-06,1.7221246650933608e-07
ISIC_0029345,bkl,bkl,0.0011052050394937396,0.0008305147639475763,0.8385287523269653,0.0005660473252646625,0.007777846418321133,0.1505933701992035,0.0005982655566185713
ISIC_0028448,bkl,nv,0.0012792854104191065,0.002458235016092658,0.44991084933280945,0.00260816584341228,0.01572282239794731,0.52434241771698,0.0036782068200409412
ISIC_0032460,bkl,bkl,0.017358435317873955,0.03638488054275513,0.893528938293457,0.0013598797377198935,0.0014537228271365166,0.04975413903594017,0.0001599640236236155
ISIC_0026959,bkl,nv,1.77027379777428e-06,1.7833032472935884e-07,0.042154453694820404,0.0003837154363282025,3.5255486636742717e-06,0.9574543237686157,1.9553813217498828e-06
ISIC_0027167,bkl,bkl,0.00031942958594299853,3.503063999232836e-05,0.9982737302780151,3.571790875867009e-05,0.00022499726037494838,0.0011011858005076647,9.920699085341766e-06
ISIC_0028525,bkl,nv,0.004468465689569712,0.0035529204178601503,0.14302244782447815,1.3511341421690304e-05,0.22406399250030518,0.624846339225769,3.235356416553259e-05
ISIC_0028331,bkl,bkl,0.0017939977115020156,2.4008228137972765e-05,0.9794110655784607,0.00021105581254232675,0.0012807000894099474,0.016986338421702385,0.0002927775785792619
ISIC_0025330,bkl,bkl,0.002394766313955188,5.98577935306821e-05,0.9926726222038269,5.076708839624189e-05,0.00019254234211985022,0.00456638541072607,6.302040856098756e-05
ISIC_0026967,bkl,bkl,5.381280061556026e-07,0.0006951506366021931,0.9828901886940002,5.689119461749215e-06,8.0608706412022e-06,0.016398845240473747,1.5729007145637297e-06
ISIC_0031223,bkl,bkl,8.297849490190856e-06,3.574252559701563e-06,0.9955744743347168,7.587033451272873e-06,2.9096694561303593e-05,0.004371229559183121,5.72169210499851e-06
ISIC_0025879,bkl,bkl,5.339339734233839e-11,8.961004854812771e-11,0.9996429681777954,5.891879761854568e-10,1.639897817540259e-08,0.0003569816763047129,1.8554241476564926e-09
ISIC_0025387,bkl,bkl,0.00016546367260161787,0.0005720775807276368,0.9867463707923889,5.6698612752370536e-05,0.0013512552250176668,0.010948953218758106,0.00015915492258500308
ISIC_0028797,bkl,bkl,9.181254426948726e-06,0.00030642867204733193,0.9922189712524414,0.00042966927867382765,0.00010199993994319811,0.006881629582494497,5.21862311870791e-05
ISIC_0025668,df,df,0.00021174040739424527,0.00024327749270014465,0.002050278941169381,0.9689359068870544,0.009911163710057735,0.018473025411367416,0.00017465777636971325
ISIC_0032642,df,df,0.00944015197455883,4.7753841499798e-05,0.0051720961928367615,0.8679136037826538,0.06287513673305511,0.054544102400541306,7.191039912868291e-06
ISIC_0029248,df,bcc,0.002877762308344245,0.7470073699951172,0.002665643347427249,0.22695569694042206,0.0007857515593059361,0.018660731613636017,0.001047090394422412
ISIC_0032247,df,mel,0.0014988655457273126,0.07086670398712158,0.027145646512508392,0.028479481115937233,0.7804679274559021,0.046773944050073624,0.04476749524474144
ISIC_0029967,df,df,0.012557640671730042,0.03153447061777115,0.00514518516138196,0.5452438592910767,0.3662630617618561,0.03795326128602028,0.0013025501975789666
ISIC_0028926,df,df,0.020137149840593338,0.0003832086513284594,0.0005648157675750554,0.9771341681480408,0.0008789867861196399,0.0008914335048757493,1.0164205377805047e-05
ISIC_0029891,df,akiec,0.5063334107398987,0.22289715707302094,0.03670700639486313,0.0062337713316082954,0.2196110039949417,0.00813709944486618,8.054230420384556e-05
ISIC_0034135,df,df,5.4771051509305835e-05,9.289339504903182e-05,2.5115363314398564e-05,0.9942929744720459,0.0003831953217741102,0.005123910028487444,2.7145797503180802e-05
ISIC_0033891,df,df,2.5843764888122678e-06,1.241550489794463e-05,0.00015292705211322755,0.9981759786605835,6.056032725609839e-05,0.001583427656441927,1.2125008652219549e-05
ISIC_0033554,df,df,6.853712875454221e-06,7.72117855376564e-05,0.016854403540492058,0.9506573677062988,0.0007314163376577199,0.03166869655251503,4.137828000239097e-06
ISIC_0033422,df,df,8.865185009199195e-06,8.35721493785968e-06,1.342391078651417e-05,0.9999164342880249,3.085287244175561e-05,1.7560050764586776e-05,4.585874648910249e-06
ISIC_0033808,df,nv,0.00014178840501699597,2.8967704110982595e-06,0.00014377327170222998,0.14948388934135437,0.0005779245984740555,0.8496444821357727,5.243683062872151e-06
ISIC_0033847,df,df,0.00018886348698288202,6.127054348326055e-06,4.319721847423352e-05,0.9948668479919434,5.247281296760775e-05,0.004828825127333403,1.3588163710664958e-05
ISIC_0030830,df,mel,0.0005361444782465696,0.00022353731037583202,0.0095857884734869,0.15189997851848602,0.4843655526638031,0.353306382894516,8.260663889814168e-05
ISIC_0026254,df,bkl,0.0005350333522073925,0.00879842322319746,0.9558005928993225,0.0016166085842996836,0.0012609297409653664,0.02131815254688263,0.01067022792994976
ISIC_0031271,df,df,3.531101901899092e-05,0.0001459290215279907,3.569456021068618e-05,0.9995543360710144,8.45754038891755e-05,2.0982008209102787e-05,0.00012307408906053752
ISIC_0027141,df,df,0.0005073167267255485,0.0004503107047639787,0.00029985461151227355,0.9970710277557373,0.0007579130469821393,0.0005125122261233628,0.0004010646080132574
ISIC_0030623,mel,mel,0.00015321346290875226,8.851903839968145e-05,0.008299678564071655,0.00014928881137166172,0.9171228408813477,0.061052851378917694,0.013133663684129715
ISIC_0026993,mel,mel,1.4945466318749823e-05,8.80385960044805e-06,4.8063619033200666e-05,1.0702844519983046e-05,0.9997230172157288,0.00011135752720292658,8.319345215568319e-05
ISIC_0028412,mel,mel,6.742457685504633e-07,8.644521585665643e-06,4.7626465971006837e-07,6.00626947289129e-07,0.9966009855270386,0.0033873124048113823,1.1793814564953209e-06
ISIC_0026531,mel,mel,1.0657120128598763e-06,4.482179065234959e-06,1.1411498235247564e-05,2.664889962034067e-07,0.9901873469352722,0.009793982841074467,1.4204121043803752e-06
ISIC_0032396,mel,mel,0.00011551482020877302,0.0003677576023619622,0.012098216451704502,2.407079955446534e-05,0.9717217683792114,0.015633799135684967,3.8889127608854324e-05
ISIC_0031499,mel,mel,0.09243003278970718,1.6357909771613777e-05,0.014196976087987423,0.00020340931951068342,0.6280550956726074,0.2650875747203827,1.054829317581607e-05
ISIC_0030486,mel,mel,0.0021661471109837294,0.0034989709965884686,0.2764478027820587,0.0003209125134162605,0.5830086469650269,0.13447672128677368,8.072657510638237e-05
ISIC_0027125,mel,mel,5.90608615311794e-05,1.8136946891900152e-05,0.00015519888256676495,3.1967592803994194e-05,0.8816398978233337,0.11809413880109787,1.5822397472220473e-06
ISIC_0024367,mel,nv,0.00023870141012594104,3.692046811920591e-05,0.0001851328124757856,0.0002772438165266067,0.2126350700855255,0.7866209745407104,5.894965852348832e-06
ISIC_0032079,mel,mel,0.0027393591590225697,0.32602396607398987,0.05463447794318199,0.0003722757683135569,0.5672920942306519,0.0487823411822319,0.000155506597366184
ISIC_0032400,mel,mel,2.8263208150747232e-05,1.4409107279789168e-05,0.0034249548334628344,5.565300307353027e-05,0.9877501130104065,0.0065431147813797,0.0021836012601852417
ISIC_0030211,mel,mel,4.162809091212694e-06,1.5280711522791535e-06,0.0002174398978240788,4.499545980252151e-08,0.9997310042381287,4.11666369473096e-05,4.617663307726616e-06
ISIC_0027769,mel,nv,0.008755172602832317,0.004005891270935535,0.12176861613988876,0.004010136239230633,0.33938437700271606,0.5210242867469788,0.0010515458416193724
ISIC_0029913,mel,mel,3.0913644877728075e-05,3.205086386515177e-06,5.0647795433178544e-05,0.0007399344467557967,0.9866494536399841,0.012466411106288433,5.9452399000292644e-05
ISIC_0031557,mel,mel,6.770622348994948e-06,0.00022071634884923697,0.003025392070412636,2.6663608878152445e-05,0.9638450145721436,0.032754380255937576,0.00012114576384192333
ISIC_0028901,mel,nv,9.411655099711425e-08,1.9191262254025787e-05,1.4829573956376407e-05,4.342442025517812e-06,2.838514410541393e-05,0.9999216794967651,1.154125766333891e-05
ISIC_0032098,mel,vasc,0.0007306777988560498,0.021009165793657303,0.009423507377505302,0.008882833644747734,0.0185040682554245,0.354826956987381,0.5866227746009827
ISIC_0025603,mel,mel,1.5795132640050724e-05,3.100924368482083e-05,0.00016624545969534665,4.146431365370518e-06,0.6412000060081482,0.3585647642612457,1.8056111002806574e-05
ISIC_0032044,mel,mel,0.00013703857257496566,7.660049959667958e-06,0.013864867389202118,5.839161190124287e-07,0.9578841328620911,0.028103206306695938,2.5031724817381473e-06
ISIC_0024886,mel,mel,0.000310911942506209,0.0015657029580324888,0.03170650824904442,1.2394696568662766e-05,0.70418381690979,0.26186156272888184,0.00035907086567021906
ISIC_0027102,mel,mel,7.233680662466213e-06,0.001071124104782939,0.000294343481073156,0.0002456853981129825,0.9414317607879639,0.006334564182907343,0.0506153367459774
ISIC_0031369,mel,mel,0.003882691729813814,0.0057431794703006744,0.2819472849369049,0.01570751890540123,0.6306451559066772,0.062058378010988235,1.578756928211078e-05
ISIC_0029547,mel,mel,0.00012920083827339113,0.003811810165643692,0.0013212815392762423,5.3874642617302015e-05,0.9908497333526611,0.0038337844889611006,3.84731009717143e-07
ISIC_0027060,mel,mel,3.38885911332909e-06,6.385846063494682e-06,0.003503542859107256,6.344011580949882e-06,0.6472237706184387,0.34918999671936035,6.661251973127946e-05
ISIC_0025996,mel,mel,2.0108841258803523e-09,2.9045512661696193e-09,3.032373285805079e-08,1.1237418107157282e-08,0.9997113347053528,0.00028859294252470136,1.2871065102615376e-08
ISIC_0031779,mel,mel,5.8511191127763595e-06,2.314351377208368e-06,0.31807470321655273,3.338235288197211e-08,0.671067476272583,0.010849050246179104,5.301815235725371e-07
ISIC_0028442,mel,mel,0.004819036461412907,0.007669652346521616,0.024091064929962158,1.055346911016386e-05,0.8991802334785461,0.06422319263219833,6.287273208727129e-06
ISIC_0031977,mel,nv,6.989703251747414e-07,1.8324840311834123e-06,0.144533172249794,4.524475230027747e-07,0.08809678256511688,0.7673665881156921,4.947034994984278e-07
ISIC_0031517,mel,mel,1.1750427830747867e-07,3.078848180848581e-07,1.2912220199723379e-06,2.2527053999965574e-07,0.9999673366546631,3.0731225706404075e-05,3.264507242306536e-08
ISIC_0029473,mel,mel,1.191109276987845e-05,0.00015953442198224366,0.0016146022826433182,0.00021070173534099013,0.9950018525123596,0.002969189779832959,3.2196745451074094e-05
ISIC_0029571,mel,mel,3.5794275987655055e-08,3.4401801940475707e-07,1.5698364222771488e-05,6.19121749423357e-08,0.5428033471107483,0.4571799337863922,5.726041081288713e-07
ISIC_0032220,mel,nv,0.0005624081823043525,0.04610203206539154,0.04162145406007767,0.002988767810165882,0.006861905101686716,0.7496527433395386,0.15221074223518372
ISIC_0028127,mel,mel,1.1030813311663223e-06,3.4452625641279155e-07,5.151131972525036e-06,5.1323663541325004e-08,0.998727023601532,0.0012655813479796052,7.628007097082445e-07
ISIC_0029241,mel,mel,0.0028640092350542545,1.4162189472699538e-05,0.4269390404224396,3.864196287395316e-07,0.5572568774223328,0.012925318442285061,1.6811040381981002e-07
ISIC_0024875,mel,mel,0.00043894932605326176,0.001147303730249405,0.0010958637576550245,2.599088020360796e-07,0.9966593980789185,0.0006578525644727051,2.7725840823222825e-07
ISIC_0030552,mel,nv,0.0009407659526914358,0.00040874173282645643,0.0003537116863299161,0.005090821068733931,0.3799915313720703,0.613193929195404,2.0525165382423438e-05
ISIC_0028029,mel,mel,7.873617141740397e-05,1.0817806469276547e-05,0.08986260741949081,1.4387335340870777e-06,0.8179806470870972,0.09200187027454376,6.396067328751087e-05
ISIC_0025489,mel,nv,1.9699625397606724e-07,2.507978820176504e-07,5.539915491681313e-06,2.0626335128781648e-07,0.03431987017393112,0.9656714200973511,2.510828153390321e-06
ISIC_0025265,mel,mel,0.0013021699851378798,0.00014739962352905422,0.0020199951250106096,3.545014260453172e-05,0.552990198135376,0.4434555768966675,4.920014544040896e-05
ISIC_0028489,mel,nv,6.769862011424266e-06,2.1313655906851636e-06,0.0044929650612175465,8.734311336411338e-07,0.35432732105255127,0.6411243081092834,4.563348556985147e-05
ISIC_0027260,mel,mel,8.634933124085364e-07,1.1863197642014711e-06,4.9653708629193716e-06,1.4393537917101185e-08,0.9978219270706177,0.0021708232816308737,2.476652696259407e-07
ISIC_0026996,mel,nv,5.199230379560049e-09,2.312756236522162e-10,0.00012657798652071506,1.3823229227938327e-09,0.0018842511344701052,0.9979891777038574,1.9603461076656004e-09
ISIC_0029562,mel,nv,0.0007819933234713972,0.039717063307762146,0.029488135129213333,0.058072131127119064,0.018807921558618546,0.8520664572715759,0.001066255965270102
ISIC_0033268,mel,nv,3.0823030101601034e-06,2.5759109121281654e-06,2.8367521736072376e-06,5.568238066189224e-07,0.3231690227985382,0.6768205165863037,1.4246166983866715e-06
ISIC_0033834,mel,mel,4.642840940505266e-05,6.965755687815545e-07,1.783735933713615e-05,5.051641664977069e-07,0.9996912479400635,0.00024315637710969895,2.042167182025878e-07
ISIC_0033678,mel,mel,3.1798003874428105e-06,5.339684321370441e-07,4.2852598198805936e-06,8.640403592607981e-08,0.9998924732208252,9.925767517415807e-05,1.214265097360112e-07
ISIC_0033975,mel,mel,2.0668438082793728e-05,0.022403916344046593,0.011869151145219803,0.012305298820137978,0.6489719152450562,0.29512596130371094,0.009303037077188492
ISIC_0034118,mel,mel,4.66406476107295e-07,8.512471083577111e-08,0.00029131080373190343,2.043260991513307e-07,0.7006294131278992,0.29907748103141785,1.0302807140760706e-06
ISIC_0033831,mel,mel,0.0006604837253689766,2.302446409885306e-05,0.012067063711583614,2.7356115879229037e-06,0.9731277227401733,0.014084797352552414,3.411454599699937e-05
ISIC_0032583,mel,mel,0.000773069157730788,0.0004242028226144612,0.00016969413263723254,0.00013104609388392419,0.9953340888023376,0.003145925235003233,2.207641773566138e-05
ISIC_0032564,mel,mel,0.002129595959559083,0.011362699791789055,0.008485903032124043,0.0005459476378746331,0.9207351207733154,0.0005046448204666376,0.05623602122068405
ISIC_0032993,mel,mel,2.1832347556483e-06,1.2003019037365448e-05,3.130832556053065e-05,1.0191259207203984e-05,0.9977636337280273,0.002150122309103608,3.05744688375853e-05
ISIC_0033154,mel,nv,1.6013842696338543e-08,2.063993198575531e-09,1.2741336831822991e-05,3.564456230176205e-10,0.3074702322483063,0.6925169229507446,3.712423435331402e-08
ISIC_0034222,mel,nv,0.0013832917902618647,0.0012092690449208021,0.0017564668087288737,0.0007516489131376147,0.25874245166778564,0.7361388802528381,1.8025326426140964e-05
ISIC_0034064,mel,nv,0.00030030193738639355,0.0014800082426518202,0.0013446564553305507,0.00030058002448640764,0.3206656873226166,0.6758911609649658,1.7591732103028335e-05
ISIC_0033902,mel,mel,0.0013764286413788795,0.006023784168064594,0.002105061197653413,0.004234930034726858,0.9614869356155396,0.016766460612416267,0.008006482385098934
ISIC_0032840,mel,mel,4.651880772144068e-06,0.002011263510212302,0.00014793695299886167,6.29859059699811e-05,0.9814697504043579,0.01625809073448181,4.529658326646313e-05
ISIC_0033570,mel,mel,4.902364253211999e-06,0.00032036483753472567,7.086282130330801e-05,0.0009441696456633508,0.9678634405136108,0.030725695192813873,7.055344030959532e-05
ISIC_0033129,mel,mel,9.89482578006573e-06,3.692290556500666e-05,7.384017862932524e-06,6.595547165488824e-05,0.9989533424377441,0.0008343335357494652,9.214135207002982e-05
ISIC_0033325,mel,mel,0.0008420320227742195,0.036499395966529846,0.19773812592029572,0.01636231318116188,0.7138512134552002,0.03433814272284508,0.00036873744102194905
ISIC_0033068,mel,bkl,0.04061223939061165,4.371118120616302e-05,0.794221818447113,2.982907790283207e-05,0.15899546444416046,0.006091768853366375,5.2407285693334416e-06
ISIC_0032892,mel,mel,2.106471356455586e-06,7.638955139555037e-07,2.819348082994111e-06,2.64685855455582e-08,0.9999773502349854,1.6796746422187425e-05,2.511967345242283e-08
ISIC_0026976,mel,nv,3.1522245080850553e-06,1.7124558553405222e-06,0.0026647585909813643,6.960174232517602e-06,0.34713152050971985,0.6501827239990234,9.226740985468496e-06
ISIC_0032844,mel,mel,0.0006250451551750302,5.716522650800471e-07,5.321958269632887e-06,1.71499527823471e-06,0.9982942938804626,0.0010731040965765715,5.9433215682247464e-08
ISIC_0034059,mel,mel,8.530881132173818e-06,3.596309761633165e-05,0.00022123317467048764,1.8319529999644146e-06,0.9939338564872742,0.005797932390123606,6.798204026381427e-07
ISIC_0033272,mel,bkl,0.017041346058249474,4.8768779379315674e-05,0.6938551664352417,0.0002296092570759356,0.23492717742919922,0.05380797013640404,9.002121805679053e-05
ISIC_0032718,mel,mel,0.0002795469481498003,0.1348053216934204,0.04221738502383232,7.555873162345961e-05,0.7336812019348145,0.08871567249298096,0.00022528432600665838
ISIC_0034269,mel,mel,0.00046489108353853226,7.22823097021319e-05,0.008279037661850452,6.1043397181492765e-06,0.7367894053459167,0.2543617784976959,2.642493745952379e-05
ISIC_0032598,mel,mel,2.893991222663317e-06,1.3128607179169194e-06,6.780261173844337e-05,1.1104912118753418e-06,0.6079311966896057,0.3919927477836609,2.922051407949766e-06
ISIC_0033004,mel,nv,2.654379841260379e-06,2.3120590412872843e-05,9.814979421207681e-05,5.131039142725058e-05,0.024541564285755157,0.9752726554870605,1.0564814147073776e-05
ISIC_0032072,mel,mel,0.007671183440834284,0.2804296612739563,0.0344386100769043,0.004406135529279709,0.5472736358642578,0.12567472457885742,0.00010606837895466015
ISIC_0033687,mel,nv,6.454035428760108e-06,4.030797754239757e-06,1.4222886420611758e-05,8.118991536321118e-05,0.02091817371547222,0.9789732098579407,2.591783641037182e-06
ISIC_0032812,mel,nv,1.0684138018746125e-09,5.325913434717222e-07,6.640812699743037e-08,2.5965800176663834e-08,0.00018022539734374732,0.9998192191123962,8.678711083121016e-09
ISIC_0033038,mel,mel,1.3873298030375736e-06,3.758065076908679e-07,2.5806104986259015e-07,8.673796969560499e-08,0.9995899796485901,0.0004079199570696801,1.9354004621163767e-08
ISIC_0033630,mel,mel,0.0007319864816963673,0.00011689837992889807,0.13232669234275818,3.849130280286772e-06,0.8581506609916687,0.00865456648170948,1.534695729787927e-05
ISIC_0033209,mel,mel,0.0011548333568498492,6.770190339011606e-06,0.0015923338942229748,2.522930117265787e-06,0.8793694972991943,0.11786656826734543,7.438245120283682e-06
ISIC_0034074,mel,mel,3.684184775920585e-05,2.5421602458663983e-06,0.00012866809265688062,8.702694032081126e-08,0.9978237152099609,0.0020077999215573072,4.38259007751185e-07
ISIC_0032622,mel,mel,0.00014851099695079029,0.00012392722419463098,0.0003506257198750973,0.00021291058510541916,0.9969255328178406,0.0007943586679175496,0.0014441086677834392
ISIC_0033883,mel,mel,2.8205333819641965e-06,7.416710445795616e-07,0.0004940618528053164,5.991201419419667e-07,0.8339160084724426,0.16558529436588287,5.127117788106261e-07
ISIC_0033470,mel,mel,1.6439333876405726e-06,1.8520842104408075e-06,4.694575545727275e-05,2.2877059109305264e-06,0.9973928928375244,0.0025518429465591908,2.5400063350389246e-06
ISIC_0024482,mel,mel,0.0052291289903223515,2.3995804099286033e-07,0.000148988445289433,1.8728201212070417e-07,0.9942600727081299,0.0003613591252360493,9.21967568956461e-08
ISIC_0033863,mel,mel,2.911397132265847e-06,5.948727448412683e-06,0.00019065169908571988,2.4634882720420137e-05,0.6831333041191101,0.3166387677192688,3.738008217624156e-06
ISIC_0034242,mel,mel,8.240390911851136e-07,8.264473763119895e-07,0.00016778813733253628,2.4112482606142294e-06,0.9488461017608643,0.050971049815416336,1.1011683454853483e-05
ISIC_0032913,mel,mel,5.397530458139954e-07,2.1216605716745107e-07,2.5470881155342795e-05,4.072203410032671e-07,0.9967490434646606,0.0032239723950624466,3.0062358291615965e-07
ISIC_0033981,mel,mel,3.153672514599748e-05,8.695788892509881e-06,6.447243504226208e-05,1.417820112692425e-05,0.958926796913147,0.040942735970020294,1.1533394172147382e-05
ISIC_0034188,mel,vasc,1.703437249034323e-07,0.00010835334978764877,0.0001863581273937598,0.001208501635119319,0.0013240473344922066,0.051389001309871674,0.9457834959030151
ISIC_0032684,mel,mel,1.1385748166503618e-06,3.630557330325246e-06,0.00032266604830510914,6.838367312411719e-07,0.9608623385429382,0.038787100464105606,2.2452197299571708e-05
ISIC_0032836,mel,mel,4.621079824573826e-06,4.076867753610713e-06,0.00034234972554259,1.5245137547026388e-05,0.7998553514480591,0.19967524707317352,0.00010311672667739913
ISIC_0033546,mel,nv,1.919296055419295e-09,1.2413282490797428e-07,1.1582424122025259e-06,2.457774783692912e-08,0.01518971472978592,0.9848089814186096,3.523925329318445e-08
ISIC_0027306,mel,mel,1.635197399707522e-08,2.744486380379385e-07,1.771483766788151e-05,1.2258445813984054e-08,0.9992504715919495,0.0007302975282073021,1.179490482172696e-06
ISIC_0032552,mel,bkl,0.006055878475308418,0.000659752229694277,0.9283475875854492,0.00021402457787189633,0.01618213951587677,0.047908470034599304,0.0006321992259472609
ISIC_0033300,mel,nv,1.3858483725925907e-05,2.0981167381251e-06,0.00016667199088260531,1.5221728972392157e-05,0.11213021725416183,0.8876356482505798,3.626564284786582e-05
ISIC_0033611,mel,nv,1.1471701100163045e-07,1.922118642028181e-08,9.711880011309404e-06,1.0293621066637115e-08,0.11914017796516418,0.8808499574661255,8.163331699506671e-08
ISIC_0033586,mel,nv,4.926335464006115e-07,8.612702373511638e-08,0.21493324637413025,5.0785441629841444e-08,0.0040137930773198605,0.7810515761375427,7.547466225332755e-07
ISIC_0033029,mel,nv,5.151433470018674e-06,7.282342266989872e-05,0.0015867850743234158,3.89053275284823e-05,0.36373990774154663,0.6345385313034058,1.7955591829377227e-05
ISIC_0033670,mel,mel,9.201334023600793e-07,1.6207443422899814e-06,0.0009750323952175677,5.540006782212004e-07,0.8944714069366455,0.10454802960157394,2.3636901005374966e-06
ISIC_0032509,mel,nv,0.0006004341994412243,0.000649277470074594,0.05536236986517906,6.65359493723372e-06,0.01558074913918972,0.927756667137146,4.3843931052833796e-05
ISIC_0032592,mel,vasc,0.00806265790015459,0.1543959081172943,0.003000186290591955,0.025970300659537315,0.032717976719141006,0.0024952497333288193,0.7733576893806458
ISIC_0032687,mel,nv,6.354240213113371e-06,6.043814209988341e-06,4.943760359310545e-05,0.020877759903669357,0.4720076322555542,0.5070075988769531,4.521674054558389e-05
ISIC_0033055,mel,mel,0.001380670117214322,0.0011158776469528675,0.0032315789721906185,0.14640051126480103,0.7496140003204346,0.09766007214784622,0.0005973665392957628
ISIC_0033487,mel,mel,0.0019006137736141682,0.0014140200801193714,0.032994236797094345,7.70914411987178e-05,0.5278879404067993,0.4351644515991211,0.0005616784328594804
ISIC_0033957,mel,mel,0.0009209418203681707,7.619720236107241e-06,1.4957636267354246e-05,1.612797859706916e-05,0.9737377762794495,0.025298938155174255,3.5879024835594464e-06
ISIC_0032626,mel,mel,0.00042168411891907454,0.017278160899877548,0.023173019289970398,0.0003248825669288635,0.837718665599823,0.02407561056315899,0.09700791537761688
ISIC_0033051,mel,mel,5.469010829983745e-06,0.00010142455721506849,0.006714717950671911,6.336929072858766e-05,0.648011326789856,0.03348519280552864,0.31161853671073914
ISIC_0027149,mel,mel,2.1525742340600118e-05,4.611197255144361e-06,6.308656156761572e-05,2.524360297684325e-06,0.6591376662254333,0.3407610356807709,9.547563422529493e-06
ISIC_0032918,mel,mel,0.000305540015688166,7.491080032195896e-05,0.0003808593319263309,0.00010447992826811969,0.960719645023346,0.03837919980287552,3.5350916732568294e-05
ISIC_0033752,mel,akiec,0.5921188592910767,0.05006637051701546,0.10655760020017624,0.012646785005927086,0.16191798448562622,0.07626385241746902,0.00042859886889345944
ISIC_0033730,mel,mel,3.3074604743887903e-07,1.251487873332735e-07,0.0002033409255091101,7.31540481524462e-08,0.9884892106056213,0.01130610704421997,7.712175147389644e-07
ISIC_0032975,mel,mel,6.33821910014376e-05,3.6935596199327847e-06,0.002510505961254239,2.5232413918274688e-06,0.9967235922813416,0.0006795783410780132,1.6782183593022637e-05
ISIC_0033114,mel,mel,0.00013013674470130354,0.0005333945155143738,0.08109939098358154,0.00010843850759556517,0.8893585801124573,0.025383926928043365,0.003386173862963915
ISIC_0030150,mel,mel,0.04879794269800186,0.001376892440021038,0.14327271282672882,7.838837518647779e-06,0.7974756956100464,0.009057260118424892,1.167412210634211e-05
ISIC_0031233,mel,nv,0.02734467387199402,6.633435259573162e-05,0.14047491550445557,0.00313140288926661,0.05781425163149834,0.7709625959396362,0.00020575319649651647
ISIC_0027204,mel,bkl,0.0044782436452806,0.00020448878058232367,0.9097400903701782,7.631545304320753e-05,0.06550056487321854,0.019754596054553986,0.0002455853100400418
ISIC_0028173,mel,nv,0.0018316182540729642,0.10990270972251892,0.007791169453412294,0.0760006532073021,0.154220849275589,0.6431219577789307,0.007131063845008612
ISIC_0026770,mel,mel,7.820325663487893e-06,4.677594552049413e-05,0.00014981541607994586,9.870219400909264e-06,0.9914810657501221,0.007861700840294361,0.00044297880958765745
ISIC_0025512,mel,mel,0.00013489062257576734,0.0005256363656371832,0.02255219779908657,4.172584158368409e-05,0.9525560736656189,0.023391377180814743,0.0007980652735568583
ISIC_0025963,mel,nv,0.00035922828828915954,0.004416447598487139,0.03171022981405258,9.459458669880405e-05,0.3713904619216919,0.3798356056213379,0.21219338476657867
ISIC_0032134,mel,mel,3.859482333723463e-08,1.0964841123950464e-07,1.7746060620993376e-06,1.3146136623731763e-08,0.999707043170929,0.00028884696075692773,2.1879734504182125e-06
ISIC_0027561,mel,bkl,3.243079117964953e-05,5.3947751155192236e-08,0.9966398477554321,6.7212315713049975e-09,0.00011722473573172465,0.003210341092199087,7.0006627161944834e-09
ISIC_0025316,mel,mel,0.00032799350447021425,4.926622750645038e-06,0.0004457882896531373,2.04092361855146e-06,0.664763867855072,0.33445048332214355,4.887034720013617e-06
ISIC_0029316,mel,mel,9.879899880615994e-05,0.00014759862096980214,3.692665995913558e-05,0.000492393912281841,0.9637457728385925,0.03521004319190979,0.0002684339415282011
ISIC_0030356,mel,mel,0.030361443758010864,0.0190426018089056,0.4173775315284729,0.005566296633332968,0.49963483214378357,0.007142210379242897,0.02087503671646118
ISIC_0025145,mel,mel,0.0008035238133743405,7.611430919496343e-05,0.008871477097272873,7.11177199264057e-05,0.9143792986869812,0.07562007755041122,0.00017837795894593
ISIC_0031999,mel,nv,0.004009638447314501,0.010313860140740871,0.11132529377937317,0.00013729050988331437,0.3603599965572357,0.5133637189865112,0.0004902646760456264
ISIC_0028481,mel,mel,1.5315627024392597e-05,7.428363346662081e-08,8.31408760859631e-05,1.8077281893624786e-08,0.9982540011405945,0.0016473240684717894,2.2768379182025456e-08
ISIC_0029172,mel,mel,0.0034190877340734005,2.550197280015709e-07,0.00014149946218822151,4.3675589722624863e-07,0.9701310992240906,0.02630758471786976,3.898019329540148e-08
ISIC_0031386,mel,nv,1.8569169697002508e-05,1.8749356968328357e-05,0.0005678592715412378,0.0004522864182945341,0.38944298028945923,0.6092401146888733,0.0002594294201117009
ISIC_0027302,mel,nv,1.5755452054122543e-08,2.2551429168515824e-08,4.245121090207249e-06,4.835299449723607e-08,0.001706695300526917,0.9982889294624329,1.509148148670647e-07
ISIC_0028548,mel,nv,0.0113845719024539,0.04051975905895233,0.02245410345494747,0.0002504352596588433,0.09018190205097198,0.8351477980613708,6.147038220660761e-05
ISIC_0032036,mel,mel,0.0004938793135806918,0.0005199954612180591,0.003700489876791835,0.00012435587996151298,0.8558266162872314,0.13921034336090088,0.00012437865370884538
ISIC_0029843,mel,nv,4.09871936426498e-05,3.240632213419303e-05,0.000421446020482108,3.725989017766551e-06,0.040732596069574356,0.9587650299072266,3.7829906887054676e-06
ISIC_0029454,mel,mel,0.056661397218704224,6.662795931333676e-05,0.07649609446525574,1.9820716261165217e-05,0.8525683283805847,0.014170721173286438,1.7072094124159776e-05
ISIC_0028051,mel,mel,2.4550714442739263e-05,8.950881920100073e-07,0.010012679733335972,2.232101223853533e-06,0.6560639142990112,0.33389243483543396,3.338022679599817e-06
ISIC_0027328,mel,akiec,0.6832607388496399,0.0018003591103479266,0.02840706892311573,0.0008215365232899785,0.2748090326786041,0.010444645769894123,0.0004566233546938747
ISIC_0024546,mel,mel,0.05092340707778931,2.5023518901434727e-05,0.000833085912745446,0.0005723858484998345,0.8380299806594849,0.1096147745847702,1.3402653848970658e-06
ISIC_0030382,mel,mel,0.013287345878779888,0.0006174939917400479,0.022495992481708527,0.00044275401160120964,0.8569012880325317,0.10615410655736923,0.00010103997919941321
ISIC_0028017,mel,nv,2.9408879527181853e-06,4.4466423787525855e-06,0.00010102354281116277,2.2904791876499075e-06,0.007069138810038567,0.9928163290023804,3.859145635942696e-06
ISIC_0028288,mel,mel,8.337984581885394e-06,0.004446517676115036,6.319486146821873e-06,1.147246734944929e-06,0.9869873523712158,0.008547522127628326,2.752070031419862e-06
ISIC_0027030,mel,mel,0.00017702436889521778,0.0007132877362892032,0.000562088331207633,8.140072895912454e-05,0.988524854183197,0.009921656921505928,1.9742421500268392e-05
ISIC_0030689,mel,nv,0.0002941264247056097,9.222344488080125e-06,0.10640999674797058,6.673828011116711e-06,0.19890974462032318,0.6943685412406921,1.7048970448740874e-06
ISIC_0024516,mel,nv,0.0032316655851900578,1.0246295687466045e-06,3.3620719477767125e-05,4.171400723862462e-05,0.324678897857666,0.6720083951950073,4.703278591478011e-06
ISIC_0029744,mel,mel,2.1481885141838575e-06,0.00021338915394153446,3.62528589903377e-05,0.00032844612724147737,0.9863990545272827,0.009229002520442009,0.0037917476147413254
ISIC_0024351,mel,nv,0.0001047498153639026,0.0005353868473321199,7.09949090378359e-05,1.638370486034546e-05,0.04371534287929535,0.9554266929626465,0.0001304164616158232
ISIC_0026916,mel,mel,5.482368578668684e-06,4.802468083653366e-06,0.00020340070477686822,9.379352263749752e-07,0.9995101690292358,0.0002734355512075126,1.8234146637041704e-06
ISIC_0029319,mel,mel,0.0007613888592459261,0.00058134482242167,0.009305913001298904,4.02821387979202e-05,0.816389262676239,0.17257066071033478,0.00035115558421239257
ISIC_0028898,mel,mel,2.879524743093498e-07,3.328396758206509e-08,6.891506927786395e-05,2.4410130805563313e-08,0.5968808531761169,0.4030490815639496,8.152256327775831e-07
ISIC_0025413,mel,mel,3.620791176217608e-05,3.5054154068348e-06,4.576377250486985e-06,9.175806070516046e-08,0.9996248483657837,0.0003305206191726029,1.6493846999310335e-07
ISIC_0027663,mel,nv,5.7651472161524e-05,1.893758962978609e-05,1.0381496394984424e-05,0.0007220754632726312,0.005068783648312092,0.9941191673278809,2.979114924528403e-06
ISIC_0030423,mel,mel,1.7043095795088448e-05,3.670218802653835e-06,0.002555984305217862,6.292731882240332e-07,0.9961293935775757,0.0012911867816001177,1.919640908454312e-06
ISIC_0026897,mel,nv,0.006155356299132109,1.3487078831531107e-05,0.004483065102249384,4.277976768207736e-05,0.46566787362098694,0.5235981345176697,3.935520362574607e-05
ISIC_0030695,mel,mel,0.001303824712522328,0.0015801448607817292,0.014765528962016106,0.00015788208111189306,0.8067474365234375,0.17497853934764862,0.00046674595796503127
ISIC_0024679,mel,mel,4.083733801962808e-05,4.406595905948052e-07,0.016350960358977318,7.896331339907192e-07,0.9640592336654663,0.019547022879123688,7.895835096860537e-07
ISIC_0025832,mel,mel,1.8585849829833023e-05,3.0444547519437037e-05,0.008159738965332508,3.322979580389074e-08,0.9717462062835693,0.02004433237016201,6.498441962321522e-07
ISIC_0027179,mel,mel,0.022820845246315002,0.006459665484726429,0.036183640360832214,0.12821540236473083,0.7965888381004333,0.008010652847588062,0.0017209297511726618
ISIC_0026930,mel,mel,0.000616685429122299,0.0004645005683414638,0.01949811726808548,3.877259132423205e-06,0.7714628577232361,0.20792047679424286,3.344707147334702e-05
ISIC_0026738,mel,mel,5.163612968317466e-06,1.880306932378062e-08,3.096236105193384e-05,2.98240121487936e-09,0.9997729659080505,0.00019089653505943716,1.2628473822218211e-09
ISIC_0032207,mel,nv,2.893258715630509e-05,0.00012207591498736292,0.03290014714002609,1.4372002397067263e-06,0.041830334812402725,0.9251121282577515,4.878902473137714e-06
ISIC_0024733,mel,nv,0.3511272370815277,0.002057968871667981,0.0024548424407839775,3.009109786944464e-05,0.1092439666390419,0.5350309610366821,5.491188494488597e-05
ISIC_0031821,mel,nv,0.0061664581298828125,0.015929384157061577,0.14330068230628967,0.0003598899347707629,0.2018909901380539,0.6303607821464539,0.0019918472971767187
ISIC_0025128,mel,mel,0.037503842264413834,0.0032694803085178137,0.01038325484842062,0.0017018055077642202,0.7071326971054077,0.23640485107898712,0.003604079829528928
ISIC_0028156,mel,mel,0.00037248138687573373,5.179812433198094e-06,0.003532275091856718,8.4321727626957e-06,0.6166760325431824,0.37939319014549255,1.249670640390832e-05
ISIC_0030901,mel,mel,0.0005952898063696921,0.007013725582510233,0.1015334352850914,0.00102304108440876,0.6665381789207458,0.1836828738451004,0.0396135151386261
ISIC_0030995,mel,mel,1.2615411151273292e-06,8.810575309325941e-06,0.17602242529392242,3.045964263037604e-07,0.759105384349823,0.06485940515995026,2.4373980522796046e-06
ISIC_0031368,mel,bkl,0.008959395810961723,0.0008941653650254011,0.4872523844242096,0.00017796868633013219,0.46253734827041626,0.039767153561115265,0.0004115736810490489
ISIC_0025724,mel,nv,1.5296990341084893e-07,4.478586106415605e-06,0.00016195311036426574,2.1906025722273625e-06,0.059231121093034744,0.9402438998222351,0.00035608690814115107
ISIC_0027067,mel,mel,0.004392512142658234,0.0002520488342270255,0.04760057106614113,4.9331806621921714e-06,0.6152328848838806,0.33250537514686584,1.1695945431711152e-05
ISIC_0025941,mel,akiec,0.6276407837867737,0.002163112862035632,0.07347970455884933,0.005279310047626495,0.2501920759677887,0.04080392047762871,0.0004411536210682243
ISIC_0031901,vasc,bcc,1.4572769941878505e-05,0.6486705541610718,0.0005739176413044333,0.006271509453654289,0.0035406039096415043,0.16244423389434814,0.17848463356494904
ISIC_0026092,vasc,vasc,1.2005519067770365e-07,3.044377990590874e-05,9.042251463142748e-07,5.054716439190088e-06,1.1625520528468769e-05,3.9658454625168815e-05,0.9999120235443115
ISIC_0030956,vasc,vasc,1.8657662081977833e-08,3.24195139000949e-06,4.68823736810009e-06,3.0662290555483196e-06,2.347593181184493e-05,4.9990885599981993e-05,0.999915599822998
ISIC_0027983,vasc,bcc,0.0008409906877204776,0.7463220953941345,0.010934731923043728,0.0016728319460526109,2.846624920493923e-05,0.014172100462019444,0.22602882981300354
ISIC_0027672,vasc,vasc,1.1376266684237635e-07,0.0001403876958647743,1.584118422215397e-06,1.8650271158549003e-05,1.0701945939217694e-05,6.269108416745439e-05,0.999765932559967
ISIC_0033031,vasc,vasc,0.0006656656041741371,0.005783775821328163,0.00034041458275169134,0.005522168707102537,0.005873613990843296,0.0005995269166305661,0.9812148809432983
ISIC_0032919,vasc,vasc,1.1726323911886993e-08,2.5009119326568907e-06,3.86024368026483e-07,3.1960807973518968e-06,1.3430649232759606e-06,1.6369574950658716e-05,0.9999762773513794
ISIC_0033230,vasc,vasc,1.6353136516045197e-06,0.014487373642623425,2.2944814190850593e-05,7.210929470602423e-05,0.006019972264766693,0.000824644579552114,0.978571355342865
ISIC_0032270,vasc,nv,3.848634150926955e-06,0.0010676214005798101,0.0006606210372410715,0.025929510593414307,0.02489369548857212,0.6229724287986755,0.32447218894958496
ISIC_0026876,vasc,vasc,2.4277499122149493e-08,2.996522198372986e-06,1.20491631605546e-06,3.8570192373299506e-06,1.0569830010354053e-05,1.1503912901389413e-05,0.9999698400497437
ISIC_0025924,vasc,vasc,8.595559961577237e-07,0.00016035161388572305,6.67814165353775e-05,7.653005013708025e-06,0.0001482297375332564,0.0002868820447474718,0.9993293285369873
ISIC_0027256,vasc,vasc,2.4649389729347604e-07,1.4995390301919542e-05,9.439462701266166e-06,2.6103787604370154e-05,1.9474966393318027e-05,0.00010679753904696554,0.9998230338096619
ISIC_0032890,vasc,vasc,8.283765851047065e-08,6.057077825971646e-06,1.0482122888788581e-05,4.140290002396796e-06,2.785660581139382e-05,2.950156522274483e-05,0.9999219179153442
ISIC_0031706,vasc,vasc,2.5392341740371194e-07,7.666116289328784e-06,1.7304186258115806e-05,8.59036845213268e-06,7.078974886098877e-05,2.856724677258171e-05,0.9998668432235718
ISIC_0025677,vasc,vasc,9.605358172848355e-06,0.0001532914029667154,0.0010555204935371876,0.00042646293877623975,0.00012048411008436233,0.0005199374281801283,0.997714638710022
ISIC_0028680,vasc,vasc,7.216786457320268e-08,1.0580639354884624e-05,9.39249548537191e-06,1.4869762026137323e-06,1.1251921023358591e-05,7.01035387464799e-05,0.9998971223831177
ISIC_0029742,vasc,vasc,1.7485472199041396e-05,0.00014964942238293588,0.00019233734929002821,0.0009080125018954277,0.00023890839656814933,0.00010071939323097467,0.9983928799629211
ISIC_0026490,vasc,vasc,1.4951653611205984e-05,0.000323093612678349,0.0008693176205269992,0.00014645056216977537,0.00013574361219070852,0.0016406950308009982,0.9968697428703308
ISIC_0029099,vasc,vasc,2.6816812805918744e-06,0.0010905845556408167,0.0001229961635544896,1.1665612873912323e-05,1.1850979717564769e-05,0.003268058178946376,0.9954922199249268
ISIC_0027937,vasc,vasc,2.9992659733579785e-07,1.903283191495575e-05,4.415233343024738e-05,1.4029928934178315e-05,1.252098627446685e-05,4.481924406718463e-05,0.9998651742935181
ISIC_0026068,vasc,vasc,1.6085948573163478e-07,9.139059329754673e-06,3.9385554373438936e-06,4.380960490379948e-06,4.492578682402382e-06,5.045434591011144e-05,0.9999274015426636
ISIC_0031513,bcc,bcc,4.554279803414829e-05,0.9832536578178406,0.005248246714472771,0.0006183305522426963,0.0007138496148400009,0.009943250566720963,0.00017715856665745378
ISIC_0027146,bcc,bcc,0.010615333914756775,0.903415322303772,0.0002987151383422315,0.061291906982660294,0.009142108261585236,0.004540071822702885,0.010696539655327797
ISIC_0028807,bcc,bcc,0.18844863772392273,0.38936445116996765,0.02385714091360569,0.2411809116601944,0.033670905977487564,0.12272224575281143,0.000755737884901464
ISIC_0031585,bcc,akiec,0.6264573931694031,0.13341814279556274,0.16916237771511078,0.0005061624688096344,0.06903716921806335,0.001376024098135531,4.260748391970992e-05
ISIC_0028693,bcc,bcc,3.866088081849739e-05,0.9977617263793945,0.00024369197490159422,0.0005565375322476029,7.997689681360498e-05,9.339784446638077e-05,0.0012260733637958765
ISIC_0027057,bcc,bcc,0.054326850920915604,0.7318885922431946,0.001903871656395495,0.09505718946456909,0.11594744771718979,0.0006018609274178743,0.00027413683710619807
ISIC_0025691,bcc,nv,0.0009549742098897696,0.07268168777227402,0.004570634104311466,0.13121993839740753,0.04622326418757439,0.7298056483268738,0.014543919824063778
ISIC_0031400,bcc,bcc,9.220875654136762e-05,0.9634299874305725,2.0709521777462214e-05,0.03632083907723427,4.282277950551361e-05,8.004362462088466e-05,1.3414894056040794e-05
ISIC_0029747,bcc,bcc,5.2152889111312106e-05,0.9991154074668884,9.225988469552249e-05,0.00045206592767499387,0.00010874096187762916,0.00011328716936986893,6.601828499697149e-05
ISIC_0027433,bcc,bcc,0.0008169914945028722,0.9090513586997986,0.016356119886040688,0.0014681639149785042,0.02221284806728363,0.014720164239406586,0.03537428379058838
ISIC_0026643,bcc,bcc,1.7025771512635401e-06,0.9999691247940063,1.1858554898935836e-05,3.687921719119913e-07,5.105030595586868e-06,1.0371495591243729e-05,1.4973664974604617e-06
ISIC_0032139,bcc,nv,7.884684016801202e-09,9.841054998105392e-05,4.027851900900714e-05,1.4219339163901168e-06,0.02037966065108776,0.9794568419456482,2.3427801352227107e-05
ISIC_0031789,bcc,nv,0.0004125310224480927,0.012119858525693417,0.04981717839837074,0.0008093073265627027,0.1223926693201065,0.8143323659896851,0.00011607974738581106
ISIC_0031169,bcc,bcc,1.3567213841270132e-07,0.9999121427536011,3.6766959965461865e-05,4.469480430202566e-08,1.494458672368637e-07,5.014221460442059e-05,5.917032126490085e-07
ISIC_0026453,bcc,nv,2.1468995328177698e-05,0.20245808362960815,0.0014972331700846553,6.121551905380329e-06,0.004073352087289095,0.7918664813041687,7.729136996204033e-05
ISIC_0027297,bcc,bcc,0.0016980653163045645,0.9482182264328003,0.008739127777516842,0.0001980635424843058,0.0003558674652595073,0.040696512907743454,9.414530359208584e-05
ISIC_0030114,bcc,bcc,0.012062528170645237,0.8683003783226013,0.09921673685312271,0.00010224102879874408,0.01685597375035286,0.0033909573685377836,7.121310773072764e-05
ISIC_0033271,bcc,bcc,3.7179306673351675e-05,0.9820090532302856,0.010562586598098278,0.0010302949231117964,0.00045517238322645426,0.00280573102645576,0.00310002570040524
ISIC_0034255,bcc,bcc,9.583857899997383e-05,0.9740299582481384,0.02410104125738144,1.3965665857540444e-05,7.499784987885505e-05,0.0016757672419771552,8.430341949861031e-06
ISIC_0032652,bcc,bcc,5.268053655527183e-07,0.9787836074829102,0.004394615534693003,1.1726474440365564e-06,3.512947296258062e-05,0.01677236706018448,1.2510852684499696e-05
ISIC_0034276,bcc,bcc,0.00010028314864030108,0.9502163529396057,0.00017690200184006244,0.03538242727518082,0.0003191301366314292,0.010459918528795242,0.003344960743561387
ISIC_0033468,bcc,mel,0.0013238579267635942,0.007151560392230749,0.00022106528922449797,4.5438166125677526e-05,0.9909722805023193,0.0001253628870472312,0.00016055884771049023
ISIC_0032816,bcc,bcc,1.8268869098392315e-05,0.9219802618026733,0.0025105196982622147,6.85297345626168e-05,0.0015121476026251912,0.06930972635746002,0.004600478336215019
ISIC_0033372,bcc,bcc,0.0002725328376982361,0.9627155065536499,0.017434660345315933,6.684975232928991e-05,0.0055029867216944695,0.013935782015323639,7.176604412961751e-05
ISIC_0033301,bcc,bcc,3.4200438676634803e-06,0.7625541687011719,0.13402046263217926,0.00013625093561131507,0.0016157940262928605,0.10158950835466385,8.038192754611373e-05
ISIC_0033146,bcc,bcc,0.0006614907761104405,0.9986866116523743,0.00014472111070062965,0.00025960392667911947,2.9842280127923004e-05,0.00018882066069636494,2.8895925424876623e-05
ISIC_0032727,bcc,bcc,0.3852579891681671,0.5166053175926208,0.0908556804060936,7.464581358362921e-06,6.462151759478729e-06,0.007264166139066219,2.927658215412521e-06
ISIC_0025617,bcc,nv,0.00020284473430365324,0.0702258050441742,0.07612476497888565,6.952422700123861e-05,0.013188381679356098,0.8397964835166931,0.0003922023461200297
ISIC_0029564,bcc,nv,3.306803046143614e-05,0.2684568464756012,0.10803069919347763,7.66097946325317e-06,6.130873953225091e-05,0.6234028935432434,7.515153356507653e-06
ISIC_0032146,bcc,akiec,0.3678267300128937,0.220902681350708,0.13760808110237122,0.0003708449366968125,0.2689799666404724,0.004230872727930546,8.079398685367778e-05
ISIC_0025576,bcc,bcc,0.00037862753379158676,0.9994643330574036,2.0946990844095126e-05,2.7148324079462327e-05,6.942014442756772e-05,3.818852928816341e-05,1.258331735698448e-06
ISIC_0029392,bcc,akiec,0.6006649732589722,0.31881898641586304,0.004789815749973059,0.07237750291824341,0.002003871602937579,0.0011035314528271556,0.00024136681167874485
ISIC_0027601,bcc,bcc,1.1667109056645586e-08,0.9999816417694092,1.2310484862609883e-06,1.8030986481676337e-08,3.6143708026514787e-09,1.708230047370307e-05,4.3260108384401974e-08
ISIC_0031245,bcc,bcc,4.6823009824947803e-07,0.9999184608459473,3.773269054363482e-05,1.5667359321014374e-07,2.92042204819154e-06,3.940145325032063e-05,7.792913265802781e-07
ISIC_0027631,bcc,bcc,2.8393110369506758e-06,0.9964801669120789,0.002863883273676038,1.511918185315153e-06,3.660517540993169e-05,0.0006076860590837896,7.251790066220565e-06
ISIC_0028035,bcc,nv,8.894903658074327e-06,0.26472848653793335,0.0007248439360409975,1.3961947843199596e-05,0.0001615297660464421,0.7343400716781616,2.2223448468139395e-05
ISIC_0025299,bcc,bcc,1.0682651918614283e-05,0.9999337196350098,3.554963041096926e-05,5.597420908998174e-07,6.194829893502174e-07,1.8526307030697353e-05,3.208216128314234e-07
ISIC_0024595,bcc,bcc,0.0005213246331550181,0.9468402862548828,0.005872499663382769,1.4069173630559817e-05,0.0019365310436114669,0.04472311586141586,9.212304576067254e-05
ISIC_0025046,bcc,bcc,2.8649762953136815e-06,0.8955170512199402,0.00011398762580938637,2.5782364900805987e-06,7.000721961958334e-05,0.10425247251987457,4.1074225009651855e-05
ISIC_0029805,bcc,bcc,3.9277882024180144e-05,0.9997108578681946,2.1531866877921857e-05,1.0731494626270432e-07,4.297633950045565e-06,0.0002238422748632729,6.233842242409082e-08
ISIC_0025433,bcc,bcc,1.6724696934034e-06,0.999868631362915,9.710081940283999e-06,5.3155481509747915e-06,2.3219208742375486e-06,0.00011089067993452772,1.3885122598367161e-06
ISIC_0026855,bcc,nv,3.9899314288049936e-05,0.014470186084508896,0.02713198773562908,3.3552933018654585e-05,0.003300901735201478,0.9478985071182251,0.007124923635274172
ISIC_0028107,bcc,akiec,0.9621110558509827,0.037306156009435654,0.00042893594945780933,5.061012416263111e-05,3.269047010689974e-05,6.932832911843434e-05,1.1966072861469002e-06
ISIC_0032022,bcc,bcc,3.550044493749738e-05,0.9998824596405029,3.957083754357882e-05,1.1284890888418886e-06,2.3547800083179027e-05,1.6416750440839678e-05,1.336078980784805e-06
ISIC_0031122,bcc,bcc,3.564174448911217e-06,0.999854564666748,1.171081112261163e-05,2.7282803216621687e-07,1.1072162351410952e-06,0.00012558914022520185,3.162529765177169e-06
ISIC_0032225,bcc,bkl,0.026524614542722702,0.014783969148993492,0.9326236844062805,8.313172293128446e-05,0.0004115368064958602,0.025571079924702644,1.91907815860759e-06
ISIC_0031007,bcc,bcc,0.14296196401119232,0.8567891120910645,0.00021280122746247798,2.3122503023387253e-07,7.1261360972130205e-06,2.8412407118594274e-05,3.896072087172797e-07
ISIC_0032290,bcc,vasc,0.00026594073278829455,0.39075058698654175,0.0022268560715019703,6.154271977720782e-05,0.00011713390267686918,0.006543443072587252,0.6000345349311829
ISIC_0031728,bcc,bcc,1.4844069937680615e-06,0.9991046786308289,6.729695996909868e-06,3.3274358429480344e-05,4.233645086060278e-06,0.000838927982840687,1.0670070878404658e-05
ISIC_0028973,bcc,bcc,5.2380979553845464e-08,0.9999356269836426,1.2446480468497612e-05,1.0964446346406476e-06,1.049563547184107e-08,5.0681370339589193e-05,1.2836419216455397e-07
ISIC_0031009,bcc,bcc,0.00021424754231702536,0.9336746335029602,0.058853209018707275,0.00013530347496271133,0.0040875393897295,0.0029576020315289497,7.742604066152126e-05
ISIC_0030452,bcc,bcc,0.050047602504491806,0.8790038228034973,0.07016982138156891,0.00012755881471093744,4.2114450479857624e-05,0.0005935021326877177,1.5539222658844665e-05
ISIC_0031057,bcc,bcc,0.0021480710711330175,0.9936214089393616,0.003571143141016364,0.00021254093735478818,7.02077813912183e-05,0.00035884467069990933,1.7778818801161833e-05
ISIC_0031294,bcc,bcc,1.1803757615780341e-06,0.9880852699279785,0.0003682987007778138,1.2846130914567766e-07,0.002118321368470788,0.009423507377505302,3.3542821711307624e-06
ISIC_0025530,bcc,bcc,0.0004944644751958549,0.9978799819946289,0.0005550439818762243,0.0006309604505077004,0.0002680316101759672,7.464657392119989e-05,9.684594260761514e-05
ISIC_0029337,bcc,bcc,0.009472967125475407,0.9890744090080261,0.0013853386044502258,8.452940164715983e-06,2.6552988856565207e-06,5.2555795264197513e-05,3.6220847050572047e-06
ISIC_0028652,bcc,bcc,2.10261055144656e-06,0.999951958656311,1.182020059786737e-05,1.0651179138676525e-07,5.61220190320455e-07,3.295762144261971e-05,5.247405852060183e-07
ISIC_0030782,bcc,bcc,2.3996793970582075e-05,0.993408203125,0.00015188544057309628,4.513800604399876e-07,1.9521874492056668e-05,0.006392091512680054,3.7357735891418997e-06
ISIC_0030915,bcc,bcc,0.20645330846309662,0.5808814764022827,0.1985187828540802,0.0005508321919478476,0.00017063255654647946,0.013368146494030952,5.677127046510577e-05
ISIC_0032092,bcc,bcc,0.001618427224457264,0.9977038502693176,0.0004420042096171528,5.6495282478863373e-05,2.544988774388912e-06,0.0001633299107197672,1.341920142294839e-05
ISIC_0029602,bcc,bcc,1.4005452442233945e-07,0.9994258880615234,2.8221273169037886e-05,1.7958832643216738e-07,2.827162859375676e-08,0.000545137154404074,3.0273164952632214e-07
ISIC_0029053,bcc,akiec,0.3163488209247589,0.2500009536743164,0.1598951369524002,0.03104148991405964,0.15005412697792053,0.0922214612364769,0.00043797813123092055
ISIC_0029220,bcc,bcc,1.7489655874669552e-05,0.9998754262924194,2.4307075364049524e-05,3.3123507137133856e-07,1.9252634047006723e-06,7.383580668829381e-05,6.670429684163537e-06
ISIC_0026829,bcc,bcc,6.645276152994484e-05,0.7218142151832581,0.05783723294734955,1.2482675629144069e-05,0.000700043048709631,0.21949291229248047,7.664781878702343e-05
ISIC_0028568,bcc,bcc,0.00013355986448004842,0.9983787536621094,0.0008836123161017895,4.399215322337113e-05,5.199512088438496e-06,0.0005433479673229158,1.1471421203168575e-05
ISIC_0027595,bcc,bcc,2.4789603685348993e-06,0.9997250437736511,4.202725449431455e-06,1.7391736264471547e-06,2.1566313535004156e-06,0.00026297528529539704,1.2787750165443867e-06
ISIC_0026154,bcc,bcc,0.00014389562420547009,0.9989104270935059,3.605681922635995e-05,2.0723607008221734e-07,0.0008822320960462093,2.654642412380781e-05,6.562625571859826e-07
ISIC_0029917,bcc,bcc,1.267172319785459e-05,0.9999549388885498,5.393345873017097e-06,2.171403856721099e-08,1.4646162753706449e-06,2.5566527256160043e-05,4.322967228631569e-08
ISIC_0026090,bcc,bkl,0.00030277168843895197,0.23096518218517303,0.7647803425788879,0.0001662790309637785,2.5743498554220423e-05,0.0037016922142356634,5.807209890917875e-05
ISIC_0025285,bcc,bkl,0.0017383723752573133,0.3473587930202484,0.6425262689590454,0.0009642025688663125,0.00032905073021538556,0.006664507556706667,0.00041872524889186025
ISIC_0027920,bcc,bcc,0.00031614513136446476,0.997275173664093,0.0005510000046342611,2.9084517336741555e-06,2.207131910836324e-05,0.0018187501700595021,1.40352049129433e-05
ISIC_0025031,bcc,bcc,1.0031187230197247e-05,0.9998528957366943,2.8384463803377002e-05,1.7283857232541777e-05,9.740504083310952e-07,7.272537186508998e-05,1.7746779121807776e-05
ISIC_0024931,bcc,nv,0.0012463214807212353,0.14146025478839874,0.05208338052034378,0.0006984269130043685,0.00029287327197380364,0.803466796875,0.0007519373903051019
ISIC_0026957,bcc,nv,0.005050417967140675,0.04188842326402664,0.40765172243118286,0.0014631549129262567,0.04334891214966774,0.5002871155738831,0.000310234579956159
ISIC_0025564,bcc,akiec,0.7886927127838135,0.11389478296041489,0.00503667863085866,0.001727769267745316,0.044912904500961304,0.04539308696985245,0.00034208802389912307
ISIC_0032318,bcc,bcc,0.008385386317968369,0.8985925912857056,0.003923221491277218,0.0003174050943925977,0.08718245476484299,0.0015882512088865042,1.0677926184143871e-05
ISIC_0032061,bcc,bcc,2.1291421035130043e-06,0.9833387136459351,0.003785196226090193,2.0679706722148694e-05,6.61437661619857e-05,0.012778687290847301,8.462317055091262e-06
ISIC_0028239,nv,nv,6.23394612375705e-07,2.336373654543422e-06,4.254327450325945e-06,3.3134994737338275e-05,0.0003287815779913217,0.9996212720870972,9.525338100502267e-06
ISIC_0031325,nv,nv,2.165156001865398e-05,4.448523668543203e-06,0.00015410046034958214,1.7689226297079585e-05,0.0014936905354261398,0.9983054399490356,2.969808747366187e-06
ISIC_0025311,nv,nv,3.660083081058474e-08,3.0172168408171274e-07,1.9780656657530926e-05,8.151516794896452e-08,0.023550845682621002,0.9764221906661987,6.665185992460465e-06
ISIC_0031536,nv,nv,7.73015126469545e-05,7.350878149736673e-06,0.0002361885126447305,2.2691110643791035e-05,0.0013152272440493107,0.9983394145965576,1.7425714986529783e-06
ISIC_0032060,nv,nv,5.53679875281432e-08,6.364116416079924e-07,4.595601058099419e-05,1.6427664377260953e-05,5.289179171086289e-06,0.9999279975891113,3.6248002288630232e-06
ISIC_0026824,nv,nv,9.599446570973669e-08,2.82749647340097e-06,2.6803228081462294e-08,3.6334986930341984e-07,1.7133261280832812e-05,0.9999793767929077,9.877170725758333e-08
ISIC_0030993,nv,nv,1.8938317225547507e-06,6.492962711490691e-06,0.00015935272676870227,4.778261200044653e-07,0.016716277226805687,0.9831116795539856,3.883023055095691e-06
ISIC_0029526,nv,nv,3.656321823086728e-08,5.737387098747604e-08,2.588084839771909e-07,5.026635335525498e-05,3.4109184525732417e-06,0.9999452829360962,7.11031646005722e-07
ISIC_0032210,nv,nv,1.614806751604192e-05,4.1538070945534855e-05,0.006645719986408949,0.034081485122442245,0.0001797050063032657,0.9579169154167175,0.0011184640461578965
ISIC_0031207,nv,nv,1.1055000470605592e-08,7.952663145260885e-05,5.51694711248274e-06,2.6663255994208157e-06,4.700169938587351e-06,0.9999066591262817,1.034960973811394e-06
ISIC_0027000,nv,nv,3.9820022834646807e-08,2.0967645752989483e-07,5.6517783377785236e-06,1.3589030459115747e-05,3.149231997667812e-05,0.9999452829360962,3.720274207807961e-06
ISIC_0032317,nv,nv,1.1936762689401803e-10,1.2170958996193804e-07,7.103311077116814e-07,2.5256936542206176e-09,1.3158113176814368e-07,0.9999990463256836,1.1306988234593973e-08
ISIC_0027784,nv,nv,5.145779141457751e-06,2.479313707226538e-06,5.7802033552434295e-05,0.00010816270514624193,0.011215063743293285,0.9885872602462769,2.399404729658272e-05
ISIC_0028359,nv,nv,3.252969449363263e-08,1.2408694601617754e-05,8.549604535801336e-05,2.9041209472779883e-06,2.80597146229411e-06,0.9998962879180908,1.0437276642960569e-07
ISIC_0026948,nv,nv,1.207294375582535e-09,1.1450961012737793e-10,1.0952938964692294e-06,7.219218645104775e-08,1.3088475725453463e-06,0.9999974966049194,8.796359196594494e-09
ISIC_0031604,nv,nv,1.728015263324778e-06,1.7801431795305689e-06,0.001895907218568027,3.752265627099405e-07,0.021038224920630455,0.9770441651344299,1.7918282537721097e-05
ISIC_0029273,nv,nv,6.888398185189715e-10,6.707232103053684e-08,1.1932692359550856e-05,1.312956143806332e-08,0.0001139954911195673,0.9998738765716553,7.6318071862147e-09
ISIC_0027854,nv,nv,2.231280404885183e-06,2.3355762550636427e-06,0.000590328243561089,2.112567199219484e-05,0.0002510402991902083,0.9991256594657898,7.289872428373201e-06
ISIC_0027752,nv,nv,1.1028649169020355e-05,0.00012192866415716708,0.0019774646498262882,1.2825731573684607e-05,0.011476390063762665,0.9861089587211609,0.00029142777202650905
ISIC_0030669,nv,nv,7.607947623000655e-07,2.1619447579723783e-05,2.7457816031528637e-05,0.0012749516172334552,2.6425899704918265e-05,0.998646080493927,2.6337552299082745e-06
ISIC_0025325,nv,nv,1.3246683749912336e-07,5.215481360210106e-05,0.001122256857343018,2.7641368433251046e-05,3.721722350746859e-06,0.9986006617546082,0.0001934235915541649
ISIC_0026036,nv,nv,4.926686229117516e-13,4.14117497888819e-13,5.390299318008829e-11,7.800194951751438e-13,1.774661084752438e-09,1.0,1.518475774807404e-12
ISIC_0028932,nv,nv,1.2709423572232481e-05,5.7597176237322856e-06,8.419653750024736e-05,3.727670991793275e-05,0.000630696420557797,0.9992086291313171,2.0744271751027554e-05
ISIC_0025676,nv,nv,1.6948028758179134e-08,1.7806154772870286e-08,3.6627088775276206e-06,1.3434006973511714e-07,1.7798652152123395e-06,0.9999940395355225,3.292642816177249e-07
ISIC_0025142,nv,nv,8.477032906739623e-07,2.3044678982842015e-06,0.003418667707592249,1.733978024276439e-06,0.00022825320775154978,0.9963318705558777,1.64060911629349e-05
ISIC_0030016,nv,nv,1.9560754083158827e-07,1.2528066690720152e-05,1.4776866919419263e-05,0.000414458365412429,0.0005198130966164172,0.9989833235740662,5.4906548029975966e-05
ISIC_0027160,nv,nv,9.295162612943386e-07,7.256494427565485e-08,8.80329534993507e-05,2.621463681862224e-05,1.2340000239419169e-06,0.9998834133148193,3.125542491488886e-08
ISIC_0028395,nv,nv,2.862509518308798e-06,2.60021352005424e-07,0.0015302618267014623,1.594973241481057e-06,4.2607378418324515e-05,0.9984221458435059,3.8562956206078525e-07
ISIC_0027316,nv,nv,7.133799329039903e-09,7.688154255447444e-07,9.187977411784232e-05,1.9636554782209714e-07,9.820970348073388e-08,0.9999017715454102,5.247380158834858e-06
ISIC_0028034,nv,nv,1.5215405824164918e-08,7.79909559156522e-09,1.0597756045171991e-05,2.99583092555622e-07,6.543531071656616e-06,0.9999809265136719,1.6073568076535594e-06
ISIC_0030128,nv,nv,5.913864242756972e-08,1.3005460459680762e-05,3.192407893948257e-05,9.3015887614456e-06,6.416103587980615e-06,0.9999369382858276,2.319228997293976e-06
ISIC_0026435,nv,nv,0.0002572217781562358,4.3683416151907295e-05,0.0005802406230941415,0.00017997261602431536,0.023333128541707993,0.974826455116272,0.000779285270255059
ISIC_0027416,nv,nv,0.0011078475508838892,0.00022225371503736824,0.06691563874483109,0.00010755188122857362,0.00967303104698658,0.9209645390510559,0.0010092119919136167
ISIC_0024746,nv,nv,4.943044729088797e-08,1.8986714849233977e-06,0.027774950489401817,3.8000925428605115e-07,1.5570605000903015e-06,0.9722209572792053,2.83648859067398e-07
ISIC_0024580,nv,nv,9.518330568170086e-11,1.3262952958115193e-09,4.286393817665157e-08,1.8599669582286538e-09,1.8082879194025736e-07,0.9999997615814209,3.4368035084497706e-09
ISIC_0031701,nv,nv,1.2795965631084982e-05,5.858833901584148e-06,0.00046358528197743,6.099489837652072e-06,0.14650027453899384,0.8529974222183228,1.3893612049287185e-05
ISIC_0024369,nv,nv,2.1844327420694754e-05,3.341462797834538e-05,0.0009539782186038792,0.005918311420828104,0.022838760167360306,0.9698526859283447,0.0003809623885899782
ISIC_0031157,nv,nv,8.424750376434531e-06,0.0002457672089803964,0.0017683522310107946,0.0007526141125708818,0.0012591881677508354,0.993591845035553,0.0023738492745906115
ISIC_0027834,nv,nv,0.00010399868187960237,0.003062176750972867,0.004002850968390703,0.025920499116182327,0.011321776546537876,0.9483793377876282,0.007209304720163345
ISIC_0032254,nv,nv,5.125018560647732e-06,3.5196806038584327e-06,0.1638181060552597,0.0003135979059152305,5.671940016327426e-05,0.8357951045036316,7.924366400402505e-06
ISIC_0030292,nv,nv,4.0312792748409265e-07,1.3629289696837077e-07,0.00026275517302565277,8.632412686893076e-07,1.6916699223656906e-06,0.9997335076332092,6.810966510784056e-07
ISIC_0031330,nv,nv,4.056052560486023e-08,1.2624215628420643e-07,4.716054172604345e-05,1.008563776849769e-05,4.254537634551525e-05,0.9998980760574341,1.9195999811927322e-06
ISIC_0028812,nv,nv,9.487211173109245e-06,0.029615459963679314,3.925756391254254e-05,1.0976564226439223e-05,2.8287167879170738e-05,0.9702600240707397,3.6544224712997675e-05
ISIC_0031174,nv,nv,1.9500039343256503e-05,1.3858337979399948e-06,0.0004972050082869828,2.2984397219261155e-05,2.207720717706252e-05,0.9993665814399719,7.0258516643662e-05
ISIC_0028025,nv,nv,1.320859337283764e-05,6.726771516696317e-06,2.1293113604770042e-05,6.973698327783495e-05,5.826748383697122e-05,0.9998273849487305,3.3818139399954816e-06
ISIC_0027572,nv,nv,3.943571300624171e-06,3.657798401945911e-07,0.0008860581438057125,5.954638254479505e-06,9.286247950512916e-05,0.9990072846412659,3.577759343897924e-06
ISIC_0029918,nv,nv,0.0004284628084860742,6.56581687508151e-05,0.00764921260997653,0.004364123102277517,0.39712509512901306,0.5902350544929504,0.00013243949797470123
ISIC_0025635,nv,nv,7.246938604765774e-10,1.7081495329307472e-08,7.531981083275241e-08,5.834660896653077e-07,8.742536010686308e-06,0.9999895095825195,1.0559061820458737e-06
ISIC_0031237,nv,nv,3.530415682018173e-10,1.6595091967275266e-09,7.316360406406375e-09,1.6861588392202975e-07,3.045254004518938e-07,0.9999995231628418,4.445358925408982e-08
ISIC_0026613,nv,nv,2.3770173811499262e-06,0.00174328510183841,0.0007768338546156883,1.489606893301243e-05,8.938452083384618e-05,0.9973684549331665,4.799660018761642e-06
ISIC_0029701,nv,nv,8.519498041065221e-14,6.170571432290162e-12,3.7527089769007205e-10,5.0883387781031075e-11,1.680628969324971e-09,1.0,4.0992320649024805e-10
ISIC_0030902,nv,vasc,2.501229573681485e-05,7.460516644641757e-05,0.0027788965962827206,0.0007486091926693916,0.0012878512497991323,0.39472201466560364,0.60036301612854
ISIC_0031837,nv,nv,7.879358463469543e-07,1.3501279454430914e-06,0.0001239101984538138,3.6015688920087996e-07,0.04792032018303871,0.9519461989402771,7.11309030521079e-06
ISIC_0024512,nv,nv,5.114193118060939e-05,0.001184175256639719,0.0014182856539264321,0.004603668116033077,3.163209112244658e-05,0.894941508769989,0.09776950627565384
ISIC_0024637,nv,nv,1.672003548947032e-07,1.6217781251270935e-07,1.8300080739663827e-07,9.363080266666657e-07,0.0007542976527474821,0.9992426633834839,1.6607800716883503e-06
ISIC_0031947,nv,nv,7.406042186630657e-06,5.768356459157076e-07,0.009230590425431728,3.702717731357552e-05,0.0006907447823323309,0.9900306463241577,2.9571651793958154e-06
ISIC_0029386,nv,nv,1.5130579456013038e-08,5.4825907369604465e-08,1.2615660125447903e-06,3.4574641176732257e-06,2.7291621336189564e-06,0.9999922513961792,3.437377813497733e-07
ISIC_0029410,nv,nv,1.4065984942135401e-05,1.0519204806769267e-05,0.006085872184485197,5.020191110816086e-06,0.0010925550013780594,0.9927773475646973,1.4650629964307882e-05
ISIC_0028044,nv,nv,3.083780106272194e-11,1.029609730807124e-09,1.0546361863816855e-06,1.2154611539472171e-08,6.745379437234078e-07,0.9999982118606567,8.176910171187046e-08
ISIC_0024348,nv,nv,9.013714219463509e-08,7.539345858731394e-08,0.003244852414354682,1.163519868896401e-06,3.7622837680828525e-06,0.9967492818832397,6.728743073836085e-07
ISIC_0025444,nv,nv,7.147910218918696e-05,4.261263256921666e-06,0.00783662497997284,0.0002959301054943353,0.0004541337548289448,0.991333544254303,4.07969764637528e-06
ISIC_0027375,nv,nv,2.4796207753752242e-08,2.0314882220873187e-08,1.5589495887979865e-05,1.0241600278959595e-07,3.195123781551956e-06,0.9999810457229614,4.4689187461699476e-08
ISIC_0031534,nv,nv,2.00367794604972e-05,6.53277020319365e-05,0.11789824068546295,0.00014308984100352973,1.5081286619533785e-05,0.8818261027336121,3.2220297725871205e-05
ISIC_0028108,nv,nv,5.5996334680230575e-08,5.7269829767392366e-08,7.465415592378122e-07,7.834866551093e-07,2.2133899619802833e-06,0.9999955892562866,5.950183776803897e-07
ISIC_0027661,nv,nv,1.222812329615408e-06,1.1250408533669543e-06,0.00017206223856192082,2.0483457774389535e-05,0.004341704770922661,0.9954610466957092,2.320158046131837e-06
ISIC_0028572,nv,nv,2.3088324585529563e-09,1.150514616909959e-08,0.00010480442870175466,8.574808418870816e-08,9.449193498767272e-07,0.9998935461044312,6.043280791345751e-07
ISIC_0026168,nv,nv,5.4624003098524554e-08,8.003120797184238e-07,8.653982513351366e-05,7.944643130031181e-07,5.755918027716689e-05,0.9998486042022705,5.496241101354826e-06
ISIC_0028613,nv,nv,2.799945377773838e-07,4.331869831730728e-07,2.0030487576150335e-05,9.989131655174788e-08,0.0005114313098601997,0.9994674324989319,2.2153741952024575e-07
ISIC_0025054,nv,nv,9.958786222341587e-07,0.00036547030322253704,0.00024114898405969143,0.0009632079163566232,0.00024785634013824165,0.9981446266174316,3.6709141568280756e-05
ISIC_0031102,nv,nv,9.49861259869067e-07,1.408914613421075e-05,0.0007622712291777134,1.8690130673348904e-05,0.011482767760753632,0.9877194166183472,1.7416622313248808e-06
ISIC_0031461,nv,nv,9.37378672460909e-08,0.000351217167917639,4.158603405812755e-05,1.976706471396028e-06,7.4991799010604154e-06,0.999582827091217,1.4811024811933748e-05
ISIC_0031909,nv,nv,1.7709217203787375e-08,2.2585777514905203e-07,7.766827820887556e-07,2.800981917516765e-07,6.157402367534814e-06,0.9999920129776001,5.640242193294398e-07
ISIC_0029142,nv,nv,1.9502328996168217e-06,1.5211544450721703e-05,0.002079651691019535,7.478969905605481e-07,0.012004874646663666,0.9858478307723999,4.9829191993921995e-05
ISIC_0028319,nv,nv,0.00028449686942622066,0.0016269228653982282,0.11123984307050705,0.0004783793701790273,0.0002554546226747334,0.8859533667564392,0.00016148455324582756
ISIC_0025544,nv,nv,8.335204597642587e-07,6.358223345159786e-06,0.0013690778287127614,4.452223947737366e-06,7.560481753898785e-05,0.9983949065208435,0.00014885900600347668
ISIC_0029699,nv,nv,6.677804776700214e-05,7.005130464676768e-05,6.603103247471154e-05,0.0010570831364020705,0.006388056557625532,0.9923366904258728,1.5367842934210785e-05
ISIC_0032066,nv,nv,1.5128870245462167e-07,1.0141329767066054e-06,0.0010665729641914368,1.1699680726451334e-06,0.0002751029096543789,0.9986552000045776,7.136670774343656e-07
ISIC_0024649,nv,nv,0.0004544692055787891,0.0011124059092253447,0.0037956100422888994,0.00014994788216426969,0.0028241612017154694,0.9914571642875671,0.00020622809824999422
ISIC_0031661,nv,nv,2.2638963059762318e-07,3.2206389732891694e-05,0.0005242543411441147,0.00016023121133912355,5.356920610211091e-06,0.9992677569389343,1.0041526365967002e-05
ISIC_0026689,nv,nv,1.8911634924734244e-06,6.369327456923202e-05,4.447859828360379e-05,1.9065358856096282e-06,0.0003584286314435303,0.9838700890541077,0.01565953530371189
ISIC_0027646,nv,nv,5.406576228383919e-11,3.9919259564591414e-10,1.1992029591567643e-08,1.9841166931655607e-07,5.790139212535905e-08,0.9999996423721313,3.5683289656418538e-09
ISIC_0026862,nv,nv,9.474262697040103e-06,1.123483798437519e-05,0.0012344165006652474,0.0007072296575643122,0.004453592002391815,0.993320882320404,0.0002630927774589509
ISIC_0025057,nv,nv,1.249077001830301e-07,1.467408168309703e-07,0.0004274500533938408,4.2721057980088517e-07,0.00047074112808331847,0.9990984201431274,2.6558470835880144e-06
ISIC_0030736,nv,nv,6.657506190776985e-08,1.2511161457950948e-06,0.0001907087571453303,1.227808070325409e-06,0.0018039196729660034,0.9979850053787231,1.7737411326379515e-05
ISIC_0028833,nv,nv,2.1907585120994888e-11,1.2035068774896018e-10,6.055247325775781e-08,4.889376126193667e-10,6.065520778975042e-07,0.9999992847442627,4.776316675503267e-09
ISIC_0030875,nv,nv,4.890337734764216e-08,4.277290344134599e-08,0.0005888854502700269,5.798490860797756e-07,8.532118727089255e-07,0.9994093179702759,3.044127367957117e-07
ISIC_0031647,nv,nv,2.333292226097683e-09,8.003084985830355e-07,9.20204274734715e-06,2.1183052467677044e-06,4.1180047105626727e-07,0.9999871253967285,2.695545902042795e-07
ISIC_0027938,nv,nv,5.412869708010248e-09,3.879207710610899e-08,6.553562315048111e-08,1.0480396639422906e-07,6.800101982662454e-05,0.9999316930770874,5.981558359735573e-08
ISIC_0029381,nv,mel,1.722663000691682e-06,1.3698503380510374e-06,0.00028033231501467526,1.502706072642468e-05,0.7890425324440002,0.21064653992652893,1.2495541341195349e-05
ISIC_0024838,nv,nv,5.2257528295740485e-06,0.001782139646820724,0.006696147378534079,0.0005718692555092275,0.00023506113211624324,0.9809886813163757,0.009720864705741405
ISIC_0024804,nv,nv,7.328789070015773e-05,1.930453208842664e-06,0.0018326370045542717,2.245469659101218e-05,0.0036587745416909456,0.9944034814834595,7.5504876804188825e-06
ISIC_0031364,nv,nv,1.4581620234821457e-05,4.254608938936144e-06,0.0007595457718707621,4.047613856528187e-06,0.0005838946090079844,0.9986259937286377,7.682246177864727e-06
ISIC_0027440,nv,nv,1.6459894425224775e-07,8.117815741570666e-05,0.0001380505127599463,1.8723762877925765e-06,0.00022206114954315126,0.999537467956543,1.9258364773122594e-05
ISIC_0030743,nv,bkl,2.006932845688425e-05,7.693069164815824e-06,0.9824720621109009,1.2428417903720401e-05,9.218017657985911e-05,0.01739170402288437,3.8374532778107096e-06
ISIC_0024465,nv,nv,5.516189172105612e-10,5.505135014516327e-09,8.234500455728266e-06,1.664208321017213e-05,7.442387328637778e-08,0.9999744892120361,4.5333396769819956e-07
ISIC_0029984,nv,nv,3.07322522985487e-08,3.780230350969305e-09,1.8005217498284765e-05,5.702553540487543e-09,3.422452664381126e-06,0.9999785423278809,1.1135411703833142e-08
ISIC_0025849,nv,nv,8.282560770567216e-08,9.924582627718337e-06,0.0018708928255364299,0.0014574759406968951,1.4935764738766011e-05,0.9966312050819397,1.540059020044282e-05
ISIC_0030911,nv,nv,1.999175947275944e-05,5.247583976597525e-05,8.06954485597089e-05,0.0001832727575674653,0.0009362594573758543,0.9987020492553711,2.5257329980377108e-05
ISIC_0032166,nv,nv,7.676198038097937e-06,0.006167516112327576,4.009577969554812e-05,6.461395969381556e-07,0.00044006563257426023,0.9932550191879272,8.907454321160913e-05
ISIC_0028375,nv,nv,3.9280791952478467e-08,1.0629188409438939e-06,1.5567371519864537e-05,5.774296369054355e-05,0.0005749763804487884,0.9992164373397827,0.00013416373985819519
ISIC_0031734,nv,nv,5.724858098687946e-08,1.3544723742597853e-07,8.184940270439256e-06,1.0643423138390062e-06,6.719169050484197e-06,0.9999830722808838,7.231168979160429e-07
ISIC_0027910,nv,nv,5.461353339342168e-06,1.645980489684007e-07,0.0003449623181950301,2.1584648493444547e-05,0.00019065024389419705,0.9994366765022278,4.930541308567626e-07
ISIC_0030524,nv,nv,3.3519454518682323e-06,1.3565775589086115e-05,0.012688564136624336,3.5874018067261204e-06,2.2053316115488997e-06,0.9872820973396301,6.690634563710773e-06
ISIC_0029085,nv,nv,2.0636774067384067e-08,4.655067797898482e-08,2.0215527911204845e-05,1.2435114626896393e-07,5.061630508862436e-05,0.9999279975891113,1.0283850997439004e-06
ISIC_0030193,nv,nv,7.553344403277151e-07,6.002127338433638e-05,0.018084987998008728,0.006043332163244486,1.7196889530168846e-05,0.9757794141769409,1.4330577869259287e-05
ISIC_0026740,nv,nv,1.0464943495103185e-10,1.498054236215296e-09,5.9099001248341665e-08,1.3612345028946038e-08,1.1634754173428519e-06,0.9999988079071045,2.3114075986541138e-08
ISIC_0027307,nv,nv,0.0001094747130991891,0.0001570694294059649,0.0023053959012031555,2.7329346266924404e-05,0.00013199365639593452,0.9971885085105896,8.023630653042346e-05
ISIC_0026731,nv,nv,4.160457311996879e-09,1.4827672423223248e-08,5.700147767129238e-07,1.0756634694075728e-08,3.0642002002423396e-07,0.9999990463256836,1.5910591955048403e-08
ISIC_0024555,nv,nv,5.177723778615473e-07,1.1099568837380502e-06,1.181872107736126e-06,5.028398391004885e-06,1.18986656616471e-06,0.9999884366989136,2.5936410565918777e-06
ISIC_0030660,nv,nv,8.249967820006532e-09,5.678164143319009e-06,0.00011090276530012488,4.292003197292615e-09,2.2577927083489158e-08,0.9998832941055298,6.163089238953035e-08
ISIC_0025931,nv,nv,4.762767389365763e-07,1.7802312868298031e-06,4.5656510337721556e-05,3.7437243918247987e-06,0.00012833549408242106,0.9998182654380798,1.8643875137058785e-06
ISIC_0025213,nv,nv,1.534666616009872e-08,9.152056890116e-08,1.635349462958402e-06,3.520536893120152e-06,2.552950354584027e-05,0.9999686479568481,4.4573559421223763e-07
ISIC_0026449,nv,nv,1.4338075970954378e-06,5.561196303460747e-07,0.0008377260528504848,7.228584308904829e-07,0.04008111730217934,0.959077000617981,1.5451585113623878e-06
ISIC_0028609,nv,nv,2.2981717506809218e-07,1.055635721058934e-06,3.5477401070238557e-06,2.426354512863327e-06,2.2283760699792765e-05,0.9999698400497437,5.838576271344209e-07
ISIC_0024860,nv,nv,0.00013231119373813272,0.036623891443014145,0.0009049079963006079,0.008510197512805462,0.0015509405639022589,0.8663405776023865,0.08593708276748657
ISIC_0026267,nv,nv,1.9707144929270726e-06,1.3321567848834093e-06,0.00019397118012420833,2.2922788048163056e-05,0.0007544298423454165,0.9990173578262329,8.05715171736665e-06
ISIC_0030490,nv,nv,0.00012389275070745498,0.00019956631876993924,0.0060674580745399,0.0008492094930261374,0.01742151379585266,0.9748373627662659,0.0005010053864680231
ISIC_0028403,nv,bkl,1.2277047972020227e-05,9.44329713092884e-06,0.9768819212913513,4.634390279534273e-06,7.578923396067694e-05,0.023014456033706665,1.4757706594537012e-06
ISIC_0032411,nv,nv,3.5987993669550633e-06,1.3954579117125832e-05,2.4376577130169608e-06,7.728504715487361e-05,0.00015880003047641367,0.9997386336326599,5.3722997108707204e-06
ISIC_0032507,nv,nv,2.0237399667166756e-07,7.527119691985718e-07,3.79260791305569e-06,1.2347771871645818e-07,0.003007299965247512,0.9969866871833801,1.2467656915760017e-06
ISIC_0024404,nv,nv,1.3450232927425532e-07,1.758090002113022e-05,2.270810909976717e-05,0.00017165181634481996,1.7958831449504942e-05,0.9997020363807678,6.788038444938138e-05
ISIC_0031097,nv,nv,4.354136535766884e-07,2.419317581825453e-07,1.0286495125910733e-05,2.7913606004403846e-07,1.1864380212500691e-05,0.999976634979248,3.4999885656361585e-07
ISIC_0029004,nv,nv,3.198221065758844e-06,1.974331780729699e-06,0.00012500239245127887,2.500916707504075e-06,0.0005285918014124036,0.9993355870246887,3.046549863938708e-06
ISIC_0025527,nv,nv,6.0572590882657096e-05,2.144841528206598e-05,3.2292475225403905e-05,0.0003208317211829126,0.0003570170665625483,0.9991992115974426,8.704905667400453e-06
ISIC_0029492,nv,nv,1.956734649866121e-07,1.1518137625898817e-06,9.7420415841043e-06,3.3151332900160924e-05,9.396021738439231e-08,0.9999549388885498,6.376371288752125e-07
ISIC_0030418,nv,nv,0.001608844380825758,1.5319663361879066e-05,0.0005225773784331977,3.720535823958926e-05,0.0013493947917595506,0.9964195489883423,4.7123667172854766e-05
ISIC_0026515,nv,nv,2.139742827367286e-09,1.2807909399725759e-08,2.039198989223223e-06,3.80219571525231e-05,8.955015395883947e-09,0.9999575614929199,2.412165713394643e-06
ISIC_0032398,nv,nv,1.695597120487946e-06,0.00018087394710164517,0.00020633339590858668,0.0003897763090208173,0.00039819072117097676,0.9973037242889404,0.0015194285660982132
ISIC_0026253,nv,nv,4.8050189604964544e-08,1.9860540589888842e-07,0.0005070851766504347,1.3935554932231753e-08,8.306165000249166e-07,0.999491810798645,1.045274800048901e-08
ISIC_0026000,nv,nv,6.470586959039792e-05,0.04783622547984123,0.0054512908682227135,0.0006779393879696727,4.926869223709218e-05,0.9458042979240417,0.00011623499449342489
ISIC_0030972,nv,nv,4.084243698798673e-08,9.613351181769758e-08,3.31426526827272e-05,3.022413181952288e-07,2.4424705316050677e-06,0.9999637603759766,1.8485880559637735e-07
ISIC_0029536,nv,nv,9.263413147664323e-08,2.9927698506071465e-06,3.0354045520653017e-05,1.2573933361181844e-07,2.3966407525222166e-07,0.9999661445617676,4.0315157434633875e-08
ISIC_0026233,nv,nv,6.235146884137066e-06,3.613907608723821e-07,0.00016749229689594358,1.2219431937410263e-06,0.017087627202272415,0.9827321767807007,4.919553703075508e-06
ISIC_0027317,nv,nv,1.8950957469954233e-10,9.586113014492526e-10,2.734326765008177e-09,8.149936725487805e-09,1.0129193128705083e-07,0.9999998807907104,8.220942149250732e-09
ISIC_0030413,nv,nv,1.8814191093952104e-07,6.012427320456482e-07,2.750008752627764e-05,3.887387356371619e-05,3.66249832950416e-06,0.9999288320541382,3.221355768801004e-07
ISIC_0028021,nv,nv,4.625351657239207e-09,1.5183107962002396e-06,5.703880106011638e-06,4.5424781092151534e-07,1.842082724579086e-06,0.9999903440475464,6.8469482528144e-08
ISIC_0030307,nv,nv,1.99432106455788e-05,0.20609763264656067,0.00018774645286612213,2.2783571296258742e-07,3.1570032206218457e-06,0.793687641620636,3.625944600571529e-06
ISIC_0026832,nv,nv,5.2299998998250885e-08,3.92096133339237e-08,1.6331816823367262e-06,2.84882588630353e-07,1.5933146642055362e-06,0.9999964237213135,7.475642149756823e-08
ISIC_0027553,nv,nv,0.00012843719741795212,1.9201161194359884e-06,0.0007241562125273049,1.8977676745635108e-06,7.367689249804243e-05,0.9990687966346741,1.1375865369700477e-06
ISIC_0029287,nv,nv,1.4921122115651997e-08,5.0023204494209494e-06,0.0003442167362663895,3.4294370720999723e-07,2.4735218175919726e-06,0.999647855758667,4.02812680988518e-08
ISIC_0030441,nv,nv,2.822314293382533e-08,8.000237272653976e-08,1.3235934375188663e-06,1.4322134802569053e-06,9.442451118957251e-05,0.999902606010437,4.361483618708917e-08
ISIC_0025164,nv,nv,0.0028042453341186047,0.00029183225706219673,0.0019350687507539988,0.004074736498296261,0.0005645631463266909,0.9901586174964905,0.00017099041724577546
ISIC_0031532,nv,nv,2.2576480962488432e-10,2.0096806441216586e-09,1.3696901987714227e-05,1.0297879216025763e-09,5.2065274758206215e-08,0.9999861717224121,2.0296784697393377e-08
ISIC_0030913,nv,nv,1.3888985677112942e-06,2.94345027214149e-05,0.0014514931244775653,0.003659374313428998,0.0008047326700761914,0.9939131140708923,0.00014053845370654017
ISIC_0031434,nv,nv,4.5546257737560936e-12,1.6590042057132437e-12,2.320176939463181e-09,1.4956461904473e-13,1.2490970480172336e-09,1.0,2.100577871366749e-11
ISIC_0025007,nv,nv,9.037657036969904e-06,0.0009687025449238718,0.0006305963033810258,0.00397527776658535,0.00010424321226309985,0.9941950440406799,0.00011707889643730596
ISIC_0028083,nv,nv,2.669786908882088e-06,2.6288633307558484e-05,0.00014928208838682622,1.5429989730364468e-07,1.8659929992281832e-05,0.9998010993003845,1.8598235556055442e-06
ISIC_0030896,nv,nv,1.662938871049846e-06,8.489525498589501e-05,1.3021232916798908e-05,0.005302936304360628,4.953109964844771e-05,0.9605189561843872,0.034029003232717514
ISIC_0032505,nv,nv,4.9494359999346926e-11,1.0469430877790842e-09,5.395614266490156e-08,5.479900533345017e-09,1.7402710739133909e-07,0.9999997615814209,7.316246497524048e-10
ISIC_0028279,nv,nv,7.621194981766166e-07,7.17767616151832e-05,0.0006017292616888881,0.00012725206033792347,0.00035718275466933846,0.9988290667533875,1.222432456415845e-05
ISIC_0026688,nv,nv,5.18289334650035e-06,5.381696155382087e-07,2.517877692298498e-05,6.938818842172623e-06,2.7598360247793607e-05,0.9999340772628784,4.252703149631998e-07
ISIC_0032339,nv,nv,5.413529038378329e-07,2.979081443754694e-07,1.9753384549403563e-05,1.5777310409248457e-06,0.007063052151352167,0.9928720593452454,4.269780038157478e-05
ISIC_0027731,nv,nv,7.412845661747269e-06,8.244217497122008e-06,3.202045627404004e-05,0.0019464519573375583,0.0012512794928625226,0.9967483282089233,6.3571151258656755e-06
ISIC_0028318,nv,nv,1.6984826045618462e-10,3.751211785640862e-09,1.29296086015529e-06,1.4976369584474014e-06,3.248894842045047e-08,0.9999971389770508,3.8134711388693177e-08
ISIC_0028133,nv,nv,0.020513758063316345,2.5944370918296045e-06,0.21886612474918365,6.478488649008796e-05,0.0043782382272183895,0.7561145424842834,5.9904799854848534e-05
ISIC_0028771,nv,nv,0.00015813627396710217,5.933051579631865e-05,0.16506274044513702,0.0034790264908224344,0.0002692835405468941,0.8309358358383179,3.567360545275733e-05
ISIC_0031540,nv,nv,3.675635085187423e-08,1.4086984947425663e-06,1.3689742672795546e-06,2.2595433620153926e-05,6.853721970401239e-06,0.9998843669891357,8.326490933541209e-05
ISIC_0027653,nv,nv,2.3901185386421275e-07,4.644750417615029e-10,1.7519655557407532e-06,8.627321079757166e-09,1.8071024896926247e-05,0.9999799728393555,3.2393212556769413e-09
ISIC_0026649,nv,nv,0.00013661464618053287,0.000908025074750185,0.0047361403703689575,0.03327195718884468,0.017129238694906235,0.9411558508872986,0.0026622158475220203
ISIC_0026677,nv,nv,5.926989565807617e-09,5.217455509409774e-06,2.625378328957595e-06,2.924559339589905e-06,6.623357080570713e-07,0.9999570846557617,3.1381794542539865e-05
ISIC_0025438,nv,nv,1.3262684284143234e-09,9.662207048677374e-06,0.0005776857142336667,3.7955203424644424e-06,1.3030712580075487e-06,0.9994074106216431,1.3070432203221571e-07
ISIC_0032500,nv,nv,5.126529423193915e-09,8.404682283469356e-09,2.0051124920428265e-06,1.5311618639657354e-08,1.4401180692402704e-07,0.9999978542327881,1.1718118697601199e-09
ISIC_0030578,nv,nv,7.561030088254483e-06,0.10598259419202805,3.289866435807198e-05,6.613657319576305e-07,1.059072545217532e-07,0.8939758539199829,3.207428846963012e-07
ISIC_0025614,nv,nv,7.961420855906454e-09,1.7062793844502266e-08,8.788100558376755e-07,5.339860820186004e-08,5.007266372558661e-05,0.9999488592147827,1.3632964623866428e-07
ISIC_0029387,nv,nv,1.339671939604159e-06,2.1202347966209345e-07,2.3643692657060456e-06,5.518110128832632e-07,0.0029461164958775043,0.9970486760139465,6.469579716394946e-07
ISIC_0025854,nv,nv,3.777353185796528e-07,9.999344911193475e-06,5.755498568760231e-05,0.002992223482578993,2.1295814804034308e-05,0.9967798590660095,0.000138744231662713
ISIC_0024308,nv,nv,1.7444654076825827e-07,5.6585268026765334e-08,3.68354881175037e-06,4.304820677702992e-08,0.0003357746754772961,0.9996547698974609,5.627738119073911e-06
ISIC_0029449,nv,nv,3.742540131967953e-12,8.259282147093927e-11,2.1332125399453616e-08,9.774202280876665e-12,4.781982454460376e-08,0.9999998807907104,3.151093275199912e-10
ISIC_0026224,nv,nv,3.3226490447901824e-09,3.5327566365594976e-06,2.597499815237825e-07,2.3574292740136116e-08,7.501974863544092e-08,0.9999879598617554,8.136456017382443e-06
ISIC_0024919,nv,mel,0.00031044831848703325,4.829797944694292e-06,0.001607434474863112,1.4837380149401724e-05,0.5090818405151367,0.48894375562667847,3.685232513817027e-05
ISIC_0028143,nv,nv,8.501495507573509e-09,7.666428558650296e-08,1.7796308782180859e-07,3.561516678018961e-06,5.803917133562209e-07,0.9999954700469971,5.7277034670732974e-08
ISIC_0027214,nv,nv,7.284147951480691e-09,8.643344706626976e-09,2.982262458317564e-06,1.103450841810627e-08,1.9761250769079197e-07,0.9999967813491821,6.951898967599845e-08
ISIC_0025844,nv,nv,8.531009370926768e-06,2.2881595214130357e-06,0.0004781104507856071,1.0894768820435274e-06,5.465537833515555e-05,0.99944669008255,8.663370863359887e-06
ISIC_0031383,nv,nv,5.847413558512926e-05,2.324199886061251e-05,0.01807297021150589,0.0007808520458638668,0.0033075876999646425,0.9777523875236511,4.620070285454858e-06
ISIC_0026244,nv,nv,2.8012089387630112e-05,3.007054374393192e-06,0.0002428056177450344,1.7674155969871208e-06,4.31671469414141e-05,0.9996743202209473,6.882769866933813e-06
ISIC_0027393,nv,nv,3.4589769937198867e-10,1.7089646364709665e-09,2.7157101456509736e-08,9.501398778866132e-09,7.84124949859688e-06,0.9999921321868896,1.3797821551975176e-08
ISIC_0028301,nv,nv,1.8722330707987567e-07,2.6116924800589914e-07,7.237086947498028e-07,3.4624656564119505e-07,1.1384038316464284e-06,0.9999972581863403,7.562009329831199e-08
ISIC_0028616,nv,nv,3.6983554309699684e-05,4.588869614963187e-06,0.0008328350959345698,2.7075042453361675e-05,1.5677202100050636e-05,0.9990743398666382,8.497906492266338e-06
ISIC_0027200,nv,nv,2.584946514616604e-06,1.0537578418734483e-05,7.413359708152711e-05,3.384297997399699e-06,6.44641841063276e-05,0.9998406171798706,4.371328031993471e-06
ISIC_0024611,nv,nv,1.4567837069989764e-07,4.332814995677836e-08,0.0006397137185558677,4.4186870695739344e-07,3.381691567483358e-05,0.9993256330490112,2.4300913992192363e-07
ISIC_0032180,nv,nv,0.002390477806329727,7.997332431841642e-05,0.008578757755458355,0.00017665699124336243,0.00021861272398382425,0.9885424375534058,1.3088335435895715e-05
ISIC_0024660,nv,nv,8.070868773302209e-08,6.905487737185467e-08,3.315395815661759e-07,8.637913140319142e-08,2.3188731574919075e-06,0.9999970197677612,3.7484596759895794e-08
ISIC_0028772,nv,nv,2.0674131295805864e-09,6.541428732020904e-09,4.225955763104139e-08,5.004147141107751e-08,3.0202249945432413e-07,0.9999996423721313,9.078877205581648e-09
ISIC_0029906,nv,nv,5.075470710380614e-09,5.076584486118918e-09,3.5800215414383274e-07,1.5751470128222422e-09,3.5853638564731227e-06,0.9999960660934448,2.9137026125169996e-09
ISIC_0029168,nv,nv,3.818967343249824e-06,3.515928619890474e-05,0.00010932085569947958,2.364527063036803e-05,0.022310171276330948,0.9775116443634033,6.2294097915582824e-06
ISIC_0024820,nv,nv,3.1022641451272648e-06,0.0001343301555607468,0.0059047662653028965,0.00037139031337574124,4.554111364996061e-05,0.9934893846511841,5.152365702087991e-05
ISIC_0027491,nv,nv,0.0002988147607538849,1.0991318049491383e-05,8.987983892438933e-05,8.505460755259264e-06,0.00020460234372876585,0.9993857145309448,1.529896394458774e-06
ISIC_0031964,nv,nv,1.5299523425937878e-08,9.863924788078293e-08,9.961612477127346e-07,8.577040233603839e-08,0.00041698807035572827,0.9995816349983215,7.429168391581698e-08
ISIC_0027962,nv,nv,0.0015691836597397923,0.0002558216219767928,0.0016392619581893086,0.0005778222694061697,0.02480013109743595,0.9711024165153503,5.535528180189431e-05
ISIC_0027325,nv,nv,1.5639659977750853e-05,0.0009185271337628365,0.0021214038133621216,3.42654857377056e-05,5.775576937594451e-06,0.9968883395195007,1.6075908206403255e-05
ISIC_0024488,nv,nv,1.825327126425691e-05,0.008040663786232471,0.0029345834627747536,9.91779743344523e-05,0.00012022758892271668,0.9887841939926147,2.9217294468253385e-06
ISIC_0027048,nv,nv,1.138865357575014e-07,8.573977083869977e-08,2.260110932184034e-06,3.192534495610744e-05,1.0042982694358216e-06,0.9999643564224243,1.9435670139955619e-07
ISIC_0029556,nv,nv,4.254704606410087e-07,2.083509343719925e-06,0.06936851143836975,5.088294983579544e-06,3.1073570426087826e-05,0.9305786490440369,1.4164108506520279e-05
ISIC_0029377,nv,nv,5.973849692963995e-05,0.0011070437030866742,0.012884844094514847,0.0002551127108745277,0.004404513165354729,0.9797632098197937,0.0015256323385983706
ISIC_0026062,nv,nv,1.7731629498030088e-08,1.0043717679764086e-07,5.277503767331382e-09,1.4401806858188593e-08,1.7899005610999552e-09,0.9999998807907104,1.3391655562244864e-09
ISIC_0026300,nv,nv,1.3680242716418434e-07,7.365733978303979e-08,0.0005152567755430937,6.503323675133288e-05,9.042424608196598e-06,0.9994083642959595,2.0494599084486254e-06
ISIC_0029517,nv,nv,5.249744390312117e-07,4.452836947166361e-06,0.001333912368863821,4.476714821066707e-06,5.389721536630532e-06,0.9986379742622375,1.3204811693867669e-05
ISIC_0025290,nv,nv,5.116961854234603e-10,6.562522081310362e-09,5.7744884429666854e-08,5.3383341764856596e-06,7.648907853763376e-07,0.9999938011169434,7.041516170147588e-08
ISIC_0028911,nv,nv,9.163527714406428e-09,2.318986247473731e-08,4.6724855096158535e-09,7.83982443408604e-08,6.743539984199742e-07,0.9999991655349731,3.989073960042333e-08
ISIC_0030837,nv,nv,3.3363510738126934e-05,0.044441740959882736,0.012472178786993027,6.123890489106998e-05,6.714974915666971e-06,0.942861020565033,0.00012371435877867043
ISIC_0030068,nv,nv,5.684841198672075e-06,2.3203397176985163e-06,7.267525506904349e-05,7.514220214943634e-07,0.0016214417992159724,0.9982962012290955,1.0655393225533771e-06
ISIC_0026699,nv,nv,0.00022630007879342884,0.00015526716015301645,7.069829007377848e-05,0.00018292709137313068,0.0006592931458726525,0.998691976070404,1.353264360659523e-05
ISIC_0028927,nv,nv,1.6091404177132063e-05,9.047013918461744e-06,0.00020923506235703826,1.7289688912569545e-05,5.005645562050631e-06,0.9997410178184509,2.3617769784323173e-06
ISIC_0028241,nv,nv,1.6345467201972497e-07,1.300155361150246e-07,2.6122886538360035e-06,4.752503812710529e-08,6.768776074750349e-05,0.9999293088912964,1.4412118787276995e-07
ISIC_0029006,nv,nv,7.770392662642678e-10,4.527170194279506e-09,9.270354439649964e-07,1.0510158077181586e-08,4.295612143323524e-06,0.9999946355819702,1.1188032544851012e-07
ISIC_0024588,nv,nv,2.866641125365277e-06,5.430227929537068e-07,6.431586371036246e-05,2.4658879738126416e-06,0.000205568692763336,0.9997172951698303,6.818242582085077e-06
ISIC_0024671,nv,nv,2.487932082573252e-10,1.487699130553466e-10,1.9044672505685867e-09,3.663041070467443e-08,8.927702310757013e-08,0.9999998807907104,1.5538293984818097e-09
ISIC_0030295,nv,nv,3.7148488729599194e-09,4.601510568136291e-07,4.231141303989716e-07,6.762947577954037e-06,1.7080649286072003e-06,0.9999895095825195,1.1264721706538694e-06
ISIC_0031954,nv,nv,1.89977910736161e-07,1.4537281458615325e-06,4.125182022107765e-05,2.236286036350066e-06,1.916140718094539e-05,0.9999278783798218,7.762660061416682e-06
ISIC_0029944,nv,nv,3.7354402593337e-07,2.6126468583242968e-05,2.169154140574392e-05,1.7707114920995082e-06,3.0926114504836733e-06,0.999944806098938,2.1024673060310306e-06
ISIC_0028387,nv,nv,0.00018434673256706446,9.514793055132031e-05,0.00013373907131608576,2.6111565603059717e-05,0.000645756721496582,0.9989122152328491,2.7135513391840504e-06
ISIC_0024826,nv,nv,9.975547499152526e-09,1.4584115888283122e-06,5.074616069578042e-07,3.476141330338578e-08,6.052865160199872e-07,0.9999972581863403,1.526266117934938e-07
ISIC_0028207,nv,nv,3.244571780669503e-05,0.029608743265271187,0.14713431894779205,0.000364729727152735,0.0006517054862342775,0.8063330054283142,0.015875060111284256
ISIC_0028322,nv,nv,5.386048584909986e-08,3.1114577723201364e-05,0.0001308778882957995,1.6957040998022421e-06,1.9788116333074868e-05,0.9998161196708679,3.6124322377872886e-07
ISIC_0029874,nv,nv,2.449941050031157e-08,1.3788529429348273e-08,1.2065618193446426e-06,1.683992536527512e-07,4.628875831258483e-05,0.9999517202377319,6.889444534863287e-07
ISIC_0026904,nv,nv,2.473462927810033e-07,2.2397132397600217e-06,2.949748704850208e-05,2.895463353524974e-07,8.717291348148137e-05,0.9998800754547119,4.872993031312944e-07
ISIC_0029408,nv,nv,4.8629697602109445e-08,9.176363278129429e-07,1.0336151490264456e-06,5.617085321318882e-07,5.579305252467748e-06,0.99997878074646,1.2975935533177108e-05
ISIC_0026564,nv,nv,5.736255359600761e-10,3.870023590479832e-08,3.0492378755297977e-06,6.618510184352999e-08,3.708987060235813e-05,0.999958872795105,8.923688596951251e-07
ISIC_0026299,nv,nv,6.043793937537956e-11,1.4914903090357257e-08,2.5750659915502183e-07,3.5402038633947086e-08,6.744661718016687e-09,0.9999996423721313,1.1198977034609925e-07
ISIC_0028248,nv,nv,2.4717319302425267e-09,2.1009199713262205e-08,1.2906237145671184e-07,3.6690086524515664e-09,9.316017894889228e-06,0.9999897480010986,8.344611046595674e-07
ISIC_0028991,nv,nv,2.4448725710612962e-08,1.3074465243789746e-07,7.060484676912893e-07,3.5179937185603194e-07,5.488879196491325e-06,0.9999922513961792,1.0432908084112569e-06
ISIC_0026550,nv,nv,0.0009345964645035565,0.0020547108724713326,0.002127639716491103,0.000959087919909507,0.0015495450934395194,0.9918815493583679,0.0004929330898448825
ISIC_0029483,nv,nv,3.6625520324906624e-12,3.3582395198017423e-10,4.496753247540397e-10,6.986520736940172e-12,1.3522463149229225e-08,1.0,2.681868616072336e-10
ISIC_0024601,nv,nv,5.862527814315399e-07,0.0012218947522342205,0.00021763287077192217,1.0764425724119064e-06,3.70242673852772e-06,0.9984001517295837,0.00015504632028751075
ISIC_0027660,nv,nv,8.763663683630796e-10,1.7005582497731098e-09,2.4696063860574213e-07,2.2921607012449385e-07,3.1041366810313775e-07,0.9999991655349731,1.613386224619262e-08
ISIC_0028324,nv,nv,3.4596092657324107e-10,1.0828941299223516e-07,6.785117534491292e-07,3.3066494324884843e-06,1.7231020876806724e-07,0.9999955892562866,7.400841894877885e-08
ISIC_0024405,nv,nv,3.559603953817714e-07,7.724283022980671e-06,3.097185617662035e-05,3.5762394645644235e-07,2.0670939193223603e-05,0.9999394416809082,4.750968400912825e-07
ISIC_0029532,nv,nv,1.7068681700038724e-05,4.081709630554542e-05,0.0150066539645195,3.059767550439574e-06,0.0004950410802848637,0.9844275116920471,9.817099453357514e-06
ISIC_0027273,nv,nv,1.3550476296586567e-06,1.755442553985631e-06,9.018147829920053e-05,7.700855348957703e-07,2.5556853870511986e-05,0.9998787641525269,1.6727306046959711e-06
ISIC_0028778,nv,nv,6.772902452212293e-07,3.107620841547032e-06,7.811764953657985e-05,2.8617130737984553e-05,1.5656791219953448e-05,0.999872088432312,1.7502921991763287e-06
ISIC_0028839,nv,nv,3.856084830784756e-13,1.3268300303945213e-12,3.51186579816698e-11,1.4743013754259238e-10,1.2678159910795017e-10,1.0,3.007670501542492e-11
ISIC_0026748,nv,nv,0.00976805854588747,0.0014751078560948372,0.001766383065842092,0.00021441731951199472,0.0003174950834363699,0.9864321351051331,2.6464014808880165e-05
ISIC_0032377,nv,nv,8.289013919693389e-09,1.3338291360298626e-08,2.9122134037606884e-07,2.8063896095886776e-08,1.04515584098408e-06,0.9999986886978149,2.0301568426361882e-08
ISIC_0026648,nv,nv,6.913720707046878e-10,2.1217063661538305e-09,5.008273546991404e-07,1.3261918674345452e-08,3.3574529822999466e-08,0.9999994039535522,4.3444092767686016e-09
ISIC_0025521,nv,nv,0.00017867454153019935,0.00021092496172059327,0.1527915894985199,0.0017045950517058372,0.00019655942742247134,0.8443184494972229,0.0005990903591737151
ISIC_0027592,nv,nv,8.232559594034683e-07,7.219347253339947e-07,4.054599048686214e-05,2.2016737943886255e-07,7.853952865843894e-07,0.9999567270278931,1.208817792530681e-07
ISIC_0024713,nv,nv,4.56709594188337e-14,1.0250825761956486e-14,1.897721042809497e-11,1.200230778479472e-12,3.598497055889993e-10,1.0,6.048818130405254e-13
ISIC_0031884,nv,nv,1.5424343473569024e-06,9.106605284614488e-05,1.7286218678691512e-07,5.720041258427955e-07,2.3843313101679087e-05,0.999882698059082,5.6771479961525984e-08
ISIC_0028492,nv,nv,8.766799146542326e-05,0.0002895534853450954,0.0013480032794177532,8.253378837252967e-06,4.783862823387608e-05,0.9981862902641296,3.244637991883792e-05
ISIC_0030799,nv,nv,1.0291854174449e-11,6.350655556985885e-10,5.967485172675424e-09,4.089354896374964e-11,0.00019935773161705583,0.9998006224632263,1.9741694501362872e-08
ISIC_0031669,nv,nv,0.0013193044578656554,0.002194423461332917,0.03240122273564339,0.0011579723795875907,0.0030874095391482115,0.959762692451477,7.692268263781443e-05
ISIC_0024659,nv,nv,5.301713099470362e-05,0.0007599870441481471,0.0024849805049598217,0.0017906009452417493,0.0005687528173439205,0.9931474328041077,0.001195321325212717
ISIC_0028516,nv,nv,1.1933373116335133e-06,1.146541126217926e-05,6.138528260635212e-05,5.697569577023387e-06,0.00021715332695748657,0.9996920824050903,1.1083233403041959e-05
ISIC_0026357,nv,nv,8.583211918988809e-11,1.8539985546794924e-08,7.70771293900907e-05,3.921800217909777e-09,1.2373517321861982e-08,0.9999228715896606,2.9202715801091017e-09
ISIC_0025011,nv,nv,3.483076050888115e-14,3.6242480370984875e-12,1.648527425679447e-10,6.98385663536194e-12,4.959324062525639e-10,1.0,3.830722631464889e-12
ISIC_0024956,nv,nv,2.672718046881073e-08,4.4334922399968946e-09,5.959774398434092e-07,1.3434862111694201e-08,2.3039073937525245e-07,0.9999991655349731,1.2925061909641045e-08
ISIC_0029467,nv,nv,1.6698976423867862e-08,3.841180173935754e-08,3.666811380753643e-06,7.059477979964868e-07,6.507790385512635e-05,0.9999299049377441,5.554036874855228e-07
ISIC_0031587,nv,nv,5.0259072850167286e-06,0.0008080165134742856,0.0011971426429226995,0.00017095010844059289,0.0002219771995441988,0.9953789710998535,0.0022178315557539463
ISIC_0030103,nv,nv,3.87039094107422e-08,1.7693101028726232e-07,1.5273237295332365e-05,2.3818526528884831e-07,0.0005156989209353924,0.9994683861732483,2.756480910193204e-07
ISIC_0028661,nv,nv,5.975166108423968e-12,2.0484478696625175e-11,1.55245116761904e-09,2.1508259062663626e-10,2.1735528207500465e-05,0.9999783039093018,9.42097844180978e-10
ISIC_0028483,nv,nv,1.4491140973404981e-05,6.403763109119609e-05,0.01130903884768486,7.889670428085083e-07,0.0003397237742319703,0.9882689714431763,2.825308001774829e-06
ISIC_0024532,nv,nv,0.0006872355588711798,4.543848626781255e-05,9.713263716548681e-05,0.006078173406422138,6.446094630518928e-05,0.9930028319358826,2.467902231728658e-05
ISIC_0029710,nv,nv,0.0005617687129415572,1.3197038697398966e-06,0.0020475639030337334,6.755024969606893e-06,0.0002831926685757935,0.997097373008728,2.0225670596119016e-06
ISIC_0032038,nv,nv,0.008859044872224331,0.0003783317224588245,0.0012002679286524653,0.0047594765201210976,0.003009624080732465,0.9809001684188843,0.0008930962067097425
ISIC_0024895,nv,nv,2.8039778044330887e-05,0.0009231955627910793,0.12727631628513336,0.0010191192850470543,0.0036152200773358345,0.8667869567871094,0.0003510811657179147
ISIC_0031553,nv,nv,8.968905603978783e-05,2.4651203034409264e-07,1.42240369314095e-05,3.91158073398401e-06,0.0008264324278570712,0.9990654587745667,8.359838687965748e-08
ISIC_0028942,nv,nv,7.110367619134195e-07,2.1561061203101417e-06,3.420661960262805e-05,9.871697329799645e-06,2.213500556536019e-05,0.9999219179153442,9.018025593832135e-06
ISIC_0028391,nv,nv,2.3638055401953295e-10,4.345700403973751e-07,2.1526698645857323e-08,2.4344063831449603e-07,1.845589565618866e-07,0.999998927116394,9.633383513119043e-08
ISIC_0029086,nv,nv,1.6256298529526703e-09,2.9056765882273794e-08,6.213781489350367e-08,7.352231818913424e-07,6.902841676037497e-08,0.9999990463256836,5.124534041556217e-08
ISIC_0027543,nv,nv,1.1153540313557642e-08,5.988172802062763e-08,1.5583221113502077e-07,4.296158522265614e-07,3.668727458716603e-06,0.9999954700469971,5.784286472021449e-08
ISIC_0030987,nv,nv,0.004453329369425774,0.00021755913621746004,0.004047784488648176,0.011283365078270435,0.00026198753039352596,0.9796961545944214,3.9898241084301844e-05
ISIC_0030527,nv,nv,2.5335842313012336e-09,3.308995744077947e-09,6.291953695836128e-07,1.4220262301023467e-06,3.879227733705193e-06,0.9999940395355225,2.1856112475404643e-09
ISIC_0024460,nv,nv,1.2102356095056166e-07,7.039614047243958e-07,5.494006927619921e-06,2.6789941330207512e-05,0.0002942772407550365,0.9996660947799683,6.455901257140795e-06
ISIC_0026602,nv,nv,6.900254239522452e-12,7.133432039507781e-11,5.34867652390858e-08,3.1547877643589572e-09,3.5008214105403113e-09,1.0,3.132881454259717e-10
ISIC_0027296,nv,nv,4.3504579139153066e-07,0.0006442505982704461,2.3793379568815e-06,9.606919775251299e-06,0.0006623535882681608,0.9986183643341064,6.255871267057955e-05
ISIC_0026771,nv,nv,5.582374029700077e-08,3.5218153016103315e-07,9.082237374968827e-05,6.9735574470541906e-06,3.499866579659283e-06,0.9998973608016968,8.349379641003907e-07
ISIC_0024536,nv,nv,0.004811257589608431,9.75230141193606e-05,0.0017840216169133782,0.0012092881370335817,0.10487210750579834,0.887192964553833,3.2904179533943534e-05
ISIC_0029478,nv,nv,5.926161065872293e-06,7.696050374761398e-08,0.000351150258211419,2.4849362034728983e-07,9.784453141037375e-06,0.999632716178894,1.0614463263891594e-07
ISIC_0026724,nv,nv,1.6681329928491806e-11,4.7221759835736066e-09,4.3276131123093364e-07,1.6661322987943095e-08,3.59262686266959e-09,0.9999995231628418,1.2269880222959273e-08
ISIC_0030199,nv,nv,1.2624474490970095e-13,3.6042085115040035e-12,1.8367909415673012e-09,8.783233029774351e-10,5.462756025309545e-09,1.0,1.6682230249975838e-11
ISIC_0026392,nv,nv,4.8514039008296095e-06,2.526652860979084e-05,0.00013634501374326646,0.00019437151786405593,0.0006737210787832737,0.9989581108093262,7.3332512329216115e-06
ISIC_0029365,nv,nv,8.378713687307027e-07,3.959096090966341e-07,0.00012862654693890363,7.864583312766626e-05,0.00022169403382577002,0.999569833278656,4.97888557049464e-08
ISIC_0030147,nv,nv,2.0228794195276123e-09,3.3624264261788994e-08,1.5293451838260808e-07,4.543128895306836e-08,5.993339073029347e-06,0.9999938011169434,1.2981272945467026e-08
ISIC_0025728,nv,nv,6.96842050729174e-08,1.6908677480387269e-07,3.172179640387185e-05,1.02971595694612e-08,6.9647899181291e-07,0.9999673366546631,8.560418152114835e-09
ISIC_0026066,nv,nv,7.199230794840972e-11,2.0787387811083136e-08,8.045205390772026e-09,3.774484014229529e-08,1.1064748406397484e-07,0.9999997615814209,1.7783899863843544e-07
ISIC_0024645,nv,nv,1.1345692385589246e-08,4.037300982417946e-08,2.0250712395863957e-07,6.03684497946233e-07,0.0001075461768778041,0.9998914003372192,1.7923881046044698e-07
ISIC_0030624,nv,nv,2.494276252207328e-08,3.876787104672985e-07,1.4203212117536168e-07,1.752324436665731e-07,5.758495262853103e-06,0.9999935626983643,1.2385585002050448e-08
ISIC_0028161,nv,df,0.009944167919456959,0.004044137895107269,0.1936308592557907,0.7360134720802307,0.011448930948972702,0.04194192960858345,0.0029764696955680847
ISIC_0032503,nv,nv,4.0470564272254705e-05,5.590666478383355e-05,0.007215436082333326,0.00017382428632117808,7.428450771840289e-05,0.9924226403236389,1.7419310097466223e-05
ISIC_0025762,nv,nv,4.458826552422579e-08,3.814270996826963e-07,7.248641850310378e-06,7.765655141156458e-07,4.513468866207404e-06,0.9999860525131226,9.228498925040185e-07
ISIC_0025721,nv,nv,3.825900041221075e-09,1.8962539982680937e-08,4.4717361902257835e-07,2.7637090393994868e-09,6.091519111350863e-08,0.9999995231628418,2.0899056707435193e-08
ISIC_0026418,nv,nv,1.5243414281940204e-06,6.162215413496597e-07,0.0018011762294918299,3.1688546187069733e-06,0.00012379650434013456,0.9980463981628418,2.3236461856868118e-05
ISIC_0028634,nv,nv,1.0919382065210925e-10,1.8448303995555193e-10,2.9338192319983136e-08,5.919310042123982e-10,1.4558598770975095e-08,1.0,3.446789298422459e-09
ISIC_0027611,nv,nv,0.00023169051564764231,0.3671502470970154,0.036466315388679504,0.002424302278086543,0.007915242575109005,0.5854602456092834,0.0003519585297908634
ISIC_0024613,nv,nv,1.3799568421291042e-07,5.716012765333289e-06,6.972393293835921e-07,4.6306945478136186e-06,3.144423317280598e-06,0.999984622001648,1.0248382977806614e-06
ISIC_0026667,nv,nv,2.692813154681062e-07,1.929807780243209e-07,0.0012403959408402443,5.0995095079997554e-06,3.4953986869368237e-06,0.9987504482269287,4.629286110002795e-08
ISIC_0030895,nv,nv,3.2551398021496425e-08,8.807571560964789e-08,1.1766522902689758e-06,9.318184311268851e-05,3.4901825074484805e-07,0.9999051094055176,4.238762230102111e-08
ISIC_0031264,nv,nv,8.780851046275018e-10,8.313690180727917e-09,6.397951892722631e-07,1.150206596634007e-08,3.416547087908839e-06,0.9999958276748657,9.591808947106983e-08
ISIC_0028996,nv,nv,1.797688310034573e-05,0.00014254009875003248,0.0019797643180936575,0.0006207051919773221,0.000582666601985693,0.9964777827262878,0.00017862087406683713
ISIC_0029586,nv,nv,0.00018055213149636984,0.00031587385456077754,0.00442656222730875,0.04478135704994202,0.00024850579211488366,0.9483873844146729,0.00165970204398036
ISIC_0027059,nv,nv,3.3313926905975677e-06,4.284076027261108e-08,0.00013594933261629194,4.9887180466612335e-06,1.1216707918038082e-07,0.9998555183410645,3.464007392040003e-08
ISIC_0027483,nv,nv,1.7923564854527285e-09,4.1629526492670266e-09,3.3300509016953583e-07,8.162317932658425e-09,1.8608545815368416e-08,0.9999996423721313,9.867498818039167e-09
ISIC_0030169,nv,nv,3.4656073921723873e-07,7.105280985797435e-08,1.9876559235854074e-05,1.486467908762279e-07,2.9227908271423075e-07,0.9999792575836182,2.860953784988851e-08
ISIC_0028485,nv,nv,1.012240318232216e-05,1.180952494905796e-06,5.9854035498574376e-05,4.735665584121307e-07,3.643453510449035e-06,0.9999233484268188,1.3132303138263524e-06
ISIC_0027459,nv,nv,7.255949867612799e-07,1.1042108098990866e-06,1.6632122424198315e-05,4.377538061817177e-06,4.99572888656985e-05,0.9999270439147949,2.05624630211787e-07
ISIC_0028206,nv,nv,0.003373970277607441,0.00020146013412158936,0.012071503326296806,5.4688505770172924e-05,0.0010026280069723725,0.9831941723823547,0.00010145956184715033
ISIC_0024783,nv,nv,2.415095821106661e-07,4.3051321085840755e-07,1.1556415302038658e-05,1.0998688821928226e-06,9.379650691698771e-06,0.9999743700027466,2.8596934953384334e-06
ISIC_0029754,nv,nv,1.7582924005665745e-10,1.319817033440529e-10,3.954402583161709e-09,4.663968322660139e-09,3.809946580446422e-09,1.0,1.202976052105953e-09
ISIC_0029692,nv,nv,7.169925311245606e-07,9.158412694887375e-07,5.127116310177371e-05,2.1332932647055713e-06,0.0019659241661429405,0.9979617595672607,1.7222611859324388e-05
ISIC_0032167,nv,nv,3.6164237826596946e-08,2.60232070559141e-07,1.5848165730858454e-06,1.4616794885569107e-07,0.0009247615234926343,0.9990730285644531,1.5978795886439912e-07
ISIC_0024724,nv,nv,1.5726501487733913e-06,3.011970193256275e-07,4.2596698222041596e-06,2.033930513789528e-06,1.0056464816443622e-05,0.9999797344207764,1.9561312001314946e-06
ISIC_0030577,nv,nv,3.768152600969188e-05,6.122443301137537e-05,0.00011415291373850778,0.0002365580730838701,0.00035683554597198963,0.9991618394851685,3.1683975976193324e-05
ISIC_0027555,nv,nv,1.4014538862738846e-07,1.7317501033176086e-07,6.290905002970248e-05,1.658392818626453e-07,1.2045671610394493e-05,0.9999245405197144,1.7530409479604714e-07
ISIC_0031538,nv,nv,0.0002200828748755157,2.3099322788766585e-05,0.0019825072959065437,1.6988426068564877e-05,0.012017951346933842,0.9856759309768677,6.334827048704028e-05
ISIC_0030288,nv,nv,5.0481653488532174e-06,4.0416566662315745e-06,1.5664935517634149e-06,1.284751192542899e-06,3.158003664793796e-06,0.9999845027923584,3.979525615704915e-07
ISIC_0025495,nv,nv,4.799324415216688e-06,2.3925817913550418e-06,0.00019256991799920797,1.4820232081547147e-06,0.0013757320120930672,0.9984205961227417,2.518024302844424e-06
ISIC_0027521,nv,nv,6.82272627727798e-07,2.1886027212758563e-08,0.0006713789189234376,6.689371616630524e-07,2.549078772062785e-06,0.9993244409561157,2.394241676029196e-07
ISIC_0030438,nv,nv,8.704697393113747e-06,2.8146445174570545e-07,3.6126210034126416e-05,1.5736554814793635e-06,8.727406566322315e-06,0.9999445676803589,7.827935633031302e-08
ISIC_0030043,nv,nv,0.00017735488654579967,7.048455881886184e-05,0.003787348745390773,0.002614854834973812,0.0010528507409617305,0.990985631942749,0.0013113509630784392
ISIC_0026662,nv,nv,6.645343091804534e-06,1.8031230865744874e-05,0.010028410702943802,0.007424188777804375,1.9361229988135165e-06,0.9824203252792358,0.00010045750241260976
ISIC_0026088,nv,nv,4.23485557732306e-09,3.2463033221574733e-06,7.313105015782639e-06,3.6471629982770537e-07,2.3703035978428488e-08,0.9999487400054932,4.033516961499117e-05
ISIC_0032127,nv,nv,1.4358652933310623e-08,8.224401604195464e-09,5.190663614484947e-07,1.6844859729303607e-08,7.865946827223524e-06,0.9999915361404419,8.942910412201854e-09
ISIC_0029136,nv,nv,5.116355623613345e-07,2.6000570585438254e-08,2.2504613298224285e-05,2.140927213289956e-09,9.773345482244622e-06,0.9999672174453735,2.8314677269491995e-09
ISIC_0025750,nv,nv,0.0003964123025070876,0.0007910633576102555,0.00361077138222754,0.0026507412549108267,0.0009531290852464736,0.9910460114479065,0.0005518608377315104
ISIC_0030506,nv,nv,6.385719188983785e-07,1.368420180369867e-05,1.2097106264263857e-05,0.0011281390907242894,0.00041896486072801054,0.9981343150138855,0.0002921938430517912
ISIC_0029131,nv,nv,1.1628022775767022e-06,0.002762145595625043,0.00012510456144809723,1.3453675819619093e-05,0.00260128709487617,0.9944753050804138,2.1611936972476542e-05
ISIC_0027618,nv,nv,5.004346242953872e-11,2.4432367240478925e-10,5.003712431062013e-07,1.8107697563607417e-09,4.74140620099206e-07,0.9999990463256836,1.4929780078887234e-08
ISIC_0024591,nv,nv,2.5821668714343105e-06,4.317289949540282e-06,8.202208846341819e-05,7.5928201113129035e-06,0.03578805550932884,0.9638535380363464,0.0002619048464111984
ISIC_0026160,nv,nv,3.266002579493943e-08,7.763041320885122e-10,2.448740997351706e-05,5.993651086555474e-08,1.5262543229255243e-07,0.9999752044677734,2.0205126460837164e-09
ISIC_0030716,nv,nv,1.3155367462047707e-08,1.5097123196028406e-06,0.00012738065561279655,4.2419583223818336e-06,4.819336027139798e-06,0.999861478805542,4.460888476387481e-07
ISIC_0027743,nv,nv,9.2288274800012e-09,1.0946843431725028e-08,1.17697229740088e-08,1.7201366517838323e-06,1.4278547268986586e-06,0.9999969005584717,3.248770141794921e-08
ISIC_0024558,nv,nv,7.749059172112993e-09,7.27769267072631e-09,3.567593864772789e-08,5.914051598665537e-06,6.135139756224817e-07,0.9999933242797852,1.7455779044439623e-08
ISIC_0025111,nv,nv,2.9788518077111803e-05,0.0024632150307297707,0.02373281493782997,2.7709222649718868e-06,3.0471878176285827e-07,0.9737592935562134,1.1842896128655411e-05
ISIC_0024633,nv,nv,2.5064772479765907e-10,4.828335420370422e-08,7.914357524896332e-08,2.340574525305783e-07,4.401898365813395e-07,0.9999685287475586,3.070673847105354e-05
ISIC_0031842,nv,nv,1.6840927957728624e-11,2.2115542036571512e-11,6.855831014007663e-09,1.4234280421021595e-10,1.3010802213386796e-08,1.0,6.766143645364764e-09
ISIC_0029853,nv,nv,1.108158786955471e-09,3.5145746313247628e-09,1.2122224006816396e-06,2.586623395472998e-07,9.742377642396605e-07,0.9999974966049194,3.7862644575170634e-08
ISIC_0027015,nv,bcc,0.0003166610549669713,0.6168379187583923,0.0056168981827795506,0.0007022893405519426,0.00023852597223594785,0.37473586201667786,0.001551766530610621
ISIC_0031684,nv,nv,2.3914608959785255e-07,1.3328546799584728e-07,1.672562211751938e-05,5.005613729736069e-06,0.00025614764308556914,0.999721348285675,4.5356250666372944e-07
ISIC_0024889,nv,nv,6.241420487640426e-05,6.690924237773288e-06,0.00013202922127675265,8.48781655804487e-06,0.0016951925354078412,0.9980794191360474,1.5779471141286194e-05
ISIC_0028672,nv,nv,1.0042052736025653e-06,9.849564719388582e-08,4.410515248309821e-05,1.1749215445888694e-05,9.0043518866878e-05,0.9998526573181152,2.5821574922701984e-07
ISIC_0024438,nv,nv,1.8257900399887284e-11,4.264419720123591e-11,2.574237767394294e-10,5.272168812631151e-10,5.218673826412612e-10,1.0,5.666167535167688e-10
ISIC_0026077,nv,nv,8.811653970042244e-06,0.0009196940809488297,0.00014488633314613253,8.058242383413017e-05,0.0003159350890200585,0.7431180477142334,0.2554120123386383
ISIC_0031300,nv,nv,1.4703647188696323e-09,6.611018399382829e-09,2.367054285912218e-08,2.0540342760000385e-09,4.958949872957419e-08,0.9999998807907104,1.454085629681856e-09
ISIC_0026434,nv,nv,1.55526174694387e-06,4.673489115702978e-07,4.81891629533493e-06,9.262086564376659e-08,1.926024566500928e-07,0.9999927282333374,1.295129123946026e-07
ISIC_0031780,nv,nv,1.578821517966844e-08,8.030222176103052e-08,7.682617706450401e-07,1.5810898901236214e-07,1.690590210046139e-07,0.9999986886978149,6.301034716216236e-08
ISIC_0029616,nv,nv,0.0022644265554845333,0.0004805820353794843,0.038705501705408096,0.0025032092817127705,0.019240442663431168,0.9241358041763306,0.01267011184245348
ISIC_0028624,nv,nv,1.3797125941739097e-10,1.2289460560310772e-09,2.0239696141288732e-08,3.629194722520879e-08,6.705452193500605e-09,1.0,9.314589100029025e-09
ISIC_0026899,nv,nv,1.9556193365133367e-05,6.573947757715359e-06,7.035709859337658e-05,3.158774052280933e-05,0.024421455338597298,0.9753549098968506,9.554094140185043e-05
ISIC_0028892,nv,nv,3.585180863296955e-08,6.057250629964983e-07,3.1696566793470993e-07,0.00019333134696353227,7.329074378503719e-06,0.9997707009315491,2.7733967726817355e-05
ISIC_0027050,nv,nv,6.745223934956357e-09,1.596123837543928e-07,3.7231666283332743e-07,3.440469598103846e-08,2.2381635744750383e-07,0.9999990463256836,1.7353178805024072e-07
ISIC_0025270,nv,nv,0.011875155381858349,0.024423154070973396,0.07537031173706055,0.0260132048279047,0.03229239583015442,0.8292863368988037,0.0007395229185931385
ISIC_0029506,nv,nv,1.5824067531866604e-06,1.506895301872646e-07,0.005705505609512329,1.1627136018432793e-06,9.896953997667879e-05,0.9941918253898621,7.949726636979904e-07
ISIC_0028189,nv,nv,5.85840653766212e-10,4.665971428674531e-11,4.821667403120955e-07,1.4732414177487385e-09,7.842846372341228e-08,0.9999994039535522,1.4403440662391631e-09
ISIC_0028708,nv,nv,3.3676061939047486e-09,1.571130425759293e-08,3.366524470038712e-05,2.8365295889898334e-08,2.157194830942899e-05,0.9999446868896484,3.4275036142616955e-08
ISIC_0024354,nv,nv,2.6031477773358347e-06,0.0025708952452987432,0.00013435431174002588,2.731712584136403e-06,1.6538031104573747e-06,0.9972707629203796,1.6982508896035142e-05
ISIC_0027342,nv,nv,1.572457186682641e-08,2.2474798910820937e-08,2.9262653811201744e-07,4.928715213736723e-08,2.2724464088241803e-06,0.9999972581863403,1.3904617901516758e-07
ISIC_0032295,nv,nv,2.767878868326079e-06,1.5540421145487926e-06,9.445440127819893e-07,8.416537298217008e-07,0.0009950778912752867,0.9989979863166809,7.91593038229621e-07
ISIC_0030012,nv,nv,7.367780199274421e-06,1.4732039744558278e-05,0.001226050895638764,2.9100824576744344e-06,0.00034536837483756244,0.9984025359153748,1.0548468480919837e-06
ISIC_0027761,nv,nv,0.00013963787932880223,0.00014011863095220178,0.0012290835147723556,0.00011560003622435033,0.03478125110268593,0.9631261229515076,0.0004681748105213046
ISIC_0024339,nv,nv,9.241403517989966e-07,7.868164175306447e-06,0.005089046433568001,2.4859843961166916e-06,0.0007107045967131853,0.9941820502281189,6.906105681991903e-06
ISIC_0024627,nv,nv,3.3461935999845593e-10,1.9917203886166135e-08,3.343310027048574e-06,1.1998638749233237e-09,5.420941420197778e-07,0.9999960660934448,7.694428205695658e-08
ISIC_0030152,nv,nv,1.095740600476347e-07,1.4551994809153257e-07,0.0003554346621967852,2.518445683108439e-07,2.5759092636690184e-08,0.9996429681777954,1.0804417343024397e-06
ISIC_0028867,nv,nv,1.054189802118799e-08,8.951781182986451e-08,3.041275931536802e-06,5.1159460667804524e-08,2.051266392300022e-06,0.9999945163726807,2.572004120793281e-07
ISIC_0031607,nv,nv,4.849422339248122e-07,1.035826812767482e-06,3.647301855380647e-05,8.35508581076283e-06,0.0003073608677368611,0.999634861946106,1.1427586287027225e-05
ISIC_0026616,nv,nv,0.013317905366420746,0.026332298293709755,0.008275969885289669,0.02360820770263672,0.01545531116425991,0.9102195501327515,0.0027907872572541237
ISIC_0026459,nv,nv,3.7813006059650434e-08,3.019213181687519e-06,1.0950388059427496e-05,9.095023187910556e-07,0.0002936833770945668,0.9996869564056396,4.401521437102929e-06
ISIC_0024384,nv,nv,2.378098962196873e-08,5.2861945931681475e-09,2.2635214236288448e-07,5.242606562205765e-07,2.7485278053518414e-08,0.9999992847442627,9.017345203865545e-10
ISIC_0029275,nv,nv,3.9709630073048174e-06,3.487104720534262e-07,7.977942004799843e-06,0.00042780378134921193,8.795207577350084e-06,0.9995484948158264,2.6366833481006324e-06
ISIC_0026332,nv,nv,4.43184489995474e-07,4.4169191824039444e-06,0.00011786817049141973,3.6249156210033107e-07,0.0008804137469269335,0.9989748001098633,2.17235938180238e-05
ISIC_0024600,nv,nv,2.5658559721364327e-09,7.866640316933626e-08,9.564296732378352e-08,4.855036550566183e-08,2.4715696156363265e-08,0.9999997615814209,6.2230456343570495e-09
ISIC_0030078,nv,nv,0.0017680448945611715,7.657646347070113e-05,0.002654500538483262,0.002683087484911084,0.0009176175226457417,0.9918070435523987,9.314321505371481e-05
ISIC_0029957,nv,nv,1.6263325051113497e-06,1.297388507737196e-06,0.006793397478759289,2.168264245483442e-06,0.0005288940155878663,0.9926329255104065,3.971146361436695e-05
ISIC_0028273,nv,nv,4.5072184207128885e-08,2.1498470914593781e-07,4.25609459853149e-06,1.900014723332788e-07,2.4113684048643336e-05,0.9999698400497437,1.2333442782619386e-06
ISIC_0027864,nv,nv,2.017145277477539e-07,3.6875220654764007e-09,1.1338692047502263e-06,9.130719149652577e-07,5.960643534308474e-07,0.9999971389770508,1.2460196430197357e-08
ISIC_0027292,nv,nv,0.00846273172646761,0.0005495432997122407,0.015821587294340134,6.578291504411027e-05,0.004541666712611914,0.9704911112785339,6.752993067493662e-05
ISIC_0025269,nv,nv,1.743397177733641e-07,7.964437109819755e-09,1.2931683158967644e-05,1.5247865121637005e-06,2.6544503270997666e-06,0.999982476234436,2.661277846982557e-07
ISIC_0031397,nv,nv,2.377004761910939e-07,5.018178317328648e-09,7.047028248052811e-06,5.623741472504662e-08,2.974198594074551e-07,0.9999923706054688,6.397084462150815e-08
ISIC_0028171,nv,nv,3.201775289340958e-09,2.9909774212910634e-08,3.463869973074907e-07,2.0440323567072483e-07,8.465276914648712e-05,0.9999145269393921,2.533180065711349e-07
ISIC_0030001,nv,nv,1.3139812836016063e-05,4.941420229442883e-06,4.0991315472638234e-05,6.424263119697571e-06,0.0003038342983927578,0.9996267557144165,3.9631163417652715e-06
ISIC_0029535,nv,nv,8.174118448778245e-08,1.3755691270489478e-06,0.00035735161509364843,2.461852545820875e-06,2.464003955537919e-06,0.9996358156204224,3.809140878274775e-07
ISIC_0025582,nv,nv,1.0283693541168759e-07,6.189508638954067e-08,0.00012773176422342658,6.210120062632996e-08,6.104656335992331e-07,0.9998712539672852,5.883224574176893e-08
ISIC_0029078,nv,nv,0.0003204357635695487,0.00018588283273857087,0.25246089696884155,0.00014560380077455193,6.895226397318766e-05,0.7464796304702759,0.0003386300231795758
ISIC_0031983,nv,nv,6.002037935104454e-06,4.4833970605395734e-05,0.015238048508763313,6.488397775683552e-05,0.0002502801944501698,0.9843511581420898,4.477359834709205e-05
ISIC_0027830,nv,nv,4.5270406867636837e-10,8.598809858595402e-11,8.541089613345321e-08,4.5591392883181925e-09,9.714224233903224e-07,0.999998927116394,1.5700284405895104e-09
ISIC_0026450,nv,nv,6.92554569248216e-10,2.7703702443204747e-08,4.967296263203025e-08,5.150830020284047e-07,1.13319664762912e-07,0.9999992847442627,4.6000394604561734e-08
ISIC_0024817,nv,nv,5.52403180336114e-05,0.08536916226148605,0.009500287473201752,0.013854866847395897,0.0003730572934728116,0.89028000831604,0.0005673383129760623
ISIC_0031109,nv,nv,1.3485288263836992e-06,2.678568853298202e-05,3.493265830911696e-05,0.000756600929889828,6.161358032841235e-05,0.9991043210029602,1.4295540495368186e-05
ISIC_0031307,nv,nv,3.064523923512752e-07,4.788291221302643e-07,2.0263796614017338e-06,1.9783522020588862e-07,4.985868145013228e-05,0.9999463558197021,7.159649157983949e-07
ISIC_0030472,nv,nv,6.481280845349602e-09,3.255831870774273e-08,8.140868885675445e-07,2.0283211199512152e-07,1.13582552785374e-06,0.999997615814209,2.4844541712809587e-07
ISIC_0026563,nv,nv,1.8659727629710687e-06,1.6208720410304522e-07,1.664096657805203e-06,1.8901497256251787e-08,1.604043745828676e-06,0.9999947547912598,3.0534387462921586e-08
ISIC_0025757,nv,nv,1.533977805889819e-11,2.1240875724970465e-10,2.0844368009420577e-08,9.91949855588814e-11,0.00010864683281397447,0.9998912811279297,5.7253810581414655e-08
ISIC_0025037,nv,nv,1.1004688271754048e-09,1.9224165370701485e-08,2.5490271582384594e-07,7.1736865336902156e-09,2.6873186342868394e-08,0.9999996423721313,1.6174634964727375e-08
ISIC_0031439,nv,nv,1.4440045561059378e-05,3.9876598748378456e-05,0.0011273662094026804,1.8445918612997048e-05,0.03138040378689766,0.9673362970352173,8.316618914250284e-05
ISIC_0032488,nv,nv,8.782011562402658e-09,3.3314007108486976e-09,8.492022374184671e-08,4.6174548629096535e-08,2.293423193577837e-07,0.9999996423721313,6.352165016210165e-09
ISIC_0027977,nv,nv,1.2685362094089214e-08,8.324974043460998e-10,1.0882288137281648e-07,1.0618765422520937e-08,1.3827600469085155e-06,0.9999984502792358,7.982236205350546e-09
ISIC_0030634,nv,nv,1.9175940835225447e-09,2.0253869692510307e-09,8.708996546147318e-08,1.1766517360456419e-07,2.7734313334804028e-05,0.9999719858169556,9.181425753013173e-08
ISIC_0025538,nv,nv,1.208773824146192e-06,9.580914195339574e-08,6.067084541427903e-06,2.3597949621034786e-06,6.340287654893473e-05,0.9999256134033203,1.216210080201563e-06
ISIC_0030719,nv,nv,3.665777330752462e-05,3.2634568469802616e-06,0.0003024869365617633,1.3029555248067481e-06,0.0037064198404550552,0.995943009853363,6.896309969306458e-06
ISIC_0026472,nv,nv,0.00011359906784491614,1.4274593922891654e-05,9.230325667886063e-05,1.645126576477196e-05,0.0001680721325101331,0.9995890259742737,6.263340765144676e-06
ISIC_0032012,nv,nv,1.031217600200307e-08,9.17406595135617e-08,3.956425231876892e-08,9.130728395589927e-10,5.344116971173207e-08,0.9999997615814209,9.101413511736212e-10
ISIC_0031717,nv,nv,9.746423756951117e-07,0.0018457560800015926,0.0001520266814623028,1.5792307749507017e-05,3.909235601895489e-06,0.9979658126831055,1.5743782569188625e-05
ISIC_0026307,nv,nv,9.930975153338295e-09,1.0279103790367117e-08,6.1019983377264e-07,2.0975289061198055e-08,1.82447251972917e-06,0.9999974966049194,6.481688075155034e-09
ISIC_0024483,nv,nv,3.474283749582696e-09,4.771678607795593e-10,2.4315470525948513e-08,6.17515581780026e-07,2.3424391315529647e-07,0.9999991655349731,1.858412534971876e-09
ISIC_0031879,nv,nv,1.3395093390045076e-07,1.0945379358417995e-07,0.0016993489116430283,4.4807990207118564e-08,1.7869155044536456e-06,0.9982982277870178,3.7611775383084023e-07
ISIC_0027845,nv,nv,1.048455942509463e-06,1.2053909586029476e-06,1.459913278267777e-06,9.061773766916303e-07,2.6522859570832225e-06,0.9999926090240479,7.758699638316102e-08
ISIC_0028251,nv,nv,1.4347619980981108e-08,5.758516508080902e-08,1.3214514638093533e-07,5.622216576739447e-07,0.00023070001043379307,0.9997684359550476,1.722898019806962e-07
ISIC_0028940,nv,nv,7.103346888470696e-08,3.125206148979487e-06,1.6820196151456912e-06,1.352400772702822e-06,1.973483904293971e-06,0.9999911785125732,6.572194592990854e-07
ISIC_0028799,nv,nv,1.4625155699832249e-06,3.681212547235191e-06,8.196184353437275e-06,0.00025270364130847156,8.637075370643288e-05,0.9996469020843506,5.878430329175899e-07
ISIC_0032435,nv,nv,1.4571985502698226e-06,3.5619677873910405e-07,6.886023766128346e-05,2.4142186703102197e-06,0.002843637252226472,0.9970771074295044,6.195418336574221e-06
ISIC_0031246,nv,nv,1.3314070201886352e-07,9.22174869799619e-09,1.2418176993378438e-05,3.840627869067248e-07,1.3471243619278539e-05,0.9999735355377197,6.197442559141564e-08
ISIC_0024325,nv,nv,2.943568999658197e-10,5.8506090597210125e-12,2.0941282485864576e-08,1.1779993647209608e-09,1.0833883834493463e-07,0.9999998807907104,8.800873918524132e-10
ISIC_0029987,nv,nv,5.361509636259143e-08,1.750779432541094e-08,4.7239521450137545e-07,8.859091735757829e-07,4.313687531976029e-05,0.9999550580978394,3.8822352621536993e-07
ISIC_0025464,nv,nv,2.003093686653301e-05,0.00022628786973655224,0.00013392225082498044,0.0014805637765675783,0.0008842481765896082,0.9904905557632446,0.006764482241123915
ISIC_0031265,nv,nv,2.4046997282312077e-07,4.998001372769068e-07,4.284674650989473e-05,1.6567493048569304e-06,7.47443045838736e-05,0.9998421669006348,3.78264048777055e-05
ISIC_0030563,nv,nv,8.696683835296426e-06,1.2258583410584833e-05,4.8217581934295595e-05,1.4708587514178362e-05,0.0022542148362845182,0.9976510405540466,1.0892190402955748e-05
ISIC_0031047,nv,nv,7.618494919370278e-07,4.4415809696829456e-08,4.07424449804239e-05,2.2694131018852204e-07,2.4604594727861695e-05,0.9999332427978516,4.4288941580816754e-07
ISIC_0025532,nv,nv,1.133910298989349e-08,4.905221473450183e-08,6.82480049363221e-07,1.4716548868420887e-08,2.057211531791836e-06,0.9999971389770508,9.812469414782754e-08
ISIC_0029134,nv,nv,7.355769326977679e-10,6.87174406266422e-09,5.561894909078546e-07,7.562307224873166e-09,6.206804670227939e-08,0.9999990463256836,3.210369072803587e-07
ISIC_0032147,nv,nv,5.870698487342452e-07,6.455835546148592e-07,3.2938954973360524e-05,1.491288458055351e-06,7.0197593231569044e-06,0.9999557733535767,1.5503471786360024e-06
ISIC_0026495,nv,nv,2.882918806790258e-06,7.848721725167707e-05,6.075674536987208e-05,0.00010894107981584966,0.00010331383964512497,0.9996366500854492,8.953931683208793e-06
ISIC_0032323,nv,nv,1.393762327772663e-09,1.0814643625067788e-09,2.3755636391342705e-07,2.798992504438047e-08,6.284582468651934e-06,0.9999934434890747,2.023292466901694e-08
ISIC_0025739,nv,nv,6.809270303165249e-08,5.801805968985718e-07,9.674976899987087e-05,1.6569323634030297e-05,1.0759179076558212e-06,0.9998835325241089,1.3464476751323673e-06
ISIC_0025460,nv,nv,8.01450639187351e-09,2.0053933269537083e-07,2.3750116540099953e-08,4.5645825252904615e-07,1.8980634308718436e-07,0.9999990463256836,6.735851432182471e-09
ISIC_0026939,nv,nv,4.1623268771218136e-05,2.1428938907774864e-06,0.0008234286215156317,4.145990260440158e-06,6.066632977308473e-06,0.9991200566291809,2.4817829853418516e-06
ISIC_0027340,nv,nv,4.361459650681354e-05,8.357917977264151e-06,0.0009950478561222553,1.4773783732380252e-05,0.011462990194559097,0.9874721169471741,3.0818193863524357e-06
ISIC_0030062,nv,nv,1.2993696119067977e-09,8.491304726021554e-08,1.829562961574993e-06,1.748047822047738e-07,1.1421298751201903e-07,0.9999971389770508,6.566513661709905e-07
ISIC_0030680,nv,nv,1.6080632121884264e-05,2.9644157621078193e-05,0.00026997015811502934,0.00031463292543776333,0.034265849739313126,0.9650920629501343,1.1765626368287485e-05
ISIC_0030439,nv,nv,8.937527127272915e-07,4.1272571138506464e-07,2.328469417989254e-05,1.0811799029397662e-06,8.773922672844492e-06,0.9999635219573975,2.0916668290738016e-06
ISIC_0031341,nv,nv,2.0491620844609315e-08,1.2237629221090174e-07,0.00035861239302903414,1.1517757414480911e-08,0.20108309388160706,0.7985578775405884,2.1813350770116813e-07
ISIC_0027891,nv,nv,6.326683887891704e-08,9.188505600832286e-07,0.0002992801018990576,2.061242838635735e-07,2.8707265300909057e-05,0.9996703863143921,3.359164963967487e-07
ISIC_0030568,nv,nv,1.1136259558952588e-07,8.492632019851953e-08,3.91190878872294e-05,4.624309113410163e-08,0.01423797570168972,0.9857224225997925,2.431724226426013e-07
ISIC_0026863,nv,nv,0.001490434748120606,0.007339086849242449,0.011894028633832932,0.008790248073637486,0.0013726998586207628,0.9590633511543274,0.010050101205706596
ISIC_0029116,nv,nv,2.1214858861640096e-05,4.3366313207116036e-07,8.712572162039578e-05,4.343102318671299e-06,0.0002199642767664045,0.9996637105941772,3.2134562388819177e-06
ISIC_0025334,nv,nv,3.455472324276343e-05,5.87163367526955e-06,0.0013225176371634007,7.26807484170422e-05,0.0015372125199064612,0.99699866771698,2.8570479116751812e-05
ISIC_0026019,nv,nv,5.400043953662781e-11,4.286021815236296e-10,3.207312815334262e-08,2.6610486036915404e-10,3.554155725282726e-08,0.9999998807907104,1.9084160918225734e-09
ISIC_0027817,nv,nv,5.665799918119774e-08,2.905137534980895e-07,6.719079692629748e-07,2.0884339591020762e-08,6.601451474352871e-08,0.999998927116394,1.7384044426194123e-08
ISIC_0028162,nv,nv,1.4448438889758108e-07,0.00016659314860589802,1.8269798601977527e-05,3.194963210262358e-05,4.680791789724026e-06,0.9996138215065002,0.00016459968173876405
ISIC_0030749,nv,nv,2.8247348904386627e-09,1.5318205592862455e-09,2.992338110630044e-08,5.261512114884681e-08,2.587495146144647e-06,0.9999973773956299,2.1101072000817567e-09
ISIC_0031509,nv,nv,2.2134765131909262e-08,2.6731459268347635e-09,3.177692065037263e-07,4.1144400597659114e-07,1.7957585214389837e-06,0.9999974966049194,1.3376388885433244e-08
ISIC_0027413,nv,nv,8.025359043983826e-09,4.8257245310878716e-08,1.0745494449793114e-07,3.0183051080712175e-07,1.5339098808908602e-06,0.9999979734420776,6.305370447989844e-08
ISIC_0026294,nv,nv,1.4575870466160268e-07,1.071027213583875e-06,0.0002178703434765339,3.833839400613215e-06,1.1284739684924716e-06,0.9997736811637878,2.246242729597725e-06
ISIC_0030029,nv,nv,1.0490944077901077e-05,5.132189016876509e-06,8.926383998186793e-06,8.688489288033452e-07,0.000776300672441721,0.9991945624351501,3.7607780996040674e-06
ISIC_0029796,nv,nv,4.251810605637729e-05,9.963096090359613e-06,0.00061237026238814,1.8510416339267977e-05,0.0010445259977132082,0.9982618689537048,1.014211738947779e-05
ISIC_0026640,nv,nv,1.824233208935766e-06,7.778119197610067e-07,0.005492717958986759,7.448291938771945e-08,0.0004207563470117748,0.9940827488899231,9.932249440680607e-07
ISIC_0028522,nv,nv,9.376950060868694e-08,0.0007349966908805072,1.1544118478923338e-06,1.036673529597465e-05,1.2499226613726933e-06,0.9992414712905884,1.068191704689525e-05
ISIC_0025880,nv,nv,1.4104485046573245e-07,3.484824517840934e-08,7.679039117647335e-05,1.6593203326920047e-05,8.136949873005506e-06,0.9998884201049805,9.912705536407884e-06
ISIC_0027551,nv,nv,4.39318142753109e-07,3.971009743253262e-09,1.6418154700659215e-05,1.353532610437469e-07,6.0698221204802394e-05,0.9999222755432129,4.083342375338361e-08
ISIC_0031458,nv,nv,2.1063651445274445e-07,2.4152152036549523e-05,0.004764755256474018,6.393945659510791e-05,2.032212478297879e-06,0.9951431751251221,1.7563131677889032e-06
ISIC_0025690,nv,nv,1.838504795159679e-05,5.3504838433582336e-05,3.0705821700394154e-05,7.557403591818002e-07,0.0002836518397089094,0.9996030926704407,9.9913550002384e-06
ISIC_0027581,nv,nv,1.6647297798044747e-06,1.194615265376342e-06,2.9833624921593582e-06,9.060768206836656e-06,4.845443868362054e-07,0.9999831914901733,1.431648797733942e-06
ISIC_0024840,nv,nv,1.1922166777367238e-05,9.179958055938187e-07,7.547040695499163e-06,7.99639310571365e-05,6.396998651325703e-05,0.9998249411582947,1.0770318112918176e-05
ISIC_0029890,nv,nv,1.4315043017631979e-06,0.0001245299499714747,1.6669946489855647e-05,3.1196816507872427e-06,9.03907130123116e-06,0.9998440742492676,1.1510865078889765e-06
ISIC_0030259,nv,nv,0.000821014225948602,4.127420834265649e-05,2.7411426344770007e-05,0.008624943904578686,0.0006243519601412117,0.9898403286933899,2.0615752873709425e-05
ISIC_0025995,nv,nv,3.2712566166992474e-07,9.07323851606634e-07,3.4108137469957e-07,2.508376155674341e-06,2.7779972242569784e-06,0.9999914169311523,1.667700644247816e-06
ISIC_0024681,nv,nv,3.3635831186984433e-06,1.5166185107773344e-07,0.00011277805606368929,9.701598173705861e-05,3.6833596368524013e-06,0.9997816681861877,1.3446963293972658e-06
ISIC_0024444,nv,nv,7.458438311402915e-10,4.142539644647059e-09,5.207753929425962e-06,1.7551437636598166e-08,1.0684346989364712e-06,0.9999936819076538,6.670575913858556e-08
ISIC_0029314,nv,nv,1.0976363817860602e-08,1.103664004631355e-07,5.043542046223592e-07,3.762589795286431e-09,2.539199613238452e-06,0.9999967813491821,2.518521569072618e-08
ISIC_0029817,nv,nv,5.984288975469099e-08,4.5873881049374177e-07,1.4572809732271708e-06,3.4136137401219457e-06,6.846210453659296e-06,0.9999874830245972,2.268966881047163e-07
ISIC_0030364,nv,nv,3.2766758195634793e-09,1.0535847394521625e-07,0.00018303774413652718,5.295685667761063e-08,5.2143793283221385e-08,0.9998165965080261,2.2835455126823945e-07
ISIC_0024606,nv,nv,3.342179070386919e-06,0.00017367862164974213,0.00038003933150321245,0.003638677764683962,2.2476249796454795e-05,0.9919522404670715,0.003829513443633914
ISIC_0030946,nv,nv,4.573273670871458e-08,7.899673803990481e-09,6.437898991862312e-05,4.0803207923545415e-08,1.3339324311800738e-07,0.9999353885650635,1.9875466605867587e-08
ISIC_0032432,nv,nv,6.683443576349646e-09,7.202768756542355e-05,2.1520880011394183e-07,4.260415380485938e-07,2.592699672732124e-07,0.9999263286590576,7.251123292917327e-07
ISIC_0031393,nv,nv,4.086624372234837e-09,1.3338220128389366e-07,1.0718951671151444e-05,4.665656661018147e-07,2.4139214929164154e-06,0.9999861717224121,4.058553670915899e-08
ISIC_0025497,nv,nv,1.7488287085143384e-06,6.793770808144473e-07,0.0001618534734006971,4.0431237721350044e-05,2.6589139451971278e-05,0.9997633099555969,5.372565283323638e-06
ISIC_0029672,nv,nv,1.5520390661549754e-07,2.210944671787729e-07,2.399400500507909e-06,9.71653062151745e-05,1.4427699568386743e-07,0.9998996257781982,2.475503038112947e-07
ISIC_0026001,nv,nv,9.395114830113016e-06,3.078125882893801e-05,0.0003338402311783284,2.362036411795998e-06,0.0017576332902535796,0.9978627562522888,3.168984676449327e-06
ISIC_0029429,nv,nv,4.149582366608229e-07,1.7526531337352935e-06,0.007871415466070175,3.429756179684773e-05,1.2571667866723146e-05,0.9920791983604431,2.980775946070935e-07
ISIC_0025151,nv,nv,2.5964698835423405e-08,5.4303470164995815e-08,1.6923137025059987e-07,1.0181356913108175e-07,1.5402498547700816e-06,0.9999980926513672,7.080535624481854e-08
ISIC_0025801,nv,nv,7.113527544788667e-10,9.71650422343373e-08,2.8816314667778897e-08,2.999567882966403e-08,1.737736852192029e-07,0.9999996423721313,1.7727229462138894e-08
ISIC_0031952,nv,akiec,0.5791318416595459,0.0002938452234957367,0.3047547936439514,0.008309547789394855,0.0014635876286774874,0.10594000667333603,0.00010638898675097153
ISIC_0032172,nv,nv,0.0026025227271020412,0.00021011930948588997,0.017480479553341866,9.231527656083927e-05,2.5582225134712644e-05,0.9795715808868408,1.7455380657338537e-05
ISIC_0029673,nv,nv,7.761798315186752e-07,3.421574490403145e-08,6.005276372889057e-05,1.993540308831143e-06,0.0001750640367390588,0.9997619986534119,1.252519865602153e-07
ISIC_0028262,nv,nv,2.3325615217117956e-08,5.76963714138401e-07,2.68919166046544e-07,3.047645407150412e-07,7.946054552121495e-07,0.9999977350234985,2.3313151586989989e-07
ISIC_0027664,nv,nv,1.7058571222250407e-10,1.9588904720535538e-08,5.353276719688438e-05,2.7045941806136398e-06,7.330572060482154e-08,0.9999426603317261,1.0366577498643892e-06
ISIC_0028379,nv,nv,1.1288794551922443e-11,4.281771465164397e-11,2.4718269098222834e-10,4.412725296276676e-09,6.736998181544607e-10,1.0,3.172405671492129e-10
ISIC_0026289,nv,nv,2.2771497242501937e-05,2.411181412753649e-06,7.1877220761962235e-06,0.00015891117800492793,9.727200085762888e-05,0.9997096657752991,1.887806320155505e-06
ISIC_0030218,nv,nv,2.502036124951701e-07,9.756025065144058e-06,0.00023906301066745073,1.7672813328317716e-06,0.0003802471037488431,0.9993410706520081,2.780174145300407e-05
ISIC_0024852,nv,nv,2.0945547518635976e-09,7.294044708505698e-12,4.187926949672516e-10,4.275932496966561e-09,3.761035649585409e-10,1.0,8.312696885004467e-12
ISIC_0028039,nv,nv,1.2758373246768429e-09,1.78593690947082e-08,1.0595205424124288e-07,1.0425114993495299e-07,9.182299436361063e-07,0.9999988079071045,3.4501084655857994e-08
ISIC_0029761,nv,nv,8.578977528372889e-10,6.795967522066348e-08,2.5771677769625967e-07,7.622974180776509e-07,6.379896149155684e-07,0.9999973773956299,8.832858497953566e-07
ISIC_0032131,nv,nv,3.6342489018181823e-09,1.707990415766858e-09,9.171477444169795e-08,3.414447036220736e-08,1.576650632273413e-08,0.9999998807907104,1.835502949631973e-08
ISIC_0030412,nv,nv,2.0696654701168882e-07,1.5209025150397792e-08,1.4797509720665403e-05,6.111487891757861e-06,1.449570618206053e-06,0.9999773502349854,1.4533972603203438e-07
ISIC_0025498,nv,nv,8.558217245990818e-08,2.361583462118233e-08,3.4380289548607834e-07,4.193164571120178e-08,6.849100486761017e-08,0.9999995231628418,1.1338308958386278e-08
ISIC_0026669,nv,nv,1.032808150114306e-08,8.031782954276423e-07,2.547176052303257e-07,7.114517188711034e-07,1.1125994348049062e-07,0.9999979734420776,7.727387441036626e-08
ISIC_0029110,nv,nv,5.436298633476611e-10,1.6873220598512262e-09,1.82480633270643e-07,3.683618032823688e-08,1.1547217404483945e-08,0.9999997615814209,1.3941990895105505e-09
ISIC_0026095,nv,nv,8.318286504049865e-09,6.488820591954436e-10,3.2018410820455756e-06,1.286500861397144e-07,8.86042744241422e-06,0.9999878406524658,6.277535380405652e-09
ISIC_0030628,nv,nv,6.117854809417622e-06,9.496379789197817e-06,0.0033387052826583385,8.96457422641106e-05,0.0001645177835598588,0.9963712692260742,2.0219738871674053e-05
ISIC_0027445,nv,nv,1.758010959029832e-10,2.484816796766154e-10,1.0491438615645166e-06,2.2279373901312738e-09,6.467923299169342e-07,0.9999982118606567,3.680957405549634e-08
ISIC_0026250,nv,nv,1.3637601341542904e-06,7.91367398278453e-08,2.7527690690476447e-05,6.473031135101337e-06,1.1430062841100153e-05,0.9999526739120483,4.6706955458830635e-07
ISIC_0029700,nv,nv,1.6946362535463777e-08,1.0622435375751138e-08,3.926622298422444e-07,7.533182042607223e-07,7.791647476551589e-06,0.9999910593032837,7.866211859663963e-08
ISIC_0030405,nv,nv,4.675831277722864e-08,1.3748667981872131e-07,3.702351023093797e-05,6.815307784791003e-08,4.783951794706809e-07,0.9999591112136841,3.1474182833335362e-06
ISIC_0025212,nv,nv,3.919769824278774e-06,2.2686224099288665e-07,0.005182603839784861,3.4040858736261725e-05,0.0002510804624762386,0.9945224523544312,5.6902254073065706e-06
ISIC_0029908,nv,nv,1.4740264759893762e-06,1.6038438843679614e-05,3.601552452892065e-05,9.571178088663146e-05,2.7638563551590778e-05,0.9998086094856262,1.4492049558612052e-05
ISIC_0029658,nv,nv,0.0001756519777700305,0.0015195243759080768,0.0003512896946631372,0.08833686262369156,0.0015414418885484338,0.9080346822738647,4.046013782499358e-05
ISIC_0027995,nv,nv,0.0008971373317763209,0.06456491351127625,0.009872869588434696,0.00034100841730833054,0.00340778729878366,0.9207803010940552,0.0001359938905807212
ISIC_0026595,nv,nv,1.891775809781393e-06,2.2268457541940734e-05,2.663714076334145e-05,1.3672955674337572e-06,0.0003150090924464166,0.9996300935745239,2.7410831080487696e-06
ISIC_0029037,nv,nv,6.075702874835942e-12,1.3346656245472044e-11,1.0030968417007458e-10,6.660361706600781e-10,4.13413886235503e-07,0.9999996423721313,1.822714340571352e-10
ISIC_0028351,nv,nv,1.3591701986115368e-08,9.092391728415805e-09,1.8190675064033712e-06,1.657431702994927e-08,6.358958444252494e-07,0.9999974966049194,1.9546645191326206e-08
ISIC_0026723,nv,nv,2.872191145943809e-14,5.274034681201911e-12,3.910751930624734e-11,2.3770021324517887e-13,1.7350951231343004e-10,1.0,2.4972399148559532e-11
ISIC_0026116,nv,nv,4.555663846161906e-09,3.628290556889624e-09,1.227008255000328e-07,5.309066182235256e-07,8.241791249474772e-08,0.9999992847442627,2.8432047827209317e-09
ISIC_0025787,nv,nv,2.450112646101843e-08,2.712353541767243e-08,2.1450293274938304e-07,3.0260235917012324e-07,5.012079782318324e-07,0.999998927116394,2.3868141241223384e-08
ISIC_0028738,nv,nv,2.205546110189971e-07,1.3977798516862094e-05,4.1870857785397675e-06,2.7216037778998725e-05,1.0222627224720782e-06,0.9999516010284424,1.7939079270945513e-06
ISIC_0025138,nv,nv,1.9047669411520474e-05,0.00039926220779307187,0.00015235891623888165,7.64683136367239e-05,1.529889959783759e-05,0.9993295669555664,7.899614502093755e-06
ISIC_0027241,nv,nv,2.3980112473509507e-06,7.204085932244197e-07,9.640652024245355e-06,9.045508591043472e-07,6.691050657536834e-05,0.9999184608459473,8.687283070685226e-07
ISIC_0031338,nv,nv,6.358421842378448e-07,7.95654386820388e-09,4.876152388533228e-07,9.344327622784476e-08,8.088025788310915e-05,0.9999178647994995,5.643630274221323e-08
ISIC_0031610,nv,nv,2.3936632942422875e-07,0.00013617803051602095,1.2208148291392718e-05,2.9723316856689053e-06,1.5016092220321298e-05,0.9998331069946289,1.528106849946198e-07
ISIC_0028726,nv,nv,7.553668801563163e-10,3.712980856107606e-08,8.89145155724691e-07,6.478169325419003e-07,1.2321858093855553e-06,0.9999971389770508,1.6499596711128106e-07
ISIC_0025839,nv,nv,0.0006623782101087272,7.495527370338095e-06,0.00022243223793338984,0.00020007058628834784,0.004409254062920809,0.994487464427948,1.0952341654046904e-05
ISIC_0027842,nv,nv,9.225558983416704e-08,4.7627352728341066e-08,2.067658328996913e-07,5.8869089116342366e-05,1.7550584743730724e-05,0.9999226331710815,6.276306407926313e-07
ISIC_0027866,nv,nv,0.013676462695002556,0.006295802537351847,0.0006413321825675666,0.015304061584174633,0.006625075824558735,0.957251787185669,0.00020536499505396932
ISIC_0029164,nv,nv,2.9885195544920862e-05,1.0480750461283606e-05,0.00024267163826152682,1.0604010640236083e-05,0.004023535642772913,0.9956812858581543,1.5966785440468811e-06
ISIC_0026800,nv,nv,4.770259351971617e-07,7.2043326859727586e-09,2.8412325264071114e-05,4.732473462354392e-05,2.338321337447269e-06,0.9999213218688965,6.273697295000602e-08
ISIC_0031944,nv,nv,0.00019726438040379435,2.4842425773385912e-05,0.024510342627763748,0.0010132307652384043,0.0003167309332638979,0.9739217162132263,1.5894618627498858e-05
ISIC_0031161,nv,nv,5.577299733161567e-10,2.581051761207931e-10,1.311592825459229e-07,2.3352275668742095e-09,2.7068456365242355e-09,0.9999998807907104,7.911157284823389e-10
ISIC_0028001,nv,nv,4.2133155631063346e-08,2.1199758748480235e-07,0.0004733451351057738,6.80471856639997e-08,1.8976863429998048e-05,0.9995067119598389,5.093012305223965e-07
ISIC_0026856,nv,nv,7.263192713935496e-09,3.409597937320541e-08,4.174118117816761e-08,1.441859183159977e-07,1.5346192867582431e-06,0.9999978542327881,4.825519113182963e-07
ISIC_0029255,nv,nv,1.2247478586857596e-08,9.966434344477193e-10,1.5541293407750345e-07,2.0936555600314932e-08,4.320995230955305e-06,0.9999954700469971,4.367047612419128e-09
ISIC_0028300,nv,nv,7.117788303201422e-11,5.403545232790519e-12,2.1225041169081749e-10,6.75725364551738e-10,2.9796325407005497e-09,1.0,4.6148876386986615e-11
ISIC_0032418,nv,nv,5.4182826715987176e-05,2.963115548482165e-07,8.760846685618162e-05,1.2142605555709451e-05,0.0001423897047061473,0.9997027516365051,6.378229500114685e-07
ISIC_0028704,nv,nv,2.2112754294312253e-08,1.9525419503452213e-08,4.4645123125519603e-05,3.085292519244831e-07,4.06441067752894e-05,0.999914288520813,7.559503245602173e-09
ISIC_0032506,nv,nv,9.672172609498375e-07,3.253581155604479e-07,0.00016188590961974114,0.0010237657697871327,7.236796227516606e-05,0.9987398982048035,6.98621761330287e-07
ISIC_0032261,nv,nv,0.0013185079442337155,0.00028806785121560097,0.02862810343503952,9.349366882815957e-05,0.0007059376803226769,0.968665599822998,0.00030026535387150943
ISIC_0029259,nv,nv,1.3143995614139925e-10,4.009348231193144e-08,3.414198488371767e-07,1.2722126463415862e-08,3.8121348211461736e-07,0.9999990463256836,2.2271832733622432e-07
ISIC_0031869,nv,nv,2.372233325331763e-07,5.480247295963636e-07,1.939188950927928e-05,3.697895635923487e-06,1.8317376088816673e-05,0.9999570846557617,7.083112336658814e-07
ISIC_0025025,nv,nv,2.0359431918137716e-09,1.8772092769125948e-09,2.84716975329502e-07,2.2199836635650172e-08,6.06919385859328e-08,0.9999995231628418,7.84121709784813e-08
ISIC_0029481,nv,nv,2.620555790144863e-07,4.649913080356782e-06,8.33158537716372e-06,0.001132771372795105,3.1954070436768234e-05,0.9988044500350952,1.7565196685609408e-05
ISIC_0030157,nv,nv,1.295736637985101e-07,4.806196685080977e-08,2.174153814848978e-05,7.084598685480614e-09,8.475735171487031e-07,0.9999772310256958,1.588326092871739e-08
ISIC_0029098,nv,nv,2.773084588625352e-07,2.4639020921313204e-06,3.581282726372592e-06,3.394273153389804e-05,2.322978389202035e-06,0.9999567270278931,6.680122623947682e-07
ISIC_0031497,nv,nv,4.201822223492968e-11,1.5989871926525012e-10,8.923718297637606e-08,3.791238256667384e-08,5.309805928277456e-08,0.9999998807907104,1.081234213273774e-09
ISIC_0031448,nv,nv,2.709915349896619e-07,4.289164735382656e-06,4.266142423148267e-05,1.2306044254728477e-06,7.525103137595579e-05,0.9998754262924194,8.960558943726937e-07
ISIC_0028031,nv,nv,1.057486542777042e-06,9.426335054740775e-06,0.00842288974672556,7.077364443830447e-06,0.00036293151788413525,0.991184413433075,1.2126415640523192e-05
ISIC_0028334,nv,nv,5.16866293764906e-06,6.4079649746418e-06,0.000700291886460036,1.5271045413101092e-05,3.1299309739551973e-06,0.9992572665214539,1.2452149348973762e-05
ISIC_0030257,nv,nv,2.2802559840329195e-08,8.745656668907031e-05,1.0913892083408427e-06,1.4726069252901652e-07,3.2193941024161177e-07,0.9999109506607056,2.5754108179398827e-08
ISIC_0031805,nv,nv,0.0002767446858342737,1.7283451597904786e-05,0.0012753758346661925,0.0001028143524308689,0.0014306413941085339,0.9968769550323486,2.0238996512489393e-05
ISIC_0024797,nv,nv,2.174268542987079e-09,2.4804618803386802e-08,1.192991589960002e-07,2.9188601757823562e-08,3.07597360915679e-06,0.9999959468841553,8.432622280452051e-07
ISIC_0030807,nv,nv,3.717110814704938e-07,8.90233877726132e-07,0.00036158727016299963,2.351494458707748e-06,6.2947560763859656e-06,0.9996263980865479,2.13364660339721e-06
ISIC_0028342,nv,nv,1.6031950167416653e-07,3.8871374272275716e-05,5.0549137085909024e-05,1.1554750017239712e-05,6.648132284681196e-07,0.999824583530426,7.366781937889755e-05
ISIC_0024368,nv,nv,1.3206092717155116e-06,1.8399312466499396e-05,0.2245778888463974,4.3109262151119765e-06,0.0010199712123721838,0.7743608951568604,1.7267486327909864e-05
ISIC_0024397,nv,nv,6.93507260507431e-08,4.815913356992496e-08,2.845147037078277e-06,1.048600850594994e-07,8.918812000047183e-07,0.9999959468841553,1.0370249725610847e-07
ISIC_0029799,nv,nv,8.183820909835049e-07,5.975791168566502e-07,4.073333184351213e-05,1.0338021638744976e-06,1.2118185622966848e-05,0.9999440908432007,6.159201006994408e-07
ISIC_0028828,nv,nv,0.05753108859062195,0.0023530179169028997,0.012347228825092316,0.002714968752115965,0.19650085270404816,0.7242520451545715,0.0043007852509617805
ISIC_0026673,nv,nv,5.2025379559950125e-09,5.903763033998644e-10,3.172392098349519e-06,1.215565248458006e-07,2.0957236301910598e-06,0.9999946355819702,1.4217016008899463e-08
ISIC_0025828,nv,nv,9.476356353843585e-06,3.7656827771570534e-06,2.6845335014513694e-05,0.013024481013417244,0.000200940077775158,0.9867267608642578,7.722141162957996e-06
ISIC_0025682,nv,nv,5.332830914994702e-05,0.0010360165033489466,0.01156065333634615,0.0007472444558516145,0.017961150035262108,0.9650866985321045,0.003554870141670108
ISIC_0026431,nv,nv,6.058582021489789e-12,6.620329284778848e-11,2.131401860561155e-10,8.589435274153345e-10,1.260352405552112e-06,0.9999986886978149,2.873974114248057e-10
ISIC_0028440,nv,nv,4.3032787999663924e-08,1.9638740411664912e-08,2.0580694126692833e-06,1.957914037120645e-06,4.9274680350208655e-05,0.9999467134475708,4.9767749032980646e-08
ISIC_0024988,nv,nv,5.226779897782308e-09,0.0005246954970061779,1.622142207224897e-07,1.1158238777397855e-08,5.265076765681442e-07,0.9994745850563049,5.329475172288767e-08
ISIC_0029395,nv,nv,3.0766257168579614e-06,8.782299687482009e-07,0.00017369331908412278,5.589049010268354e-07,0.00496243080124259,0.9948520064353943,7.413695584546076e-06
ISIC_0025194,nv,nv,7.720532657629064e-09,1.3495045081413082e-08,8.679639051933918e-08,1.2152729489400826e-08,1.6745980602195232e-08,0.9999998807907104,1.1979938818740266e-08
ISIC_0024717,nv,nv,6.833010502305115e-06,0.00033116384292952716,0.0006751007749699056,0.005492672324180603,1.5331401300500147e-05,0.9919115900993347,0.0015672803856432438
ISIC_0028213,nv,nv,4.5653315794425e-08,1.1060162563580889e-08,1.2740019883494824e-06,5.690494049304107e-07,4.201671799819451e-06,0.9999939203262329,9.16772791015319e-09
ISIC_0024491,nv,nv,2.8982253752474207e-06,1.0064818525279406e-05,5.489655086421408e-05,5.620481169898994e-05,0.000488555058836937,0.9993835687637329,3.862522135023028e-06
ISIC_0030478,nv,nv,3.9868501744422247e-07,6.191748980199918e-07,0.037061113864183426,0.00022469161194749177,5.8680816437117755e-05,0.962649405002594,5.065493041911395e-06
ISIC_0028417,nv,nv,3.94920834878576e-06,5.469763095788949e-07,2.5227816877304576e-05,1.7847075639565446e-07,0.019703324884176254,0.9802619218826294,4.71419480163604e-06
ISIC_0030891,nv,nv,5.219060028593958e-08,5.0691394193336237e-08,0.0001043044903781265,4.515291891493689e-07,9.290322486776859e-05,0.9998021721839905,5.7401454256478246e-08
ISIC_0027186,nv,nv,3.2092966062435835e-09,5.871048713856908e-08,0.008547252044081688,2.134802343789488e-07,1.1399139054901752e-07,0.9914523363113403,2.988543101878349e-08
ISIC_0025177,nv,nv,0.0004963155370205641,0.00013230391778051853,0.00422918563708663,0.023623093962669373,0.13322946429252625,0.8363520503044128,0.0019375303527340293
ISIC_0029049,nv,df,0.10274488478899002,0.16403858363628387,0.038657296448946,0.35703882575035095,0.02189142443239689,0.05981381610035896,0.25581517815589905
ISIC_0029018,nv,nv,2.0694071281468496e-05,8.091569907264784e-05,0.0003730603202711791,1.0340026165067684e-05,0.03126595914363861,0.9682245850563049,2.4392877094214782e-05
ISIC_0027112,nv,nv,1.3010715065320255e-06,1.7327465684502386e-05,0.007392304949462414,0.00021671864669770002,0.002132079331204295,0.9900118708610535,0.0002283915673615411
ISIC_0028791,nv,nv,8.711413534978618e-12,1.5022102450856778e-09,1.0556817642282113e-09,2.877350302465942e-10,5.91950083617121e-06,0.9999940395355225,1.481111233658794e-09
ISIC_0027855,nv,nv,6.4534910961810965e-06,4.457006525626639e-06,0.004186267964541912,1.2528411389212124e-05,0.10196062922477722,0.8937976956367493,3.1898980523692444e-05
ISIC_0026730,nv,nv,2.6016318770416547e-06,1.0769507753138896e-05,0.000700191711075604,9.718451110529713e-06,0.0004473556182347238,0.9988176226615906,1.1689242455759086e-05
ISIC_0026519,nv,nv,4.587285002344288e-05,7.205925794551149e-05,3.936928987968713e-05,0.00016162543033715338,0.031307924538850784,0.9683502316474915,2.294459773111157e-05
ISIC_0028755,nv,nv,0.0031337945256382227,5.458576561068185e-05,0.07848547399044037,0.0011017972137778997,0.001570453168824315,0.9156438708305359,1.0010673577198759e-05
ISIC_0024597,nv,nv,7.151715544750914e-05,0.0011391120497137308,0.008467765524983406,0.0023611527867615223,0.0037600735668092966,0.9733878970146179,0.010812569409608841
ISIC_0029790,nv,nv,9.119194146478549e-06,1.9917265490221325e-06,0.0010931877186521888,2.5178516807500273e-05,0.04783428832888603,0.9509943723678589,4.183231794741005e-05
ISIC_0027898,nv,nv,6.277045940805692e-06,0.00015898414130788296,0.00010421484330436215,0.0003184640081599355,0.009982770308852196,0.9869649410247803,0.002464346820488572
ISIC_0028293,nv,nv,4.140051412804269e-09,1.0562288252913277e-06,2.945427240774734e-06,2.2702330682022875e-08,0.00029203740996308625,0.9997038245201111,1.2410234262461017e-07
ISIC_0032428,nv,nv,2.621683779580053e-05,0.00058222736697644,0.0004509656864684075,0.00032970798201859,0.06274477392435074,0.9357941746711731,7.188927702372894e-05
ISIC_0027640,nv,bkl,0.0024841041304171085,0.00024621072225272655,0.8026659488677979,0.00028172621387057006,0.17765815556049347,0.016335347667336464,0.0003285244747530669
ISIC_0030273,nv,mel,0.0005628448561765254,3.3298351809207816e-06,0.10291268676519394,2.0352194951556157e-06,0.871587872505188,0.024923119693994522,8.020452696655411e-06
ISIC_0028971,nv,nv,8.275849694427961e-08,1.6373294783988968e-05,0.00013471742568071932,2.690804592475615e-07,0.002921395469456911,0.9968801736831665,4.705623723566532e-05
ISIC_0031145,nv,nv,1.0340590606006117e-08,3.4408615956493804e-09,2.584227331681177e-06,1.2754765066347318e-07,4.008938049082644e-05,0.9999572038650513,1.1925853193872626e-08
ISIC_0027235,nv,mel,1.6953693560139982e-08,6.204941627174776e-08,1.3905484593124129e-05,1.2875078780894e-08,0.5485677719116211,0.4514181613922119,1.8273671287261095e-07
ISIC_0024891,nv,nv,1.2084719855920412e-06,2.4153845515684225e-05,0.00020000964286737144,3.8395201045204885e-06,0.0827052965760231,0.9141683578491211,0.0028971610590815544
ISIC_0025442,nv,nv,4.707893186406409e-09,2.7609527997185523e-09,1.3338159305931185e-06,2.4198174575218445e-09,0.0031264610588550568,0.9968722462654114,2.555106881629854e-08
ISIC_0028461,nv,mel,0.0010607849108055234,0.00011925161379622295,0.00012269422586541623,0.0019754369277507067,0.873392641544342,0.1232808530330658,4.841683403356001e-05
ISIC_0029719,nv,bkl,0.004199528601020575,0.2192009687423706,0.31217268109321594,0.0004206292505841702,0.28554728627204895,0.17796266078948975,0.0004962083185091615
ISIC_0028453,nv,df,4.244457886670716e-05,0.0006651541916653514,0.00034513024729676545,0.9700959920883179,0.0028667093720287085,0.017383575439453125,0.008601022884249687
ISIC_0031733,nv,nv,6.0097818277427e-08,0.0005642764735966921,0.00010273557563778013,2.0773670712515013e-06,0.00017577066319063306,0.8572369813919067,0.1419181525707245
ISIC_0031663,nv,nv,0.0003783801512327045,0.0029896660707890987,0.00019305245950818062,0.08837339282035828,0.0962742492556572,0.8097665905952454,0.002024635672569275
ISIC_0032096,nv,bkl,7.140796515159309e-05,0.003877877024933696,0.571968138217926,0.0005024031852371991,0.02060440555214882,0.4011099338531494,0.0018657990731298923
ISIC_0027358,nv,bkl,9.98456584966334e-07,0.00594673678278923,0.9258650541305542,2.126896561094327e-06,6.701870006509125e-05,0.0681176707148552,4.6353966354217846e-07
ISIC_0027734,nv,mel,6.605972885154188e-06,3.051770181627944e-05,0.0026685225311666727,1.0391960131528322e-05,0.8715484142303467,0.12573480606079102,6.591527039745415e-07
ISIC_0030874,nv,nv,0.0005759090417996049,0.0005413105827756226,0.006844119168817997,9.59794761001831e-06,0.0011249349918216467,0.9908954501152039,8.600960427429527e-06
ISIC_0029389,nv,df,0.0032919507939368486,0.004669041372835636,0.16263079643249512,0.42575666308403015,0.01537623442709446,0.38725873827934265,0.0010165527928620577
ISIC_0026874,nv,nv,4.928561338601867e-06,3.7207455534371547e-06,0.00010520789510337636,3.196662134996586e-07,0.417172372341156,0.582707941532135,5.458319265017053e-06
ISIC_0026389,nv,nv,1.4229164662538096e-05,0.007506438996642828,0.06166693940758705,0.00016383189358748496,0.0007998030632734299,0.9245290756225586,0.005319596268236637
ISIC_0025428,nv,nv,0.0011814858298748732,3.36683115165215e-05,0.005749217700213194,5.5323213018709794e-05,0.15939027070999146,0.8335705995559692,1.9354303731233813e-05
ISIC_0024824,nv,nv,0.00015270282165147364,0.007964463904500008,0.4751434326171875,0.001270947977900505,0.00018457096302881837,0.5151383876800537,0.00014550313062500209
ISIC_0027878,nv,nv,1.729921677906532e-05,2.0300224150560098e-06,0.0003295736969448626,1.359627003694186e-05,0.002076903358101845,0.9975597858428955,8.344832735929231e-07
ISIC_0028371,nv,nv,1.6932321100782133e-09,6.0461584325821605e-06,2.0413228867255384e-06,7.451017154380679e-07,0.00014174259558785707,0.9998493194580078,5.2635844127735254e-08
ISIC_0026006,nv,nv,2.438288682071743e-09,3.264045517425984e-05,4.518817877396941e-05,7.589037842592461e-09,2.0172934455331415e-05,0.9999016523361206,3.448561187724408e-07
ISIC_0026541,nv,nv,2.2920028186490526e-06,2.5121082217083313e-05,4.803895717486739e-05,7.359857136179926e-06,0.027829958125948906,0.9718112945556641,0.000275920465355739
ISIC_0025869,nv,nv,7.931145955808461e-05,0.0010228721657767892,0.09880508482456207,8.631937816971913e-06,0.01688387803733349,0.8831992745399475,9.94099991658004e-07
ISIC_0027812,nv,nv,3.0316849120026745e-07,1.6366651834687218e-05,3.450101212365553e-05,4.467264261620585e-06,9.7131502116099e-05,0.9997929930686951,5.435167622636072e-05
ISIC_0027410,nv,nv,2.973357595692505e-06,1.1843628271890339e-05,0.0028070039115846157,4.803122010343941e-06,0.0016178844962269068,0.9955533146858215,2.165252453778521e-06
ISIC_0027103,nv,nv,9.35178712246909e-10,1.7011462238869512e-09,3.284910974343802e-07,4.5697248651777045e-07,0.00021271989680826664,0.9997860789299011,4.3114121694998175e-07
ISIC_0028528,nv,mel,1.4313952306110878e-05,3.0023541057744296e-06,0.01647651009261608,5.51919947611168e-06,0.9653146862983704,0.018126195296645164,5.984743984299712e-05
ISIC_0029945,nv,mel,2.6224057364743203e-05,2.141608092642855e-06,0.00016979184874799103,4.4366493057168555e-07,0.9993264675140381,0.0004725659091491252,2.3217378384288168e-06
ISIC_0026148,nv,mel,0.0005497483653016388,0.0006912857643328607,0.00140599615406245,8.560096466680989e-05,0.9653249382972717,0.031842831522226334,9.967295045498759e-05
ISIC_0031094,nv,bkl,5.619097464659717e-06,1.2220381222505239e-06,0.7586853504180908,4.830312172998674e-05,0.009076603688299656,0.2321767508983612,6.157496954983799e-06
ISIC_0029488,nv,mel,0.012777647003531456,0.003401832887902856,0.10227350890636444,0.002135655377060175,0.6260396838188171,0.2155464142560959,0.03782522678375244
ISIC_0028804,nv,bkl,5.4496201329357064e-08,3.9843762351665646e-05,0.5217647552490234,1.4074472574066021e-06,0.0009753041667863727,0.4771856665611267,3.301529068266973e-05
ISIC_0026781,nv,nv,2.451589580232394e-06,6.934104703759658e-07,0.009148594923317432,1.894986496608908e-07,0.00021950439258944243,0.9906264543533325,2.071156131933094e-06
ISIC_0029846,nv,nv,5.014818005300015e-10,3.774759704811004e-08,3.1536305300505774e-07,2.2492748996683076e-08,0.00014390061551239341,0.9998495578765869,6.155433311505476e-06
ISIC_0029194,nv,nv,1.552593123510526e-11,4.78155811833858e-07,1.752231604257304e-08,1.4431942307879808e-09,1.169517759080918e-06,0.9999983310699463,1.8135622781301208e-08
ISIC_0027034,nv,bkl,3.698954242281616e-05,0.00016151591262314469,0.9970780611038208,6.257929271669127e-06,0.0012909086653962731,0.0010713378433138132,0.0003549142275005579
ISIC_0031887,nv,nv,1.9372555470908992e-05,2.4314933853020193e-06,0.005895021837204695,2.0080588569726388e-07,0.022470345720648766,0.9716125130653381,1.218192124952111e-07
ISIC_0028534,nv,nv,5.050577556175995e-07,0.0003517523582559079,3.3277257898589596e-05,1.2722890460281633e-05,0.013595345430076122,0.9859746098518372,3.181916326866485e-05
ISIC_0028222,nv,bkl,0.05890475958585739,0.015584439039230347,0.8755937814712524,0.018788127228617668,0.01712203584611416,0.01331857219338417,0.0006882872548885643
ISIC_0026237,nv,nv,1.815751147660194e-06,8.091952850008965e-07,0.0009020320721901953,0.00047546083806082606,0.0008154241950251162,0.997782289981842,2.2203523258212954e-05
ISIC_0027548,nv,nv,1.276542094252875e-09,2.9497032372205467e-08,0.0002096693788189441,9.066708495097942e-10,0.0004635552177205682,0.9993267059326172,7.476095476022238e-08
ISIC_0028961,nv,nv,1.5917568418899464e-07,8.401499144383706e-06,0.0002260351029690355,3.659049241377943e-07,0.00028297430253587663,0.9994813799858093,6.79941138059803e-07
ISIC_0030053,nv,nv,6.986507287365384e-06,1.1841775631182827e-05,0.0023148187901824713,5.168803909327835e-05,0.3839746415615082,0.6136374473571777,2.5755662136361934e-06
ISIC_0025789,nv,nv,9.796195627131965e-06,6.077728176023811e-05,0.000627873174380511,0.00034031557152047753,0.03935394808650017,0.9578859806060791,0.0017213128739967942
ISIC_0030184,nv,nv,1.2443457819699688e-08,1.0081499191016974e-08,6.832975714132772e-07,1.130222759826438e-08,0.0008481742115691304,0.9991509914398193,8.799233341960644e-08
ISIC_0031501,nv,nv,3.1655416135589753e-12,1.2054731435284793e-08,2.8334037338595408e-08,4.3525785753395496e-10,1.3143525734449213e-07,0.9999998807907104,7.390515310845558e-09
ISIC_0029354,nv,mel,6.082417530706152e-05,0.002323123859241605,0.0045433007180690765,4.144507693126798e-05,0.5842764973640442,0.4086875319480896,6.733310146955773e-05
ISIC_0033356,nv,nv,0.00028002046747133136,8.98754078662023e-05,0.008552874438464642,0.002941472688689828,0.0003120570327155292,0.9878097772598267,1.4040374480828177e-05
ISIC_0031158,nv,nv,6.38470601188601e-06,0.4867453873157501,6.757495430065319e-05,0.004295369144529104,0.0003613401495385915,0.5040327310562134,0.004491227213293314
ISIC_0033846,nv,nv,2.2422632355301175e-06,3.3959026950469706e-06,1.475085468882753e-06,1.2044412869727239e-05,0.004643413238227367,0.9953372478485107,7.461035522737802e-08
ISIC_0032691,nv,nv,1.914791797341664e-10,7.517364792875014e-07,8.204042245552046e-08,2.671168886081432e-07,9.790653621166712e-07,0.9999977350234985,2.901257971643645e-07
ISIC_0032891,nv,nv,5.660426016795839e-10,7.182693906315762e-08,6.47460524305643e-07,7.442622518283315e-07,0.00012446111941244453,0.99986732006073,6.718064923916245e-06
ISIC_0033348,nv,nv,1.3093145753373392e-05,2.343221922274097e-06,3.072117760893889e-05,0.0012565094511955976,0.026234211400151253,0.9724551439285278,8.056682418100536e-06
ISIC_0033048,nv,nv,3.86356688863998e-08,1.0920642168343875e-08,4.818764978153922e-07,4.03840203944128e-06,0.0008989208727143705,0.9990963935852051,1.373989846342738e-07
ISIC_0026618,nv,df,0.00046210220898501575,0.00023515865905210376,0.0010980329243466258,0.604932963848114,0.005945359822362661,0.3867359459400177,0.0005904011777602136
ISIC_0025456,nv,nv,3.65018640877679e-05,9.556601435178891e-05,0.00012849709310103208,0.01682155206799507,0.0001290386717300862,0.9825343489646912,0.0002544602029956877
ISIC_0033549,nv,nv,1.712049993329856e-06,2.0561192286550067e-05,0.0015410700580105186,1.8541737517807633e-05,0.007355841808021069,0.9904609322547913,0.0006013974780216813
ISIC_0025239,nv,nv,0.0002765276003628969,1.8868504412239417e-05,0.0036562038585543633,0.0003265990817453712,0.29846665263175964,0.6972190141677856,3.6162135074846447e-05
ISIC_0034234,nv,nv,1.9079024582424609e-07,1.825937374633213e-07,5.642304586217506e-06,5.164908429833304e-07,0.03080429509282112,0.9691846370697021,4.493382220971398e-06
ISIC_0034274,nv,mel,1.5302462941235717e-07,7.433440885051823e-08,1.095914649340557e-05,5.029909644349573e-08,0.9073793888092041,0.092608742415905,7.376665962510742e-07
ISIC_0033759,nv,nv,2.2438120805823303e-10,8.279140706335397e-10,6.143388873169897e-06,4.2685064371994486e-09,5.726945346395951e-06,0.9999880790710449,1.1222505147401307e-09
ISIC_0033386,nv,bkl,1.1080357580794953e-05,1.3289348999023787e-06,0.9497770071029663,6.179569936648477e-06,0.0024873942602425814,0.047713376581668854,3.613087983467267e-06
ISIC_0033253,nv,nv,0.0011978455586358905,0.00011305731459287927,0.009901773184537888,4.821041875402443e-05,0.022400187328457832,0.9663280844688416,1.0876281521632336e-05
ISIC_0033974,nv,nv,3.6653915458373376e-07,2.9628179731844284e-07,0.001156381331384182,1.9604875944878586e-07,0.00010984630353050306,0.9987323880195618,5.539587277780811e-07
ISIC_0025978,nv,nv,0.00104636384639889,0.00021194123837631196,0.01369080226868391,0.004472298547625542,0.39131972193717957,0.5890640616416931,0.0001947569689946249
ISIC_0025786,nv,nv,3.6037647078046575e-05,0.011777812615036964,0.01904366910457611,7.47145531931892e-05,0.08606775850057602,0.8829642534255981,3.580476914066821e-05
ISIC_0025525,nv,nv,0.025123223662376404,0.0034161752555519342,0.1943199336528778,0.001969211036339402,0.005967354401946068,0.7688872814178467,0.00031674388446845114
ISIC_0027847,nv,nv,1.335920956080372e-06,4.549832283373689e-06,0.005766633898019791,5.804859597446921e-07,0.01822962611913681,0.97597336769104,2.3884977053967305e-05
ISIC_0028780,nv,nv,2.0357016182970256e-05,9.586275700712577e-05,0.005013469140976667,7.160809218476061e-06,0.014920217916369438,0.9799327850341797,1.0107676644111052e-05
ISIC_0031988,nv,nv,6.6973632783629e-05,4.03827361878939e-05,0.0010042509529739618,0.00020969986508134753,0.020858047530055046,0.9770010113716125,0.0008196743438020349
ISIC_0029662,nv,nv,0.0009041683515533805,7.07787403371185e-05,0.004945759195834398,0.0002569591160863638,0.005792129319161177,0.9879541397094727,7.602074038004503e-05
ISIC_0025001,nv,nv,5.268373115541181e-07,1.358235749648884e-06,3.729418313014321e-05,5.731230339733884e-05,0.3237398564815521,0.6761598587036133,3.857853698718827e-06
ISIC_0028500,nv,nv,5.402193892223295e-08,3.099511900472862e-07,5.429853899840964e-06,3.652707647461284e-08,0.0017970448825508356,0.9981970191001892,1.4115661883806752e-07
ISIC_0025262,nv,nv,3.584637624953757e-06,0.034860167652368546,2.6049774533021264e-05,2.9566112971224356e-06,0.3648098409175873,0.600292444229126,4.965578682458727e-06
ISIC_0029348,nv,nv,5.694548832479995e-09,8.116863292606524e-10,8.365281973965466e-05,1.4996070163419972e-08,0.00017513285274617374,0.9997411370277405,1.0936703631614364e-07
ISIC_0030429,nv,bcc,9.99380800337235e-10,0.9960817694664001,1.0705854037951212e-05,4.075069455211633e-07,1.1979859948496596e-07,0.003876699134707451,3.0336910640471615e-05
ISIC_0030899,nv,nv,3.113959534672972e-09,3.81228595358607e-08,1.2754315321217291e-05,5.761998878028862e-08,0.001040743780322373,0.9989411234855652,5.370246071834117e-06
ISIC_0032641,nv,nv,2.675786536787683e-10,1.0199732614069035e-08,1.5122643048925966e-07,1.3497322148836588e-09,5.598669190476357e-07,0.9999992847442627,1.1381954406752826e-10
ISIC_0032717,nv,nv,3.1162591085376334e-07,7.725256523372082e-07,0.0010711472714319825,5.284127837512642e-07,0.0028689964674413204,0.9960445165634155,1.3805060916638467e-05
ISIC_0032651,nv,nv,1.0671714335330762e-05,5.589219199464424e-06,0.0004174855421297252,4.716137937066378e-06,0.003557107876986265,0.9960009455680847,3.4016461540886667e-06
ISIC_0033503,nv,nv,4.4334523408906534e-05,3.5632267554319697e-06,0.12035005539655685,9.54233428274165e-07,0.14802990853786469,0.731564462184906,6.7214532464277e-06
ISIC_0033795,nv,mel,5.2118339226581156e-05,8.402212188229896e-06,0.026654385030269623,1.2324185263423715e-06,0.7575092911720276,0.21576860547065735,5.970300662738737e-06
ISIC_0033100,nv,nv,0.0012812778586521745,0.0036350174341350794,0.13117994368076324,3.7862726003368152e-06,0.0013401495525613427,0.8625426888465881,1.7147565813502297e-05
ISIC_0033388,nv,nv,1.9196540961274877e-06,2.1338182705221698e-06,0.00030329442233778536,3.2979266961774556e-06,0.0001825691433623433,0.9994924068450928,1.4334615116240457e-05
ISIC_0032811,nv,nv,6.046781777513388e-07,1.6202200470161188e-07,0.00011133376392535865,4.0258012745653105e-07,0.00010713021038100123,0.9997794032096863,1.058577709045494e-06
ISIC_0033370,nv,nv,5.117988521874395e-08,4.801397039955191e-07,0.0006601908826269209,8.022932540541206e-09,0.00025328228366561234,0.9990856647491455,3.244443576022604e-07
ISIC_0033521,nv,nv,0.00021072992240078747,0.00023075637000147253,0.0704205334186554,1.4792022739129607e-05,0.0032688300125300884,0.9257861971855164,6.813752406742424e-05
ISIC_0032623,nv,nv,5.31750702066347e-05,1.8230395653517917e-05,0.014264593832194805,4.726420229417272e-06,0.0008674637647345662,0.9847630858421326,2.8816479243687354e-05
ISIC_0032821,nv,nv,2.794988063214987e-08,4.7846469897194766e-08,1.5542320852546254e-06,1.61833185075011e-07,0.001391633995808661,0.9985857009887695,2.097903416142799e-05
ISIC_0034133,nv,nv,5.4487147281179205e-05,5.168558709556237e-05,0.00167465943377465,5.0848087994381785e-05,0.1893012374639511,0.8088592290878296,7.882536010583863e-06
ISIC_0034152,nv,mel,1.6697093087714165e-05,0.14634400606155396,0.02502855658531189,5.190824595047161e-05,0.5190616846084595,0.3094223439693451,7.478408952010795e-05
ISIC_0034020,nv,nv,0.00013827343354932964,0.00014445798296947032,0.040786802768707275,0.0266064815223217,0.0006304294220171869,0.931458055973053,0.00023543635325040668
ISIC_0034273,nv,nv,3.301958884094347e-08,4.390793861830389e-08,8.910529203376427e-08,6.37633661426662e-07,0.000492143037263304,0.9995070695877075,2.9529324763188924e-08
ISIC_0033633,nv,mel,2.587005110399332e-05,0.00015705150144640356,0.1056685745716095,1.0222322543995688e-06,0.6630310416221619,0.2309504598379135,0.0001659963745623827
ISIC_0032948,nv,nv,2.7192723450752965e-07,1.1731773241763221e-07,0.0002473189670126885,1.5811198181836517e-06,0.0003490628150757402,0.9994010925292969,5.287674866849557e-07
ISIC_0033657,nv,nv,5.4554820962948725e-06,9.556533768773079e-06,0.00014228410145733505,4.308765255700564e-06,0.38169822096824646,0.6181320548057556,8.121128303173464e-06
ISIC_0033837,nv,mel,0.0012156718876212835,0.0002473716449458152,0.0006520390161313117,0.001937387278303504,0.8445342779159546,0.15027450025081635,0.0011386869009584188
ISIC_0032612,nv,nv,5.809448566651554e-08,1.5285021248701014e-08,9.044975968208746e-07,1.0104194103632835e-07,0.000671231304295361,0.9993276596069336,4.1460172184315525e-08
ISIC_0034039,nv,nv,1.0933140401903074e-06,5.93769016177248e-07,1.665389572735876e-05,6.825895980000496e-05,0.031165745109319687,0.9687299132347107,1.7775464584701695e-05
ISIC_0033071,nv,nv,0.00018248092965222895,0.0044604456052184105,0.34935426712036133,0.009163855575025082,0.04442816227674484,0.4548979699611664,0.13751289248466492
ISIC_0034086,nv,mel,9.412943882125546e-07,1.569934511280735e-07,0.0001142745022661984,1.4947910642604256e-07,0.9612037539482117,0.03868023306131363,5.506646516550973e-07
ISIC_0033242,nv,nv,0.0004227623576298356,0.013832527212798595,0.07755420356988907,3.159850530209951e-05,0.08469205349683762,0.8221448659896851,0.0013219648972153664
ISIC_0032961,nv,nv,9.349769243272021e-07,4.853687300965248e-07,0.0005276162992231548,4.1112292592515587e-07,0.0922136902809143,0.9072467684745789,1.0103733075084165e-05
ISIC_0034112,nv,nv,7.3685022528025e-08,1.567688059367356e-07,7.132939208531752e-05,4.913070839052125e-08,0.002260231412947178,0.9976676106452942,6.136265824352449e-07
ISIC_0033838,nv,nv,2.9121807187948434e-08,3.41016956895146e-08,1.2877648032372235e-06,4.4745107175003795e-08,0.0059113227762281895,0.9940871000289917,2.3556999906304554e-07
ISIC_0033990,nv,nv,1.1949316558457213e-06,2.008615865634056e-06,0.00011459807865321636,3.568979082047008e-06,0.0015085090417414904,0.9983648657798767,5.259394583845278e-06
ISIC_0034157,nv,nv,9.54624169935414e-07,0.002226300770416856,2.2534130039275624e-05,3.75727322534658e-05,0.00036787320277653635,0.9972817897796631,6.307310832198709e-05
ISIC_0032770,nv,nv,0.00031512766145169735,0.006753216963261366,0.03309734910726547,0.0007128452998585999,0.0039235311560332775,0.9550694227218628,0.00012855221575591713
ISIC_0034184,nv,nv,9.995636673920671e-07,2.988553387694992e-05,0.0012718054931610823,5.614187830360606e-05,2.2233138224692084e-05,0.9986177682876587,1.1755431614801637e-06
ISIC_0033385,nv,bkl,2.447039378239424e-06,3.22240083505676e-07,0.862621009349823,7.241174415639762e-08,0.029741043224930763,0.10763499140739441,1.718223927582585e-07
ISIC_0033849,nv,mel,0.001112288562580943,3.006480255862698e-05,0.03144652023911476,0.0004627760499715805,0.7454407215118408,0.2215002030134201,7.4283793765062e-06
ISIC_0032885,nv,nv,2.817447963820996e-08,2.668484171408636e-07,9.156742635241244e-07,2.9890225050621666e-07,0.00017932886839844286,0.9998133778572083,5.757200142397778e-06
ISIC_0032859,nv,nv,6.29983696853742e-05,0.0005838598590344191,0.002509669167920947,0.00014524911239277571,0.014810318127274513,0.981804370880127,8.347901894012466e-05
ISIC_0033138,nv,nv,6.720490275391455e-10,6.630732229950809e-08,4.3190411247451266e-07,5.434343464116864e-08,2.6655832698452286e-05,0.9999728202819824,2.424504152997997e-08
ISIC_0032728,nv,nv,2.4585173896696233e-09,4.601131564641037e-08,5.836470791109605e-07,3.359052698215237e-07,5.6774529184622224e-06,0.9999926090240479,7.216349899863417e-07
ISIC_0034044,nv,nv,3.437795896843454e-07,8.261780948259911e-08,1.0110991297551664e-06,7.632359029230429e-07,0.03469449654221535,0.9653030633926392,1.395165867279502e-07
ISIC_0033763,nv,nv,3.821169593720697e-05,0.00019079101912211627,0.001987817930057645,3.485724300844595e-05,0.0828908234834671,0.9115113615989685,0.0033460480626672506
ISIC_0033069,nv,nv,7.717551966379688e-07,3.139440195809584e-06,0.00347882229834795,2.428645075269742e-06,0.004328165668994188,0.9921780228614807,8.555403837817721e-06
ISIC_0032735,nv,nv,9.371004853164777e-05,3.688766446430236e-05,0.002822912996634841,6.99132215231657e-05,0.47522932291030884,0.5211081504821777,0.0006391034694388509
ISIC_0032546,nv,nv,0.002232941798865795,0.012663955800235271,0.01908346638083458,0.00012414019147399813,0.43846848607063293,0.5273116827011108,0.00011537860700627789
ISIC_0033958,nv,nv,1.470844040341035e-06,1.3840412975696381e-05,8.097101817838848e-05,4.475349669519346e-06,0.004635810386389494,0.9950730204582214,0.0001903783850139007
ISIC_0033016,nv,nv,3.0192109079507645e-06,7.330158405238762e-05,0.0046375771053135395,1.5429683344336809e-06,0.2940581142902374,0.7011919021606445,3.466070120339282e-05
ISIC_0026810,nv,nv,1.2890818652522285e-06,7.287800372068887e-07,0.0007919133058749139,1.0233195979481025e-07,0.012783784419298172,0.9864205121994019,1.6244458720393595e-06
ISIC_0033351,nv,nv,0.00019887999224010855,8.146528125507757e-05,7.034308509901166e-05,0.0004268299962859601,0.004906930960714817,0.994297206401825,1.845746737672016e-05
ISIC_0033131,nv,nv,0.0008743154467083514,2.1590917640423868e-06,0.0004242316063027829,0.01829349622130394,0.0013973306631669402,0.9790034890174866,4.926488145429175e-06
ISIC_0032683,nv,nv,1.4262742524806526e-06,3.5352792338017025e-07,0.009994945488870144,1.1785377864725888e-06,0.013564112596213818,0.9764330983161926,4.871639703196706e-06
ISIC_0032971,nv,nv,1.0741249525381136e-06,7.701564754825085e-06,0.0009403165313415229,1.9171213352819905e-05,0.08520688861608505,0.9079289436340332,0.005895982962101698
ISIC_0034224,nv,nv,1.903802626657125e-08,1.0037469877488547e-07,1.3793237663151103e-08,1.526181989675024e-07,0.0006618298939429224,0.9993377327919006,1.1853112624748974e-07
ISIC_0032587,nv,nv,7.761394954286516e-05,2.5239818569389172e-05,1.283762412640499e-05,0.004122264217585325,0.009440749883651733,0.9862799644470215,4.1300612792838365e-05
ISIC_0034300,nv,nv,5.879512343653914e-08,1.599839691834859e-07,2.930939444922842e-06,5.4352337741647716e-08,0.0033466878812760115,0.9966498017311096,3.628480556017166e-07
ISIC_0032609,nv,nv,8.13889637356624e-05,7.594870839966461e-05,0.0003478059370536357,6.342285632854328e-05,0.006097696255892515,0.9932199120521545,0.00011382109369151294
ISIC_0033729,nv,nv,0.0004921353538520634,3.2579555409029126e-05,0.005576241295784712,7.21640171832405e-05,0.2853934168815613,0.7082698345184326,0.00016352738020941615
ISIC_0034307,nv,nv,1.3665522828887333e-06,1.9722824262657923e-08,1.2232587323524058e-05,1.509194703430694e-06,0.011576177552342415,0.9884081482887268,5.610914399767353e-07
ISIC_0032822,nv,nv,3.6235051084076986e-05,5.3676074458053336e-05,0.003487710142508149,8.50241667649243e-06,0.2704601585865021,0.7258814573287964,7.229135371744633e-05
ISIC_0033976,nv,nv,0.004503638483583927,0.0006888789357617497,0.0008085154113359749,0.0004410048422869295,0.1887584626674652,0.804620623588562,0.00017882366955745965
ISIC_0034314,nv,nv,2.2580214087408734e-10,2.3657915626529302e-09,4.584125861128996e-07,5.1653580718236114e-11,0.000128341416711919,0.9998711347579956,8.042130517083024e-09
ISIC_0033983,nv,nv,6.442044195864582e-07,3.206173460057471e-08,0.00024721978115849197,4.575922218919004e-08,2.739200681389775e-05,0.9997245669364929,1.8717634020504192e-07
ISIC_0032541,nv,nv,0.0008484093123115599,1.0819002454809379e-05,0.304332971572876,6.549240424646996e-06,0.0015046712942421436,0.693295419216156,1.2492973837652244e-06
ISIC_0034190,nv,vasc,5.1389413613378565e-08,0.00021617261518258601,8.00665293354541e-05,1.3011916735194973e-06,4.389263267512433e-05,0.0016318811103701591,0.9980266690254211
ISIC_0033961,nv,nv,6.105041450155113e-08,3.3677572730539396e-08,1.1785626838900498e-06,6.468422242278393e-08,0.0013798933941870928,0.9986149072647095,3.88256603400805e-06
ISIC_0033743,nv,nv,0.01229703240096569,0.18586820363998413,0.21020717918872833,0.014571069739758968,0.012889353558421135,0.4889835715293884,0.07518360018730164
ISIC_0034149,nv,mel,0.009800108149647713,1.7651696907705627e-05,0.2125001847743988,3.072342587984167e-05,0.39219412207603455,0.3854278326034546,2.9362383429543115e-05
ISIC_0033887,nv,nv,3.7826630716608634e-10,1.5241690132228314e-09,3.224611244689868e-09,3.9304298704578855e-10,0.00011200680455658585,0.9998879432678223,1.831883977843063e-08
ISIC_0034073,nv,nv,5.533698640647344e-05,0.0007801374304108322,0.017937833443284035,0.0006828564801253378,0.02421693317592144,0.9559478759765625,0.0003790403134189546
ISIC_0033107,nv,nv,0.0076155210845172405,7.662702410016209e-05,0.002921481616795063,0.001150989904999733,0.02234227955341339,0.965857744216919,3.524282874423079e-05
ISIC_0034078,nv,nv,6.221397175210086e-09,4.888696025773243e-07,3.551745066943113e-07,4.220455096515252e-08,0.00020133198995608836,0.9997977614402771,1.3294931022755918e-07
ISIC_0033658,nv,mel,5.87032554903999e-05,4.2162409954471514e-05,0.02604929357767105,4.0823844756232575e-05,0.7054899334907532,0.2640461027622223,0.004272932652384043
ISIC_0032908,nv,nv,2.56782859651139e-05,9.139492249232717e-06,0.04331984370946884,1.3601895716419676e-06,0.08517763763666153,0.8714633584022522,2.9727950732194586e-06
ISIC_0034203,nv,bcc,0.000573286204598844,0.9072609543800354,0.000620619859546423,0.01850474625825882,0.011249964125454426,0.05561573803424835,0.006174762267619371
ISIC_0033188,nv,nv,2.1523371973586336e-09,1.5302865918886965e-10,2.12394843401853e-06,4.4026735035451736e-10,6.727071740897372e-05,0.9999306201934814,6.397150364989557e-09
ISIC_0034232,nv,nv,5.826972824252152e-07,3.2686355666555755e-07,4.010747716165497e-07,6.186864425217209e-07,0.0002794128959067166,0.9997181296348572,4.668767701332399e-07
ISIC_0033649,nv,nv,7.681516581214964e-05,8.978346158983186e-06,0.04654378071427345,2.4581120669608936e-05,0.0011247951770201325,0.9521933197975159,2.771587242023088e-05
ISIC_0032820,nv,nv,2.0988919047226773e-08,8.96282825735284e-10,1.529508040221117e-06,7.323669226622087e-09,9.143550414592028e-05,0.9999070167541504,2.1584211751246585e-08
ISIC_0032813,nv,mel,5.967917331872741e-06,2.552684009060613e-06,8.10847122920677e-05,1.5635509953426663e-06,0.8786031603813171,0.12128851562738419,1.7137688701041043e-05
ISIC_0033194,nv,nv,2.80977769762103e-06,0.0009414217201992869,0.0018453625962138176,0.00016595469787716866,0.0020502074621617794,0.9946516156196594,0.0003426310431677848
ISIC_0032620,nv,nv,2.1427189267342328e-07,0.016940906643867493,0.030501091852784157,3.2918344459176296e-06,6.485710036940873e-05,0.9471221566200256,0.005367457401007414
ISIC_0030420,nv,nv,3.774089663011182e-08,1.6902372408367228e-06,0.001727545284666121,3.074888184073643e-07,0.014912204816937447,0.9833555817604065,2.617536210891558e-06
ISIC_0033711,nv,nv,2.0757540131199903e-09,4.083977600544131e-08,2.1120270332630753e-07,3.8355398856992906e-08,0.00018891211948357522,0.9998108744621277,2.237912077873716e-08
ISIC_0034084,nv,nv,0.00031020244932733476,0.012844268232584,0.005056151654571295,4.2314593883929774e-05,0.00024048321938607842,0.9814785718917847,2.7929458155995235e-05
ISIC_0032625,nv,nv,5.662632247549482e-07,9.482201335231366e-07,0.0016493996372446418,5.672931365552358e-06,0.00022955017630010843,0.9981105327606201,3.3341366361128166e-06
ISIC_0032974,nv,nv,2.316840982530266e-05,0.009956426918506622,0.01307197567075491,0.0027961768209934235,0.06133473291993141,0.8227902054786682,0.0900273248553276
ISIC_0032650,nv,nv,2.3706958174329884e-08,3.578505491930173e-09,4.5849752439153235e-08,1.0901902713911227e-09,4.971713860868476e-05,0.9999501705169678,1.2797191750735237e-08
ISIC_0032769,nv,nv,0.01730806939303875,0.00020258169388398528,0.04585549980401993,7.6308824645821e-05,0.025042742490768433,0.9114959836006165,1.8856262613553554e-05
ISIC_0033922,nv,nv,6.4265796027029864e-06,4.249336416251026e-05,4.837470987695269e-05,1.2751645044772886e-05,0.003364735282957554,0.9965208768844604,4.389360583445523e-06
ISIC_0033075,nv,nv,4.5175114792073146e-05,0.0001272627414437011,0.0014412007294595242,5.2964987844461575e-06,0.05705517157912254,0.9413058161735535,2.0066685465280898e-05
ISIC_0032574,nv,nv,8.390281436732039e-05,0.0006744333659298718,0.0020396627951413393,2.1551824829657562e-05,0.0006499891169369221,0.996512234210968,1.8387232557870448e-05
ISIC_0033661,nv,nv,1.2482920510592521e-06,0.0009026210755109787,0.0007034559384919703,8.589791832491755e-05,0.0014050856698304415,0.9952481389045715,0.0016535109607502818
ISIC_0033116,nv,nv,1.5277778402378317e-06,9.703119303594576e-07,3.7419067666633055e-05,0.00011141320283059031,0.00752112315967679,0.9923273921012878,1.7596568113731337e-07
ISIC_0033876,nv,nv,0.0004494733875617385,3.1171930459095165e-06,0.001200663624331355,0.001238279975950718,0.0016987547278404236,0.9954060316085815,3.7662539398297668e-06
ISIC_0031482,nv,nv,1.961973794095684e-06,3.118823087788769e-06,0.0005809983122162521,0.0004180959949735552,0.0005393917672336102,0.998124897480011,0.0003315309586469084
ISIC_0033433,nv,nv,0.0006225815159268677,3.9449903852073476e-05,0.13882532715797424,2.5906050723278895e-05,0.2408369928598404,0.619457483291626,0.00019221665570512414
ISIC_0034127,nv,nv,5.933955549153325e-07,3.4189590678579407e-06,3.2790332625154406e-05,5.029965450376039e-06,0.05671921744942665,0.9432010054588318,3.800006743404083e-05
ISIC_0033111,nv,nv,3.9899761272721435e-10,6.412527731036732e-10,8.491615517414175e-06,2.6187287893719713e-09,0.0002609361836221069,0.9997305274009705,2.0262588051878083e-08
ISIC_0034251,nv,nv,2.090755970129976e-06,0.00025534722954034805,4.409541725181043e-05,5.102466093376279e-05,0.0003810101479757577,0.9985010623931885,0.0007653348729945719
ISIC_0033721,nv,nv,0.0002496584493201226,6.057328573660925e-05,0.0005072056083008647,3.9770497096469626e-05,0.2196400910615921,0.779025137424469,0.00047762366011738777
ISIC_0032565,nv,mel,6.60678488202393e-05,0.00038346872315742075,0.009804504923522472,8.109282498480752e-05,0.7619361281394958,0.22769391536712646,3.4885368222603574e-05
ISIC_0034261,nv,nv,6.059747903464086e-08,1.095406521045561e-08,2.8454425660129345e-07,4.343097970149756e-08,0.00019770134531427175,0.9998019337654114,3.5732231395968483e-08
ISIC_0033939,nv,nv,1.7883843611343764e-05,2.251533805974759e-05,3.9945272874319926e-05,1.0383821972936857e-05,0.0013148823054507375,0.9985859394073486,8.55597772897454e-06
ISIC_0032772,nv,nv,1.4256258396017074e-07,1.2337905900494661e-05,0.00018933787941932678,5.85303666866821e-07,0.00020549002510961145,0.9995902180671692,1.8289424588147085e-06
ISIC_0032593,nv,nv,3.8700576077133064e-09,5.244683354277413e-09,5.841533834427537e-07,1.741529942478337e-08,0.01995016448199749,0.9800491333007812,1.718528608307679e-07
ISIC_0031290,nv,nv,2.29707757171127e-06,2.8727522476401646e-06,0.00026143938885070384,1.2817330343750655e-06,0.0022624474950134754,0.997459352016449,1.038345908455085e-05
ISIC_0032657,nv,nv,2.1204841971211863e-07,4.766305892189848e-07,3.34396588641539e-07,5.136578806741454e-07,0.0016106754774227738,0.9983878135681152,4.758545557592697e-08
ISIC_0032605,nv,nv,8.933802746469155e-07,3.035355291558517e-07,8.413314390054438e-06,1.1925853868888225e-05,0.0017367961117997766,0.9982407093048096,9.258208137907786e-07
ISIC_0033771,nv,nv,9.930049600370694e-07,1.1772937114074011e-07,6.75297030738875e-07,7.487746188417077e-06,0.0002856513892766088,0.999704897403717,1.6738972874463798e-07
ISIC_0033102,nv,nv,1.1330923178898278e-11,1.4616602372896637e-09,7.391760448172136e-08,4.564681271856941e-11,0.0003299170348327607,0.9996700286865234,9.766203845629207e-09
ISIC_0033564,nv,nv,1.3322905279000707e-11,8.374256843524108e-11,5.929492090217536e-06,3.7404301878041224e-11,3.222918894607574e-05,0.9999618530273438,2.098702722719281e-08
ISIC_0032627,nv,nv,5.4960016572513926e-12,1.936927007673006e-10,8.156887361110421e-07,8.56142240435176e-11,8.867509677656926e-07,0.9999978542327881,4.164839708664658e-07
ISIC_0032380,nv,nv,5.340723774338585e-08,1.5667633590510377e-07,0.00014559361443389207,4.743248609884176e-06,0.00010330180521123111,0.9997442364692688,1.9255819552199682e-06
ISIC_0028591,nv,nv,7.5056406785734e-05,1.1220103260711767e-05,0.001046383404172957,5.150908691575751e-06,0.1837349236011505,0.8151026964187622,2.457487971696537e-05
ISIC_0033792,nv,nv,8.353386871107205e-10,2.5191328134610558e-08,1.1510624972288497e-05,1.8719498839914195e-08,0.0004211580671835691,0.9995643496513367,2.959781340905465e-06
ISIC_0034122,nv,nv,8.292798980846783e-08,1.1789479685830884e-05,0.00039002057746984065,4.936313780490309e-05,0.0015631293645128608,0.9973873496055603,0.0005982625880278647
ISIC_0034247,nv,nv,3.5030057006224524e-06,5.046342994319275e-05,0.149978369474411,5.0062310037901625e-05,0.14823369681835175,0.6754646897315979,0.026219189167022705
ISIC_0034191,nv,nv,6.726973424520111e-06,3.246363121434115e-06,0.0007679094560444355,0.00012030208017677069,8.52307948662201e-06,0.9990919828414917,1.4063153912502457e-06
ISIC_0034033,nv,nv,1.3286132798384642e-06,2.4914752927429618e-08,0.027615360915660858,1.5107376384548843e-05,1.7683600162854418e-05,0.972350537776947,8.32121003213615e-08
ISIC_0032752,nv,nv,2.6451523808646016e-05,8.644948138680775e-06,0.003366725519299507,7.456968887709081e-06,0.007071477361023426,0.9894894957542419,2.9806293241563253e-05
ISIC_0033794,nv,nv,2.4654766093590297e-05,1.5978117517079227e-05,0.08566316962242126,1.1917604751943145e-05,0.0016752439551055431,0.9125306606292725,7.828084198990837e-05
ISIC_0032539,nv,nv,9.654051609686576e-06,0.00025181984528899193,0.0015529743395745754,1.6420528481830843e-05,0.0005832641036249697,0.9975072741508484,7.857648597564548e-05
ISIC_0033277,nv,nv,1.883615041720077e-09,5.8984529260897034e-08,3.7972552036080742e-06,1.1623250806280794e-08,2.842330104613211e-07,0.9999958276748657,4.168206402255237e-08
ISIC_0033448,nv,nv,3.840063378390823e-09,5.540269398807141e-07,2.003682493523229e-05,2.4462224246235564e-07,1.8775407397697563e-06,0.9999772310256958,6.389207385382178e-08
ISIC_0033036,nv,nv,5.926351605012314e-07,4.718970814110435e-08,1.0864791022413556e-07,8.41255882733094e-07,0.00015691586304455996,0.9998407363891602,7.991923212102847e-07
ISIC_0033861,nv,nv,9.071836757357232e-06,1.2953830719197867e-06,0.0003311250766273588,1.3979669347463641e-05,0.028482139110565186,0.9711544513702393,7.907346116553526e-06
ISIC_0033147,nv,nv,1.8467738982508308e-06,1.6036666465879534e-06,0.009521299041807652,6.721391400787979e-06,0.013856811448931694,0.9765918850898743,1.9751969375647604e-05
ISIC_0033740,nv,nv,9.818681974138599e-06,0.0007445369265042245,0.0026157747488468885,3.855635804939084e-05,0.0029907934367656708,0.9935603141784668,4.016812454210594e-05
ISIC_0033153,nv,nv,5.2027473429916427e-05,0.0003150221018586308,0.04752795025706291,0.000273069686954841,0.02741885371506214,0.9243580102920532,5.510299524758011e-05
ISIC_0032848,nv,nv,1.5100896462172386e-06,6.936526187928393e-05,0.0005980374990031123,0.0003028929641004652,0.0033561266027390957,0.9608488082885742,0.034823227673769
ISIC_0033656,nv,nv,3.1901284391899765e-10,8.36689773020538e-10,5.149336246290659e-08,6.631404403378838e-08,2.1264574456836272e-07,0.9999996423721313,2.252810160641161e-09
ISIC_0029775,nv,mel,0.0005961232236586511,0.00013692774518858641,0.006345793139189482,0.000306751171592623,0.9670007824897766,0.02336285449564457,0.00225071026943624
ISIC_0031460,nv,mel,0.00015500013250857592,6.525173375848681e-05,0.14961151778697968,5.768935807282105e-06,0.7160141468048096,0.1338999718427658,0.00024833911447785795
ISIC_0028540,nv,nv,1.4323022412554565e-07,8.577396570785822e-09,6.560691872437019e-06,1.6473398645189263e-08,0.00669285049661994,0.9933004379272461,4.2041197190201274e-08
ISIC_0029704,nv,nv,0.000779501860961318,0.0002804500109050423,0.02750014141201973,4.932470619678497e-05,0.014198350720107555,0.9570977091789246,9.454744576942176e-05
ISIC_0029809,nv,mel,2.6206042093690485e-05,1.0738718856373453e-06,0.0011527773458510637,6.685583997523281e-08,0.854436993598938,0.14438219368457794,7.396241130663839e-07
ISIC_0028538,nv,nv,1.6241288869345283e-10,2.3898103496122758e-09,9.466479968978092e-05,2.4513795437997032e-08,1.6972609955701046e-05,0.9998883008956909,3.188073449678086e-08
ISIC_0031796,nv,nv,2.843836227839347e-05,0.00017339059559162706,0.4811842739582062,0.003531076479703188,0.00028068284154869616,0.514693021774292,0.00010912896686932072
ISIC_0026328,nv,nv,0.00012860105198342353,2.0398775291141646e-07,0.0002513749641366303,7.100953212102468e-07,0.003926565870642662,0.9956910014152527,1.4667481309516006e-06
ISIC_0027567,nv,nv,1.007728087643045e-06,2.793889507302083e-06,8.904677088139579e-05,6.625845827556986e-08,0.004204278811812401,0.995701014995575,1.6760354810685385e-06
ISIC_0027942,nv,nv,1.2325351406161644e-08,4.110580675842357e-07,3.6856917517980037e-07,8.071385195762559e-07,0.0023160376586019993,0.9976807832717896,1.626122866582591e-06
ISIC_0030264,nv,nv,1.1868692140204473e-10,2.097349627305789e-09,5.5624024497547e-08,3.3047978575950765e-08,1.6141714240802685e-06,0.9999983310699463,8.460609102201033e-09
ISIC_0027052,nv,vasc,3.1881192796845426e-08,0.0002125917817465961,0.0001710138312773779,9.30947862798348e-06,0.0017340887570753694,0.26264679431915283,0.7352260947227478
ISIC_0028894,nv,mel,0.00015694952162448317,6.007279080222361e-05,0.030411122366786003,0.000286395923467353,0.6737909317016602,0.2951154112815857,0.00017910462338477373
ISIC_0025208,nv,nv,3.0049911856622202e-06,5.756081918661948e-06,8.660285675432533e-05,1.3113193517710897e-06,0.02249053306877613,0.977408766746521,4.037788585264934e-06
ISIC_0030840,nv,nv,8.795606845524162e-05,1.5574900089632138e-06,0.008084758184850216,2.2737501694791717e-06,0.08941268175840378,0.90240478515625,5.999046607030323e-06
ISIC_0032291,nv,nv,7.306998099920747e-07,0.001856817863881588,7.607926363562001e-06,1.0952044249279425e-06,0.00019586140115279704,0.9979096055030823,2.819448127411306e-05
ISIC_0029566,nv,mel,0.0016721078427508473,0.0008489195606671274,0.02989155799150467,0.00014251559332478791,0.6453628540039062,0.32146066427230835,0.0006213781307451427
ISIC_0026841,nv,nv,4.3040479513756225e-10,9.216569907266603e-08,5.616326959057005e-08,3.877217213954509e-09,0.0002727844985201955,0.9997259974479675,9.957988140740781e-07
ISIC_0025945,nv,nv,1.1706604574612811e-09,9.747999030196297e-08,4.925319672111073e-07,1.9107536886053822e-08,0.0008561967988498509,0.9991409778594971,2.167514594475506e-06
ISIC_0031149,nv,nv,7.037439520019007e-10,5.2739419942327004e-08,6.519470474586342e-08,6.348760184238245e-09,0.0008880680543370545,0.9991052746772766,6.508866590593243e-06
ISIC_0031360,nv,nv,3.273966342476342e-08,3.950191285184701e-07,2.7967541882389924e-07,2.3775413637849852e-07,0.0037911084946244955,0.9962037205696106,4.2614283302100375e-06
ISIC_0032368,nv,nv,1.820451643652632e-06,2.980956708142912e-07,3.6426503356778994e-05,1.8032691286862246e-06,0.0008179620490409434,0.9991409778594971,5.972985377411533e-07
ISIC_0031905,nv,nv,1.151993728853995e-06,3.0107690690783784e-05,0.08434157818555832,7.481607553927461e-06,0.01747743785381317,0.8981026411056519,3.965666837757453e-05
ISIC_0025545,nv,nv,6.924332218716245e-09,1.6153775561633665e-07,7.007318345131353e-05,1.6475178199470975e-07,0.0011376870097592473,0.9987905621528625,1.4349740240504616e-06
ISIC_0024529,nv,nv,2.145430471500731e-06,5.106955995870521e-07,1.1053807611460797e-05,1.3219454331192537e-06,0.00021826064039487392,0.9997648596763611,1.8530340639699716e-06
ISIC_0024355,nv,nv,4.1663422711835096e-11,8.207930862758062e-11,1.4823751115500272e-09,1.5524182633841477e-11,3.7514967061724747e-06,0.9999963045120239,1.4342967091796055e-10
ISIC_0027423,nv,nv,7.67014626035234e-06,0.0011143198935315013,0.00431140186265111,2.023359775193967e-05,0.002945216838270426,0.972938060760498,0.018663061782717705
ISIC_0024587,nv,nv,3.5045733426386505e-08,3.6656035717896884e-07,0.00013180257519707084,3.5248405083621037e-07,0.001324091455899179,0.9984207153320312,0.0001226829190272838
ISIC_0031541,nv,nv,5.749440637123349e-13,9.295743552684144e-08,2.0851076421024572e-09,2.1128100657907822e-10,1.0535059935534719e-08,0.9999998807907104,3.7057938939710766e-09
ISIC_0027596,nv,nv,2.5439767480095465e-12,9.266251765893685e-08,5.477026832068077e-09,9.564122827043775e-10,5.485372511770947e-08,0.9999997615814209,1.1064805960359081e-08
ISIC_0031204,nv,nv,1.0827226333276485e-06,2.227872073490289e-06,0.0009265439584851265,3.599711817514617e-06,0.003628635313361883,0.9954240918159485,1.3847421541868243e-05
ISIC_0024694,nv,nv,9.548353219202e-09,3.889426380965233e-08,1.185832616101834e-06,2.6857961188397894e-07,0.00019927068206015974,0.9997987151145935,5.637134563585278e-07
ISIC_0025231,nv,nv,0.00038291767123155296,0.00035920742084272206,0.007647956721484661,3.336401641718112e-05,0.057655464857816696,0.9338789582252502,4.204258948448114e-05
ISIC_0027514,nv,nv,4.0028895753607685e-09,8.264893658349592e-09,4.130969500693027e-06,2.579915303613234e-08,1.3940493772679474e-05,0.9999818801879883,1.5364559402542e-08
ISIC_0029382,nv,nv,1.0346642511649407e-06,7.929831917863339e-05,0.00045118125854060054,1.0422164677947876e-06,0.0037131160497665405,0.9957504272460938,3.8186485653568525e-06
ISIC_0031811,nv,nv,3.67453711902499e-09,9.744385920384957e-08,6.778111583116697e-07,1.8565518900004463e-08,0.023879192769527435,0.9761199355125427,3.6622317622914125e-08
ISIC_0028390,nv,nv,3.6988023321277153e-13,6.123870507912521e-12,1.986500720863038e-11,1.5209722370457257e-11,1.983185484277783e-06,0.9999979734420776,1.7293205756274688e-09
ISIC_0029661,nv,nv,1.945626948440804e-08,1.8238775112422445e-07,0.02872426249086857,5.017976256738166e-09,0.0029957483056932688,0.9682797193527222,6.621496595471399e-08
ISIC_0028030,nv,nv,0.00119877012912184,8.213780529331416e-05,0.0004654612857848406,0.0001450120471417904,0.013045449741184711,0.9850260615348816,3.712497709784657e-05
ISIC_0026030,nv,nv,0.00024533295072615147,7.94145671534352e-05,5.9507525293156505e-05,4.0982009522849694e-05,0.05146665498614311,0.9480762481689453,3.1732110073789954e-05
ISIC_0032427,nv,nv,2.0814314893868868e-07,1.1151755643368233e-06,0.002095312112942338,8.42556528368732e-06,0.0018768792506307364,0.9959897398948669,2.8401407689671032e-05
ISIC_0031405,nv,nv,8.871069439919665e-05,1.0783710422401782e-05,0.001550258370116353,0.0005577207775786519,0.000986561644822359,0.9967774748802185,2.8410644517862238e-05
ISIC_0027897,nv,nv,7.57384732708033e-09,4.7499288484686986e-05,0.0008871935424394906,1.7725992051964568e-07,1.1388167877157684e-05,0.9990257024765015,2.803032475640066e-05
ISIC_0032184,nv,nv,1.3297208170115482e-06,4.6396908146562055e-06,0.00021634918812196702,2.3326135760726174e-06,0.0015544272027909756,0.9982200264930725,8.165948770511022e-07
ISIC_0031399,nv,nv,0.03180482238531113,0.006298343185335398,0.015101629309356213,7.516342157032341e-05,0.34454745054244995,0.6021280288696289,4.462238575797528e-05
ISIC_0030621,nv,nv,2.6618695301294792e-06,3.8128777646306844e-07,1.6479487385367975e-05,1.86180022865301e-06,0.0004233925719745457,0.9995549321174622,2.2871996918638615e-07
ISIC_0031510,nv,nv,0.008331567980349064,8.231101674027741e-05,0.05320374295115471,7.871670277381781e-06,0.4071456789970398,0.5312139391899109,1.4840767107671127e-05
ISIC_0031483,nv,nv,3.282487615052787e-10,0.0001587007864145562,9.41402447551809e-07,7.981783056720815e-08,2.259851953567704e-06,0.9998249411582947,1.305648129346082e-05
ISIC_0032274,nv,nv,0.00524177635088563,0.001549562904983759,0.008836198598146439,0.0006848438642919064,0.0010055426973849535,0.982475221157074,0.00020691253303084522
ISIC_0025518,nv,nv,7.451851706719026e-05,9.370993211632594e-05,0.000265598704572767,1.3168297300580889e-05,0.1068778783082962,0.8926528692245483,2.217604014731478e-05
ISIC_0025181,nv,nv,2.9402210202533752e-05,1.169608276541112e-05,0.0012381172273308039,8.249778147728648e-06,0.0010861014015972614,0.9976071119308472,1.9355305994395167e-05
ISIC_0031603,nv,nv,0.017059901729226112,0.002197876339778304,0.06044319272041321,4.775989873451181e-05,0.31626322865486145,0.6039772629737854,1.0828962331288494e-05
ISIC_0029867,nv,nv,0.07127700001001358,0.00043581557110883296,0.0056601944379508495,0.001187776098959148,0.23438523709774017,0.6868695020675659,0.0001844279031502083
ISIC_0027045,nv,nv,4.9896152631845325e-05,0.0007968407007865608,0.0007624375866726041,1.4379302228917368e-05,0.005408044438809156,0.9929094314575195,5.9078567574033514e-05
ISIC_0025742,nv,nv,4.768580402014777e-05,3.2440308132208884e-05,0.00012573832646012306,1.657862594584003e-05,0.014608481898903847,0.9851664900779724,2.6574518869892927e-06
ISIC_0031015,nv,nv,1.890480962174479e-05,0.002111396286636591,0.0014377511106431484,0.0006402054568752646,3.0747989512747154e-05,0.9957601428031921,8.949169796323986e-07
ISIC_0030842,nv,nv,5.024437541578664e-07,3.8763536736041715e-07,1.6665298971929587e-05,1.1035250508939498e-06,0.002702952129766345,0.9972781538963318,3.674007871268259e-07
ISIC_0028598,nv,nv,3.049282213396509e-06,1.6400403524130525e-07,3.0358871299540624e-05,2.8180966182844713e-07,0.004270154982805252,0.995695948600769,8.017875785526485e-08
ISIC_0026147,nv,nv,2.705476617848035e-05,5.045222678745631e-06,3.8813119317637756e-05,0.000337166158715263,6.445591134252027e-05,0.9995160102844238,1.1475959581730422e-05
ISIC_0025340,nv,nv,1.3550202626610997e-11,1.6968034616260397e-11,3.3524096920700686e-07,1.166880758685096e-10,0.00014794206072110683,0.9998517036437988,1.4629719657932583e-09
ISIC_0025657,nv,nv,3.587063872600993e-07,5.687173324986361e-05,6.188210682012141e-05,9.055836926563643e-06,6.87901338096708e-05,0.9998021721839905,9.529311455480638e-07
ISIC_0026615,nv,nv,7.738953513580782e-07,0.00033378906664438546,0.0006889010546728969,4.36998343502637e-05,0.0057393284514546394,0.9929712414741516,0.00022225435532163829
ISIC_0031934,nv,nv,0.0038005292881280184,0.015040254220366478,0.0200701542198658,0.011044945567846298,0.004648679401725531,0.9395955801010132,0.0057998234406113625
ISIC_0029583,nv,nv,3.4081513149430975e-05,7.537260557910486e-07,0.0001571839675307274,4.86127919430146e-06,2.845241760951467e-05,0.999774158000946,5.482213509822031e-07
ISIC_0029121,nv,nv,3.501692845020443e-05,6.69028992206222e-08,2.782576075333054e-06,4.706973655288493e-08,0.0428408607840538,0.9571211338043213,1.08048887170753e-07
ISIC_0031126,nv,bcc,1.5486060874536633e-05,0.7514371871948242,0.00030389323364943266,3.773700200326857e-06,1.4565355741069652e-05,0.24818922579288483,3.589597690734081e-05
ISIC_0025506,nv,nv,2.253619641123805e-06,1.0833850438984882e-07,1.4864049262541812e-05,3.973158300141222e-07,0.00015912683738861233,0.999823272228241,1.6979395667249264e-08
ISIC_0030796,nv,mel,1.3734995263803285e-05,1.4106334674579557e-05,0.0007123399991542101,4.0151800817511685e-07,0.8393900990486145,0.15984216332435608,2.7102185413241386e-05
ISIC_0029197,nv,nv,4.8020712739571536e-08,4.413184797158465e-06,1.8346407159697264e-05,4.714423482710117e-07,7.514297612942755e-05,0.9998947381973267,6.853603736090008e-06
ISIC_0028408,nv,nv,5.63545836484991e-05,0.0011108641047030687,0.0007569346344098449,6.767047307221219e-05,0.004050516989082098,0.9939017295837402,5.594862159341574e-05
ISIC_0026404,nv,bkl,0.17569461464881897,0.0010211654007434845,0.7758606672286987,0.00010216776718152687,0.001180895953439176,0.04611998796463013,2.0475064957281575e-05
ISIC_0029298,nv,nv,0.024474680423736572,0.0016911335987970233,0.1463695615530014,0.0008930083713494241,0.09762810170650482,0.728719174861908,0.00022432005789596587
ISIC_0024790,nv,nv,2.078601210087072e-05,2.487520396243781e-05,0.0001030365310725756,1.118757154472405e-06,0.006206562742590904,0.9936408400535583,2.858263542293571e-06
ISIC_0028551,nv,nv,0.12313372641801834,0.0039056178648024797,0.033056266605854034,0.000504720548633486,0.09052390605211258,0.7483580708503723,0.0005177407874725759
ISIC_0030962,nv,nv,2.4393029818270406e-08,1.278689182981907e-06,4.970164354745066e-06,1.2212426270252763e-07,9.205065794049005e-07,0.9997753500938416,0.00021730855223722756
ISIC_0025926,nv,mel,0.005252548027783632,0.004805848468095064,0.015032107010483742,7.03574696672149e-05,0.5827218890190125,0.3920903503894806,2.692237467272207e-05
ISIC_0026741,nv,nv,1.2752187785736169e-06,8.775075599487536e-08,0.00021566786745097488,2.631165898492327e-07,0.003960651345551014,0.9958189129829407,3.15611532641924e-06
ISIC_0032243,nv,nv,9.375574154546484e-05,1.7123777070082724e-05,5.715028601116501e-05,3.553538590495009e-06,0.033065032213926315,0.9667589664459229,4.326547241362277e-06
ISIC_0031363,nv,nv,9.922281606122851e-05,0.0001058851630659774,3.293315603514202e-05,6.147310341475531e-05,0.0028778978157788515,0.9968159794807434,6.65278457745444e-06
ISIC_0026398,nv,nv,0.023199260234832764,0.01848563738167286,0.0002881938708014786,2.817186395986937e-05,0.0009177397005259991,0.9570786952972412,2.323881744814571e-06
ISIC_0030416,nv,nv,0.0028360141441226006,0.00021596367878373712,0.0656687468290329,1.7081485566450283e-05,0.018211841583251953,0.9130483269691467,1.985764811252011e-06
ISIC_0031451,nv,nv,1.025380225172512e-08,1.365764205729647e-06,1.0614991907686999e-07,8.470793488868367e-08,8.123517909552902e-05,0.9999171495437622,1.2512832547884045e-08
ISIC_0030115,nv,mel,0.0003557679883670062,0.0002837268402799964,0.027907446026802063,4.54784731118707e-06,0.6340004205703735,0.3374444246292114,3.7463410080817994e-06
ISIC_0025784,nv,mel,0.017352815717458725,0.006079846527427435,0.0011039949022233486,0.0005397573113441467,0.6627379059791565,0.31200069189071655,0.0001850169792305678
ISIC_0027928,nv,nv,3.766292138607241e-05,3.380143425602e-06,0.0006827664328739047,1.89893053175183e-05,0.0036154096014797688,0.9956406354904175,1.2471002719394164e-06
ISIC_0027466,nv,nv,1.6772484059401904e-06,7.049199666653294e-06,5.9607860748656094e-05,1.4087801503137598e-07,0.004505509044975042,0.9954243302345276,1.8059198509945418e-06
ISIC_0026414,nv,mel,0.05084260180592537,0.00028781170840375125,0.02870202623307705,1.3558089449361432e-05,0.7690747380256653,0.15107285976409912,6.378792932082433e-06
ISIC_0024926,nv,nv,3.603211007430218e-05,0.0033234599977731705,0.0010827751830220222,0.0014927542069926858,0.03768952190876007,0.9561926126480103,0.0001829125394579023
ISIC_0026559,nv,nv,0.0013422867050394416,0.0007662479765713215,0.15904605388641357,0.00017023453256115317,0.04163322225213051,0.7970108985900879,3.106445728917606e-05
ISIC_0031708,nv,nv,6.170862616272643e-05,3.281104363850318e-05,0.00011508170427987352,0.00038979301461949944,0.37907981872558594,0.6202712655067444,4.948393689119257e-05
ISIC_0024356,nv,nv,5.3916122851660475e-05,0.0040186247788369656,0.002124616876244545,4.364878259366378e-05,0.013142439536750317,0.9805161952972412,0.00010055350139737129
ISIC_0031838,nv,nv,0.001229829271323979,0.0012945201015099883,0.00023687917564529926,4.6023538743611425e-05,0.10004756599664688,0.8970964550971985,4.8717753088567406e-05
ISIC_0030253,nv,mel,2.3547792807221413e-05,1.1536361625985592e-06,0.00026303992490284145,1.393090406054398e-05,0.9135758876800537,0.08611632883548737,6.1968826230440754e-06
ISIC_0029733,nv,nv,3.598944886107347e-06,0.07953222841024399,0.05273672193288803,9.932647117238957e-06,2.7378705453884322e-06,0.8677124381065369,2.315989831913612e-06
ISIC_0029054,nv,nv,0.0016885490622371435,2.3456655981135555e-05,0.044964008033275604,3.894814199156826e-06,0.4453311860561371,0.5079798102378845,9.137764209299348e-06
ISIC_0030069,nv,nv,2.881139880628325e-05,2.796332410071045e-06,3.872954403050244e-05,8.714110663277097e-06,0.010645108297467232,0.9892503023147583,2.5460036340518855e-05
ISIC_0025088,nv,nv,1.2445791242043924e-07,1.1006419242676202e-07,6.5137592173414305e-06,1.5936007002892438e-06,0.0001595554786035791,0.9998315572738647,5.822977868774615e-07
ISIC_0026786,nv,nv,6.142557595012477e-06,1.850252374424599e-05,0.0028552967123687267,6.888440839247778e-05,0.00015591917326673865,0.9534913301467896,0.04340387135744095
ISIC_0027461,nv,nv,2.704747146253794e-07,1.7438544830383762e-07,2.660172867763322e-06,3.8996191165097116e-07,0.00020886151469312608,0.9997870326042175,7.547226346105163e-07
ISIC_0026076,nv,nv,2.478125134075526e-05,1.8101800378644839e-06,3.1987769034458324e-05,1.6304024029523134e-05,0.002384049352258444,0.9975404739379883,6.807118211327179e-07
ISIC_0028441,nv,nv,0.04327008128166199,3.6399356758920476e-05,0.0004240747366566211,9.70633773249574e-05,0.006840812508016825,0.9493281245231628,3.3240733046113746e-06
ISIC_0030313,nv,nv,6.789542226215417e-07,2.0942850824212655e-05,3.949514211853966e-05,0.00019883521599695086,0.0007237466634251177,0.7579073309898376,0.24110892415046692
ISIC_0025579,nv,nv,1.95951201931166e-06,7.78568210080266e-06,5.8354871725896373e-05,1.8718988030741457e-06,0.029472939670085907,0.9704536199569702,3.5459274840832222e-06
ISIC_0032459,nv,vasc,6.477807801275048e-07,0.004239995498210192,0.000634913332760334,0.0013814205303788185,0.0005438061198219657,0.30846118927001953,0.684738039970398
ISIC_0025730,nv,nv,6.538964480995446e-09,7.795330020599067e-05,0.0001310679072048515,1.1399381882881698e-08,3.907717200490879e-06,0.999786913394928,2.080284531302823e-07
ISIC_0027066,nv,mel,9.737692744238302e-05,2.90218531517894e-06,0.0011396959889680147,6.637091587435862e-07,0.9780739545822144,0.02068077214062214,4.6258846850832924e-06
ISIC_0029465,nv,mel,0.007704758085310459,0.0017597932601347566,0.012355600483715534,0.0006325427093543112,0.5314769744873047,0.44420191645622253,0.0018683694070205092
ISIC_0025967,nv,nv,0.0005543160950765014,0.00024906263570301235,0.11238526552915573,2.4271777874673717e-05,0.07191279530525208,0.8148568272590637,1.7473237676313147e-05
ISIC_0027360,nv,nv,6.38260280538816e-06,0.009016640484333038,0.008606655523180962,3.4347406199231045e-06,0.001445517991669476,0.9809000492095947,2.1416213712655008e-05
ISIC_0029554,nv,nv,0.042524054646492004,0.3261561095714569,0.2153117060661316,0.0006195698515512049,0.051776230335235596,0.3635636866092682,4.8714075091993436e-05
ISIC_0024578,nv,nv,1.726921254885383e-07,2.4249907255580183e-06,3.2377862225985155e-05,1.265374294234789e-07,7.834224561520386e-06,0.9999569654464722,9.083345275939791e-08
ISIC_0025759,nv,nv,0.0005944056902080774,1.0129649581358535e-06,0.030074622482061386,8.404187610722147e-06,0.0003377733810339123,0.9689823389053345,1.3327750139069394e-06
ISIC_0031366,nv,nv,0.0008281957707367837,2.7068024792242795e-05,0.33701860904693604,7.034221198409796e-05,0.01403839886188507,0.6479610800743103,5.628992221318185e-05
ISIC_0028310,nv,bcc,0.0025511428248137236,0.5554736852645874,0.373273640871048,0.0008692658157087862,0.034193169325590134,0.025014277547597885,0.00862480141222477
ISIC_0028281,nv,bkl,1.4026926692167763e-05,0.023014193400740623,0.9695588946342468,9.547688023303635e-06,5.1754002925008535e-05,0.00734360096976161,7.935946086945478e-06
ISIC_0030598,nv,bkl,0.048405565321445465,0.0034478502348065376,0.7576064467430115,5.763587250839919e-05,0.038754817098379135,0.15165133774280548,7.635811198269948e-05
ISIC_0028205,nv,nv,8.966275345301256e-05,2.5807237761910073e-05,0.0011305970838293433,1.9887951566488482e-05,0.0013175355270504951,0.9974150657653809,1.427988536306657e-06
ISIC_0025936,nv,nv,1.440481696590723e-06,2.455152389302384e-05,0.0024695710744708776,7.098347850842401e-05,0.002327804919332266,0.9950227737426758,8.29726632218808e-05
ISIC_0025179,nv,bkl,0.00533431489020586,0.02456217259168625,0.6651098728179932,0.0006444701575674117,0.009701496921479702,0.29389870166778564,0.0007489792769774795
ISIC_0024441,nv,nv,0.003477820660918951,0.00017075557843782008,0.00156487082131207,0.0001468953414587304,0.09261489659547806,0.9019545912742615,7.02303514117375e-05
ISIC_0030534,nv,nv,0.0002757988404482603,0.00010624336573528126,0.0001603268028702587,0.00017864658730104566,0.010875561274588108,0.9883384704589844,6.490793020930141e-05
ISIC_0031314,nv,akiec,0.4354945719242096,8.928730676416308e-05,0.37151578068733215,5.935339504503645e-05,0.0038577637169510126,0.18894611299037933,3.717458457686007e-05
ISIC_0031121,nv,nv,2.306332862644922e-05,6.120946522969462e-07,0.00012383922876324505,1.166994366030849e-06,0.0006894473335705698,0.9991500377655029,1.1779932719946373e-05
ISIC_0031301,nv,mel,0.003170166164636612,0.04107137769460678,0.0006391160422936082,0.00036785355769097805,0.9439364075660706,0.010781490243971348,3.357520836289041e-05
ISIC_0024882,nv,nv,0.005680820904672146,0.1990373283624649,0.31338998675346375,0.0008379123755730689,0.013122106902301311,0.4661330580711365,0.0017987857572734356
ISIC_0026956,nv,nv,0.0049873236566782,0.19486869871616364,0.011766936630010605,0.0009032082161866128,0.022450676187872887,0.7641506791114807,0.0008724172948859632
ISIC_0031982,nv,nv,2.08998585549125e-06,3.7289148167474195e-05,0.0018444809829816222,2.237124817838776e-06,0.00015815977531019598,0.997954249382019,1.522769707662519e-06
ISIC_0029833,nv,nv,0.0002745600650086999,0.059242699295282364,0.21138882637023926,0.05963742360472679,0.2869029641151428,0.3789220154285431,0.0036315363831818104
ISIC_0028736,nv,nv,1.898303025882342e-08,1.9665094441734254e-07,9.65654180618003e-05,3.7107607653297237e-08,0.0004371793183963746,0.9994660019874573,6.200207280926406e-08
ISIC_0024447,nv,nv,3.2527643156754493e-07,2.7782675715570804e-07,6.477006536442786e-05,5.546726811189728e-07,0.0013362641911953688,0.998596727848053,1.0889801842495217e-06
ISIC_0027498,nv,nv,1.8918655086963554e-07,1.1263474334555212e-05,0.001986483344808221,8.230324965552427e-06,4.253008955856785e-05,0.9979453682899475,5.9266953940095846e-06
ISIC_0024657,nv,nv,0.0015863740118220448,0.06005445867776871,0.09805650264024734,0.00030807347502559423,0.04580375552177429,0.7940949201583862,9.602024510968477e-05
ISIC_0032279,nv,nv,0.000309285445837304,0.019879024475812912,0.01103846076875925,0.0002799350186251104,0.12915562093257904,0.8392310738563538,0.00010657772509148344
ISIC_0027922,nv,nv,7.881160854594782e-06,2.2022337361704558e-05,0.07790549844503403,2.7294026949675754e-06,0.0001609445025678724,0.921865701675415,3.5233606467954814e-05
ISIC_0027298,nv,mel,0.007513498887419701,5.112007420393638e-05,0.00012212044384796172,1.575723035784904e-05,0.6176936030387878,0.3745884597301483,1.5475125110242516e-05
ISIC_0032090,nv,bcc,3.083490446442738e-05,0.9693130850791931,0.00010466409003129229,0.00011208574869669974,2.4080318326014094e-05,0.030370645225048065,4.463611185201444e-05
ISIC_0026048,nv,akiec,0.9351996183395386,5.407122807810083e-05,0.009294132702052593,0.0006237532943487167,0.013867479749023914,0.04094795882701874,1.3059407137916423e-05
ISIC_0026753,nv,nv,6.894053399264521e-07,1.0262323968390774e-07,5.13813502038829e-05,1.240561005033669e-07,0.00521918386220932,0.9947283864021301,1.300373355661577e-07
ISIC_0025505,nv,nv,0.05493321269750595,0.11535879224538803,0.000506703625433147,0.000381550780730322,0.3471773564815521,0.481555312871933,8.695068390807137e-05
ISIC_0025517,nv,nv,3.2809205094963545e-06,1.2890427569800522e-06,2.588808911241358e-06,1.1506162991281599e-05,0.009991024620831013,0.9899896383285522,7.338176715165901e-07
ISIC_0031238,nv,bkl,0.07436788827180862,0.09050148725509644,0.4151037037372589,0.0019946841057389975,0.15222279727458954,0.21501658856868744,0.05079283192753792
ISIC_0026297,nv,mel,0.0036407613661140203,0.05387861281633377,0.014567422680556774,0.00015563200577162206,0.6561861038208008,0.27002960443496704,0.001541900564916432
ISIC_0030639,nv,nv,3.184094384778291e-05,0.4206365942955017,0.0003974366409238428,3.681601083371788e-05,0.0006826110184192657,0.5774631500244141,0.0007515692268498242
ISIC_0025165,nv,nv,5.123820301378146e-07,5.958531232863606e-07,6.0253864830883685e-06,1.2947425886977726e-07,0.00014954897051211447,0.9998430013656616,1.490508196866358e-07
ISIC_0025237,nv,bcc,0.1453147828578949,0.3604886829853058,0.25009816884994507,0.00067024992313236,0.03364565223455429,0.20852279663085938,0.0012596523156389594
ISIC_0029390,nv,nv,0.034017518162727356,0.05693596601486206,0.19110503792762756,1.266928120458033e-05,0.002630833303555846,0.7151837348937988,0.00011422490206314251
ISIC_0030663,nv,nv,9.180750026871465e-08,1.114280507863441e-06,0.0014007522258907557,4.163303302107124e-08,0.0017482938710600138,0.9968497157096863,3.868741416113153e-08
ISIC_0025422,nv,nv,1.644382450649573e-06,6.59603247186169e-05,3.88886546716094e-05,1.1563685120563605e-06,0.011344432830810547,0.988547682762146,1.467943917532466e-07
ISIC_0026665,nv,nv,4.3041040044045076e-05,7.913677109172568e-06,7.66093289712444e-05,0.0002523022412788123,3.843429294647649e-05,0.9995802044868469,1.5868645277805626e-06
ISIC_0027984,nv,nv,8.304541552206501e-07,3.10173845718964e-06,0.00030881320708431304,9.009003179016872e-07,0.0007678392576053739,0.9989173412322998,1.174864337372128e-06
ISIC_0026124,nv,nv,0.012002830393612385,0.0004006426315754652,0.0032894748728722334,9.047672938322648e-05,0.07846704125404358,0.9057360887527466,1.3401371688814834e-05
ISIC_0026711,nv,nv,0.021422814577817917,0.003058889415115118,0.02267174981534481,0.0002209771191701293,0.24186067283153534,0.7099902629852295,0.0007746215560473502
ISIC_0030176,nv,nv,0.012567766010761261,0.0031650476157665253,0.1258201152086258,0.02202550880610943,0.01412387378513813,0.812337338924408,0.009960347786545753
ISIC_0026580,nv,nv,1.0578494766377844e-05,2.265079274366144e-05,0.0008592144586145878,6.77048519719392e-05,0.0009204831440001726,0.9981160163879395,3.3965352486120537e-06
ISIC_0025346,nv,nv,0.0008336498285643756,9.459341526962817e-05,0.010220757685601711,0.00045006832806393504,0.06633348017930984,0.921946108341217,0.00012133530981373042
ISIC_0025540,nv,nv,5.362993533708504e-07,2.1335497422114713e-06,0.000215984444366768,5.421103651315207e-06,0.00587376207113266,0.9938957095146179,6.4800301515788306e-06
ISIC_0032333,nv,mel,0.0002769510028883815,0.00035850430140271783,0.08349313586950302,9.164436778519303e-05,0.47698524594306946,0.43868279457092285,0.00011176217230968177
ISIC_0028596,nv,nv,0.0006318951491266489,2.2064268705435097e-05,0.12505047023296356,0.0012376261875033379,4.249658377375454e-05,0.8730068206787109,8.680069186084438e-06
ISIC_0024902,nv,nv,0.00022917604655958712,4.128571163164452e-05,0.005442977882921696,0.00021764746634289622,0.02763465978205204,0.9663651585578918,6.921002204762772e-05
ISIC_0026676,nv,nv,1.2565869837999344e-06,3.656613216662663e-06,0.0003548051172401756,1.4168748521115049e-06,0.0334010012447834,0.9662349224090576,2.9983568765601376e-06
ISIC_0032328,nv,nv,5.903590394318314e-10,1.43174938571633e-09,1.1166939373197238e-07,3.1775488906760074e-08,2.1246796677587554e-05,0.9999786615371704,2.9243862886829675e-09
ISIC_0025193,nv,nv,8.447019581581117e-07,7.658675258426229e-07,0.0005551665090024471,2.6603338483255357e-05,3.3567866921657696e-05,0.9993817806243896,1.3847187574356212e-06
ISIC_0026218,nv,nv,1.0064729394798633e-05,3.146163862766116e-06,0.0005291223060339689,4.781154075317318e-06,0.023431364446878433,0.9760212898254395,3.1515313025920477e-07
ISIC_0030155,nv,nv,4.9450573413878374e-08,1.7113441330707246e-08,0.00046548579121008515,1.165004732683883e-06,5.995611900289077e-06,0.9995272159576416,8.775925408599505e-08
ISIC_0028531,nv,nv,8.832645107759163e-06,2.54822207352845e-05,0.009685427881777287,1.7682625184534118e-05,0.00033854407956823707,0.9899215698242188,2.5047911549336277e-06
ISIC_0025446,nv,nv,1.4203881448793254e-07,3.398953936084581e-07,0.0015141441253945231,1.1214253845537314e-06,4.440485281520523e-05,0.9984397292137146,1.5866744718096015e-07
ISIC_0025647,nv,nv,5.665187927661464e-07,7.051019201753661e-05,4.7162520786514506e-05,5.374272859626217e-06,0.0016530470456928015,0.9981793165206909,4.400715624797158e-05
ISIC_0026371,nv,nv,0.00012750878522638232,1.9061636749029276e-06,0.0005052466876804829,2.377554437771323e-06,0.03174220770597458,0.9676187038421631,1.8962495005325763e-06
ISIC_0030019,nv,nv,2.4479943022015505e-05,0.0007845753571018577,0.0001531466405140236,0.004627634771168232,0.02205783501267433,0.9266588687896729,0.04569345712661743
ISIC_0028042,nv,nv,5.343208613339812e-07,2.7653675260808086e-06,0.0003441119333729148,1.0338376341678668e-05,0.4644031822681427,0.5349016785621643,0.0003374069929122925
ISIC_0030229,nv,nv,6.95684860829715e-08,3.804464370205096e-07,0.0001421515626134351,3.300221251834046e-08,0.0105014992877841,0.989310622215271,4.5294240408111364e-05
ISIC_0027133,nv,nv,1.1209447166038444e-06,0.0004459535703063011,0.00015000614803284407,0.00015232233272399753,0.03354441374540329,0.9654738903045654,0.000232317644986324
ISIC_0028756,nv,nv,1.709735020227754e-09,1.1991770065833407e-07,6.975912128837081e-06,4.773093564836017e-07,0.0001866195088950917,0.9997867941856384,1.899126982607413e-05
ISIC_0024818,nv,mel,7.95578489487525e-06,1.4071980558583164e-06,0.006706478074193001,2.1298052388374344e-07,0.9038290977478027,0.0894528478384018,1.8801715668814722e-06
ISIC_0025271,nv,nv,0.00046935240970924497,0.0006469247164204717,0.005929880775511265,0.16647253930568695,0.007688787300139666,0.8187580108642578,3.453194585745223e-05
ISIC_0032042,nv,nv,0.00694679282605648,0.00020811906142625958,0.3130696713924408,0.004443795885890722,0.01603921689093113,0.6579833030700684,0.0013091113651171327
ISIC_0030589,nv,nv,0.0001390061661368236,0.002621458610519767,0.015088978223502636,3.7902740587014705e-05,0.09313922375440598,0.888966977596283,6.391881015588297e-06
ISIC_0027140,nv,nv,6.076779612840255e-08,4.304750973460614e-07,1.429595499757852e-06,6.20511357851683e-08,0.0009437626576982439,0.9990537762641907,3.695162433814403e-07
ISIC_0030404,nv,nv,0.00020077161025255919,0.00012038986460538581,0.18989354372024536,0.0008532451465725899,0.06650055944919586,0.7390936017036438,0.0033379176165908575
ISIC_0027311,nv,nv,1.7027516605594428e-06,2.694386921575642e-06,0.0017909103771671653,4.6764936996623874e-05,0.0022156916093081236,0.9955762624740601,0.0003659562789835036
ISIC_0031896,nv,nv,6.374761142069474e-05,3.0081529985181987e-05,0.0044788941740989685,9.088344995689113e-06,0.0524306483566761,0.9428496956825256,0.00013781676534563303
ISIC_0032388,nv,mel,0.014947516843676567,0.00012869361671619117,0.0047656940296292305,0.0007962770760059357,0.6261078715324402,0.3532281219959259,2.582862180133816e-05
ISIC_0030299,nv,nv,1.3161114509330218e-07,1.7631673898677036e-08,7.287517746590311e-06,7.137472124441047e-08,0.05797337368130684,0.9420185089111328,6.111285983934067e-07
ISIC_0028866,nv,nv,4.2438230707375624e-08,5.857263474240426e-08,0.00011796029139077291,1.4041975759937486e-07,0.0015189247205853462,0.9983587861061096,4.168655777903041e-06
ISIC_0025253,nv,nv,1.8288125147591927e-07,1.3569743373409437e-07,0.00037279416574165225,1.588153281772975e-05,0.01885162480175495,0.9807259440422058,3.349162943777628e-05
ISIC_0026190,nv,nv,4.802065967091096e-10,1.6137855709530413e-06,0.0014931719051674008,2.2248276554392987e-09,0.00019243221322540194,0.9983072280883789,5.4759893828304484e-06
ISIC_0030358,nv,bkl,4.277634434401989e-05,4.256530417023896e-07,0.9556447863578796,3.82864726589105e-07,0.022700754925608635,0.021610768511891365,1.6946685832408548e-07
ISIC_0030086,nv,nv,8.363016945622803e-07,6.317937277344754e-06,0.00012086074275430292,0.0002849336597137153,0.1484358161687851,0.8511072993278503,4.3981832277495414e-05
ISIC_0034265,nv,nv,0.0007140625966712832,0.004548575263470411,0.019552603363990784,0.007113468833267689,0.12572777271270752,0.8407605886459351,0.0015829483745619655
ISIC_0033765,nv,nv,1.573231571683209e-07,9.478553408825974e-08,4.0061320760287344e-05,4.4666956000583014e-07,0.00014010512677486986,0.9998177886009216,1.2710374903690536e-06
ISIC_0032939,nv,nv,7.095652510002992e-09,4.1365688652206245e-09,2.877473264106811e-07,5.089735743979418e-09,0.00018377644300926477,0.9998158812522888,1.5170760647720272e-08
ISIC_0033682,nv,nv,4.178310746283387e-07,9.437417958224614e-09,4.264887536464812e-07,1.7262181017940748e-07,0.0012579699978232384,0.9987409710884094,1.4501860334803496e-07
ISIC_0032979,nv,nv,0.00023379939375445247,0.0024649680126458406,0.05244118720293045,0.0001540976663818583,0.00459493650123477,0.9359886050224304,0.004122409038245678
ISIC_0033474,nv,nv,0.0001370383834000677,4.1597755625844e-05,0.009776623919606209,3.8238045817706734e-05,0.07870190590620041,0.9112251996994019,7.941967487568036e-05
ISIC_0034043,nv,bkl,8.626065550743078e-07,3.4680429052968975e-06,0.9918151497840881,1.623151746343865e-07,0.0003099911555182189,0.007869214750826359,1.1695299235725543e-06
ISIC_0033589,nv,nv,2.2850150571684935e-07,8.152823056661873e-07,9.474990747548873e-07,2.491436248419632e-07,0.005154849495738745,0.9948427081108093,2.2301635738131154e-07
ISIC_0032880,nv,nv,1.0141866235713337e-09,2.7341029440464126e-09,5.946489523012133e-07,9.892873009675895e-08,0.0006403409643098712,0.9993575215339661,1.4023869425727753e-06
ISIC_0032721,nv,nv,0.00037563673686236143,1.6708178009139374e-05,0.034656740725040436,0.0005428408621810377,0.0053408280946314335,0.9590460658073425,2.1198524336796254e-05
ISIC_0032616,nv,nv,2.6145258743781596e-05,9.305847925134003e-06,0.008238367736339569,6.16204270045273e-05,0.0022106640972197056,0.9894436597824097,1.033535045280587e-05
ISIC_0033355,nv,nv,1.3874951036996208e-05,1.3745013347943313e-05,2.0628987840609625e-05,7.347926384682069e-06,0.1432637721300125,0.856675386428833,5.240415248408681e-06
ISIC_0034219,nv,bkl,3.091028702328913e-05,2.1482557713170536e-05,0.8571963906288147,4.1395367588847876e-05,0.008184364065527916,0.13449519872665405,3.0238052204367705e-05
ISIC_0033118,nv,bkl,0.0411657877266407,0.026738297194242477,0.5921614766120911,0.010523384436964989,0.009276364929974079,0.3193528652191162,0.0007818320882506669
ISIC_0033542,nv,nv,9.778498150092574e-11,1.3088577999198492e-09,5.27570342967465e-09,2.4367481366027732e-09,3.987140007666312e-05,0.9999600648880005,2.5902775036001913e-08
ISIC_0032575,nv,nv,4.957429337082431e-05,0.0013582163956016302,0.014990182593464851,5.632337888528127e-06,0.005271537229418755,0.9781219959259033,0.00020296227012295276
ISIC_0033842,nv,nv,4.41631215153393e-07,8.53674100653734e-06,0.0021218007896095514,4.947020215695375e-07,0.005232805386185646,0.992244303226471,0.00039169518277049065
ISIC_0032923,nv,nv,7.222273416118696e-05,0.0009098946466110647,0.024635978043079376,3.5929315345129e-05,0.007248797919601202,0.9663741588592529,0.0007230446208268404
ISIC_0033577,nv,nv,1.0843239639513058e-09,1.0572745345882595e-08,5.357725854082673e-07,2.5670329861782193e-08,8.876054380380083e-06,0.9999905824661255,2.3625805312121884e-08
ISIC_0033898,nv,nv,3.277891735820049e-08,1.4109281742946678e-08,2.071690687444061e-06,1.747659865714013e-07,0.0001404258218826726,0.9998571872711182,1.1052120640897556e-07
ISIC_0033173,nv,nv,1.4382783852795455e-10,2.4843826995635254e-10,5.751242815321689e-10,9.39400779387256e-10,9.367111033498077e-07,0.9999990463256836,5.820812720713775e-10
ISIC_0032655,bkl,bkl,6.63422454749707e-08,4.406448983473865e-09,0.9975383281707764,3.6842269235393132e-09,1.6409249781190738e-07,0.0024614171124994755,6.271884678277218e-10
ISIC_0034114,nv,nv,2.4900150830120538e-09,5.757792678195983e-07,1.290084750138476e-08,2.248012265226862e-07,5.220535513217328e-06,0.9999932050704956,7.517861035921669e-07
ISIC_0033039,nv,nv,2.8775623661658756e-08,3.072968723927261e-08,2.163058297810494e-06,1.7698888541417546e-06,3.478992994132568e-06,0.9999922513961792,3.4258223990946135e-07
ISIC_0034228,nv,nv,2.2082782379584387e-05,1.4419858871406177e-06,2.1731404558522627e-05,3.7636241358995903e-06,0.0010821085888892412,0.9988670349121094,1.8696291590458713e-06
ISIC_0032759,nv,nv,1.1092774476750833e-09,1.8589324213280634e-07,8.754886948736385e-08,3.680048976661965e-08,4.001305569545366e-06,0.9999955892562866,3.9283161612502226e-08
ISIC_0033647,nv,nv,9.521917976318406e-12,9.843750259364015e-10,2.072479077241951e-08,8.85005513318049e-10,5.970881034045306e-07,0.9999994039535522,6.119763584777616e-10
ISIC_0032956,nv,nv,8.473157890875882e-07,2.0274725898161705e-08,5.848799446539488e-06,6.858105905394041e-08,0.0004589186573866755,0.999534010887146,3.0420079610848916e-07
ISIC_0034082,nv,nv,1.6903072275198383e-09,2.8544754115955584e-08,4.0119346067513106e-08,6.40846096189307e-08,5.7610959629528224e-05,0.9999419450759888,2.4793621378194075e-07
ISIC_0034312,nv,nv,3.6743763303093147e-06,2.3316599254030734e-05,4.63114156445954e-05,9.188021067529917e-06,0.11429902166128159,0.8856033086776733,1.5226089089992456e-05
ISIC_0032578,nv,nv,2.779568752941941e-08,1.765955971677613e-06,1.188791065942496e-05,4.33216413853188e-08,2.845555172825698e-06,0.9999781847000122,5.258181317913113e-06
ISIC_0034266,nv,nv,1.0094370136862554e-13,1.1907343167028017e-11,2.1722389512146556e-12,3.106216022244479e-12,1.7101909888239675e-09,1.0,1.8805554335976638e-11
ISIC_0034080,nv,nv,0.00011209504009457305,0.00042976633994840086,0.008416317403316498,9.85149836196797e-06,0.027715470641851425,0.9632843732833862,3.2012685551308095e-05
ISIC_0034154,nv,nv,1.1451336945356161e-07,2.88569253825699e-06,0.0011532185599207878,7.21097421774175e-08,0.04134668409824371,0.9574839472770691,1.305281875829678e-05
ISIC_0033028,nv,nv,8.334676749655046e-06,2.717772076721303e-06,0.012335469014942646,4.273027116141748e-06,0.15553341805934906,0.8321115970611572,4.241326678311452e-06
ISIC_0032814,nv,nv,3.150671909679659e-05,3.7800839436386013e-06,3.304661004221998e-05,2.0136137663939735e-06,0.05940907076001167,0.9404987096786499,2.1848036340088584e-05
ISIC_0033190,nv,nv,5.473955866364122e-07,4.422048505148268e-08,1.0984903383359779e-05,3.5016012134292396e-07,5.389649959397502e-05,0.9999337196350098,4.762908361044538e-07
ISIC_0033535,nv,nv,0.001036016270518303,0.002046966925263405,0.009769734926521778,0.0016605086857452989,0.005311159882694483,0.9795554280281067,0.0006201279466040432
ISIC_0033330,nv,nv,0.05459320917725563,0.10404035449028015,0.13999789953231812,0.09437761455774307,0.07999078929424286,0.27035030722618103,0.25664982199668884
ISIC_0024725,nv,nv,9.909601885738084e-07,3.518646963129868e-06,0.008518757298588753,5.389563284552423e-06,0.0004373685223981738,0.991030216217041,3.665575604827609e-06
ISIC_0031259,nv,nv,6.664085958618671e-06,7.84221356298076e-06,0.31389448046684265,3.2943105907179415e-05,0.00029829939012415707,0.6857504844665527,9.294297342421487e-06
ISIC_0027138,nv,nv,1.1699069546011742e-05,0.0007156796054914594,0.0008771780412644148,0.0002160862204618752,0.0052272845059633255,0.9874052405357361,0.005546794272959232
ISIC_0028014,nv,nv,1.5311778042814694e-05,1.942300150403753e-05,0.0005257930024527013,0.0002590059884823859,0.00018918370187748224,0.998927652835846,6.362171552609652e-05
ISIC_0031105,nv,nv,5.289352600357233e-08,2.544853714425699e-06,1.4592391153200879e-06,1.4561257444256626e-07,0.0044670565985143185,0.9955267310142517,2.1281732642819406e-06
ISIC_0029030,nv,nv,1.13034811874968e-05,1.0190805141974124e-06,0.00017889840819407254,3.3756903576431796e-05,0.022216040641069412,0.9775583148002625,5.628788244393945e-07
ISIC_0031454,nv,bcc,0.0006734891794621944,0.9566585421562195,0.00974284764379263,0.0019072667928412557,0.0004092740418855101,0.030241599306464195,0.00036693247966468334
ISIC_0028618,nv,nv,0.00012410730414558202,3.0342913305503316e-05,0.020453236997127533,0.00014026646385900676,0.4200957715511322,0.5591539144515991,2.4285777726618107e-06
ISIC_0031488,nv,nv,0.013595694676041603,0.06794215738773346,0.008988026529550552,0.009902914054691792,0.1668325513601303,0.7300008535385132,0.002737745875492692
ISIC_0027345,nv,nv,6.149880209704861e-05,1.636999695620034e-05,9.288972796639428e-05,3.938105692213867e-06,0.36874234676361084,0.6310815215110779,1.4209911114448914e-06
ISIC_0029143,nv,nv,1.5261201042449102e-05,0.00013056966417934746,0.003510406007990241,1.99222286028089e-05,0.0020205045584589243,0.9943016767501831,1.597563596078544e-06
ISIC_0030693,nv,bkl,0.0003282561374362558,0.00010456789459567517,0.9737871885299683,0.00026362980133853853,0.00046745434519834816,0.025045542046427727,3.2185378131543985e-06
ISIC_0031040,akiec,akiec,0.9886388778686523,0.0018023761222139,0.0071763889864087105,9.520221647107974e-05,0.0019231496844440699,0.00036340951919555664,5.978650392535201e-07
ISIC_0027795,akiec,akiec,0.9199337363243103,0.007703736890107393,0.04678697511553764,0.0010310558136552572,0.023803818970918655,0.0007364976918324828,4.224351869197562e-06
ISIC_0024913,akiec,bcc,0.31414446234703064,0.4891636073589325,0.0013496549800038338,0.18280117213726044,0.011638818308711052,0.0008319274638779461,7.031377754174173e-05
ISIC_0026872,akiec,akiec,0.7992194294929504,0.0004809564270544797,0.08881456404924393,0.04879596829414368,0.04315415397286415,0.019458934664726257,7.594154885737225e-05
ISIC_0031119,akiec,akiec,0.9342960715293884,0.01785009354352951,0.001503195846453309,1.7297461454290897e-05,0.03249317780137062,0.013783633708953857,5.655351196764968e-05
ISIC_0024562,akiec,nv,0.013182646594941616,0.0009411636274307966,0.003546671010553837,0.021706394851207733,0.2070208638906479,0.7535878419876099,1.4405548427021131e-05
ISIC_0025696,akiec,akiec,0.9945012331008911,8.009519660845399e-05,0.0036099690478295088,6.45876116323052e-06,0.001503674080595374,0.00029620915302075446,2.3448837964679115e-06
ISIC_0030794,akiec,akiec,0.9997742772102356,2.3796399091224885e-06,8.799858915153891e-05,5.335409878171049e-05,1.3875043805455789e-05,6.817333633080125e-05,1.7298285470701558e-08
ISIC_0027678,akiec,akiec,0.9967592358589172,0.00044888589764013886,0.0005484980647452176,2.1680418285541236e-05,0.002128921216353774,9.056832641363144e-05,2.26702900363307e-06
ISIC_0028132,akiec,bcc,0.0055936542339622974,0.994110643863678,0.00018700145301409066,1.0849791578948498e-05,1.0981014384014998e-05,8.541879651602358e-05,1.3173278148315148e-06
ISIC_0030991,akiec,akiec,0.6330344676971436,0.03340250998735428,0.2226419895887375,0.0005789237329736352,0.008166387677192688,0.10207907855510712,9.662182128522545e-05
ISIC_0029582,akiec,bkl,0.09085649996995926,0.3070982098579407,0.38971012830734253,0.11081814020872116,0.0062919058836996555,0.09279989451169968,0.002425241516903043
ISIC_0031852,akiec,akiec,0.7642262578010559,0.0002894829085562378,0.016163932159543037,0.000280730368103832,0.12734825909137726,0.09161455184221268,7.679265399929136e-05
ISIC_0031609,akiec,mel,0.16503633558750153,0.0015620512422174215,0.1378416270017624,0.00039557472337037325,0.5321895480155945,0.1628858745098114,8.89889124664478e-05
ISIC_0026645,akiec,bcc,0.0009579650941304862,0.9840384721755981,0.008895172737538815,4.036875907331705e-05,0.005697410088032484,0.00035854041925631464,1.2140380022174213e-05
ISIC_0024710,akiec,bcc,0.02672133594751358,0.971158504486084,0.0005156710976734757,2.5744648155523464e-05,0.0015323548577725887,2.038862294284627e-05,2.605629197205417e-05
ISIC_0030375,akiec,akiec,0.9938215017318726,0.0013773232931271195,0.004114293027669191,2.965362000395544e-06,0.000643210660200566,3.574677248252556e-05,4.979049663234036e-06
ISIC_0031335,akiec,akiec,0.9880395531654358,0.00766588281840086,0.000536837731488049,9.187276737065986e-05,0.0034783799201250076,0.00017523131100460887,1.221074489876628e-05
ISIC_0027178,akiec,akiec,0.9069525003433228,1.3432199011731427e-05,0.019854571670293808,1.3989859326102305e-05,0.05064620450139046,0.022518619894981384,7.210960006887035e-07
ISIC_0028190,akiec,akiec,0.575218915939331,0.3856867551803589,0.013259521685540676,0.0008956859237514436,0.0146889453753829,0.01019489485770464,5.523438812815584e-05
ISIC_0029059,akiec,bcc,0.003266884246841073,0.9907318949699402,0.005652766674757004,5.077700916444883e-05,5.35098979526083e-06,0.00027466053143143654,1.7657415810390376e-05
ISIC_0032277,akiec,akiec,0.9876580834388733,5.378736318562005e-07,0.002762642689049244,1.1147723171234247e-06,0.008789625018835068,0.0007879321346990764,3.0984768528696804e-08
ISIC_0025953,akiec,akiec,0.9720826745033264,0.000787898083217442,0.0019234748324379325,1.4890119018673431e-05,0.024950623512268066,0.00023763604986015707,2.815919287968427e-06
ISIC_0033494,akiec,mel,0.03472430258989334,0.01410653255879879,0.14440065622329712,0.0006800543633289635,0.5019557476043701,0.3040989637374878,3.377371103852056e-05
ISIC_0031381,akiec,akiec,0.9874730110168457,6.126741209300235e-05,0.006000520195811987,0.00044032090227119625,0.0052222516387701035,0.0008012002217583358,1.4390531077879132e-06
ISIC_0029279,akiec,akiec,0.9987433552742004,4.0796388930175453e-05,5.816086195409298e-05,0.0002926318265963346,0.0008436691132374108,2.093555303872563e-05,5.692598961104522e-07
ISIC_0031431,akiec,akiec,0.932884156703949,0.0035733876284211874,0.013189221732318401,0.023515155538916588,0.0047371466644108295,0.02139151655137539,0.0007093441672623158
ISIC_0028224,akiec,akiec,0.9582148790359497,0.0007999010267667472,0.017728310078382492,0.010600742883980274,0.00260318536311388,0.010051912628114223,1.0005743433794123e-06
ISIC_0026319,akiec,akiec,0.7073604464530945,0.011067579500377178,0.0037141426000744104,0.0008788867853581905,0.2526017427444458,0.024199852719902992,0.0001774322590790689
ISIC_0032014,akiec,akiec,0.8046129941940308,0.10263372957706451,0.0902826115489006,0.00017061212565749884,5.14585008204449e-05,0.0022266663145273924,2.190990198869258e-05
ISIC_0024923,akiec,akiec,0.8515380620956421,0.11145506054162979,0.004610191565006971,0.00043141437345184386,0.0005513423820957541,0.031392913311719894,2.1089508663862944e-05
ISIC_0026626,akiec,mel,0.07728934288024902,7.197745435405523e-05,0.03980335220694542,5.212093014961283e-07,0.882391095161438,0.000443550874479115,8.922393845978149e-08
ISIC_0028335,akiec,nv,0.09394466876983643,0.14250196516513824,0.06023520976305008,0.2632219195365906,0.012727894820272923,0.42405223846435547,0.0033160753082484007
ISIC_0026981,akiec,akiec,0.9986060261726379,2.647756082296837e-05,6.4937470597215e-05,0.001267952029593289,7.334394013014389e-06,2.6925856218440458e-05,3.3980035141212284e-07
ISIC_0031823,akiec,akiec,0.6698777675628662,0.3260824680328369,0.0036728191189467907,4.2755109461722896e-05,0.00017456589557696134,0.00011366783292032778,3.5914421459892765e-05
ISIC_0032404,akiec,akiec,0.9934701919555664,0.00014976807869970798,0.005378590431064367,4.455358521227026e-06,0.0009613283327780664,3.387172182556242e-05,1.874948907243379e-06
ISIC_0024800,akiec,bkl,0.011231189593672752,2.299602965649683e-05,0.6129578948020935,5.766933099948801e-05,0.3618333339691162,0.013869034126400948,2.7813892302219756e-05
ISIC_0027767,akiec,akiec,0.6554991602897644,0.0012775665381923318,0.2907104790210724,0.00047631372581236064,0.04931686818599701,0.0026465330738574266,7.309489592444152e-05
ISIC_0026984,akiec,mel,0.014644300565123558,0.00011918578820768744,0.00035323755582794547,5.151240202394547e-06,0.9818404316902161,0.0030342363752424717,3.5210111946071265e-06
ISIC_0031506,akiec,bcc,2.8537081107060658e-06,0.9730138182640076,0.025284254923462868,7.814604146005877e-07,1.274800524697639e-05,0.001663009519688785,2.2507414541905746e-05
ISIC_0026765,akiec,akiec,0.980052649974823,0.019547654315829277,0.0003209101560059935,3.231614755350165e-05,4.206960875308141e-05,3.843894774036016e-06,5.137500806995376e-07
ISIC_0024511,akiec,mel,0.21468664705753326,0.08980066329240799,0.2316606491804123,0.0003320926334708929,0.32088911533355713,0.14238016307353973,0.0002506508899386972
ISIC_0027884,akiec,akiec,0.9827041029930115,0.004187944810837507,0.010097453370690346,0.00014109243056736887,0.0026462795212864876,0.00016529943968635052,5.7779667258728296e-05
ISIC_0031108,akiec,akiec,0.986752986907959,0.00522880582138896,0.003668828634545207,0.0004305052279960364,0.0027758844662457705,0.0011234390549361706,1.9532686565071344e-05
ISIC_0027334,akiec,bcc,0.000490613398142159,0.9957844614982605,0.00022706879826728255,0.0032285929191857576,3.63361687050201e-05,0.00013983421376906335,9.304418927058578e-05
ISIC_0033358,akiec,mel,0.2979496717453003,3.364848089404404e-05,0.09994366765022278,1.3339204087969847e-05,0.44513702392578125,0.15692192316055298,7.848495329199068e-07
ISIC_0029141,akiec,akiec,0.5284425616264343,0.00042226543882861733,0.4676832854747772,8.313927537528798e-06,0.00021598215971607715,0.0032271649688482285,4.0664494349584857e-07
ISIC_0028619,akiec,bkl,0.0027945011388510466,0.0061894566752016544,0.9756168127059937,0.0005615113186649978,0.010444947518408298,0.004209335893392563,0.0001833588321460411
ISIC_0033536,akiec,akiec,0.7922300696372986,0.002177018905058503,0.19866451621055603,0.0005368925048969686,0.000143079407280311,0.0062458026222884655,2.6155521481996402e-06
