image_id,true_class,predicted_class,p_akiec,p_bcc,p_bkl,p_df,p_mel,p_nv,p_vasc
ISIC_0027419,bkl,akiec,0.9046886563301086,0.00044478129711933434,0.08489353954792023,6.001520887366496e-06,0.00822391640394926,0.001742858556099236,2.872420452604274e-07
ISIC_0031633,bkl,bkl,0.049393970519304276,0.13827185332775116,0.8056828379631042,0.00024041686265263706,0.0038906994741410017,0.002513059414923191,7.2114494287234265e-06
ISIC_0027828,bkl,bkl,0.0014357378240674734,0.006118318066000938,0.8734531998634338,0.003116107312962413,0.011324622668325901,0.05270076543092728,0.05185117572546005
ISIC_0029559,bkl,nv,0.0010015653679147363,0.0005359328933991492,0.0566379614174366,0.001839257194660604,0.037250056862831116,0.9018276929855347,0.0009076702408492565
ISIC_0025642,bkl,nv,5.811400569655234e-06,2.976853011205094e-06,0.007969801314175129,3.896933776559308e-06,0.16326090693473816,0.8287317752838135,2.488244354026392e-05
ISIC_0031691,bkl,bkl,0.010407833382487297,0.46703580021858215,0.4716072976589203,0.011722614988684654,0.011887679807841778,0.014211454428732395,0.013127360492944717
ISIC_0025419,bkl,nv,0.0006108788657002151,0.00399369653314352,0.09244722127914429,0.123912014067173,0.05836373567581177,0.7205302119255066,0.00014224761980585754
ISIC_0029301,bkl,nv,5.919744339166755e-08,3.4481554394005798e-06,0.0018248120322823524,8.351964788744226e-05,0.0043553016148507595,0.9936761260032654,5.67594870517496e-05
ISIC_0030377,bkl,nv,2.000067979679443e-05,0.00014670795644633472,0.034341055899858475,9.590748959453776e-06,0.017681175842881203,0.9477971196174622,4.438413270690944e-06
ISIC_0027960,bkl,bkl,1.9435425201663747e-05,4.331295713200234e-05,0.7976104617118835,2.2192998585524037e-06,0.18165969848632812,0.020662382245063782,2.440506023049238e-06
ISIC_0031495,bkl,bkl,5.388572390074842e-06,7.796461432008073e-06,0.9772611260414124,2.155478432541713e-05,0.00469593983143568,0.017994143068790436,1.4101487977313809e-05
ISIC_0025099,bkl,bkl,9.884325891107437e-07,4.957812507200288e-06,0.8878397941589355,1.1370520951459184e-06,3.666071279440075e-05,0.11210744827985764,9.02861120266607e-06
ISIC_0029413,bkl,mel,0.00021799646492581815,3.8385125662898645e-05,0.028246739879250526,5.4206506320042536e-05,0.9624433517456055,0.008921870030462742,7.73880528868176e-05
ISIC_0025140,bkl,mel,0.00017571546777617186,4.9594171287026256e-05,0.2657225728034973,8.880575478542596e-06,0.5938748717308044,0.14012831449508667,4.0023904148256406e-05
ISIC_0029912,bkl,vasc,0.0008311778656207025,0.0004337980062700808,0.07617751508951187,0.01010950282216072,0.021891895681619644,0.40072691440582275,0.4898291826248169
ISIC_0033539,bkl,bkl,8.356192847713828e-05,0.0027659363113343716,0.9741989374160767,0.014694885350763798,0.003618761198595166,0.003620424773544073,0.001017451984807849
ISIC_0030005,bkl,mel,0.011139661073684692,0.00019470934057608247,0.08516469597816467,9.223756933351979e-06,0.8987772464752197,0.004713457077741623,1.0672804364730837e-06
ISIC_0024832,bkl,bkl,0.04285736754536629,0.10847795754671097,0.8015233278274536,0.00025143803213723004,0.0021664670202881098,0.04225613921880722,0.0024672732688486576
ISIC_0029837,bkl,nv,4.2361814848845825e-05,4.342421016190201e-05,0.11265618354082108,1.8270849977852777e-05,0.0004558138898573816,0.8867253661155701,5.860957389813848e-05
ISIC_0025510,bkl,bkl,7.342408025579061e-06,2.13118664760259e-06,0.8596619367599487,5.587784244198701e-07,0.0008733428549021482,0.13945123553276062,3.3608976082177833e-06
ISIC_0029060,bkl,bkl,0.0001227086322614923,8.445158891845495e-05,0.9811329245567322,0.0007261027349159122,0.00017330852278973907,0.017748849466443062,1.164245986728929e-05
ISIC_0026153,bkl,bkl,0.0029871887527406216,0.00024307347484864295,0.9504925608634949,2.310282383177764e-07,0.030212491750717163,0.016063526272773743,8.641333693049091e-07
ISIC_0025063,bkl,bkl,0.17464298009872437,0.007162940688431263,0.566852867603302,0.00019484579388517886,0.02734275348484516,0.22376716136932373,3.639702481450513e-05
ISIC_0032306,bkl,bkl,0.0017947695450857282,1.9437322407611646e-05,0.9962739944458008,1.6003852579160593e-05,0.001745720044709742,0.0001494226889917627,5.382962626754306e-07
ISIC_0032304,bkl,bkl,0.0022078470792621374,0.0001859401963884011,0.9922865629196167,1.0193589332629927e-06,0.0046368250623345375,0.0006793397478759289,2.3770637653797166e-06
ISIC_0032382,bkl,bkl,0.10376347601413727,0.03703351691365242,0.8004845976829529,0.00025229991297237575,0.04679840803146362,0.011432530358433723,0.00023511532344855368
ISIC_0029674,bkl,nv,1.4038589313258854e-07,1.8681063238545903e-06,0.3306730091571808,1.2661920436585206e-06,0.0023474986664950848,0.6669743061065674,1.9212623101338977e-06
ISIC_0028607,bkl,bkl,0.0009048296487890184,0.0004821707552764565,0.8503287434577942,0.0028398269787430763,0.055275287479162216,0.09014123678207397,2.8021295293001458e-05
ISIC_0028646,bkl,bkl,2.6484836780582555e-05,6.66325431666337e-05,0.6748258471488953,2.2271309717325494e-05,0.0025201973039656878,0.3225080370903015,3.0551556847058237e-05
ISIC_0033041,bkl,nv,9.64719511102885e-05,0.0027138872537761927,0.013234707526862621,6.639696221100166e-05,0.46569815278053284,0.5181679129600525,2.2469826944870874e-05
ISIC_0033900,bkl,bkl,9.80023060037638e-07,2.2436599465436302e-05,0.972813069820404,7.793041731929407e-07,0.00019762583542615175,0.0269634909927845,1.5418955854329397e-06
ISIC_0030276,bkl,bkl,0.0028605035040527582,0.0014534733491018414,0.9956012964248657,5.844740513794022e-08,5.4146214097272605e-05,2.9883221941418014e-05,6.010530455569096e-07
ISIC_0033201,bkl,bkl,3.9103048266042606e-07,4.8003767005866393e-05,0.992051362991333,5.007207164453575e-07,5.894844434806146e-06,0.007893513888120651,3.311626528557099e-07
ISIC_0033613,bkl,bkl,0.03411227837204933,0.003178053768351674,0.9291333556175232,2.2341375824908027e-06,0.024708421900868416,0.008862648159265518,2.9790360258630244e-06
ISIC_0032978,bkl,mel,0.0036979883443564177,0.00026028050342574716,0.013303226791322231,1.6590025552432053e-05,0.9701813459396362,0.012525085359811783,1.5597079254803248e-05
ISIC_0032829,bkl,bkl,4.933341551804915e-05,0.0011605313047766685,0.987138569355011,2.205201212746033e-07,0.010366999544203281,0.0012797756353393197,4.548937340587145e-06
ISIC_0033601,bkl,bkl,1.4576373530417186e-07,1.2223162229929585e-05,0.9969802498817444,6.294090137970443e-09,0.0008036086219362915,0.0022030374966561794,7.140856723708566e-07
ISIC_0032570,bkl,bkl,1.3685063095181249e-05,0.0005454665515571833,0.9956414699554443,0.00015318894293159246,8.75864498084411e-05,0.0034718720708042383,8.680958853801712e-05
ISIC_0033410,bkl,bcc,0.021725766360759735,0.7822135090827942,0.17009902000427246,0.00030141041497699916,0.006514235865324736,0.018235772848129272,0.0009103395859710872
ISIC_0033306,bkl,bkl,0.07747193425893784,0.030332669615745544,0.49186328053474426,0.0009844162268564105,0.37628719210624695,0.02292139269411564,0.0001391918194713071
ISIC_0033235,bkl,bkl,0.014567055739462376,1.5620002159266733e-05,0.6586868166923523,2.2226447981665842e-05,0.10856523364782333,0.21813933551311493,3.666862312456942e-06
ISIC_0026085,bkl,mel,0.0006561728660017252,1.1387935956008732e-05,0.024325771257281303,3.0217072435334558e-06,0.9746320247650146,0.00037135215825401247,2.814168453824095e-07
ISIC_0032756,bkl,mel,0.0002591056108940393,0.00028918826137669384,0.09338084608316422,3.410860153962858e-05,0.8918613791465759,0.0129958875477314,0.0011795185273513198
ISIC_0034031,bkl,nv,0.0008255669963546097,0.0011555289383977652,0.014490492641925812,0.002785681514069438,0.48604029417037964,0.4927213788032532,0.0019810376688838005
ISIC_0033449,bkl,bkl,0.00494143133983016,3.6280658832765766e-07,0.9854474067687988,1.9152444110659417e-06,0.004287077579647303,0.00532154506072402,2.870792172871006e-07
ISIC_0033414,bkl,nv,6.389704481080116e-07,3.986252067988971e-06,0.04864022880792618,7.689035328439786e-07,0.002445041434839368,0.948905348777771,4.037736289319582e-06
ISIC_0033791,bkl,bkl,4.397385418997146e-05,0.0005195359699428082,0.8429943323135376,1.1217102837690618e-05,0.11948921531438828,0.03610777109861374,0.0008338511106558144
ISIC_0033060,bkl,bkl,2.359126256124e-06,1.2801930324712885e-06,0.82850182056427,1.5711736978119006e-06,3.635802568169311e-05,0.17145472764968872,1.8782172901410377e-06
ISIC_0031376,bkl,mel,0.0035375929437577724,0.0035254801623523235,0.03453511744737625,1.9282459106761962e-05,0.9389480352401733,0.019384391605854034,5.013446570956148e-05
ISIC_0027989,bkl,bkl,0.0010626459261402488,0.0002182503667427227,0.8341460227966309,0.00034086828236468136,0.04070170596241951,0.11760394275188446,0.005926480051130056
ISIC_0027218,bkl,nv,0.0036360668018460274,0.0002353044255869463,0.035196635872125626,7.7336853792076e-06,0.38275089859962463,0.5781091451644897,6.42708910163492e-05
ISIC_0028020,bkl,bkl,0.00020400245557539165,0.00015582717605866492,0.9540999531745911,0.019022157415747643,0.0005136197432875633,0.021861940622329712,0.004142530262470245
ISIC_0026623,bkl,mel,0.4526015520095825,0.002938412129878998,0.0023010147269815207,1.6429559764219448e-05,0.49660083651542664,0.04553821310400963,3.578073346943711e-06
ISIC_0031989,bkl,akiec,0.886622428894043,0.0830700621008873,0.009450583718717098,9.6884548838716e-05,0.009091095067560673,0.011617899872362614,5.0998896767850965e-05
ISIC_0029394,bkl,nv,0.003913602326065302,0.004809472244232893,0.06075899675488472,0.0037567426916211843,0.36102136969566345,0.5356575846672058,0.030082272365689278
ISIC_0027374,bkl,bkl,0.0022546211257576942,0.19993844628334045,0.7909674048423767,0.00013612901966553181,0.0019399486482143402,0.0034676091745495796,0.0012958552688360214
ISIC_0032168,bkl,bkl,8.715611329535022e-06,1.038750178850023e-05,0.9897811412811279,3.6748826914845267e-07,0.0025788776110857725,0.007618842180818319,1.7804252365749562e-06
ISIC_0028308,bkl,akiec,0.6001176238059998,0.009307052940130234,0.3647308349609375,0.00011412388266762719,0.00012574908032547683,0.025591906160116196,1.2742692888423335e-05
ISIC_0029522,bkl,mel,0.0002158627612516284,2.206210638178163e-06,0.00030460115522146225,6.046063845133176e-06,0.9765282273292542,0.02294113114476204,1.8853666006179992e-06
ISIC_0031060,bkl,nv,0.005102504976093769,0.0024420281406491995,0.40260767936706543,4.659449768951163e-05,0.11742325872182846,0.47184184193611145,0.000536041974555701
ISIC_0026634,bkl,bkl,0.0008452152251265943,0.0022364386823028326,0.9569979906082153,2.3460026568500325e-05,0.018816854804754257,0.020997410640120506,8.259338937932625e-05
ISIC_0026923,bkl,bkl,0.14308980107307434,0.1208103820681572,0.7174426317214966,2.5828287562035257e-06,1.8197208191850223e-05,0.0186342541128397,2.1957550870865816e-06
ISIC_0030203,bkl,akiec,0.5062918663024902,0.3314930498600006,0.08534640073776245,0.012609031982719898,0.03482309728860855,0.0015104914782568812,0.027926091104745865
ISIC_0025985,bkl,bkl,0.00016711909847799689,0.03395787626504898,0.961212158203125,5.004859121982008e-05,0.0006188548868522048,0.003947830758988857,4.6197990741347894e-05
ISIC_0030208,bkl,bkl,5.5243192036869004e-05,9.368316386826336e-05,0.9881241917610168,1.0881155958486488e-06,0.0009277561330236495,0.010796098038554192,2.0305851649027318e-06
ISIC_0025986,bkl,nv,5.906847036385443e-06,0.0002432073379168287,0.004344105254858732,2.9164413717808202e-05,0.23276101052761078,0.761302649974823,0.0013139941729605198
ISIC_0025805,bkl,bkl,0.00020947343728039414,0.00031266690348275006,0.9284148812294006,2.7172674890607595e-05,0.0003978953172918409,0.07050073891878128,0.0001370858954032883
ISIC_0024880,bkl,bkl,0.002312601078301668,0.0020296862348914146,0.9772746562957764,9.548781963530928e-05,0.00782855972647667,0.010337814688682556,0.00012123883789172396
ISIC_0029525,bkl,bkl,0.088376984000206,0.00019399634038563818,0.8007892966270447,4.942216764902696e-05,0.0057762302458286285,0.10460454970598221,0.00020949456666130573
ISIC_0025376,bkl,bkl,5.3226161981001496e-05,0.0003655627660918981,0.9730730652809143,7.833593258510518e-07,0.004498358350247145,0.0220057163387537,3.2390262276749127e-06
ISIC_0024726,bkl,bkl,1.7341621969535481e-06,3.143430404861647e-08,0.9940608143806458,5.399976910069881e-09,2.547857320678304e-06,0.00593489408493042,9.226055475153316e-09
ISIC_0028100,bkl,nv,0.002315957797691226,0.05662544071674347,0.3952345848083496,0.00031879349262453616,0.07072959095239639,0.4740779995918274,0.0006976097938604653
ISIC_0030636,bkl,bcc,6.949227099539712e-06,0.9952036142349243,0.0034580701030790806,3.131690027657896e-05,3.2247404305962846e-05,0.0012159673497080803,5.194359619054012e-05
ISIC_0031078,bkl,nv,0.0005493077915161848,0.0005542214494198561,0.12547627091407776,8.80383959156461e-05,0.007872574031352997,0.8649959564208984,0.00046355894301086664
ISIC_0025693,bkl,bkl,0.00010994850163115188,2.8280957849347033e-05,0.9519162774085999,1.162279204436345e-06,0.0006723245023749769,0.04725757613778114,1.441837775928434e-05
ISIC_0032116,bkl,bkl,0.0004333113320171833,0.00021648165420629084,0.8007615804672241,6.1997579905437306e-06,0.18337495625019073,0.015203054063022137,4.352566520537948e-06
ISIC_0024772,bkl,mel,1.1489295502542518e-05,3.759727860597195e-06,0.10297294706106186,6.94539153300866e-07,0.8580899238586426,0.03892001137137413,1.2279535894776927e-06
ISIC_0026219,bkl,bkl,9.344102181785274e-06,2.4767023205640726e-05,0.9971445202827454,9.255884947378945e-07,0.0004933003801852465,0.0023264701012521982,6.31001569217915e-07
ISIC_0029139,bkl,bkl,0.022842612117528915,4.6782624849583954e-05,0.9641448855400085,1.325314133282518e-05,0.004154105205088854,0.008790899068117142,7.485283731512027e-06
ISIC_0031061,bkl,bkl,0.02248057723045349,0.0018755367491394281,0.8906514644622803,0.0002674767456483096,0.0834619551897049,0.0010945058893412352,0.00016834850248415023
ISIC_0027991,bkl,mel,0.0009272611932829022,0.0013347277417778969,0.018068794161081314,1.5222933598124655e-06,0.9690212607383728,0.010645143687725067,1.3571009276347468e-06
ISIC_0031289,bkl,mel,0.0007483399822376668,0.0033168471418321133,0.30357033014297485,0.0021407241001725197,0.688258171081543,0.0014686781214550138,0.0004969120491296053
ISIC_0031580,bkl,bkl,0.009816010482609272,0.16224448382854462,0.7653612494468689,0.011084519326686859,0.00843318086117506,0.03997207060456276,0.003088518977165222
ISIC_0030365,bkl,mel,0.0018997499719262123,2.5369936338393018e-05,0.002727654529735446,2.8174024919280782e-05,0.9713520407676697,0.02395552769303322,1.140082622441696e-05
ISIC_0029810,bkl,akiec,0.8929205536842346,0.00582167599350214,0.05579329654574394,4.339893348515034e-05,0.012819981202483177,0.03259430080652237,6.930610197741771e-06
ISIC_0029678,bkl,nv,0.00012615234300028533,0.0006016302504576743,0.037105411291122437,0.00015126087237149477,0.4109697639942169,0.5509817004203796,6.406522879842669e-05
ISIC_0027990,bkl,bkl,0.00017919749370776117,0.00016483559738844633,0.9984446167945862,1.3576415767602157e-05,0.0005975458188913763,0.0005856935167685151,1.4498789823846892e-05
ISIC_0031808,bkl,bkl,0.00011706494115060195,2.463658165652305e-05,0.9988051652908325,2.926522881807614e-07,0.00016847482766024768,0.0008839985821396112,3.679749340790295e-07
ISIC_0027470,bkl,nv,0.0032226869370788336,0.00041306306957267225,0.4760602116584778,0.00037845326005481184,6.80416269460693e-06,0.51985102891922,6.78162177791819e-05
ISIC_0024910,bkl,mel,0.031544338911771774,0.0003558724420145154,0.2815551161766052,1.4128760085441172e-05,0.5525797009468079,0.13393183052539825,1.8953922335640527e-05
ISIC_0025374,bkl,bkl,1.3952465451438911e-05,1.6762289305916056e-05,0.52237468957901,6.804539225413464e-06,0.3434314429759979,0.1341189444065094,3.7405556213343516e-05
ISIC_0030533,bkl,bkl,1.3973534578326507e-06,0.02475213259458542,0.7153863906860352,2.3637465346837416e-05,0.0002466268779244274,0.25954118371009827,4.866884046350606e-05
ISIC_0027335,bkl,mel,0.025705311447381973,0.00013297436817083508,0.04237564653158188,9.739347660797648e-06,0.7490045428276062,0.18276390433311462,7.941537660371978e-06
ISIC_0025389,bkl,akiec,0.5616235136985779,0.15392667055130005,0.13017286360263824,0.027639051899313927,0.09602595865726471,0.029429197311401367,0.0011826630216091871
ISIC_0028593,bkl,bkl,0.0019890458788722754,8.502501259499695e-06,0.9722870588302612,2.8719401257149e-07,0.02235025353729725,0.003364679403603077,2.051868506214305e-07
ISIC_0030801,bkl,mel,0.0034316368401050568,7.968076715769712e-06,0.021874433383345604,1.053450091603736e-06,0.948173463344574,0.026506468653678894,4.977814114681678e-06
ISIC_0030231,bkl,bkl,0.10189760476350784,0.0022748075425624847,0.8898404836654663,8.132185757858679e-05,0.0016828111838549376,0.004200289025902748,2.2750418793293647e-05
ISIC_0029206,bkl,bkl,1.0907479008892551e-05,1.28434267026023e-05,0.9830701351165771,1.3077637959213462e-06,0.007973908446729183,0.008928719907999039,2.188401140301721e-06
ISIC_0030608,bkl,bkl,0.006693248637020588,3.563519385352265e-06,0.5393199324607849,1.0501414635655237e-06,0.3405549228191376,0.11342675983905792,5.131382181389199e-07
ISIC_0030935,bkl,bkl,0.00037384522147476673,6.988631753301888e-07,0.9948112964630127,5.043109467806062e-06,0.0001986644638236612,0.004607509821653366,2.8433332772692665e-06
ISIC_0028611,bkl,akiec,0.8504407405853271,0.1129336878657341,0.0006058026337996125,0.023394247516989708,0.011613797396421432,0.0008857929497025907,0.0001258167321793735
ISIC_0028842,bkl,akiec,0.740220308303833,0.058864444494247437,0.06280738860368729,0.003624438075348735,0.12872004508972168,0.0013173396000638604,0.004446027800440788
ISIC_0028913,bkl,bkl,1.7051432223524898e-05,4.8413626245746855e-06,0.9996579885482788,2.422724065809234e-08,1.5909491821730626e-06,0.00031826496706344187,2.3944997451508243e-07
ISIC_0031831,bkl,bkl,3.709862994583091e-07,2.6244260880048387e-06,0.9997602105140686,6.560589405069095e-09,0.00016869977116584778,6.586047675227746e-05,2.1643493255396606e-06
ISIC_0030130,bkl,bkl,2.4059476345428266e-05,8.20462082629092e-06,0.9912290573120117,1.3208446944190655e-05,0.008374381810426712,0.0003474348341114819,3.6565550090017496e-06
ISIC_0032031,bkl,bkl,0.005482057575136423,0.007839059457182884,0.9305129051208496,0.000207605364266783,0.051642853766679764,0.004290831740945578,2.472420601407066e-05
ISIC_0028294,bkl,bkl,0.00014184512838255614,3.6061337596038356e-05,0.9978976249694824,6.93508013682731e-07,0.0018209636909887195,0.0001022736614686437,4.692647905812919e-07
ISIC_0030835,bkl,bkl,0.0054792724549770355,0.001224457984790206,0.9705933332443237,0.00037218385841697454,0.009842882864177227,0.012410076335072517,7.779531733831391e-05
ISIC_0027811,bkl,bkl,0.00029473230824805796,0.00020047002180945128,0.9755503535270691,1.917704867082648e-05,0.007947704754769802,0.015982896089553833,4.734883987111971e-06
ISIC_0026249,bkl,bkl,0.0030673672445118427,0.013756966218352318,0.8422712683677673,0.0002594053512439132,0.04226825013756752,0.09825079888105392,0.00012603186769410968
ISIC_0024774,bkl,bkl,1.0288917273726383e-08,4.0330057515802764e-08,0.9999618530273438,4.4497951989797e-09,1.53214250531164e-06,3.650311191449873e-05,1.1626671181375059e-08
ISIC_0026016,bkl,bkl,3.908305643562926e-06,2.4590440261818003e-06,0.9960057139396667,3.0571430897907703e-07,0.0003172951692249626,0.0036666973028331995,3.6554213238559896e-06
ISIC_0026069,bkl,bkl,0.00012047441123286262,0.00019473989959806204,0.8112658858299255,1.3821868378727231e-06,0.000902085448615253,0.18751171231269836,3.793472387769725e-06
ISIC_0031528,bkl,bkl,0.006376621313393116,0.0027351300232112408,0.8705399036407471,0.0006078422884456813,0.055829744786024094,0.06356986612081528,0.0003407919139135629
ISIC_0028623,bkl,bkl,6.755506910849363e-05,3.0892530048731714e-05,0.9910558462142944,8.618894753453787e-07,0.00633731484413147,0.0025050898548215628,2.3737645733490353e-06
ISIC_0025103,bkl,bkl,0.0002689655520953238,0.0004415708244778216,0.9949837923049927,4.3353691580705345e-05,0.0011670490493997931,0.003082180628553033,1.3026077795075253e-05
ISIC_0030123,bkl,bkl,2.696398223633878e-05,0.001025087316520512,0.6694585084915161,1.4049073797650635e-06,0.010306163690984249,0.3191799521446228,1.8918477735496708e-06
ISIC_0024782,bkl,mel,0.00024619331816211343,0.0003615559544414282,0.009500826708972454,4.19378666265402e-05,0.7309484481811523,0.258888304233551,1.27946923385025e-05
ISIC_0029320,bkl,nv,0.0011764890514314175,3.9318269955401774e-06,0.01689520850777626,0.02540096826851368,0.0015720442170277238,0.9549468159675598,4.433768935996341e-06
ISIC_0029924,bkl,bkl,0.24628448486328125,0.0014399861684069037,0.6581364274024963,0.0035827411338686943,0.0009297666256316006,0.0894693061709404,0.00015727398567833006
ISIC_0032498,bkl,bkl,0.002363367471843958,0.0003538275486789644,0.989696741104126,4.264148810761981e-05,0.0009316160576418042,0.0065653324127197266,4.648082176572643e-05
ISIC_0024943,bkl,bkl,1.8313936607228243e-06,3.3522468584124e-05,0.9928602576255798,5.3868629947828595e-06,0.002861856948584318,0.004235872067511082,1.3373230558499927e-06
ISIC_0028449,bkl,bkl,0.000815275707282126,5.395613243308617e-06,0.9973651766777039,1.2861208631420595e-07,2.012062759604305e-05,0.001793585019186139,3.3588196401979076e-07
ISIC_0026174,bkl,bkl,6.621069042012095e-05,9.157362001133151e-06,0.9994667172431946,8.073924618656747e-06,6.266879063332453e-05,0.0003868977364618331,2.858120069504366e-07
ISIC_0032170,bkl,bkl,1.6204807252506725e-05,5.840379890287295e-05,0.6797086596488953,0.00010769509390229359,0.00027863954892382026,0.31819817423820496,0.001632229657843709
ISIC_0025005,bkl,bkl,2.734962254180573e-05,1.2097442549929838e-06,0.99642014503479,1.5285492338534823e-07,0.0034499189350754023,0.00010117446072399616,9.559972369288516e-08
ISIC_0025851,bkl,bkl,4.689332126872614e-05,0.0001461562205804512,0.8701093196868896,7.306385668925941e-05,0.025754982605576515,0.10338569432497025,0.00048402248648926616
ISIC_0033722,bkl,nv,1.9269045878900215e-06,5.190642332308926e-05,0.4039636552333832,9.20139609661419e-06,0.0001655159576330334,0.5957995653152466,8.19259093987057e-06
ISIC_0032719,bkl,bkl,0.023390669375658035,0.0005617642891593277,0.9392743706703186,0.009583928622305393,0.025317491963505745,0.0016680456465110183,0.00020367265096865594
ISIC_0030630,bkl,bkl,0.0004435833543539047,0.00011410081060603261,0.9704199433326721,2.0105035218875855e-06,0.0047800419852137566,0.024219419807195663,2.082443461404182e-05
ISIC_0032179,bkl,mel,1.0737140655692201e-05,7.19081890565576e-06,0.11626648902893066,1.069024256139528e-05,0.5365520119667053,0.3470798134803772,7.301317964447662e-05
ISIC_0034197,bkl,mel,0.052579574286937714,2.044055872829631e-05,0.006035070866346359,1.1075798283854965e-05,0.9409510493278503,0.0004026061506010592,1.6480620956826897e-07
ISIC_0033022,bkl,bkl,0.00020953454077243805,5.4359079513233155e-06,0.9991859793663025,2.8472109079302754e-06,0.0002109458582708612,0.00038483255775645375,4.4992827952228254e-07
ISIC_0033693,bkl,bkl,7.552243346253817e-07,5.461329237732571e-06,0.9998860359191895,6.211046676973808e-10,4.045537207275629e-05,6.730571476509795e-05,1.7057939505349395e-09
ISIC_0033246,bkl,bkl,0.0002954114170279354,0.00010757780546555296,0.8755678534507751,0.011408046819269657,0.09463696926832199,0.017106305807828903,0.0008777586626820266
ISIC_0033528,bkl,bkl,0.001426591887138784,0.0003627374244388193,0.9847615957260132,0.0001864151272457093,0.0028707976453006268,0.010369822382926941,2.206510180258192e-05
ISIC_0033865,bkl,bkl,0.005798627622425556,0.00032679634750820696,0.9906390905380249,0.0008522265125066042,0.0011203341418877244,0.001233219401910901,2.9626264222315513e-05
ISIC_0034296,bkl,mel,1.5966908904374577e-05,0.00011708167585311458,0.14829988777637482,5.1166978209948866e-08,0.7211433053016663,0.13040035963058472,2.331038922420703e-05
ISIC_0032763,bkl,bkl,7.92806240497157e-05,2.839504486473743e-05,0.781757652759552,5.548994153059539e-08,0.21361660957336426,0.0045174118131399155,6.934625389476423e-07
ISIC_0034291,bkl,bkl,7.645146251888946e-05,0.0008809564751572907,0.793752908706665,3.5710004340216983e-06,0.16213665902614594,0.0429653599858284,0.0001840093027567491
ISIC_0033701,bkl,bkl,6.889936048537493e-05,4.1799936298048124e-05,0.7661112546920776,1.2555513421830256e-05,0.008539540693163872,0.22518537938594818,4.0575563616584986e-05
ISIC_0033945,bkl,bkl,0.00023772616987116635,0.00013409758685156703,0.8668698668479919,0.0003438703715801239,0.056705959141254425,0.07555174082517624,0.00015672137669753283
ISIC_0033750,bkl,bkl,6.566688171005808e-07,1.123357606047648e-06,0.9972797632217407,8.190617108994047e-07,0.00022794108372181654,0.0024859486147761345,3.670842943392927e-06
ISIC_0033490,bkl,bkl,0.0001351990649709478,2.4504197426722385e-05,0.9997355341911316,1.6610232705716044e-05,1.3218215826782398e-05,7.317590643651783e-05,1.7997090253629722e-06
ISIC_0032740,bkl,bkl,0.0004858646425418556,0.00772023294121027,0.93724125623703,5.1434311899356544e-05,0.004767471458762884,0.04949823021888733,0.00023549322213511914
ISIC_0032271,bkl,bkl,0.058762017637491226,0.009119375608861446,0.6142484545707703,0.0017130485503003001,0.001924697426147759,0.31357479095458984,0.0006577330641448498
ISIC_0029202,bkl,bkl,6.565678177139489e-06,2.355429569433909e-05,0.9993383288383484,1.0039726475952193e-05,0.00017691838729660958,0.0004260485584381968,1.862818498921115e-05
ISIC_0032124,bkl,bkl,0.00039117521373555064,0.00015985082427505404,0.995759904384613,0.0017587457550689578,0.00021208988619036973,0.0017143691657111049,3.913542968803085e-06
ISIC_0030959,bkl,bkl,4.137526588010587e-08,1.8538980839366559e-06,0.9995530247688293,2.0073711581858333e-08,0.00021955494594294578,0.00022111703583505005,4.4223220356798265e-06
ISIC_0029251,bkl,bkl,9.123304334934801e-05,1.129745101025037e-06,0.9060297012329102,8.38395180835505e-07,0.08476530760526657,0.009110264480113983,1.5399783706016024e-06
ISIC_0026291,bkl,bkl,4.7841385821811855e-06,4.234013249515556e-05,0.9998650550842285,3.750583914552408e-07,3.370069316588342e-05,5.264397623250261e-05,1.104224566006451e-06
ISIC_0029345,bkl,nv,0.004675977863371372,0.009964109398424625,0.1762094348669052,0.0043937345035374165,0.11480685323476791,0.6828625202178955,0.007087312173098326
ISIC_0028448,bkl,bkl,0.00044793167035095394,0.0005384240648709238,0.5005722641944885,0.0007386356592178345,0.014253569766879082,0.4831751883029938,0.00027398858219385147
ISIC_0032460,bkl,bkl,0.001086797215975821,0.004025234840810299,0.9499830603599548,0.0011289662215858698,0.0017191269434988499,0.041979823261499405,7.695823296671733e-05
ISIC_0026959,bkl,nv,3.2604776833977667e-07,8.643296212085261e-08,0.16378891468048096,6.501730695163133e-06,2.0826309992116876e-06,0.836201012134552,1.0392981266704737e-06
ISIC_0027167,bkl,bkl,9.901086013996974e-05,5.3673233196605e-05,0.9839854836463928,7.288157939910889e-05,0.00021223396470304579,0.015558363869786263,1.8397568055661395e-05
ISIC_0028525,bkl,nv,0.0004672900540754199,0.016219517216086388,0.04365222901105881,6.042460518074222e-05,0.010190961882472038,0.9293146133422852,9.50412213569507e-05
ISIC_0028331,bkl,bkl,0.00018599475151859224,5.694476499229495e-07,0.9888598918914795,1.8211336282547563e-05,0.00011714767606463283,0.010796082206070423,2.204214979428798e-05
ISIC_0025330,bkl,bkl,0.00016433020937256515,4.6094664867268875e-06,0.993945300579071,1.3739254427491687e-05,3.8605598092544824e-05,0.005826981272548437,6.442887297453126e-06
ISIC_0026967,bkl,bkl,4.059338152728742e-06,0.0009702747338451445,0.9964255690574646,0.0004528519930317998,0.00013175891945138574,0.0019455759320408106,6.995381409069523e-05
ISIC_0031223,bkl,bkl,3.878346319652337e-07,3.660706795471924e-07,0.9993448853492737,8.427557531831553e-07,1.3723561096412595e-06,0.0006515791174024343,4.831929913962085e-07
ISIC_0025879,bkl,bkl,1.0235861047647177e-08,3.743570786696182e-09,0.9996442794799805,3.6085392451923326e-08,1.3434981838145177e-07,0.00035551292239688337,4.9340570740241674e-08
ISIC_0025387,bkl,bkl,1.63128297572257e-05,0.00019533389422576874,0.9812756776809692,1.5128252016438637e-05,0.0006154613220132887,0.01784934103488922,3.27857123920694e-05
ISIC_0028797,bkl,bkl,1.3927355212217662e-05,0.0015565208159387112,0.9586918950080872,0.004802033770829439,0.001788842841051519,0.03286368027329445,0.00028308125911280513
ISIC_0025668,df,df,0.0056175789795815945,0.0028444090858101845,0.02699883095920086,0.9033283591270447,0.0311068557202816,0.02975860796868801,0.000345386506523937
ISIC_0032642,df,nv,0.0015762534458190203,1.1438270121288951e-05,0.001454923884011805,0.3482542335987091,0.03305535390973091,0.6156468987464905,8.843687737680739e-07
ISIC_0029248,df,df,0.01960664615035057,0.019250325858592987,0.01604483090341091,0.9130215048789978,0.0024702707305550575,0.029299017041921616,0.0003073331026826054
ISIC_0032247,df,mel,0.002160052303224802,0.02919202670454979,0.07654251903295517,0.008490241132676601,0.8456456065177917,0.02079649269580841,0.01717309094965458
ISIC_0029967,df,df,0.003337208181619644,0.002461741678416729,0.0018804047722369432,0.8558257222175598,0.12927304208278656,0.007007754873484373,0.00021407040185295045
ISIC_0028926,df,df,0.22729352116584778,0.16768674552440643,0.003528516972437501,0.5454632043838501,0.04960901290178299,0.006269209086894989,0.00014976473175920546
ISIC_0029891,df,bcc,0.2618246376514435,0.44825509190559387,0.010498229414224625,0.020356828346848488,0.2497568130493164,0.009293992072343826,1.4394966456166003e-05
ISIC_0034135,df,df,0.0049667395651340485,0.0011938696261495352,0.0005172850796952844,0.9169036746025085,0.014531942084431648,0.061673734337091446,0.00021273012680467218
ISIC_0033891,df,df,1.5996394722606055e-05,0.00030321121448650956,0.0003312822082079947,0.9981229901313782,0.0002682700287550688,0.0008368889102712274,0.00012128893285989761
ISIC_0033554,df,df,5.0030689635605086e-06,0.000701304932590574,0.029869338497519493,0.94175124168396,0.0015548241790384054,0.026100322604179382,1.8002456272370182e-05
ISIC_0033422,df,df,5.482881078933133e-06,3.896630914823618e-06,7.670116247027181e-06,0.9999029636383057,3.56507625838276e-05,4.1687755583552644e-05,2.7008318284060806e-06
ISIC_0033808,df,df,6.790384759369772e-06,3.3532587622175924e-06,6.0118527471786365e-06,0.9469891786575317,3.944122727261856e-05,0.052951354533433914,3.854662736557657e-06
ISIC_0033847,df,df,5.286621217237553e-06,2.643362222443102e-06,4.361086666904157e-06,0.9959943294525146,1.5435905879712664e-05,0.003975617699325085,2.314684934390243e-06
ISIC_0030830,df,nv,0.0011310434201732278,4.341523163020611e-05,0.01129075512290001,0.00625303341075778,0.22683106362819672,0.7544008493423462,4.981147139915265e-05
ISIC_0026254,df,bkl,0.00015492294915020466,0.011348721571266651,0.9774951338768005,0.00029588735196739435,0.003105773823335767,0.00577829172834754,0.001821266021579504
ISIC_0031271,df,df,0.0001183077838504687,0.000255346269113943,4.410736801219173e-05,0.9992823004722595,0.00014047777222003788,2.4834231226122938e-05,0.0001346300559816882
ISIC_0027141,df,df,0.0008378139464184642,0.003531383816152811,0.0003606756799854338,0.9836609959602356,0.0010162953985854983,0.0004943495732732117,0.010098522529006004
ISIC_0030623,mel,mel,1.831181907618884e-05,4.21047952841036e-05,0.016723452135920525,1.220777539856499e-05,0.7027408480644226,0.27815088629722595,0.0023121119011193514
ISIC_0026993,mel,mel,2.061426812360878e-06,1.0713405345086358e-06,1.6133230019477196e-05,8.164021210177452e-07,0.9998487234115601,6.723743717884645e-05,6.394108640961349e-05
ISIC_0028412,mel,mel,1.1024135346815456e-05,8.715994226804469e-06,5.818506565447024e-07,9.73431838247052e-07,0.9931899905204773,0.006788020953536034,7.773179504511063e-07
ISIC_0026531,mel,mel,2.5948014808818698e-05,1.129639713326469e-06,1.666410935285967e-05,4.10167422160157e-06,0.9992538094520569,0.0006973264389671385,9.707522394819534e-07
ISIC_0032396,mel,mel,6.891721568536013e-05,5.296962626744062e-05,0.005143826361745596,4.624867142410949e-05,0.9932317733764648,0.0014426414854824543,1.3673648936673999e-05
ISIC_0031499,mel,mel,0.008243564516305923,5.133567356097046e-06,0.0025860918685793877,7.502561493311077e-05,0.8972500562667847,0.0918327122926712,7.4097847573284525e-06
ISIC_0030486,mel,mel,0.004993514157831669,0.013210023753345013,0.06268360465765,0.0012019078712910414,0.8913480043411255,0.02649424970149994,6.871433288324624e-05
ISIC_0027125,mel,mel,0.0005394548643380404,0.0003031630767509341,0.0017744534416124225,0.000718962459359318,0.7803419232368469,0.21629656851291656,2.5473513233009726e-05
ISIC_0024367,mel,nv,1.789625639503356e-05,2.7733797196560772e-06,5.8563782658893615e-05,6.688819121336564e-05,0.20383420586585999,0.7960179448127747,1.7811147472457378e-06
ISIC_0032079,mel,mel,0.006347490008920431,0.02041896991431713,0.009200152941048145,0.0003459537401795387,0.9496588110923767,0.013919544406235218,0.00010904060036409646
ISIC_0032400,mel,mel,3.5074801871814998e-06,2.9080804324621568e-06,0.0006314301863312721,1.1673874723783229e-05,0.9797822833061218,0.01815054938197136,0.001417593564838171
ISIC_0030211,mel,mel,7.780467421980575e-05,1.545583836559672e-05,0.0003376152308192104,7.338694558711722e-07,0.9994074106216431,0.00011542766878847033,4.554383485810831e-05
ISIC_0027769,mel,mel,0.014632399193942547,0.009361944161355495,0.07931272685527802,0.028683386743068695,0.6153400540351868,0.24634277820587158,0.0063266512006521225
ISIC_0029913,mel,mel,2.050234343187185e-06,4.3545981043280335e-07,5.640414747176692e-05,0.0002878928789868951,0.8861626386642456,0.11346472799777985,2.58935870078858e-05
ISIC_0031557,mel,mel,6.162214504001895e-06,2.086482163576875e-05,0.00659566605463624,2.7977775971521623e-06,0.9426858425140381,0.0506623201072216,2.6291374524589628e-05
ISIC_0028901,mel,nv,8.371635885850992e-06,0.0011040784884244204,0.0003037087735719979,0.0021710884757339954,0.0006194101879373193,0.9955184459686279,0.0002749474660959095
ISIC_0032098,mel,vasc,0.005724228452891111,0.0693143755197525,0.030087092891335487,0.02855500765144825,0.038676269352436066,0.20613817870616913,0.6215049028396606
ISIC_0025603,mel,mel,9.853113442659378e-05,0.0002130233042407781,0.004657160956412554,1.3541824955609627e-05,0.5092494487762451,0.485720694065094,4.764767800224945e-05
ISIC_0032044,mel,mel,0.0004949900903739035,1.4468771496467525e-06,0.0015292733442038298,1.0023103413914214e-06,0.9950426816940308,0.002929943148046732,6.180085847518058e-07
ISIC_0024886,mel,mel,0.00017641055455897003,0.0009543848573230207,0.01348945777863264,1.521599006082397e-05,0.9430410861968994,0.04207393154501915,0.0002494791988283396
ISIC_0027102,mel,mel,0.0002588583156466484,0.020314721390604973,0.004210749175399542,0.0022148103453218937,0.898285448551178,0.004492838867008686,0.0702226310968399
ISIC_0031369,mel,mel,0.007661870680749416,0.002537335501983762,0.014319399371743202,0.15890178084373474,0.8044418692588806,0.012109721079468727,2.7995516575174406e-05
ISIC_0029547,mel,mel,0.0013731778599321842,0.024281857535243034,0.009645500220358372,6.541918992297724e-05,0.9550224542617798,0.009610914625227451,5.370361577661242e-07
ISIC_0027060,mel,nv,1.2449615383047785e-07,2.5758811261766823e-07,0.0003616027534008026,2.2644310604391649e-07,0.36823680996894836,0.6313899755477905,1.1063641068176366e-05
ISIC_0025996,mel,mel,1.1367034602471904e-07,5.310962691851273e-08,1.5792835483807721e-06,5.441626171887037e-07,0.9992928504943848,0.0007043110090307891,5.111076575303741e-07
ISIC_0031779,mel,mel,2.008607225434389e-05,2.6547656943876063e-06,0.029634997248649597,8.618778792879311e-07,0.8944464325904846,0.0758894681930542,5.509202310349792e-06
ISIC_0028442,mel,mel,0.04224514961242676,0.012919086962938309,0.024487612769007683,0.00017489594756625593,0.8514568209648132,0.06868191063404083,3.453258614172228e-05
ISIC_0031977,mel,nv,2.560351930469551e-09,1.047653075403332e-08,0.0011334136361256242,3.0793161354125687e-09,0.0011241489555686712,0.9977424144744873,8.115671690234194e-09
ISIC_0031517,mel,mel,5.3813558054116584e-08,7.791543339408236e-07,4.5518201659433544e-05,9.031076615428901e-07,0.99934321641922,0.000609393697232008,2.3911150037747575e-07
ISIC_0029473,mel,mel,0.0003281379758846015,0.0021549214143306017,0.047435443848371506,0.0012022831942886114,0.9142991900444031,0.03443050757050514,0.00014941081462893635
ISIC_0029571,mel,mel,4.026781255106471e-07,3.8238354136410635e-06,0.00015614675066899508,4.1821851937129395e-07,0.5594553351402283,0.44037988781929016,3.995972292614169e-06
ISIC_0032220,mel,nv,0.0004750444204546511,0.15906444191932678,0.02388549968600273,0.005575587507337332,0.005195369012653828,0.7766826152801514,0.02912154234945774
ISIC_0028127,mel,mel,1.5638740933354711e-06,3.176427014750516e-07,1.823671254896908e-06,2.7689136317121665e-08,0.9988598823547363,0.00113616231828928,1.8073053809075645e-07
ISIC_0029241,mel,mel,0.0033888656180351973,0.00013773034152109176,0.31579604744911194,1.169144070445327e-06,0.6714029312133789,0.009272024035453796,1.31138619963167e-06
ISIC_0024875,mel,mel,0.0010530243162065744,0.21802885830402374,0.002350517315790057,5.129823875904549e-06,0.7775478959083557,0.0010105977999046445,3.945306616515154e-06
ISIC_0030552,mel,nv,0.014562468975782394,0.00018499488942325115,0.0010178834199905396,0.05855366960167885,0.3647398054599762,0.5609031915664673,3.7991205317666754e-05
ISIC_0028029,mel,mel,2.5711879061418585e-06,3.914288413398026e-07,0.003346105571836233,4.5126949288487594e-08,0.8547253608703613,0.14192233979701996,3.2907826152950292e-06
ISIC_0025489,mel,nv,8.401319973927457e-06,7.105169515853049e-06,0.00011957727110711858,3.2839793675520923e-06,0.3092464804649353,0.6905853748321533,2.9867756893509068e-05
ISIC_0025265,mel,mel,0.013089959509670734,0.00026415911270305514,0.00883520394563675,6.57069540466182e-05,0.8327839970588684,0.14491261541843414,4.8397087084595114e-05
ISIC_0028489,mel,nv,9.110982318816241e-06,1.7918839603225933e-06,0.0031278561800718307,6.523666797875194e-07,0.4383705258369446,0.5584444403648376,4.558155342238024e-05
ISIC_0027260,mel,mel,4.0757637975730177e-07,1.612588533816961e-07,1.4531890883517917e-05,5.072384290372156e-09,0.9933180809020996,0.006666783709079027,2.7951962522365648e-08
ISIC_0026996,mel,nv,5.367755306906474e-08,3.2983085151983005e-09,0.004187914542853832,7.261501622224387e-09,0.0029072242323309183,0.9929048418998718,5.108305778378508e-09
ISIC_0029562,mel,bcc,0.0018775919452309608,0.4751298129558563,0.03938974812626839,0.017235837876796722,0.021634234115481377,0.444230854511261,0.000501869129948318
ISIC_0033268,mel,nv,7.56242741317692e-07,1.7057884633686626e-06,2.4762355224083876e-06,3.615193975292641e-07,0.032499417662620544,0.9674938321113586,1.4280818732004263e-06
ISIC_0033834,mel,mel,0.00012987494119443,1.3668843621417182e-06,1.8705817637965083e-05,5.390149908635067e-07,0.9996651411056519,0.00018421003187540919,1.1956159085002582e-07
ISIC_0033678,mel,mel,3.8952347836129775e-07,1.2036043273155883e-08,1.1395361809718452e-07,2.629960693667499e-09,0.9999915361404419,7.916065442259423e-06,1.4338530363033897e-09
ISIC_0033975,mel,mel,6.737991498084739e-07,0.00012008230260107666,0.012555268593132496,0.0006584556540474296,0.8035141825675964,0.1826619803905487,0.000489313795696944
ISIC_0034118,mel,mel,1.7049173095529113e-07,2.4610667281876886e-08,7.303073653019965e-05,5.051678542145055e-08,0.6815236210823059,0.31840285658836365,2.3281288008547563e-07
ISIC_0033831,mel,mel,0.005915310699492693,0.00015523216279689223,0.060589708387851715,2.7047019102610648e-05,0.9279110431671143,0.005181082058697939,0.00022063990763854235
ISIC_0032583,mel,mel,0.002768488833680749,0.004052435047924519,0.00021590085816569626,0.00044755497947335243,0.9866175055503845,0.005852599162608385,4.5480999688152224e-05
ISIC_0032564,mel,mel,0.0006930438685230911,0.005918947979807854,0.003656298154965043,0.0009487301576882601,0.9478128552436829,0.000374043156625703,0.04059603810310364
ISIC_0032993,mel,mel,8.767958206590265e-06,0.0002060747501673177,0.00018601739429868758,0.00017198891146108508,0.9665644764900208,0.03262302652001381,0.00023971799237187952
ISIC_0033154,mel,nv,2.2421936307637225e-08,2.4485440341948106e-09,2.2002659534337e-05,2.0595922189947657e-10,0.1780136674642563,0.8219642639160156,3.002813997454723e-08
ISIC_0034222,mel,nv,0.000642515835352242,0.006059437524527311,0.002722980221733451,0.00029477878706529737,0.16720467805862427,0.8230550289154053,2.062462408503052e-05
ISIC_0034064,mel,nv,5.932077783654677e-06,0.005304145161062479,0.00041193945799022913,4.6733952331123874e-05,0.03446793556213379,0.95975661277771,6.735387614753563e-06
ISIC_0033902,mel,mel,0.0016545912949368358,0.006409770809113979,0.0033868514001369476,0.0017471517203375697,0.9365418553352356,0.04569306969642639,0.004566752351820469
ISIC_0032840,mel,mel,8.153017006407026e-06,0.00210819230414927,0.000338758691214025,5.220128150540404e-05,0.9881398677825928,0.009332315064966679,2.0540179320960306e-05
ISIC_0033570,mel,mel,4.029966021334985e-06,0.0005433264886960387,3.9113798266043887e-05,0.00014440460654441267,0.994438648223877,0.004815851338207722,1.4569431186828297e-05
ISIC_0033129,mel,mel,1.8048182027996518e-05,9.790871990844607e-05,1.394293849443784e-05,6.14456002949737e-05,0.9992266893386841,0.00034692289773374796,0.0002349642018089071
ISIC_0033325,mel,bcc,0.003330118488520384,0.5669592022895813,0.03429979085922241,0.01329708844423294,0.3515625,0.0292873103171587,0.0012639535125344992
ISIC_0033068,mel,mel,0.10624776035547256,0.0001142393157351762,0.2895386219024658,2.897120612033177e-05,0.5616488456726074,0.0424080528318882,1.3484880582836922e-05
ISIC_0032892,mel,mel,2.1413002286863048e-06,5.226127086643828e-07,1.2481306157496874e-06,2.722192782300681e-08,0.999984622001648,1.1417866517149378e-05,2.5384663260297202e-08
ISIC_0026976,mel,nv,6.168026629893575e-06,5.239622851149761e-07,0.0014054110506549478,4.007717507192865e-06,0.3930806815624237,0.6054992079734802,3.946772721974412e-06
ISIC_0032844,mel,mel,0.0008411719463765621,1.672064627200598e-06,9.040129953064024e-06,5.412996415543603e-06,0.9976217150688171,0.0015206191455945373,3.680012241602526e-07
ISIC_0034059,mel,mel,6.851348075542774e-07,4.788114165421575e-05,2.3686974600423127e-05,4.0805434764479287e-07,0.9896398782730103,0.010287309065461159,1.2084008460533369e-07
ISIC_0033272,mel,mel,0.0834798738360405,0.00012829569459427148,0.16616880893707275,0.0002812428283505142,0.7413582801818848,0.008524619974195957,5.888651867280714e-05
ISIC_0032718,mel,bcc,0.00020720464817713946,0.5025871992111206,0.08183193951845169,0.00011285339860478416,0.20340202748775482,0.21165861189365387,0.0002001537213800475
ISIC_0034269,mel,mel,0.006244895048439503,0.001460724393837154,0.022054152563214302,7.557853678008541e-05,0.781138002872467,0.1886717677116394,0.00035481827217154205
ISIC_0032598,mel,mel,2.3759162104397546e-07,1.0310195364127139e-07,9.988344572775532e-06,2.2368250540694135e-07,0.6684535145759583,0.33153533935546875,6.484367531811586e-07
ISIC_0033004,mel,nv,0.0002681733458302915,0.0008791421423666179,0.0015269386349245906,0.007575720548629761,0.3974122703075409,0.5917344093322754,0.0006033152458257973
ISIC_0032072,mel,mel,0.04021114483475685,0.047769978642463684,0.07168397307395935,0.007496873382478952,0.7302287220954895,0.10241875052452087,0.00019066537788603455
ISIC_0033687,mel,nv,4.330552474129945e-05,9.332683475804515e-06,6.410172500181943e-05,4.675883974414319e-05,0.28735071420669556,0.7124815583229065,4.235311280353926e-06
ISIC_0032812,mel,nv,6.705746374846555e-11,1.9537183959528193e-07,2.128407139423416e-08,1.0319711662987174e-07,3.479904989944771e-05,0.9999648332595825,2.8518305938973754e-08
ISIC_0033038,mel,mel,3.02233784168493e-05,9.692324965726584e-06,1.0642413599271094e-06,3.375572077857214e-06,0.9992849230766296,0.0006703639519400895,3.304369897705328e-07
ISIC_0033630,mel,mel,0.00012999158934690058,2.2710578377882484e-06,0.012734755873680115,3.30812014226467e-07,0.9843134880065918,0.0028188670985400677,2.615840628550359e-07
ISIC_0033209,mel,nv,0.0013143785763531923,5.563078047998715e-06,0.0009754450875334442,4.645266926672775e-06,0.24271836876869202,0.7549616098403931,1.9936840544687584e-05
ISIC_0034074,mel,mel,6.385449523804709e-05,6.579407909157453e-06,0.0002720580669119954,8.258460866272799e-07,0.9894110560417175,0.010242274031043053,3.3435319437558064e-06
ISIC_0032622,mel,mel,0.0001418774190824479,9.981922630686313e-05,0.0003877998678945005,0.00010903576185228303,0.9960737228393555,0.002559313317760825,0.0006284179980866611
ISIC_0033883,mel,mel,3.654546844700235e-06,1.1181019772266154e-06,0.001681149355135858,3.038785735043348e-06,0.9284458756446838,0.0698641911149025,9.913110261550173e-07
ISIC_0033470,mel,mel,5.0471957280251445e-08,3.9166621945696534e-07,1.1170399375259876e-05,5.271863301459234e-07,0.9905931353569031,0.00939282588660717,1.9200874703528825e-06
ISIC_0024482,mel,mel,0.0011636246927082539,9.185559868285509e-09,1.3182458133087493e-05,1.1072612160489825e-08,0.9986135959625244,0.00020946265431120992,4.380512397261782e-09
ISIC_0033863,mel,mel,5.07209233546746e-06,5.384040377975907e-06,0.00025833401014097035,2.5966126486309804e-05,0.834136426448822,0.16556240618228912,6.368554750224575e-06
ISIC_0034242,mel,mel,3.838888460450107e-06,5.520002105185995e-06,0.0010841644834727049,1.682912443357054e-05,0.8010998368263245,0.19769728183746338,9.253565804101527e-05
ISIC_0032913,mel,mel,8.477905453219137e-07,5.586327134210478e-08,1.2591371159942355e-05,8.09618398989187e-08,0.9995238780975342,0.0004625560832209885,5.8528460300522056e-08
ISIC_0033981,mel,mel,3.3581686693651136e-06,9.281786788051249e-07,1.6583768228883855e-05,3.93660957342945e-06,0.9739567041397095,0.02601352520287037,5.00491660204716e-06
ISIC_0034188,mel,vasc,1.507679598944378e-07,4.329664807301015e-05,0.0002769760903902352,0.0009794640354812145,0.006475455593317747,0.05369136109948158,0.9385331869125366
ISIC_0032684,mel,mel,2.516755330361775e-06,3.476674692137749e-06,0.0008401066879741848,7.918596907074971e-07,0.9820469617843628,0.017093507573008537,1.2568975762405898e-05
ISIC_0032836,mel,mel,0.00016618461813777685,8.294303552247584e-05,0.0018460017163306475,0.00022026320220902562,0.5063281655311584,0.49033352732658386,0.0010228962637484074
ISIC_0033546,mel,nv,8.441177756779439e-10,5.571074623844652e-08,6.234920988390513e-07,1.6626851007117693e-08,0.002485590521246195,0.9975137710571289,6.826187615160961e-08
ISIC_0027306,mel,mel,2.1117628534739197e-07,1.9745434656215366e-06,4.7061224904609844e-05,3.2030433771979006e-07,0.9981368780136108,0.0018010990461334586,1.2453700946934987e-05
ISIC_0032552,mel,bkl,0.004015504382550716,0.0002822310198098421,0.9476211667060852,0.00019386671192478389,0.02283678762614727,0.024709992110729218,0.00034051723196171224
ISIC_0033300,mel,nv,3.2836288710313966e-07,2.5455777930005752e-08,4.7934909161995165e-06,5.394472282205243e-07,0.026839399710297585,0.9731541275978088,7.556132004538085e-07
ISIC_0033611,mel,nv,1.708968540015121e-07,1.5991119539648935e-07,2.8106082027079538e-05,4.7356017773836356e-08,0.22423475980758667,0.7757365107536316,2.2336624283525452e-07
ISIC_0033586,mel,nv,6.948637292225612e-07,1.71331421938703e-07,0.03982089087367058,1.4754734323219054e-08,0.0657336413860321,0.8944439888000488,5.682270511897514e-07
ISIC_0033029,mel,nv,1.3186520845920313e-05,0.015507643111050129,0.0010600565001368523,2.8482098059612326e-05,0.3611285090446472,0.6222332715988159,2.875856080208905e-05
ISIC_0033670,mel,mel,1.1734825875464594e-06,1.8538446511229267e-06,0.0005324225639924407,3.9457719935853675e-07,0.9827609658241272,0.01669897884130478,4.15547128795879e-06
ISIC_0032509,mel,nv,0.0006510119419544935,0.00012089055235264823,0.01249516848474741,3.534417373884935e-06,0.09513106197118759,0.8915645480155945,3.380062116775662e-05
ISIC_0032592,mel,vasc,0.0025207707658410072,0.05070263147354126,0.0009807497262954712,0.01793968304991722,0.00963168777525425,0.0013461956987157464,0.9168782234191895
ISIC_0032687,mel,nv,4.041935972054489e-05,2.1021225620643236e-05,0.0003558981989044696,0.014342674985527992,0.36938920617103577,0.615760087966919,9.068927465705201e-05
ISIC_0033055,mel,nv,0.00040165186510421336,0.0007754323305562139,0.002392287366092205,0.32273101806640625,0.27536875009536743,0.39761456847190857,0.0007163456175476313
ISIC_0033487,mel,nv,0.006300451699644327,0.01844409853219986,0.10435885936021805,0.000324483698932454,0.3082497715950012,0.5579759478569031,0.004346415866166353
ISIC_0033957,mel,mel,0.00012114776473026723,4.730935359020805e-07,1.2734386700685718e-06,2.382443199167028e-06,0.9763599038124084,0.023514490574598312,3.226390390409506e-07
ISIC_0032626,mel,mel,0.0007438099710270762,0.006423491053283215,0.030620088800787926,0.00010579289664747193,0.9483532309532166,0.0035182153806090355,0.0102353785187006
ISIC_0033051,mel,mel,4.433543381310301e-06,0.00013329456851352006,0.007484375033527613,1.8669441487872973e-05,0.9535996317863464,0.003726622322574258,0.03503304347395897
ISIC_0027149,mel,mel,2.5385877961525694e-05,2.477805992384674e-06,0.00020684867922682315,3.151990540573024e-06,0.8320209383964539,0.1677362620830536,4.864308266405715e-06
ISIC_0032918,mel,mel,2.9772581910947338e-05,3.36346602125559e-05,0.00017349929839838296,2.2095160602475516e-05,0.9699933528900146,0.02973676472902298,1.0976561497955117e-05
ISIC_0033752,mel,bkl,0.2497713565826416,0.09455014765262604,0.3657945692539215,0.012818573042750359,0.11825912445783615,0.1576356440782547,0.0011706490768119693
ISIC_0033730,mel,mel,6.758198196621379e-07,1.9561974795578863e-07,0.00012132536357967183,8.595043254899792e-08,0.9969889521598816,0.0028878599405288696,8.009455996216275e-07
ISIC_0032975,mel,mel,8.750414053793065e-06,7.069753564792336e-07,0.004309670999646187,7.830736308278574e-07,0.9862222075462341,0.009455171413719654,2.7433698051027022e-06
ISIC_0033114,mel,mel,3.536804433679208e-05,0.0002882844128180295,0.00987873412668705,2.9662071028724313e-05,0.9779635071754456,0.010194525122642517,0.0016100043430924416
ISIC_0030150,mel,mel,0.008283074013888836,0.0009275120683014393,0.14298754930496216,1.3802152807329549e-06,0.8374313116073608,0.010363716632127762,5.4500665100931656e-06
ISIC_0031233,mel,nv,0.008828599005937576,3.361351627972908e-05,0.10607532411813736,0.000978766824118793,0.052962977439165115,0.8309230208396912,0.00019782419258262962
ISIC_0027204,mel,mel,0.014493203721940517,0.002094225725159049,0.30773040652275085,0.0017079160315915942,0.6237207651138306,0.04843292012810707,0.0018206489039584994
ISIC_0028173,mel,nv,2.3933926058816724e-05,0.0028544424567371607,0.0023663819301873446,0.000266114657279104,0.01200578361749649,0.9824436902999878,3.9626982470508665e-05
ISIC_0026770,mel,mel,0.0008116009412333369,0.001485912362113595,0.02133764512836933,0.0005109640769660473,0.9478877186775208,0.009309657849371433,0.018656622618436813
ISIC_0025512,mel,mel,0.00015781568072270602,0.000744903227314353,0.016302697360515594,5.706244337488897e-05,0.9241812825202942,0.057556670159101486,0.0009995235595852137
ISIC_0025963,mel,mel,3.898366412613541e-05,0.00033635596628300846,0.0035991864278912544,3.623034899646882e-06,0.7868431210517883,0.20293571054935455,0.00624291505664587
ISIC_0032134,mel,mel,9.245184173778398e-08,1.0939881178728683e-07,4.517502020462416e-06,1.7053434220315467e-08,0.9996463060379028,0.0003484492772258818,5.364106527849799e-07
ISIC_0027561,mel,bkl,3.3400283427909017e-05,2.4882922389224404e-08,0.994827926158905,8.967690590111488e-09,0.0008709878311492503,0.004267622716724873,3.3442766333990903e-09
ISIC_0025316,mel,nv,0.0002693505957722664,2.909448085119948e-06,0.0021624763030558825,1.516807401458209e-06,0.1128028929233551,0.8847570419311523,3.858210220641922e-06
ISIC_0029316,mel,mel,9.615411545382813e-05,0.00010262891737511382,2.740122909017373e-05,0.00016181834507733583,0.9382868409156799,0.060909878462553024,0.0004151950706727803
ISIC_0030356,mel,bkl,0.016286039724946022,0.005972329527139664,0.6944832801818848,0.0016195731004700065,0.26773861050605774,0.009440090507268906,0.004460080526769161
ISIC_0025145,mel,mel,0.0003800370614044368,6.039686195435934e-05,0.0036746179684996605,0.00014871454914100468,0.7299092411994934,0.26563599705696106,0.00019101190264336765
ISIC_0031999,mel,nv,0.002386696171015501,0.05864426866173744,0.13729141652584076,0.000754486070945859,0.11935348808765411,0.6797398924827576,0.0018297199858352542
ISIC_0028481,mel,mel,2.519779263820965e-05,2.1711134650104214e-06,6.472300447057933e-05,8.360893843928352e-07,0.9975183010101318,0.0023881548549979925,6.610499099224398e-07
ISIC_0029172,mel,mel,0.0018427596660330892,2.1900795843521337e-07,0.0005221423925831914,1.1868721117025416e-07,0.99442058801651,0.003214118303731084,6.011517683646161e-08
ISIC_0031386,mel,nv,8.052517659962177e-05,9.438511187909171e-05,0.004223489202558994,0.001210561953485012,0.2127082347869873,0.7805007100105286,0.0011821482330560684
ISIC_0027302,mel,nv,2.1844888564714893e-08,2.1831057850363322e-08,6.277630745898932e-06,6.36647428109427e-08,0.006701371632516384,0.9932920932769775,1.2191702580821584e-07
ISIC_0028548,mel,nv,0.0023087833542376757,0.0013645297149196267,0.00494038313627243,3.4221538953715935e-05,0.1985020786523819,0.7928402423858643,9.808917639020365e-06
ISIC_0032036,mel,mel,0.009068945422768593,0.0013936682371422648,0.03822549432516098,0.0010270063066855073,0.8195828795433044,0.1301611214876175,0.0005408209981396794
ISIC_0029843,mel,nv,1.2786159686584142e-06,5.815042527501646e-07,4.264828749001026e-05,2.9602799145322933e-07,0.008305015973746777,0.9916497468948364,3.806084123425535e-07
ISIC_0029454,mel,bkl,0.015389538370072842,0.00012754715862683952,0.48046988248825073,5.387553392210975e-05,0.43896129727363586,0.06498333811759949,1.4472841030510608e-05
ISIC_0028051,mel,mel,5.173839599592611e-05,4.664544576371554e-06,0.0008338869665749371,2.4457217477902304e-06,0.7459913492202759,0.25311243534088135,3.482860847725533e-06
ISIC_0027328,mel,mel,0.09489481151103973,5.341705764294602e-05,0.01699964888393879,3.699009766933159e-06,0.886829137802124,0.0012150189140811563,4.27199711339199e-06
ISIC_0024546,mel,mel,0.0402996651828289,0.0008665543282404542,0.0064933584071695805,0.0004889746196568012,0.848105251789093,0.10372597724199295,2.0280853277654387e-05
ISIC_0030382,mel,mel,0.014759828336536884,0.00022592939785681665,0.03404029831290245,0.0005883034318685532,0.7634632587432861,0.1868748962879181,4.747295315610245e-05
ISIC_0028017,mel,nv,2.4604752979939803e-05,5.043704732088372e-06,0.00017064789426513016,2.361237648074166e-06,0.09286627173423767,0.9069284796714783,2.50678795055137e-06
ISIC_0028288,mel,mel,0.000588561175391078,0.0029716750141233206,7.536233897553757e-05,2.026194124482572e-05,0.9871084094047546,0.009210154414176941,2.557976040407084e-05
ISIC_0027030,mel,mel,0.00013856816804036498,0.00018331845058128238,0.00036421275581233203,2.6856980184675194e-05,0.996269941329956,0.00301230582408607,4.793171683559194e-06
ISIC_0030689,mel,nv,0.0009220055071637034,5.8412722864886746e-05,0.1880568414926529,2.8876022042823024e-05,0.35608282685279846,0.45484721660614014,3.837690655927872e-06
ISIC_0024516,mel,nv,0.0009418043191544712,8.593850111537904e-07,4.275752871762961e-05,7.071017171256244e-05,0.11085056513547897,0.8880892992019653,4.060545052197995e-06
ISIC_0029744,mel,mel,6.0457136896729935e-06,0.00017856327758636326,9.215171303367242e-05,0.000375961943063885,0.9942164421081543,0.00335914664901793,0.0017716556321829557
ISIC_0024351,mel,nv,0.00034836994018405676,0.001265276107005775,8.655241981614381e-05,3.2201871363213286e-05,0.2440398782491684,0.7540962100028992,0.00013152987230569124
ISIC_0026916,mel,mel,8.261207540272153e-07,3.0398877015613834e-07,5.308855634211795e-06,3.966892236917374e-08,0.9999333620071411,6.014611790305935e-05,7.884128194746154e-08
ISIC_0029319,mel,nv,0.0006800080300308764,0.0005618159775622189,0.037768833339214325,7.851901318645105e-05,0.4355810582637787,0.5243119597434998,0.0010178140364587307
ISIC_0028898,mel,mel,1.6240941249634488e-06,6.427659968721855e-07,5.051088737673126e-05,3.3261267162743025e-07,0.6948560476303101,0.3050798773765564,1.0980983461195137e-05
ISIC_0025413,mel,mel,0.00034945187508128583,1.3496120118361432e-05,1.1147533768962603e-05,1.5992953876775573e-06,0.9969356060028076,0.002687223255634308,1.5497973890887806e-06
ISIC_0027663,mel,nv,0.0001800831378204748,2.8604157705558464e-05,1.9794859326793812e-05,0.004556164611130953,0.01748691312968731,0.9777217507362366,6.778284841857385e-06
ISIC_0030423,mel,mel,2.1130579625605606e-05,1.1810067007900216e-05,0.0014611977385357022,2.1100827325426508e-06,0.9973040819168091,0.0011971346102654934,2.464016233716393e-06
ISIC_0026897,mel,nv,0.0029545677825808525,7.911815191619098e-05,0.007068903651088476,4.6375542297028005e-05,0.1074022501707077,0.8823744058609009,7.435851148329675e-05
ISIC_0030695,mel,mel,0.00019065265951212496,4.73262625746429e-05,0.0014579998096451163,1.8905742763308808e-05,0.98820960521698,0.010063695721328259,1.1866935892612673e-05
ISIC_0024679,mel,mel,0.0003131945268251002,1.8605974219099153e-06,0.011444130912423134,6.3212637542164885e-06,0.9725521802902222,0.015680180862545967,2.173398570448626e-06
ISIC_0025832,mel,mel,1.1931040262425086e-06,3.0859730486554326e-06,0.0001573099143570289,2.05532693087207e-08,0.9773894548416138,0.022448260337114334,7.050815042930481e-07
ISIC_0027179,mel,mel,0.004443423356860876,0.002365132560953498,0.020304953679442406,0.04377005249261856,0.9118174314498901,0.01718446984887123,0.00011454619379946962
ISIC_0026930,mel,mel,0.01752077415585518,0.0007213256903924048,0.005116743501275778,4.402348349685781e-05,0.672204315662384,0.30432072281837463,7.214085781015456e-05
ISIC_0026738,mel,mel,9.319647506345063e-05,2.3339836729974195e-07,0.00014570368512067944,2.4035189838400584e-08,0.9987077713012695,0.0010530584258958697,5.324418683727572e-09
ISIC_0032207,mel,nv,0.00013122819655109197,0.001359393703751266,0.18358193337917328,7.808968803146854e-06,0.20427006483078003,0.6105775833129883,7.207354065030813e-05
ISIC_0024733,mel,nv,0.2064298391342163,0.006937004160135984,0.0019504439551383257,0.00011672545952023938,0.35056084394454956,0.433867484331131,0.00013771260273642838
ISIC_0031821,mel,mel,0.0031199564691632986,0.008637700229883194,0.10161234438419342,0.000126201324746944,0.5351284146308899,0.349881112575531,0.0014942230191081762
ISIC_0025128,mel,mel,0.0036171223036944866,0.0011517746606841683,0.0040496098808944225,6.668411515420303e-05,0.770546019077301,0.22001725435256958,0.0005515581578947604
ISIC_0028156,mel,mel,7.450241537299007e-05,3.916812261195446e-07,0.0008072173804976046,9.513993290966027e-07,0.9430733323097229,0.05604277551174164,7.65598770158249e-07
ISIC_0030901,mel,mel,2.1358266167226247e-05,0.00010163923434447497,0.29709142446517944,1.6805481209303252e-05,0.4760756492614746,0.22572781145572662,0.0009654206805862486
ISIC_0030995,mel,bkl,1.5989886605893844e-06,1.0442880693517509e-06,0.9134209752082825,1.8559676107088308e-07,0.0536416731774807,0.03293395787477493,5.872580004506744e-07
ISIC_0031368,mel,bkl,0.002117651281878352,0.0005096141831018031,0.6308149099349976,6.552527338499203e-05,0.28100520372390747,0.08521836251020432,0.0002687837986741215
ISIC_0025724,mel,nv,8.996884304224295e-08,5.692443664884195e-06,0.000166697587701492,2.0029615370731335e-06,0.021243629977107048,0.9783623814582825,0.0002194990374846384
ISIC_0027067,mel,nv,0.0003511140530463308,0.000386073807021603,0.053682759404182434,2.928560661530355e-06,0.39957401156425476,0.5459948182106018,8.266889381047804e-06
ISIC_0025941,mel,akiec,0.9006918668746948,0.0003234964678995311,0.023791147395968437,0.0007272592629306018,0.025608213618397713,0.04882892966270447,2.917243546107784e-05
ISIC_0031901,vasc,bcc,4.859041382587748e-06,0.6754007339477539,0.0005602625897154212,0.005682726856321096,0.0013126070844009519,0.10198284685611725,0.2150558978319168
ISIC_0026092,vasc,vasc,2.1173400455154479e-07,6.56173870083876e-05,6.178581770655001e-06,1.1802859262388665e-05,1.3766263691650238e-05,6.43979583401233e-05,0.9998379945755005
ISIC_0030956,vasc,vasc,2.866709358784192e-08,2.986770596180577e-06,2.9244072266010335e-06,3.490224344204762e-06,2.6085896024596877e-05,2.787266748782713e-05,0.999936580657959
ISIC_0027983,vasc,bcc,9.117581066675484e-05,0.5672302842140198,0.005176697392016649,0.0007122030947357416,1.8591023035696708e-05,0.015496835112571716,0.41127416491508484
ISIC_0027672,vasc,vasc,1.2645297431390645e-07,0.0004606518486980349,2.6081443138536997e-06,1.0369322808401193e-05,2.2958753106649965e-05,0.00012206372775835916,0.9993811845779419
ISIC_0033031,vasc,vasc,0.00042062433203682303,0.001990305492654443,0.0004429356486070901,0.0020333626307547092,0.004852850455790758,0.000226036281674169,0.9900339245796204
ISIC_0032919,vasc,vasc,6.271089869613888e-09,1.618715714357677e-06,2.95987291565325e-07,2.0322404452599585e-06,8.674497848915053e-07,1.2283593605388887e-05,0.9999829530715942
ISIC_0033230,vasc,vasc,1.7980496522795875e-06,0.02540024369955063,5.758372935815714e-05,7.321505108848214e-05,0.01315393578261137,0.002862495370209217,0.9584507346153259
ISIC_0032270,vasc,nv,4.526281827565981e-06,0.0013858913443982601,0.00043820886639878154,0.010559601709246635,0.013801350258290768,0.6769888401031494,0.29682156443595886
ISIC_0026876,vasc,vasc,2.147105071514943e-08,1.71823614891764e-06,7.468465810234193e-07,3.7874506233492866e-06,7.387036930595059e-06,1.2471207810449414e-05,0.9999738931655884
ISIC_0025924,vasc,vasc,2.0856723494944163e-06,0.00028877079603262246,0.0003167905379086733,1.464549404772697e-05,0.00046170377754606307,0.0013608966255560517,0.9975551962852478
ISIC_0027256,vasc,vasc,9.032153513999219e-08,6.110342837928329e-06,5.314324425853556e-06,7.716826985415537e-06,7.707883014518302e-06,5.623603647109121e-05,0.9999167919158936
ISIC_0032890,vasc,vasc,1.4542763437930262e-08,6.1425539570336696e-06,3.49160063706222e-06,1.1867014109157026e-06,2.2578873540624045e-05,2.6706935386755504e-05,0.9999397993087769
ISIC_0031706,vasc,vasc,2.458703534102824e-07,5.77955734115676e-06,8.30143744678935e-06,6.553138973686146e-06,2.675377982086502e-05,1.8499169527785853e-05,0.9999337196350098
ISIC_0025677,vasc,vasc,1.3993631000630558e-05,0.00023108383174985647,0.002635182347148657,0.00192767393309623,0.00021713432215619832,0.0013571166200563312,0.9936177730560303
ISIC_0028680,vasc,vasc,2.7981724315395695e-07,1.5202044778561685e-05,1.3363937796384562e-05,3.84040322387591e-06,1.866549973783549e-05,0.00016766904445830733,0.9997809529304504
ISIC_0029742,vasc,vasc,8.607681593275629e-06,0.00011448071745689958,0.0002639931917656213,0.0006115250289440155,0.00023709374363534153,9.425785538041964e-05,0.9986701011657715
ISIC_0026490,vasc,vasc,1.4600379472540226e-05,0.00018791122420225292,0.0009679480572231114,0.00016779577708803117,0.00015581240586470813,0.002512601902708411,0.9959933757781982
ISIC_0029099,vasc,vasc,1.8540928067523055e-05,0.0023263508919626474,0.00016810832312330604,6.340582331176847e-05,3.627760088420473e-05,0.0050078509375452995,0.9923795461654663
ISIC_0027937,vasc,vasc,8.295741054098471e-07,2.528490404074546e-05,6.899990694364533e-05,3.423031375859864e-05,2.2136908228276297e-05,2.4584453058196232e-05,0.9998238682746887
ISIC_0026068,vasc,vasc,2.480664704762603e-07,1.1259603525104467e-05,3.313823526696069e-06,6.403211955330335e-06,5.432931629911764e-06,8.683592750458047e-05,0.9998863935470581
ISIC_0031513,bcc,bcc,6.823577223258326e-06,0.9949237704277039,0.001711049466393888,0.00010450651461724192,0.00019495325977914035,0.002905879868194461,0.0001529702276457101
ISIC_0027146,bcc,bcc,0.0007118120556697249,0.9817948937416077,6.977867451496422e-05,0.005263942293822765,0.004452756140381098,0.005070770625025034,0.0026361055206507444
ISIC_0028807,bcc,bcc,0.03616342693567276,0.7635902166366577,0.058785077184438705,0.0328720323741436,0.03776073083281517,0.07059364020824432,0.0002348884881939739
ISIC_0031585,bcc,akiec,0.4683433473110199,0.18782779574394226,0.287235289812088,0.005374421365559101,0.03885158896446228,0.01220157090574503,0.00016594427870586514
ISIC_0028693,bcc,bcc,1.653041908866726e-05,0.9997624754905701,0.0001459410268580541,1.2189451808808371e-05,3.0351900477398885e-06,3.3327745768474415e-05,2.6444822651683353e-05
ISIC_0027057,bcc,bcc,0.010876769199967384,0.6329723000526428,0.00040636674384586513,0.3399659991264343,0.015186185017228127,0.0004792677063960582,0.00011302625352982432
ISIC_0025691,bcc,nv,0.0014055769424885511,0.03236573934555054,0.010149352252483368,0.3135804235935211,0.04039090499281883,0.5904982686042786,0.011609753593802452
ISIC_0031400,bcc,bcc,0.00012895680265501142,0.9989625215530396,3.198858394171111e-05,0.0008383124368265271,2.1525906049646437e-05,1.52775646711234e-05,1.391066689393483e-06
ISIC_0029747,bcc,bcc,7.158886887737026e-07,0.9999704360961914,2.370477204749477e-06,4.512700797931757e-06,9.651123946241569e-06,1.1078551324317232e-05,1.1824370176327648e-06
ISIC_0027433,bcc,bcc,0.00024025434686336666,0.996142566204071,0.0023419351782649755,5.834735566168092e-05,0.0005664509371854365,0.0003484486951492727,0.00030209720716811717
ISIC_0026643,bcc,bcc,0.00014008536527398974,0.9993364214897156,0.0004334201221354306,1.7677923551673302e-06,2.1935682525509037e-05,6.137053424026817e-05,4.9597356337471865e-06
ISIC_0032139,bcc,nv,1.1237408781283875e-09,9.394577500643209e-05,2.4354938432225026e-05,2.3529432837676723e-06,0.0047124396078288555,0.9951262474060059,4.0564682421972975e-05
ISIC_0031789,bcc,nv,0.005785571411252022,0.06212398409843445,0.04510140046477318,0.0020955619402229786,0.3773559331893921,0.5072934031486511,0.0002441419055685401
ISIC_0031169,bcc,bcc,5.192723051550274e-07,0.9998637437820435,6.983682396821678e-05,1.1902430685495347e-07,1.253354753316671e-07,6.527703953906894e-05,3.6233973332855385e-07
ISIC_0026453,bcc,nv,2.677476186363492e-05,0.2655625641345978,0.0038076138589531183,8.662286745675374e-06,0.00541866198182106,0.7251060605049133,6.968130765017122e-05
ISIC_0027297,bcc,bcc,0.0003441719454713166,0.989673376083374,0.0012988357339054346,2.34735562116839e-05,3.8761409086873755e-05,0.008598914369940758,2.241984475404024e-05
ISIC_0030114,bcc,bcc,0.00019589868315961212,0.9928562641143799,0.0043999552726745605,3.7737813727289904e-06,0.00044504832476377487,0.002094830619171262,4.191676907794317e-06
ISIC_0033271,bcc,bcc,0.00011862884275615215,0.9846163988113403,0.0068051875568926334,0.00043462205212563276,0.0011461019748821855,0.0026954570785164833,0.004183617886155844
ISIC_0034255,bcc,bcc,0.0007192919729277492,0.8262705206871033,0.16685625910758972,2.612691605463624e-05,0.00032862144871614873,0.005765228532254696,3.3978212741203606e-05
ISIC_0032652,bcc,bcc,3.897022907040082e-06,0.9330823421478271,0.0264040008187294,2.9631830784637714e-06,8.608688222011551e-05,0.04039904475212097,2.167899947380647e-05
ISIC_0034276,bcc,bcc,6.342309643514454e-05,0.9930570125579834,5.230337774264626e-05,0.004126394633203745,0.00023916596546769142,0.00023343416978605092,0.00222818274050951
ISIC_0033468,bcc,mel,0.0022752690128982067,0.04562484845519066,0.001092612510547042,8.300817171402741e-06,0.9505093097686768,0.000403760903282091,8.58834755490534e-05
ISIC_0032816,bcc,bcc,8.321727591464878e-07,0.9901826977729797,0.00014795272727496922,9.753031918080524e-06,7.699585694354028e-05,0.00893273763358593,0.0006490609375759959
ISIC_0033372,bcc,bcc,0.00014995310630183667,0.9375231266021729,0.0446147657930851,3.249498695367947e-05,0.004979959223419428,0.012688558548688889,1.1245679161220323e-05
ISIC_0033301,bcc,bcc,0.0001423962094122544,0.7960874438285828,0.17276619374752045,0.00032748625380918384,0.020760467275977135,0.00962801557034254,0.0002880506799556315
ISIC_0033146,bcc,bcc,0.0003472884127404541,0.9995070695877075,9.152793791145086e-05,1.3913240763940848e-05,9.173635930892488e-07,3.7226942367851734e-05,2.053687239822466e-06
ISIC_0032727,bcc,bkl,0.01815187744796276,0.38135334849357605,0.5978429317474365,2.165803834941471e-06,3.246241021770402e-06,0.0026454611215740442,1.0085890380651108e-06
ISIC_0025617,bcc,nv,0.00011708989040926099,0.07173631340265274,0.04422276094555855,3.069347076234408e-05,0.011453683488070965,0.8722885251045227,0.00015095628623384982
ISIC_0029564,bcc,bcc,1.7006066627800465e-05,0.8612697720527649,0.006156725808978081,2.073027417281992e-06,2.7869962650584057e-05,0.13252173364162445,4.917811111226911e-06
ISIC_0032146,bcc,bcc,0.17107635736465454,0.4483014643192291,0.16544827818870544,9.17306388146244e-05,0.21213315427303314,0.0029222790617495775,2.6761132176034153e-05
ISIC_0025576,bcc,bcc,5.360629438655451e-05,0.9999324083328247,5.404118837759597e-06,1.9482956759020453e-06,1.1119490181954461e-06,5.306213097355794e-06,2.1138072270332486e-07
ISIC_0029392,bcc,bcc,0.06753731518983841,0.9279876351356506,0.0007132301689125597,0.0031315369997173548,0.00025194973568432033,0.000344614963978529,3.372126957401633e-05
ISIC_0027601,bcc,bcc,3.081261079618258e-10,0.999993085861206,3.286714544969982e-08,1.5740672099084918e-09,4.517362317546514e-10,6.861707333882805e-06,1.2525005033126035e-08
ISIC_0031245,bcc,bcc,2.6477277060621418e-05,0.9974160194396973,0.0019199119415134192,7.011886737018358e-06,0.000299122795695439,0.000305277673760429,2.6175497623626143e-05
ISIC_0027631,bcc,bcc,2.58944601227995e-06,0.9993664622306824,0.00039523630402982235,2.5731742425705306e-06,2.797847628244199e-05,0.00018589106912259012,1.9242861526436172e-05
ISIC_0028035,bcc,bcc,6.766954174963757e-05,0.939361572265625,0.0007408130913972855,2.3987058739294298e-05,0.00015378862735815346,0.059632401913404465,1.984274058486335e-05
ISIC_0025299,bcc,bcc,9.873007002170198e-06,0.9993166923522949,0.0005285553052090108,3.0790522487222916e-07,5.042854809289565e-06,0.00013908831169828773,3.2894271839722933e-07
ISIC_0024595,bcc,bcc,1.2127674381190445e-05,0.8726032972335815,0.007244163658469915,1.6848547090830834e-07,6.874702376080677e-05,0.12006672471761703,4.656856162910117e-06
ISIC_0025046,bcc,bcc,3.732526010935544e-06,0.966478168964386,0.00032874621683731675,2.5394890599272912e-06,0.0003918191359844059,0.03274849057197571,4.644816362997517e-05
ISIC_0029805,bcc,bcc,0.000179875481990166,0.9995189905166626,0.00018360976537223905,7.827962633655261e-08,6.352247055474436e-06,0.00011098242248408496,1.2604560595264047e-07
ISIC_0025433,bcc,bcc,3.4783790852088714e-06,0.9996708631515503,2.6319725293433294e-05,1.2301478818699252e-05,5.240082828095183e-06,0.00027742530801333487,4.388528850540752e-06
ISIC_0026855,bcc,nv,1.6201633115997538e-05,0.10128788650035858,0.008043380454182625,3.4224354749312624e-05,0.0003759571991395205,0.8871639370918274,0.003078405512496829
ISIC_0028107,bcc,akiec,0.8399080038070679,0.15819145739078522,0.0007308546919375658,0.0003858038689941168,0.00035603303695097566,0.00039129232754930854,3.654764441307634e-05
ISIC_0032022,bcc,bcc,6.405614840332419e-05,0.9996392726898193,0.00020511205366346985,3.8211114770092536e-06,3.1555333407595754e-05,5.247646549833007e-05,3.764996790778241e-06
ISIC_0031122,bcc,bcc,2.7547628178581363e-06,0.9998847246170044,1.7788572222343646e-05,4.0226558439826476e-07,1.5142551319513586e-06,9.051443339558318e-05,2.3897371193015715e-06
ISIC_0032225,bcc,bcc,0.1065288782119751,0.4120232164859772,0.24828816950321198,7.717672997387126e-05,0.04558543488383293,0.18744486570358276,5.2197083277860656e-05
ISIC_0031007,bcc,bcc,0.0035708975046873093,0.9963416457176208,7.606219151057303e-05,5.175267503432224e-08,9.93173784991086e-07,1.0334679245715961e-05,7.518904965309048e-08
ISIC_0032290,bcc,bcc,0.001617995323613286,0.7443425059318542,0.004218859598040581,0.00020562497957143933,0.00017262829351238906,0.008361803367733955,0.24108067154884338
ISIC_0031728,bcc,bcc,1.4453476069320459e-06,0.9994375109672546,8.795263966021594e-06,1.5917599739623256e-05,3.6895539778925013e-06,0.0005291432607918978,3.417011384954094e-06
ISIC_0028973,bcc,bcc,1.5710985223904572e-07,0.9999430179595947,8.428731234744191e-06,5.215011356085597e-07,4.222590277436211e-08,4.7414079745067284e-05,4.5619549382536206e-07
ISIC_0031009,bcc,bcc,0.0007141955429688096,0.6158936023712158,0.28821542859077454,0.001096842810511589,0.05300082638859749,0.04080801457166672,0.00027112654061056674
ISIC_0030452,bcc,bcc,0.02684381976723671,0.7380743026733398,0.23450538516044617,0.00011757130414480343,4.1090359445661306e-05,0.0004010366683360189,1.681538560660556e-05
ISIC_0031057,bcc,bcc,0.0015106857754290104,0.9926532506942749,0.005308650434017181,0.00027308991411700845,2.2282731151790358e-05,0.0002211460960097611,1.0851908882614225e-05
ISIC_0031294,bcc,bcc,5.400931513577234e-06,0.9746700525283813,0.0006439180579036474,5.041271720074292e-07,0.018118469044566154,0.006555451545864344,6.270575340749929e-06
ISIC_0025530,bcc,bcc,0.005845621693879366,0.9640412926673889,0.013706676661968231,0.007278383709490299,0.0069498298689723015,0.0005910713807679713,0.0015871200012043118
ISIC_0029337,bcc,bcc,0.0001685761963017285,0.9997110962867737,5.638889342662878e-05,2.0760851384693524e-06,1.8178884886310698e-07,6.016251791152172e-05,1.540814082545694e-06
ISIC_0028652,bcc,bcc,0.00024686389951966703,0.9995563626289368,8.819959475658834e-05,1.0979454145854106e-06,1.1710847502399702e-05,9.363466233480722e-05,2.0813295122934505e-06
ISIC_0030782,bcc,bcc,4.1364797652931884e-05,0.9959325194358826,8.298044122057036e-05,1.6373659263990703e-06,2.837321699189488e-05,0.0039027021266520023,1.0460575140314177e-05
ISIC_0030915,bcc,bcc,0.428056538105011,0.44248539209365845,0.12185580283403397,0.00061263662064448,0.00018667103722691536,0.00676583731546998,3.719418600667268e-05
ISIC_0032092,bcc,bcc,0.017865953966975212,0.9789866805076599,0.002277276013046503,0.0002348271809751168,1.108111064240802e-05,0.0005939124966971576,3.0239561965572648e-05
ISIC_0029602,bcc,bcc,3.838279027945646e-08,0.9998857975006104,4.764865661854856e-05,6.68524222646738e-08,6.805789709574128e-09,6.622462387895212e-05,1.0381693016370264e-07
ISIC_0029053,bcc,bkl,0.057534120976924896,0.24536532163619995,0.5269332528114319,0.01985858380794525,0.08526890724897385,0.06367573887109756,0.0013640776742249727
ISIC_0029220,bcc,bcc,2.8966107493033633e-05,0.9997144341468811,5.398431676439941e-05,8.782731129031163e-07,1.3390898857323918e-05,0.00014785096573177725,4.0434890252072364e-05
ISIC_0026829,bcc,bcc,0.000189737809705548,0.5078584551811218,0.032422877848148346,5.0634709623409435e-05,0.0017530807526782155,0.45757779479026794,0.00014740595361217856
ISIC_0028568,bcc,bcc,0.000397468131268397,0.997848391532898,0.0006194005254656076,0.00021087030472699553,3.419759377720766e-05,0.00086473353439942,2.485982986399904e-05
ISIC_0027595,bcc,bcc,0.00029184462619014084,0.987643837928772,0.0002178248978452757,0.00013233511708676815,0.0001962220558198169,0.011495980434119701,2.1967583961668424e-05
ISIC_0026154,bcc,bcc,4.65938173874747e-05,0.9993719458580017,3.3549004001542926e-05,1.3847993329818564e-07,0.000483074807561934,6.470039807027206e-05,6.80169875977299e-08
ISIC_0029917,bcc,bcc,9.921731361828279e-06,0.9998753070831299,4.559623630484566e-05,3.7349298764866035e-08,4.015832018922083e-06,6.4963118347805e-05,1.281272545838874e-07
ISIC_0026090,bcc,bkl,0.00037175838951952755,0.38495805859565735,0.5921284556388855,0.0003918627626262605,0.0003669835568871349,0.020961645990610123,0.0008212178945541382
ISIC_0025285,bcc,bkl,4.0906928916228935e-05,0.017133399844169617,0.9778759479522705,1.947969849425135e-06,3.942424154956825e-05,0.004907748196274042,6.924589115442359e-07
ISIC_0027920,bcc,bcc,0.016365742310881615,0.9290173053741455,0.039325229823589325,8.894348138710484e-05,0.0014552571810781956,0.013314862735569477,0.00043273845221847296
ISIC_0025031,bcc,bcc,1.4454956271947594e-06,0.9999669790267944,2.3821708964533173e-05,1.0456958534632577e-06,1.9674408235914598e-07,6.1852629187342245e-06,3.312584624381998e-07
ISIC_0024931,bcc,nv,0.0009850171627476811,0.38107866048812866,0.11120614409446716,0.00022000650642439723,0.0006398971891030669,0.5044553279876709,0.001414972823113203
ISIC_0026957,bcc,bkl,0.0003389655612409115,0.13259415328502655,0.49803075194358826,0.00035677728010341525,0.00499402591958642,0.36356857419013977,0.00011664204066619277
ISIC_0025564,bcc,mel,0.30624955892562866,0.06576435267925262,0.06512045115232468,0.0004469911218620837,0.4380705654621124,0.12419282644987106,0.00015525653725489974
ISIC_0032318,bcc,bcc,0.03701696917414665,0.6055445075035095,0.00912010483443737,0.0002739416668191552,0.34698057174682617,0.001042277435772121,2.1605110305245034e-05
ISIC_0032061,bcc,bcc,1.4469303550868062e-06,0.9991112351417542,0.00019011707627214491,9.764237347553717e-07,1.673965584814141e-06,0.0006914999685250223,3.082375087615219e-06
ISIC_0028239,nv,nv,2.5783888357722162e-09,8.403056028782885e-09,5.498912614143592e-08,2.630303868045303e-07,7.826856744941324e-07,0.999998927116394,3.727171460354839e-08
ISIC_0031325,nv,nv,1.7043784055204014e-06,1.6046708424255485e-06,1.3222082088759635e-05,3.5636915072245756e-06,0.0010321534937247634,0.9989461302757263,1.720487148304528e-06
ISIC_0025311,nv,nv,2.3282279215663948e-08,3.3047712122424855e-08,2.7751311790780164e-06,1.17130962706824e-08,0.00500817084684968,0.9949883222579956,7.90784838500258e-07
ISIC_0031536,nv,nv,7.816565243956575e-07,5.732303876015976e-08,7.637818634975702e-05,2.9752061436738586e-07,1.8781023754854687e-05,0.9999037981033325,4.86079692052499e-08
ISIC_0032060,nv,nv,2.6536975283875108e-08,2.3389326031519886e-07,8.449772576568648e-05,9.463106493967643e-07,2.018608938669786e-06,0.9999104738235474,1.8275195543537848e-06
ISIC_0026824,nv,nv,4.8456218593173617e-08,1.080617312254617e-05,1.8700609061284013e-08,9.516549539512198e-07,6.625396963499952e-06,0.9999812841415405,2.4508301521564135e-07
ISIC_0030993,nv,nv,7.449465329045779e-07,1.0785711310745683e-06,5.2580009651137516e-05,2.0132277711581992e-07,0.0008816573536023498,0.9990625977516174,1.0788139661599416e-06
ISIC_0029526,nv,nv,1.61532000220177e-07,8.616806468353388e-08,5.603070349025074e-06,2.7967917048954405e-05,4.7539265324303415e-06,0.9999595880508423,1.754566596900986e-06
ISIC_0032210,nv,nv,1.7655420379014686e-06,8.700485523149837e-06,0.0023137459065765142,0.0975625216960907,0.00017917143122758716,0.8994952440261841,0.0004388949309941381
ISIC_0031207,nv,nv,8.91192470930946e-08,7.140178786357865e-05,2.955084346467629e-05,2.609757302707294e-06,5.24100460097543e-06,0.9998905658721924,5.565922833739023e-07
ISIC_0027000,nv,nv,1.4780611456988169e-10,4.0583705285257565e-09,8.99877719007236e-08,2.870042976610421e-07,6.837541377535672e-07,0.9999988079071045,1.5879750492331368e-07
ISIC_0032317,nv,nv,1.3460481618210451e-08,5.605984370049555e-06,5.384426913224161e-07,9.483596841164399e-08,1.9543178495950997e-05,0.9999740123748779,1.1460389259809745e-07
ISIC_0027784,nv,nv,1.389454837408266e-06,2.6213476758130128e-06,0.0001386266521876678,6.883484456920996e-05,0.005198068451136351,0.9945635199546814,2.6938843802781776e-05
ISIC_0028359,nv,nv,2.211429091403261e-06,0.000842719804495573,0.007168543990701437,0.0001240004930878058,5.523202707991004e-05,0.9917968511581421,1.0369974916102365e-05
ISIC_0026948,nv,nv,5.735843355836323e-09,6.426997822828184e-10,7.423327019751014e-07,5.803156568617851e-07,1.552637968416093e-06,0.9999970197677612,2.716609159847394e-08
ISIC_0031604,nv,nv,1.5639473076589638e-06,4.840086603508098e-06,0.03146395459771156,7.447060283993778e-07,0.011051269248127937,0.9574307203292847,4.6879555156920105e-05
ISIC_0029273,nv,nv,8.457322842048143e-09,3.337949578963162e-07,3.7948724639136344e-05,1.6702335869922535e-07,0.0005059168906882405,0.9994555115699768,1.8650864319624816e-07
ISIC_0027854,nv,nv,2.965016108191776e-07,9.762063513107933e-08,0.00021907984046265483,4.258069111529039e-06,9.330822649644688e-05,0.9996821880340576,6.828808523096086e-07
ISIC_0027752,nv,nv,9.266015155162677e-08,6.226026698641363e-07,0.0007331314845941961,8.373701376740428e-08,0.0015279538929462433,0.9977337121963501,4.316525064496091e-06
ISIC_0030669,nv,nv,2.85693431578693e-07,6.5570143306104e-06,5.891281762160361e-05,0.0002513037179596722,3.9604277844773605e-05,0.999640941619873,2.3231375507748453e-06
ISIC_0025325,nv,nv,1.813137906481188e-08,1.7275044228881598e-05,0.00021958941943012178,3.8120710996736307e-06,4.445644663064741e-06,0.9995469450950623,0.0002079183468595147
ISIC_0026036,nv,nv,1.9488459511527584e-13,1.0472148186590688e-13,2.2286797407566894e-10,1.1349405302282095e-13,1.6110528466839469e-09,1.0,4.235500567894429e-13
ISIC_0028932,nv,nv,9.954953528179544e-10,1.1862479887270183e-09,1.9230905934364273e-07,2.9699334547217404e-08,9.461189165449468e-07,0.9999988079071045,4.449425272667895e-09
ISIC_0025676,nv,nv,2.721822909279581e-07,1.5743633241527277e-07,4.435792288859375e-05,5.880052071915998e-07,1.347505531157367e-05,0.9999397993087769,1.3933241689301212e-06
ISIC_0025142,nv,nv,3.961951904329908e-07,7.108582167347777e-07,0.0008710346301086247,1.0094828439832781e-06,7.854532304918393e-05,0.9990381002426147,1.0276819921273272e-05
ISIC_0030016,nv,nv,3.0447975518654857e-07,1.470390816393774e-05,8.84802284417674e-06,0.00047563150292262435,0.0003689778386615217,0.9990947246551514,3.682329406728968e-05
ISIC_0027160,nv,nv,1.0013305882239365e-06,7.263125212375598e-08,9.169035365630407e-06,8.79784238350112e-06,4.171021828369703e-06,0.999976634979248,6.483299586079738e-08
ISIC_0028395,nv,nv,1.8683313385281508e-07,3.108983648303365e-08,0.0003160859923809767,1.4508290746562125e-07,4.855755832977593e-07,0.999683141708374,1.725456577617024e-08
ISIC_0027316,nv,nv,1.610962141462835e-09,6.532862073527212e-08,2.3080725441104732e-05,3.5968643175010584e-08,3.4653702130071906e-08,0.9999761581420898,5.523903610082925e-07
ISIC_0028034,nv,nv,6.265055141341236e-09,2.080813965577022e-09,5.14652469973953e-07,2.3985933239600854e-07,3.4530455650383374e-07,0.9999985694885254,3.3513353514535993e-07
ISIC_0030128,nv,nv,8.539234841009602e-06,0.00014306482626125216,0.00013536789629142731,0.00014211281086318195,0.00013464558287523687,0.9994243383407593,1.1907392945431639e-05
ISIC_0026435,nv,nv,4.054383680340834e-06,2.8771059987775516e-06,3.8801914342911914e-05,1.3401732758211438e-05,0.007618885021656752,0.992056667804718,0.00026535900542512536
ISIC_0027416,nv,nv,2.0321056581451558e-05,1.4146825378702488e-05,0.004361141938716173,1.432056069461396e-05,1.2689007235167082e-05,0.9955449104309082,3.245799962314777e-05
ISIC_0024746,nv,nv,6.056044110636094e-09,6.567689752046135e-07,0.006765429861843586,1.4315843088752445e-07,8.178986377060937e-07,0.9932326078414917,3.654619149529026e-07
ISIC_0024580,nv,nv,3.396409195555172e-11,4.6070419701393917e-10,4.806640419019459e-09,1.7868364565742922e-09,5.932760132054682e-07,0.9999994039535522,3.532525605365322e-09
ISIC_0031701,nv,nv,1.1826984973595245e-06,2.60216751257758e-07,3.632981315604411e-05,5.176450486032991e-07,0.0054795159958302975,0.9944820404052734,2.3163016749094822e-07
ISIC_0024369,nv,nv,5.916278678341769e-05,0.00011443057883298025,0.00140720559284091,0.015782056376338005,0.12118088454008102,0.8607774972915649,0.0006788085447624326
ISIC_0031157,nv,nv,4.719135176856071e-05,0.0011967638274654746,0.02670128643512726,0.0062530129216611385,0.007465723901987076,0.9363380074501038,0.021998096257448196
ISIC_0027834,nv,nv,6.754049195478729e-07,2.4613935238448903e-05,0.0001682551228441298,0.00026116514345631003,8.802257070783526e-05,0.9994137287139893,4.35134134022519e-05
ISIC_0032254,nv,nv,2.0715226582979085e-06,2.2547151274920907e-06,0.005624678917229176,0.0003347557794768363,6.183543155202642e-05,0.9939702749252319,4.178943981969496e-06
ISIC_0030292,nv,nv,1.4315383545238092e-08,4.942057874046668e-09,2.8897209631395526e-05,2.6750919346341107e-07,3.3114952202595305e-07,0.9999699592590332,5.035155368204869e-07
ISIC_0031330,nv,nv,3.311148611828685e-05,1.378166507493006e-05,0.005824715830385685,0.0015045717591419816,0.00018978248408529907,0.9923651814460754,6.889899668749422e-05
ISIC_0028812,nv,nv,1.2058533684466965e-05,0.07934369146823883,0.0001411338453181088,7.409197132801637e-05,2.242451773781795e-05,0.9202956557273865,0.00011098966933786869
ISIC_0031174,nv,nv,3.006071125355447e-08,9.64232960143363e-09,1.0778509931697045e-05,1.9104226112176548e-07,5.800881126560853e-07,0.9999872446060181,1.1632611176537466e-06
ISIC_0028025,nv,nv,2.9800201446050778e-05,1.6089683413156308e-05,6.45603722659871e-05,0.00017106151790358126,0.0003413784725125879,0.9993730187416077,4.050611551065231e-06
ISIC_0027572,nv,nv,2.813648734445451e-06,5.123599748912966e-07,3.194924647687003e-05,4.124054612475447e-06,0.00012114019045839086,0.9998323917388916,6.999882316449657e-06
ISIC_0029918,nv,nv,0.00020373733423184603,1.0780233424156904e-05,0.0035023821983486414,3.283559999545105e-05,0.0653744712471962,0.930870532989502,5.1891565817641094e-06
ISIC_0025635,nv,nv,8.346983521034801e-11,1.0738410161081902e-09,1.2059555132282185e-08,1.2907482016544236e-07,3.82209265126221e-07,0.9999994039535522,1.0753690560250107e-07
ISIC_0031237,nv,nv,6.19777354438078e-11,4.679130971574352e-10,4.779527440490483e-09,4.8399478203009494e-08,5.657177482021325e-08,0.9999998807907104,1.1161165325290767e-08
ISIC_0026613,nv,nv,1.2772376294378773e-06,0.00023865171533543617,3.383278090041131e-05,4.802759940503165e-05,0.0004825828655157238,0.999187171459198,8.449874258076306e-06
ISIC_0029701,nv,nv,6.425234649887201e-11,1.5350469784181087e-09,2.2338349836559246e-08,1.1859486725995794e-08,3.394969496639533e-07,0.9999996423721313,3.1521416588020656e-08
ISIC_0030902,nv,vasc,8.49321368150413e-05,0.00023695960408076644,0.0016122646629810333,0.0034219769295305014,0.002228562720119953,0.049919698387384415,0.9424956440925598
ISIC_0031837,nv,nv,3.997201236671799e-09,1.6534815738822317e-09,1.0821853720699437e-05,1.431476714941482e-09,0.0010757010895758867,0.9989132881164551,1.5031807265586394e-07
ISIC_0024512,nv,nv,0.0002376506308792159,0.0028642062097787857,0.0017842453671619296,0.012926294468343258,0.0001997040817514062,0.517252504825592,0.46473538875579834
ISIC_0024637,nv,nv,5.410169592323655e-07,3.2243670489151555e-07,2.6962854349221743e-07,1.1315404435663368e-06,0.00011421709496062249,0.9998818635940552,1.6194971976801753e-06
ISIC_0031947,nv,nv,0.0005943665164522827,1.689207238086965e-05,0.3697192072868347,0.0008401310187764466,0.0021789250895380974,0.6265605092048645,8.991453069029376e-05
ISIC_0029386,nv,nv,4.278163379112243e-10,9.179813020843142e-10,1.6062826091456373e-07,9.416157809027936e-08,1.258170811979653e-07,0.9999995231628418,1.6378441713982284e-08
ISIC_0029410,nv,nv,0.00018455839017406106,1.3453024621412624e-05,0.0239849966019392,1.2592350685736164e-05,0.0006028565694577992,0.9751949906349182,6.58558292343514e-06
ISIC_0028044,nv,nv,4.902166866882496e-11,6.101115723744499e-10,2.889604786560085e-07,1.9611922752460487e-08,2.312856679509423e-07,0.9999994039535522,8.208485269278754e-08
ISIC_0024348,nv,nv,1.0077285423903959e-06,9.133410117101448e-07,0.10884108394384384,2.3043468900141306e-05,0.00013922632206231356,0.8909618258476257,3.281061435700394e-05
ISIC_0025444,nv,nv,5.986111318634357e-06,2.419897100480739e-06,0.0041135274805128574,1.9838511434500106e-05,0.00029840823845006526,0.9955564141273499,3.538892769938684e-06
ISIC_0027375,nv,nv,4.689906063504168e-08,5.1672184753215333e-08,1.8332906620344147e-05,2.3459416809146205e-07,2.6327328669140115e-05,0.9999549388885498,9.889370744531334e-08
ISIC_0031534,nv,nv,1.3883281098969746e-05,0.00010184505663346499,0.05360368639230728,7.095529872458428e-05,3.176587415509857e-05,0.9461714029312134,6.527871846628841e-06
ISIC_0028108,nv,nv,1.7102189531215117e-07,9.775155973557048e-08,2.5370366074639605e-06,1.88122203326202e-06,2.4819157715683104e-06,0.9999904632568359,2.3657707970414776e-06
ISIC_0027661,nv,nv,1.8684720998862758e-05,1.0100474355567712e-05,0.0015464886091649532,0.00027510442305356264,0.007664381992071867,0.9904250502586365,6.0130198107799515e-05
ISIC_0028572,nv,nv,8.563973974418104e-10,1.748238176446648e-08,0.00014249980449676514,1.0157341279182219e-07,3.366375835867075e-07,0.99985671043396,3.413018987430405e-07
ISIC_0026168,nv,nv,2.910991003801655e-09,1.1055379189883752e-07,5.736612251894257e-07,7.643944854862639e-08,9.500382702753996e-07,0.999997615814209,6.728645303155645e-07
ISIC_0028613,nv,nv,3.901878287138061e-08,1.2659292281114176e-07,7.972997991601005e-06,2.81832459592124e-08,0.0005422758404165506,0.9994494318962097,1.002504461666831e-07
ISIC_0025054,nv,nv,5.634220542560797e-06,0.0003858136769849807,0.0010307938791811466,0.0015378372045233846,6.658799975411966e-05,0.9969301819801331,4.3170548451598734e-05
ISIC_0031102,nv,nv,1.0407435411252663e-06,3.391278369235806e-06,0.0010248336475342512,1.1237988246648456e-06,0.03063541278243065,0.9683337807655334,4.481350117657712e-07
ISIC_0031461,nv,nv,1.1437486335807989e-07,0.00035684864269569516,8.40140855871141e-05,1.3901963029638864e-06,0.00017140917771030217,0.9993700385093689,1.6205904103117064e-05
ISIC_0031909,nv,nv,2.2658044329659788e-09,8.716573063338728e-08,3.7090700288899825e-07,3.3356840845044644e-08,2.979234295708011e-06,0.999996542930603,2.229835160960647e-08
ISIC_0029142,nv,nv,7.844630999898072e-06,3.6099656426813453e-05,0.0028666965663433075,2.243579729110934e-06,0.013081557117402554,0.9838485717773438,0.00015693766181357205
ISIC_0028319,nv,nv,3.1977735488908365e-05,0.0006404611049219966,0.10246580839157104,9.311311441706493e-05,0.00011186623305547982,0.8966086506843567,4.817165608983487e-05
ISIC_0025544,nv,nv,1.4066147286939668e-06,6.885041784698842e-06,0.00447494350373745,2.3493535991292447e-05,0.00013119523646309972,0.9952131509780884,0.00014889736485201865
ISIC_0029699,nv,nv,3.5837083487422206e-06,2.2558451746590436e-06,8.74888792168349e-06,4.644282307708636e-05,0.0003853505477309227,0.9995524287223816,1.119363219004299e-06
ISIC_0032066,nv,nv,1.554410467008438e-08,8.437773999503406e-07,0.00027929109637625515,4.903270678369154e-07,1.5209353477985132e-05,0.9997037053108215,4.927308054902824e-07
ISIC_0024649,nv,nv,9.198461157211568e-06,0.00012645695824176073,0.0004939326900057495,5.2337277338665444e-06,0.0004783213953487575,0.9988812804222107,5.5731020438543055e-06
ISIC_0031661,nv,nv,7.37910710313372e-08,3.575632945285179e-05,4.4102878746343777e-05,4.7021156206028536e-05,1.0430537713546073e-06,0.9998698234558105,2.2400449779524934e-06
ISIC_0026689,nv,nv,0.00015780318062752485,0.0010708417976275086,0.0009393340442329645,7.123798422981054e-05,0.006257612258195877,0.7665480971336365,0.2249550074338913
ISIC_0027646,nv,nv,1.8249579625262413e-10,7.653011002695109e-10,6.378148498242808e-08,3.303902360585198e-07,1.0649592496747573e-07,0.9999995231628418,1.4739808262831389e-09
ISIC_0026862,nv,nv,1.3576035598816816e-05,1.273163070436567e-05,0.0008162499871104956,0.0016563928220421076,0.0009421358699910343,0.9962309002876282,0.0003280372766312212
ISIC_0025057,nv,nv,9.877745288378037e-10,3.5212477378365747e-09,3.7048366721137427e-06,1.749189770805515e-08,4.349011214799248e-05,0.9999526739120483,8.28752888537565e-08
ISIC_0030736,nv,nv,5.176840067733224e-10,8.009202190351061e-09,2.417577888991218e-06,1.745347688597576e-08,4.401907517603831e-06,0.9999929666519165,2.3664478021601099e-07
ISIC_0028833,nv,nv,8.303141507681744e-11,4.0749467689060737e-10,7.1036224653653335e-06,5.564291249982034e-10,3.0029705158085562e-06,0.9999898672103882,9.531999189960061e-09
ISIC_0030875,nv,nv,1.2459241104101348e-11,6.562557441913697e-11,3.6418327908904757e-06,1.349457878774274e-09,3.2542863959150736e-09,0.9999963045120239,4.5546136306917617e-10
ISIC_0031647,nv,nv,5.917970113955562e-09,1.5148580700952152e-07,1.476871966588078e-05,1.583006996952463e-05,1.2756160003846162e-06,0.9999676942825317,3.1521631171926856e-07
ISIC_0027938,nv,nv,1.9501843695479693e-08,1.805826030931712e-07,2.516296433441312e-07,1.1924255716166954e-07,0.00025558480410836637,0.999743640422821,1.045638455821063e-07
ISIC_0029381,nv,nv,2.2139147404232062e-08,2.513320751518222e-08,4.408086897456087e-05,4.6392329977607005e-07,0.0040425946936011314,0.9959123730659485,4.6294476874209067e-07
ISIC_0024838,nv,nv,8.201054151868448e-05,0.0034034871496260166,0.025914253666996956,0.0034349062480032444,0.004152514971792698,0.8621344566345215,0.10087834298610687
ISIC_0024804,nv,nv,0.00011196076957276091,1.6765006876084954e-06,0.00047277414705604315,2.3664386390009895e-05,0.0015705807600170374,0.9978141784667969,5.178020273888251e-06
ISIC_0031364,nv,nv,7.773943070787936e-05,7.689439371461049e-06,0.003915744833648205,3.0894367228029296e-05,0.010062063112854958,0.985885739326477,2.0107681848458014e-05
ISIC_0027440,nv,nv,1.3243680996311014e-07,5.6594767556816805e-06,8.919273386709392e-05,7.743281571492844e-07,0.00042080527055077255,0.9994717240333557,1.1701225957949646e-05
ISIC_0030743,nv,bkl,7.664732493140036e-07,1.586297116773494e-06,0.9780344367027283,2.2210049337445525e-06,1.6207875887630507e-05,0.02194448560476303,2.440887101329281e-07
ISIC_0024465,nv,nv,5.4724613729462135e-11,3.554512795211906e-10,1.1172214726684615e-06,3.4950650729115296e-07,8.818626717754796e-09,0.9999984502792358,8.971507270416623e-08
ISIC_0029984,nv,nv,9.588089433520963e-09,1.5186800705890846e-09,0.00010626832226989791,4.033640532696836e-09,9.619523098081117e-07,0.9998927116394043,3.1966407298966715e-09
ISIC_0025849,nv,nv,1.25196450428966e-10,2.5653122293078923e-08,6.630568532273173e-05,3.567551539163105e-05,2.6856824320020678e-08,0.9998979568481445,2.8684469910444932e-08
ISIC_0030911,nv,nv,1.1213900506845675e-05,6.673898315057158e-05,6.078815567889251e-05,0.0016879087779670954,0.0009259461658075452,0.9972067475318909,4.061880099470727e-05
ISIC_0032166,nv,nv,3.418013875489123e-05,0.12558749318122864,0.00021216023014858365,2.393830436631106e-05,0.00066190684447065,0.8731769323348999,0.0003033204411622137
ISIC_0028375,nv,nv,1.411553625985107e-06,8.946154594013933e-06,0.00011565878230612725,0.0001950650621438399,0.004849096294492483,0.9922820925712585,0.0025477204471826553
ISIC_0031734,nv,nv,2.0503085895740014e-09,2.355879269444472e-09,1.4331895954455831e-06,2.9341837404217586e-08,2.126130169699536e-07,0.9999983310699463,2.192000891909629e-08
ISIC_0027910,nv,nv,1.1948474821110722e-05,3.345483037264785e-07,0.0016563404351472855,0.00013150063750799745,0.0006277919164858758,0.9975679516792297,4.0884988266043365e-06
ISIC_0030524,nv,nv,1.55545785673894e-05,0.0001593676133779809,0.00485962862148881,7.270322839758592e-06,4.960900241712807e-06,0.9949393272399902,1.3925014172855299e-05
ISIC_0029085,nv,nv,1.9581278820623993e-08,1.3744781313107524e-07,4.343574255472049e-05,1.931904591856437e-07,3.0355933631653897e-05,0.9999252557754517,5.267732490210619e-07
ISIC_0030193,nv,nv,3.0490684821415925e-06,6.38814817648381e-05,0.030682463198900223,0.1839602142572403,0.00019774609245359898,0.7850149869918823,7.763739267829806e-05
ISIC_0026740,nv,nv,1.3691887623679122e-09,1.958910722521523e-08,2.8123821493863943e-07,9.287847291261642e-08,6.424776870517235e-07,0.9999988079071045,1.0127385507985309e-07
ISIC_0027307,nv,nv,8.317547326441854e-06,2.1088890207465738e-05,0.0010014055296778679,1.7395215081705828e-06,1.0065500646305736e-05,0.9989491105079651,8.292124221043196e-06
ISIC_0026731,nv,nv,2.9147033231424757e-08,2.0962241364941292e-07,4.716466264653718e-06,6.65155610590773e-08,1.0765218121377984e-06,0.9999936819076538,1.4165337347549212e-07
ISIC_0024555,nv,nv,1.7305892185959237e-07,1.1371946584404213e-06,1.7391819255863084e-06,2.62855309074439e-07,1.1353139939274115e-07,0.9999949932098389,1.510042125119071e-06
ISIC_0030660,nv,nv,5.9224136705893216e-09,3.2077772971206286e-07,2.2745389287592843e-06,5.707492256590285e-09,7.691620140803934e-08,0.9999972581863403,3.243675550379521e-08
ISIC_0025931,nv,nv,2.1993378140905406e-07,1.239552716469916e-06,1.4868427570036147e-05,1.50807170484768e-06,0.00023034527839627117,0.9997478127479553,4.061004801769741e-06
ISIC_0025213,nv,nv,3.5269174247787305e-09,1.2480253275271025e-08,2.444776896481926e-07,1.0157105378993947e-07,4.960431033396162e-05,0.9999498128890991,2.219237273948238e-07
ISIC_0026449,nv,nv,3.6301352679402044e-07,3.450865335707931e-07,0.00013799856242258102,6.87642000229971e-07,0.01337922178208828,0.9864805936813354,7.596231057505065e-07
ISIC_0028609,nv,nv,1.7278873656323412e-06,5.125531060912181e-06,7.942720003484283e-06,1.0406352885183878e-05,3.103695053141564e-05,0.9999417066574097,2.093377361234161e-06
ISIC_0024860,nv,nv,0.00010551270679570735,0.0164762232452631,0.000526052841451019,0.0048560150898993015,0.0016289488412439823,0.9349691867828369,0.041438013315200806
ISIC_0026267,nv,nv,0.00021153816487640142,0.000862490211147815,0.02114897035062313,0.0031854750122874975,0.008461223915219307,0.9653562307357788,0.0007739161956124008
ISIC_0030490,nv,nv,2.8621323508559726e-05,3.221058068447746e-05,0.001971669029444456,0.00021909648785367608,0.0007460414199158549,0.9969114661216736,9.087443322641775e-05
ISIC_0028403,nv,bkl,7.079674833221361e-05,1.5303367035812698e-05,0.9920429587364197,4.225838711136021e-05,7.300578727154061e-05,0.00775294192135334,2.753520220721839e-06
ISIC_0032411,nv,nv,2.274252437928226e-06,1.2969723002242972e-06,3.727076546056196e-06,7.442479272867786e-06,7.532108429586515e-05,0.9999076128005981,2.3567924927192507e-06
ISIC_0032507,nv,nv,3.390185270291113e-07,6.001415044920577e-07,4.120649009564659e-06,1.2995391784897947e-07,0.007954125292599201,0.9920400381088257,7.412673426188121e-07
ISIC_0024404,nv,nv,1.4178604033077136e-05,0.00011615986295510083,0.00016154737386386842,0.00036876826197840273,0.0005758156185038388,0.998593270778656,0.00017015403136610985
ISIC_0031097,nv,nv,2.2736189464467316e-07,1.2313304864619568e-07,1.5628411347279325e-05,1.9565587194847467e-07,1.652001083130017e-05,0.999967098236084,2.2305916047571372e-07
ISIC_0029004,nv,nv,3.264626684540417e-07,2.0603040695732489e-07,8.50862852530554e-05,2.8538278229461866e-07,4.282052395865321e-05,0.9998708963394165,3.7859931012462766e-07
ISIC_0025527,nv,nv,0.0016677036182954907,0.0002552465011831373,0.00011879974772455171,0.002598353661596775,0.0024025756865739822,0.9927852153778076,0.00017208482313435525
ISIC_0029492,nv,nv,2.9296447223714495e-07,2.7341662644175813e-05,2.4908140403567813e-05,9.085011697607115e-06,2.0146714518887165e-07,0.9999372959136963,9.926760640155408e-07
ISIC_0030418,nv,nv,0.001433185301721096,1.4848270438960753e-05,0.0005433190963231027,0.00024107316858135164,0.0008513928623870015,0.9968511462211609,6.50390938972123e-05
ISIC_0026515,nv,nv,5.128791613628891e-09,3.948466797965011e-08,6.001931751598022e-07,0.00025813656975515187,4.393404751112939e-08,0.9997389912605286,2.156821892640437e-06
ISIC_0032398,nv,nv,1.0378416703815674e-07,0.00035725568886846304,5.3055890020914376e-05,3.5973062040284276e-05,0.00016680445696692914,0.9990898370742798,0.00029690543306060135
ISIC_0026253,nv,nv,4.002595517249574e-07,1.5336179615133005e-07,0.00017772518913261592,4.503289474655503e-08,2.9418099529721076e-06,0.999818742275238,5.5936265397349416e-08
ISIC_0026000,nv,nv,8.232595405388565e-07,0.00011208347859792411,0.00018401254783384502,4.976224317942979e-06,5.818001227453351e-06,0.9996864795684814,5.761703050666256e-06
ISIC_0030972,nv,nv,1.4810734683123883e-07,1.3100358273732127e-06,0.00032372784335166216,1.188160013043671e-06,2.2966514734434895e-06,0.9996700286865234,1.2972552667633863e-06
ISIC_0029536,nv,nv,2.2611320105170307e-07,2.5880815428536152e-06,1.8470900613465346e-05,5.10238692186249e-07,1.634372210901347e-07,0.9999779462814331,9.510516463251406e-08
ISIC_0026233,nv,nv,5.8458804232941475e-06,1.3029811043452355e-06,0.0004295086255297065,4.707461016550951e-07,0.3006313443183899,0.6989238262176514,7.625636499142274e-06
ISIC_0027317,nv,nv,5.502668321000215e-10,1.3725580672030446e-09,6.0691460745943004e-09,1.7780863448280115e-09,6.703651678208189e-08,0.9999998807907104,5.401986413744453e-09
ISIC_0030413,nv,nv,3.65127377222052e-08,5.98685119257425e-08,8.542237992514856e-06,4.036991867906181e-06,6.639514822381898e-07,0.9999865293502808,2.456956949004052e-08
ISIC_0028021,nv,nv,1.069957846766556e-07,3.5715754620468942e-06,6.584120274055749e-05,2.1244800336717162e-06,6.203139491844922e-06,0.999921441078186,7.332253062486416e-07
ISIC_0030307,nv,nv,1.0446797205077019e-05,0.1335172951221466,8.16550018498674e-05,2.568149000126141e-07,4.595518930727849e-06,0.866373598575592,1.216169312101556e-05
ISIC_0026832,nv,nv,2.787118091873708e-07,3.078586985338916e-07,9.616406941859168e-07,5.0878697948064655e-06,1.944202267623041e-06,0.9999911785125732,2.0587447124853497e-07
ISIC_0027553,nv,nv,8.859082299750298e-06,5.918309398111887e-07,0.00034280246472917497,8.145664764924732e-07,0.0001013754153973423,0.9995443224906921,1.1458354265414528e-06
ISIC_0029287,nv,nv,1.6030121230414807e-07,3.1581625989929307e-06,0.00017535446386318654,1.8632040337251965e-06,0.000278699939372018,0.9995399713516235,7.002390702837147e-07
ISIC_0030441,nv,nv,2.754014758465928e-07,7.961614301166264e-07,2.132845293090213e-05,3.9942558942129835e-05,9.206791582982987e-05,0.9998453855514526,1.2705679353075539e-07
ISIC_0025164,nv,nv,4.231455932313111e-06,0.0001987702853512019,1.7694951566227246e-06,0.0002256100851809606,2.0214369214954786e-05,0.9995313882827759,1.8107519281329587e-05
ISIC_0031532,nv,nv,4.69738068886727e-07,1.5518418194915284e-06,0.0005794755415990949,1.037410220305901e-05,8.73114331625402e-05,0.9993041753768921,1.6645952200633474e-05
ISIC_0030913,nv,nv,2.716021469950647e-07,4.078162419318687e-06,0.0002949089393950999,0.0006218986236490309,6.349215254886076e-05,0.9990071654319763,8.286700904136524e-06
ISIC_0031434,nv,nv,2.7617049272454786e-11,6.40463168610772e-11,1.8664824352754295e-08,1.2907216094537599e-11,1.2881732125435974e-08,1.0,1.0223690782851236e-09
ISIC_0025007,nv,nv,6.758533572792658e-07,7.099228241713718e-05,0.00013443038915283978,0.0004825173818971962,1.5626168533344753e-05,0.9992802739143372,1.5445413737324998e-05
ISIC_0028083,nv,nv,5.363926902646199e-06,9.96210474113468e-06,0.00055134721333161,1.0342203040636377e-06,4.6840163122396916e-05,0.999370276927948,1.5138779417611659e-05
ISIC_0030896,nv,nv,1.1161947810478523e-07,6.467798084486276e-05,5.2188875088177156e-06,0.00038249255158007145,8.102620085992385e-06,0.9476163387298584,0.051923006772994995
ISIC_0032505,nv,nv,1.3744902993551023e-09,6.83237004750481e-08,5.294554057400092e-07,2.3954548851179425e-06,1.73197906860878e-06,0.999995231628418,2.4008086185745015e-08
ISIC_0028279,nv,nv,0.0001754795666784048,0.037048161029815674,0.0018774368800222874,0.033044181764125824,0.006744484882801771,0.9198248982429504,0.0012854256201535463
ISIC_0026688,nv,nv,4.693557912105462e-06,5.11475661824079e-07,3.161745553370565e-05,8.234324923250824e-06,0.00011472513142507523,0.9998396635055542,5.973959673610807e-07
ISIC_0032339,nv,nv,8.122149779410393e-07,2.5702595962684427e-07,6.276215572142974e-05,1.34449203414988e-06,0.009123227559030056,0.9907888770103455,2.2750424250261858e-05
ISIC_0027731,nv,nv,0.0005598919815383852,0.00014100126281846315,0.0005364732933230698,0.012183050625026226,0.05120426416397095,0.9353272914886475,4.803360207006335e-05
ISIC_0028318,nv,nv,2.2514716480070973e-10,5.438029138105094e-09,1.2381141232253867e-06,1.5599758853568346e-06,1.6202992014768824e-07,0.9999970197677612,6.626024884326398e-08
ISIC_0028133,nv,nv,0.0008905253489501774,4.1601117573009105e-07,0.034314196556806564,2.3170116492110537e-06,0.002984365914016962,0.9617986679077148,9.473782483837567e-06
ISIC_0028771,nv,nv,6.686992855975404e-05,0.00029193912632763386,0.11602913588285446,0.0010778800351545215,0.0006013353704474866,0.8818956017494202,3.7200908991508186e-05
ISIC_0031540,nv,nv,2.0982857051876636e-07,6.013667643856024e-06,5.2866380428895354e-05,5.0937578635057434e-05,5.16272257300443e-06,0.9997254014015198,0.00015951554814819247
ISIC_0027653,nv,nv,3.7517062878578145e-07,5.82059789255851e-10,4.214865839458071e-06,1.0640945902196108e-08,5.8109340898226947e-05,0.9999372959136963,7.2733583600381735e-09
ISIC_0026649,nv,nv,9.842927829595283e-05,8.765968959778547e-05,0.010533618740737438,0.01662123203277588,0.004005380906164646,0.9681986570358276,0.0004549848090391606
ISIC_0026677,nv,nv,1.8052870132123644e-07,1.7079521057894453e-05,2.5496146918158047e-05,3.1848456274019554e-05,3.824547547992552e-06,0.9997302889823914,0.0001913276209961623
ISIC_0025438,nv,nv,7.799188850299288e-09,4.300109594623791e-06,3.8364596548490226e-05,2.843407855834812e-06,3.405778898013523e-06,0.9999508857727051,1.4197946995864186e-07
ISIC_0032500,nv,nv,1.0954883578051522e-07,2.610030591654322e-08,1.4900005226081703e-05,3.3897913453984074e-07,1.668229060669546e-06,0.9999829530715942,4.028854405646598e-08
ISIC_0030578,nv,nv,1.564593731018249e-05,0.016460372135043144,7.853384158806875e-05,8.974458864940971e-07,1.8890264641413523e-07,0.9834442138671875,1.3580427093984326e-07
ISIC_0025614,nv,nv,8.91249834350516e-12,2.117087755104663e-10,5.6645537149790925e-09,8.887193064799348e-11,1.1931321068914258e-06,0.9999988079071045,1.348028466630069e-09
ISIC_0029387,nv,nv,3.7378731576609425e-07,1.9435171338955115e-07,1.8569153326097876e-05,1.729493845914476e-07,0.0028643233235925436,0.9971123933792114,3.947245204471983e-06
ISIC_0025854,nv,nv,3.105544266190918e-08,8.836803999656695e-08,8.025594070204534e-06,2.075830525427591e-05,1.950592150024022e-07,0.9999704360961914,4.221765834699909e-07
ISIC_0024308,nv,nv,2.7437296878929374e-08,9.791881971921157e-09,6.6246943788428325e-06,1.0239085135310688e-08,0.00020479608792811632,0.9997856020927429,2.9410923616524087e-06
ISIC_0029449,nv,nv,1.4249984525704917e-09,6.415187936426037e-09,1.4510574430914858e-07,6.159560861362934e-09,1.0304258779569864e-07,0.9999997615814209,6.8062924185596785e-09
ISIC_0026224,nv,nv,1.8401032086945435e-10,2.167389538954012e-05,5.4677819605331024e-08,8.716175559086992e-10,4.460103752990108e-08,0.9999711513519287,7.0199675974436104e-06
ISIC_0024919,nv,nv,5.8156700106337667e-05,5.307450010150205e-06,0.00011166634794790298,8.340136446349788e-06,0.35093891620635986,0.6488573551177979,2.0208257410558872e-05
ISIC_0028143,nv,nv,9.309708559612773e-08,3.113081675110152e-06,8.190165203814104e-07,1.4965724403737113e-05,6.89188891556114e-06,0.9999731779098511,8.641039244139392e-07
ISIC_0027214,nv,nv,1.5639142203482947e-09,3.296452444345732e-09,5.632779789266351e-07,3.648081836615802e-09,6.236414407112534e-08,0.9999994039535522,9.465345840453665e-09
ISIC_0025844,nv,nv,8.652590395286097e-07,1.6112859668737656e-07,1.892217915155925e-05,1.2474438335630111e-06,1.3473471881297883e-05,0.9999624490737915,2.93697621600586e-06
ISIC_0031383,nv,nv,1.9714666450454388e-06,1.4171297380016767e-07,0.0031325530726462603,2.4029834548855433e-06,0.00012358310050331056,0.9967393279075623,8.136703399941325e-08
ISIC_0026244,nv,nv,2.691589543246664e-06,1.4718174270456075e-06,8.502829587087035e-05,5.4691640798409935e-06,3.114600622211583e-05,0.9998700618743896,4.112443093617912e-06
ISIC_0027393,nv,nv,1.7531000651160866e-08,4.411733200981871e-08,9.956151103551747e-08,4.78683432447724e-07,4.896198879578151e-05,0.9999501705169678,2.1655877446846716e-07
ISIC_0028301,nv,nv,3.589566767914221e-05,3.788273534155451e-05,0.0002251119731226936,6.08979316893965e-05,0.0004424001381266862,0.9991790652275085,1.87175228347769e-05
ISIC_0028616,nv,nv,5.7416218623984605e-06,1.5376173223557998e-06,5.267801316222176e-05,3.265704435762018e-06,2.083378149109194e-06,0.9999344348907471,3.075921028994344e-07
ISIC_0027200,nv,nv,9.997215784096625e-06,0.00015110778622329235,0.000113563502964098,0.0001584574783919379,0.00021707289852201939,0.9993446469306946,5.177566436032066e-06
ISIC_0024611,nv,nv,1.809486249726433e-08,6.582187683790153e-09,0.0005739945336245,1.8317731331762843e-08,2.7858341127284802e-06,0.9994231462478638,2.7632978572000866e-08
ISIC_0032180,nv,nv,2.9360435291891918e-05,1.7242964531760663e-05,0.00045010060421191156,0.0001774315460352227,1.6071629943326116e-05,0.9993011951446533,8.552934559702408e-06
ISIC_0024660,nv,nv,1.345813132047624e-07,7.030924820128348e-08,1.7929243085745838e-06,2.9680432334089346e-08,6.583363187928626e-07,0.9999972581863403,3.937482162541528e-08
ISIC_0028772,nv,nv,7.310128502524549e-09,3.9028461173984397e-07,1.0589667454041773e-06,5.848075375070039e-07,1.6449972690679715e-06,0.9999961853027344,1.0452244936232091e-07
ISIC_0029906,nv,nv,6.459528467672726e-09,6.283220166380943e-09,2.602997710710042e-07,1.0072781719827617e-08,1.294734488510585e-06,0.9999984502792358,1.0929189109276649e-08
ISIC_0029168,nv,nv,0.0004001040942966938,0.0007180724060162902,0.004580716136842966,0.0019879075698554516,0.10187993198633194,0.8899053931236267,0.0005278433091007173
ISIC_0024820,nv,nv,4.191372227069223e-08,1.7969404098039377e-06,0.00025655480567365885,2.1824644136358984e-06,1.3814538988299319e-06,0.9997361302375793,1.9751137187995482e-06
ISIC_0027491,nv,nv,5.097539906273596e-05,1.4768687606192543e-06,0.0020041989628225565,1.713014626147924e-06,1.0680317245714832e-05,0.9979310035705566,5.3096258056939405e-08
ISIC_0031964,nv,nv,2.481056355918554e-07,2.245889447749505e-07,1.4318809462565696e-06,3.635255723111186e-07,0.0009977116715162992,0.9989994168281555,5.935397098255635e-07
ISIC_0027962,nv,nv,0.0006579578039236367,0.0002629512164276093,0.0008762646466493607,0.0002305551606696099,0.005438594147562981,0.9924938678741455,3.983333954238333e-05
ISIC_0027325,nv,nv,1.6001580661395565e-05,0.000985754537396133,0.006884557660669088,7.073767483234406e-05,1.2777198207913898e-05,0.9919801950454712,4.9949914682656527e-05
ISIC_0024488,nv,nv,2.7290807338431478e-06,0.002220817841589451,0.0013098632916808128,1.9116019757348113e-05,6.220453360583633e-05,0.9963831901550293,2.1132470919837942e-06
ISIC_0027048,nv,nv,3.588679362565017e-07,5.675119041370635e-07,6.84299084241502e-06,1.7289756215177476e-05,6.654876415268518e-06,0.9999672174453735,1.0981085551975411e-06
ISIC_0029556,nv,nv,4.352808389285201e-07,2.6342734145146096e-06,0.0027874920051544905,2.0120464796491433e-06,0.00018957392603624612,0.9969887137413025,2.9131633709766902e-05
ISIC_0029377,nv,nv,0.0036831258330494165,0.02233712747693062,0.047860413789749146,0.019689416512846947,0.03622255474328995,0.8526186347007751,0.017588669434189796
ISIC_0026062,nv,nv,7.107619072292681e-13,1.4672468795495774e-09,9.874038219004344e-12,2.8229240126020905e-11,3.2823828290812207e-12,1.0,4.2669721922461434e-12
ISIC_0026300,nv,nv,1.419215209352842e-06,1.8867314111048472e-07,6.632629811065271e-05,0.00010639218089636415,0.0006627669790759683,0.9991476535797119,1.5167254787229467e-05
ISIC_0029517,nv,nv,3.853171790524357e-07,2.6972957130055875e-06,0.0004949019057676196,2.025345111178467e-06,5.870566383237019e-06,0.9994845390319824,9.467609743296634e-06
ISIC_0025290,nv,nv,1.8734509055207127e-08,2.285817686242808e-07,1.073328803613549e-06,0.0006317358347587287,1.3687329555978067e-05,0.9993492960929871,3.969255431002239e-06
ISIC_0028911,nv,nv,1.6240862821259583e-11,7.140877472666673e-11,7.88975620946708e-11,4.58404453285155e-10,1.83346227089487e-09,1.0,1.5233102279577082e-10
ISIC_0030837,nv,nv,0.0010354703990742564,0.13824832439422607,0.20916436612606049,0.0026652098167687654,0.00012138343299739063,0.6430538296699524,0.005711388308554888
ISIC_0030068,nv,nv,0.00013299960119184107,1.8867673134081997e-05,0.0010431798873469234,1.675649946264457e-05,0.00206396565772593,0.9966912269592285,3.294508860562928e-05
ISIC_0026699,nv,nv,7.555466436315328e-05,0.00022576129413209856,0.002211954677477479,0.0004874695441685617,0.0004705065512098372,0.9964956641197205,3.3168606023536995e-05
ISIC_0028927,nv,nv,6.0667894103971776e-06,1.1314555194985587e-05,0.000713815214112401,8.427752618445083e-05,1.6242066749327932e-06,0.9991791844367981,3.6599201393983094e-06
ISIC_0028241,nv,nv,6.791186024202034e-06,3.4791912639775546e-07,1.81697523657931e-05,1.4263567891248385e-06,0.00027030843193642795,0.9997026324272156,2.3209720723116334e-07
ISIC_0029006,nv,nv,3.5115774177363335e-10,2.4286736177714374e-08,1.2718201105599292e-06,4.483178717151759e-09,5.018650881538633e-06,0.9999935626983643,9.824869096064504e-08
ISIC_0024588,nv,nv,2.533445331209805e-05,4.327604983700439e-06,0.0004884414956904948,1.8887698388425633e-05,0.0008645819034427404,0.998576283454895,2.208387195423711e-05
ISIC_0024671,nv,nv,1.3571124224398545e-09,6.941017760553336e-10,1.0365038605186783e-08,6.207504554822663e-08,5.223303105594823e-07,0.9999992847442627,8.616963143026624e-09
ISIC_0030295,nv,nv,2.990970315863706e-08,1.4644866723756422e-06,1.0186013241764158e-06,0.00024087275960482657,4.203548542136559e-06,0.9997424483299255,9.973791748052463e-06
ISIC_0031954,nv,nv,1.3850536561221816e-05,0.00017905006825458258,0.01753927208483219,0.0001267145125893876,0.0003580664924811572,0.9813212752342224,0.0004617579688783735
ISIC_0029944,nv,nv,2.65272069555067e-06,9.975147986551747e-05,2.404295082669705e-05,8.88462454895489e-06,8.027584954106715e-06,0.9998493194580078,7.233998530864483e-06
ISIC_0028387,nv,nv,6.193968147272244e-05,0.00038542848778888583,0.00015621983038727194,1.616184636077378e-05,0.0021748763974756002,0.9972007274627686,4.720873221231159e-06
ISIC_0024826,nv,nv,4.676131010183937e-11,4.775582151950175e-09,7.03206737284745e-09,4.892635185882455e-10,1.1983917858060522e-08,1.0,1.0369213265803978e-09
ISIC_0028207,nv,nv,0.00017629902868065983,0.109474778175354,0.019925042986869812,0.0055853379890322685,0.0029010262805968523,0.8240511417388916,0.03788641840219498
ISIC_0028322,nv,nv,3.8926625478552523e-08,1.7908041627379134e-05,0.002043813467025757,5.877700459677726e-06,3.9906884921947494e-05,0.9978917241096497,7.837755902073695e-07
ISIC_0029874,nv,nv,6.453856338239916e-10,1.8657861367010753e-10,2.834111434424358e-08,3.1265188216167417e-09,4.0331933632842265e-06,0.9999959468841553,1.002725014132011e-08
ISIC_0026904,nv,nv,5.917780931952166e-09,1.9269778661623604e-08,7.076671863615047e-06,6.593003476496051e-09,1.3331291484064423e-05,0.9999796152114868,1.8540223578611403e-08
ISIC_0029408,nv,nv,4.5396728043378687e-10,1.0147489071243854e-08,1.3034830992353363e-08,1.0881103129634084e-08,4.671200883876736e-07,0.9999988079071045,6.870720881124726e-07
ISIC_0026564,nv,nv,1.3312894120431906e-09,4.790750196548288e-08,1.7163986285595456e-06,8.061847438511904e-07,1.1818903658422641e-05,0.9999853372573853,2.493177078122244e-07
ISIC_0026299,nv,nv,1.8227652720526066e-09,7.153991532504733e-08,2.4241894607257564e-06,2.99694363548042e-07,4.0205954121574905e-08,0.999996542930603,4.565293352243316e-07
ISIC_0028248,nv,nv,5.323123719591649e-09,5.085991183761962e-09,1.1668743837844886e-07,1.850694264504682e-09,4.341714429756394e-06,0.9999953508377075,1.4781656432205637e-07
ISIC_0028991,nv,nv,1.5134138209305092e-07,2.135512886525248e-06,2.3105621949071065e-06,1.548821160213265e-06,3.34775322698988e-05,0.9999580383300781,2.3210041035781614e-06
ISIC_0026550,nv,nv,7.079146598698571e-05,0.0013736941618844867,0.00101395882666111,9.16634890018031e-05,0.00020564442093018442,0.9971722960472107,7.202019332908094e-05
ISIC_0029483,nv,nv,2.1102950116536068e-12,1.2236739399540397e-09,7.408252900020784e-10,1.7079530498231854e-11,4.478167880961337e-08,1.0,1.0852984067000193e-09
ISIC_0024601,nv,nv,4.318355806276486e-08,0.0003728610754478723,2.839144508470781e-05,2.45334717874357e-07,1.0963934755636728e-06,0.9995877146720886,9.671215593698435e-06
ISIC_0027660,nv,nv,2.268440324471044e-09,2.3443889052288114e-09,1.896697199299524e-06,3.759056426133611e-07,3.403996018391808e-08,0.999997615814209,5.849201656360492e-08
ISIC_0028324,nv,nv,5.950453907388464e-09,1.9609757373473258e-07,2.032329348367057e-06,1.0150072739634197e-05,9.1642095867428e-07,0.9999866485595703,4.429947964013081e-08
ISIC_0024405,nv,nv,1.7197489796672016e-06,2.9559698305092752e-05,6.57603595755063e-05,2.2330038973450428e-06,0.000418253883253783,0.9994779229164124,4.506921868596692e-06
ISIC_0029532,nv,nv,2.058401150861755e-05,1.2783048987330403e-05,0.00532129779458046,8.832942512526643e-06,0.0005991517682559788,0.9940180778503418,1.9214150597690605e-05
ISIC_0027273,nv,nv,1.6981381122604944e-05,3.550899236870464e-06,0.0005615795380435884,2.284352831338765e-06,0.00017870019655674696,0.9992332458496094,3.6783103496418335e-06
ISIC_0028778,nv,nv,4.63492284552558e-07,1.0487726285646204e-05,0.0005495862569659948,4.093712050234899e-05,5.606088961940259e-06,0.9993845224380493,8.379993232665583e-06
ISIC_0028839,nv,nv,5.0496842818326115e-11,7.02227512250353e-11,1.364690360716736e-09,2.7167352811829915e-09,1.1550942424776167e-08,1.0,7.235785304260389e-10
ISIC_0026748,nv,nv,0.00021159656171221286,0.0003473356773611158,0.005029665771871805,1.4244237718230579e-05,6.718091754009947e-05,0.9943252205848694,4.800102487934055e-06
ISIC_0032377,nv,nv,2.5474601983432876e-08,1.2723891273935806e-08,2.5225175704690628e-05,1.0891965018799965e-07,8.633770107735472e-07,0.9999736547470093,6.893561277365734e-08
ISIC_0026648,nv,nv,3.38698917801139e-08,1.1452749504314852e-07,7.48290985939093e-05,1.024261450766062e-06,2.2797436827204365e-07,0.9999232292175293,5.377963816499687e-07
ISIC_0025521,nv,bkl,0.0001854559959610924,0.0004157114599365741,0.567366361618042,0.0008715277654118836,0.0003379155823495239,0.42926862835884094,0.0015543850604444742
ISIC_0027592,nv,nv,2.4620405270070478e-08,9.205822948388231e-08,2.4233270323748e-06,2.9711417326439005e-08,2.326518000472788e-08,0.9999973773956299,2.3031486051650063e-08
ISIC_0024713,nv,nv,1.8802817376012415e-12,1.9713745880948347e-13,3.034412651703455e-11,8.82209236219289e-12,3.1205395600863994e-08,1.0,2.532682180297896e-12
ISIC_0031884,nv,nv,2.3756576410960406e-05,0.0001005653539323248,4.694053131970577e-06,9.387156865159341e-07,2.1730726075475104e-05,0.9998478889465332,3.304312485852279e-07
ISIC_0028492,nv,nv,9.764755668584257e-05,0.00031692071934230626,0.001552097499370575,1.6395813418057514e-06,5.0409533287165686e-05,0.9979727864265442,8.402325875067618e-06
ISIC_0030799,nv,nv,2.997234188270581e-12,7.609720492629535e-11,1.1613187078651777e-09,1.506880731305671e-11,2.124274760717526e-05,0.99997878074646,4.9532373758154336e-09
ISIC_0031669,nv,nv,0.001506465021520853,0.001602667267434299,0.006556950509548187,0.008815847337245941,0.009958554990589619,0.9713973999023438,0.00016215242794714868
ISIC_0024659,nv,nv,4.606540096574463e-05,0.00030638522002846,0.0024677191395312548,0.0018213200382888317,9.134590072790161e-05,0.9942263960838318,0.0010408631060272455
ISIC_0028516,nv,nv,3.592961377307802e-07,5.852411391060741e-07,2.414622940705158e-06,1.1887904065588373e-06,2.9117953090462834e-05,0.9999657869338989,4.773137902702729e-07
ISIC_0026357,nv,nv,4.665198893860634e-09,5.991697094032133e-07,0.000711193191818893,2.7966592597294948e-08,6.332695079436235e-07,0.9992875456809998,1.1068240723943745e-07
ISIC_0025011,nv,nv,1.490555769090296e-11,1.3385674513255452e-10,3.73152175825453e-08,1.44398137891244e-09,1.687162587415969e-08,1.0,2.328452985977947e-10
ISIC_0024956,nv,nv,7.703660287461389e-08,3.4722835717815315e-09,1.79210118744777e-07,2.078044225584108e-08,4.770153054778348e-07,0.9999992847442627,1.0141476991520904e-08
ISIC_0029467,nv,nv,4.186518631765779e-10,4.646464546453899e-09,6.167230139908497e-07,1.0559416452338155e-08,2.4786089852568693e-05,0.9999746084213257,1.850487407750734e-08
ISIC_0031587,nv,nv,2.00078716261487e-06,0.0002933985961135477,0.0013345618499442935,3.725519491126761e-05,7.378047303063795e-05,0.9977179765701294,0.0005410875892266631
ISIC_0030103,nv,nv,3.4704878970615027e-09,1.6886737341792468e-08,2.774526990378945e-07,1.2855926456722955e-07,8.43753878143616e-05,0.9999150037765503,1.9472481938009878e-07
ISIC_0028661,nv,nv,3.9099426474287213e-10,3.6117905888310986e-10,3.3449270020469157e-09,3.846765128656671e-09,3.196778561687097e-05,0.9999680519104004,4.779675766286573e-09
ISIC_0028483,nv,nv,7.784877197991591e-06,4.775280103785917e-06,0.00203141407109797,1.9394590822230384e-07,7.798227306921035e-05,0.9978775978088379,2.584899050361855e-07
ISIC_0024532,nv,nv,0.00031442908220924437,5.888251507712994e-06,0.000140866482979618,0.000309511786326766,1.3863631465937942e-05,0.9992130994796753,2.439001264065155e-06
ISIC_0029710,nv,nv,3.4929317394016834e-07,2.660897280293284e-08,0.0003911128151230514,5.544633552290179e-08,1.9359835334853415e-07,0.9996083378791809,2.261200648945305e-08
ISIC_0032038,nv,nv,0.0005805299733765423,4.1585717553971335e-05,0.0005263767670840025,0.00045093349763192236,0.000217369306483306,0.9978770017623901,0.0003061048628296703
ISIC_0024895,nv,nv,6.768749244656647e-06,0.00014543422730639577,0.023306166753172874,0.0003016564005520195,0.0013014256255701184,0.9746800065040588,0.00025851718964986503
ISIC_0031553,nv,nv,0.0004925132379867136,2.0472859887377126e-06,0.00010605683928588405,1.2459652680263389e-05,0.004555405117571354,0.9948307871818542,7.416729772558028e-07
ISIC_0028942,nv,nv,1.3674442698174971e-06,1.9036682488149381e-06,1.7840644431998953e-05,1.2604727999132592e-05,2.4710840079933405e-05,0.9999315738677979,9.96536164166173e-06
ISIC_0028391,nv,nv,4.57762938665951e-09,6.838660283392528e-06,5.398891289587482e-07,2.095786385325482e-06,7.532045401603682e-06,0.9999817609786987,1.1725840067811077e-06
ISIC_0029086,nv,nv,3.674210447002224e-08,2.034658024285818e-07,8.407356517636799e-07,4.380605241749436e-05,4.087758611603931e-07,0.9999545812606812,1.4247956414692453e-07
ISIC_0027543,nv,nv,3.698968562004801e-11,1.774629887485446e-10,1.5534622477275661e-09,5.387088108932403e-09,2.6972816868919836e-08,1.0,5.732488372878208e-10
ISIC_0030987,nv,nv,0.0003429859643802047,2.6446055926498957e-05,0.000446050864411518,0.0019420001190155745,0.00010055051097879186,0.9971381425857544,3.8877724364283495e-06
ISIC_0030527,nv,nv,5.1724015293075354e-08,2.870760908990633e-07,7.982192073541228e-06,1.8265825929120183e-05,4.584847920341417e-05,0.9999275207519531,7.764619880390455e-08
ISIC_0024460,nv,nv,6.493563375897793e-08,3.709172347043932e-07,8.673572438055999e-07,6.103010673541576e-05,0.0002478155947756022,0.9996856451034546,4.240593170834472e-06
ISIC_0026602,nv,nv,1.1923985410167148e-10,1.018206408076594e-09,6.640315319828005e-08,1.0812327033704605e-08,1.9099795522947716e-08,0.9999998807907104,4.48314718681786e-09
ISIC_0027296,nv,nv,9.337619303551037e-06,0.0005941817071288824,9.756955478223972e-06,4.8269605031237006e-05,0.003832868067547679,0.9954250454902649,8.053934288909659e-05
ISIC_0026771,nv,nv,1.8486462138866955e-08,1.036218009176082e-07,7.624106274306541e-06,2.0994807528040837e-06,1.440545020159334e-05,0.9999747276306152,9.139339454122819e-07
ISIC_0024536,nv,nv,0.00035269506042823195,2.8752314392477274e-05,0.0006007996271364391,0.00015474831161554903,0.12856711447238922,0.8702867031097412,9.153196515399031e-06
ISIC_0029478,nv,nv,8.982605663732102e-07,2.163631478424577e-07,0.00011211801029276103,2.625054378313507e-07,2.7212139684706926e-05,0.9998589754104614,2.726512775552692e-07
ISIC_0026724,nv,nv,1.722142285547068e-12,8.451973565470894e-10,7.101295551592557e-08,3.907310475170789e-09,1.723301612521766e-09,0.9999998807907104,5.639183342509568e-09
ISIC_0030199,nv,nv,9.189386447963632e-13,9.870800357636433e-12,2.733779425057037e-09,2.636959761659341e-09,1.6533373781157934e-08,1.0,3.038003182354032e-11
ISIC_0026392,nv,nv,2.9187683026066225e-07,3.5495231713866815e-06,1.1641334822343197e-05,0.00013387312355916947,5.8015149988932535e-05,0.999790370464325,2.258080485262326e-06
ISIC_0029365,nv,nv,1.7286276488448493e-05,5.009676442568889e-06,0.00012912339298054576,0.0014340055640786886,0.0008304090006276965,0.9975800514221191,4.172250555711798e-06
ISIC_0030147,nv,nv,5.8325037508022426e-12,2.9942151535955475e-10,3.6005032288954908e-09,2.0086839136457257e-10,5.904611199980536e-08,0.9999998807907104,1.967643270539554e-10
ISIC_0025728,nv,nv,5.538159930651432e-10,1.4006487081275054e-09,2.3731843157293042e-07,1.433959950780661e-09,3.6394254721017205e-07,0.9999994039535522,1.80452902620587e-10
ISIC_0026066,nv,nv,1.5730695634985636e-09,4.037623924091349e-08,3.114569935291911e-08,1.3643490319736884e-06,1.5546887652817531e-06,0.9999961853027344,8.785482918938214e-07
ISIC_0024645,nv,nv,2.8536407015167242e-08,5.01058650570485e-07,9.960664328900748e-07,1.3814448038829141e-06,0.0007743666647002101,0.999220609664917,2.0345894427009625e-06
ISIC_0030624,nv,nv,4.093601013721582e-09,2.977804491877123e-08,3.019729177822228e-08,4.777981033043943e-08,3.751543090402265e-06,0.9999961853027344,2.1198793831445073e-09
ISIC_0028161,nv,df,0.0032269794028252363,0.0007072007283568382,0.2948330342769623,0.3901090919971466,0.04126373678445816,0.268755167722702,0.0011048410087823868
ISIC_0032503,nv,nv,0.00011259706661803648,6.370228220475838e-05,0.01415407843887806,0.0005882636178284883,5.209870869293809e-05,0.985000729560852,2.8455915526137687e-05
ISIC_0025762,nv,nv,2.721863978649708e-08,7.797129342179687e-08,5.504366072273115e-06,4.377175173431169e-07,2.704774146877753e-07,0.9999934434890747,1.4257520319915784e-07
ISIC_0025721,nv,nv,2.1061681287903866e-09,1.2736874666074982e-08,6.903137261815573e-08,2.7587963025155204e-09,5.7413096499203675e-09,0.9999998807907104,2.1899651869716763e-08
ISIC_0026418,nv,nv,8.541086344848736e-07,9.03521524264761e-08,3.064884367631748e-05,1.2247066933923634e-06,0.00022066786186769605,0.9997444748878479,2.0085581127204932e-06
ISIC_0028634,nv,nv,1.4628279698669644e-09,7.361656173543452e-09,7.390064382661876e-08,1.0719586995833197e-08,5.364209414437937e-07,0.9999992847442627,1.1700793578484081e-07
ISIC_0027611,nv,nv,0.00011197887943126261,0.010061711072921753,0.011469950899481773,0.0035989151801913977,0.03848767653107643,0.9355339407920837,0.0007359027513302863
ISIC_0024613,nv,nv,1.9300664177990257e-07,8.326063834829256e-06,1.1523496823429014e-06,1.894527940748958e-06,2.9466295927704778e-06,0.9999842643737793,1.1759902918129228e-06
ISIC_0026667,nv,nv,4.6280611343263445e-08,4.961757582577775e-08,0.00021411689522210509,1.5034131592983613e-06,9.912633686326444e-06,0.9997743964195251,8.358269631969506e-09
ISIC_0030895,nv,nv,6.200497409736272e-06,5.878316642338177e-06,1.7120360098488163e-06,0.0007665649172849953,7.746203664282802e-06,0.9992115497589111,4.732502247861703e-07
ISIC_0031264,nv,nv,1.6652390399940487e-07,6.146340751911339e-07,1.7079510143958032e-05,2.479832801327575e-06,0.0001566229184390977,0.9998175501823425,5.562452770391246e-06
ISIC_0028996,nv,nv,0.000569164811167866,0.00037890946259722114,0.004303455352783203,0.00432558823376894,0.0020508926827460527,0.9879968762397766,0.0003752271877601743
ISIC_0029586,nv,nv,1.5484649338759482e-05,2.6512154363445006e-05,9.466574556427076e-05,0.0010839382885023952,7.775497215334326e-05,0.9985964894294739,0.00010504286910872906
ISIC_0027059,nv,nv,2.0601928554242477e-06,1.144432033584053e-07,5.436311766970903e-05,1.0922200317509123e-06,2.3920383895870145e-08,0.9999423027038574,2.5325123331754185e-08
ISIC_0027483,nv,nv,1.693770679267459e-10,4.0868503026203484e-10,8.43719227816564e-09,7.397465418002014e-10,2.8358748238588305e-08,1.0,1.411543548712757e-09
ISIC_0030169,nv,nv,7.09962432665634e-06,6.360807560668036e-07,0.00018512514361646026,6.251108516153181e-06,1.3289350135892164e-06,0.9997979998588562,1.6756034710851964e-06
ISIC_0028485,nv,nv,4.511940278462134e-05,5.080097707832465e-06,0.0018742637475952506,2.195167326135561e-06,3.182825093972497e-05,0.9980294108390808,1.2114607670810074e-05
ISIC_0027459,nv,nv,9.399108193974826e-07,2.827152229656349e-06,0.00012449550558812916,1.6624471754767e-06,1.075426916941069e-05,0.9998584985733032,7.061640872052521e-07
ISIC_0028206,nv,nv,0.00020275599672459066,0.00012830208288505673,0.0016551122535020113,4.583845566230593e-06,0.00013753020903095603,0.9978368878364563,3.476525307632983e-05
ISIC_0024783,nv,nv,5.985485813653213e-07,1.071194219548488e-06,4.541388261714019e-05,2.731073891482083e-06,1.0855834261747077e-05,0.9999333620071411,5.914661414863076e-06
ISIC_0029754,nv,nv,6.331140056659024e-10,4.280947540902247e-10,2.5930114588845754e-07,1.069777866291588e-08,1.4705083373200978e-08,0.9999997615814209,2.7198194807454e-09
ISIC_0029692,nv,nv,1.3492134485204588e-06,1.0028031738329446e-06,1.759159567882307e-05,2.5598831143724965e-06,0.012247517704963684,0.9877055287361145,2.4294724425999448e-05
ISIC_0032167,nv,nv,1.2216706579692982e-07,5.551868298425688e-07,2.6947543574351585e-06,4.592308471274009e-07,0.00015192554565146565,0.9998435974121094,5.825998528052878e-07
ISIC_0024724,nv,nv,1.3353705696772522e-07,5.922451151718633e-08,5.225346058068681e-07,9.118981552092009e-07,2.4497139747836627e-06,0.9999954700469971,4.724138875644712e-07
ISIC_0030577,nv,nv,0.00037345540476962924,0.00032994180219247937,0.0014954636571928859,0.000928757362999022,0.0022724291775375605,0.9941005110740662,0.0004994793562218547
ISIC_0027555,nv,nv,1.1971293361057178e-06,4.5121552716409496e-07,1.7620717699173838e-05,9.732499393066973e-07,6.488086364697665e-05,0.9999139308929443,9.8627867828327e-07
ISIC_0031538,nv,nv,0.0001792311668395996,3.973363709519617e-05,0.001021773088723421,0.00013064189988654107,0.007308379281312227,0.9911244511604309,0.0001957728818524629
ISIC_0030288,nv,nv,0.00018093950347974896,1.125976450566668e-05,5.5153573157440405e-06,1.3576598576037213e-05,8.749158041609917e-06,0.9997796416282654,4.0109023302647984e-07
ISIC_0025495,nv,nv,1.81106940999598e-07,1.9892128477749793e-07,9.188081094180234e-06,1.1144285849695734e-07,0.00011180529691046104,0.9998782873153687,1.6211564002333034e-07
ISIC_0027521,nv,nv,2.0146690076217055e-06,1.675917005172778e-08,6.622432556468993e-05,5.152142534825543e-07,4.2705471514636884e-07,0.9999308586120605,4.9176271943451866e-08
ISIC_0030438,nv,nv,0.0009376785019412637,2.8640139134950005e-05,0.0021023943554610014,2.422582656436134e-05,0.00020411587320268154,0.9966977834701538,5.197652626520721e-06
ISIC_0030043,nv,nv,6.0954866057727486e-05,1.7494665371486917e-05,0.002605865243822336,0.0007357095018960536,0.0019006271613761783,0.9934078454971313,0.0012713762698695064
ISIC_0026662,nv,nv,9.75418174675724e-07,2.1259138520690612e-06,0.00023054980556480587,0.0005152352969162166,4.3113814740536327e-07,0.9992384910583496,1.2285069715289865e-05
ISIC_0026088,nv,nv,6.609426606019042e-08,0.00012955615238752216,5.8776575315278023e-05,3.3798207823565463e-06,1.411550130114847e-07,0.9997356534004211,7.250563794514164e-05
ISIC_0032127,nv,nv,2.1683588258269992e-09,1.8246112398756509e-09,3.964356665164814e-08,6.178104694498643e-09,1.5166122580012598e-07,0.9999997615814209,1.0955391038791618e-09
ISIC_0029136,nv,nv,2.701687208173098e-06,2.470095594730992e-08,1.3950312677479815e-05,2.5237767431463e-08,0.00014901492977514863,0.9998342990875244,1.4384078816931378e-08
ISIC_0025750,nv,nv,0.006878283806145191,0.028716906905174255,0.06661272048950195,0.06556480377912521,0.0075469715520739555,0.8100187182426453,0.014661550521850586
ISIC_0030506,nv,nv,1.216408122672874e-06,6.5929489210248e-05,1.0088365343108308e-05,0.00437507126480341,0.00028585310792550445,0.995079517364502,0.00018236764299217612
ISIC_0029131,nv,nv,2.8362843295326456e-05,0.003096819156780839,0.00032717257272452116,0.0005494042998179793,0.05494175851345062,0.9408258199691772,0.00023063832486514002
ISIC_0027618,nv,nv,2.782616359553458e-09,1.4728780417527787e-09,1.3558500313592958e-06,1.979930708273514e-08,1.7938265273187426e-06,0.9999967813491821,8.403362983244733e-08
ISIC_0024591,nv,nv,1.9260531303189055e-07,1.0871085578401107e-06,9.154966392088681e-05,1.4249193327486864e-06,0.013709179125726223,0.9860899448394775,0.00010670259507605806
ISIC_0026160,nv,nv,6.457455015151936e-08,7.154608461235057e-09,1.1117407666461077e-05,1.2107243207992724e-07,8.551317023375304e-07,0.9999878406524658,1.92313436286895e-08
ISIC_0030716,nv,nv,2.7417748071911774e-08,2.5942863430827856e-06,0.00019945469102822244,2.04062853299547e-05,7.155865205277223e-06,0.9997690320014954,1.3067217423667898e-06
ISIC_0027743,nv,nv,2.1536115468734351e-07,1.7982468136779062e-07,1.036124501752056e-07,1.1476156487333355e-06,3.00452416013286e-06,0.9999951124191284,1.2668013482652896e-07
ISIC_0024558,nv,nv,1.8754178654489806e-08,1.6243022926687445e-08,1.9566611442201065e-08,1.2147841061960207e-06,7.54025620608445e-07,0.9999979734420776,3.495798139852013e-08
ISIC_0025111,nv,nv,7.879716577008367e-05,0.0024407932069152594,0.08058807998895645,5.7346965149918105e-06,1.8385895828032517e-06,0.9168666005134583,1.8186872694059275e-05
ISIC_0024633,nv,nv,2.509591645605269e-08,1.217746785187046e-06,1.99129954125965e-06,7.217516213131603e-06,4.301977696741233e-06,0.9993517994880676,0.0006333806668408215
ISIC_0031842,nv,nv,1.1682871683960094e-11,2.4349751381880225e-11,6.0278462221674545e-09,5.1565533093489435e-11,9.282398849563833e-09,1.0,2.6301583133658823e-09
ISIC_0029853,nv,nv,1.7043056965704295e-09,4.242669771059582e-09,2.5453823582211044e-07,5.5454265179832873e-08,2.2190454274095828e-06,0.9999973773956299,9.048470417383214e-08
ISIC_0027015,nv,nv,5.502489784703357e-06,0.36571210622787476,0.005013009533286095,2.4777467842795886e-05,6.502270844066516e-05,0.629095196723938,8.438245276920497e-05
ISIC_0031684,nv,nv,7.986863579390047e-07,1.2560057029986638e-06,0.00015032132796477526,5.031502041674685e-06,0.0014351356076076627,0.9984057545661926,1.6905739812500542e-06
ISIC_0024889,nv,nv,6.758331437595189e-06,6.930986273800954e-07,4.17473929701373e-05,1.7187614957947517e-06,0.0010330466320738196,0.9989125728607178,3.4827749004762154e-06
ISIC_0028672,nv,nv,3.880499832575879e-08,2.2558982237796954e-08,1.0721573744376656e-06,4.7007523562569986e-07,6.559112807735801e-05,0.9999327659606934,2.740937787848452e-08
ISIC_0024438,nv,nv,7.35003290869285e-12,1.280931177100042e-11,2.87715906654995e-10,1.025214135808028e-09,3.517510241413113e-11,1.0,1.5327472624449e-10
ISIC_0026077,nv,nv,7.78412777435733e-06,0.001156326150521636,0.0001468883128836751,2.9608243494294584e-05,5.830590453115292e-05,0.8311174511909485,0.16748365759849548
ISIC_0031300,nv,nv,7.591387518601778e-10,1.4503354073269747e-09,1.3454363845255557e-08,3.137547555098763e-09,4.124017749518316e-08,1.0,1.0548446560676439e-09
ISIC_0026434,nv,nv,5.56507373516979e-08,1.4018722538367e-07,1.9072344912274275e-06,1.6120493384619294e-08,3.860604991245964e-08,0.9999978542327881,7.399814450081976e-08
ISIC_0031780,nv,nv,2.373067360394998e-07,1.1850612509078928e-06,1.0943105053229374e-06,3.5341761304152897e-06,7.285096671694191e-06,0.9999862909317017,3.466994087375497e-07
ISIC_0029616,nv,nv,0.00027320501976646483,0.00012945897469762713,0.01349483709782362,0.0002802681119646877,0.012959967367351055,0.9704281687736511,0.0024340678937733173
ISIC_0028624,nv,nv,2.0140727974293782e-10,1.1982095315943297e-09,1.4200934856489766e-05,1.5010817477900673e-08,1.0633629976553038e-08,0.9999858140945435,2.0408188916576364e-08
ISIC_0026899,nv,nv,1.8535095236416055e-08,9.005688639263099e-09,2.075949936397592e-07,3.19626103362225e-08,0.00023192547087091953,0.9997677206993103,1.479668156889602e-07
ISIC_0028892,nv,nv,2.2738735339089544e-08,5.999068974915645e-08,1.0155982721471446e-07,5.6652068451512605e-05,5.049793116995716e-07,0.9999423027038574,3.673571598028502e-07
ISIC_0027050,nv,nv,4.2063233451905546e-10,6.638828375926664e-10,1.621021894493424e-08,4.928641939017098e-09,5.249114032324087e-09,1.0,4.838441203247612e-09
ISIC_0025270,nv,nv,9.295913332607597e-05,0.0002847303985618055,0.004691870883107185,0.00022166325652506202,0.0034034522250294685,0.9912847280502319,2.0714940546895377e-05
ISIC_0029506,nv,nv,2.4451162971672602e-05,9.043953468790278e-06,0.0055836839601397514,8.361434993275907e-06,0.0010773522080853581,0.9932884573936462,8.678975063958205e-06
ISIC_0028189,nv,nv,5.390093704704668e-09,6.377456340800336e-10,1.9011520180356456e-07,5.128324875869339e-09,3.895795452990569e-05,0.9999607801437378,1.0138959005701054e-08
ISIC_0028708,nv,nv,1.330200348093058e-06,8.696928261997527e-07,0.0010401131585240364,7.220848146971548e-06,0.0009034273098222911,0.9980383515357971,8.682322913955431e-06
ISIC_0024354,nv,nv,4.5929434122626844e-07,0.0005136568215675652,0.0004968806752003729,2.0192565841625765e-07,2.1711402098389954e-07,0.99898761510849,9.82443111752218e-07
ISIC_0027342,nv,nv,7.381940392292563e-09,5.301511052380192e-08,1.6208983311116754e-07,1.2904048674045043e-07,2.839922672137618e-06,0.9999966621398926,1.5090161298303428e-07
ISIC_0032295,nv,nv,1.6849581925271195e-06,5.762040018453263e-07,1.9022786545974668e-07,9.099590556616022e-07,0.0012711342424154282,0.9987248778343201,5.995220249133126e-07
ISIC_0030012,nv,nv,3.2765574360382743e-06,2.0132367353653535e-05,0.0003552630078047514,2.6654943212633952e-06,0.00032292402465827763,0.999294638633728,1.1392129408704932e-06
ISIC_0027761,nv,nv,0.000579942250624299,0.00031557687907479703,0.024500606581568718,0.00010997758363373578,0.2071685492992401,0.7662239670753479,0.0011013781186193228
ISIC_0024339,nv,nv,3.3691168937366456e-05,0.00010876669693971053,0.018463412299752235,2.2482359781861305e-05,0.0014599605929106474,0.9798451066017151,6.667678098892793e-05
ISIC_0024627,nv,nv,7.953399716598142e-09,5.845498662893078e-08,8.502823220624123e-06,9.662809219435076e-09,1.280248739021772e-06,0.9999899864196777,1.7999961698933475e-07
ISIC_0030152,nv,nv,1.4667976984128472e-06,3.11425736754245e-07,0.0003038904396817088,1.4920406101737171e-06,1.6373604694308597e-07,0.9996894598007202,3.0881117254466517e-06
ISIC_0028867,nv,nv,6.41718361293897e-06,1.8857515897252597e-05,0.00029392450232990086,3.5406183087616228e-06,9.878767014015466e-05,0.9995359182357788,4.2593244870658964e-05
ISIC_0031607,nv,nv,1.1799833288250738e-07,2.3484435018872318e-07,2.934499570983462e-05,1.5999842162273126e-06,1.3405845493252855e-05,0.9999507665634155,4.536365850071888e-06
ISIC_0026616,nv,nv,0.026709089055657387,0.07411866635084152,0.07292702049016953,0.051319967955350876,0.05407199636101723,0.7085065245628357,0.012346748262643814
ISIC_0026459,nv,nv,1.857709293062726e-07,6.213945744093508e-05,0.00015091948444023728,3.966756594309118e-06,7.028863910818473e-05,0.9997093081474304,3.278404619777575e-06
ISIC_0024384,nv,nv,3.697447070738491e-10,2.7960309068042477e-10,2.2318598524861955e-08,1.767001833741233e-08,3.9232399551281105e-09,1.0,5.936968278108523e-11
ISIC_0029275,nv,nv,1.606504866913383e-07,8.177757138128072e-08,3.466747784841573e-06,2.306421629327815e-05,2.7618771127890795e-06,0.9999700784683228,4.4469771864896757e-07
ISIC_0026332,nv,nv,1.1258097032396108e-07,1.4458018995355815e-06,0.00011612958769546822,1.5188743418548256e-07,0.00044612667988985777,0.9994237422943115,1.24187727124081e-05
ISIC_0024600,nv,nv,9.254759736343487e-10,8.902364356799808e-08,2.1964368102089793e-07,4.351104720967669e-08,1.7640905403126794e-09,0.9999996423721313,5.597005525714849e-09
ISIC_0030078,nv,nv,0.0036679005715996027,0.00015460282156709582,0.03193807229399681,0.0015207297401502728,0.00045041274279356003,0.9621065258979797,0.000161733987624757
ISIC_0029957,nv,nv,4.14545775129227e-06,6.431163001252571e-06,0.005559151526540518,4.8337401494791266e-06,0.0001686315081315115,0.9941350817680359,0.00012175946903880686
ISIC_0028273,nv,nv,2.4876576389942784e-06,4.074227035744116e-06,3.0124594559310935e-05,2.0917232177453116e-06,2.5775361791602336e-05,0.9999313354492188,4.069291662744945e-06
ISIC_0027864,nv,nv,1.0298322195012588e-06,4.3891656531513945e-08,3.7513602819672087e-06,1.3322876384336269e-06,1.4328871884572436e-06,0.9999923706054688,6.054766288343671e-08
ISIC_0027292,nv,nv,0.03368786722421646,0.0054373303428292274,0.05844883620738983,0.0014838454080745578,0.0035475443582981825,0.8950961232185364,0.0022984754759818316
ISIC_0025269,nv,nv,8.189935130076265e-08,1.8247952482397523e-08,2.751617103058379e-06,1.72476779880526e-06,1.8983649852089002e-06,0.9999933242797852,2.5661040581326233e-07
ISIC_0031397,nv,nv,3.141539650641789e-07,8.583589838906391e-09,8.91459023932839e-07,2.4956349875537853e-08,4.226778571592149e-07,0.9999983310699463,1.2815076999572739e-08
ISIC_0028171,nv,nv,1.688593442850106e-07,2.109234600311538e-07,2.4501980533386813e-06,2.701703124330379e-06,0.00019420799799263477,0.9997982382774353,2.0084094103367534e-06
ISIC_0030001,nv,nv,6.8045856096432544e-06,2.400833864157903e-06,1.5075157762112212e-06,1.1574409199965885e-06,0.001684311660937965,0.998301088809967,2.7144474188389722e-06
ISIC_0029535,nv,nv,4.12601472987717e-08,1.8736234778771177e-05,0.00014596922846976668,6.767286322428845e-06,2.661970484041376e-07,0.9998278617858887,2.7731954332921305e-07
ISIC_0025582,nv,nv,4.3897760093614124e-08,2.0807380707310585e-08,1.5005953173385933e-05,6.40481090385947e-08,2.9735429052379914e-07,0.9999845027923584,2.4072802418118044e-08
ISIC_0029078,nv,bkl,3.51747585227713e-05,1.8446353351464495e-05,0.8116140961647034,2.931083145085722e-06,1.421771685272688e-05,0.18830691277980804,8.188705578504596e-06
ISIC_0031983,nv,nv,2.602982249300112e-06,2.832655127349426e-06,0.006009555421769619,2.6280167730874382e-05,8.450880704913288e-05,0.9938464760780334,2.7729396606446244e-05
ISIC_0027830,nv,nv,4.952771970323511e-09,5.957339621609492e-10,1.1366926599976068e-07,3.9187423794828646e-07,1.8191408912571205e-07,0.9999992847442627,3.114031255080363e-09
ISIC_0026450,nv,nv,1.8975987448044407e-10,2.012425248665295e-08,1.1975735070279825e-08,5.9226803017509155e-08,4.229609729122785e-08,0.9999998807907104,4.718875246112475e-08
ISIC_0024817,nv,nv,0.0001280946162296459,0.2756001651287079,0.018967418000102043,0.04928135871887207,0.00030727506964467466,0.6552417278289795,0.0004739674914162606
ISIC_0031109,nv,nv,1.6939520719461143e-06,2.120431963703595e-05,6.32470182608813e-05,0.0003026889462489635,2.949959525722079e-05,0.9995673298835754,1.4370458302437328e-05
ISIC_0031307,nv,nv,1.0213160095418061e-07,5.099795430396625e-07,3.599209094318212e-06,2.957170295303513e-07,3.642720548668876e-05,0.9999582767486572,9.231983426616353e-07
ISIC_0030472,nv,nv,4.136123443743145e-09,2.5822707527822786e-08,4.638798998257698e-07,3.062905875594879e-07,6.606629995076219e-06,0.9999923706054688,2.048502381057915e-07
ISIC_0026563,nv,nv,3.85168914363021e-06,3.9423412090400234e-08,2.1171397293073824e-06,3.187336261589735e-08,1.3260388413982582e-06,0.9999927282333374,2.289883127559733e-08
ISIC_0025757,nv,nv,7.626991815889994e-10,1.7007809605118496e-09,1.7572196497894765e-07,1.2695182682875839e-09,0.000291009055217728,0.9997085928916931,1.6002414326976577e-07
ISIC_0025037,nv,nv,5.50987311331852e-10,7.698637283226617e-09,4.717201562698392e-08,1.0789377391517974e-08,7.70964803109564e-08,0.9999998807907104,3.7993025614468934e-08
ISIC_0031439,nv,nv,9.687128476798534e-05,0.00013695232337340713,0.0023460679221898317,6.318431405816227e-05,0.022624259814620018,0.9745692610740662,0.0001633489882806316
ISIC_0032488,nv,nv,3.821197935849341e-08,4.1073091594512334e-09,2.0677039174188394e-06,6.999510304694923e-08,1.597105381279107e-07,0.999997615814209,1.2996831166844913e-08
ISIC_0027977,nv,nv,8.04054156589018e-09,5.946307335413792e-10,6.203115532343872e-08,3.866977404953786e-09,3.4093980616489716e-07,0.9999996423721313,5.233177446939408e-09
ISIC_0030634,nv,nv,5.877689659428142e-07,1.1668905131045904e-07,1.2166869964858051e-05,2.4467451567034004e-06,0.0003954910789616406,0.9995877146720886,1.4683081417388166e-06
ISIC_0025538,nv,nv,2.80067479252466e-06,2.396946001681499e-07,7.887406354711857e-06,4.7527128117508255e-06,4.948890637024306e-05,0.9999332427978516,1.5916300526441773e-06
ISIC_0030719,nv,nv,8.241138857556507e-05,2.0274999769753776e-05,0.005910727195441723,7.963994903548155e-06,0.00987846590578556,0.9840644001960754,3.5695789847522974e-05
ISIC_0026472,nv,nv,7.669832768897322e-09,4.890217564224031e-09,3.310725205096787e-08,1.2120500159085168e-08,7.362111773545621e-07,0.9999991655349731,1.3466161519204434e-08
ISIC_0032012,nv,nv,7.425417720696714e-07,9.036262440531573e-07,4.775587285621441e-07,2.1926059901034023e-07,3.450131487170438e-07,0.9999972581863403,2.8396179629908147e-08
ISIC_0031717,nv,nv,1.9886360291820893e-07,0.0007196853403002024,1.7048896552296355e-05,8.798561793810222e-06,3.582320005079964e-06,0.9992462396621704,4.417027867020806e-06
ISIC_0026307,nv,nv,3.544565529978172e-08,3.464457165591739e-08,7.21753679044923e-07,6.01165197622322e-08,8.05839317763457e-06,0.9999910593032837,1.0528959926148218e-08
ISIC_0024483,nv,nv,7.433911819454408e-10,2.0781182330509296e-10,3.55622304937242e-08,1.604164054924695e-07,2.0542690037927969e-07,0.9999996423721313,1.185948117488067e-09
ISIC_0031879,nv,nv,4.52451649834984e-06,7.539795774391678e-07,0.0014380846405401826,2.4146729629137553e-06,9.37601289479062e-05,0.9984561204910278,4.427316071087262e-06
ISIC_0027845,nv,nv,4.068784164701356e-06,1.9393180537008448e-06,1.3163852599973325e-05,1.563809632898483e-07,0.000202030802029185,0.9997780919075012,6.094925879551738e-07
ISIC_0028251,nv,nv,4.005194753631258e-08,7.659068756993292e-08,1.943943289006711e-06,7.677821486140601e-06,1.4318936337076593e-05,0.999975323677063,6.602256235055393e-07
ISIC_0028940,nv,nv,9.485075338488969e-07,8.714172508916818e-06,4.427758995007025e-06,9.16731369215995e-06,1.9043616703129373e-05,0.9999567270278931,9.343626174995734e-07
ISIC_0028799,nv,nv,5.635275101667503e-06,2.5920126063283533e-06,1.683923437667545e-05,0.00029608458862639964,0.00016844541823957115,0.9995073080062866,3.023799308721209e-06
ISIC_0032435,nv,nv,1.1292879662505584e-06,7.266451973464427e-08,2.692821681193891e-06,7.077067039062968e-07,0.000326837005559355,0.9996678829193115,6.374692702593165e-07
ISIC_0031246,nv,nv,9.50619210016157e-08,3.9177665556167085e-09,1.8267527366333525e-06,2.110493682039305e-07,9.15240616450319e-06,0.9999886751174927,2.8131516671692225e-08
ISIC_0024325,nv,nv,2.143438898594141e-10,1.7140063673926065e-11,1.9037172194202867e-07,7.127639589654677e-10,3.357377664769956e-08,0.9999997615814209,1.1105183439497068e-09
ISIC_0029987,nv,nv,1.3532359677270733e-09,1.1988228187931327e-09,1.564639831030945e-07,2.0424128166496303e-08,9.582109669281635e-06,0.9999902248382568,4.254481211773964e-08
ISIC_0025464,nv,nv,1.6155441699083894e-05,0.0006403470761142671,0.00018138268205802888,0.0014802549267187715,0.0014280166942626238,0.9856961965560913,0.010557668283581734
ISIC_0031265,nv,nv,1.378794678430495e-07,2.384552999501466e-07,0.0004533831961452961,1.3088590549159562e-06,6.084601045586169e-05,0.9994589686393738,2.512498940632213e-05
ISIC_0030563,nv,nv,1.7443034039388294e-07,7.413946434553509e-08,4.988839918951271e-07,2.288583544896028e-07,1.5597292076563463e-05,0.9999833106994629,6.917798600625247e-08
ISIC_0031047,nv,nv,2.2938870642974507e-06,3.8645012523375044e-07,6.707716966047883e-05,1.2579932899825508e-06,0.00010337278217775747,0.9998217225074768,3.887791535817087e-06
ISIC_0025532,nv,nv,5.391824743128382e-06,2.3689947283855872e-06,1.9067202856604126e-06,6.5074304984591436e-06,0.00026514107594266534,0.9997158646583557,2.733663905019057e-06
ISIC_0029134,nv,nv,2.585164721180533e-11,4.844302736728423e-10,2.3883513833311554e-08,6.629970461524692e-10,1.2155136897007424e-09,1.0,1.5458342161878136e-08
ISIC_0032147,nv,nv,3.294366308637109e-07,8.110789906368154e-08,0.00035688417847268283,8.861324829467776e-08,1.500533562648343e-05,0.9996267557144165,7.953939871185867e-07
ISIC_0026495,nv,nv,1.9185404198651668e-06,0.0002751412976067513,2.864805173885543e-05,0.00020753372518811375,0.000157180693349801,0.9992928504943848,3.670419391710311e-05
ISIC_0032323,nv,nv,9.742505413523617e-12,1.267511234859242e-10,1.8974160909124294e-08,1.9668113804272025e-09,9.871139639017201e-08,0.9999998807907104,1.8344343821752318e-09
ISIC_0025739,nv,nv,8.640320681152502e-10,1.3626833883506606e-08,1.6670841205268516e-06,2.2929597776055743e-08,3.83276308468794e-08,0.9999983310699463,1.8349890495983345e-08
ISIC_0025460,nv,nv,3.309126839212695e-07,1.416616669303039e-06,2.4435880163764523e-07,2.530546453272109e-06,6.483737251983257e-06,0.9999887943267822,2.4985030222524074e-07
ISIC_0026939,nv,nv,5.498085738508962e-05,2.9780407203361392e-05,0.000440215109847486,2.1025134628871456e-05,0.00021097130957059562,0.9992121458053589,3.0787803552811965e-05
ISIC_0027340,nv,nv,0.00025147071573883295,5.12180631631054e-05,0.01572592183947563,0.00015382551646325737,0.009656631387770176,0.9741344451904297,2.6391089704702608e-05
ISIC_0030062,nv,nv,3.407961066126397e-11,1.1013661982417489e-08,2.5802825120990747e-07,2.5327496544491623e-08,1.4801941006226116e-08,0.9999997615814209,1.7158146903284432e-08
ISIC_0030680,nv,nv,7.415407890221104e-05,0.0003628959821071476,0.0005220727762207389,0.0003136659215670079,0.11541351675987244,0.8832290172576904,8.46880575409159e-05
ISIC_0030439,nv,nv,9.437233643438958e-07,1.0035579407485784e-06,1.624834112590179e-05,5.324412541085621e-06,2.1490846847882494e-05,0.9999459981918335,9.032978596223984e-06
ISIC_0031341,nv,nv,5.445179307450587e-10,3.6234841793714168e-09,4.852803158428287e-06,4.3078857148159955e-10,0.004570594988763332,0.9954245686531067,1.7669904650574608e-08
ISIC_0027891,nv,nv,2.546692456917299e-08,2.025461981247645e-05,0.0005229031085036695,6.659850981804993e-08,3.5939527151640505e-05,0.9994206428527832,1.5980116074842954e-07
ISIC_0030568,nv,nv,4.689928445600344e-08,1.2093464007989496e-08,3.591792119550519e-05,4.6443155099495925e-08,0.017892666161060333,0.9820711016654968,2.0573686754232767e-07
ISIC_0026863,nv,nv,0.027611300349235535,0.0543307289481163,0.07677081227302551,0.02972821705043316,0.012460957281291485,0.7609719634056091,0.03812604025006294
ISIC_0029116,nv,nv,2.9240363801363856e-06,7.68452537158737e-08,3.993348218500614e-05,1.3795832956020604e-06,3.514093259582296e-05,0.9999194145202637,1.0313247003068682e-06
ISIC_0025334,nv,nv,9.562525519868359e-06,6.999393917794805e-07,0.000499331159517169,2.4430670237052254e-05,0.00047412284766323864,0.9989853501319885,6.4401451709272806e-06
ISIC_0026019,nv,nv,3.277811355673066e-11,9.753815810586985e-11,1.0479188183865062e-08,4.3171013985876527e-10,1.840407470865557e-08,1.0,1.7646667460624599e-09
ISIC_0027817,nv,nv,2.0590242399975978e-07,1.219720502376731e-06,1.0518008366489084e-06,6.588560097497975e-08,1.4797156211443507e-07,0.9999972581863403,2.617236560809033e-08
ISIC_0028162,nv,nv,4.7236810019057884e-09,7.078932867443655e-06,1.2479214092309121e-05,6.096165634517092e-07,3.2449784725940845e-07,0.9999576807022095,2.1863035726710223e-05
ISIC_0030749,nv,nv,2.0187081173350663e-10,7.878914742853738e-10,6.81170764238459e-09,9.402908673905586e-09,2.890363430196885e-05,0.9999710321426392,6.822057585509356e-09
ISIC_0031509,nv,nv,7.746493935201215e-08,2.85610846084694e-09,1.187136604130501e-06,2.278987096815399e-07,6.6863649408333e-06,0.999991774559021,2.78536482767322e-08
ISIC_0027413,nv,nv,2.449084149702685e-06,6.545381893374724e-06,1.0295121683157049e-05,5.900964970351197e-05,0.00023848410637583584,0.9996792078018188,4.077451194461901e-06
ISIC_0026294,nv,nv,3.62328189673633e-09,1.8396155709865525e-08,4.480648840399226e-06,1.688045614400835e-08,2.1623269219617214e-07,0.9999949932098389,3.3248562658627634e-07
ISIC_0030029,nv,nv,2.989979464018688e-08,2.2128793020215198e-08,3.883255601522251e-07,2.8715148037150584e-09,7.157599611673504e-05,0.9999278783798218,6.703552912767918e-08
ISIC_0029796,nv,nv,0.0012999955797567964,0.0001812809641705826,0.011050147004425526,0.00032767001539468765,0.0131972162052989,0.9735082983970642,0.0004354946140665561
ISIC_0026640,nv,nv,9.542685575070209e-07,4.999296834284905e-07,0.005577491596341133,7.560640113979389e-08,0.0016174751799553633,0.9928021430969238,1.4120939795247978e-06
ISIC_0028522,nv,nv,2.1830466323535802e-08,3.272960748290643e-05,1.2689023378698039e-06,1.8266584902448812e-06,6.448263434322143e-07,0.9999599456787109,3.6025253393745515e-06
ISIC_0025880,nv,nv,9.337226174466196e-07,8.920737855078187e-07,0.0004269552300684154,0.00011775487655540928,0.00013252775534056127,0.9991469383239746,0.00017403956735506654
ISIC_0027551,nv,nv,6.847793883935083e-06,4.5011315563669996e-08,3.356609522597864e-05,2.0107841010030825e-06,0.00047448641271330416,0.9994826316833496,4.297359623706143e-07
ISIC_0031458,nv,nv,2.221261638624128e-05,0.0007958943606354296,0.01038086973130703,0.003367392811924219,0.000230246179853566,0.9850950241088867,0.0001084743780666031
ISIC_0025690,nv,nv,2.060674660242512e-06,2.4688299617992016e-06,2.357442645006813e-05,7.64066001579522e-08,3.4691442124312744e-05,0.9999339580535889,3.135672841381165e-06
ISIC_0027581,nv,nv,2.528472293761297e-07,7.022214276730665e-07,8.420086032856489e-07,1.4846079920971533e-06,2.408184229807375e-07,0.9999959468841553,5.2297161801107e-07
ISIC_0024840,nv,nv,6.659483005932998e-06,3.565482074918691e-06,4.553289727482479e-06,8.824585165712051e-06,3.8457190385088325e-05,0.9999333620071411,4.59731518276385e-06
ISIC_0029890,nv,nv,0.0001098180073313415,0.007897782139480114,0.00021276334882713854,9.748031880008057e-05,0.002478774404153228,0.9890972375869751,0.00010603653936414048
ISIC_0030259,nv,nv,0.00026428973069414496,3.9482006286561955e-06,1.698144660622347e-05,0.0001517109340056777,0.00013309881614986807,0.9994276165962219,2.4034402485995088e-06
ISIC_0025995,nv,nv,9.748308002599515e-06,0.0006729033193551004,0.00018373527564108372,5.9961352235404775e-05,4.738133793580346e-05,0.9986380934715271,0.0003881658485624939
ISIC_0024681,nv,nv,1.3285691125020094e-07,1.549147121693295e-08,9.085561941901688e-06,1.01263481155911e-06,4.1374485704182007e-07,0.9999892711639404,1.267348608280372e-07
ISIC_0024444,nv,nv,1.2347346256547098e-08,9.743761353320224e-08,2.519683948776219e-05,1.427268102816015e-06,9.033091191668063e-05,0.9998806715011597,2.2693209302815376e-06
ISIC_0029314,nv,nv,1.2763420320638375e-09,3.6762052957328706e-08,2.3216281874738343e-07,1.337518540367455e-09,2.640300635903259e-07,0.9999995231628418,9.545281898226676e-09
ISIC_0029817,nv,nv,4.7339586473071904e-08,1.3076258937871899e-06,2.125186256307643e-06,2.0453569504752522e-06,3.204667882528156e-05,0.9999619722366333,4.826906092603167e-07
ISIC_0030364,nv,nv,2.720067584505159e-07,2.106773081322899e-06,0.018934078514575958,3.753566261366359e-06,9.240022336598486e-06,0.9810356497764587,1.4884656593494583e-05
ISIC_0024606,nv,nv,4.4316028180446665e-08,1.308831770074903e-06,8.081281521299388e-06,6.178039620863274e-05,2.643654113398952e-07,0.9998928308486938,3.570286571630277e-05
ISIC_0030946,nv,nv,5.778786544397008e-06,4.520308038991061e-07,9.257651981897652e-05,3.542497552189161e-06,2.0223529645591043e-05,0.9998766183853149,6.792494104956859e-07
ISIC_0032432,nv,nv,3.43240162692382e-06,0.0002249547396786511,1.2882902638011728e-06,8.115557284327224e-05,3.4792152291629463e-05,0.9996321201324463,2.2224587155506015e-05
ISIC_0031393,nv,nv,2.7412738745624665e-07,7.87046928962809e-07,0.0005139088025316596,3.5472839954309165e-06,5.558384600590216e-06,0.9994751811027527,6.980781108723022e-07
ISIC_0025497,nv,nv,1.9882207197952084e-05,1.0181202924286481e-05,0.0021072328090667725,0.000180802249815315,9.865142783382908e-05,0.9975636005401611,1.9677652744576335e-05
ISIC_0029672,nv,nv,2.2684898794977926e-06,3.231597247577156e-07,2.9822690521541517e-06,0.0012375651858747005,1.8491246009944007e-06,0.9987541437149048,8.292185498248728e-07
ISIC_0026001,nv,nv,8.462967571176705e-07,5.686340045940597e-06,0.00018532744434196502,8.913383453545975e-07,0.0008652592659927905,0.9989404082298279,1.6729308072171989e-06
ISIC_0029429,nv,nv,2.9492176167877915e-07,1.1028254448319785e-05,0.0041967397555708885,6.027470953995362e-05,1.0986726010742132e-05,0.9957181811332703,2.45408068622055e-06
ISIC_0025151,nv,nv,2.0243660081575854e-09,8.530559370001356e-09,4.0408281165582594e-08,8.438945542366127e-09,9.637712139465293e-08,0.9999998807907104,9.253001032050179e-09
ISIC_0025801,nv,nv,1.0880469858420838e-08,1.6727110363490283e-08,1.913509635187438e-07,3.166821826994237e-08,1.1309997915986969e-07,0.9999996423721313,5.99012528468279e-09
ISIC_0031952,nv,bkl,0.3469098210334778,0.000253295642323792,0.3683578073978424,0.0007481544744223356,0.000771872466430068,0.2829214036464691,3.762575943255797e-05
ISIC_0032172,nv,nv,0.0003800470440182835,6.710599700454623e-05,0.022852111607789993,9.108928497880697e-05,2.1106294298078865e-05,0.976574718952179,1.3868854694010224e-05
ISIC_0029673,nv,nv,3.7392158702687084e-08,1.7055358236817142e-09,1.2574148513522232e-06,4.1588981503082323e-07,2.3281676476472057e-05,0.9999750852584839,8.049856781155995e-09
ISIC_0028262,nv,nv,9.800464795262087e-07,2.885459252865985e-05,9.4818533398211e-06,4.4761818571714684e-06,3.553707210812718e-05,0.9999150037765503,5.6706599025346804e-06
ISIC_0027664,nv,nv,3.809045967528846e-09,1.328506016307074e-07,0.0001274971291422844,4.342244210420176e-06,6.92707999405684e-07,0.9998626708984375,4.690130936069181e-06
ISIC_0028379,nv,nv,4.593264570779132e-12,8.384069827283014e-11,6.690166476364112e-11,4.354906657511037e-09,1.790594006401136e-09,1.0,1.3258902309409848e-10
ISIC_0026289,nv,nv,1.141182679020858e-06,1.5925189700283227e-06,4.2675605982367415e-06,9.108450171879667e-07,2.6737683583633043e-05,0.9999651908874512,1.050486346798607e-07
ISIC_0030218,nv,nv,5.104060729621551e-09,1.6328937135767774e-07,0.0001519346551503986,1.462272365415629e-07,2.8238344384590164e-05,0.999818742275238,8.387492016481701e-07
ISIC_0024852,nv,nv,7.286734410305584e-11,2.773315160419648e-13,6.940807650845926e-11,2.190663969670048e-11,1.541839052265903e-11,1.0,1.4988219541357817e-13
ISIC_0028039,nv,nv,6.591940291400533e-07,5.9984790823364165e-06,6.0793540797021706e-06,5.9503323427634314e-05,1.8319880837225355e-05,0.9999011754989624,8.284432624350302e-06
ISIC_0029761,nv,nv,8.448907129476879e-10,1.7370074090194976e-07,2.155786660296144e-07,4.42314217252715e-07,9.042092870004126e-07,0.9999974966049194,7.692535177739046e-07
ISIC_0032131,nv,nv,4.664964414757833e-09,5.647134426745026e-10,4.3529571058797956e-08,1.7182218314815145e-08,1.982918895748753e-08,0.9999998807907104,2.290961198525565e-08
ISIC_0030412,nv,nv,1.8023824654989085e-09,3.898589007178543e-09,7.139072408790526e-07,8.486526326123567e-08,2.679200861166464e-07,0.9999988079071045,6.328242818653962e-08
ISIC_0025498,nv,nv,7.191329842726191e-08,6.755539772029806e-08,3.8249132217060833e-07,9.435335357466101e-08,3.8314300354613806e-07,0.999998927116394,1.7432020271712645e-08
ISIC_0026669,nv,nv,4.069744136359077e-06,2.5900972104864195e-05,1.336535751761403e-05,3.760247636819258e-05,4.7615762923669536e-06,0.9999080896377563,6.238176410988672e-06
ISIC_0029110,nv,nv,2.6217463755529025e-09,2.363537987548625e-08,7.287923722287815e-07,1.6586082551839354e-07,1.5195668723322342e-08,0.9999990463256836,2.913929542103233e-08
ISIC_0026095,nv,nv,3.1290812163575765e-09,8.847350074780991e-10,2.1195323824940715e-06,1.8449630090344726e-07,8.401032573601697e-06,0.9999892711639404,6.1874145806939396e-09
ISIC_0030628,nv,nv,2.2222349798539653e-05,4.131955574848689e-05,0.004023362882435322,0.00010723825835157186,0.0006788754835724831,0.9950727820396423,5.4201402235776186e-05
ISIC_0027445,nv,nv,1.0516599813215066e-09,4.269123388134233e-10,1.5536771797997062e-06,4.843526912878815e-09,7.644233619430452e-07,0.999997615814209,4.7721130158606684e-08
ISIC_0026250,nv,nv,1.3689143543160753e-06,2.0439318859644118e-07,1.3886011402064469e-05,2.5870181161735673e-06,4.129009903408587e-05,0.9999397993087769,8.090956953310524e-07
ISIC_0029700,nv,nv,8.064286127762443e-09,7.3553860779895786e-09,6.244579253689153e-07,1.4955563187868393e-07,7.110972546797711e-06,0.9999921321868896,5.624458410125044e-08
ISIC_0030405,nv,nv,1.235374611496809e-07,2.555954665695026e-07,4.1624170989962295e-05,9.818153330343193e-07,4.99039379064925e-06,0.9999262094497681,2.584528374427464e-05
ISIC_0025212,nv,nv,7.388628660009999e-07,2.03267148890518e-07,0.00012307168799452484,4.590975549945142e-06,0.0003383072616998106,0.9995291233062744,3.879558789776638e-06
ISIC_0029908,nv,nv,7.405825641626507e-08,3.3649253055045847e-06,4.607807568390854e-06,1.1267396075709257e-05,2.1664181986125186e-06,0.9999746084213257,3.908153303200379e-06
ISIC_0029658,nv,nv,1.2878716688646819e-06,0.00012741707905661315,2.394721559539903e-05,0.03967103362083435,0.00013760787260252982,0.9600332975387573,5.3743983698950615e-06
ISIC_0027995,nv,nv,8.735764276934788e-05,0.0020395598839968443,0.006681616883724928,3.797395766014233e-05,0.004920982290059328,0.9862000942230225,3.243528408347629e-05
ISIC_0026595,nv,nv,3.2967545848805457e-06,2.6930110834655352e-05,6.22915686108172e-05,1.5449545571755152e-06,7.64210126362741e-05,0.9998282194137573,1.3037816870564711e-06
ISIC_0029037,nv,nv,2.184348812939163e-10,3.166832629464267e-10,1.1812533173838347e-09,3.958320338171006e-09,3.777942401939072e-05,0.9999622106552124,1.6931625879124113e-08
ISIC_0028351,nv,nv,1.6927207298067515e-06,4.361718026757444e-07,3.394600571482442e-05,1.2063642316206824e-06,3.6526309941109503e-06,0.9999576807022095,1.2990141158297774e-06
ISIC_0026723,nv,nv,6.131734117849341e-13,6.437736455033871e-11,3.9471943075186644e-11,2.307570107218382e-11,1.147305472848359e-09,1.0,8.369198667423916e-10
ISIC_0026116,nv,nv,4.377901152707864e-09,5.0853468103184696e-09,8.247002369898837e-08,5.365794777389965e-07,1.0501448741706554e-06,0.9999982118606567,9.22785314827479e-09
ISIC_0025787,nv,nv,1.2420349548847298e-07,8.395009842843137e-08,3.7588603163385415e-07,1.5494310900976416e-06,3.5986686270916834e-06,0.9999940395355225,1.9216237490127241e-07
ISIC_0028738,nv,nv,1.167250047728885e-07,3.308246277811122e-06,9.664461231295718e-07,5.545093131331669e-07,5.004548711440293e-06,0.9999891519546509,8.067385692811513e-07
ISIC_0025138,nv,nv,1.3303841797096538e-06,7.278719635905873e-07,7.719094355707057e-06,1.5634178680556943e-06,1.8915038424438535e-07,0.9999884366989136,1.1092198093365369e-07
ISIC_0027241,nv,nv,1.4369801647262648e-05,6.629230142607412e-07,3.4374993447272573e-06,3.5223176837462233e-06,4.195766450720839e-05,0.9999345541000366,1.4309049447547295e-06
ISIC_0031338,nv,nv,1.6637254418583325e-07,6.22123819127296e-09,8.332697802870825e-07,1.7407398900104454e-07,0.00028754319646395743,0.9997112154960632,8.649966787288577e-08
ISIC_0031610,nv,nv,3.0253207228270185e-07,2.6984505439031636e-06,7.153220849431818e-06,1.9549543139874004e-07,1.2238633644301444e-05,0.9999773502349854,1.0200616351596636e-08
ISIC_0028726,nv,nv,6.162833438017046e-11,2.7393154411470277e-10,7.182970662711341e-09,8.978469878684336e-08,7.32249532120477e-08,0.9999997615814209,3.6562191052524895e-09
ISIC_0025839,nv,nv,2.1013742298237048e-05,1.0195002175805712e-07,2.1622961412504083e-06,6.516795110655949e-05,0.000267484545474872,0.9996436834335327,3.4686533467720437e-07
ISIC_0027842,nv,nv,2.153345093347525e-07,4.753354971853696e-07,9.179395306091465e-07,0.00119149184320122,6.396252865670249e-05,0.9987391829490662,3.677862878248561e-06
ISIC_0027866,nv,nv,0.009366114623844624,0.001173684373497963,0.0004667525354307145,0.006983340252190828,0.0022734059020876884,0.9796746373176575,6.205859244801104e-05
ISIC_0029164,nv,nv,0.0001959147775778547,3.994414510088973e-05,0.0015696705086156726,0.00013297749683260918,0.003014017129316926,0.9950346946716309,1.276758575841086e-05
ISIC_0026800,nv,nv,9.83964731915421e-09,2.3260433579253004e-09,3.994923645223025e-06,7.246556833706563e-06,4.2569180891405267e-07,0.999988317489624,2.3028597695429198e-08
ISIC_0031944,nv,nv,0.0039953021332621574,6.844284507678822e-05,0.028047703206539154,0.009554321877658367,0.0017086905427277088,0.9565887451171875,3.680283043649979e-05
ISIC_0031161,nv,nv,1.5611105652624246e-07,7.546436222582997e-07,1.618197711650282e-05,4.3702502239284513e-07,1.4837122535027447e-06,0.9999798536300659,1.089511329155357e-06
ISIC_0028001,nv,nv,1.4369810230618896e-07,2.1654129511716746e-07,5.124190647620708e-05,3.645698427590105e-07,3.0176672225934453e-05,0.9999171495437622,6.787323059143091e-07
ISIC_0026856,nv,nv,5.489404042435808e-09,2.0232066688663508e-08,2.5915140255960978e-08,6.52182876592633e-08,4.7904991333780345e-06,0.9999948740005493,1.7607140989639447e-07
ISIC_0029255,nv,nv,3.1453541993187173e-09,1.016626158256706e-10,6.504320282374465e-08,1.1929379706288046e-09,1.946392131912944e-07,0.9999997615814209,8.211862301266137e-10
ISIC_0028300,nv,nv,2.0668657896294462e-09,4.402970765760017e-10,6.141730679587454e-09,3.5715579382866736e-09,1.5702495304026343e-08,1.0,9.775238396514396e-10
ISIC_0032418,nv,nv,1.2724685802822933e-05,2.2347218475715636e-07,0.0005554790841415524,4.323802841099678e-06,0.0001908824051497504,0.9992357492446899,6.488750727839943e-07
ISIC_0028704,nv,nv,1.3833840739607695e-07,1.1827074430925677e-08,3.3356205676682293e-05,4.4399521925697627e-07,3.286090213805437e-05,0.999933123588562,8.689059249888942e-09
ISIC_0032506,nv,nv,3.1120318908506306e-06,1.136284481617622e-06,0.0001489397545810789,0.0005257527809590101,1.040765710058622e-05,0.9993090629577637,1.6003639302653028e-06
ISIC_0032261,nv,nv,0.00014951788762118667,6.35441901977174e-05,0.005207217764109373,1.957563108589966e-05,0.0011803891975432634,0.9932190775871277,0.00016068961122073233
ISIC_0029259,nv,nv,3.6502871836319173e-09,7.887238098192029e-07,5.572543159360066e-06,2.1728143906329933e-07,5.799432074127253e-06,0.9999762773513794,1.1291424016235396e-05
ISIC_0031869,nv,nv,3.411372517803102e-07,1.80646532044193e-06,3.506267603370361e-05,7.781693511788035e-07,7.129438745323569e-05,0.9998900890350342,5.465662979986519e-07
ISIC_0025025,nv,nv,1.910833297147363e-10,4.680861254158231e-10,1.9070222379014012e-07,6.156565035553285e-09,1.7700666887776606e-07,0.9999996423721313,4.45291234996148e-08
ISIC_0029481,nv,nv,1.622716627025511e-05,0.00043625463149510324,5.013749614590779e-05,0.018841318786144257,0.00025734188966453075,0.979945957660675,0.0004527528362814337
ISIC_0030157,nv,nv,1.0153388529943186e-06,2.0399326672304596e-07,1.1185416042280849e-05,3.895604550052667e-08,5.48121761312359e-06,0.9999819993972778,1.1114956777191765e-07
ISIC_0029098,nv,nv,4.194716166239232e-05,1.0506711987545714e-05,3.915379420504905e-05,0.0002903425192926079,2.1080253645777702e-05,0.9995937943458557,3.15678494189342e-06
ISIC_0031497,nv,nv,8.806091966739871e-11,2.647147778755965e-10,1.1501872343444575e-08,1.2539912219722282e-08,2.4759390981898832e-08,1.0,2.4492249894869644e-10
ISIC_0031448,nv,nv,2.74286344392749e-06,4.891447679256089e-05,6.355427467497066e-05,2.2362433810485527e-05,0.00015848412294872105,0.9996756315231323,2.8352838853606954e-05
ISIC_0028031,nv,nv,3.4889549738181813e-07,1.5716769894424942e-06,0.01812455803155899,5.943986707279691e-07,7.420346810249612e-05,0.9817967414855957,1.9950985006289557e-06
ISIC_0028334,nv,nv,2.1925170585745946e-05,2.5699023353809025e-06,0.0001496889308327809,2.2493646611110307e-05,6.724214927089633e-06,0.999790608882904,5.936567049502628e-06
ISIC_0030257,nv,nv,4.601169933948768e-08,2.6522588086663745e-05,1.3477001630235463e-06,7.708202929279651e-07,9.94699917100661e-07,0.9999703168869019,7.896564113707427e-08
ISIC_0031805,nv,nv,7.41261028451845e-05,4.284788246877724e-06,0.00028284231666475534,4.1238115954911336e-05,9.28360313992016e-05,0.9994983673095703,6.355751793307718e-06
ISIC_0024797,nv,nv,1.2039752875225851e-11,2.321875469668555e-10,4.22491208684761e-10,1.2094099333115338e-10,2.646242478476779e-07,0.9999997615814209,7.4237718195035995e-09
ISIC_0030807,nv,nv,4.783922946671737e-08,8.912180504694334e-08,4.2886797018582e-05,5.120131731928268e-07,2.761981477306108e-06,0.9999535083770752,1.5155734445215785e-07
ISIC_0028342,nv,nv,1.970972698472906e-05,0.002232385566458106,0.0005737143219448626,0.020493362098932266,1.958758912223857e-05,0.9750033617019653,0.0016578659415245056
ISIC_0024368,nv,nv,8.465805194646236e-07,1.5311952665797435e-05,0.004680751822888851,6.065168690838618e-06,0.00026071717729792,0.9950141310691833,2.222985858679749e-05
ISIC_0024397,nv,nv,9.937049405550624e-09,2.8286415432177137e-09,1.3837669712302159e-06,1.1361352747485398e-08,3.5402813125529065e-08,0.9999985694885254,3.857492103520599e-09
ISIC_0029799,nv,nv,1.669947596383281e-05,5.79826610191958e-06,0.0004034617159049958,9.364314792037476e-06,0.00014925387222319841,0.9994063377380371,9.034278264152817e-06
ISIC_0028828,nv,nv,0.02839447371661663,0.0024576925206929445,0.016875429078936577,0.0012429616181179881,0.23272041976451874,0.7163611650466919,0.0019478293834254146
ISIC_0026673,nv,nv,8.536968465477912e-09,2.581967528669793e-09,1.2116734069422819e-06,1.3517446006972023e-07,8.783244993537664e-06,0.9999898672103882,2.4583712843195826e-08
ISIC_0025828,nv,nv,1.3193026461522095e-05,1.9202770999982022e-05,2.5221692339982837e-05,0.0012622132198885083,0.0004964973195455968,0.9981558918952942,2.7752384994528256e-05
ISIC_0025682,nv,nv,3.7719197280239314e-05,0.0006716685020364821,0.006084561347961426,0.00017984493752010167,0.019537510350346565,0.9715055823326111,0.001983082154765725
ISIC_0026431,nv,nv,9.341478111879464e-12,2.22453843540249e-11,1.1165059987661152e-09,9.378634674428454e-11,1.6727136653571506e-06,0.9999983310699463,1.2942305560592615e-10
ISIC_0028440,nv,nv,1.9932664940824907e-07,2.764754469808395e-07,4.954147698299494e-06,2.8033349735778756e-05,7.521562656620517e-05,0.9998903274536133,9.953795370165608e-07
ISIC_0024988,nv,nv,1.714162006782871e-10,4.72198698844295e-05,5.491457599759997e-08,2.554484845873617e-09,5.3344251682574395e-08,0.9999526739120483,5.755259380180178e-09
ISIC_0029395,nv,nv,0.00032733482657931745,5.135768515174277e-05,0.008291691541671753,1.7846472474047914e-05,0.013808880932629108,0.9773210883140564,0.00018177310994360596
ISIC_0025194,nv,nv,1.0490139423779965e-08,1.1580473469052777e-08,5.269328084978042e-07,1.0396684757552066e-07,1.8897832632092104e-08,0.9999992847442627,1.1629722074246729e-08
ISIC_0024717,nv,nv,0.00028896814910694957,0.005015794187784195,0.03129664435982704,0.371670126914978,0.00012005202734144405,0.5719619393348694,0.019646430388092995
ISIC_0028213,nv,nv,5.844310635438887e-07,1.5507059458741423e-07,2.451240288792178e-05,0.0003722498076967895,4.7071731387404725e-05,0.9995554089546204,4.890129190471271e-08
ISIC_0024491,nv,nv,8.732976311875973e-06,6.180395303090336e-06,4.3336403905414045e-05,5.906351361772977e-06,0.0005134004168212414,0.9994211196899414,1.313083885179367e-06
ISIC_0030478,nv,nv,3.9746274183016794e-07,2.427224217171897e-06,0.029487762600183487,0.0002537864784244448,0.00012629064440261573,0.9700952768325806,3.3936023100977764e-05
ISIC_0028417,nv,nv,3.4550873273531124e-09,6.91285428899846e-09,1.6199749097722815e-06,6.221331227962423e-10,6.6271095420233905e-06,0.999991774559021,1.0164289854230901e-08
ISIC_0030891,nv,nv,1.9015063301708324e-08,6.849142408782427e-08,0.00032844123779796064,1.4960386351958732e-07,6.797556125093251e-05,0.9996032118797302,8.871143819533245e-08
ISIC_0027186,nv,nv,1.2087627565549042e-09,1.0937695194002117e-08,0.0025904232170432806,1.0997884913876987e-07,9.466295836091376e-08,0.9974094033241272,1.4138103132665947e-08
ISIC_0025177,nv,nv,0.00036250537959858775,0.00015494044055230916,0.002175957430154085,0.04087325930595398,0.049253009259700775,0.9040605425834656,0.0031198118813335896
ISIC_0029049,nv,nv,0.0017175049288198352,0.011897845193743706,0.16560165584087372,0.010150756686925888,0.03402974456548691,0.6402021050453186,0.13640035688877106
ISIC_0029018,nv,nv,1.865489684860222e-05,0.0007182713598012924,0.0006131713162176311,8.864207302394789e-06,0.003056081710383296,0.9954172372817993,0.00016770444926805794
ISIC_0027112,nv,nv,7.265741146511573e-07,2.5078212274820544e-05,0.006971048191189766,0.00016593359760008752,0.00287016574293375,0.9897875785827637,0.00017949999892152846
ISIC_0028791,nv,nv,1.094771051590726e-09,6.592905066327148e-08,3.2697059282327245e-08,2.1331036492711064e-08,0.0001405190851073712,0.9998592138290405,6.347934089490082e-08
ISIC_0027855,nv,nv,3.868238491122611e-05,1.554697701067198e-05,0.003705978626385331,7.568387081846595e-05,0.14201925694942474,0.8540130257606506,0.0001317880960414186
ISIC_0026730,nv,nv,2.1021499208018213e-07,1.6502262951689772e-05,0.00033718690974637866,3.2051498237706255e-06,0.0001626430166652426,0.9994779229164124,2.22831113205757e-06
ISIC_0026519,nv,nv,0.00022137229098007083,0.00012170014815637842,0.00016339696594513953,0.0005724229267798364,0.10544572025537491,0.8934276103973389,4.769565930473618e-05
ISIC_0028755,nv,nv,0.00023479489027522504,3.263538746978156e-05,0.006531308870762587,0.00027512339875102043,0.002795909997075796,0.990119457244873,1.0788119652715977e-05
ISIC_0024597,nv,nv,0.00019533836166374385,0.00228621787391603,0.006546579767018557,0.01725063845515251,0.006563464645296335,0.9490363001823425,0.018121428787708282
ISIC_0029790,nv,nv,1.1047144425901934e-06,7.372345294243132e-07,0.0008439150406047702,2.639043486851733e-06,0.021611278876662254,0.9775186777114868,2.1674635718227364e-05
ISIC_0027898,nv,nv,1.8052167433779687e-05,0.0006633242592215538,0.00025589577853679657,0.0014052126789465547,0.030929939821362495,0.9625625014305115,0.00416509248316288
ISIC_0028293,nv,nv,1.3384880981348601e-09,7.618674402465331e-08,1.199847815769317e-06,6.182993672609882e-09,7.940212526591495e-05,0.9999191761016846,7.257307288455195e-08
ISIC_0032428,nv,nv,3.330971230752766e-05,0.0002822964743245393,0.0005283943028189242,9.011248039314523e-05,0.056817427277565,0.9422100186347961,3.8495869375765324e-05
ISIC_0027640,nv,mel,0.0024380888789892197,9.749370656209067e-05,0.04689466580748558,0.00014376270701177418,0.9318720698356628,0.018480870872735977,7.313161040656269e-05
ISIC_0030273,nv,mel,5.1046881708316505e-05,1.9049930415349081e-06,0.02598293498158455,6.294701506703859e-07,0.7813656330108643,0.19258904457092285,8.815808541839942e-06
ISIC_0028971,nv,nv,7.783723958709743e-07,2.318709266546648e-05,0.0001061552538885735,1.4170923350320663e-06,0.04141019284725189,0.9582522511482239,0.00020609765488188714
ISIC_0031145,nv,nv,2.4316175739613755e-08,4.00089961161143e-09,1.0957251106447075e-05,3.8346641417774663e-07,3.4734945074887946e-05,0.9999538660049438,1.0688498086608433e-08
ISIC_0027235,nv,nv,1.5191076840892492e-08,8.092629144584862e-08,1.9071623000854743e-06,2.214884275986151e-08,0.21568721532821655,0.7843104600906372,2.5833512040662754e-07
ISIC_0024891,nv,nv,4.6626786343040294e-07,4.042108230351005e-06,4.184503995929845e-05,2.188883854614687e-06,0.04050593823194504,0.9585033059120178,0.0009422662551514804
ISIC_0025442,nv,nv,5.552078050641285e-07,2.667582066351315e-07,2.041062543867156e-05,1.2942750515776424e-07,0.1646370142698288,0.8353406190872192,1.0665903573681135e-06
ISIC_0028461,nv,mel,0.00021400116384029388,1.3428233614831697e-05,7.133338658604771e-05,0.0012267834972590208,0.5055555105209351,0.49291127920150757,7.613552952534519e-06
ISIC_0029719,nv,nv,0.001116473227739334,0.06129945069551468,0.15719185769557953,0.0006184696103446186,0.1470128744840622,0.6302578449249268,0.0025030348915606737
ISIC_0028453,nv,nv,3.3607448131078854e-05,0.0028309922199696302,0.005819803103804588,0.40951013565063477,0.00443347217515111,0.5576428771018982,0.019729116931557655
ISIC_0031733,nv,nv,2.6676985953599797e-08,0.0019092977745458484,5.6552169553469867e-05,6.165127501844836e-07,0.00020762471831403673,0.9819608926773071,0.015865033492445946
ISIC_0031663,nv,nv,2.1392039343481883e-05,0.00027779635274782777,1.6234551367233507e-05,0.002615448320284486,0.06757678836584091,0.9291074275970459,0.00038493407191708684
ISIC_0032096,nv,bkl,1.4296211702458095e-05,0.0013521350920200348,0.5640700459480286,3.364860458532348e-05,0.02077876403927803,0.4137067198753357,4.441074270289391e-05
ISIC_0027358,nv,bkl,2.2753882149118e-05,0.3212365210056305,0.6226373910903931,0.0001222534046974033,0.00012889968638774008,0.055846452713012695,5.710086952603888e-06
ISIC_0027734,nv,mel,1.3794386859444785e-06,2.770080982372747e-06,0.0019722310826182365,2.221382146672113e-06,0.7689766883850098,0.22904393076896667,8.549681638214679e-07
ISIC_0030874,nv,nv,0.0019409818341955543,0.0027202197816222906,0.012333355844020844,4.6476816351059824e-05,0.005316124297678471,0.9775505661964417,9.218475315719843e-05
ISIC_0029389,nv,df,0.002616670448333025,0.0026612835936248302,0.1335219293832779,0.4532579481601715,0.045834980905056,0.3591509163379669,0.002956200623884797
ISIC_0026874,nv,nv,2.225421440016362e-06,1.1337263003952103e-06,0.0003425495233386755,2.7292159643366176e-08,0.3238942623138428,0.6757591962814331,6.06793093993474e-07
ISIC_0026389,nv,bkl,0.0004123311664443463,0.016117550432682037,0.5827042460441589,0.001490327063947916,0.02740788646042347,0.3348781168460846,0.03698950260877609
ISIC_0025428,nv,nv,2.8610225854208693e-05,5.308818799676374e-06,0.0002598917344585061,2.47158141064574e-06,0.03862105682492256,0.9610816240310669,9.775923217603122e-07
ISIC_0024824,nv,bkl,0.0006552531267516315,0.011571896262466908,0.5305903553962708,0.003126823576167226,0.001541389967314899,0.4522315263748169,0.0002827531425282359
ISIC_0027878,nv,nv,4.4003758375765756e-05,1.1875955351570155e-05,0.0010329550132155418,6.955881417525234e-06,0.0030364487320184708,0.9958668947219849,8.303457548208826e-07
ISIC_0028371,nv,nv,2.0312567983182817e-07,5.4823074606247246e-05,5.932662315899506e-05,0.00019143220561090857,0.0019548796117305756,0.9977385997772217,7.510460022785992e-07
ISIC_0026006,nv,nv,1.53261154878237e-08,3.6631237890105695e-05,0.0005811218870803714,3.211169996575336e-08,0.00011112641368526965,0.9992697834968567,1.2590926417033188e-06
ISIC_0026541,nv,nv,1.4777081560168881e-05,0.00011436144995968789,0.0002553388476371765,7.479104169760831e-06,0.08059658110141754,0.9188912510871887,0.00012019120913464576
ISIC_0025869,nv,nv,3.2273048418574035e-05,0.0010571229504421353,0.20649558305740356,5.841253368998878e-05,0.09439770132303238,0.6979567408561707,2.154340108972974e-06
ISIC_0027812,nv,nv,4.237086415059821e-08,1.722416755001177e-06,4.358065780252218e-06,7.392030738628819e-07,5.120583955431357e-05,0.9999196529388428,2.231520011264365e-05
ISIC_0027410,nv,nv,1.7428602916425007e-07,5.256008535070578e-06,0.0002468589518684894,5.592123670794535e-07,0.00048464530846104026,0.9992617964744568,6.639006642217282e-07
ISIC_0027103,nv,nv,5.805555147730956e-09,1.8116919520139163e-08,2.0639929061871953e-05,1.0153337370866211e-07,0.003751857439056039,0.9962232112884521,4.207046913506929e-06
ISIC_0028528,nv,mel,4.744594116345979e-05,9.629138730815612e-06,0.005471549928188324,5.792624506284483e-06,0.9876312613487244,0.0067642442882061005,7.005918450886384e-05
ISIC_0029945,nv,mel,1.4659186490462162e-05,1.316389671046636e-06,0.00023692169634159654,1.9051128674618667e-07,0.9990041851997375,0.0007417828892357647,9.686567636890686e-07
ISIC_0026148,nv,mel,0.00017852317250799388,0.0010150421876460314,0.0009435017127543688,0.00015590741531923413,0.9480716586112976,0.0494459867477417,0.00018941829330287874
ISIC_0031094,nv,bkl,1.3123056987751625e-06,5.701945582359258e-08,0.5891982913017273,3.453451199675328e-06,0.008761371485888958,0.4020349979400635,5.881219635739399e-07
ISIC_0029488,nv,mel,0.01029230933636427,0.00473768450319767,0.19715699553489685,0.002421670127660036,0.4336024820804596,0.3112529218196869,0.04053601995110512
ISIC_0028804,nv,bkl,7.83647337811999e-05,0.004181051626801491,0.9233130812644958,0.0003807593311648816,0.010406672023236752,0.058653175830841064,0.002986862091347575
ISIC_0026781,nv,nv,6.8921253841836e-05,3.244618346798234e-05,0.006089859642088413,3.669796569738537e-05,0.04662524163722992,0.9469753503799438,0.00017147816834039986
ISIC_0029846,nv,nv,5.224851662433139e-10,1.701012131150037e-08,1.1268645039308467e-07,2.3575802643449606e-08,0.0002798388013616204,0.9997182488441467,1.7894863049150445e-06
ISIC_0029194,nv,nv,1.374026153272423e-11,1.77413053137343e-08,5.402284841693472e-09,1.7960563036822919e-09,1.9563497062335955e-06,0.9999979734420776,4.32517417436884e-08
ISIC_0027034,nv,bkl,0.0001942595699802041,0.0002873328630812466,0.9909062385559082,2.145438702427782e-05,0.0068902140483260155,0.0009459234424866736,0.0007546173874288797
ISIC_0031887,nv,nv,2.7781743483501486e-05,1.4450268963628332e-06,9.976311412174255e-05,1.1946162885578815e-06,0.15049904584884644,0.8493701219558716,6.087106498853245e-07
ISIC_0028534,nv,nv,3.0591734230256407e-06,0.00016245272126980126,1.4358752196130808e-05,4.0431972593069077e-05,0.04195813462138176,0.9577886462211609,3.287923755124211e-05
ISIC_0028222,nv,bkl,0.025389380753040314,0.0056404899805784225,0.9319493174552917,0.002356415381655097,0.0054149143397808075,0.029173340648412704,7.609176827827469e-05
ISIC_0026237,nv,nv,8.728165994398296e-07,1.0305529940524139e-06,0.0014702167827636003,0.00011271844414295629,0.00032720842864364386,0.998085618019104,2.3672503175475867e-06
ISIC_0027548,nv,nv,6.451155609710213e-09,9.843129333830802e-08,0.00015383082791231573,4.710332124346905e-09,0.000710833934135735,0.9991347193717957,5.104778324493964e-07
ISIC_0028961,nv,nv,8.462754802485151e-11,8.496444934280589e-07,6.477148417616263e-06,1.049181408419031e-09,1.1795965519922902e-06,0.9999915361404419,1.468869692544672e-09
ISIC_0030053,nv,mel,2.769485581666231e-05,2.923455940617714e-05,0.0072825318202376366,4.181581061857287e-06,0.8809260129928589,0.11172734200954437,2.9528980576287722e-06
ISIC_0025789,nv,nv,2.081639649986755e-06,9.74668437265791e-05,5.496713856700808e-05,6.627615221077576e-05,0.020279111340641975,0.9792665839195251,0.00023348837567027658
ISIC_0030184,nv,nv,9.00943391002329e-08,1.5922149998459645e-07,5.5414279813703615e-06,2.4664328179824224e-07,0.004609987139701843,0.9953832030296326,8.004391247595777e-07
ISIC_0031501,nv,nv,5.492698743753133e-12,5.9625615556058165e-09,4.801978548130137e-08,1.2019202300095344e-09,4.3650624093061197e-07,0.9999994039535522,1.4054016617137677e-07
ISIC_0029354,nv,nv,0.0024055535905063152,0.029864730313420296,0.014557860791683197,0.0008063795394264162,0.23382920026779175,0.7177551984786987,0.0007810690440237522
ISIC_0033356,nv,nv,0.0002619035658426583,7.401969196507707e-05,0.000737501832190901,0.007965350523591042,0.0014612488448619843,0.9894847273826599,1.5251420336426236e-05
ISIC_0031158,nv,bcc,1.8275912225362845e-05,0.6876326203346252,0.0001974948972929269,0.0027485506143420935,0.0025191146414726973,0.2972402274608612,0.00964375864714384
ISIC_0033846,nv,nv,1.0728453162300866e-05,2.8066211598343216e-05,6.585918526980095e-06,6.958252470212756e-06,0.014414487406611443,0.9855330586433411,1.7672040542038303e-07
ISIC_0032691,nv,nv,1.8842877258506974e-10,7.953324256959604e-07,5.5431069512223985e-08,3.506289658616879e-07,1.6907134749999386e-06,0.9999966621398926,4.191339257886284e-07
ISIC_0032891,nv,nv,8.432483227308052e-13,2.0289241120519108e-10,3.0582756327390825e-09,1.903477597764436e-09,1.0845869837794453e-06,0.9999988079071045,5.842507277975528e-08
ISIC_0033348,nv,nv,2.8890812245663255e-05,3.056596369788167e-06,2.4624410798423924e-05,0.00014402171655092388,0.1318802386522293,0.8679100871086121,8.993728442874271e-06
ISIC_0033048,nv,nv,1.5247386500050197e-06,2.841671289388614e-07,3.0393866836675443e-06,3.0943727324483916e-05,0.014815161935985088,0.985145092010498,4.063752385263797e-06
ISIC_0026618,nv,nv,3.599587216740474e-05,3.015888432855718e-05,0.00023645840701647103,0.029689496383070946,0.0038456206675618887,0.9661083817481995,5.391395097831264e-05
ISIC_0025456,nv,nv,2.5432955226278864e-05,2.486159974068869e-05,3.150233533233404e-05,0.029518019407987595,0.00014791659486945719,0.9701932668685913,5.907888407818973e-05
ISIC_0033549,nv,nv,9.12768973648781e-06,0.00011702354822773486,0.00409034313634038,7.548687426606193e-05,0.005752843804657459,0.9857483506202698,0.004206866025924683
ISIC_0025239,nv,nv,4.509599875746062e-06,2.750259682215983e-07,5.4469848691951483e-05,9.818153557716869e-06,0.04164094850420952,0.9582896828651428,3.070416880746052e-07
ISIC_0034234,nv,nv,2.8936054263795086e-07,2.7370879251975566e-07,7.5923030635749456e-06,8.55268694976985e-07,0.1111503466963768,0.8888207674026489,1.9833802070934325e-05
ISIC_0034274,nv,mel,5.147990478349129e-08,5.1215671703630505e-08,1.8057331772070029e-06,7.791064682294291e-09,0.9607552886009216,0.03924257308244705,2.2852971426345903e-07
ISIC_0033759,nv,nv,8.949061630625366e-11,1.0818380635768676e-09,3.6873250337521313e-06,4.1014209806178314e-09,0.0001476326578995213,0.9998486042022705,2.055244197052275e-09
ISIC_0033386,nv,bkl,2.802235758281313e-05,3.940896021958906e-06,0.7261332869529724,2.178671638830565e-05,0.05621654540300369,0.21757997572422028,1.641171365918126e-05
ISIC_0033253,nv,nv,0.001357563305646181,6.94722039042972e-05,0.0009191682329401374,1.5615267329849303e-05,0.102768674492836,0.8948646783828735,4.889973752142396e-06
ISIC_0033974,nv,nv,2.814580511767417e-06,2.4958594622148667e-06,0.0002634471748024225,9.81153448265104e-07,0.0004483178199734539,0.9992807507514954,1.2662326298595872e-06
ISIC_0025978,nv,mel,0.0019071327988058329,0.00925490353256464,0.07102691382169724,0.06323093920946121,0.4748644232749939,0.37797868251800537,0.0017369833076372743
ISIC_0025786,nv,nv,9.940206655301154e-05,0.008493229746818542,0.0012722944375127554,0.00019233407510910183,0.20686954259872437,0.7827901840209961,0.0002830057346727699
ISIC_0025525,nv,nv,0.001455683377571404,0.0004481009382288903,0.05782189592719078,0.00010093300807056949,0.021560749039053917,0.9185894131660461,2.3180256903287955e-05
ISIC_0027847,nv,nv,9.592663445801008e-07,7.773452352921595e-07,0.003459397703409195,3.388409481885901e-07,0.06716933101415634,0.9293673038482666,1.860547740761831e-06
ISIC_0028780,nv,nv,5.1551531214499846e-05,0.0003052176907658577,0.019475700333714485,2.5923640350811183e-05,0.05462262034416199,0.9254681468009949,5.07846380060073e-05
ISIC_0031988,nv,nv,9.342029443359934e-06,2.4996693355205934e-06,0.00031231538741849363,4.49808749181102e-06,0.05552113801240921,0.9441148042678833,3.546248990460299e-05
ISIC_0029662,nv,nv,0.00047309466754086316,0.00023308454547077417,0.00584515230730176,0.0003260984958615154,0.008710730820894241,0.9843534827232361,5.837542630615644e-05
ISIC_0025001,nv,nv,1.0549337403631398e-08,1.3264278564406595e-08,1.9952321963501163e-06,1.0218443549092626e-06,0.00493597099557519,0.9950607419013977,1.4064268327729224e-07
ISIC_0028500,nv,nv,2.703856125663151e-07,1.5800539188148832e-07,3.755255647774902e-06,3.890188438049336e-08,0.00296077411621809,0.9970349073410034,1.231782249533353e-07
ISIC_0025262,nv,mel,7.707158147240989e-06,0.04245317727327347,0.00011233367695240304,1.068339406629093e-05,0.5705066919326782,0.38689133524894714,1.8117048966814764e-05
ISIC_0029348,nv,nv,4.903794703636777e-09,4.348608140247734e-09,0.0007623312994837761,1.3786648267455348e-08,0.00018840146367438138,0.9990490078926086,2.992391046063858e-07
ISIC_0030429,nv,bcc,3.002974580113005e-08,0.9973732233047485,4.029336560051888e-05,4.870345946983434e-06,1.080765855476784e-06,0.0024962809402495623,8.432729373453185e-05
ISIC_0030899,nv,nv,1.7091495863041928e-07,7.411148317260086e-07,5.4932355851633474e-05,1.1665290458040545e-06,0.0027103349566459656,0.9971755743026733,5.704336581402458e-05
ISIC_0032641,nv,nv,3.4172057183923243e-08,2.231263351859525e-06,1.0711008826547186e-06,8.77521060260733e-08,9.689630678622052e-05,0.9998996257781982,1.610010258445982e-08
ISIC_0032717,nv,nv,2.9837650572517305e-08,9.57840100568319e-08,0.000257195089943707,5.971290306661103e-08,0.0018049993086606264,0.99793541431427,2.1388309505709913e-06
ISIC_0032651,nv,nv,3.956228738388745e-06,6.486147867690306e-07,4.088180867256597e-05,2.7245196179137565e-06,0.007253550458699465,0.9926974177360535,8.332398806487618e-07
ISIC_0033503,nv,nv,7.49971586628817e-05,1.2875240827270318e-05,0.43291348218917847,1.5077428088261513e-06,0.051000624895095825,0.5159865617752075,9.986689292418305e-06
ISIC_0033795,nv,mel,0.00012556060391943902,2.489768348823418e-06,0.010347372852265835,1.1825309229607228e-06,0.9120401740074158,0.07747964560985565,3.5490363643475575e-06
ISIC_0033100,nv,nv,0.017991086468100548,0.10767616331577301,0.14628398418426514,8.256023284047842e-05,0.005753869190812111,0.7218538522720337,0.0003585747326724231
ISIC_0033388,nv,nv,8.408018459249433e-08,1.9495533365443407e-07,5.929915641900152e-05,1.2821919881389476e-07,7.128695142455399e-05,0.9998677968978882,1.1934788517464767e-06
ISIC_0032811,nv,nv,1.0791563198608856e-07,4.584319412970217e-08,2.4163418856915087e-05,6.37222754562572e-08,2.709999171202071e-05,0.999948263168335,2.8051366030013014e-07
ISIC_0033370,nv,nv,3.567708262153246e-08,4.305778702473617e-07,0.00042611101525835693,4.3435033347805074e-09,0.0005371161387301981,0.9990360736846924,1.6300911909183924e-07
ISIC_0033521,nv,nv,0.0001328085782006383,0.00010093779565067962,0.013430179096758366,3.620246206992306e-05,0.0019343348685652018,0.9843140840530396,5.137880361871794e-05
ISIC_0032623,nv,nv,0.0015313058393076062,0.00011567951878532767,0.057507675141096115,1.6618774679955095e-05,0.0012746785068884492,0.9395221471786499,3.1898267479846254e-05
ISIC_0032821,nv,nv,2.853540195246751e-07,1.8554055714048445e-07,4.5728497752861585e-06,5.531731517294247e-07,0.012276009656488895,0.9877013564109802,1.6971769582596608e-05
ISIC_0034133,nv,nv,0.00026471586897969246,2.846216011676006e-05,0.006579723209142685,3.748852032003924e-05,0.10122749209403992,0.8918502330780029,1.1840333172585815e-05
ISIC_0034152,nv,nv,1.6504712903042673e-06,0.11218330264091492,0.004749243147671223,6.431224755942822e-05,0.11466497927904129,0.7681571841239929,0.0001793949631974101
ISIC_0034020,nv,nv,0.00011758630716940388,9.820769628277048e-05,0.06601603329181671,0.005584023427218199,0.0010646380251273513,0.9269998669624329,0.00011962657299591228
ISIC_0034273,nv,nv,3.489937583367464e-08,3.89109438003743e-08,8.017442354457671e-08,4.906373192170577e-07,0.0006662763189524412,0.9993330836296082,2.0831381064567722e-08
ISIC_0033633,nv,mel,3.468411887297407e-05,0.00020785094238817692,0.20556388795375824,1.950566002051346e-06,0.5714846849441528,0.22245308756828308,0.0002538714907132089
ISIC_0032948,nv,nv,4.354529608008306e-07,1.692851441248422e-07,0.00032837182516232133,2.9250254556245636e-06,0.00037541543133556843,0.9992917776107788,8.392239010390767e-07
ISIC_0033657,nv,nv,5.132618753123097e-05,0.00012050829536747187,0.002820924622938037,2.7935649995924905e-05,0.09009148180484772,0.9068553447723389,3.2495609048055485e-05
ISIC_0033837,nv,mel,0.0009283263934776187,0.00010681273124646395,0.000419016694650054,0.0006533606792800128,0.9719717502593994,0.02555502951145172,0.00036563462344929576
ISIC_0032612,nv,nv,1.9165785488439724e-05,2.301437916685245e-06,0.00010704906162573025,1.474270084145246e-05,0.059065043926239014,0.9407892823219299,2.377357304794714e-06
ISIC_0034039,nv,nv,5.804538886877708e-06,1.1654020454443526e-05,9.087588841794059e-05,0.002286549424752593,0.025652959942817688,0.9719009399414062,5.1103746955050156e-05
ISIC_0033071,nv,nv,2.239849345642142e-05,0.0017146182944998145,0.019803084433078766,0.0021863863803446293,0.1317998617887497,0.7928417325019836,0.05163197219371796
ISIC_0034086,nv,mel,8.548250320927764e-07,1.8297141934908723e-07,6.884950562380254e-05,1.3685536259799846e-07,0.9549523591995239,0.044976942241191864,5.890914280826109e-07
ISIC_0033242,nv,nv,0.0012890557991340756,0.0379873625934124,0.12407667189836502,4.094720497960225e-05,0.0443510077893734,0.7902398705482483,0.002015054691582918
ISIC_0032961,nv,nv,5.0308822210354265e-06,4.926504971081158e-06,0.00020051031606271863,2.6392071958980523e-06,0.06559743732213974,0.9341668486595154,2.2648420781479217e-05
ISIC_0034112,nv,nv,6.593653267827904e-08,9.395041900006618e-08,4.395477662910707e-05,7.037084515104652e-08,0.0020861709490418434,0.9978692531585693,2.720905740716262e-07
ISIC_0033838,nv,nv,4.92598744017414e-08,6.64268924310818e-08,2.470042318236665e-06,6.296145471651471e-08,0.0028839111328125,0.9971132278442383,1.4906777323631104e-07
ISIC_0033990,nv,nv,5.571573069573788e-07,1.4077224932407262e-06,0.00016540141950827092,1.4790066416026093e-06,0.0019374231342226267,0.9978918433189392,1.8875533669415745e-06
ISIC_0034157,nv,nv,3.373774291048903e-07,0.00014130835188552737,4.925723260384984e-05,6.236030003492488e-06,0.00026096764486283064,0.999526858329773,1.5112877008505166e-05
ISIC_0032770,nv,nv,5.189156217966229e-05,0.004555446561425924,0.02774934098124504,0.0002722353383433074,0.0008042327826842666,0.966437041759491,0.00012978810991626233
ISIC_0034184,nv,nv,7.244384323712438e-05,0.0003740299725905061,0.01642380654811859,0.001571247004903853,0.00018182840722147375,0.9813699722290039,6.652770480286563e-06
ISIC_0033385,nv,bkl,8.201637683669105e-06,8.046291100072267e-07,0.9167631268501282,7.927511802563458e-08,0.0527864433825016,0.030440902337431908,3.9363996506835974e-07
ISIC_0033849,nv,nv,6.78679280099459e-05,1.6237894669757225e-05,0.01325093675404787,0.00022844735940452665,0.22944116592407227,0.7569887042045593,6.614302947127726e-06
ISIC_0032885,nv,nv,1.5844503650441766e-05,5.620046522381017e-06,1.7096655938075855e-05,4.3362735596019775e-05,0.009307680651545525,0.9905688166618347,4.1633426008047536e-05
ISIC_0032859,nv,nv,3.0294795578811318e-05,0.0002884529822040349,0.018519200384616852,4.7896752221276984e-05,0.0015648937551304698,0.9794905781745911,5.8705983974505216e-05
ISIC_0033138,nv,nv,4.153704491471899e-09,1.757738061769487e-07,2.0118434349569725e-06,1.4498193934286974e-07,3.026366903213784e-05,0.9999673366546631,1.1132849664363675e-07
ISIC_0032728,nv,nv,1.7412677966177625e-09,2.90755530762965e-09,1.1955491174830968e-07,1.1151248457963447e-07,1.1690533938235603e-05,0.9999878406524658,2.2742796090824413e-07
ISIC_0034044,nv,nv,2.90851875917042e-09,4.428723165972315e-09,7.852195693658359e-08,1.042419217611723e-08,0.0009430439677089453,0.999056875705719,1.152265038939504e-08
ISIC_0033763,nv,nv,3.0889318622939754e-06,1.6850375686772168e-05,0.0002319432533113286,8.621017514087725e-06,0.007858511060476303,0.9911462664604187,0.0007346915663219988
ISIC_0033069,nv,nv,8.796979273029137e-06,1.2719607184408233e-05,0.053491972386837006,1.667228752921801e-05,0.0239404309540987,0.922464907169342,6.445340841310099e-05
ISIC_0032735,nv,nv,0.00010383114567957819,3.221631777705625e-05,0.002621294930577278,0.00013396597933024168,0.446275532245636,0.5501986742019653,0.0006344689172692597
ISIC_0032546,nv,mel,0.004432104527950287,0.05079897120594978,0.02143610082566738,0.00022945820819586515,0.4665970206260681,0.4563406705856323,0.0001657255197642371
ISIC_0033958,nv,nv,2.3680618141952436e-06,7.271810318343341e-05,0.00013399534509517252,2.853696969395969e-06,0.0029013091698288918,0.9954802989959717,0.0014064592542126775
ISIC_0033016,nv,mel,6.315495556918904e-05,0.0071800472214818,0.02953374572098255,0.00011436080967541784,0.6875507235527039,0.275161474943161,0.00039645086508244276
ISIC_0026810,nv,nv,1.0408624717683779e-07,1.4002021941905696e-07,5.462416811496951e-05,1.4239383006042772e-08,0.009093290194869041,0.9908513426780701,5.094052539789118e-07
ISIC_0033351,nv,nv,2.926081833720673e-05,3.416166873648763e-05,1.5469136997126043e-05,5.428358417702839e-05,0.0015537674771621823,0.9982965588569641,1.6583018805249594e-05
ISIC_0033131,nv,nv,0.0001896611793199554,8.252442853518005e-07,6.015093458699994e-05,0.0012321090325713158,0.002093957271426916,0.9964197874069214,3.441011131144478e-06
ISIC_0032683,nv,nv,0.00017751658742781729,2.2592992536374368e-05,0.11137840896844864,4.323851317167282e-05,0.12452181428670883,0.7637152075767517,0.00014126277528703213
ISIC_0032971,nv,nv,4.547547121092066e-07,1.4176994227454998e-06,0.00021846262097824365,5.0445000852050725e-06,0.024509012699127197,0.9746299982070923,0.0006357430829666555
ISIC_0034224,nv,nv,1.430498599575003e-07,9.874480610960745e-07,1.1060143378927023e-07,5.332224759513338e-07,0.00466469582170248,0.9953333735466003,2.854678768926533e-07
ISIC_0032587,nv,nv,0.00022337023983709514,0.00047375200665555894,0.00022026777151040733,0.01014343649148941,0.04165765270590782,0.9463505148887634,0.0009310634923167527
ISIC_0034300,nv,nv,7.053057693440223e-09,6.694227838721645e-09,4.464123321668012e-06,2.7763267240743517e-08,3.7820498164364835e-06,0.999991774559021,7.672775304001789e-09
ISIC_0032609,nv,nv,7.23796756574302e-06,8.070183685049415e-05,0.00041553573100827634,7.951016596052796e-05,0.00031276282970793545,0.9990392923355103,6.490532541647553e-05
ISIC_0033729,nv,nv,3.0520935979438946e-05,4.5281640268513e-06,0.0003338464302942157,1.7315205695922486e-05,0.19353775680065155,0.8060652017593384,1.0817283509823028e-05
ISIC_0034307,nv,nv,6.598214440600714e-06,2.4743056314946443e-07,0.0002801618829835206,4.0518980313208885e-06,0.12472956627607346,0.8749727010726929,6.697635853925021e-06
ISIC_0032822,nv,nv,1.679882734606508e-05,2.6124753276235424e-05,0.0005629210500046611,5.334643446985865e-06,0.1723383665084839,0.8270030617713928,4.742307646665722e-05
ISIC_0033976,nv,nv,0.07257065922021866,0.021237801760435104,0.005399559624493122,0.006608016788959503,0.4396049678325653,0.45086944103240967,0.0037095430307090282
ISIC_0034314,nv,nv,1.9078937041339117e-10,3.047386787358164e-10,3.6660708246927243e-07,2.049081043731249e-11,0.00014338799519464374,0.9998562335968018,2.4365229833733792e-09
ISIC_0033983,nv,nv,8.807840004010359e-07,9.348509166784424e-08,5.621889067697339e-05,5.80251793280695e-08,4.775787238031626e-05,0.9998941421508789,8.796448582870653e-07
ISIC_0032541,nv,bkl,0.0003852251102216542,3.5974826460005715e-06,0.9752956032752991,2.8135650609328877e-06,8.22977744974196e-05,0.024229900911450386,5.783533651992911e-07
ISIC_0034190,nv,vasc,4.97820224154566e-07,0.0007952380692586303,0.00018934151739813387,2.655534990481101e-05,0.0008053747587837279,0.004057147074490786,0.9941258430480957
ISIC_0033961,nv,nv,2.5210795229213545e-07,3.0869651368448103e-07,4.261411959305406e-06,3.4208846955152694e-07,0.01088672410696745,0.9890950322151184,1.3049287190369796e-05
ISIC_0033743,nv,vasc,0.013556957244873047,0.1985846310853958,0.07818087935447693,0.10028292238712311,0.054537490010261536,0.24139490723609924,0.3134622275829315
ISIC_0034149,nv,nv,5.600002623395994e-05,1.467728907300625e-06,0.006564131006598473,3.8170563243511424e-07,0.0043722596019506454,0.9890047907829285,1.0017006388807204e-06
ISIC_0033887,nv,nv,1.5652339424576667e-09,2.4139463761230218e-09,8.23880608180616e-09,2.4175310642249315e-09,0.00035464027314446867,0.9996452331542969,7.70366526126054e-08
ISIC_0034073,nv,nv,3.2643063605064526e-05,0.0003516022698022425,0.011453572660684586,0.0012983276974409819,0.016759008169174194,0.9699735641479492,0.00013122815289534628
ISIC_0033107,nv,nv,0.011569725349545479,0.0003616504545789212,0.006623007357120514,0.014222248457372189,0.019928017631173134,0.9471494555473328,0.00014589483907911927
ISIC_0034078,nv,nv,1.5576460121735636e-09,7.312532090963941e-08,6.587797543033957e-07,7.149390413019319e-09,8.661669562570751e-05,0.9999125003814697,4.375216278162952e-08
ISIC_0033658,nv,nv,2.014090023294557e-05,2.019442581513431e-05,0.0026995502412319183,2.0814039089600556e-05,0.09902987629175186,0.894248902797699,0.003960666246712208
ISIC_0032908,nv,nv,2.3270220026461175e-06,5.949857040832285e-06,0.01872784085571766,7.793417466928076e-07,0.00451211491599679,0.9767505526542664,4.0687862679078535e-07
ISIC_0034203,nv,bcc,7.520960934925824e-05,0.8756376504898071,0.00033146521309390664,0.0028009540401399136,0.000706241640727967,0.12024406343698502,0.00020444013352971524
ISIC_0033188,nv,nv,3.041300100647959e-09,1.5352529247891766e-09,6.802873940614518e-06,5.49073952971213e-10,3.1076026061782613e-05,0.9999620914459229,1.1377331077255803e-08
ISIC_0034232,nv,nv,8.288403478218243e-06,6.375809789460618e-06,6.2979243011795916e-06,2.10834582503594e-06,0.0054491860792040825,0.9945217370986938,5.995519586576847e-06
ISIC_0033649,nv,nv,4.3140144043718465e-06,1.9082008293480612e-06,0.01824304275214672,5.649526883644285e-06,0.00122274539899081,0.9805102944374084,1.2055944353051018e-05
ISIC_0032820,nv,nv,3.949326696783828e-07,3.1822875001807915e-08,9.169914847007021e-06,4.5635252376996505e-07,0.002671109512448311,0.9973182082176208,6.699451091662922e-07
ISIC_0032813,nv,mel,6.054543973732507e-06,3.380128418939421e-06,0.00034695983049459755,1.0747636451924336e-06,0.6719706058502197,0.32765036821365356,2.155412767024245e-05
ISIC_0033194,nv,nv,6.135348371572036e-07,9.262431558454409e-05,0.0002742957149166614,1.075875206879573e-05,0.0013309076894074678,0.9982408285140991,5.0077695050276816e-05
ISIC_0032620,nv,nv,1.871463382485672e-06,0.12080313265323639,0.032756149768829346,3.8972448237473145e-06,0.0007144619594328105,0.8387450575828552,0.006975431926548481
ISIC_0030420,nv,nv,2.0507021858406915e-08,1.2330931440374115e-06,0.00079129240475595,2.6035897349174775e-07,0.00480644591152668,0.9943975210189819,3.3175040243804688e-06
ISIC_0033711,nv,nv,1.7216402525832564e-08,3.9334784673883405e-07,1.056265136867296e-05,8.748731517016495e-08,0.0005343225784599781,0.9994545578956604,6.676243202718979e-08
ISIC_0034084,nv,nv,3.437199211475672e-06,0.0008288727840408683,0.0008458232041448355,6.458539019149612e-07,3.6774988984689116e-05,0.9982818365097046,2.684824266907526e-06
ISIC_0032625,nv,nv,6.61458716422203e-06,5.5306018111878075e-06,0.03270122408866882,6.903379107825458e-05,0.00379340467043221,0.9634109735488892,1.3282870895636734e-05
ISIC_0032974,nv,nv,1.819287172111217e-05,0.009912432171404362,0.0020163964945822954,0.001743077882565558,0.08318533003330231,0.8682323098182678,0.0348922424018383
ISIC_0032650,nv,nv,9.55909698063806e-08,4.1899084202157155e-09,5.5762292561212234e-08,3.6423044580402575e-09,0.0004942167433910072,0.9995056390762329,1.345823275045177e-08
ISIC_0032769,nv,nv,0.0008549538906663656,6.46721018711105e-05,0.08636725693941116,2.2536807591677643e-05,0.005705608986318111,0.9069784283638,6.613839559577173e-06
ISIC_0033922,nv,nv,1.8509946357880835e-06,2.5587480195099488e-05,0.00024016806855797768,7.217686288640834e-06,0.0010903989896178246,0.9986311793327332,3.467227543296758e-06
ISIC_0033075,nv,nv,0.0004038838669657707,0.0020191404037177563,0.01621626503765583,1.7447093341615982e-05,0.018456030637025833,0.9628646969795227,2.2586958948522806e-05
ISIC_0032574,nv,nv,0.00028297718381509185,0.015576277859508991,0.005748980678617954,5.3601419494953007e-05,0.004441447556018829,0.9738118648529053,8.486579463351518e-05
ISIC_0033661,nv,nv,4.7183704054987174e-07,0.0028456547297537327,0.00028037058655172586,6.0687263612635434e-05,0.0010145192500203848,0.9943408966064453,0.0014573947992175817
ISIC_0033116,nv,nv,1.1269713468209375e-05,2.966977444884833e-05,0.000950828252825886,0.0009147074306383729,0.05259561538696289,0.9454897046089172,8.301480193040334e-06
ISIC_0033876,nv,nv,0.000209052101126872,3.019513769686455e-06,0.001253525959327817,0.0023051463067531586,0.0018526248168200254,0.994371235370636,5.548944045585813e-06
ISIC_0031482,nv,nv,5.108206096338108e-06,4.351445113570662e-06,0.00406356668099761,0.000596306927036494,0.005035948473960161,0.9884765148162842,0.0018182337516918778
ISIC_0033433,nv,nv,0.00994288083165884,0.0007168834563344717,0.2073986977338791,0.00015485001495108008,0.31056928634643555,0.4701694846153259,0.001047939877025783
ISIC_0034127,nv,mel,6.628266419284046e-06,1.9639861420728266e-05,0.001427810057066381,3.5992041375720873e-05,0.8045120239257812,0.19350317120552063,0.0004948423011228442
ISIC_0033111,nv,nv,2.4504126158730877e-11,1.893377954420572e-10,4.75470551464241e-05,1.4219727617614808e-09,6.791258783778176e-05,0.9998844861984253,7.320543726763162e-09
ISIC_0034251,nv,nv,2.6097493446286535e-06,0.0003029835061170161,0.00011669062223518267,4.1720202716533095e-05,0.0010041783098131418,0.9974085688591003,0.001123230205848813
ISIC_0033721,nv,nv,0.000519104243721813,0.000300873740343377,0.000797098153270781,8.169261855073273e-05,0.30204641819000244,0.6956470012664795,0.0006079121376387775
ISIC_0032565,nv,mel,0.000253636681009084,3.243776154704392e-05,0.001363479532301426,2.7449166736914776e-05,0.685754656791687,0.31256574392318726,2.5449269287491916e-06
ISIC_0034261,nv,nv,5.998030019327416e-07,3.718921703921296e-08,3.023003728230833e-06,1.9411194784879626e-07,0.006238850764930248,0.9937571287155151,2.0485421714511176e-07
ISIC_0033939,nv,nv,2.9749680834356695e-06,1.3988419595989399e-05,3.6614361306419596e-05,6.766867954866029e-06,0.0014347670366987586,0.9985007047653198,4.103721948922612e-06
ISIC_0032772,nv,nv,3.502496156215784e-06,0.0002822877431754023,0.006523893680423498,1.1246372196183074e-05,0.001557235955260694,0.9915528893470764,6.895640399307013e-05
ISIC_0032593,nv,nv,9.547668211595806e-10,1.8900725429205067e-09,3.2582582321083464e-07,6.070190572415868e-09,0.00749001931399107,0.9925096035003662,3.701057238458816e-08
ISIC_0031290,nv,nv,9.417387627763674e-05,3.047870450245682e-05,0.023231495171785355,1.5777348380652256e-05,0.007094448897987604,0.9694874286651611,4.609803363564424e-05
ISIC_0032657,nv,nv,3.287228537374176e-06,2.1524449039134197e-05,1.2813915418519173e-05,6.503630174847785e-06,0.01879761554300785,0.9811573624610901,8.260911386059888e-07
ISIC_0032605,nv,nv,1.8609284779813606e-06,2.533925851366803e-07,4.7722346607770305e-06,7.95339383330429e-06,0.0020873507019132376,0.9978965520858765,1.2758579259752878e-06
ISIC_0033771,nv,nv,1.1562378858798184e-06,3.4282399496987637e-07,7.394180556730134e-07,6.56091833661776e-06,0.0002095434465445578,0.9997813105583191,3.018955112565891e-07
ISIC_0033102,nv,nv,8.394144046519614e-09,1.0870861615330796e-06,5.6037947615550365e-06,2.7900993515572736e-08,0.42916199564933777,0.5708293318748474,1.990727923839586e-06
ISIC_0033564,nv,nv,1.0657813520609238e-10,1.1769822894081017e-09,5.546879401663318e-05,1.4506587597828968e-10,6.814766675233841e-05,0.9998762607574463,7.773763854856952e-08
ISIC_0032627,nv,nv,1.2157558293424131e-09,1.2346711208977013e-08,0.00024766192655079067,7.91516985287899e-09,1.4113295947026927e-05,0.9997262358665466,1.1981660463789012e-05
ISIC_0032380,nv,nv,6.110943417958481e-10,3.0056350741602955e-09,2.9378543331404217e-06,1.4840178863551046e-08,0.0001429000694770366,0.9998540878295898,2.3192956888351546e-08
ISIC_0028591,nv,nv,2.6468520445632748e-05,3.261909796492546e-06,0.00012092963152099401,9.895859420794295e-07,0.18493643403053284,0.8149007558822632,1.1103737051598728e-05
ISIC_0033792,nv,nv,8.397491035871951e-11,9.64428537031381e-09,1.0191745786869433e-05,8.915929106123599e-10,0.0002286173839820549,0.9997609257698059,2.4874884729797486e-07
ISIC_0034122,nv,nv,2.5889107746479567e-07,4.449317930266261e-05,0.0014008856378495693,0.0001511083246441558,0.0011276480508968234,0.9970958232879639,0.0001798358280211687
ISIC_0034247,nv,nv,1.3231214097686461e-06,5.92241485719569e-06,0.027509374544024467,2.0322522686910816e-05,0.09073428064584732,0.8783539533615112,0.003374757943674922
ISIC_0034191,nv,nv,1.2359331776679028e-05,3.2981595268211095e-06,0.0013575118500739336,8.48071213113144e-05,4.705833362095291e-06,0.9985368251800537,5.728533096771571e-07
ISIC_0034033,nv,nv,2.983129832045961e-07,2.771453111449773e-08,0.00045799839426763356,5.124813469592482e-06,7.290127541637048e-05,0.9994632601737976,4.582753660997696e-07
ISIC_0032752,nv,nv,2.584598769317381e-05,5.6476579629816115e-05,0.07522422820329666,2.8869793823105283e-05,0.0015665087848901749,0.9229907393455505,0.00010735855175880715
ISIC_0033794,nv,nv,7.710726094956044e-06,3.455672867858084e-06,0.2456689327955246,1.922520823427476e-06,0.0005656227003782988,0.7537357807159424,1.6665480870869942e-05
ISIC_0032539,nv,nv,2.3796665118425153e-06,6.261331145651639e-05,0.0007817444275133312,2.2840308702143375e-06,0.000654787290841341,0.99847811460495,1.8109738448401913e-05
ISIC_0033277,nv,nv,2.142464381904574e-06,8.825643817544915e-06,0.0007299893768504262,4.406864718475845e-06,1.9976976091129472e-06,0.999247670173645,5.064183369540842e-06
ISIC_0033448,nv,nv,9.73999880748977e-10,2.5076715814975614e-07,9.659343049861491e-05,1.0622728296993955e-07,1.2491490224419977e-06,0.9999017715454102,4.301567457787314e-08
ISIC_0033036,nv,nv,6.336937303785817e-07,8.093098102790464e-08,1.4742964538072556e-07,3.359604306751862e-06,8.521177369402722e-05,0.9999092817306519,1.2951353483003913e-06
ISIC_0033861,nv,nv,2.7257333385932725e-06,6.338314051390626e-07,5.539252742892131e-05,1.7428760656912345e-06,0.08012580126523972,0.9198119044303894,1.7709336361804162e-06
ISIC_0033147,nv,nv,2.704103962969384e-06,1.5767996046633925e-06,0.0043377624824643135,4.2543392737570684e-06,0.0007988287252373993,0.9948309063911438,2.402059908490628e-05
ISIC_0033740,nv,nv,3.089314850512892e-05,0.12043608725070953,0.009560614824295044,2.4594042770331725e-05,0.14003005623817444,0.7298478484153748,6.984182982705534e-05
ISIC_0033153,nv,nv,5.468221934279427e-05,2.562065674283076e-05,0.4277477264404297,0.00028004837804473937,0.030484959483146667,0.5413522124290466,5.4724318033549935e-05
ISIC_0032848,nv,nv,3.147414417981054e-08,1.5975849692040356e-06,9.553573181619868e-05,2.571638106019236e-05,0.0007903979276306927,0.9973159432411194,0.0017708006780594587
ISIC_0033656,nv,nv,2.045579705622913e-09,7.255958944796248e-09,1.0949439399610128e-07,8.731552725294023e-08,2.7892313028132776e-06,0.9999970197677612,2.8810840380089076e-09
ISIC_0029775,nv,mel,0.00033072123187594116,0.00012439515558071434,0.009376992471516132,0.0004901162465102971,0.9102715253829956,0.07019335776567459,0.009212905541062355
ISIC_0031460,nv,nv,0.00010272877261741087,0.00020375459280330688,0.008834664709866047,1.8840741176973097e-05,0.3270229697227478,0.6630790829658508,0.0007379315793514252
ISIC_0028540,nv,nv,1.3664549669556436e-07,2.6741732384039096e-08,1.5807045201654546e-05,3.5059208869370195e-08,0.011421380564570427,0.9885625839233398,1.2484895250963746e-07
ISIC_0029704,nv,nv,0.0005843352992087603,1.8700520740821958e-05,0.09969354420900345,5.0403941713739187e-05,0.016915880143642426,0.8827223777770996,1.4772914255445357e-05
ISIC_0029809,nv,mel,5.3772742830915377e-05,4.947467004967621e-06,0.002954258117824793,1.735035766614601e-06,0.5606175065040588,0.43636441230773926,3.354641648911638e-06
ISIC_0028538,nv,nv,4.142315379596084e-09,1.8811975976973372e-08,0.00041497318306937814,5.315707340969311e-08,0.00014493416529148817,0.9994398951530457,1.2637723045827443e-07
ISIC_0031796,nv,nv,4.7877325414447114e-05,0.00013234831567388028,0.045129772275686264,0.01675218902528286,0.00015301775420084596,0.9376465678215027,0.0001381473703077063
ISIC_0026328,nv,nv,9.518338629277423e-05,1.1286663266218966e-06,0.0005437742220237851,1.9078049717791146e-06,0.0012733733747154474,0.9980777502059937,6.879855845909333e-06
ISIC_0027567,nv,nv,1.19193309444654e-07,5.938328513366287e-07,5.074319778941572e-05,1.5364104655191113e-08,0.0011391325388103724,0.9988086223602295,7.543896458628296e-07
ISIC_0027942,nv,nv,1.6618017184555356e-08,5.183625262361602e-07,2.3667767834467668e-07,3.796590419824497e-07,0.0022242150735110044,0.9977732300758362,1.4159552392811747e-06
ISIC_0030264,nv,nv,8.121826766682716e-09,7.213186847820907e-08,1.189280169455742e-06,7.959869208207238e-07,0.00017172002117149532,0.9998255372047424,6.521324849018129e-07
ISIC_0027052,nv,vasc,3.367969680923011e-09,0.0001055282264132984,8.636387792648748e-05,2.6502987111598486e-06,0.000241892397752963,0.2802644968032837,0.7192990779876709
ISIC_0028894,nv,nv,2.7559586669667624e-05,2.7987805424345424e-06,0.004860155284404755,2.9601484129671007e-05,0.3242182731628418,0.6708220839500427,3.9527687476947904e-05
ISIC_0025208,nv,nv,3.867388386424864e-06,2.2769249881093856e-06,1.5989968233043328e-05,7.174336360549205e-07,0.0013131415471434593,0.9986634254455566,5.770264124294044e-07
ISIC_0030840,nv,nv,1.4278900380304549e-05,8.543834155716468e-07,0.0014446121640503407,1.1573335001457963e-07,0.25230181217193604,0.7462377548217773,5.874970270269841e-07
ISIC_0032291,nv,nv,1.1800401544803663e-08,6.0301834309939295e-05,3.0883131785230944e-07,8.191144651448212e-09,4.989940407540416e-06,0.9999336004257202,8.202761705433659e-07
ISIC_0029566,nv,mel,0.003569190390408039,0.002985586179420352,0.008807115256786346,0.00023259974841494113,0.7225271463394165,0.26122793555259705,0.000650314730592072
ISIC_0026841,nv,nv,4.012730148161836e-10,6.27136813591278e-08,1.2580366046677227e-06,4.800321917741712e-09,2.3848340788390487e-05,0.9999734163284302,1.341627239526133e-06
ISIC_0025945,nv,nv,6.324734624918449e-10,4.287304022909666e-08,1.1685593648280701e-07,3.5187987634799356e-08,0.00014069753524381667,0.9998571872711182,2.0323220724094426e-06
ISIC_0031149,nv,nv,7.735248552798168e-10,8.968384435092958e-08,1.4003461501488346e-06,1.741002897404087e-08,0.00021888050832785666,0.9997779726982117,1.691535430836666e-06
ISIC_0031360,nv,nv,1.2176689878629077e-08,6.118601447724359e-08,2.972131767364772e-07,1.2123753379000846e-07,3.1312618375523016e-05,0.9999667406082153,1.3408009635895723e-06
ISIC_0032368,nv,nv,0.00015087243809830397,2.269793185405433e-06,0.0006758557865396142,1.6809228327474557e-05,0.03147095441818237,0.9676734209060669,9.730002602736931e-06
ISIC_0031905,nv,nv,3.1166825920081465e-07,3.1196061172522604e-05,0.04222452640533447,1.4033776096766815e-06,0.010282700881361961,0.9474499225616455,1.0006849151977804e-05
ISIC_0025545,nv,nv,5.647741829761799e-09,2.5519591417833e-07,6.248795671126572e-06,1.6009992975796195e-07,0.0007209660252556205,0.9992697834968567,2.655140406204737e-06
ISIC_0024529,nv,nv,2.977218749311561e-10,1.098241053654192e-09,1.0757680080075716e-08,1.3051018044052398e-09,1.1210983075216063e-06,0.9999988079071045,9.818734270083951e-09
ISIC_0024355,nv,nv,7.156188974732913e-10,2.355612371829352e-09,6.12542194744492e-08,7.917066308094078e-11,5.505324907062459e-07,0.9999994039535522,5.559687155098914e-10
ISIC_0027423,nv,nv,8.962556421465706e-06,0.0015451840590685606,0.006683335639536381,2.720395423239097e-05,0.0016866102814674377,0.9865139126777649,0.003534808289259672
ISIC_0024587,nv,nv,1.8730847273218387e-07,9.318027878180146e-07,0.0009442421142011881,9.24876871977176e-07,0.0033005208242684603,0.9955638647079468,0.00018934741092380136
ISIC_0031541,nv,nv,4.082720272968743e-11,1.5354663673861069e-06,2.331669080035681e-08,3.7562788435252514e-09,1.6224702221734333e-06,0.999996542930603,2.5963581151700055e-07
ISIC_0027596,nv,nv,6.170568916941122e-11,4.159948275628267e-06,5.8477041875448776e-08,2.5245872947721182e-08,4.24061823878219e-07,0.999995231628418,1.4085703980981634e-07
ISIC_0031204,nv,nv,4.878917025052942e-05,5.2283972763689235e-05,0.003422321518883109,0.00011689658276736736,0.02692067250609398,0.9688905477523804,0.0005484389839693904
ISIC_0024694,nv,nv,7.228271670101094e-08,5.221706373959023e-07,2.038844468188472e-05,5.754853873440879e-07,0.0033278572373092175,0.9966463446617126,4.245781838108087e-06
ISIC_0025231,nv,nv,1.2233728057253757e-06,0.0004394599818624556,0.0005977028049528599,3.252721626267885e-06,0.0023014219477772713,0.99664705991745,9.91337037703488e-06
ISIC_0027514,nv,nv,1.1877857586384266e-09,8.785139726796842e-09,3.83815640816465e-05,1.742364190704393e-07,4.4978631308367767e-07,0.9999610185623169,9.038545911721485e-09
ISIC_0029382,nv,nv,2.5947028916561976e-06,2.1388301320257597e-05,0.001929308520630002,9.552209121466149e-07,0.007087478879839182,0.9909555315971375,2.798995183184161e-06
ISIC_0031811,nv,nv,8.13206099681274e-11,1.4014661431360764e-08,8.412305518845642e-09,4.143713816517902e-09,0.0004933636519126594,0.9995065927505493,4.985504897803139e-09
ISIC_0028390,nv,nv,8.57195564529789e-12,5.5976404067514807e-11,3.1001393119289844e-10,1.2711158514644438e-10,4.137690666539129e-06,0.9999958276748657,6.886903491931662e-09
ISIC_0029661,nv,nv,1.1024294508388266e-06,7.792082033120096e-05,0.14272412657737732,5.273025180940749e-07,0.0006090212846174836,0.8565816879272461,5.6098547247529496e-06
ISIC_0028030,nv,nv,2.064657564915251e-05,9.479837899561971e-06,0.0002668971137609333,4.395251835376257e-06,0.000634650350548327,0.9990600943565369,3.8055657114455244e-06
ISIC_0026030,nv,nv,0.00016126684204209596,6.668989226454869e-05,6.703050166834146e-05,2.045077235379722e-05,0.027565784752368927,0.9720985889434814,2.0362032955745235e-05
ISIC_0032427,nv,nv,1.6800630930902116e-07,8.210764121940883e-07,0.00443725660443306,5.597885319730267e-06,0.0007874922594055533,0.9947513937950134,1.7273692719754763e-05
ISIC_0031405,nv,nv,9.42793776630424e-05,5.261169917503139e-06,0.00029883591923862696,0.00014647380157839507,0.3665074408054352,0.6329118013381958,3.595926318666898e-05
ISIC_0027897,nv,nv,6.493820592368138e-09,5.254131792753469e-06,1.4231794921215624e-05,2.3301838680822584e-08,5.8763213019119576e-05,0.9998190999031067,0.00010273683437844738
ISIC_0032184,nv,nv,1.675931525824126e-05,6.728580956405494e-06,0.003520125523209572,3.4867489375756122e-06,0.0032988591119647026,0.9931485056877136,5.573265752900625e-06
ISIC_0031399,nv,nv,0.01112955529242754,0.004728391300886869,0.002824026858434081,0.0002569947100710124,0.2593604028224945,0.7216606140136719,4.0032300603343174e-05
ISIC_0030621,nv,nv,1.6455379636681755e-07,1.98979861920634e-07,3.5223187296651304e-05,1.5086197890923359e-07,0.0006724043632857502,0.9992917776107788,7.96461989693853e-08
ISIC_0031510,nv,mel,0.001316799665801227,1.6704299923731014e-05,0.06483539193868637,2.868450565074454e-06,0.6687962412834167,0.26501891016960144,1.3124867109581828e-05
ISIC_0031483,nv,nv,4.925497856800298e-11,4.228819761920022e-06,1.0230347697870457e-06,2.425846723497216e-08,1.5778461204263294e-07,0.9999923706054688,2.2222557163331658e-06
ISIC_0032274,nv,nv,0.008216207846999168,0.0008025477291084826,0.05982348322868347,0.00322204502299428,0.0006893518147990108,0.926781177520752,0.0004651689378079027
ISIC_0025518,nv,nv,0.0005151284276507795,0.0003603844379540533,0.004209154285490513,1.1238660590606742e-05,0.43184563517570496,0.5629705786705017,8.795776375336573e-05
ISIC_0025181,nv,nv,0.00012739264639094472,8.151472866302356e-05,0.0015245164977386594,2.816667802107986e-05,0.014663733541965485,0.9834007620811462,0.0001739776780596003
ISIC_0031603,nv,nv,0.02833997644484043,0.005482632666826248,0.1648709774017334,0.0022298276890069246,0.21693642437458038,0.5805899500846863,0.0015502955066040158
ISIC_0029867,nv,nv,0.06096130236983299,0.0005864460836164653,0.0008011431200429797,0.0011539162369444966,0.3429951071739197,0.59337317943573,0.0001288968196604401
ISIC_0027045,nv,nv,0.00034533298457972705,0.001782334060408175,0.0012230233987793326,2.6704294214141555e-05,0.0375652015209198,0.9590173363685608,4.003173307864927e-05
ISIC_0025742,nv,nv,6.96425122441724e-05,0.000477061839774251,0.07322830706834793,2.9458302378770895e-05,0.1161678358912468,0.8100088238716125,1.8788266970659606e-05
ISIC_0031015,nv,nv,1.1840288607345428e-05,8.864099072525278e-05,0.0014718575403094292,0.00021421855490189046,1.0948337148874998e-05,0.9982022047042847,3.132053336685203e-07
ISIC_0030842,nv,nv,5.4246928726797705e-08,4.703526457205953e-08,3.199982756996178e-06,1.541349234912559e-07,0.00024668220430612564,0.9997498393058777,7.742463026261248e-08
ISIC_0028598,nv,nv,7.079486863403872e-07,1.1661935417350833e-07,5.133423201186815e-06,2.3615928057552082e-07,0.0009105169447138906,0.9990831613540649,1.201777877213317e-07
ISIC_0026147,nv,nv,3.1340641726274043e-07,5.703063834516797e-07,4.589706804836169e-06,2.452960325172171e-05,8.065618203545455e-06,0.99996018409729,1.695442392701807e-06
ISIC_0025340,nv,nv,8.299800291489134e-10,2.92005780666571e-10,6.0759462940040976e-05,1.0228556890368168e-09,0.0004780437739100307,0.9994612336158752,1.3001559828751397e-08
ISIC_0025657,nv,nv,5.226509003364299e-09,7.30623753497639e-07,6.500015388155589e-06,4.533466437806055e-07,2.2217942387214862e-05,0.9999700784683228,1.7827240128553967e-08
ISIC_0026615,nv,nv,2.5395529519300908e-06,0.004423660691827536,0.001831095083616674,0.0005110930651426315,0.02150856889784336,0.9682230353355408,0.00350006902590394
ISIC_0031934,nv,nv,1.5711233572801575e-05,0.00044757549767382443,0.0007700470159761608,8.567712939111516e-05,0.0003577170136850327,0.9982675313949585,5.567243351833895e-05
ISIC_0029583,nv,nv,0.0005011697066947818,4.063182586833136e-06,0.00039811411988921463,2.280336047988385e-05,7.561326492577791e-05,0.9989970326423645,1.3057500609647832e-06
ISIC_0029121,nv,nv,0.009940414689481258,1.0965330147882923e-05,0.00023613427765667439,3.4780894111463567e-06,0.44938501715660095,0.5404180884361267,5.938588401477318e-06
ISIC_0031126,nv,nv,0.00010485117672942579,0.42568451166152954,0.0007308202912099659,6.132446287665516e-06,3.2781277695903555e-05,0.5734210014343262,1.993304795178119e-05
ISIC_0025506,nv,nv,0.0014153850497677922,9.326969120593276e-06,0.0016407491639256477,6.612969445995986e-05,0.0006615593447349966,0.9962050318717957,1.7767283679859247e-06
ISIC_0030796,nv,mel,9.862038859864697e-05,5.2476287237368524e-05,0.01956755295395851,2.6073239496327005e-06,0.8252720236778259,0.15495450794696808,5.2303323172964156e-05
ISIC_0029197,nv,nv,3.2103056923915574e-07,4.284295300749363e-06,0.0005690728430636227,3.0262281143222935e-06,0.00010672573989722878,0.9993033409118652,1.328209964412963e-05
ISIC_0028408,nv,nv,0.00020962257985956967,0.0016219455283135176,0.0001295500696869567,0.0008591648656874895,0.04343143850564957,0.95355224609375,0.0001960001973202452
ISIC_0026404,nv,bkl,0.33826765418052673,0.00010680862033041194,0.5456302165985107,0.00022818008437752724,0.007995996624231339,0.10776589065790176,5.175575097382534e-06
ISIC_0029298,nv,nv,0.009858207777142525,0.0009668127750046551,0.22017242014408112,0.0002890447503887117,0.19184106588363647,0.5766816139221191,0.00019079948833677918
ISIC_0024790,nv,nv,0.00019580342632252723,0.00019347408670000732,0.0006713591865263879,8.255771717813332e-06,0.03618863970041275,0.9627178311347961,2.4570814275648445e-05
ISIC_0028551,nv,nv,0.06043617054820061,0.0275871641933918,0.008624070324003696,0.00034131313441321254,0.44489726424217224,0.4578307867050171,0.0002832104219123721
ISIC_0030962,nv,nv,1.6324143425894277e-10,8.60182254314168e-08,1.2514408354036277e-07,6.979862909872736e-09,5.854409224070878e-08,0.9997774958610535,0.00022221510880626738
ISIC_0025926,nv,mel,0.1825227290391922,0.03627680614590645,0.008299767971038818,0.01675410568714142,0.6176885366439819,0.13837802410125732,7.999972876859829e-05
ISIC_0026741,nv,nv,3.5005050449399278e-06,8.575468655180885e-07,0.0001620706170797348,1.0801627468026709e-06,0.0073358770459890366,0.9924807548522949,1.5895144315436482e-05
ISIC_0032243,nv,nv,0.00016212585614994168,3.0059387427172624e-05,0.00042831094469875097,1.4728271935382509e-06,0.029817234724760056,0.9695557355880737,4.97185919812182e-06
ISIC_0031363,nv,nv,5.818042700411752e-05,0.0001325392659055069,0.0001855736190918833,8.680953760631382e-05,0.00041197557584382594,0.9991145730018616,1.0244268196402118e-05
ISIC_0026398,nv,nv,0.16377688944339752,0.3852817416191101,0.0022720976267009974,0.0032375825103372335,0.009454071521759033,0.435850590467453,0.0001269667554879561
ISIC_0030416,nv,bkl,0.00412388751283288,0.0002954619121737778,0.5805237889289856,3.0703199627168942e-06,0.0021148561500012875,0.41293784976005554,1.1262806083323085e-06
ISIC_0031451,nv,nv,2.4195593084641587e-08,5.800958433610504e-07,1.366148723036531e-07,3.950668059360396e-08,8.434134360868484e-05,0.9999148845672607,8.66939942056888e-09
ISIC_0030115,nv,nv,2.2192412870936096e-05,3.131411358481273e-05,0.0033677578903734684,5.793673949483491e-07,0.296880841255188,0.6996968984603882,4.3840097418978985e-07
ISIC_0025784,nv,mel,0.0010528790298849344,0.0001722499291645363,7.446240033459617e-06,2.391550333413761e-05,0.8751341700553894,0.12360523641109467,4.137759333389113e-06
ISIC_0027928,nv,nv,7.399740752589423e-06,3.3499372875667177e-06,5.968717596260831e-05,4.868550149694784e-06,0.0007663624128326774,0.9991576671600342,6.574806548087508e-07
ISIC_0027466,nv,nv,1.551499190100003e-05,9.751222387421876e-05,0.0007122016395442188,3.2709276638343e-06,0.04000832140445709,0.9591415524482727,2.1578471205430105e-05
ISIC_0026414,nv,mel,0.19107335805892944,6.196583854034543e-05,0.027019107714295387,6.66435744278715e-06,0.765379011631012,0.016459057107567787,8.151300789904781e-07
ISIC_0024926,nv,nv,0.0016355863772332668,0.031448300927877426,0.003128612181171775,0.14937537908554077,0.15518411993980408,0.6561334133148193,0.0030945981852710247
ISIC_0026559,nv,nv,0.00013884897634852678,0.00014805169485043734,0.0294436514377594,5.786052497569472e-06,0.0756140798330307,0.8946351408958435,1.4479534911515657e-05
ISIC_0031708,nv,nv,2.076131568173878e-05,1.4286691111919936e-05,0.00010701578139560297,4.549086224869825e-05,0.2772207260131836,0.7225723266601562,1.9370581867406145e-05
ISIC_0024356,nv,nv,1.4433392152568558e-06,5.4108601034386083e-05,0.00018066138727590442,1.0596273796181777e-06,4.532361344899982e-05,0.9997157454490662,1.619086106074974e-06
ISIC_0031838,nv,nv,0.0005163290188647807,0.0009083993500098586,0.00015411405183840543,0.00014334588195197284,0.047424741089344025,0.9507242441177368,0.0001287846826016903
ISIC_0030253,nv,nv,0.00012663580127991736,7.844723768357653e-06,0.00030895727104507387,0.00026911828899756074,0.3880540132522583,0.6112155914306641,1.77789042936638e-05
ISIC_0029733,nv,nv,4.853445352637209e-05,0.18379707634449005,0.21045845746994019,0.0004430288390722126,2.5483997887931764e-05,0.6051903963088989,3.703312177094631e-05
ISIC_0029054,nv,nv,0.003620043396949768,0.00010900883353315294,0.0879971832036972,3.67204993381165e-05,0.06634336709976196,0.8418218493461609,7.183027628343552e-05
ISIC_0030069,nv,nv,1.5431454812642187e-05,1.1229495839870651e-06,3.447512426646426e-05,3.162808297929587e-06,0.005068931728601456,0.9948603510856628,1.6537544070160948e-05
ISIC_0025088,nv,nv,7.687280145773911e-08,2.3115775604765076e-07,0.00015774786879774183,1.6188873814826366e-06,0.00024678517365828156,0.9995930790901184,3.7985773815307766e-07
ISIC_0026786,nv,nv,0.0014357509789988399,0.00028894978458993137,0.0746140405535698,0.0005822413368150592,0.0007752364035695791,0.9108316898345947,0.011472143232822418
ISIC_0027461,nv,nv,3.5271438036943437e-07,2.916732739777217e-07,4.292038738640258e-06,6.086746395794762e-08,4.0656923374626786e-05,0.9999538660049438,5.19071534199611e-07
ISIC_0026076,nv,nv,6.446036422858015e-05,3.4696822694968432e-06,0.0002668136148713529,6.388186739059165e-05,0.009256674908101559,0.9903421401977539,2.598309947643429e-06
ISIC_0028441,nv,nv,0.004585545510053635,2.0742641936521977e-05,0.0003559979668352753,1.0187117140958435e-06,0.0014031656319275498,0.9936331510543823,3.0302678055704746e-07
ISIC_0030313,nv,nv,8.02000215571752e-07,1.2318912013142835e-05,2.7523656171979383e-05,0.00026864578831009567,0.0002353880845475942,0.9742530584335327,0.025202276185154915
ISIC_0025579,nv,nv,2.912771378760226e-05,8.655643614474684e-05,0.0001874371519079432,1.05768303910736e-05,0.016863737255334854,0.9828055500984192,1.706475995888468e-05
ISIC_0032459,nv,vasc,2.236728732896154e-06,0.005864646751433611,0.0035637400578707457,0.006765408907085657,0.0035340243484824896,0.2888928949832916,0.6913769841194153
ISIC_0025730,nv,nv,2.38827855270074e-08,0.00015466590411961079,0.0007555555202998221,1.3078403249267012e-08,2.0492354451562278e-05,0.9990678429603577,1.366826040793967e-06
ISIC_0027066,nv,mel,1.6093488738988526e-05,2.422237628252333e-07,0.0028304210864007473,1.3664802622770367e-07,0.9870538115501404,0.010098598897457123,6.113799031481904e-07
ISIC_0029465,nv,nv,0.005911264568567276,0.0017046680441126227,0.00898720696568489,0.0001739937433740124,0.32611268758773804,0.6559667587280273,0.0011433991603553295
ISIC_0025967,nv,nv,4.5092019718140364e-05,5.526476525119506e-05,0.020765239372849464,3.7639033507730346e-06,0.24805930256843567,0.7310675382614136,3.7937531942588976e-06
ISIC_0027360,nv,nv,0.00016328082710970193,0.003999858163297176,0.0201346967369318,1.9743483790080063e-05,0.0009230304276570678,0.9746895432472229,6.976367876632139e-05
ISIC_0029554,nv,bkl,0.0018729340517893434,0.0805167630314827,0.772176206111908,2.533654151193332e-05,0.01079625729471445,0.1346033215522766,9.178912478091661e-06
ISIC_0024578,nv,nv,1.9271656128694303e-06,2.266478077217471e-05,9.971571125788614e-05,6.624543971156527e-07,3.1055573344929144e-05,0.9998434782028198,4.965455104866123e-07
ISIC_0025759,nv,nv,3.759127503144555e-05,1.5187747521849815e-06,0.13549299538135529,5.134896582603687e-06,0.00020156719256192446,0.8642593026161194,1.8915378632300417e-06
ISIC_0031366,nv,nv,5.75109661440365e-05,8.002822141861543e-06,0.040021587163209915,4.5777442210237496e-06,0.0006072726682759821,0.9592940211296082,7.0143119046406355e-06
ISIC_0028310,nv,bcc,0.004686665255576372,0.8077084422111511,0.16396915912628174,0.0010117535712197423,0.007841071113944054,0.00921531580388546,0.005567631218582392
ISIC_0028281,nv,bkl,5.5675278417766094e-05,0.016361253336071968,0.9762272834777832,2.5417759388801642e-05,3.968590681324713e-05,0.007273496128618717,1.7244685295736417e-05
ISIC_0030598,nv,bkl,0.012804174795746803,0.013605881482362747,0.6092498898506165,0.000384554237825796,0.058409031480550766,0.30443644523620605,0.0011100481497123837
ISIC_0028205,nv,nv,0.0019868756644427776,0.00018888238992076367,0.0024050497449934483,0.001044061966240406,0.002640980761498213,0.9917274713516235,6.710769412165973e-06
ISIC_0025936,nv,nv,5.743738711316837e-06,2.792024315567687e-05,0.0007370575913228095,0.00012110859825043008,0.0012668328126892447,0.9977887868881226,5.2519430028041825e-05
ISIC_0025179,nv,bkl,0.02003973349928856,0.029039446264505386,0.8313559889793396,0.00023582877474837005,0.05115414783358574,0.0675913393497467,0.0005835471674799919
ISIC_0024441,nv,nv,0.003810931695625186,3.50783157045953e-05,0.000721320160664618,0.0002630903909448534,0.0018941567977890372,0.9932569265365601,1.8527292922954075e-05
ISIC_0030534,nv,nv,0.0005872020265087485,9.768666495801881e-05,0.0001753192482283339,5.700605106540024e-05,0.04825041815638542,0.9507993459701538,3.293604822829366e-05
ISIC_0031314,nv,akiec,0.6977902054786682,0.0001461766951251775,0.2045852243900299,5.719101682188921e-05,0.002107473323121667,0.09528930485248566,2.4403081624768674e-05
ISIC_0031121,nv,nv,0.00016387482173740864,4.682895450969227e-06,0.0010496668983250856,3.4265497106389375e-06,0.0005298315081745386,0.9982268214225769,2.174242581531871e-05
ISIC_0031301,nv,mel,0.0006376851233653724,0.00147509656380862,0.0001132528850575909,1.309364233748056e-05,0.9925090670585632,0.005250006448477507,1.7497759472462349e-06
ISIC_0024882,nv,nv,0.0025503782089799643,0.3573624789714813,0.09821567684412003,0.0013780640438199043,0.007229803595691919,0.531090497970581,0.002173106651753187
ISIC_0026956,nv,nv,0.03437530994415283,0.3690601587295532,0.024380674585700035,0.0007419029716402292,0.0179462768137455,0.5532107353210449,0.00028484492213465273
ISIC_0031982,nv,nv,1.6281868738587946e-05,0.0015053385868668556,0.019695522263646126,1.554932532599196e-05,0.0011483776615932584,0.9775813817977905,3.7699108361266553e-05
ISIC_0029833,nv,nv,2.7984082407783717e-05,0.0033843242563307285,0.27430459856987,0.0010451733833178878,0.21814879775047302,0.5027723908424377,0.00031674577621743083
ISIC_0028736,nv,nv,1.3006352901356877e-06,7.965158147271723e-05,0.0005538417026400566,7.636159580215462e-07,0.005298278760164976,0.9940614104270935,4.770447503688047e-06
ISIC_0024447,nv,nv,5.250504273135448e-06,1.1021199952665484e-06,0.00021968057262711227,2.2643253032583743e-06,0.002499515889212489,0.9972705245018005,1.6468558214910445e-06
ISIC_0027498,nv,nv,1.8153646124119405e-06,0.00011960897973040119,0.22849926352500916,9.060737284016795e-06,0.00011432188330218196,0.7712343335151672,2.1574433048954234e-05
ISIC_0024657,nv,nv,0.0006524944328702986,0.018837174400687218,0.026048200204968452,0.00026358308969065547,0.050333019345998764,0.9036964178085327,0.0001691280776867643
ISIC_0032279,nv,nv,1.044982241182879e-06,0.0016476090531796217,3.816232492681593e-05,9.757355883266428e-07,0.0011867373250424862,0.9971244931221008,1.0089665920531843e-06
ISIC_0027922,nv,nv,3.8544587255273655e-07,2.162461669286131e-06,0.003951743245124817,3.8504430222019437e-07,4.408387394505553e-05,0.9959821701049805,1.9085140593233518e-05
ISIC_0027298,nv,nv,0.0010121125960722566,0.00018269545398652554,0.0007571179885417223,5.738409163313918e-05,0.2114919126033783,0.786440372467041,5.835956835653633e-05
ISIC_0032090,nv,bcc,4.928869748255238e-05,0.9872516393661499,0.00011276540317339823,0.00014765563537366688,2.9321805413928814e-05,0.012332822196185589,7.651359192095697e-05
ISIC_0026048,nv,akiec,0.6971575617790222,6.765218859072775e-05,0.010100740939378738,0.000477256893645972,0.02066662721335888,0.27149105072021484,3.914594344678335e-05
ISIC_0026753,nv,nv,3.159517973472248e-06,1.5050931096993736e-06,1.6374295228160918e-05,2.494098453098559e-06,0.006310891825705767,0.993665337562561,2.778248529011762e-07
ISIC_0025505,nv,nv,0.004650586284697056,0.09953955560922623,0.00023163678997661918,1.1594785064517055e-05,0.2509475648403168,0.6446062326431274,1.285938560613431e-05
ISIC_0025517,nv,nv,1.256626319445786e-06,8.90059936864418e-07,6.580846161341469e-07,2.907218686232227e-06,0.008108708076179028,0.9918850660324097,4.03434285090043e-07
ISIC_0031238,nv,bkl,0.15291745960712433,0.03453226387500763,0.5853134989738464,0.004198075737804174,0.09632442891597748,0.09209948778152466,0.03461476415395737
ISIC_0026297,nv,nv,0.016023103147745132,0.025020457804203033,0.019148116931319237,0.0004846244119107723,0.3720836937427521,0.5661612749099731,0.001078715198673308
ISIC_0030639,nv,nv,4.831576461583609e-06,0.37605416774749756,0.00010468855907674879,4.486698344408069e-06,0.00013404346827883273,0.6235515475273132,0.0001462302025174722
ISIC_0025165,nv,nv,5.623327865578176e-07,7.059798463160405e-06,0.0006164737860672176,6.133416263764957e-07,0.0008857433567754924,0.9984890222549438,6.024096705914417e-07
ISIC_0025237,nv,bcc,0.0752977803349495,0.5013678073883057,0.35764819383621216,0.0006554430001415312,0.007087289355695248,0.05484892800450325,0.0030945127364248037
ISIC_0029390,nv,bcc,0.00043482266482897103,0.9675853848457336,0.006328515708446503,3.7138868265174096e-06,0.000357229495421052,0.02517135627567768,0.00011908519081771374
ISIC_0030663,nv,nv,2.57903778333457e-08,1.2246306368979276e-07,0.0001809759996831417,5.375542677654721e-09,0.00027041984139941633,0.9995483756065369,1.116068126805203e-08
ISIC_0025422,nv,nv,7.332610039156862e-06,1.035351033351617e-06,2.4227101675933227e-06,1.8406308299745433e-06,0.054412584751844406,0.9455747604370117,5.5672160215181066e-08
ISIC_0026665,nv,nv,0.0011836563935503364,5.8935613196808845e-05,6.600758933927864e-05,0.00039769327850081027,0.0005865365965291858,0.9976892471313477,1.7840457076090388e-05
ISIC_0027984,nv,nv,1.8468738289811881e-06,4.535419520834694e-06,8.351701399078593e-05,1.7472632407589117e-06,0.000587653077673167,0.9993152618408203,5.396576398197794e-06
ISIC_0026124,nv,nv,0.03342311456799507,0.0035941966343671083,0.024513354524970055,0.0008152160444296896,0.04378437623381615,0.89356929063797,0.0003004293830599636
ISIC_0026711,nv,nv,0.010413480922579765,0.0029681362211704254,0.031884368509054184,6.662983651040122e-05,0.078809455037117,0.875734269618988,0.00012361755943857133
ISIC_0030176,nv,nv,0.0181769710034132,0.008231502957642078,0.418022483587265,0.04409468173980713,0.017931601032614708,0.48156416416168213,0.011978603899478912
ISIC_0026580,nv,nv,0.0005430648452602327,0.0002011159376706928,0.045350782573223114,0.0033265023957937956,0.0039498996920883656,0.9464731812477112,0.00015549427189398557
ISIC_0025346,nv,nv,9.375774243380874e-05,0.00024719713837839663,0.003271877532824874,0.00041495481855235994,0.031107313930988312,0.9646209478378296,0.000243903516093269
ISIC_0025540,nv,nv,4.21223376179114e-08,1.2667196358506772e-07,0.00014475813077297062,1.6980969519408973e-07,0.004987530410289764,0.9948664903640747,9.524974871055747e-07
ISIC_0032333,nv,mel,0.0005472265183925629,0.00017418948118574917,0.03824470937252045,8.820104994811118e-05,0.5700230598449707,0.3907877504825592,0.00013484616647474468
ISIC_0028596,nv,nv,0.00010706123430281878,9.50141838984564e-06,0.009413382038474083,0.0014832856832072139,7.369991635641782e-06,0.988976001739502,3.3975416044995654e-06
ISIC_0024902,nv,nv,1.3459679394145496e-05,2.708644933591131e-05,0.0031509578693658113,9.109080565394834e-06,0.00667604198679328,0.9901182055473328,5.24767347087618e-06
ISIC_0026676,nv,nv,5.191195668885484e-06,1.3359387594391592e-05,0.00330084259621799,4.007881216239184e-06,0.08797210454940796,0.9086905717849731,1.3911119822296314e-05
ISIC_0032328,nv,nv,3.4538876203527025e-09,4.617867332967762e-08,7.640142030140851e-07,4.715131751709123e-07,0.00014069535245653242,0.999858021736145,5.175288464442929e-08
ISIC_0025193,nv,nv,3.655073399499997e-08,1.6760731114118244e-07,5.957253961241804e-05,1.3169864132578368e-06,1.7505561118014157e-05,0.9999203681945801,1.0860802603929187e-06
ISIC_0026218,nv,mel,5.234192940406501e-05,8.316083949466702e-06,0.0018445509485900402,2.996401008203975e-06,0.9658477306365967,0.032243140041828156,9.312120141657942e-07
ISIC_0030155,nv,nv,6.69191564384164e-08,9.229406572330845e-09,0.012241348624229431,3.66628910342115e-07,1.6205192423512926e-06,0.987756609916687,2.026709644553648e-08
ISIC_0028531,nv,nv,0.00013721223513130099,7.292570808203891e-05,0.06525470316410065,2.6105028155143373e-05,0.01852320320904255,0.915946900844574,3.896015914506279e-05
ISIC_0025446,nv,nv,3.23778590427537e-06,1.865457306848839e-05,0.004958572797477245,1.5187310054898262e-05,0.0003165540983900428,0.9946854114532471,2.352932824578602e-06
ISIC_0025647,nv,nv,1.2719784763248754e-06,0.0005694004939869046,0.0002568239870015532,1.4152826224744786e-05,0.0058141108602285385,0.9931199550628662,0.0002242398913949728
ISIC_0026371,nv,nv,0.0002991609217133373,2.7640035114018247e-06,0.0006418190314434469,1.1924144018848892e-06,0.0065456232987344265,0.9925091862678528,3.711505485171074e-07
ISIC_0030019,nv,nv,0.0004751842061523348,0.012871582061052322,0.0006846575415693223,0.021807430312037468,0.12522144615650177,0.7721273899078369,0.06681238114833832
ISIC_0028042,nv,mel,1.1834912356789573e-06,5.621379386866465e-06,0.0001475716126151383,4.347255526226945e-06,0.5196649432182312,0.47987207770347595,0.0003043492033611983
ISIC_0030229,nv,nv,5.577390425060003e-07,1.2031995311190258e-06,0.000126047118101269,2.2981825509305054e-07,0.08427004516124725,0.9155845046043396,1.7475800632382743e-05
ISIC_0027133,nv,nv,7.219931874580254e-10,1.9454945743291319e-07,1.0588088628082915e-07,1.431281901886905e-07,0.0006419270066544414,0.9993575215339661,1.2871853982687753e-07
ISIC_0028756,nv,nv,6.76686706668761e-10,3.0599046851875755e-08,2.6336269002058543e-05,1.2465513066217682e-07,1.8207578250439838e-05,0.999953031539917,2.248047394459718e-06
ISIC_0024818,nv,mel,0.000170829618582502,2.666443288035225e-05,0.3651723265647888,8.360642596016987e-07,0.5832797288894653,0.051344845443964005,4.713047019322403e-06
ISIC_0025271,nv,nv,0.00036542245652526617,2.8523947548819706e-05,0.002309662289917469,0.007815576158463955,0.0019669863395392895,0.987508237361908,5.628129656543024e-06
ISIC_0032042,nv,nv,0.01669277250766754,0.005462453234940767,0.22755248844623566,0.05261275917291641,0.03293050453066826,0.6173087954521179,0.04744024947285652
ISIC_0030589,nv,mel,2.6007284759543836e-05,0.000615280179772526,0.0033675527665764093,7.061547512421384e-05,0.6296624541282654,0.36610767245292664,0.00015046141925267875
ISIC_0027140,nv,nv,5.610477771256228e-08,2.3587607245190156e-07,3.741504315257771e-07,4.619984750320327e-08,0.0011501341359689832,0.998848557472229,6.75839771702158e-07
ISIC_0030404,nv,nv,0.00041291923844255507,0.00019688023894559592,0.1816745102405548,0.0025771642103791237,0.06583087891340256,0.7466697692871094,0.002637863392010331
ISIC_0027311,nv,nv,5.1386332415859215e-06,2.9180678211560007e-06,0.0013230862095952034,2.3924400011310354e-05,0.003926138859242201,0.9945777654647827,0.00014101142005529255
ISIC_0031896,nv,nv,7.274532435985748e-06,5.2702798711834475e-06,0.0011014154879376292,1.0898211257881485e-06,0.15918420255184174,0.83968186378479,1.890011117211543e-05
ISIC_0032388,nv,nv,0.0015621950151398778,6.62003512843512e-05,0.0032833083532750607,0.0002883306297007948,0.25466129183769226,0.7401202321052551,1.8454489691066556e-05
ISIC_0030299,nv,nv,3.125788907709648e-07,9.335824557865635e-09,4.838217137148604e-06,3.215974686554546e-08,0.19013462960720062,0.809860110282898,1.1654761067347863e-07
ISIC_0028866,nv,nv,8.059995448839175e-10,2.511985064401756e-09,1.1952873819609522e-06,1.4509174306454042e-08,0.0001928813726408407,0.9998056292533875,3.570833086996572e-07
ISIC_0025253,nv,nv,1.5061219471590448e-07,2.4899625827856653e-07,0.004196910187602043,3.18146230711136e-05,0.031275633722543716,0.9644051194190979,9.005022729979828e-05
ISIC_0026190,nv,nv,6.673701591353165e-08,1.86741235665977e-05,0.01171460747718811,3.7957128995458334e-08,0.005003105849027634,0.9832416772842407,2.186958590755239e-05
ISIC_0030358,nv,bkl,0.000192287378013134,1.281607865166734e-06,0.8884714245796204,1.9105918909190223e-06,0.09447775036096573,0.016854798421263695,5.553112032430363e-07
ISIC_0030086,nv,nv,5.209205028222641e-06,2.943738581961952e-05,0.00024973644758574665,0.0004514283500611782,0.26851531863212585,0.7306628823280334,8.602671732660383e-05
ISIC_0034265,nv,nv,4.917478872812353e-05,0.0002273339923704043,0.04701969772577286,0.0003997716121375561,0.023175323382019997,0.929023265838623,0.00010539114737184718
ISIC_0033765,nv,nv,7.156249466788722e-06,1.4395316156878835e-06,0.00028677721275016665,1.0836729416041635e-05,0.0006954923737794161,0.9989916682243347,6.5790295593615156e-06
ISIC_0032939,nv,nv,4.4149636835300043e-08,1.5154260779581818e-07,1.1911412912013475e-05,3.5975098455764964e-08,0.004107433836907148,0.9958802461624146,2.920007204920694e-07
ISIC_0033682,nv,nv,1.092297338800563e-06,1.3556497258093714e-08,1.010359255815274e-06,3.524111491515214e-07,0.0008783182129263878,0.999118983745575,2.2198416615992755e-07
ISIC_0032979,nv,nv,0.0016360728768631816,0.003938427660614252,0.4807159900665283,0.0005433778278529644,0.01162404753267765,0.49322882294654846,0.00831322930753231
ISIC_0033474,nv,nv,0.00016420970496255904,1.1500702385092154e-05,0.007393258158117533,8.24679882498458e-05,0.007429680321365595,0.9849027991294861,1.6123512978083454e-05
ISIC_0034043,nv,bkl,3.0565419706363173e-07,3.909304268745473e-06,0.5529476404190063,4.4963448431190045e-07,0.0011472176993265748,0.4458959996700287,4.508614892984042e-06
ISIC_0033589,nv,nv,3.7110776247573085e-06,1.6613696061540395e-05,5.545083240576787e-06,1.6638867919027689e-06,0.2259010225534439,0.7740694284439087,2.0545944607874844e-06
ISIC_0032880,nv,nv,1.1661394072604025e-10,1.79566939095821e-09,8.402283668829114e-08,1.8728739803464123e-07,0.00025388618814758956,0.9997425675392151,3.184889465046581e-06
ISIC_0032721,nv,nv,0.0026267634239047766,4.654983422369696e-05,0.02693740464746952,0.0038910876028239727,0.059055037796497345,0.9073948860168457,4.832617560168728e-05
ISIC_0032616,nv,nv,3.794653821387328e-05,2.9417791665764526e-05,0.024330617859959602,4.7072931920411065e-05,0.014272689819335938,0.9612645506858826,1.75627810676815e-05
ISIC_0033355,nv,nv,2.782098817988299e-05,1.1322224054310936e-05,3.493706026347354e-05,1.1851182534883264e-05,0.25401756167411804,0.7458928227424622,3.7149943636904936e-06
ISIC_0034219,nv,bkl,7.791336429363582e-06,6.328141807898646e-06,0.8626729846000671,1.5900117432465777e-05,0.0043267314322292805,0.13294894993305206,2.1306395865394734e-05
ISIC_0033118,nv,bkl,0.01927361823618412,0.0011047779116779566,0.9532264471054077,0.0034817212726920843,0.0019395402632653713,0.020879283547401428,9.456549014430493e-05
ISIC_0033542,nv,nv,1.997548827736839e-12,6.257617340965638e-11,7.834187742972176e-10,8.715809324266743e-11,5.60990110898274e-06,0.9999943971633911,1.0573849573702887e-09
ISIC_0032575,nv,nv,2.600972402433399e-05,0.0008873228216543794,0.0014474563067778945,3.105249925283715e-05,0.002346321940422058,0.9944593906402588,0.0008024098933674395
ISIC_0033842,nv,nv,3.164337977068499e-05,0.0002626937348395586,0.019431306049227715,1.7275940990657546e-05,0.016313038766384125,0.9449231028556824,0.019020913168787956
ISIC_0032923,nv,nv,2.3996115487534553e-05,0.0007337068091146648,0.005721478257328272,7.993383042048663e-05,0.0022891631815582514,0.9884452819824219,0.002706454833969474
ISIC_0033577,nv,nv,1.658189852093983e-08,2.314306790651699e-08,1.0598680546536343e-06,2.0800791844521882e-07,7.592898327857256e-05,0.9999227523803711,4.794051733369997e-08
ISIC_0033898,nv,nv,4.294364543966367e-07,9.394074140800512e-08,5.7757270042202435e-06,1.8351644257563748e-06,0.00037512133712880313,0.9996160268783569,6.70275596803549e-07
ISIC_0033173,nv,nv,4.371977224693069e-10,1.6209503184150265e-10,4.2834349955889195e-10,1.7537093999209219e-09,3.155264266752056e-06,0.9999969005584717,1.856084619333842e-09
ISIC_0032655,bkl,bkl,6.504965455178535e-08,1.1249238873745071e-08,0.9992067217826843,5.0646202787163475e-09,5.909884137622612e-08,0.0007931676809675992,5.12226594473475e-10
ISIC_0034114,nv,nv,1.1211700318147777e-10,9.839259007549117e-08,1.0307516618013324e-08,1.2407014082782553e-08,1.5187322333076736e-06,0.9999979734420776,3.418945482280833e-07
ISIC_0033039,nv,nv,2.371601567574544e-06,3.3162018553412054e-06,0.00015255976177286357,1.994465128518641e-05,0.0001608332386240363,0.999650239944458,1.0732164810178801e-05
ISIC_0034228,nv,nv,7.101021992639289e-07,1.2804660798337864e-07,5.243038231128594e-06,1.1467776630524895e-06,8.5641650002799e-06,0.9999837875366211,3.5878076687367866e-07
ISIC_0032759,nv,nv,1.2663383230915315e-08,1.8517721400712617e-06,6.214501695467334e-07,9.87592443379981e-08,0.0003018664428964257,0.9996949434280396,5.398264306677447e-07
ISIC_0033647,nv,nv,4.4629291581776975e-12,1.721530001885796e-10,2.657423614493837e-09,3.4646494007084527e-10,7.146092428911288e-08,0.9999998807907104,6.139358466050737e-11
ISIC_0032956,nv,nv,9.052726090885699e-05,2.931802328021149e-06,0.0003371442435309291,6.0467391449492425e-06,0.0019220960093662143,0.9976202845573425,2.0862751625827514e-05
ISIC_0034082,nv,nv,1.5938287134531492e-08,1.8360371711878543e-07,3.7041604628029745e-07,5.034319769947615e-07,0.00023831584258005023,0.9997583031654358,2.2270028239290696e-06
ISIC_0034312,nv,nv,8.075930963968858e-06,4.564622577163391e-05,3.976341395173222e-05,4.3253468902548775e-05,0.0943654477596283,0.9054544568061829,4.338864891906269e-05
ISIC_0032578,nv,nv,1.922163539447297e-09,9.677277148512076e-07,3.954462044930551e-06,3.299871043083158e-09,2.00925285298581e-07,0.9999945163726807,4.111509781523637e-07
ISIC_0034266,nv,nv,6.857706642945851e-15,8.57437905399383e-12,7.224149121791423e-13,7.589425615739387e-12,9.94972659817961e-10,1.0,1.662287391068773e-10
ISIC_0034080,nv,nv,0.0009459811262786388,0.007485300302505493,0.013435136526823044,0.00014668608491774648,0.24090178310871124,0.7368205189704895,0.000264608534052968
ISIC_0034154,nv,nv,2.3490827061323216e-08,8.813090062176343e-06,0.004202730488032103,4.821384180786481e-08,0.003269319888204336,0.9925116300582886,7.540047590737231e-06
ISIC_0033028,nv,nv,8.321415407408495e-06,5.511390668289096e-07,0.0018994805868715048,7.563302801827376e-07,0.10143604129552841,0.8966524004936218,2.4866467356332578e-06
ISIC_0032814,nv,nv,1.0693346666812431e-05,9.653354027250316e-07,1.892770524136722e-05,6.133996635071526e-07,0.021004632115364075,0.9789555072784424,8.728155080461875e-06
ISIC_0033190,nv,nv,1.6453670070859516e-07,2.1681747952584374e-08,3.066361023229547e-05,4.8492918125475626e-08,8.79836079548113e-06,0.99996018409729,1.6009340697564767e-07
ISIC_0033535,nv,nv,0.0007097999332472682,0.0019339080899953842,0.015612754039466381,0.0030894100200384855,0.014676655642688274,0.9610739350318909,0.002903427928686142
ISIC_0033330,nv,vasc,0.015437106601893902,0.07381951063871384,0.08381050080060959,0.09759180247783661,0.04868835583329201,0.1927994042634964,0.4878532290458679
ISIC_0024725,nv,nv,4.328978775447467e-06,2.0381285139592364e-06,0.0037475964054465294,1.4084432677918812e-06,0.0008185866754502058,0.9954240918159485,1.9866479306074325e-06
ISIC_0031259,nv,nv,1.0868100162042538e-06,9.271684007217118e-07,0.004924462642520666,2.490267070243135e-05,0.0008488830644637346,0.9941955208778381,4.228831130603794e-06
ISIC_0027138,nv,nv,1.7103659047279507e-05,0.0011428185971453786,0.012465430423617363,5.5839143897173926e-05,0.0006203403463587165,0.9787560701370239,0.00694234250113368
ISIC_0028014,nv,nv,2.0292179669922916e-06,4.942687155562453e-06,0.00016549522115383297,3.9287799154408276e-05,0.0002289075928274542,0.9995399713516235,1.945777694345452e-05
ISIC_0031105,nv,nv,4.922321181766165e-07,8.331305252795573e-06,2.0708523152279668e-05,4.244028332323069e-06,0.008598499931395054,0.9913433790206909,2.4349626983166672e-05
ISIC_0029030,nv,nv,3.076850043726154e-05,2.7826141376863234e-05,0.00014160151476971805,0.00010623309935908765,0.13235068321228027,0.8673313856124878,1.1588273991947062e-05
ISIC_0031454,nv,bcc,0.02446480467915535,0.8300215601921082,0.051538918167352676,0.04517209902405739,0.0026914081536233425,0.04398157447576523,0.0021295633632689714
ISIC_0028618,nv,nv,0.0009983641793951392,6.101295002736151e-05,0.16362214088439941,0.00016502129437867552,0.254890501499176,0.5802590847015381,3.8799257708888035e-06
ISIC_0031488,nv,nv,0.021860575303435326,0.06240539252758026,0.010896493680775166,0.006741897203028202,0.27687013149261475,0.619924008846283,0.0013015941949561238
ISIC_0027345,nv,nv,0.0017604408785700798,0.000580452848225832,0.0073130568489432335,0.00017565132293384522,0.4682828485965729,0.5218559503555298,3.1556581234326586e-05
ISIC_0029143,nv,nv,8.894873815279425e-08,1.3908893379266374e-06,0.00010899407789111137,1.9579671572955704e-07,0.00029631165671162307,0.9995928406715393,5.7516437834692624e-08
ISIC_0030693,nv,bkl,1.0861941746043158e-06,3.061442612306564e-06,0.9618313312530518,2.3824070183309232e-07,8.661637548357248e-05,0.03807751461863518,1.0248061954598597e-07
ISIC_0031040,akiec,akiec,0.9978461265563965,0.0004492652660701424,0.0013070275308564305,5.7981349527835846e-05,0.00026855163741856813,7.081228250171989e-05,1.3560682532443025e-07
ISIC_0027795,akiec,akiec,0.9723119735717773,0.00733438553288579,0.019553549587726593,2.4128477889462374e-05,0.0006435074028559029,0.00013133228640072048,1.0793089586513815e-06
ISIC_0024913,akiec,akiec,0.908913791179657,0.08959388732910156,0.00025969400303438306,0.00024162876070477068,0.0009587251115590334,3.09222232317552e-05,1.3808642052026698e-06
ISIC_0026872,akiec,akiec,0.7427697777748108,0.0006428568158298731,0.024925215169787407,0.00606920849531889,0.21547645330429077,0.010098109021782875,1.8374061255599372e-05
ISIC_0031119,akiec,akiec,0.9529892802238464,0.025451110675930977,0.008040187880396843,0.00013798029976896942,0.00462094321846962,0.008585487492382526,0.00017506835865788162
ISIC_0024562,akiec,nv,0.3183022141456604,0.05418085306882858,0.006244046147912741,0.035283979028463364,0.0755850225687027,0.5102567076683044,0.0001471435825806111
ISIC_0025696,akiec,akiec,0.9997739195823669,5.9705769217544e-07,3.1007661164039746e-05,1.3858903002983425e-07,0.0001867622195277363,7.576626103400486e-06,1.05791881921391e-08
ISIC_0030794,akiec,akiec,0.9993853569030762,1.908717786136549e-05,0.0005449401214718819,1.0007590390159748e-05,1.2706866527878447e-06,3.927962461602874e-05,8.36883007337974e-09
ISIC_0027678,akiec,akiec,0.9980927109718323,0.001156351645477116,0.000454350229119882,1.0715626558521762e-05,0.0002389352157479152,4.652344068745151e-05,4.263587243258371e-07
ISIC_0028132,akiec,bcc,0.004961711820214987,0.9948036074638367,9.529470844427124e-05,1.996181163121946e-05,2.0436809791135602e-05,9.306545689469203e-05,5.898702966078417e-06
ISIC_0030991,akiec,akiec,0.817170262336731,0.06312087178230286,0.07973159104585648,0.0006104673375375569,0.006020191125571728,0.03320585563778877,0.000140821430250071
ISIC_0029582,akiec,nv,0.04981246218085289,0.0738452821969986,0.1426059752702713,0.18428228795528412,0.002265169518068433,0.5469061732292175,0.0002826460113283247
ISIC_0031852,akiec,akiec,0.8759471774101257,0.00019962841179221869,0.013457710854709148,0.000106729959952645,0.10342711955308914,0.006832270883023739,2.9332886697375216e-05
ISIC_0031609,akiec,nv,0.027888640761375427,0.0005780568462796509,0.053777437657117844,0.0002641626342665404,0.23040682077407837,0.6869887709617615,9.618568583391607e-05
ISIC_0026645,akiec,bcc,0.0008177200215868652,0.9884887337684631,0.010075888596475124,1.0614744496706408e-05,0.0004151435859967023,0.00018444095621816814,7.503293545596534e-06
ISIC_0024710,akiec,bcc,0.3130651116371155,0.6818499565124512,0.0014136251993477345,2.1221138013061136e-05,0.003561393590644002,6.497687718365341e-05,2.3772663553245366e-05
ISIC_0030375,akiec,akiec,0.9787004590034485,0.0012419080594554543,0.018232092261314392,2.345271468584542e-06,0.0017739475006237626,4.598332816385664e-05,3.2395842026744504e-06
ISIC_0031335,akiec,akiec,0.8347270488739014,0.07660843431949615,0.03901401534676552,0.0030707523692399263,0.04231996461749077,0.0037287003360688686,0.0005311024142429233
ISIC_0027178,akiec,akiec,0.9741877317428589,2.3301903638639487e-05,0.007074575871229172,7.812964213371743e-06,0.016417820006608963,0.0022879433818161488,7.926821581349941e-07
ISIC_0028190,akiec,akiec,0.8643901348114014,0.09181652963161469,0.012311422266066074,5.223984771873802e-05,0.024869030341506004,0.0065549639984965324,5.761575266660657e-06
ISIC_0029059,akiec,bcc,0.005739402957260609,0.9816846251487732,0.009421753697097301,0.00018247291154693812,8.426433487329632e-05,0.0028089035768061876,7.864966028137133e-05
ISIC_0032277,akiec,akiec,0.9804850816726685,2.1006169390602736e-06,0.009626359678804874,1.1762676876969635e-06,0.008936591446399689,0.000948348140809685,1.9085872793311864e-07
ISIC_0025953,akiec,akiec,0.9448431730270386,0.0002701850899029523,0.0039666867814958096,8.847440039971843e-05,0.05042063072323799,0.0004069123533554375,3.868281510222005e-06
ISIC_0033494,akiec,mel,0.033397477120161057,0.11347883939743042,0.047931868582963943,0.001644324278458953,0.7686898112297058,0.034844331443309784,1.3378145922615658e-05
ISIC_0031381,akiec,akiec,0.8836579322814941,0.0005980487912893295,0.01109421905130148,0.0015082739992067218,0.09743476659059525,0.005652878433465958,5.39317807124462e-05
ISIC_0029279,akiec,akiec,0.9976370334625244,0.00014094787184149027,9.441780275665224e-05,0.00030350321321748197,0.001795076997950673,2.843091351678595e-05,6.328539257083321e-07
ISIC_0031431,akiec,akiec,0.9961137771606445,0.00015791055920999497,0.0009179277112707496,0.0006965387728996575,0.001375202788040042,0.0007073419401422143,3.136758095934056e-05
ISIC_0028224,akiec,akiec,0.8831998109817505,0.0001243403385160491,0.07905788719654083,0.0015949393855407834,0.0031130313873291016,0.032909687608480453,3.2189097964874236e-07
ISIC_0026319,akiec,akiec,0.801153302192688,0.00856432132422924,0.0020647626370191574,0.00017532036872580647,0.17831827700138092,0.00963405892252922,8.989843627205119e-05
ISIC_0032014,akiec,bcc,0.014617877081036568,0.9622406363487244,0.021627111360430717,0.00011564618034753948,2.262801535835024e-05,0.0013195945648476481,5.650557068292983e-05
ISIC_0024923,akiec,akiec,0.526360809803009,0.4148276150226593,0.034282077103853226,0.0003935109998565167,0.0005790455034002662,0.023518072441220284,3.8861260691192e-05
ISIC_0026626,akiec,mel,0.03912351280450821,5.5205426178872585e-05,0.05426440387964249,9.192015113512753e-07,0.9053012132644653,0.0012546874349936843,1.3416068611604715e-07
ISIC_0028335,akiec,nv,0.02718866802752018,0.03442966938018799,0.03160585090517998,0.03928454965353012,0.030998321250081062,0.8295133709907532,0.006979658268392086
ISIC_0026981,akiec,akiec,0.9771511554718018,0.0006897023995406926,0.0001801822509150952,0.02180706337094307,6.047690840205178e-05,0.00010728261986514553,4.244060619384982e-06
ISIC_0031823,akiec,akiec,0.7934468984603882,0.20320086181163788,0.0031763657461851835,2.7519343348103575e-05,4.052320946357213e-05,8.452192560071126e-05,2.3262180548044853e-05
ISIC_0032404,akiec,akiec,0.985892117023468,0.00029085922869853675,0.01131116971373558,4.741847442346625e-05,0.002378033008426428,7.322210149141029e-05,7.218978680612054e-06
ISIC_0024800,akiec,bkl,0.032136160880327225,0.00045360354124568403,0.8541963696479797,0.00011576998076634482,0.08357317000627518,0.029413554817438126,0.00011140372953377664
ISIC_0027767,akiec,akiec,0.6109209656715393,0.0012009056517854333,0.36297765374183655,0.0002584743779152632,0.02258487604558468,0.0020092749036848545,4.7831927076913416e-05
ISIC_0026984,akiec,mel,0.18859776854515076,0.09397265315055847,0.008002272807061672,0.0002366686676396057,0.7050917148590088,0.00402490608394146,7.400171307381243e-05
ISIC_0031506,akiec,bkl,0.013683130964636803,0.05796844884753227,0.8642502427101135,2.6954965505865403e-05,0.0006257217028178275,0.06343187391757965,1.3570516784966458e-05
ISIC_0026765,akiec,akiec,0.8557921051979065,0.143722265958786,0.00023087971203494817,7.238968828460202e-05,0.00016774973482824862,1.3311941984284203e-05,1.3644369118992472e-06
ISIC_0024511,akiec,akiec,0.4941905736923218,0.13293080031871796,0.20929916203022003,0.00040943370549939573,0.07477125525474548,0.08822443336248398,0.00017433337052352726
ISIC_0027884,akiec,akiec,0.986034631729126,0.00089358224067837,0.009080702438950539,0.00012034346582368016,0.0036959710996598005,0.0001487601693952456,2.6045343474834226e-05
ISIC_0031108,akiec,akiec,0.9848516583442688,0.01230529323220253,0.0015831372002139688,0.000207154851523228,0.0005920004332438111,0.00044968328438699245,1.1098519280494656e-05
ISIC_0027334,akiec,bcc,1.1095483387180138e-05,0.9998601675033569,3.498593287076801e-05,6.784639117540792e-05,1.6610206330369692e-06,2.2267720851232298e-05,1.9572889868868515e-06
ISIC_0033358,akiec,mel,0.11322414875030518,5.9817084547830746e-05,0.023596247658133507,1.7258134903386235e-05,0.8038215041160583,0.05928011238574982,9.090933303923521e-07
ISIC_0029141,akiec,bkl,0.04001355916261673,3.653745443443768e-05,0.9225215315818787,5.0767912398441695e-06,0.001984174596145749,0.03543871268630028,4.4467199700193305e-07
ISIC_0028619,akiec,bkl,0.002191381063312292,0.004543594550341368,0.9835852384567261,0.0001530921581434086,0.007710910867899656,0.0017232380341738462,9.249916911358014e-05
ISIC_0033536,akiec,akiec,0.9594405889511108,0.006536460947245359,0.012717324309051037,0.02030051127076149,0.0005931137129664421,0.0003722923283930868,3.968694363720715e-05
