image_id,true_class,predicted_class,p_akiec,p_bcc,p_bkl,p_df,p_mel,p_nv,p_vasc
ISIC_0027419,bkl,bkl,0.05835866555571556,0.006011659279465675,0.9202885031700134,0.000275184225756675,0.0036136130802333355,0.011448003351688385,4.3750351323978975e-06
ISIC_0031633,bkl,bkl,0.006578637752681971,0.04621679335832596,0.9468379020690918,4.474044089874951e-06,0.00023197077098302543,0.00013026459782849997,2.2796873722086275e-08
ISIC_0027828,bkl,bkl,0.001068097073584795,0.0020605837926268578,0.797640860080719,0.0017443241085857153,0.02804083190858364,0.1478348821401596,0.021610451862215996
ISIC_0029559,bkl,bkl,0.0010659238323569298,0.0007625563303008676,0.5788067579269409,0.0001992092584259808,0.07093866169452667,0.34704145789146423,0.00118548353202641
ISIC_0025642,bkl,nv,1.953768702378511e-08,5.8375835720880787e-08,0.0010779673466458917,1.2064867860317463e-07,0.03434053808450699,0.9645808935165405,3.056762238884403e-07
ISIC_0031691,bkl,bcc,0.011124963872134686,0.6192302107810974,0.33017978072166443,0.01510519441217184,0.0021756167989224195,0.020593248307704926,0.0015909721842035651
ISIC_0025419,bkl,nv,0.0006310860044322908,0.16445530951023102,0.11554577946662903,0.24568411707878113,0.046999361366033554,0.4240385591983795,0.0026457607746124268
ISIC_0029301,bkl,mel,1.000812426354969e-05,0.0005783490487374365,0.08257513493299484,3.097589797107503e-05,0.8269367814064026,0.08946079760789871,0.00040794338565319777
ISIC_0030377,bkl,nv,0.00010707118781283498,0.0005849338485859334,0.03701280429959297,5.52502160644508e-06,0.0344071201980114,0.9278531670570374,2.943623621831648e-05
ISIC_0027960,bkl,mel,0.000150763793499209,0.00010973677126457915,0.378208190202713,0.00013416372530627996,0.6145018339157104,0.006873088423162699,2.2211293980944902e-05
ISIC_0031495,bkl,bkl,5.2376828534761444e-05,3.8731086533516645e-05,0.9771609306335449,0.00016212784976232797,0.014590157195925713,0.007905716076493263,9.00294617167674e-05
ISIC_0025099,bkl,bkl,4.518836504985302e-08,7.321402222260076e-07,0.9638720154762268,1.935223963300814e-07,6.506960926344618e-05,0.03606100007891655,9.746860314407968e-07
ISIC_0029413,bkl,bkl,0.0005789017886854708,0.00017768204270396382,0.7804843783378601,0.00033795516355894506,0.2113359123468399,0.006931792013347149,0.000153333880007267
ISIC_0025140,bkl,mel,0.0029322297777980566,0.0006833978113718331,0.10817147046327591,0.00010369917436037213,0.8614634275436401,0.026316137984395027,0.0003295817004982382
ISIC_0029912,bkl,vasc,8.382388477912173e-05,8.727266686037183e-05,0.04868610203266144,0.00030223498470149934,0.16081447899341583,0.08679604530334473,0.7032300233840942
ISIC_0033539,bkl,bkl,7.419574831146747e-05,0.0010701187420636415,0.9983635544776917,0.0001755738485371694,0.00010662079876055941,0.00018233232549391687,2.7623314963420853e-05
ISIC_0030005,bkl,mel,0.001956596737727523,8.493416680721566e-05,0.16157810389995575,1.3598631994682364e-05,0.8339600563049316,0.002405575243756175,1.155304062194773e-06
ISIC_0024832,bkl,bkl,0.0351722426712513,0.3616039454936981,0.40006229281425476,0.001065460150130093,0.007251003757119179,0.1720004379749298,0.022844644263386726
ISIC_0029837,bkl,nv,0.000122631317935884,0.00022199428349267691,0.35468626022338867,0.0011705262586474419,0.00043648655992001295,0.6432028412818909,0.00015930492372717708
ISIC_0025510,bkl,bkl,0.00010206822480540723,0.002475694753229618,0.6522518992424011,0.0006990127149038017,0.006359877996146679,0.3339585065841675,0.004152864683419466
ISIC_0029060,bkl,bkl,0.001829615910537541,0.0019275122322142124,0.6442902088165283,0.0061356243677437305,0.03675390034914017,0.3076481521129608,0.0014150120550766587
ISIC_0026153,bkl,bkl,0.003839125856757164,0.0003718505904544145,0.8144686818122864,4.436078143044142e-06,0.11182108521461487,0.06947388499975204,2.088630571961403e-05
ISIC_0025063,bkl,bkl,0.013332262635231018,0.00012931317905895412,0.9429138898849487,1.0553272659308277e-05,0.03285452723503113,0.010745829902589321,1.3640768884215504e-05
ISIC_0032306,bkl,bkl,0.3482785224914551,2.3083712221705355e-05,0.643706202507019,0.0008566491887904704,0.004518880043178797,0.002615629229694605,9.977305808206438e-07
ISIC_0032304,bkl,bkl,0.004739781375974417,0.006483318749815226,0.9874687194824219,5.452588993648533e-06,0.0008541913703083992,0.00042052209028042853,2.8056589144398458e-05
ISIC_0032382,bkl,bkl,0.005481111817061901,0.00277242180891335,0.9766867160797119,0.00039476744132116437,0.008601910434663296,0.005855659022927284,0.00020741410844493657
ISIC_0029674,bkl,nv,9.929225370797212e-07,3.0395298381336033e-05,0.23120351135730743,1.6961317896857508e-06,0.34423935413360596,0.42452383041381836,1.8905510046351992e-07
ISIC_0028607,bkl,bkl,0.00018723771790973842,0.00024735092301853,0.7006245255470276,0.0013063703663647175,0.0030904614832252264,0.2945418059825897,2.2316028207569616e-06
ISIC_0028646,bkl,bkl,0.00023658947611693293,9.394424705533311e-05,0.9810230135917664,1.8595409301269683e-06,0.0009355162619613111,0.017706649377942085,2.3645436613151105e-06
ISIC_0033041,bkl,mel,0.0015346412546932697,0.05975940078496933,0.07997014373540878,0.0004081074148416519,0.7926151752471924,0.06551137566566467,0.00020112410129513592
ISIC_0033900,bkl,bkl,0.0006404199521057308,0.016396142542362213,0.6107454895973206,0.00021051938529126346,0.010308832861483097,0.36163413524627686,6.44196625216864e-05
ISIC_0030276,bkl,bkl,0.004206039011478424,0.0015114250127226114,0.9927393794059753,6.702305768158112e-07,0.0009015117539092898,0.0006350777694024146,5.8171622185909655e-06
ISIC_0033201,bkl,bkl,2.471481275279075e-05,0.0005157396662980318,0.9963994026184082,1.4491213732981123e-05,0.0001227962493430823,0.0029178920667618513,4.940685357723851e-06
ISIC_0033613,bkl,bkl,0.0009397948742844164,0.008099104277789593,0.9684956073760986,4.189064839010825e-06,0.011490232311189175,0.010964956134557724,6.195974037837004e-06
ISIC_0032978,bkl,mel,0.08957979083061218,0.0020598256960511208,0.008522288873791695,0.00012793444329872727,0.8989955186843872,0.0006687042186968029,4.594291385728866e-05
ISIC_0032829,bkl,bkl,0.0005308491527102888,0.001563781639561057,0.9751142859458923,1.2388983122946229e-05,0.013888819143176079,0.008772802539169788,0.00011704873759299517
ISIC_0033601,bkl,bkl,3.748703193195979e-06,2.9678632927243598e-05,0.9558533430099487,3.6205400988365e-07,0.0028721168637275696,0.04122433811426163,1.642228198761586e-05
ISIC_0032570,bkl,bkl,0.0007623473065905273,0.001364257070235908,0.9947460889816284,0.0009560682810842991,0.00017225935880560428,0.0016502718208357692,0.0003487332724034786
ISIC_0033410,bkl,nv,0.0005744982627220452,0.03228889778256416,0.12901343405246735,1.7261858147321618e-06,0.034081798046827316,0.8040274977684021,1.2110149327781983e-05
ISIC_0033306,bkl,bkl,0.018881337717175484,0.00024452796787954867,0.8650915026664734,3.3465734304627404e-05,0.11248225718736649,0.003259900491684675,7.057206403260352e-06
ISIC_0033235,bkl,bkl,8.943615284806583e-06,6.472063773799164e-07,0.9709829092025757,2.289082772222173e-07,0.0028707426972687244,0.02613617479801178,4.0482026975041663e-07
ISIC_0026085,bkl,mel,0.004216150846332312,1.1791862561949529e-06,0.0726412758231163,1.0515601616134518e-06,0.9210554361343384,0.002084622625261545,3.253371403388883e-07
ISIC_0032756,bkl,bkl,4.5355784095590934e-05,0.00017098512034863234,0.7467116713523865,4.076706318301149e-06,0.2472090870141983,0.005454807076603174,0.0004040485655423254
ISIC_0034031,bkl,nv,0.0013432737905532122,0.0035135536454617977,0.12240070849657059,0.005562519188970327,0.21335181593894958,0.6435538530349731,0.010274255648255348
ISIC_0033449,bkl,bkl,0.004011752083897591,6.369890570567804e-07,0.9943097829818726,2.7447042612038786e-06,0.0003740543033927679,0.0013005807995796204,4.217787363813841e-07
ISIC_0033414,bkl,nv,1.383775298791079e-07,5.00632195326034e-05,0.28252923488616943,1.7005127119773533e-06,0.000852610042784363,0.7165619730949402,4.30494674219517e-06
ISIC_0033791,bkl,mel,0.00021696684416383505,0.0008251512190327048,0.27398672699928284,2.345540269743651e-05,0.6999072432518005,0.024734698235988617,0.0003058194415643811
ISIC_0033060,bkl,bkl,2.7304162131258636e-07,1.528484432355981e-07,0.9978775978088379,3.271527049264478e-08,9.322157893620897e-06,0.0021124472841620445,8.187585365249106e-08
ISIC_0031376,bkl,bkl,0.0030466546304523945,0.004552125930786133,0.6231764554977417,1.6462590792798437e-05,0.3555395305156708,0.013548444025218487,0.00012033961684210226
ISIC_0027989,bkl,bkl,0.00033195680589415133,0.00011995946988463402,0.8867682814598083,0.00016253393550869077,0.03517874330282211,0.07468907535076141,0.0027495133690536022
ISIC_0027218,bkl,nv,2.947187385871075e-05,1.6027523088268936e-05,0.022642580792307854,1.8415994418319315e-07,0.1753697544336319,0.8018938302993774,4.8172187234740704e-05
ISIC_0028020,bkl,bkl,0.00148782751057297,0.0002937590179499239,0.8254826068878174,0.1512281447649002,0.004619026090949774,0.010371438227593899,0.006517179310321808
ISIC_0026623,bkl,akiec,0.4669160544872284,0.11162951588630676,0.0039610592648386955,0.00017542869318276644,0.2418641299009323,0.17509254813194275,0.0003612841828726232
ISIC_0031989,bkl,akiec,0.9480304718017578,0.04069819673895836,0.003478648606687784,5.4589083447353914e-05,0.0018012610962614417,0.005909062922000885,2.7869571567862295e-05
ISIC_0029394,bkl,nv,0.0041009108535945415,0.0062945252284407616,0.23831844329833984,0.004063178785145283,0.2119876593351364,0.5068691372871399,0.028366124257445335
ISIC_0027374,bkl,bkl,0.0002313269069418311,0.02842576429247856,0.9672845602035522,4.5779037463944405e-05,0.00034752904321067035,0.003378151450306177,0.0002869100426323712
ISIC_0032168,bkl,bkl,7.793214172124863e-05,6.459680298576131e-05,0.9599751234054565,4.157524017500691e-06,0.007823735475540161,0.032041650265455246,1.2796065675502177e-05
ISIC_0028308,bkl,akiec,0.5403991937637329,0.1653745323419571,0.26875194907188416,0.0003583905636332929,0.001505066524259746,0.023531310260295868,7.951485167723149e-05
ISIC_0029522,bkl,mel,0.0008056170190684497,8.177333256753627e-06,0.0003398740664124489,5.121782669448294e-05,0.9798330068588257,0.01896081678569317,1.3289352409628918e-06
ISIC_0031060,bkl,mel,0.00044876107131130993,0.0017095647053793073,0.033044349402189255,5.712613710784353e-05,0.5044283866882324,0.4591139853000641,0.0011977944523096085
ISIC_0026634,bkl,bkl,4.881939821643755e-05,6.646155725320568e-06,0.9267016649246216,3.12380336708884e-07,0.07119330018758774,0.0020470127929002047,2.1555847524723504e-06
ISIC_0026923,bkl,bkl,0.020915646106004715,0.06186087056994438,0.915600597858429,1.6399288142565638e-05,4.931490184389986e-05,0.0015502367168664932,6.979960744502023e-06
ISIC_0030203,bkl,bkl,0.23327679932117462,0.2114184945821762,0.2787911295890808,0.0004994599730707705,0.26787641644477844,0.0011786851100623608,0.006958974525332451
ISIC_0025985,bkl,bkl,6.484300683951005e-05,0.015282300300896168,0.9822099208831787,2.343837513762992e-05,0.0008134655654430389,0.001595052657648921,1.1028583685401827e-05
ISIC_0030208,bkl,bkl,7.579036264360184e-06,3.180521525791846e-05,0.9942623972892761,1.5799073480593506e-06,3.9534090319648385e-05,0.0056557971984148026,1.3129232456776663e-06
ISIC_0025986,bkl,nv,6.76579611535999e-06,0.0012922381283715367,0.08417271077632904,2.9195502975198906e-06,0.07318253070116043,0.8411329388618469,0.0002098966360790655
ISIC_0025805,bkl,bkl,5.882043296878692e-06,0.00011372259177733213,0.5739809274673462,2.3425081963068806e-06,0.00039812654722481966,0.4254873991012573,1.1597955563047435e-05
ISIC_0024880,bkl,bkl,0.0001032406507874839,8.640070518595167e-06,0.9990742206573486,5.997623702569399e-06,0.0004642839776352048,0.0003424817987252027,1.106955778595875e-06
ISIC_0029525,bkl,bkl,0.00026847844128496945,3.5135174130118685e-06,0.9974591135978699,4.8449738443423485e-08,0.0015026233159005642,0.0007658600225113332,3.0392681082958006e-07
ISIC_0025376,bkl,bkl,0.00020311889238655567,0.002398210344836116,0.9866633415222168,8.759514457779005e-06,0.004101811908185482,0.006617110688239336,7.574470600957284e-06
ISIC_0024726,bkl,bkl,0.0020830973517149687,2.0794072952412535e-06,0.9678013920783997,1.5863682847339078e-06,9.89781110547483e-05,0.0300117377191782,1.1774887980209314e-06
ISIC_0028100,bkl,bkl,0.0001568091392982751,0.01045115664601326,0.6684324741363525,9.751498873811215e-05,0.12069717049598694,0.2000361829996109,0.00012865352618973702
ISIC_0030636,bkl,bkl,0.00010088473936775699,0.033830322325229645,0.9652838110923767,8.087098103715107e-05,0.00018378987442702055,0.00041211937787011266,0.00010810953244799748
ISIC_0031078,bkl,bkl,0.00017466730787418783,0.00455087423324585,0.9119029641151428,0.00011340429045958444,0.02669241465628147,0.05648238584399223,8.329792763106525e-05
ISIC_0025693,bkl,bkl,0.0013306530890986323,0.0029070398304611444,0.9854156374931335,3.6403691865416477e-06,0.004718458745628595,0.005600310862064362,2.4212131393142045e-05
ISIC_0032116,bkl,bkl,0.04814644530415535,0.0014254309935495257,0.7562058568000793,0.00012971060641575605,0.1773216724395752,0.016658250242471695,0.0001126175993704237
ISIC_0024772,bkl,bkl,0.0003711937752086669,0.0009630366112105548,0.6950574517250061,6.799594848416746e-05,0.2458925098180771,0.057542141526937485,0.00010564492549747229
ISIC_0026219,bkl,bkl,0.0002431413740850985,4.435727169038728e-05,0.9724380970001221,1.4560114323103335e-05,0.0014627560740336776,0.025794243440032005,2.788134679576615e-06
ISIC_0029139,bkl,bkl,2.2413767510442995e-05,1.2960765616298886e-07,0.9993222951889038,7.423105330417457e-08,1.68220230989391e-05,0.0006381861167028546,8.366981063545609e-08
ISIC_0031061,bkl,bkl,0.009315953589975834,0.01957389898598194,0.9598250389099121,0.0016768013592809439,0.00305090076290071,0.006253439467400312,0.000303921930026263
ISIC_0027991,bkl,mel,0.008032213896512985,0.0007585193961858749,0.004973277915269136,5.13997147209011e-05,0.8951874375343323,0.09095193445682526,4.519358844845556e-05
ISIC_0031289,bkl,mel,0.001918985042721033,0.09910973161458969,0.30270418524742126,0.0005950832855887711,0.5592362284660339,0.034234557300806046,0.002201230963692069
ISIC_0031580,bkl,bkl,0.008461429737508297,0.34195083379745483,0.5873158574104309,0.007474552374333143,0.0034395253751426935,0.04892435297369957,0.0024333689361810684
ISIC_0030365,bkl,mel,0.010546000674366951,7.499162893509492e-05,0.008748817257583141,3.216254845028743e-05,0.9652958512306213,0.015286560170352459,1.5643712686141953e-05
ISIC_0029810,bkl,bkl,0.4298994541168213,0.0046936990693211555,0.45542076230049133,0.0010873522842302918,0.04875084385275841,0.060108963400125504,3.897202986991033e-05
ISIC_0029678,bkl,mel,0.0019581648521125317,0.002594614401459694,0.005341295152902603,0.00028346077306196094,0.9519981741905212,0.03749886155128479,0.0003253671166021377
ISIC_0027990,bkl,bkl,2.3657851215830306e-06,6.057069867893006e-07,0.999956488609314,8.822264874197572e-08,2.1691193978767842e-05,1.85776298167184e-05,1.196533645497766e-07
ISIC_0031808,bkl,bkl,0.0019508528057485819,2.4724915874685394e-06,0.9501602053642273,1.5684520349168452e-06,0.010348339565098286,0.03753601387143135,5.504639943865186e-07
ISIC_0027470,bkl,bkl,2.2625376004725695e-05,3.33615971612744e-05,0.9494957327842712,2.148476050933823e-05,6.136993761174381e-06,0.05040600523352623,1.465327568439534e-05
ISIC_0024910,bkl,nv,0.23292705416679382,0.009594576433300972,0.15162615478038788,0.004752050619572401,0.1339680403470993,0.4653509557247162,0.0017811838770285249
ISIC_0025374,bkl,bkl,6.61933745504939e-06,1.1602707672864199e-05,0.8574156761169434,2.2360173090874014e-07,0.10990031063556671,0.03266214206814766,3.377875373189454e-06
ISIC_0030533,bkl,bkl,1.4418129694604431e-06,0.011209581047296524,0.9440063238143921,9.664133358455729e-06,3.288788138888776e-05,0.04473366215825081,6.4151163314818405e-06
ISIC_0027335,bkl,mel,0.005540946032851934,8.806564437691122e-06,0.327018678188324,5.27476458955789e-07,0.5085640549659729,0.15886670351028442,3.444152696374658e-07
ISIC_0025389,bkl,bcc,0.022293472662568092,0.4915035367012024,0.27912941575050354,0.11236603558063507,0.01822543889284134,0.07629247009754181,0.00018959063163492829
ISIC_0028593,bkl,bkl,0.012122816406190395,7.480379053959041e-07,0.9126140475273132,7.807970092699179e-08,0.07191285490989685,0.003349060658365488,2.750707324139512e-07
ISIC_0030801,bkl,mel,0.0009892942616716027,5.3325937187764794e-05,0.00584840914234519,2.1998323518346297e-06,0.88121497631073,0.11187463998794556,1.722696833894588e-05
ISIC_0030231,bkl,bkl,0.26133033633232117,0.05640605837106705,0.6766870021820068,5.9245685406494886e-05,0.0016180782113224268,0.0038643081206828356,3.499438025755808e-05
ISIC_0029206,bkl,bkl,0.0005500048282556236,0.0002429827582091093,0.6679274439811707,5.448013325803913e-05,0.2961113154888153,0.03500158339738846,0.00011218871804885566
ISIC_0030608,bkl,nv,8.134449308272451e-05,2.0339698494353797e-06,0.1154547855257988,1.1070153504988411e-06,0.003531718859449029,0.8809288740158081,1.0587766752223615e-07
ISIC_0030935,bkl,bkl,5.00744536111597e-05,2.976309474433947e-07,0.9986856579780579,3.2813661619002232e-06,0.00011213017569389194,0.0011480986140668392,4.20379848264929e-07
ISIC_0028611,bkl,akiec,0.7590678930282593,0.1668650358915329,0.00032806507078930736,0.007034820504486561,0.06305289268493652,0.003612867323681712,3.83905389753636e-05
ISIC_0028842,bkl,akiec,0.6961572766304016,0.025816069915890694,0.18948833644390106,0.00035627561737783253,0.0846964567899704,0.0028419916052371264,0.0006436194526031613
ISIC_0028913,bkl,bkl,1.0417194289402687e-06,3.7461629744939273e-06,0.998923122882843,6.715894507181019e-10,7.853055649320595e-06,0.001064082607626915,1.6392337442994176e-07
ISIC_0031831,bkl,bkl,7.698916306253523e-05,0.0024927023332566023,0.9064822196960449,1.0411414223199245e-05,0.079853855073452,0.008566495031118393,0.0025174343027174473
ISIC_0030130,bkl,bkl,0.002487201476469636,0.0020203820895403624,0.8864293694496155,0.0009159619803540409,0.10176137089729309,0.005670418031513691,0.0007152623729780316
ISIC_0032031,bkl,bkl,0.017492925748229027,0.0002770981518551707,0.9400945901870728,0.00013556532212533057,0.04153762385249138,0.0004473201697692275,1.4829440260655247e-05
ISIC_0028294,bkl,bkl,2.5981917133321986e-05,5.988834163872525e-05,0.9995704293251038,6.947033398319036e-06,0.00029686250491067767,2.752262844296638e-05,1.2404259905451909e-05
ISIC_0030835,bkl,bkl,0.0007913942099548876,0.00016368467186111957,0.9857052564620972,8.114153752103448e-05,0.002024815883487463,0.011172289960086346,6.128968379925936e-05
ISIC_0027811,bkl,bkl,0.001347838551737368,0.0009893239475786686,0.9721643924713135,0.0023835196625441313,0.0005384558462537825,0.02248510718345642,9.147116361418739e-05
ISIC_0026249,bkl,bkl,0.000558827945496887,0.016251882538199425,0.935070812702179,2.206553290307056e-05,0.0026337304152548313,0.04543586075305939,2.6876770789385773e-05
ISIC_0024774,bkl,bkl,1.1455861567810643e-05,2.1544286937569268e-05,0.9740159511566162,4.799868747795699e-06,0.000114526686957106,0.025808416306972504,2.3382912331726402e-05
ISIC_0026016,bkl,bkl,8.811382940621115e-06,1.7197591660078615e-05,0.9957946538925171,3.484828084765468e-06,0.0021424489095807076,0.0020124323200434446,2.1067615307401866e-05
ISIC_0026069,bkl,bkl,0.0010992331663146615,0.004795331973582506,0.7760648131370544,7.724495662841946e-05,0.0004603496054187417,0.21746109426021576,4.188680031802505e-05
ISIC_0031528,bkl,bkl,0.012335052713751793,0.0015728623839095235,0.892479419708252,0.0005585504695773125,0.035108812153339386,0.057790789753198624,0.00015449128113687038
ISIC_0028623,bkl,bkl,0.0003388602926861495,0.00010484345693839714,0.9837163686752319,8.166201951098628e-06,0.006298783700913191,0.00949691329151392,3.6128825740888715e-05
ISIC_0025103,bkl,bkl,0.00020669898367486894,1.6996005797409452e-05,0.9893249869346619,1.6711297575966455e-05,0.007097845431417227,0.003335952991619706,8.801141575531801e-07
ISIC_0030123,bkl,bkl,0.0006448175990954041,0.0030656696762889624,0.7705307602882385,3.495269993436523e-05,0.024953316897153854,0.2006957083940506,7.472912693629041e-05
ISIC_0024782,bkl,mel,6.259968358790502e-05,0.004262992180883884,0.05051122605800629,9.157999556919094e-06,0.5639587044715881,0.3811141550540924,8.115368109429255e-05
ISIC_0029320,bkl,bkl,0.0006225803517736495,1.9292187062092125e-05,0.49866437911987305,0.001433378318324685,0.002361523685976863,0.49687686562538147,2.204577685915865e-05
ISIC_0029924,bkl,bkl,0.01023741066455841,0.00036985709448345006,0.9784003496170044,0.00022516654280479997,0.007971646264195442,0.002751252381131053,4.432008063304238e-05
ISIC_0032498,bkl,bkl,0.000615944154560566,0.00187863374594599,0.9494960904121399,8.894070924725384e-05,0.038779281079769135,0.009123875759541988,1.7234280676348135e-05
ISIC_0024943,bkl,bkl,2.9878698114771396e-05,0.0002875422651413828,0.92950838804245,9.095718269236386e-05,0.06754275411367416,0.0025197581853717566,2.0760200641234405e-05
ISIC_0028449,bkl,bkl,2.328961454622913e-05,4.939790301250468e-07,0.9999535083770752,8.762838632492276e-08,4.6625331151517457e-07,2.224473064416088e-05,4.096026628985783e-09
ISIC_0026174,bkl,bkl,2.695739169666922e-07,4.909322797175264e-07,0.9998452663421631,5.056032748029793e-08,2.2375857042788994e-06,0.00015160825569182634,2.4262025277721477e-08
ISIC_0032170,bkl,nv,8.954964141594246e-05,5.844877159688622e-05,0.11440081894397736,0.002976628951728344,0.016941573470830917,0.8626364469528198,0.002896555233746767
ISIC_0025005,bkl,bkl,8.210568012145814e-06,5.120244850331801e-07,0.9990909099578857,2.7451398931788162e-09,0.0003638190100900829,0.0005365262040868402,4.3706602781412585e-09
ISIC_0025851,bkl,mel,2.1517896584555274e-06,5.133950253366493e-06,0.27226969599723816,2.2335630092129577e-06,0.5324190258979797,0.19529545307159424,6.329940333671402e-06
ISIC_0033722,bkl,bkl,1.5986775281362497e-07,2.7466310257295845e-06,0.9616734385490417,2.562213978762884e-07,2.5762183213373646e-06,0.038320399820804596,4.4861255332762084e-07
ISIC_0032719,bkl,bkl,0.029497087001800537,0.004922399763017893,0.838512659072876,0.005587674677371979,0.07134418934583664,0.049840688705444336,0.00029526706202887
ISIC_0030630,bkl,bkl,0.0004806829965673387,7.969167927512899e-05,0.9913696050643921,1.7632498838793254e-06,0.0008653771947138011,0.007168114650994539,3.475662742857821e-05
ISIC_0032179,bkl,bkl,1.4291264278654126e-06,1.0586453754513059e-05,0.8393945693969727,6.636367288592737e-06,0.003458847524598241,0.15712381899356842,4.1169928408635315e-06
ISIC_0034197,bkl,akiec,0.579367995262146,7.93674262240529e-05,0.2601938843727112,7.949923747219145e-05,0.1593121886253357,0.0009655211470089853,1.5280025991160073e-06
ISIC_0033022,bkl,bkl,4.972215265297564e-06,1.222686591972888e-06,0.9985972046852112,1.5203469274638337e-06,0.0011404521064832807,0.0002545320021454245,1.2521134351572982e-07
ISIC_0033693,bkl,bkl,1.1488842574181035e-05,3.177742473781109e-05,0.9846728444099426,3.607283005635509e-08,0.00042152422247454524,0.014862274751067162,6.873312941024778e-08
ISIC_0033246,bkl,bkl,4.061927029397339e-06,8.154938768711872e-06,0.9891263246536255,0.0010176122887060046,0.0026449093129485846,0.0071652778424322605,3.3713586162775755e-05
ISIC_0033528,bkl,bkl,0.0021334579214453697,0.00012275070184841752,0.9832005500793457,0.0008141140569932759,0.010509458370506763,0.0031804819591343403,3.916925561497919e-05
ISIC_0033865,bkl,bkl,0.0021418628748506308,0.00010440850746817887,0.9824075102806091,0.0006269626901485026,0.007881303317844868,0.0067933243699371815,4.4655414967564866e-05
ISIC_0034296,bkl,mel,5.606447666650638e-05,0.0002176774578401819,0.07521621882915497,9.326536201115232e-07,0.8262799382209778,0.09819170832633972,3.7528508983086795e-05
ISIC_0032763,bkl,bkl,0.0008278519380837679,0.0004974936600774527,0.8470667004585266,5.093090658192523e-05,0.04019612818956375,0.11115589737892151,0.00020495816715992987
ISIC_0034291,bkl,bkl,0.0006930798408575356,0.00493315514177084,0.770923912525177,1.9141065422445536e-05,0.14982114732265472,0.07317262887954712,0.0004369636590126902
ISIC_0033701,bkl,nv,1.4137774996925145e-05,9.88189822237473e-06,0.1862730085849762,7.573000857519219e-06,0.30618613958358765,0.5074872970581055,2.20024539885344e-05
ISIC_0033945,bkl,bkl,1.8854376321542077e-05,0.000122746336273849,0.9704222083091736,3.174003722961061e-05,0.018245520070195198,0.011149062775075436,9.931559361575637e-06
ISIC_0033750,bkl,bkl,5.736486059504387e-07,1.4795871265960159e-06,0.9979208111763,2.250234729217482e-06,0.00010024170478573069,0.00197233515791595,2.3394209165417124e-06
ISIC_0033490,bkl,bkl,2.117189296768629e-06,6.491040949185845e-08,0.9999932050704956,1.0687965357192297e-07,6.481852778961184e-07,3.893457233061781e-06,5.711334516433908e-09
ISIC_0032740,bkl,bkl,8.012696525838692e-06,0.003512642113491893,0.9442782402038574,6.181837306939997e-06,0.006235208362340927,0.04317838326096535,0.002781443763524294
ISIC_0032271,bkl,bkl,0.2139764428138733,0.0037896810099482536,0.7380772233009338,0.00046880042646080256,0.003810584545135498,0.039744481444358826,0.00013281132851261646
ISIC_0029202,bkl,bkl,7.818488484190311e-06,2.8683109121629968e-05,0.9995400905609131,2.547865551605355e-05,5.450421667774208e-05,0.00028842108440585434,5.49966462131124e-05
ISIC_0032124,bkl,bkl,1.6786030755611137e-05,2.2236648874240927e-05,0.9982155561447144,0.0001250352943316102,8.048954623518512e-05,0.0015340077225118876,5.985934876662213e-06
ISIC_0030959,bkl,bkl,3.7933914427412674e-06,0.0004678510595113039,0.9990888833999634,2.7576401407714002e-05,0.00020318414317443967,0.00017689226660877466,3.174529774696566e-05
ISIC_0029251,bkl,bkl,2.190726445405744e-05,3.4175008067904855e-07,0.999388575553894,4.1582708831811033e-07,0.000295626261504367,0.0002921673294622451,9.199030159834365e-07
ISIC_0026291,bkl,bkl,1.8733033357420936e-05,0.00011345186067046598,0.9984765648841858,0.0008314835140481591,3.22455853165593e-05,0.00042678823228925467,0.0001007741448120214
ISIC_0029345,bkl,nv,0.003733291057869792,0.0027326811105012894,0.36805328726768494,0.002235212828963995,0.024154098704457283,0.5973707437515259,0.0017206597840413451
ISIC_0028448,bkl,bkl,0.00023436443007085472,0.0010498396586626768,0.919551432132721,0.00017902087711263448,0.007978716865181923,0.07056916505098343,0.00043748473399318755
ISIC_0032460,bkl,bkl,0.005363007541745901,0.0041858237236738205,0.9761552810668945,0.0022030675318092108,0.001408394193276763,0.01014371681958437,0.0005407173302955925
ISIC_0026959,bkl,bkl,2.1599620595225133e-05,4.8291062739735935e-06,0.6577284336090088,9.096912253880873e-05,0.00015574376448057592,0.3419581651687622,4.027620525448583e-05
ISIC_0027167,bkl,bkl,0.00023669136862736195,8.208154031308368e-05,0.8812105655670166,5.416341082309373e-05,0.0007335227564908564,0.11765319854021072,2.9689628718188033e-05
ISIC_0028525,bkl,mel,0.0016291977372020483,0.022117210552096367,0.0022349338978528976,1.2493029316829052e-05,0.6359155774116516,0.3380557596683502,3.4892484109150246e-05
ISIC_0028331,bkl,bkl,0.00019642904226202518,4.196080226392951e-06,0.6130405068397522,0.00011142251605633646,0.0004196939116809517,0.38606905937194824,0.0001586730795679614
ISIC_0025330,bkl,bkl,0.00010832773114088923,3.6956309941160725e-06,0.9978134632110596,2.5244196876883507e-05,4.636330413632095e-05,0.0019950768910348415,7.908207408036105e-06
ISIC_0026967,bkl,bkl,1.3252820281195454e-05,0.0003546466468833387,0.9980946183204651,0.00033260873169638216,0.00023092541960068047,0.0009511385578662157,2.284537913510576e-05
ISIC_0031223,bkl,bkl,2.6452667952980846e-05,3.652790837804787e-05,0.9896965026855469,0.00017667844076640904,0.00011867943976540118,0.009814799763262272,0.00013039770419709384
ISIC_0025879,bkl,bkl,7.83794575909269e-08,1.6936986924065422e-07,0.9981285929679871,3.1012286854092963e-06,6.613105938413355e-07,0.0018641832284629345,3.195339104422601e-06
ISIC_0025387,bkl,bkl,0.0002258846943732351,0.08436044305562973,0.8767439126968384,0.00042461688281036913,0.02458382025361061,0.01269457582384348,0.0009667573031038046
ISIC_0028797,bkl,bkl,0.00012074000551365316,0.005261478014290333,0.8849313855171204,0.05608084052801132,0.009743021801114082,0.041188329458236694,0.0026741859037429094
ISIC_0025668,df,df,0.0009335929644294083,0.00044996326323598623,0.0022931257262825966,0.9856716394424438,0.00568505609408021,0.0048700375482439995,9.655032044975087e-05
ISIC_0032642,df,df,0.0091779213398695,8.36988056107657e-06,0.0011079595424234867,0.9521551728248596,0.018869673833251,0.018678737804293633,2.167620777981938e-06
ISIC_0029248,df,df,5.193941979086958e-05,0.0003554567229002714,0.00042348707211203873,0.9988183379173279,2.5115734388236888e-05,0.000291376665700227,3.430731158005074e-05
ISIC_0032247,df,df,0.0040279231034219265,0.016163665801286697,0.016121860593557358,0.8397484421730042,0.034158047288656235,0.06736905127763748,0.022411108016967773
ISIC_0029967,df,mel,0.0009252122836187482,0.000993686611764133,0.0013852179981768131,0.04292552173137665,0.938534140586853,0.01514941081404686,8.672541298437864e-05
ISIC_0028926,df,df,0.010949972085654736,0.4227655231952667,0.00016590442101005465,0.5614966750144958,0.0027801310643553734,0.001496572745963931,0.00034518868778832257
ISIC_0029891,df,bcc,0.017959583550691605,0.5933585166931152,0.006802580319344997,0.10882563889026642,0.2628467381000519,0.010044778697192669,0.00016218569362536073
ISIC_0034135,df,df,0.0003751009062398225,6.256265623960644e-05,7.284402818186209e-05,0.9985468983650208,0.00037819036515429616,0.0003744875721167773,0.0001898805348901078
ISIC_0033891,df,df,7.5343341450206935e-06,3.6258566979086027e-05,5.5927044741110876e-05,0.9995380640029907,8.82796011865139e-05,0.00023122054699342698,4.271150100976229e-05
ISIC_0033554,df,df,1.4560386262019165e-05,4.725710823549889e-05,0.00011553115473361686,0.9994175434112549,0.00010199224925599992,0.00028690684121102095,1.614770917512942e-05
ISIC_0033422,df,df,2.43371760006994e-05,1.2785625585820526e-05,1.2392466487654019e-05,0.9998502731323242,6.264055264182389e-05,2.9411021387204528e-05,8.088091817626264e-06
ISIC_0033808,df,df,4.602930857799947e-05,3.1765373478265246e-06,3.096191358054057e-05,0.9962045550346375,1.3018101526540704e-05,0.0036975855473428965,4.591520792018855e-06
ISIC_0033847,df,df,0.00019121826335322112,3.1833699267735938e-06,1.5088954569364432e-05,0.9989835619926453,1.2101604625058826e-05,0.0007914923480711877,3.3381511457264423e-06
ISIC_0030830,df,df,0.0035457599442452192,0.0006961703766137362,0.0010735350660979748,0.7727433443069458,0.12074766308069229,0.10079491883516312,0.0003985599905718118
ISIC_0026254,df,bkl,0.0007538552745245397,0.0650806650519371,0.607162594795227,0.020998310297727585,0.008954452350735664,0.19041407108306885,0.10663601756095886
ISIC_0031271,df,df,9.226097972714342e-06,3.8757254515076056e-05,4.507887297222624e-06,0.9997130036354065,4.9101116019301116e-05,4.080932922079228e-05,0.0001444825466023758
ISIC_0027141,df,df,0.0052684578113257885,0.020409608259797096,0.004949802998453379,0.9038218259811401,0.0015158613678067923,0.0029749926179647446,0.06105937063694
ISIC_0030623,mel,mel,1.0099631253979169e-05,1.1360649295966141e-05,0.003811297472566366,6.85555414747796e-06,0.8578320145606995,0.13707704842090607,0.0012512487592175603
ISIC_0026993,mel,mel,1.6376906160076032e-06,3.004011261964479e-07,2.086670065182261e-05,2.781370938009786e-07,0.9999563694000244,1.797942240955308e-05,2.4889607175282435e-06
ISIC_0028412,mel,mel,2.0059409507666714e-05,2.14952615351649e-06,1.1162197552039288e-05,1.5216947986118612e-06,0.9977836012840271,0.0021808405872434378,6.687515679004719e-07
ISIC_0026531,mel,mel,6.561055670317728e-06,1.1989920494670514e-05,0.00010964510147459805,5.136509571457282e-06,0.9962890148162842,0.0035754640121012926,2.2214346699911403e-06
ISIC_0032396,mel,bkl,0.002540027257055044,0.0026437179185450077,0.8353334665298462,5.2429939387366176e-05,0.15328708291053772,0.006124940235167742,1.843253630795516e-05
ISIC_0031499,mel,mel,0.0016433235723525286,6.07902529736748e-06,0.0030091849621385336,6.421697435143869e-06,0.9809553027153015,0.014376111328601837,3.5084456158074317e-06
ISIC_0030486,mel,mel,0.0006781226256862283,0.00014397343329619616,0.02471565082669258,1.2080427040928043e-06,0.9739325046539307,0.0005283649661578238,2.5842888362603844e-07
ISIC_0027125,mel,nv,0.00529785780236125,0.002088542329147458,0.12455163896083832,0.00020064071577508003,0.3820309042930603,0.4857785105705261,5.1890616305172443e-05
ISIC_0024367,mel,mel,7.487110997317359e-05,3.253603426855989e-05,2.2807867935625836e-05,0.0007295626564882696,0.9118668437004089,0.08726460486650467,8.698418241692707e-06
ISIC_0032079,mel,mel,8.966061432147399e-05,0.006303772795945406,0.00042561203008517623,2.371798018430127e-06,0.9684386849403381,0.024723578244447708,1.6332678569597192e-05
ISIC_0032400,mel,nv,1.0247581485600676e-06,3.236558313801652e-06,0.00044684106251224875,5.375525142881088e-05,0.3071063458919525,0.6914197206497192,0.0009691669256426394
ISIC_0030211,mel,mel,6.645051325904205e-05,9.330480679636821e-06,0.0010942278895527124,8.161875371115457e-07,0.9987598657608032,4.21523982367944e-05,2.7189435058971867e-05
ISIC_0027769,mel,bkl,0.035973913967609406,0.02496597170829773,0.7531821131706238,0.0028255588840693235,0.15860964357852936,0.02372804284095764,0.0007148261647671461
ISIC_0029913,mel,mel,1.1288193491054699e-06,2.6756686111184536e-07,0.00011433592590037733,0.00011972957872785628,0.9710878133773804,0.028662769123911858,1.3962732737127226e-05
ISIC_0031557,mel,mel,2.6578791789688694e-07,1.9275355953141116e-05,0.0018805639119818807,7.023198236311146e-07,0.9919356107711792,0.0061421566642820835,2.1429985281429254e-05
ISIC_0028901,mel,nv,8.081787200353574e-06,0.00022531802824232727,4.7927886043908074e-05,0.0022730091586709023,0.0001841675693867728,0.9971404075622559,0.00012101662287022918
ISIC_0032098,mel,vasc,0.0006842319271527231,0.04026605561375618,0.00493054511025548,0.040544431656599045,0.022190548479557037,0.3291240632534027,0.5622601509094238
ISIC_0025603,mel,mel,4.824090865440667e-05,2.7465877792565152e-05,0.0008748886175453663,2.0874613255728036e-06,0.6882083415985107,0.3108207881450653,1.8207361790700816e-05
ISIC_0032044,mel,mel,3.0394936402444728e-05,5.019518880544638e-07,0.0017187304329127073,7.609144176967675e-07,0.9626624584197998,0.0355863943696022,6.403417955880286e-07
ISIC_0024886,mel,bkl,0.00021605522488243878,0.002481046598404646,0.36513465642929077,3.8383062928915024e-05,0.36428606510162354,0.2667599022388458,0.0010838507441803813
ISIC_0027102,mel,mel,5.733940270147286e-06,0.0001759805018082261,0.00016015948494896293,2.3216591216623783e-05,0.9991071820259094,0.0001930371072376147,0.00033472839277237654
ISIC_0031369,mel,mel,0.005840086843818426,0.0373506024479866,0.08207172900438309,0.01866528019309044,0.8469176292419434,0.008854854851961136,0.00029985056607984006
ISIC_0029547,mel,bcc,0.0004025546077173203,0.9530749320983887,0.021324027329683304,0.00030127872014418244,0.018715910613536835,0.006176016293466091,5.229284397501033e-06
ISIC_0027060,mel,mel,3.2689815725461813e-06,1.7573017885297304e-06,0.0006180203636176884,4.472320142667741e-06,0.7196075916290283,0.2797451615333557,1.9734947272809222e-05
ISIC_0025996,mel,mel,1.6360987729058252e-06,8.533805839761044e-08,3.0470707770291483e-06,1.9394636296965473e-07,0.9997066855430603,0.0002881392138078809,1.2897723422611307e-07
ISIC_0031779,mel,bkl,2.120664248650428e-05,2.170516211208451e-08,0.9843350052833557,1.3123581332763479e-08,0.010235907509922981,0.005407905671745539,2.4639215112642887e-08
ISIC_0028442,mel,mel,0.08833098411560059,0.0002858286607079208,0.016927484422922134,4.01402976422105e-05,0.8868715167045593,0.007542524021118879,1.5594539490848547e-06
ISIC_0031977,mel,nv,8.477592849942539e-09,5.770885280753646e-08,0.007102326489984989,3.824112937422797e-08,0.0005292994319461286,0.9923684000968933,2.2507226304924188e-08
ISIC_0031517,mel,mel,4.0180466385209e-06,2.378127828706056e-05,2.3466993297915906e-05,1.1942637684114743e-05,0.999098539352417,0.0008362832013517618,1.882180868051364e-06
ISIC_0029473,mel,mel,0.00010827274672919884,0.00015010863717179745,0.007228705566376448,0.000527167459949851,0.9878129363059998,0.004149301443248987,2.3517808585893363e-05
ISIC_0029571,mel,mel,3.833447692613845e-08,1.2720660436116304e-07,9.474411854171194e-06,1.879184274855561e-08,0.9598832726478577,0.040106840431690216,3.0245598736655666e-07
ISIC_0032220,mel,nv,0.00010371994721936062,0.21075746417045593,0.008302981965243816,0.0008558125118725002,0.0037559971679002047,0.7642186880111694,0.01200528908520937
ISIC_0028127,mel,mel,7.918857249933353e-07,5.444040880320244e-07,1.6644402421661653e-05,8.293744002685344e-08,0.9997066855430603,0.00027513218810781837,8.5396685278738e-08
ISIC_0029241,mel,akiec,0.45753252506256104,0.000513666367623955,0.12364722043275833,4.331018772063544e-06,0.41089773178100586,0.007401964161545038,2.6566340238787234e-06
ISIC_0024875,mel,mel,1.1540961253331261e-07,0.00042885274160653353,0.0002475519140716642,7.8277867521237e-10,0.9992897510528564,3.3764659747248515e-05,1.065655208520866e-08
ISIC_0030552,mel,nv,1.3595157724921592e-05,2.4712164304219186e-05,7.137259672163054e-05,0.0005380434449762106,0.08066245168447495,0.9185493588447571,0.00014034603373147547
ISIC_0028029,mel,mel,1.1306710803182796e-06,1.6930147239690996e-07,0.011608494445681572,1.1571033020629784e-08,0.8392673134803772,0.14911971986293793,3.176221071043983e-06
ISIC_0025489,mel,nv,4.217029072606238e-06,1.1801397704402916e-05,0.006483766250312328,2.358969823035295e-06,0.25445273518562317,0.7390203475952148,2.4783910703263246e-05
ISIC_0025265,mel,mel,0.004264179617166519,0.00017719848256092519,0.0043858932331204414,6.011060031596571e-05,0.7021110653877258,0.28892797231674194,7.366316276602447e-05
ISIC_0028489,mel,nv,4.703218291979283e-05,3.25648179568816e-05,0.03192954137921333,2.5331195502076298e-05,0.27572202682495117,0.6914437413215637,0.0007997388602234423
ISIC_0027260,mel,mel,9.867856533674058e-06,2.4686328288225923e-06,4.6511227992596105e-05,1.608035091749116e-07,0.9633263349533081,0.036613356322050095,1.2361558674456319e-06
ISIC_0026996,mel,nv,1.3374507545904635e-07,9.943811818402537e-08,0.00045202532783150673,1.9055229358855286e-06,0.008477783761918545,0.9910673499107361,7.122931720004999e-07
ISIC_0029562,mel,nv,0.0024836640805006027,0.34867826104164124,0.05453101173043251,0.005938778631389141,0.12947459518909454,0.45594096183776855,0.0029527228325605392
ISIC_0033268,mel,mel,1.3267407439343515e-06,1.0457856660650577e-06,1.11913932414609e-05,1.261343385294822e-07,0.5222004652023315,0.4777848422527313,1.0071657925436739e-06
ISIC_0033834,mel,mel,2.0921839677612297e-05,9.470515749399055e-08,6.075160285945458e-07,1.7504831362202822e-08,0.9999440908432007,3.419621862121858e-05,8.911547944023823e-09
ISIC_0033678,mel,mel,2.3430820874636993e-06,7.958789183248882e-08,3.005276312251226e-06,1.5503392347682166e-08,0.9999725818634033,2.1954983822070062e-05,1.960545148449455e-08
ISIC_0033975,mel,mel,4.708851065515773e-06,0.003195318393409252,0.006441846024245024,0.030952349305152893,0.7102342844009399,0.24526678025722504,0.003904661163687706
ISIC_0034118,mel,mel,1.3574723425335833e-06,3.923730673704995e-08,3.3277810871368274e-05,9.986627702573969e-08,0.9753499031066895,0.024615203961730003,1.264249647192628e-07
ISIC_0033831,mel,mel,0.00045215635327622294,5.243099622020964e-06,0.004458446055650711,7.887652486715524e-07,0.9916316866874695,0.0034399768337607384,1.1759659173549153e-05
ISIC_0032583,mel,mel,0.006747758481651545,0.3266669511795044,0.00126054382417351,0.0006615325692109764,0.6412042379379272,0.02318914420902729,0.0002699035976547748
ISIC_0032564,mel,mel,0.00010094750905409455,0.0011175422696396708,0.001124292379245162,1.3292306903167628e-05,0.994690477848053,0.00025077586178667843,0.0027026436291635036
ISIC_0032993,mel,mel,3.373892809577228e-07,1.0065909918921534e-06,1.5961441022227518e-06,1.1933657617646531e-07,0.9996974468231201,0.0002987318439409137,8.014099535103014e-07
ISIC_0033154,mel,mel,4.078236486293463e-07,1.1442419456386688e-08,5.6931017752503976e-05,1.6987798945322652e-09,0.5873551964759827,0.41258731484413147,1.1163748325770939e-07
ISIC_0034222,mel,mel,0.0025585375260561705,0.006181713659316301,0.001399259315803647,0.0008257086738012731,0.6112425327301025,0.3777504563331604,4.184214776614681e-05
ISIC_0034064,mel,nv,2.8450496756704524e-05,0.1965673416852951,0.00025168858701363206,0.0009816470555961132,0.0002562034933362156,0.801805853843689,0.0001088291683117859
ISIC_0033902,mel,mel,0.00035378505708649755,0.0018841474084183574,0.000419482181314379,0.00026988249737769365,0.9667156338691711,0.0293347779661417,0.0010223358403891325
ISIC_0032840,mel,mel,3.6239882319932804e-05,0.009406179189682007,0.0006186470855027437,0.00011906454165000468,0.9820321798324585,0.007495602127164602,0.00029196744435466826
ISIC_0033570,mel,mel,2.077526005450636e-06,6.981987826293334e-05,5.842121026944369e-05,8.087497008091304e-06,0.9993076324462891,0.0005485611036419868,5.408694960351568e-06
ISIC_0033129,mel,mel,9.35497064347146e-06,3.410089993849397e-05,3.6761916817340534e-06,5.646260888170218e-06,0.9981729984283447,0.0016290235798805952,0.00014515921066049486
ISIC_0033325,mel,mel,3.1730858609080315e-05,0.019801614806056023,0.0003484532644506544,0.0008864513365551829,0.9610159993171692,0.017904803156852722,1.097908716474194e-05
ISIC_0033068,mel,bkl,0.0006264260155148804,3.803020081249997e-05,0.9766252040863037,2.8820895181524975e-07,0.011918972246348858,0.010790911503136158,2.8455227152335283e-07
ISIC_0032892,mel,mel,1.424809425998319e-07,7.129687507045901e-09,1.8705418369791005e-07,2.8986479883030825e-10,0.9999985694885254,1.0202030580330756e-06,1.7940057772669604e-10
ISIC_0026976,mel,mel,1.2405683264660183e-05,1.0594513923933846e-06,4.147768413531594e-05,4.431949946592795e-06,0.9427299499511719,0.05720877647399902,1.957189169843332e-06
ISIC_0032844,mel,mel,0.0005577949341386557,0.00024201901396736503,0.0021844503935426474,3.084238414885476e-05,0.982032060623169,0.014933540485799313,1.9368899302207865e-05
ISIC_0034059,mel,mel,4.105151310795918e-05,0.00010948845010716468,8.49961579660885e-05,2.854122158169048e-06,0.9967507123947144,0.003009582869708538,1.3854515827915748e-06
ISIC_0033272,mel,mel,0.014436418190598488,9.828200745687354e-06,0.04028930142521858,4.883523070020601e-05,0.939995288848877,0.005212639458477497,7.644806828466244e-06
ISIC_0032718,mel,bcc,8.379318387596868e-06,0.9718841314315796,0.0029819640330970287,1.638766775613476e-06,0.014459076337516308,0.010653306730091572,1.1503063433337957e-05
ISIC_0034269,mel,mel,0.0524616576731205,0.0012091132812201977,0.1181015595793724,0.0003885533951688558,0.6850577592849731,0.14240528643131256,0.0003761186671908945
ISIC_0032598,mel,mel,2.4924230501710554e-07,2.0960423796623218e-07,3.5842203942593187e-06,2.1620641632580373e-07,0.8137120604515076,0.18628327548503876,3.5628809769150394e-07
ISIC_0033004,mel,mel,1.0390503121016081e-05,5.2187053370289505e-05,0.00029111572075635195,0.0001468501432100311,0.8507940173149109,0.14867371320724487,3.185217792633921e-05
ISIC_0032072,mel,mel,0.013258208520710468,0.2222100794315338,0.13045746088027954,0.0016412566183134913,0.4331682324409485,0.1992371827363968,2.756300636974629e-05
ISIC_0033687,mel,mel,2.4047893020906486e-05,3.401517005841015e-06,6.293297337833792e-05,0.0001289100619032979,0.8577572107315063,0.1420186460018158,4.872917998000048e-06
ISIC_0032812,mel,nv,7.980991085787537e-07,4.065037501277402e-05,5.381785285862861e-06,1.4667142522739596e-06,0.29574090242385864,0.7042092680931091,1.5339664969360456e-06
ISIC_0033038,mel,mel,3.5467191992211156e-06,1.6992653399938717e-05,1.3939628615844413e-06,1.8357096109866688e-07,0.9832217693328857,0.016756026074290276,9.869798134332086e-08
ISIC_0033630,mel,mel,0.0004785337077919394,0.000382980884751305,0.030898943543434143,1.0580468369880691e-05,0.9638024568557739,0.004418950993567705,7.549587735411478e-06
ISIC_0033209,mel,mel,0.017336005344986916,2.8692233172478154e-05,0.25621530413627625,1.291545004278305e-06,0.5651876330375671,0.16122865676879883,2.4476987618982093e-06
ISIC_0034074,mel,mel,6.444858445320278e-05,2.1963890048937174e-06,0.0005176255945116282,8.808051461528521e-07,0.9983592629432678,0.0010545644909143448,8.689468131706235e-07
ISIC_0032622,mel,mel,8.136610995279625e-05,7.063596422085539e-05,0.0004039865452796221,0.00014557945542037487,0.9962655901908875,0.0026825519744306803,0.00035033997846767306
ISIC_0033883,mel,mel,2.217938572357525e-06,8.167475584741624e-07,0.0012799283722415566,2.864198904717341e-06,0.5458164215087891,0.45289596915245056,1.8184337022830732e-06
ISIC_0033470,mel,mel,5.174493708182126e-06,1.1941707498408505e-06,2.3936203433549963e-05,2.07966294851758e-07,0.9977091550827026,0.002258984139189124,1.2241008562341449e-06
ISIC_0024482,mel,mel,0.0014708364615216851,1.1882292483278434e-07,0.00018728687427937984,1.8272037038968847e-07,0.9960476756095886,0.002293790690600872,6.557183240829545e-08
ISIC_0033863,mel,mel,1.6734903738324647e-06,6.133644546935102e-06,0.00018431460193824023,2.150741465811734e-06,0.9266948699951172,0.07310928404331207,1.6590820450801402e-06
ISIC_0034242,mel,mel,1.1377086366337608e-06,6.845871780569723e-07,5.598105781245977e-05,8.815895853331313e-07,0.9075754284858704,0.0923583135008812,7.57379166316241e-06
ISIC_0032913,mel,mel,2.9648576855834108e-06,1.9222385105877038e-07,2.7192736524739303e-05,4.155390627147426e-07,0.9965375661849976,0.0034315157681703568,1.1321301940370176e-07
ISIC_0033981,mel,mel,2.1139837826922303e-06,6.278289106376178e-07,0.0005285428487695754,3.8803463553449546e-08,0.9965366125106812,0.002931899856775999,1.3529255227240355e-07
ISIC_0034188,mel,mel,2.90439379568852e-06,0.002372192218899727,0.0006305896095000207,0.000650356465484947,0.9194813966751099,0.07295085489749908,0.0039118146523833275
ISIC_0032684,mel,mel,8.046632160585432e-07,6.487819632639003e-07,0.00016164459520950913,6.698921595216234e-08,0.9971675276756287,0.0026671451050788164,2.1090875179652357e-06
ISIC_0032836,mel,nv,2.1303430912666954e-05,1.5414974541272386e-06,0.02243686653673649,8.041291039262433e-06,0.16611549258232117,0.8114117383956909,5.0532280511106364e-06
ISIC_0033546,mel,nv,8.437694432039677e-10,1.8017548342186274e-08,7.792638001546948e-08,7.860645467872018e-09,0.0761217400431633,0.9238781929016113,8.928166650434832e-09
ISIC_0027306,mel,mel,3.0347266033459164e-07,6.819027930760058e-06,0.00032018384081311524,5.442499241326004e-05,0.9927823543548584,0.006178318057209253,0.0006574769504368305
ISIC_0032552,mel,mel,0.002026956295594573,0.00040429149521514773,0.0788475051522255,0.0002634797419887036,0.5957127809524536,0.32205531001091003,0.000689700071234256
ISIC_0033300,mel,nv,2.297353063340779e-07,3.2824424067712243e-08,9.162769856629893e-06,6.748330747541331e-07,0.0064637684263288975,0.9935253858566284,7.924881515464222e-07
ISIC_0033611,mel,nv,3.810174398211075e-09,3.030995188169072e-08,2.57531041825132e-06,4.929565644573586e-09,0.0023952792398631573,0.9976021647453308,4.906735995291456e-08
ISIC_0033586,mel,nv,2.293420402565971e-05,1.2934102642248035e-06,0.14008980989456177,3.5966198197456833e-07,0.032696884125471115,0.8271868228912354,1.8972974658026942e-06
ISIC_0033029,mel,mel,0.0018418194958940148,0.01179012656211853,0.004201863892376423,0.03313754126429558,0.6344701051712036,0.3144930303096771,6.543306517414749e-05
ISIC_0033670,mel,mel,3.4542151752248174e-06,4.14813075622078e-06,0.0016842844197526574,5.052344249634189e-07,0.9954518675804138,0.002853456186130643,2.2732524485036265e-06
ISIC_0032509,mel,nv,1.9134145986754447e-05,5.5877360864542425e-05,0.037236057221889496,9.461421655032609e-07,0.014172057621181011,0.9485085010528564,7.519941391365137e-06
ISIC_0032592,mel,mel,0.0014007164863869548,0.029764162376523018,0.002002855995669961,0.0022801547311246395,0.5107170939445496,0.008180863223969936,0.4456542134284973
ISIC_0032687,mel,mel,0.00025260791881009936,1.7261416360270232e-05,0.0008923060377128422,0.0008534055668860674,0.8748716711997986,0.12309662997722626,1.615943619981408e-05
ISIC_0033055,mel,nv,0.0019490504637360573,5.872141264262609e-05,0.053506527096033096,0.0032862965017557144,0.36768442392349243,0.5734358429908752,7.916998583823442e-05
ISIC_0033487,mel,mel,0.004427170380949974,0.07738389819860458,0.05941632390022278,0.0008571696234866977,0.627616286277771,0.20454014837741852,0.02575898915529251
ISIC_0033957,mel,mel,7.97996181063354e-05,2.3067727283887507e-07,3.0506137704833236e-07,8.05099034550949e-07,0.998514711856842,0.0014040288515388966,1.2870630428096774e-07
ISIC_0032626,mel,mel,0.00024653671425767243,0.00022707240714225918,0.000267938943579793,3.44706277246587e-05,0.9987857937812805,0.00012154356954852119,0.0003167094837408513
ISIC_0033051,mel,mel,7.203861059679184e-06,0.00017089697939809412,0.019094374030828476,2.800898437271826e-05,0.8217834830284119,0.0178141500800848,0.1411018669605255
ISIC_0027149,mel,nv,2.859885626094183e-06,3.3350343642268854e-07,4.206593439448625e-05,8.052919611145626e-07,0.22064918279647827,0.779302716255188,1.9971123492723564e-06
ISIC_0032918,mel,mel,0.0009435154497623444,0.00020801063510589302,0.0006207320839166641,0.00025579254725016654,0.9575058221817017,0.04021494835615158,0.0002511912607587874
ISIC_0033752,mel,akiec,0.6071333885192871,0.05455605313181877,0.07165493071079254,0.012382501736283302,0.005479790735989809,0.24868515133857727,0.00010815231507876888
ISIC_0033730,mel,mel,3.498194303119817e-07,1.318797302474195e-07,3.378304609213956e-05,1.4787825364237506e-07,0.9952371120452881,0.004726715385913849,1.703917519080278e-06
ISIC_0032975,mel,mel,8.087034075288102e-06,1.3701223906537052e-06,0.00596357136964798,1.7570888530826778e-06,0.9655041694641113,0.02850992977619171,1.1089628060290124e-05
ISIC_0033114,mel,mel,7.608511805301532e-05,0.0005518959951587021,0.12847287952899933,1.4074519640416838e-05,0.8416364192962646,0.027889806777238846,0.0013589218724519014
ISIC_0030150,mel,akiec,0.8846827745437622,0.0019450783729553223,0.05961241200566292,3.2337069569621235e-05,0.05142365023493767,0.0022682633716613054,3.5420751373749226e-05
ISIC_0031233,mel,nv,0.00047809071838855743,6.513787866424536e-06,0.006138019263744354,0.00012749068264383823,0.006519480608403683,0.986682653427124,4.783385884365998e-05
ISIC_0027204,mel,mel,0.0016734566306695342,0.00027669433620758355,0.027836112305521965,0.0001047281693900004,0.9477441906929016,0.02220265381038189,0.00016215158393606544
ISIC_0028173,mel,nv,1.0241850759484805e-05,0.00072924216510728,0.0010335685219615698,0.00026316195726394653,0.002274302765727043,0.9955892562866211,0.00010036856838269159
ISIC_0026770,mel,mel,1.6509067791048437e-05,2.425623097224161e-05,0.0006195880123414099,3.9258347896975465e-06,0.997582197189331,0.0016613396583124995,9.218210470862687e-05
ISIC_0025512,mel,mel,3.385579475434497e-06,2.0169798517599702e-05,0.0008133811061270535,1.045982799041667e-06,0.9897436499595642,0.009373091161251068,4.515091859502718e-05
ISIC_0025963,mel,mel,4.7660505515523255e-05,5.928335303906351e-05,0.0008554607047699392,5.4140787142387126e-06,0.9715708494186401,0.02475428394973278,0.0027069919742643833
ISIC_0032134,mel,mel,1.8052141967928037e-06,1.1632353107415838e-06,1.1636575436568819e-05,4.785952114616521e-07,0.9995989203453064,0.00037569578853435814,1.0320915862394031e-05
ISIC_0027561,mel,bkl,0.0009205229580402374,5.3177473091636784e-06,0.9382338523864746,9.306912573947557e-08,0.052709370851516724,0.008130406029522419,4.7665545821473643e-07
ISIC_0025316,mel,nv,8.978447294794023e-05,6.733610007358948e-06,0.00023994575894903392,7.05108550391742e-06,0.03699474781751633,0.9626563787460327,5.406688160292106e-06
ISIC_0029316,mel,nv,0.0001362730108667165,0.009304821491241455,0.0009842576691880822,0.0033059963025152683,0.4679955542087555,0.4930100739002228,0.025263024494051933
ISIC_0030356,mel,mel,0.0026342596393078566,0.021507354453206062,0.2846328616142273,0.004517806693911552,0.48043420910835266,0.11901599168777466,0.08725758641958237
ISIC_0025145,mel,nv,0.00011325311788823456,2.5358982384204865e-05,0.01196861732751131,2.958980439871084e-05,0.33159273862838745,0.6562044024467468,6.604774534935132e-05
ISIC_0031999,mel,nv,0.0020736909937113523,0.03876312077045441,0.004467743448913097,0.00017343870422337204,0.27425748109817505,0.6788039803504944,0.0014605739852413535
ISIC_0028481,mel,mel,0.000651425973046571,7.598579259138205e-07,0.0011333631118759513,1.975274699361762e-07,0.9959696531295776,0.00224450440146029,3.8927602474814194e-08
ISIC_0029172,mel,mel,0.00601690961048007,1.8856004544431926e-06,0.0005630195373669267,8.739785357647634e-07,0.9900351166725159,0.0033821372780948877,1.051353422099055e-07
ISIC_0031386,mel,mel,2.758443406492006e-05,1.9639172023744322e-05,0.00017800995556171983,1.2932498066220433e-05,0.990007758140564,0.009710332378745079,4.379645542940125e-05
ISIC_0027302,mel,nv,2.800017284698697e-08,4.5529723990966886e-08,5.154270638740854e-06,1.2790819425845257e-07,0.019207993522286415,0.9807863831520081,3.0518577887050924e-07
ISIC_0028548,mel,nv,0.0018837086390703917,0.0017451157327741385,0.020389767363667488,3.762482083402574e-05,0.40866878628730774,0.5672392249107361,3.576065500965342e-05
ISIC_0032036,mel,mel,0.007118628825992346,0.0057256463915109634,0.05217941105365753,0.00166809291113168,0.7414817810058594,0.19085320830345154,0.0009732331382110715
ISIC_0029843,mel,nv,1.0823811180671328e-06,6.344049552353681e-07,0.00028130310238339007,2.2430292290209763e-07,0.007215472403913736,0.9925000071525574,1.2720988706860226e-06
ISIC_0029454,mel,mel,0.00013733170635532588,7.5764347684526e-07,0.0003107413649559021,2.5197633135576325e-07,0.9991181492805481,0.0004325397021602839,1.9870620349138335e-07
ISIC_0028051,mel,mel,0.0029028397984802723,0.003681658301502466,0.08403080701828003,0.000500067020766437,0.4555833637714386,0.4526717960834503,0.0006294179474934936
ISIC_0027328,mel,akiec,0.658220112323761,0.05558119714260101,0.09443053603172302,0.006373302545398474,0.16822578012943268,0.004445062018930912,0.01272400189191103
ISIC_0024546,mel,mel,0.015371420420706272,0.0003043950709979981,0.0052475156262516975,7.610035390825942e-05,0.9467998743057251,0.03215659782290459,4.419864490046166e-05
ISIC_0030382,mel,mel,0.00046806412865407765,0.00011022441321983933,0.004144466016441584,0.00012694789620582014,0.9066917896270752,0.08844278752803802,1.57250451593427e-05
ISIC_0028017,mel,nv,2.3304017304326408e-05,7.953709427965805e-06,0.004737823270261288,2.1002597350161523e-06,0.04680486395955086,0.9484171867370605,6.73684826324461e-06
ISIC_0028288,mel,mel,0.0014498463133350015,0.10283572226762772,0.00048773159505799413,9.44088606047444e-05,0.7526543736457825,0.14223863184452057,0.00023930895258672535
ISIC_0027030,mel,mel,3.3723630622262135e-05,0.00010263046715408564,0.0006275248597376049,1.854012043622788e-05,0.9690105319023132,0.030197182670235634,9.868374945654068e-06
ISIC_0030689,mel,mel,0.007891932502388954,0.000898687110748142,0.17844508588314056,0.0001317408459726721,0.757638156414032,0.054914090782403946,8.02487411419861e-05
ISIC_0024516,mel,mel,0.00513609079644084,5.3573394325212575e-06,0.00016547806444577873,3.8355065044015646e-05,0.6899337768554688,0.30470263957977295,1.8271803128300235e-05
ISIC_0029744,mel,mel,8.831099762574013e-08,2.9418238227663096e-06,1.1811487183877034e-06,1.8515598867452354e-06,0.9998549222946167,9.220489300787449e-05,4.672824070439674e-05
ISIC_0024351,mel,mel,0.0003625650133471936,0.0014399569481611252,0.0002199189766542986,2.9174527298891917e-05,0.9014429450035095,0.09623240679502487,0.0002729902626015246
ISIC_0026916,mel,mel,2.300664345966652e-05,4.013977559225168e-06,0.001179476617835462,6.132199814601336e-06,0.9936326146125793,0.005148174241185188,6.684576419502264e-06
ISIC_0029319,mel,mel,1.1311775779176969e-05,0.0001055714237736538,0.00023209319624584168,6.831689006503439e-06,0.6894407868385315,0.31013813614845276,6.52894377708435e-05
ISIC_0028898,mel,mel,1.5603902284055948e-05,5.14313512667286e-07,0.0002487282326910645,1.2377811344777001e-06,0.8557645678520203,0.14396509528160095,4.218390586174792e-06
ISIC_0025413,mel,mel,4.806224751519039e-06,6.97548401262793e-08,1.109969218759943e-07,1.4105264733998979e-09,0.9984639883041382,0.0015310224844142795,3.790102010015062e-09
ISIC_0027663,mel,nv,0.005494157783687115,4.776048081112094e-05,0.00030716220499016345,0.1789778172969818,0.0028298418037593365,0.812338650226593,4.618866569217062e-06
ISIC_0030423,mel,mel,2.0710081116703805e-06,8.400799742958043e-06,0.0008646257338114083,1.0755258017525193e-06,0.9961638450622559,0.0029584949370473623,1.5844237850615173e-06
ISIC_0026897,mel,nv,0.014847143553197384,0.0001526533014839515,0.001717778854072094,0.00019433922716416419,0.12587982416152954,0.8570967316627502,0.00011159729911014438
ISIC_0030695,mel,mel,0.00018580406322143972,0.001150345429778099,0.02998356893658638,3.6365785490488634e-05,0.9567412734031677,0.011808201670646667,9.450448851566762e-05
ISIC_0024679,mel,mel,9.854725794866681e-05,3.4521957559263683e-07,0.00012100649473723024,2.3288546913136088e-07,0.9982537627220154,0.0015260118525475264,1.8468071516508644e-07
ISIC_0025832,mel,mel,0.00029046411509625614,0.0006962650804780424,0.0008935515070334077,1.7804608432925306e-05,0.9490780830383301,0.04897386208176613,5.00504465890117e-05
ISIC_0027179,mel,mel,0.005709488410502672,0.004187044221907854,0.00401788717135787,0.0017387459520250559,0.9820660948753357,0.0021987261716276407,8.203011384466663e-05
ISIC_0026930,mel,mel,0.011080008931457996,0.0012350426986813545,0.0032957314979285,5.5354834330501035e-05,0.9161421656608582,0.06814468652009964,4.698168413597159e-05
ISIC_0026738,mel,mel,0.08701790124177933,1.7977832612814382e-05,0.045003749430179596,1.7248336007469334e-05,0.8647591471672058,0.0031829129438847303,1.0543831194809172e-06
ISIC_0032207,mel,nv,3.5492015740601346e-05,0.0018794178031384945,0.1547989845275879,4.454926056496333e-06,0.009954828768968582,0.833296537399292,3.0264876841101795e-05
ISIC_0024733,mel,nv,0.07404912263154984,0.023297106847167015,0.05934479460120201,0.0004194584907963872,0.3570188283920288,0.4854925274848938,0.00037821553996764123
ISIC_0031821,mel,nv,0.00018400534463580698,0.000395852024666965,0.010035751387476921,1.123648962675361e-05,0.19630266726016998,0.7926949858665466,0.0003755252400878817
ISIC_0025128,mel,mel,0.0008223760523833334,0.0005837442586198449,0.010375483892858028,1.0172600923397113e-05,0.6658258438110352,0.3222486078739166,0.00013377261348068714
ISIC_0028156,mel,nv,0.0010853036073967814,5.138948836247437e-05,0.06307003647089005,6.450426735682413e-05,0.1851632446050644,0.7505146265029907,5.094096195534803e-05
ISIC_0030901,mel,nv,3.219256313968799e-06,6.938056321814656e-05,0.025929298251867294,1.1332635040162131e-05,0.09837178140878677,0.8754648566246033,0.0001500112994108349
ISIC_0030995,mel,mel,8.65391302795615e-06,2.981452666972473e-07,0.31484103202819824,6.244049188808276e-08,0.6781418323516846,0.0070075080730021,6.518597501781187e-07
ISIC_0031368,mel,mel,0.0003599890333134681,8.195488044293597e-05,0.32146719098091125,4.40623125541606e-06,0.6376971006393433,0.040382131934165955,7.246490895340685e-06
ISIC_0025724,mel,nv,4.477267268043761e-08,1.2578879022839828e-06,0.00018031633226200938,1.312500472749889e-07,0.040709447115659714,0.9590851068496704,2.377103010076098e-05
ISIC_0027067,mel,mel,0.0028716919478029013,9.328144369646907e-05,0.01686016097664833,3.341189994898741e-06,0.8210890889167786,0.15908105671405792,1.523515038570622e-06
ISIC_0025941,mel,akiec,0.6193514466285706,0.0018200763734057546,0.0964328795671463,0.0037785202730447054,0.24824784696102142,0.0300937257707119,0.00027554031112231314
ISIC_0031901,vasc,vasc,0.0009693140746094286,0.20824064314365387,0.020809609442949295,0.030330726876854897,0.050896868109703064,0.16966448724269867,0.5190883874893188
ISIC_0026092,vasc,vasc,3.71529893072875e-07,7.738277781754732e-05,4.323013399698539e-06,1.7401818695361726e-05,1.4965453374315985e-05,6.582677451660857e-05,0.9998196959495544
ISIC_0030956,vasc,vasc,5.319689577731879e-09,1.3594050187748508e-06,5.240772793513315e-07,1.4541565178660676e-06,3.109484168817289e-06,3.716487844940275e-05,0.999956488609314
ISIC_0027983,vasc,bcc,0.00016803998732939363,0.9288267493247986,0.0022743595764040947,0.0003185373789165169,8.308795258926693e-06,0.00481204641982913,0.0635918453335762
ISIC_0027672,vasc,vasc,1.77237176046674e-08,0.0004030665731988847,6.954893478905433e-07,1.4802020814386196e-05,6.717109499732032e-06,0.00032604660373181105,0.9992485642433167
ISIC_0033031,vasc,vasc,1.1796827493526507e-05,0.00019099583732895553,2.4728922653594054e-05,7.35694047762081e-05,0.00047055332106538117,7.355424895649776e-05,0.9991546869277954
ISIC_0032919,vasc,vasc,8.076239121912465e-10,3.737318365892861e-07,7.248094391343329e-08,3.607647158787586e-07,3.8663384316350857e-07,1.0997919162036851e-05,0.9999878406524658
ISIC_0033230,vasc,vasc,1.4406316040549427e-05,0.12731438875198364,0.00031602205126546323,0.00027453096117824316,0.0501927025616169,0.015120850875973701,0.8067671060562134
ISIC_0032270,vasc,nv,1.9298626341424097e-07,0.0001321619638474658,0.0001362172479275614,0.00041137030348181725,0.007825309410691261,0.892602264881134,0.09889253228902817
ISIC_0026876,vasc,vasc,3.5158663536094537e-08,3.3580674880795414e-06,9.426024689673795e-07,6.7793439484375995e-06,7.882993486418854e-06,1.7210390069521964e-05,0.9999638795852661
ISIC_0025924,vasc,vasc,4.982443613243959e-08,8.893574886315037e-06,4.154444468440488e-06,1.2328404181971564e-06,6.864542228868231e-06,6.851380021544173e-05,0.9999102354049683
ISIC_0027256,vasc,vasc,1.0381828730032794e-07,7.87827138992725e-06,5.080204573459923e-06,1.1662255019473378e-05,1.3428628335532267e-05,7.058606570353732e-05,0.9998911619186401
ISIC_0032890,vasc,vasc,1.1683636813586418e-07,2.2597823772230186e-05,8.78642367752036e-06,9.158540706266649e-06,3.1998624763218686e-05,9.654219320509583e-05,0.9998308420181274
ISIC_0031706,vasc,vasc,1.3435933965411095e-07,4.901294687442714e-06,7.213545814011013e-06,6.240262337087188e-06,2.5048924726434052e-05,3.4470729588065296e-05,0.9999219179153442
ISIC_0025677,vasc,vasc,2.3772314307279885e-05,0.0002880855172406882,0.0002909071044996381,0.0016549822175875306,0.00013205943105276674,0.000175097695318982,0.9974350333213806
ISIC_0028680,vasc,vasc,2.066928317390193e-07,1.423441972292494e-05,6.937434591236524e-06,2.785822744044708e-06,3.480118903098628e-05,6.436710100388154e-05,0.9998766183853149
ISIC_0029742,vasc,vasc,5.435669663711451e-06,0.0001660540292505175,0.0001697898405836895,0.0002958573750220239,0.00012384180445224047,0.0001254409144166857,0.9991136193275452
ISIC_0026490,vasc,vasc,1.4585222629648342e-07,1.870000960479956e-05,5.538344339584e-06,5.47430227015866e-06,9.02860119822435e-06,0.0003813992370851338,0.9995797276496887
ISIC_0029099,vasc,vasc,8.15552721178392e-06,0.0008775605820119381,7.341270247707143e-05,4.009841359220445e-05,4.204430297249928e-05,0.001841008779592812,0.9971177577972412
ISIC_0027937,vasc,vasc,6.146444064825118e-08,3.725053829839453e-06,1.3162568393454421e-05,6.117538760008756e-06,5.505535227712244e-06,1.730995427351445e-05,0.999954104423523
ISIC_0026068,vasc,vasc,2.6233845318301974e-08,2.7511669031810015e-06,6.552673426085676e-07,7.380504598586413e-07,7.216640938167984e-07,1.4726419976796024e-05,0.9999804496765137
ISIC_0031513,bcc,bcc,9.958897635442554e-07,0.9974725842475891,0.00071693304926157,1.6197942613871419e-06,1.5540750609943643e-05,0.0017868890427052975,5.4172473937796894e-06
ISIC_0027146,bcc,bcc,0.0322665199637413,0.5530477166175842,0.0013537082122638822,0.28853967785835266,0.07416282594203949,0.028809942305088043,0.0218195877969265
ISIC_0028807,bcc,bcc,0.005442872177809477,0.9641200304031372,0.001316513866186142,0.0029524164274334908,0.0031184772960841656,0.022897357121109962,0.00015237327897921205
ISIC_0031585,bcc,bcc,0.007191820070147514,0.983698844909668,0.0067441705614328384,0.0002618253056425601,0.0018306429265066981,0.0002008052688324824,7.192131306510419e-05
ISIC_0028693,bcc,bcc,9.904404578264803e-06,0.9995580315589905,9.090889761864673e-06,4.82533905596938e-05,4.948550213157432e-06,7.490270218113437e-05,0.0002948572509922087
ISIC_0027057,bcc,bcc,0.0006735385395586491,0.9976322650909424,1.822675039875321e-05,0.00125610432587564,0.0003457317652646452,7.043916411930695e-05,3.737862698471872e-06
ISIC_0025691,bcc,nv,0.0007034235750325024,0.18416061997413635,0.0017622372834011912,0.08904153108596802,0.013604800216853619,0.6764236092567444,0.03430374339222908
ISIC_0031400,bcc,bcc,0.00010396978905191645,0.8907471895217896,1.8673707018024288e-05,0.10866278409957886,0.00024732499150559306,0.00017943137208931148,4.063861342729069e-05
ISIC_0029747,bcc,bcc,5.494901415659115e-06,0.9561420679092407,0.00018904529861174524,0.01595233380794525,0.000301703141303733,0.026996050029993057,0.0004133789916522801
ISIC_0027433,bcc,bkl,0.006407754961401224,0.18074814975261688,0.4957166314125061,0.00014431218733079731,0.3106805980205536,0.0024769550655037165,0.003825683379545808
ISIC_0026643,bcc,bcc,0.008874372579157352,0.9772308468818665,0.006190984044224024,0.0004583988047670573,0.0005071339546702802,0.00030696208705194294,0.006431287620216608
ISIC_0032139,bcc,bcc,4.667557277571177e-06,0.9941692352294922,0.0006896049599163234,2.142061566701159e-05,0.0021123101469129324,0.0029627056792378426,3.9977021515369415e-05
ISIC_0031789,bcc,nv,0.00022278160031419247,0.006013176403939724,0.00961165502667427,0.001158442348241806,0.016127029433846474,0.9667539596557617,0.00011296505545033142
ISIC_0031169,bcc,bcc,1.6123355806030304e-07,0.9998917579650879,1.7034855773090385e-05,6.905369787091331e-07,3.036944633549865e-07,8.958826219895855e-05,4.0990252614392375e-07
ISIC_0026453,bcc,bcc,5.588105705101043e-05,0.9202604293823242,0.0002770887513179332,1.9564045942388475e-05,0.00868528988212347,0.07051599025726318,0.00018574492423795164
ISIC_0027297,bcc,bcc,0.00040648001595400274,0.8844271302223206,0.009024111554026604,1.512360631750198e-05,0.0005412473692558706,0.10556461662054062,2.12854993151268e-05
ISIC_0030114,bcc,bcc,5.263519051368348e-05,0.970871090888977,0.025823211297392845,3.193583097527153e-06,0.00014244866906665266,0.0030892316717654467,1.8105431081494316e-05
ISIC_0033271,bcc,bcc,1.1642664787814283e-07,0.9999761581420898,2.305264388269279e-06,2.060187853203388e-06,2.558398364271852e-06,3.956162800022867e-06,1.2851676729042083e-05
ISIC_0034255,bcc,bcc,0.00011120708950329572,0.9939549565315247,0.005580459721386433,1.0234716683044098e-05,4.1009865526575595e-05,0.0002872578625101596,1.4959234249545261e-05
ISIC_0032652,bcc,bcc,8.397041710850317e-07,0.7494449019432068,0.002321967389434576,9.002982324091136e-07,3.5103636037092656e-05,0.24818488955497742,1.1414069376769476e-05
ISIC_0034276,bcc,bcc,0.00029323785565793514,0.948777437210083,0.0002868539886549115,0.008869791403412819,0.008421464823186398,0.015482509508728981,0.017868824303150177
ISIC_0033468,bcc,mel,0.0037635397166013718,0.04637888818979263,0.0008956701494753361,1.8655762687558308e-05,0.9487027525901794,0.0001300919393543154,0.00011043591803172603
ISIC_0032816,bcc,bcc,4.77756429972942e-06,0.9612941145896912,0.0005294688162393868,2.4101596864056773e-05,0.00010198695963481441,0.03757859393954277,0.00046697998186573386
ISIC_0033372,bcc,bcc,0.004144676495343447,0.9424262046813965,0.0054812063463032246,0.00040018727304413915,0.010964482091367245,0.035717740654945374,0.0008655886631458998
ISIC_0033301,bcc,bcc,5.788962425867794e-06,0.994002640247345,0.0005057395901530981,3.7286219594534487e-05,0.00048609424266032875,0.004949791822582483,1.2654811143875122e-05
ISIC_0033146,bcc,bcc,0.06841657310724258,0.9283894896507263,0.003066873177886009,1.7077640222851187e-05,1.605590477993246e-05,9.216250327881426e-05,1.7514256569484132e-06
ISIC_0032727,bcc,bcc,0.10676808655261993,0.6215978860855103,0.27034828066825867,7.270018613780849e-06,6.325919821392745e-05,0.001206912100315094,8.283158422273118e-06
ISIC_0025617,bcc,bcc,0.0004321800952311605,0.5083715915679932,0.03071765787899494,5.65018635825254e-05,0.016041046008467674,0.44408681988716125,0.00029425809043459594
ISIC_0029564,bcc,bcc,2.574250629550079e-06,0.6921416521072388,0.0024015179369598627,7.345610129050328e-07,6.85822669765912e-05,0.30537351965904236,1.1407040801714174e-05
ISIC_0032146,bcc,akiec,0.5260301828384399,0.321988046169281,0.013839682564139366,9.918132855091244e-05,0.1323465257883072,0.005666848737746477,2.953002513095271e-05
ISIC_0025576,bcc,bcc,1.84156269824598e-05,0.9998897314071655,6.21358776697889e-06,4.431318757269764e-06,3.946372453356162e-05,4.1448205593042076e-05,2.8736434387610643e-07
ISIC_0029392,bcc,bcc,0.028101904317736626,0.9652323126792908,0.0056043691001832485,0.0001586486177984625,0.00024211104027926922,0.000650223926641047,1.0393566299171653e-05
ISIC_0027601,bcc,bcc,9.412477908199435e-08,0.9999862909317017,8.251439567175112e-07,2.093081263865315e-08,6.024479404231897e-08,1.2208807675051503e-05,5.567039806919638e-07
ISIC_0031245,bcc,bcc,1.575461465108674e-05,0.9998855590820312,6.716512143611908e-05,2.8727890821755864e-06,8.899565727915615e-06,1.5264189642039128e-05,4.457396244106349e-06
ISIC_0027631,bcc,bcc,0.00015007737965788692,0.9845619797706604,0.013441936112940311,0.00025067117530852556,0.000694788119290024,0.000497105298563838,0.00040349463233724236
ISIC_0028035,bcc,bcc,4.3630598156596534e-07,0.9998114705085754,9.167546522803605e-06,7.164437221263142e-08,8.46580803681718e-07,0.00017758802277967334,4.402789670621132e-07
ISIC_0025299,bcc,bcc,5.104839601699496e-06,0.9999649524688721,1.8340908354730345e-05,3.0089140068412235e-07,4.759188811931381e-07,1.065392825694289e-05,1.9582999755130004e-07
ISIC_0024595,bcc,bcc,8.879849701770581e-06,0.9955138564109802,0.0018937195418402553,2.889323411636724e-07,4.330527735874057e-05,0.0025391047820448875,7.766374210405047e-07
ISIC_0025046,bcc,bcc,1.4663771253253799e-05,0.9434407353401184,0.005912939552217722,1.0637864761520177e-05,8.521821291651577e-05,0.05028149113059044,0.00025425449712201953
ISIC_0029805,bcc,bcc,1.975032091650064e-06,0.9999483823776245,3.985054263466736e-06,6.767022853182425e-08,7.165920692386862e-07,4.4717598939314485e-05,8.411294061261287e-08
ISIC_0025433,bcc,bcc,6.885561015224084e-05,0.999064028263092,0.00011901176912942901,0.00010394913260824978,0.00011104876466561109,0.0005214232951402664,1.1691401596181095e-05
ISIC_0026855,bcc,nv,1.1167031743752887e-06,0.09779810905456543,0.06518831104040146,8.31634497444611e-06,3.431970253586769e-05,0.8357279896736145,0.0012418925762176514
ISIC_0028107,bcc,bcc,0.048807647079229355,0.9459450840950012,8.207515202229843e-05,0.00012489665823522955,0.0034076159354299307,0.0016208967426791787,1.1771144272643141e-05
ISIC_0032022,bcc,bcc,1.9051922208745964e-05,0.9999750852584839,2.486533048795536e-06,2.4791047437133784e-08,2.2926738552087045e-07,3.1286804187402595e-06,1.5017242560588784e-08
ISIC_0031122,bcc,bcc,3.135996280434483e-07,0.9999631643295288,6.154952188808238e-06,4.222643212870025e-08,4.5286299155122833e-07,2.6436211555846967e-05,3.492457835818641e-06
ISIC_0032225,bcc,bcc,0.002928599016740918,0.8872972726821899,0.10347910970449448,2.783341415124596e-06,0.0020961144473403692,0.004188240971416235,7.869384717196226e-06
ISIC_0031007,bcc,bcc,0.06268235296010971,0.9371442794799805,0.00015662451914977282,8.097098884718434e-07,4.408982022141572e-06,1.075099589797901e-05,8.278734640043695e-07
ISIC_0032290,bcc,vasc,8.197538591048215e-06,0.43564796447753906,0.0007021356141194701,1.335878641839372e-05,8.452470501651987e-05,0.0063147470355033875,0.5572291016578674
ISIC_0031728,bcc,bcc,1.5628417031621211e-06,0.9991576671600342,1.0035441846412141e-05,7.046194514259696e-05,1.073313342203619e-06,0.0007453738944604993,1.3733720152231399e-05
ISIC_0028973,bcc,bcc,5.0753758841892704e-05,0.9845876693725586,0.012361804023385048,0.0008304792572744191,1.2145905202487484e-05,0.0021178291644901037,3.926253702957183e-05
ISIC_0031009,bcc,bcc,6.9185443862807e-05,0.9982696771621704,0.0005708910175599158,3.1307154131354764e-05,0.00016406607755925506,0.0008766260580159724,1.8341796021559276e-05
ISIC_0030452,bcc,bcc,0.004640123341232538,0.9714416861534119,0.023695215582847595,3.397563341422938e-05,3.833199116343167e-06,0.000183145995833911,1.933850171553786e-06
ISIC_0031057,bcc,bcc,5.143217640579678e-05,0.997010350227356,0.00273145386017859,7.174364145612344e-05,1.5218793123494834e-06,0.00013291536015458405,5.738609729633026e-07
ISIC_0031294,bcc,bcc,2.928258072643075e-05,0.984363853931427,0.012980838306248188,4.235775179495249e-07,0.000887498608790338,0.0017179031856358051,2.008985757129267e-05
ISIC_0025530,bcc,bcc,0.06933935731649399,0.9206933379173279,0.0020331386476755142,0.0070640756748616695,0.0002862694673240185,9.192840661853552e-05,0.0004919323255307972
ISIC_0029337,bcc,bcc,0.009019392542541027,0.9891766905784607,0.0006492962711490691,0.0008808241109363735,3.7649442674592137e-06,0.0002513656800147146,1.8583594282972626e-05
ISIC_0028652,bcc,bcc,1.5361538316938095e-05,0.9995672106742859,0.00016672587662469596,7.147187943701283e-07,7.048366114759119e-06,0.0002392302267253399,3.614897877923795e-06
ISIC_0030782,bcc,bcc,5.449409218272194e-05,0.5527840256690979,0.0011713854037225246,1.5731926396256313e-05,0.0005024834536015987,0.445416659116745,5.519574187928811e-05
ISIC_0030915,bcc,akiec,0.9668174386024475,0.002235119231045246,0.029075413942337036,8.809606515569612e-05,5.9279522247379646e-05,0.0017238571308553219,9.099356930164504e-07
ISIC_0032092,bcc,bcc,0.012881306931376457,0.9835211038589478,0.003131937002763152,1.437438368157018e-05,4.380716745799873e-06,0.0004411557165440172,5.612734184978763e-06
ISIC_0029602,bcc,bcc,9.841056858306274e-09,0.9998835325241089,1.0800851669046097e-05,1.0314543175127255e-07,1.2545892325022123e-08,0.00010532821761444211,1.5193370472843526e-07
ISIC_0029053,bcc,df,0.07131079584360123,0.020220080390572548,0.10113420337438583,0.7949973940849304,0.009161867201328278,0.002704966114833951,0.0004707100160885602
ISIC_0029220,bcc,bcc,0.0004139435477554798,0.9984145164489746,0.00023997793323360384,4.077106132172048e-05,0.00014182970335241407,0.00042448192834854126,0.00032441929215565324
ISIC_0026829,bcc,nv,0.00015578088641632348,0.020780039951205254,0.04258447512984276,2.0450236206670525e-06,0.000314333476126194,0.9361426830291748,2.0727353330585174e-05
ISIC_0028568,bcc,bcc,8.606782648712397e-05,0.9994780421257019,4.093657844350673e-05,2.6025018087239005e-05,3.261792926423368e-06,0.00035869426210410893,6.98670510246302e-06
ISIC_0027595,bcc,bcc,0.00047910207649692893,0.9959819316864014,0.00015745809650979936,1.335505658062175e-05,0.00015836981765460223,0.0032076372299343348,2.1993573682266288e-06
ISIC_0026154,bcc,bcc,8.462755118898713e-08,0.9998488426208496,3.816829519109888e-07,5.961788840380677e-09,3.1158162983047077e-06,0.00014749633555766195,1.3150993538602052e-07
ISIC_0029917,bcc,bcc,0.002402729354798794,0.9347128868103027,0.0006916961283423007,8.459386299364269e-05,0.03691386431455612,0.0251227505505085,7.143313996493816e-05
ISIC_0026090,bcc,bcc,0.00015355533105321229,0.9789087772369385,0.018543075770139694,8.669160160934553e-05,1.839185097196605e-05,0.0020829204004257917,0.00020658440189436078
ISIC_0025285,bcc,bcc,0.0012166943633928895,0.5659216046333313,0.4154737889766693,1.5715371773694642e-05,5.0249018386239186e-05,0.017296478152275085,2.553465856180992e-05
ISIC_0027920,bcc,bcc,2.6763220375869423e-05,0.9993340373039246,0.0002912753261625767,2.298462504768395e-06,1.0758165444713086e-05,0.00029051213641650975,4.428820466273464e-05
ISIC_0025031,bcc,bcc,6.954836351269478e-08,0.9999864101409912,8.446666583949991e-07,6.81183848882938e-07,6.01690075541228e-08,1.0780536285892595e-05,1.1589659152377862e-06
ISIC_0024931,bcc,nv,0.00015386147424578667,0.0027299756184220314,0.05417710542678833,6.891546217957512e-05,0.0001623517891857773,0.9425145983695984,0.00019323508604429662
ISIC_0026957,bcc,nv,0.00012788383173756301,0.24413619935512543,0.09558671712875366,0.0002489944454282522,0.005484914872795343,0.6541092991828918,0.0003061078314203769
ISIC_0025564,bcc,akiec,0.6714871525764465,0.046726953238248825,0.17916059494018555,6.261873204493895e-05,0.09489640593528748,0.00764660956338048,1.9667289961944334e-05
ISIC_0032318,bcc,bcc,0.06390755623579025,0.7324870228767395,0.00695811165496707,0.0010569345904514194,0.19305282831192017,0.0025068188551813364,3.070689126616344e-05
ISIC_0032061,bcc,bcc,1.2351921213848982e-05,0.9995402097702026,4.127981446799822e-05,2.0969075649190927e-06,0.00013285419845487922,0.0002678731980267912,3.3132794214907335e-06
ISIC_0028239,nv,nv,7.43197459129874e-09,2.37044250894769e-08,1.4192359287790168e-07,1.5218782891679439e-06,4.1173248064296786e-06,0.9999940395355225,8.647546678730578e-08
ISIC_0031325,nv,nv,4.190105391899124e-05,1.917456529554329e-06,0.01635807380080223,3.7206152683211258e-06,0.007227601483464241,0.9763616323471069,5.211655206949217e-06
ISIC_0025311,nv,nv,3.372098378306987e-09,8.307672061391713e-08,2.1850344467111427e-07,1.8775796917225307e-08,5.935451190453023e-05,0.9999388456344604,1.4966201433708193e-06
ISIC_0031536,nv,nv,6.642652442678809e-05,4.5236847654450685e-06,0.00018869181803893298,0.00030486861942335963,0.00015011477808002383,0.9992823004722595,3.0723776944796555e-06
ISIC_0032060,nv,nv,1.739951116519478e-08,6.097400273574749e-08,1.7793820006772876e-05,3.9555359876430884e-07,1.608928869245574e-05,0.9999651908874512,4.788591354554228e-07
ISIC_0026824,nv,nv,3.0433692899123344e-08,1.6712452634237707e-05,1.2846747665662406e-07,5.068361019766598e-07,0.00012433406664058566,0.9998577833175659,5.144809165358311e-07
ISIC_0030993,nv,nv,3.6149663262818876e-09,7.746287877807845e-08,8.017771506274585e-06,1.432604967988027e-08,0.001794846961274743,0.9981967806816101,2.1580990505754016e-07
ISIC_0029526,nv,nv,1.045792874521112e-08,4.120621621694909e-09,3.0201717891031876e-06,3.0679373139719246e-06,7.033231668174267e-07,0.9999929666519165,1.796172313106581e-07
ISIC_0032210,nv,nv,1.358106510451762e-05,9.67845153354574e-06,0.005213716998696327,0.0010509928688406944,0.00029454901232384145,0.993308424949646,0.00010901932546403259
ISIC_0031207,nv,nv,4.144617449242105e-08,9.367309758090414e-06,2.221340622554635e-07,1.0227954589936417e-06,1.5139727338464581e-06,0.9999872446060181,4.4014726086061273e-07
ISIC_0027000,nv,nv,4.8526217142352834e-06,1.9245349903940223e-05,0.0004231656203046441,0.0026279762387275696,8.026692376006395e-05,0.9966667294502258,0.00017767705139704049
ISIC_0032317,nv,nv,2.0854680482518262e-10,1.2210302102744208e-08,1.2791267067768786e-07,1.4101597667348642e-09,2.339968858677821e-07,0.9999996423721313,1.4264402103947305e-08
ISIC_0027784,nv,nv,4.237825805830653e-07,5.509546667781251e-07,0.00014166870096232742,1.1949609870498534e-05,0.0015761847607791424,0.9982584118843079,1.0840988579730038e-05
ISIC_0028359,nv,nv,1.3143352589395363e-05,9.64236241998151e-05,0.03222387656569481,0.0002597002894617617,0.00026379525661468506,0.9671170711517334,2.602612403279636e-05
ISIC_0026948,nv,nv,1.4346509006821218e-12,5.594683136905809e-12,3.7318736989533363e-10,2.452590908141872e-10,5.0977568832877296e-09,1.0,4.3147693751244276e-11
ISIC_0031604,nv,nv,4.1085226598625013e-07,5.328516181180021e-06,0.00033392265322618186,3.0452358146249026e-07,0.011740785092115402,0.9878909587860107,2.8260661565582268e-05
ISIC_0029273,nv,nv,8.995518108179112e-09,2.783279740015132e-07,2.068525463982951e-05,2.421401177343796e-06,0.000853811448905617,0.9991225600242615,2.794780584736145e-07
ISIC_0027854,nv,nv,8.503820367877779e-07,3.218704307528242e-07,0.010202260687947273,1.7796286556404084e-05,0.0006916271522641182,0.9890840649604797,2.9877603537897812e-06
ISIC_0027752,nv,nv,1.0807121952893795e-07,1.3769794122708845e-06,0.0008428934379480779,1.813627790170358e-07,0.00585102429613471,0.9932825565338135,2.169386607420165e-05
ISIC_0030669,nv,nv,1.0963409735609275e-08,6.205193585628876e-07,8.767604413151275e-06,1.1679696854116628e-06,4.4058648200007156e-05,0.9999431371688843,2.215571612396161e-06
ISIC_0025325,nv,nv,6.738376896464615e-07,0.00013142669922672212,0.0023209245409816504,5.505806620931253e-05,5.805095497635193e-05,0.9952249526977539,0.0022088915575295687
ISIC_0026036,nv,nv,1.7723921288959055e-12,2.2512098522137203e-12,1.9243824311843127e-09,4.18508804000961e-12,4.480335658030299e-09,1.0,5.50558452994121e-11
ISIC_0028932,nv,nv,5.915069323236821e-07,5.656635835293855e-07,2.810886871884577e-05,1.4109616586210905e-06,3.6909914342686534e-05,0.9999313354492188,9.980857385016861e-07
ISIC_0025676,nv,nv,4.3880756805947385e-08,1.851716291412231e-08,0.0014646868221461773,2.0147145107785036e-07,6.810389550082618e-07,0.9985339641571045,4.1074545720221067e-07
ISIC_0025142,nv,nv,1.8013495719060302e-05,1.766307650541421e-05,0.0045366608537733555,4.282427471480332e-05,0.0445566400885582,0.9502622485160828,0.0005659188609570265
ISIC_0030016,nv,nv,5.59135401090316e-07,5.665019216394285e-06,1.6733416487113573e-05,0.0021450368221849203,5.4722953791497275e-05,0.997717022895813,6.0243030020501465e-05
ISIC_0027160,nv,nv,1.143614554166561e-06,1.5827188448724883e-08,2.2659871319774538e-05,1.1903755876119249e-05,6.388965516634926e-07,0.9999635219573975,1.1577017033914672e-07
ISIC_0028395,nv,nv,3.84635904993047e-06,3.0902219805284403e-07,0.0003800096164923161,4.7908310989441816e-06,8.300873560074251e-06,0.9996016621589661,1.0560039527263143e-06
ISIC_0027316,nv,nv,1.45280566243855e-07,3.7861670989514096e-06,8.378397615160793e-05,4.890570380666759e-06,3.0950832297094166e-05,0.9997609257698059,0.00011550451745279133
ISIC_0028034,nv,nv,1.437438470475172e-07,2.4443153279207763e-08,9.689238140708767e-06,5.915867404837627e-06,4.1211319512513e-06,0.9999779462814331,2.1384678348113084e-06
ISIC_0030128,nv,nv,3.2241004532806983e-07,5.355835128284525e-06,3.3031005841621663e-06,2.24297764361836e-06,1.97922363440739e-05,0.9999688863754272,1.1031976043796021e-07
ISIC_0026435,nv,nv,3.887737420882331e-06,9.555317319609458e-07,4.311229713493958e-05,1.6290858866341296e-06,0.008379804901778698,0.9915598034858704,1.0778742762340698e-05
ISIC_0027416,nv,nv,0.00011664555495372042,0.00014436877972912043,0.01191274356096983,5.278224853100255e-05,0.0006918521830812097,0.9867702722549438,0.0003112993435934186
ISIC_0024746,nv,nv,1.5225971310428577e-06,5.3195002692518756e-05,0.04312999173998833,0.00036769540747627616,0.00044806752703152597,0.955485999584198,0.0005135596147738397
ISIC_0024580,nv,nv,2.7262419877160937e-08,8.585561062091074e-08,8.870704277796904e-07,3.074881149700559e-08,2.7066122129326686e-05,0.9999717473983765,1.696111127102995e-07
ISIC_0031701,nv,nv,2.2984484360222268e-07,3.5037191992159933e-07,0.009921139106154442,3.770472289943427e-08,7.085403467499418e-06,0.9900709986686707,1.7039488398040703e-07
ISIC_0024369,nv,nv,2.7023788788937964e-05,4.396897929836996e-05,0.0009447303600609303,0.006557037588208914,0.03838464245200157,0.9536226987838745,0.00041987537406384945
ISIC_0031157,nv,bkl,0.0024158519227057695,0.035145316272974014,0.404376745223999,0.09109459072351456,0.019151724874973297,0.33864593505859375,0.1091698557138443
ISIC_0027834,nv,nv,2.4938731257861946e-07,1.173774307972053e-05,6.633827433688566e-05,2.8972424843232147e-05,0.00041522399988025427,0.9990546107292175,0.0004228952166158706
ISIC_0032254,nv,nv,6.79537663472729e-07,9.827196123524118e-08,0.006930583622306585,0.00010200407268712297,3.18651509587653e-05,0.9929331541061401,1.5628285154889454e-06
ISIC_0030292,nv,nv,1.588839060318037e-10,3.975316742454993e-10,6.0759241193864e-08,1.5200432912365613e-08,6.734806135000326e-08,0.9999997615814209,6.351418591066249e-08
ISIC_0031330,nv,nv,3.386839253494145e-08,2.2215535011582688e-07,3.62506034434773e-05,1.3142187526682392e-05,1.0196590665145777e-06,0.9999476671218872,1.6490231473653694e-06
ISIC_0028812,nv,nv,4.816497423121291e-09,3.06339243252296e-05,9.399052203207248e-09,4.478769355387158e-09,2.5034051986949635e-07,0.9999690055847168,3.9188797984479606e-08
ISIC_0031174,nv,nv,2.5019257776648374e-08,1.96816651865106e-09,1.5109170590221765e-06,2.168898483034809e-08,1.5076143711212353e-07,0.9999982118606567,1.4926429514616757e-07
ISIC_0028025,nv,nv,4.2491592466831207e-07,8.26454538582766e-07,4.319686922826804e-06,5.454792699310929e-06,3.607759208534844e-05,0.9999511241912842,1.752565140122897e-06
ISIC_0027572,nv,nv,6.40340431345976e-07,1.360492433377658e-06,3.976657581006293e-07,5.025029850003193e-07,0.001313969143666327,0.9986826777458191,4.727128839476791e-07
ISIC_0029918,nv,bkl,4.9517580919200554e-05,1.0126273082278203e-05,0.9158893823623657,4.022339271614328e-05,0.0077730817720294,0.07622010260820389,1.758612779667601e-05
ISIC_0025635,nv,nv,5.42508149514731e-10,4.107334028446985e-09,9.098277686803158e-09,4.428722633065263e-08,1.721935745990777e-06,0.9999979734420776,2.387564279615617e-07
ISIC_0031237,nv,nv,3.161719774880112e-09,2.5080206356165036e-08,1.3894888297727448e-06,5.245664169706288e-07,3.793968289755867e-06,0.9999938011169434,5.376251124289411e-07
ISIC_0026613,nv,nv,2.516206620839512e-07,1.8356542568653822e-05,1.5102200450201053e-05,3.2891181035665795e-05,1.0536883564782329e-05,0.9999215602874756,1.3403913499132614e-06
ISIC_0029701,nv,nv,2.877243998611334e-10,1.7427968401761973e-08,6.604433888668382e-09,5.390130581872654e-07,6.97044981734507e-08,0.9999990463256836,3.350119754941261e-07
ISIC_0030902,nv,vasc,3.3412777611374622e-06,1.8646962416823953e-05,0.0006870636716485023,0.0004602624976541847,0.0005516206729225814,0.4137522876262665,0.5845268368721008
ISIC_0031837,nv,nv,7.744537469989154e-06,6.106920864112908e-06,9.645584941608831e-05,3.901420768670505e-06,0.04682159423828125,0.9530429840087891,2.1246329197310843e-05
ISIC_0024512,nv,nv,2.6575364699965576e-06,0.0004697302065324038,0.004232453182339668,0.00026369208353571594,5.9810718084918335e-06,0.9334679841995239,0.06155751645565033
ISIC_0024637,nv,nv,1.166862588775075e-07,5.192184744373662e-07,9.814879376790486e-06,5.902804787183413e-07,8.198383875424042e-05,0.9999051094055176,1.920886006701039e-06
ISIC_0031947,nv,nv,8.045280083024409e-06,8.913448255043477e-07,0.0005312602734193206,4.988161163055338e-05,0.0009738444350659847,0.9984238147735596,1.2359299944364466e-05
ISIC_0029386,nv,nv,2.9886808583512448e-09,1.0276962614241825e-09,4.827460884371249e-07,3.2655775612511206e-06,5.625500989481225e-07,0.9999957084655762,6.724083512210655e-09
ISIC_0029410,nv,nv,9.091281185646949e-07,7.621955546710524e-07,0.0031223429832607508,3.851172323265928e-07,2.8541368010337465e-05,0.9968464970588684,6.701163783873199e-07
ISIC_0028044,nv,nv,1.787285770771252e-11,1.9386829641643288e-10,2.127483433866928e-08,2.544369603896257e-09,6.9149943549007276e-09,1.0,1.8980136573532036e-08
ISIC_0024348,nv,nv,2.362185114179738e-06,4.091139089723583e-06,0.2604847848415375,1.4983099390519783e-05,0.00012121476902393624,0.7393589019775391,1.3744048374064732e-05
ISIC_0025444,nv,nv,6.251076410990208e-05,9.58623604674358e-06,2.9377721148193814e-05,0.004669904708862305,0.00013717271212954074,0.9950779676437378,1.3401777323451824e-05
ISIC_0027375,nv,nv,7.005877655785753e-09,1.1439207803221052e-08,1.6126925402204506e-05,8.19095475890208e-08,1.3736519122176105e-06,0.9999823570251465,2.1134278327394895e-08
ISIC_0031534,nv,nv,0.0002109069173457101,0.0011230184463784099,0.043754976242780685,0.00043395781540311873,4.000010812887922e-05,0.9544200897216797,1.7145326637546532e-05
ISIC_0028108,nv,nv,1.1940686661660038e-08,6.462897061965123e-08,2.338254262213013e-06,1.336518380412599e-06,2.4340783056686632e-05,0.9999699592590332,1.8591748585095047e-06
ISIC_0027661,nv,nv,2.8302744681241165e-07,5.977659611744457e-08,1.8008448023465462e-05,1.7788139302865602e-05,0.0003894795081578195,0.9995734095573425,8.840201530802005e-07
ISIC_0028572,nv,nv,1.0666684602256282e-06,1.2236342854521354e-06,0.00018648893455974758,0.00044189818436279893,1.9641398466774262e-05,0.9992930889129639,5.658403460984118e-05
ISIC_0026168,nv,nv,6.031181783328066e-06,2.0768255126313306e-05,0.00012455927208065987,4.343235559645109e-06,0.0011734949657693505,0.9986490607261658,2.1932470190222375e-05
ISIC_0028613,nv,nv,0.00035118398955091834,2.860194945242256e-05,0.021235918626189232,0.0012365089496597648,0.01637856848537922,0.9607541561126709,1.507750312157441e-05
ISIC_0025054,nv,nv,5.3683946177329744e-09,5.376938588597113e-06,5.458082796394592e-06,3.0017897643119795e-06,5.948573289060732e-06,0.9999799728393555,2.542036554586957e-07
ISIC_0031102,nv,nv,1.3149989399607875e-06,0.00016346086340490729,0.047877367585897446,2.44076090893941e-06,0.0007340448210015893,0.9512064456939697,1.4839222785667516e-05
ISIC_0031461,nv,nv,6.830975962657249e-08,1.7336333257844672e-06,5.198480357648805e-05,2.684894582216657e-07,1.2878441566499532e-06,0.999943733215332,8.392237305088202e-07
ISIC_0031909,nv,nv,1.4778261947512306e-10,2.8456982548163978e-08,1.457663927340036e-07,1.754665923670018e-08,1.7287198943449766e-06,0.9999980926513672,5.2091988500535535e-09
ISIC_0029142,nv,nv,8.266772965725977e-06,6.981425485719228e-06,0.00022481288760900497,1.8723529819908435e-06,0.0027344131376594305,0.9969906806945801,3.289262531325221e-05
ISIC_0028319,nv,nv,1.2986507726964192e-06,1.007929222396342e-05,0.0006422243895940483,6.402781309589045e-06,4.290692959330045e-05,0.9992918968200684,5.137145308253821e-06
ISIC_0025544,nv,nv,1.561774843139574e-05,3.766500230995007e-05,0.141299307346344,0.0001866300735855475,2.142974153684918e-05,0.858159065246582,0.00028033702983520925
ISIC_0029699,nv,nv,5.505218723556027e-06,6.013284291839227e-05,5.206769492360763e-05,0.0003377191605977714,0.0005190807278268039,0.9989978671073914,2.7626005248748697e-05
ISIC_0032066,nv,nv,8.27954522719665e-07,8.65041670294886e-07,0.0007776097045280039,1.2369385331112426e-05,0.00023660036094952375,0.9989697933197021,1.9640390291897347e-06
ISIC_0024649,nv,nv,5.452610025713511e-07,1.1622175861703e-06,7.728671675977239e-07,1.0755929480410487e-07,8.911304030334577e-05,0.9999080896377563,1.5914693562990578e-07
ISIC_0031661,nv,nv,1.1114918407884034e-07,2.470986828484456e-06,2.7400847102398984e-05,8.170907676685601e-05,1.0256397899865988e-06,0.9998793601989746,7.825455213605892e-06
ISIC_0026689,nv,nv,2.2305459424387664e-05,0.0013341624289751053,0.0006058891885913908,5.631144449580461e-05,0.0011987605830654502,0.967628002166748,0.029154576361179352
ISIC_0027646,nv,nv,1.5220596338849646e-08,2.325618275733632e-08,3.513793672027532e-06,5.968489404040156e-06,1.9062515832501958e-07,0.9999902248382568,7.667164680924543e-08
ISIC_0026862,nv,nv,2.2399259250960313e-05,7.408715191559168e-06,0.0010090613504871726,0.10392908751964569,0.000598976097535342,0.8942691683769226,0.00016396316641476005
ISIC_0025057,nv,nv,6.917063810618629e-09,9.905993181291706e-08,1.2027910997858271e-05,1.732362733264381e-07,2.7045049137086608e-05,0.9999597072601318,1.020881654767436e-06
ISIC_0030736,nv,nv,2.1727091237266904e-08,1.0242896308909621e-07,1.3595579730463214e-05,3.062595510527899e-07,0.0001840095064835623,0.9997987151145935,3.2078426102088997e-06
ISIC_0028833,nv,nv,1.1860104009997485e-09,8.192627687364507e-10,2.9188924600020982e-05,6.5012595307223364e-09,2.3455133941752138e-06,0.9999682903289795,1.7880168456940737e-07
ISIC_0030875,nv,nv,4.258394331602133e-11,3.511390345156684e-10,1.3905153537052684e-05,1.6930340462906202e-09,3.482964672230082e-08,0.9999860525131226,2.0860850824533372e-09
ISIC_0031647,nv,nv,2.903619567007354e-10,7.001001112172389e-09,3.1812672318665136e-07,6.49594866786174e-08,1.0010951001504509e-07,0.9999994039535522,2.2085202555643946e-09
ISIC_0027938,nv,nv,2.5126481451032134e-10,9.188049432395928e-09,2.847211533207883e-08,6.910481520350231e-09,2.916626544902101e-05,0.9999707937240601,3.384354130275824e-08
ISIC_0029381,nv,nv,1.6919859717745567e-06,1.8911141523858532e-06,0.00010839848255272955,4.79109212392359e-06,0.006430414039641619,0.9934453964233398,7.526699391746661e-06
ISIC_0024838,nv,nv,0.00018644629744812846,0.010320063680410385,0.23148778080940247,0.0063798329792916775,0.0002607387723401189,0.737472414970398,0.013892719522118568
ISIC_0024804,nv,nv,4.7295384320023e-06,1.0803079248944414e-06,0.05125754326581955,2.9880773581680842e-05,0.0006951557588763535,0.9480093717575073,2.202584255428519e-06
ISIC_0031364,nv,nv,3.2369594009651337e-06,4.260762125340989e-06,0.25253838300704956,3.068897285629646e-06,0.0033180639147758484,0.7441281080245972,4.839406756218523e-06
ISIC_0027440,nv,nv,3.4235404200444464e-07,8.551272003387567e-06,0.0004080272337887436,1.2657795878112665e-06,0.0032927340362221003,0.9962725639343262,1.6489815607201308e-05
ISIC_0030743,nv,bkl,1.2375286928545393e-07,1.8787298472489056e-07,0.998991072177887,4.2162213276242255e-08,8.184649118447851e-07,0.0010077646002173424,2.182404479356137e-08
ISIC_0024465,nv,nv,4.7632418898047035e-08,1.1398336496881711e-08,6.69058135827072e-06,8.097171303234063e-06,1.5265495676430874e-06,0.9999831914901733,4.4336329096950067e-07
ISIC_0029984,nv,nv,9.418989975529257e-06,6.991609780016006e-07,0.00021976559946779162,3.457124194028438e-06,0.002104422776028514,0.9976564645767212,5.693380444427021e-06
ISIC_0025849,nv,nv,3.5403968645653094e-09,8.116587650874862e-07,5.697508458979428e-05,0.0009426525793969631,1.6326445120284916e-06,0.9989851117134094,1.2736122698697727e-05
ISIC_0030911,nv,nv,1.1785287767906993e-07,3.887978891725652e-05,0.0004747952043544501,5.125964162289165e-05,0.00013769774523098022,0.9992945194244385,2.7810428946395405e-06
ISIC_0032166,nv,nv,6.827138804510469e-06,0.0006164672086015344,0.0001031919164233841,1.6691387827449944e-06,0.00025075339362956583,0.9990112781524658,9.857817531155888e-06
ISIC_0028375,nv,nv,1.3739017390435038e-07,1.8000320096689393e-06,1.0119942999153864e-05,0.0004268144548404962,0.001098428387194872,0.9975414276123047,0.0009213176090270281
ISIC_0031734,nv,nv,1.3780860896872582e-09,1.2869902477063988e-08,4.0474515117239207e-07,2.795992593007668e-08,8.473077286907937e-06,0.9999910593032837,1.1207556127601492e-07
ISIC_0027910,nv,nv,1.2364464510028483e-06,3.280231908320275e-08,7.3175583565898705e-06,3.947364803025266e-06,0.004540515597909689,0.9954466223716736,4.098384351891582e-07
ISIC_0030524,nv,nv,8.841650924296118e-06,0.0021750659216195345,0.004476955160498619,4.98504823553958e-06,2.1719411051890347e-06,0.9933075904846191,2.4375360226258636e-05
ISIC_0029085,nv,nv,3.658624236901886e-10,1.9257844208198094e-09,1.992744500967092e-06,3.861714503727853e-09,9.53771817080451e-08,0.9999978542327881,1.6842234273894974e-08
ISIC_0030193,nv,bkl,5.9530389080464374e-06,0.011256378144025803,0.7412101626396179,0.009050245396792889,0.000310103059746325,0.23802343010902405,0.00014376750914379954
ISIC_0026740,nv,nv,4.9106674282484164e-08,1.0236667549179401e-06,8.896027452465205e-07,2.403641474302276e-06,8.164723112713546e-05,0.9999089241027832,5.044164481660118e-06
ISIC_0027307,nv,nv,6.2008971291049875e-09,6.576541533576119e-09,6.48243428713613e-07,7.668671808680472e-10,1.3059364789569372e-07,0.9999991655349731,1.965624996103088e-09
ISIC_0026731,nv,nv,5.316179354369899e-12,2.0050819338202075e-10,9.878484519276753e-08,1.3267578702347294e-10,4.005843479149007e-08,0.9999998807907104,2.1292358987068383e-09
ISIC_0024555,nv,nv,9.665738076591879e-08,6.362848807839327e-07,3.5038015084865037e-06,3.422242684791854e-07,3.7228488736218424e-07,0.9999796152114868,1.5400783013319597e-05
ISIC_0030660,nv,nv,1.9128016948144477e-09,6.038630999682937e-06,2.861275731902424e-07,8.737760737176359e-09,1.9488345515128458e-07,0.999993085861206,3.6259055491427716e-07
ISIC_0025931,nv,nv,2.6816317131306278e-06,1.9038272512261756e-05,9.282092651119456e-05,3.55704796675127e-05,0.004444110207259655,0.99538654088974,1.9230750694987364e-05
ISIC_0025213,nv,nv,1.5517001572540323e-10,3.976057261212418e-09,2.7612314212888123e-08,4.560923017038476e-08,1.2791051631211303e-06,0.9999985694885254,1.0321674182023344e-07
ISIC_0026449,nv,nv,2.3600874555995688e-05,1.3238296560302842e-05,0.017366450279951096,1.017363592836773e-05,0.008077562786638737,0.9744786024093628,3.0300740036182106e-05
ISIC_0028609,nv,nv,4.74951744600105e-10,1.1987293380144592e-09,1.3655214736729704e-08,2.9388372624339354e-08,1.2191462417376897e-07,0.9999998807907104,2.525402109654351e-09
ISIC_0024860,nv,nv,4.8702069761930034e-05,0.005706185940653086,0.0007243536529131234,0.0034710534382611513,0.001978290732949972,0.9529403448104858,0.03513102978467941
ISIC_0026267,nv,nv,6.524328000523383e-06,8.9521399786463e-06,0.002470711711794138,1.2752437896779156e-06,0.011806806549429893,0.9856963157653809,9.427370059711393e-06
ISIC_0030490,nv,nv,2.321026477147825e-05,1.1228787570871646e-06,6.901954475324601e-05,2.246130316052586e-05,0.00044239414273761213,0.9994400143623352,1.80835945684521e-06
ISIC_0028403,nv,bkl,8.049508323892951e-05,1.9269102267571725e-05,0.9959591031074524,9.066532584256493e-06,0.00041828930261544883,0.0035068271681666374,6.986023890931392e-06
ISIC_0032411,nv,nv,2.6190133395331827e-10,1.2302892038462687e-10,1.2805115301439685e-10,1.4258141334266838e-09,1.197120838014598e-07,0.9999998807907104,2.3860630138372585e-10
ISIC_0032507,nv,nv,8.400974138567108e-07,2.908904434661963e-06,1.2450524081941694e-05,8.160741913343372e-07,0.00043448148062452674,0.9995405673980713,7.950398867251351e-06
ISIC_0024404,nv,nv,9.90279414025963e-10,4.1500047132103646e-07,2.78895925021061e-07,3.1114956300370977e-07,3.984699503689626e-07,0.9999982118606567,3.631093932199292e-07
ISIC_0031097,nv,nv,5.48264633692952e-09,9.42960998173703e-09,9.800559155337396e-07,7.34326910389882e-09,2.8505457521532662e-05,0.9999704360961914,4.4319971692630133e-08
ISIC_0029004,nv,nv,1.1061995337513508e-06,2.7559363502405176e-07,0.0008744801743887365,1.2934872017922316e-07,4.026920942123979e-05,0.9990831613540649,6.325068966361869e-07
ISIC_0025527,nv,nv,7.09791129338555e-06,1.2299744412302971e-05,4.655330121750012e-05,0.001136308186687529,1.4446937711909413e-05,0.9987753033638,8.031167453736998e-06
ISIC_0029492,nv,nv,7.248640486068325e-06,7.8148405009415e-06,7.491483120247722e-05,0.00010233736975351349,9.687765896160272e-07,0.9997922778129578,1.4391329386853613e-05
ISIC_0030418,nv,nv,4.608838207786903e-05,1.1089830422861269e-06,0.0006877058767713606,6.992231192270992e-06,2.6457171770744026e-05,0.999225378036499,6.249513262446271e-06
ISIC_0026515,nv,nv,2.5452040475215654e-10,1.1425146384524965e-09,1.9377728222025326e-06,1.2212281035317574e-06,4.2767435814994315e-08,0.999996542930603,3.1475798323299387e-07
ISIC_0032398,nv,nv,1.083110419131117e-06,0.0005541665595956147,4.827727025258355e-05,2.0569461412378587e-05,0.000569708994589746,0.9987221360206604,8.400896331295371e-05
ISIC_0026253,nv,nv,1.740472157507611e-07,1.5463834643014707e-05,7.83225623308681e-05,1.5876132408720878e-07,1.9512284779921174e-05,0.9998863935470581,2.928454634343325e-08
ISIC_0026000,nv,nv,2.4208243303291965e-06,9.55823779804632e-05,0.0002873046032618731,4.188860657450277e-06,3.3315824111923575e-05,0.9995725750923157,4.639849066734314e-06
ISIC_0030972,nv,nv,3.080117210174649e-07,4.1929601479751e-07,0.00012733403127640486,4.971130920239375e-07,2.9826983336533885e-06,0.9998682737350464,1.228562780397624e-07
ISIC_0029536,nv,nv,5.542501821764745e-05,1.3792168829240836e-05,0.008562956005334854,0.0001326066703768447,8.649920346215367e-06,0.9912158250808716,1.0726180335041136e-05
ISIC_0026233,nv,nv,4.779083974426612e-05,1.8289592844666913e-05,0.00022301546414382756,8.040314241952728e-06,0.08584757894277573,0.9137676358222961,8.757489558774978e-05
ISIC_0027317,nv,nv,1.6471099484327567e-10,5.941471759030037e-09,8.038688825706686e-09,4.602015213350796e-09,3.5888754190693817e-09,1.0,4.187665769705973e-09
ISIC_0030413,nv,nv,4.3209336553218236e-08,1.310353212602422e-07,1.4656093298981432e-06,2.1847656626050593e-06,2.3714637791272253e-06,0.9999936819076538,1.7113860906192713e-07
ISIC_0028021,nv,nv,1.0799716392284608e-06,2.576824954303447e-06,6.499291339423507e-05,5.114060286359745e-07,3.937775090889772e-06,0.9999266862869263,2.3042524333050096e-07
ISIC_0030307,nv,nv,2.551061015765299e-06,0.012383152730762959,0.0007959646172821522,1.8092528080160264e-06,5.204715307627339e-06,0.9867744445800781,3.693623511935584e-05
ISIC_0026832,nv,nv,2.2172397251551956e-08,5.141107095596453e-08,8.589251478952065e-07,7.044975802728004e-08,2.781310968202888e-07,0.9999986886978149,5.913677014746099e-08
ISIC_0027553,nv,nv,9.306476385972928e-06,5.557410077017266e-06,0.0006932954420335591,2.7196883820579387e-06,0.00031060620676726103,0.9989683628082275,1.0123117135663051e-05
ISIC_0029287,nv,nv,1.4352824484475946e-10,1.8696516690397402e-07,8.431727565039182e-07,5.424629079264776e-10,3.2068209065982956e-07,0.9999985694885254,1.392226423035936e-08
ISIC_0030441,nv,nv,1.9680452169268392e-05,8.821079063636716e-06,0.00032981522963382304,0.003404041286557913,0.008524484932422638,0.9876319766044617,8.11959253042005e-05
ISIC_0025164,nv,nv,3.68154964291989e-08,2.62352187974102e-07,6.4182881942542735e-06,2.0823117665713653e-05,4.077630677556954e-08,0.9999721050262451,3.4318910024921934e-07
ISIC_0031532,nv,nv,2.940933304176885e-12,1.091862780744357e-10,1.889056200354844e-08,7.453686279301763e-11,3.922498024166998e-07,0.9999996423721313,3.0787921101449456e-09
ISIC_0030913,nv,nv,3.055870649859571e-07,7.976209417392965e-06,0.00019919485202990472,0.00034732348285615444,0.0029952009208500385,0.9964214563369751,2.8638209187192842e-05
ISIC_0031434,nv,nv,9.514341314798003e-09,1.8404655577342055e-08,6.052138132872642e-07,3.333552323070421e-10,1.5431237443408463e-07,0.9999991655349731,3.559872396863284e-08
ISIC_0025007,nv,nv,3.4307554130919016e-08,2.24944892579515e-06,1.3466832342601265e-06,2.9886890843044966e-05,1.3098488125251606e-06,0.9999639987945557,1.0840900586117641e-06
ISIC_0028083,nv,nv,2.3926346329972148e-05,0.00015248748240992427,0.006265879143029451,9.335583854408469e-06,0.000329935661284253,0.9931297898292542,8.864809205988422e-05
ISIC_0030896,nv,nv,3.074029336858075e-06,0.00014015936176292598,9.839671292866115e-06,0.0008854420739226043,0.00012630224227905273,0.5729402899742126,0.42589491605758667
ISIC_0032505,nv,nv,3.4984807939508755e-08,5.608457342987094e-08,9.81091375251708e-07,1.479833713347034e-06,1.7127395040006377e-05,0.9999792575836182,1.1241705806241953e-06
ISIC_0028279,nv,nv,2.4509256036253646e-05,0.0036440875846892595,0.0009516429854556918,0.005137363448739052,0.022998420521616936,0.9670829176902771,0.0001611249172128737
ISIC_0026688,nv,nv,8.833357867388258e-08,7.662052894374938e-07,3.164801455568522e-05,1.3142606576366234e-06,5.122817674418911e-05,0.9999122619628906,2.7700843929778785e-06
ISIC_0032339,nv,nv,2.403818371021771e-06,1.5246265547830262e-06,8.66527552716434e-05,4.07437300964375e-06,0.018568817526102066,0.981221079826355,0.00011550675117177889
ISIC_0027731,nv,nv,6.270958692766726e-05,0.000268687610514462,0.0004395491268951446,0.009393063373863697,0.003913522697985172,0.9859095215797424,1.3001146726310253e-05
ISIC_0028318,nv,nv,1.1228202811963683e-09,4.6434003309059335e-09,3.842298156087054e-06,2.2023141355020925e-07,6.344237846178657e-08,0.9999958276748657,1.4157905070533161e-08
ISIC_0028133,nv,nv,9.931152789022235e-08,2.989184366697373e-08,6.139527977211401e-05,4.9760316755964595e-08,4.332379103288986e-05,0.9998947381973267,4.1156656038765504e-07
ISIC_0028771,nv,bkl,0.0013129680883139372,0.0001832732232287526,0.5285845398902893,0.003007690655067563,0.00013764914183411747,0.46649712324142456,0.00027677492471411824
ISIC_0031540,nv,nv,8.1905309201602e-09,3.360523578521679e-06,6.73857175570447e-06,1.326265191892162e-05,6.344992016238393e-07,0.9996851682662964,0.00029089426971040666
ISIC_0027653,nv,nv,9.230132491211407e-06,2.301088430911591e-09,1.0042067515314557e-05,2.7330614216225513e-07,0.0034786651376634836,0.9965018033981323,5.1477734075433546e-08
ISIC_0026649,nv,nv,2.9056523999315687e-05,0.00018575073045212775,0.008816619403660297,0.0013614180497825146,0.0024025130551308393,0.9854353666305542,0.0017693729605525732
ISIC_0026677,nv,nv,4.555024588626111e-07,0.00016394986596424133,4.676025491789915e-05,0.0005192220560275018,2.9690836527151987e-05,0.9977319240570068,0.0015080214943736792
ISIC_0025438,nv,nv,1.9985348931328417e-09,5.163876153346791e-07,1.4778262311665458e-06,4.326877842686372e-06,3.081670229221345e-06,0.9999903440475464,3.3449407510488527e-07
ISIC_0032500,nv,nv,1.5358077476435028e-08,4.5047068297776605e-09,1.3351806273931288e-06,2.5743396747657243e-08,1.2813009675483045e-07,0.9999985694885254,1.2860569276185174e-09
ISIC_0030578,nv,nv,1.9899131075362675e-05,0.008278829045593739,0.00024249640409834683,1.2081587783541181e-06,1.8389938531981898e-06,0.9914519786834717,3.714696049428312e-06
ISIC_0025614,nv,nv,2.3097941614924622e-10,1.844433050735006e-09,5.03996933076678e-09,2.1095123425851625e-09,2.2503209038404748e-06,0.9999977350234985,1.3840177004453835e-08
ISIC_0029387,nv,nv,4.37672065256578e-10,4.997068092649215e-09,3.218772803847969e-08,8.546318652769003e-10,4.970727604813874e-05,0.9999501705169678,3.7637512662058725e-08
ISIC_0025854,nv,nv,5.540804792758536e-08,2.3849145236454206e-06,8.361288928426802e-05,6.63094106130302e-05,1.8980967979587149e-06,0.9998444318771362,1.2645654123843997e-06
ISIC_0024308,nv,nv,6.208062397483616e-10,2.247489416795645e-10,2.2436937285874592e-07,1.5032798617031773e-10,8.692962001077831e-05,0.9999128580093384,1.727061516021422e-08
ISIC_0029449,nv,nv,1.2015372030660387e-10,7.355143716303303e-10,8.665737460944456e-09,2.1548645090518903e-09,1.7132875029801653e-07,0.9999997615814209,1.4372799839179606e-08
ISIC_0026224,nv,nv,1.0935028438296968e-09,1.624328888283344e-06,7.47453654525998e-08,1.2478319710851338e-08,4.7740048358946297e-08,0.9999914169311523,6.805610155424802e-06
ISIC_0024919,nv,nv,7.031967106740922e-05,8.895935025066137e-06,0.00014822515367995948,2.1876456230529584e-05,0.02590135671198368,0.9738261103630066,2.321959618711844e-05
ISIC_0028143,nv,nv,1.6494328125560287e-10,3.549594174145909e-09,1.3803226295294735e-07,1.55319597183734e-08,1.1309195357966928e-08,0.9999997615814209,3.258615777212981e-08
ISIC_0027214,nv,nv,1.4103720786806662e-05,2.994886745000258e-05,0.0003898870781995356,1.354937739961315e-05,0.0009024045430123806,0.9985641837120056,8.590610377723351e-05
ISIC_0025844,nv,nv,1.5425085209130884e-08,4.097678996117793e-08,4.5494650180444296e-07,6.448210410070487e-09,3.746145921468269e-06,0.9999957084655762,8.114959371141595e-08
ISIC_0031383,nv,nv,8.132320772347157e-08,1.7443831268337817e-07,0.002014562487602234,2.7361437560102786e-07,5.539082508221327e-07,0.9979844093322754,2.5401531544844147e-08
ISIC_0026244,nv,nv,9.070699888980016e-05,2.3226848497870378e-05,0.006106124259531498,8.189593063434586e-05,4.83714829897508e-05,0.9935441017150879,0.00010570391896180809
ISIC_0027393,nv,nv,9.832879399596095e-09,7.367718435347115e-09,3.2546006423217477e-07,5.22945470038394e-07,4.815569627680816e-05,0.9999507665634155,2.1497875479781214e-07
ISIC_0028301,nv,nv,1.5035401474960963e-06,1.0634947784637916e-06,0.00020106548618059605,8.629824606032344e-07,8.6237232608255e-06,0.9997864365577698,4.3809959038298985e-07
ISIC_0028616,nv,nv,1.9631077066151192e-06,5.543034831134719e-08,2.1126701540197246e-05,3.980344445153605e-06,6.450685532399802e-07,0.9999722242355347,1.3457807312988734e-07
ISIC_0027200,nv,nv,2.6101997718797065e-07,2.9058071504550753e-07,4.317863613323425e-07,2.434144334984012e-06,6.759027019143105e-05,0.9999289512634277,1.7815196429182834e-07
ISIC_0024611,nv,nv,1.353630540990025e-10,2.4494243439088237e-11,6.061988244709937e-08,5.452090515167818e-11,4.321216451330656e-08,0.9999998807907104,8.54112114367922e-10
ISIC_0032180,nv,nv,1.2282562522614171e-08,1.8837797099990894e-08,2.761005816864781e-06,1.9392645356219873e-07,2.470883764260634e-08,0.9999969005584717,3.874144027804505e-08
ISIC_0024660,nv,nv,2.2301853732642485e-06,2.8500769531092374e-06,0.0008168240310624242,2.0324357592471642e-06,8.098860234895255e-06,0.9991649389266968,3.0938442705519265e-06
ISIC_0028772,nv,nv,5.542648864320654e-07,6.117954853834817e-06,5.211238021729514e-05,8.276652806671336e-06,2.91330688924063e-05,0.9999020099639893,1.900540951282892e-06
ISIC_0029906,nv,nv,1.8886288366548598e-10,1.4915882418087278e-10,4.3916003278354765e-08,3.292756067807545e-10,4.271785485343571e-07,0.9999995231628418,1.320438980378924e-09
ISIC_0029168,nv,nv,1.548652653582394e-05,4.2510022467467934e-05,0.000842412409838289,6.039449363015592e-05,0.00615706155076623,0.9928411245346069,4.1112827602773905e-05
ISIC_0024820,nv,nv,1.6650483658509074e-08,1.4788592750392127e-07,7.564311090391129e-06,1.1431989577204149e-07,2.505491920601344e-07,0.9999915361404419,3.614389356698666e-07
ISIC_0027491,nv,nv,0.0016986055998131633,1.0801179087138735e-05,5.423893890110776e-05,1.4878485671943054e-05,0.00012526536011137068,0.9980950951576233,1.1406192470531096e-06
ISIC_0031964,nv,nv,3.1328270533315106e-10,5.976967365484143e-09,1.3347563765364612e-07,4.310939161200622e-09,5.812341896671569e-06,0.9999940395355225,2.527200315682876e-08
ISIC_0027962,nv,nv,1.2300740763748763e-06,1.5812256606295705e-05,0.0016732701333239675,6.426293452932441e-07,2.6139618967135902e-06,0.998306155204773,2.8796432616218226e-07
ISIC_0027325,nv,nv,2.4822673694302466e-08,1.2409637974997167e-06,0.000431258202297613,1.4502030580842984e-06,1.2811973704174306e-07,0.9995657801628113,1.2360662537957978e-07
ISIC_0024488,nv,nv,8.496660370838072e-07,7.685629680054262e-05,0.0018716556951403618,9.149465768132359e-05,3.11083895212505e-05,0.9979265928268433,1.4955227243262925e-06
ISIC_0027048,nv,nv,1.3325344525583205e-06,3.495388227747753e-05,5.4606483899988234e-05,0.0001079146095435135,4.371429440652719e-06,0.9997780919075012,1.884782795968931e-05
ISIC_0029556,nv,nv,1.0776108005927654e-08,6.219970316578838e-09,5.371295992517844e-05,1.3070390103564478e-08,3.7159406929276884e-06,0.9999423027038574,2.5734846076375106e-07
ISIC_0029377,nv,nv,0.00571080856025219,0.10487125813961029,0.0774727389216423,0.010447927750647068,0.01338404230773449,0.7099162340164185,0.07819700241088867
ISIC_0026062,nv,nv,2.7656691173327808e-11,4.27039239525584e-08,1.105484037644544e-10,3.3055488901645447e-11,6.317170397895921e-11,1.0,3.1774360920167055e-11
ISIC_0026300,nv,nv,7.468420335499104e-06,1.9291097430595983e-07,0.001061558024957776,4.427359817782417e-05,0.0008444298873655498,0.9980389475822449,3.071400669796276e-06
ISIC_0029517,nv,nv,3.186665082921536e-07,6.1509135775850154e-06,0.00015827389142941684,4.469702616916038e-06,6.580424951607711e-07,0.9998236298561096,6.403677616617642e-06
ISIC_0025290,nv,nv,5.895834931379795e-09,3.890049171673127e-08,1.918235739140073e-06,0.0008241399191319942,3.461587766651064e-06,0.9991694688796997,1.0470853339938913e-06
ISIC_0028911,nv,nv,4.548942111881615e-09,6.0004019530879305e-09,5.887329734832747e-09,2.1491830537456735e-08,8.928226975513098e-07,0.9999990463256836,5.480910392208216e-09
ISIC_0030837,nv,nv,1.7312164345639758e-05,0.009330897592008114,0.030657919123768806,5.310769847710617e-05,1.3419024071481545e-05,0.9598422050476074,8.520988194504753e-05
ISIC_0030068,nv,nv,5.099209829495521e-06,5.875555686429834e-08,3.236672637285665e-05,2.4318387659150176e-07,0.0001354699197690934,0.9998257756233215,1.050350419973256e-06
ISIC_0026699,nv,nv,0.0007631745538674295,9.593226423021406e-05,0.00010085487883770838,4.111551970709115e-05,0.025318410247564316,0.9736774563789368,3.1548859169561183e-06
ISIC_0028927,nv,nv,6.549828867719043e-06,4.166220151091693e-06,2.473303902661428e-05,2.5528288460918702e-06,6.0095699154771864e-05,0.9999005794525146,1.3950964330433635e-06
ISIC_0028241,nv,nv,6.878031513224414e-07,1.7413969999324763e-07,1.52095935845864e-05,2.6578794631859637e-07,0.0012112323893234134,0.9987723231315613,1.4822857963281422e-07
ISIC_0029006,nv,nv,7.177101968292021e-11,6.122294138322104e-08,1.5964868680384825e-06,1.5350156701288142e-08,4.2024375090932153e-08,0.9999978542327881,4.1835809838630666e-07
ISIC_0024588,nv,nv,6.738419244811666e-08,6.67293491574128e-08,5.391707418311853e-06,2.2966329993323598e-07,0.00011341582285240293,0.9998799562454224,8.498390116074006e-07
ISIC_0024671,nv,nv,1.963616907962873e-10,4.750587145885277e-10,2.5366166944706947e-09,1.2831437246063615e-08,2.3976213014975656e-08,1.0,6.162523824571053e-09
ISIC_0030295,nv,nv,3.939549969800282e-06,0.0001640901027712971,3.283573823864572e-05,0.0036877323873341084,2.7413472707848996e-05,0.9959860444068909,9.785006841411814e-05
ISIC_0031954,nv,nv,7.654356037889443e-10,3.336917870910838e-07,1.7413385648978874e-05,3.467323139716427e-08,5.451092874864116e-07,0.9999749660491943,6.74689226798364e-06
ISIC_0029944,nv,nv,3.3565324741857694e-08,9.250522339243616e-07,1.6229743948770192e-07,8.044285237929216e-09,9.88428382697748e-07,0.9999978542327881,1.9428677333621636e-08
ISIC_0028387,nv,nv,1.8906262994278222e-05,0.01665095053613186,0.0004135141207370907,3.677697168313898e-05,0.0001733764511300251,0.9826975464820862,8.9225914052804e-06
ISIC_0024826,nv,nv,1.0331417145403865e-11,1.256370341096158e-09,1.399056426265588e-08,6.064017621376649e-10,6.448976019868269e-09,1.0,2.278340627270836e-09
ISIC_0028207,nv,nv,4.208607424516231e-05,0.31829699873924255,0.023748166859149933,0.0006615007878281176,0.004941918421536684,0.5307915210723877,0.1215178370475769
ISIC_0028322,nv,nv,6.290657665886101e-07,9.963541742763482e-06,0.0024249963462352753,3.060999915760476e-06,6.027661947882734e-05,0.9974900484085083,1.0962698979710694e-05
ISIC_0029874,nv,nv,2.5582858054207236e-10,1.0978988829180025e-09,1.250387171580769e-08,5.065606156762215e-09,3.713997784871026e-06,0.9999961853027344,6.597292667720467e-08
ISIC_0026904,nv,nv,1.2591986831012036e-07,4.558108628316404e-07,0.00020461075473576784,5.4016435768744486e-08,0.00021323442342691123,0.9995812773704529,2.718066980378353e-07
ISIC_0029408,nv,nv,2.568693174831438e-11,7.140688040863097e-10,1.0328684574290037e-09,1.4712200346878035e-09,3.1333632932728506e-07,0.9999996423721313,7.736853291362422e-08
ISIC_0026564,nv,nv,1.5627352745184453e-09,2.0405336087492287e-08,1.8065338736050762e-06,3.0197961109479365e-07,2.3278053049580194e-05,0.9999738931655884,6.40303653653973e-07
ISIC_0026299,nv,nv,1.9111792010084727e-11,6.543997566055282e-10,3.792807845570678e-08,1.2103960056464302e-09,4.612709325613196e-09,0.9999998807907104,3.183476593449086e-08
ISIC_0028248,nv,nv,4.136922804320875e-09,2.1267705818672766e-08,7.856360895175385e-08,8.609023716132924e-09,2.720380962273339e-06,0.9999967813491821,4.490009359869873e-07
ISIC_0028991,nv,nv,3.976196261135101e-09,5.220802457017726e-09,6.519055091303017e-07,1.3398601339531524e-08,1.925071160258085e-07,0.9999991655349731,4.5653383295984895e-08
ISIC_0026550,nv,nv,0.0005359547794796526,0.001981239067390561,0.0010393386473879218,0.00015710263687651604,0.030326010659337044,0.9656032919883728,0.0003570865374058485
ISIC_0029483,nv,nv,5.044628537120843e-08,2.3033334173305775e-07,5.383159304983565e-07,1.2555995354546212e-08,0.0017998761031776667,0.9981991648674011,2.0306484316279239e-07
ISIC_0024601,nv,nv,5.712086021958385e-06,0.0023849913850426674,0.0005953444633632898,5.4043302952777594e-06,1.3720967217523139e-05,0.9968133568763733,0.00018149397510569543
ISIC_0027660,nv,nv,2.0508615639069916e-10,4.0336764484116827e-10,2.3663673687224218e-08,3.4651225178095046e-07,3.780694157740072e-08,0.9999995231628418,1.5276580001000184e-08
ISIC_0028324,nv,nv,1.7887902270530276e-09,1.7089850246065907e-07,6.299789134800449e-08,2.031262091861663e-08,5.088670604891377e-07,0.9999992847442627,5.267798286467951e-08
ISIC_0024405,nv,nv,1.9868984679760615e-07,5.191425771045033e-06,2.6323471047362546e-06,9.638008577894652e-07,7.835051292204298e-06,0.999982476234436,6.143791324575432e-07
ISIC_0029532,nv,nv,0.00015402301505673677,0.00019535821047611535,0.006067365873605013,4.4930762669537216e-05,0.011113260872662067,0.982365071773529,5.999638233333826e-05
ISIC_0027273,nv,nv,0.00011500443361001089,3.43773922395485e-06,0.02094869501888752,8.273174898931757e-06,0.0003966364893130958,0.9785240888595581,3.934379492420703e-06
ISIC_0028778,nv,nv,2.4197481707233237e-07,5.223076186666731e-06,0.0005514973890967667,1.3533513993024826e-05,5.347233582142508e-06,0.9994213581085205,2.7944956855208147e-06
ISIC_0028839,nv,nv,3.0424955090035954e-12,1.66913965288229e-11,1.1350743955862441e-10,2.1823823304067957e-10,6.32701280256498e-10,1.0,1.8308858595883493e-10
ISIC_0026748,nv,nv,0.0026643353048712015,0.001426751259714365,0.008300132118165493,1.1569950402190443e-05,0.013755829073488712,0.9738208651542664,2.05116029974306e-05
ISIC_0032377,nv,nv,2.250954284077622e-10,3.9517233929586837e-10,3.7237075645180084e-08,1.681825700927675e-08,7.543633273598971e-08,0.9999998807907104,1.0590949450772769e-08
ISIC_0026648,nv,nv,1.966226292893225e-09,3.214415622565525e-09,5.4580614232691005e-06,2.886295646931103e-07,3.207698284768412e-08,0.999994158744812,7.331090046136524e-08
ISIC_0025521,nv,nv,0.00012197554315207526,1.3337696145754308e-05,0.018884599208831787,0.00023576697276439518,1.6839505406096578e-05,0.9806435108184814,8.391263691009954e-05
ISIC_0027592,nv,nv,4.190977342943825e-09,1.1688689482980408e-07,7.422656267408456e-07,1.2763177181795982e-08,2.6989052770431954e-08,0.9999990463256836,2.3589574738025476e-08
ISIC_0024713,nv,nv,7.619485554652417e-14,4.699084342669503e-14,9.853842186657857e-10,1.1410366575204112e-11,2.7655969181417106e-10,1.0,1.0706862913628656e-12
ISIC_0031884,nv,nv,3.8288168191513705e-09,1.3837235428582062e-06,5.6184052965591036e-08,2.0428576874564897e-07,1.5219710576275247e-06,0.9999967813491821,1.5106339290582582e-08
ISIC_0028492,nv,nv,0.0012662200024351478,0.0021857349202036858,0.004010428674519062,3.598120019887574e-05,0.000809439632575959,0.9914814233779907,0.00021077498968224972
ISIC_0030799,nv,nv,4.607973074291505e-14,8.35169173402095e-12,1.5706692890748997e-10,5.448329504567639e-13,5.441050916488166e-07,0.9999994039535522,1.2164731444386234e-09
ISIC_0031669,nv,nv,2.1574367565335706e-05,9.587751992512494e-05,0.00019215275824535638,0.0008765236125327647,0.0006364299333654344,0.9981502294540405,2.729633888520766e-05
ISIC_0024659,nv,nv,0.010267309844493866,0.0014131141360849142,0.06582872569561005,0.041460659354925156,0.009715049527585506,0.8685266375541687,0.0027885998133569956
ISIC_0028516,nv,nv,3.1938708389134263e-07,1.8917391741979372e-07,9.205613338281182e-08,6.485240078291099e-08,1.499756399425678e-05,0.9999841451644897,4.6759836891396844e-08
ISIC_0026357,nv,nv,1.7300637864536839e-06,7.330243988690199e-06,0.0038078781217336655,7.523685053456575e-05,2.0507972294581123e-05,0.9960822463035583,5.065391178504797e-06
ISIC_0025011,nv,nv,8.004646424863981e-12,2.0422380800355633e-11,2.0357555285954732e-07,7.2629711134197805e-09,3.771927215012738e-09,0.9999997615814209,8.136150086990313e-11
ISIC_0024956,nv,nv,1.0680696505005471e-05,4.107730092073325e-06,0.004843248054385185,1.7803554328565951e-06,6.448432395700365e-05,0.9950697422027588,5.963252533547347e-06
ISIC_0029467,nv,nv,8.623261237516999e-05,0.00016070091805886477,0.00785006396472454,0.00023741813492961228,0.01357970479875803,0.9777970314025879,0.0002887602895498276
ISIC_0031587,nv,nv,4.900475136793148e-09,8.747176252654754e-06,9.426687938685063e-06,1.281567847399856e-06,2.2888943931320682e-06,0.999966025352478,1.2203496225993149e-05
ISIC_0030103,nv,nv,1.6955300496945824e-09,8.357642400369514e-08,1.7509587451058906e-06,1.0658601468094275e-07,5.4690597607987e-05,0.9999428987503052,4.58560464267066e-07
ISIC_0028661,nv,nv,3.462495047623637e-12,1.978851110751023e-12,1.2364736790004827e-08,1.5952864029777913e-11,1.1859161759275594e-06,0.9999988079071045,3.16802244160197e-11
ISIC_0028483,nv,nv,1.6731981304474175e-05,4.9260968808084726e-05,0.09045030176639557,2.541453056892351e-07,5.315749513101764e-05,0.909430205821991,1.0535974581671326e-07
ISIC_0024532,nv,nv,2.7900857730855932e-06,1.9049254262881732e-07,1.5676268958486617e-06,0.00013878698518965393,3.3671360597509192e-06,0.9998531341552734,1.499916066904916e-07
ISIC_0029710,nv,nv,1.1373394954716787e-06,4.4575946844815917e-07,9.826374298427254e-05,4.974851322003815e-07,2.6488498406251892e-05,0.9998724460601807,6.589337431250897e-07
ISIC_0032038,nv,nv,2.129661697836127e-05,1.5909623471088707e-05,0.00014487018052022904,0.00012280863302294165,2.0976942323613912e-05,0.999657154083252,1.6828367733978666e-05
ISIC_0024895,nv,nv,3.2577888759988127e-06,0.00037461999454535544,0.08063799887895584,7.298972923308611e-05,0.00015686909318901598,0.9187185764312744,3.56985729013104e-05
ISIC_0031553,nv,nv,2.7356227292330004e-06,1.537371616677774e-07,5.808351852465421e-05,1.00812951586704e-06,2.63487636402715e-05,0.9999114274978638,3.4007388194368104e-07
ISIC_0028942,nv,nv,3.6896747701575805e-07,1.6002391589609033e-07,5.922607670072466e-06,2.0561365090543404e-06,1.5864834495005198e-06,0.99998939037323,6.151191200842732e-07
ISIC_0028391,nv,nv,1.4780630053223831e-09,5.103898388369998e-07,4.429253053217508e-08,7.779929234175142e-08,5.472058546729386e-06,0.9999938011169434,9.711408921475595e-08
ISIC_0029086,nv,nv,9.387931321214182e-09,5.054146754446265e-07,1.057826239048154e-06,7.175062819442246e-06,6.350424541778921e-07,0.9999905824661255,9.655488497628539e-08
ISIC_0027543,nv,nv,1.6558148274725681e-07,1.6252076306955132e-07,2.0377351575007197e-06,9.448698961023183e-07,0.001396486652083695,0.9985986351966858,1.5980294847395271e-06
ISIC_0030987,nv,nv,2.9682514650630765e-05,8.430401067016646e-06,0.002779489615932107,4.677777906181291e-05,6.344104622257873e-05,0.9970689415931702,3.16744217343512e-06
ISIC_0030527,nv,nv,0.00010028904944192618,3.623026350396685e-05,0.02597789652645588,0.00030614493880420923,0.0005093656945973635,0.9729493856430054,0.00012071872333763167
ISIC_0024460,nv,nv,8.235123694078084e-11,7.892636544326592e-10,1.2330129095516895e-07,3.5430026912308676e-08,3.2003128580981866e-05,0.9999678134918213,5.113292900205124e-08
ISIC_0026602,nv,nv,3.1266647604333286e-10,5.232546396172211e-09,1.220039848703891e-05,2.750593708356064e-08,3.4859816366861196e-08,0.9999877214431763,1.2801187665445468e-08
ISIC_0027296,nv,nv,3.299650757071504e-07,0.00015148561215028167,3.382080535629939e-07,4.502739102463238e-05,8.267095108749345e-05,0.999680757522583,3.944734635297209e-05
ISIC_0026771,nv,nv,3.871256808452017e-07,5.245498186923214e-07,1.510965739726089e-05,2.1605833353532944e-06,6.841224239906296e-05,0.9999097585678101,3.6590174659067998e-06
ISIC_0024536,nv,nv,1.0778042451420333e-05,0.00011125271703349426,7.782223838148639e-05,5.228419013292296e-06,0.0064630769193172455,0.9933257102966309,6.025068614690099e-06
ISIC_0029478,nv,nv,1.1057183968432582e-07,1.8534320744834076e-08,7.22658433005563e-06,1.5264849384521995e-09,0.00019423765479587018,0.9997984766960144,1.949930350519935e-08
ISIC_0026724,nv,nv,2.9635311565856526e-11,1.194598375775513e-08,2.2295900237168098e-07,1.2214454159220622e-07,6.6734777703914e-08,0.9999995231628418,2.7944219382902702e-08
ISIC_0030199,nv,nv,1.0408047340648707e-10,4.3155543028028376e-10,3.1468755423702532e-06,3.996327890831708e-08,4.1000367900778656e-07,0.9999964237213135,2.448400149290819e-09
ISIC_0026392,nv,nv,2.835238092302461e-06,2.3432534362655133e-05,0.000752020685467869,0.0005802955129183829,0.003651591017842293,0.9949842691421509,5.494271135830786e-06
ISIC_0029365,nv,nv,7.644608785994933e-07,1.8579268612484157e-07,8.733973118069116e-07,9.315997886005789e-06,8.407113637076691e-05,0.9999046325683594,6.005803498965179e-08
ISIC_0030147,nv,nv,6.883443259830813e-10,1.77166348258595e-09,4.2378516695862345e-08,3.4907172707931977e-09,7.106077077878581e-07,0.9999992847442627,3.4593929942872137e-09
ISIC_0025728,nv,nv,2.5203578957189166e-07,1.5935678732148517e-07,5.505763510882389e-06,1.3804435816666683e-08,3.2265413665300002e-06,0.9999908208847046,3.533231307528695e-08
ISIC_0026066,nv,nv,6.345664011614405e-13,5.627834309684943e-10,2.65516636455132e-11,1.5850021295449324e-09,1.3289468414612315e-09,1.0,1.7476484259759673e-08
ISIC_0024645,nv,nv,2.2226420526294532e-07,2.100666961268871e-06,2.899311584769748e-05,7.974095751706045e-06,0.006686365231871605,0.9932553768157959,1.8955704945256002e-05
ISIC_0030624,nv,nv,2.395182896464121e-08,1.452990829875489e-07,1.73762302324576e-07,4.8397222229823456e-08,2.3568025426357053e-05,0.9999761581420898,6.429270449359592e-09
ISIC_0028161,nv,nv,0.005836921278387308,0.0007561447564512491,0.11963400989770889,0.3052287697792053,0.032889485359191895,0.5337806344032288,0.0018740544328466058
ISIC_0032503,nv,nv,8.412076795139001e-07,6.610906098103442e-07,0.00029717449797317386,2.1617884158331435e-06,1.3262963420856977e-06,0.9996976852416992,1.7552640940721176e-07
ISIC_0025762,nv,nv,4.573455329726084e-12,9.741953771458256e-11,1.0206407941026896e-09,4.7241099920825036e-11,4.891114180338718e-10,1.0,1.029831553367444e-09
ISIC_0025721,nv,nv,6.084621873014839e-07,1.7888132788357325e-06,2.702302708712523e-06,2.884661682855949e-07,2.834085762515315e-06,0.9999915361404419,2.416609561350924e-07
ISIC_0026418,nv,nv,6.425561593914608e-08,7.935656576307792e-09,7.924880628706887e-05,1.1317889736517373e-08,1.260158205695916e-05,0.9999079704284668,1.3952721644727717e-07
ISIC_0028634,nv,nv,1.0771607605875033e-08,4.296597744257724e-09,7.183130492194323e-06,1.4593260821982312e-08,6.79839047279529e-07,0.9999918937683105,2.2851486392028164e-07
ISIC_0027611,nv,nv,2.977082829147548e-07,1.3120238691044506e-05,1.3348646916711004e-06,6.3208472056430764e-06,3.9626756915822625e-05,0.9999364614486694,2.8566196306201164e-06
ISIC_0024613,nv,nv,1.060827912624518e-06,9.612669964553788e-05,4.793558673554799e-06,1.906410398078151e-05,4.143191108596511e-05,0.9998247027397156,1.2780482393282e-05
ISIC_0026667,nv,nv,2.0779132581250082e-10,2.3792618986107072e-09,9.233009222953115e-06,1.1012396043952322e-06,8.81929850038432e-07,0.9999887943267822,6.861654355816427e-09
ISIC_0030895,nv,nv,7.347359314735513e-06,6.732908786943881e-06,4.100269961782033e-06,0.00015923228056635708,2.695812872843817e-05,0.9997933506965637,2.3879010768723674e-06
ISIC_0031264,nv,nv,2.519727315686282e-09,5.675542702476832e-09,2.0095294530619867e-06,4.400822106731539e-08,7.225252716125397e-07,0.9999971389770508,1.4873509712742816e-07
ISIC_0028996,nv,nv,0.001185048371553421,0.010724940337240696,0.016670314595103264,0.013743635267019272,0.008939385414123535,0.947171151638031,0.0015655733877792954
ISIC_0029586,nv,nv,7.396908472401265e-07,3.0883065846865065e-06,0.0005689414101652801,0.0005882341065444052,1.031402348417032e-06,0.9988328814506531,5.156057341082487e-06
ISIC_0027059,nv,nv,1.914259155455511e-05,3.517382538120728e-06,0.0002856635255739093,0.00031020643655210733,6.610911441384815e-06,0.9993738532066345,9.936231890605995e-07
ISIC_0027483,nv,nv,1.6562895552851842e-06,1.694100433269341e-07,8.933520439313725e-05,1.0173766895604786e-06,4.363508651294978e-06,0.9999022483825684,1.2233904271852225e-06
ISIC_0030169,nv,nv,4.289048547434504e-07,2.8167917776045215e-07,0.0008974269148893654,2.5486681352049345e-06,1.3174241757951677e-05,0.999083399772644,2.798059540509712e-06
ISIC_0028485,nv,nv,4.734893536806339e-06,4.307011295168195e-06,0.0016989524010568857,1.1365694945197902e-06,1.5656871255487204e-05,0.9982736110687256,1.5824887213966576e-06
ISIC_0027459,nv,nv,7.842363629606552e-06,4.327863734943094e-06,0.00012208244879730046,4.455612361198291e-05,0.0024889158084988594,0.9973101615905762,2.220398346253205e-05
ISIC_0028206,nv,nv,3.605771416914649e-05,6.646008841926232e-05,0.00021334081247914582,2.0719844542327337e-06,9.670997314970009e-06,0.999610960483551,6.147116801002994e-05
ISIC_0024783,nv,nv,9.870221306940152e-10,5.906238609298953e-09,2.2226666374081105e-07,4.399547748334953e-08,1.8452402628099662e-07,0.9999994039535522,1.6307576800045354e-07
ISIC_0029754,nv,nv,2.8650730676815783e-09,2.242921681716581e-10,3.8922576095501427e-07,1.6566193750122693e-08,1.4963204364448757e-07,0.9999994039535522,1.0270616357388462e-08
ISIC_0029692,nv,nv,8.521910954684131e-10,2.9760851560922674e-09,1.9090999003879006e-08,2.443232727245004e-09,1.049609636538662e-05,0.99998939037323,1.415100427948346e-07
ISIC_0032167,nv,nv,1.4789979907448014e-08,9.980980486545832e-09,3.236969860154204e-06,8.62754578889735e-09,4.017894070784678e-07,0.9999963045120239,2.2035662183839122e-08
ISIC_0024724,nv,nv,7.048962658018354e-08,1.718543671813677e-07,4.0524457745050313e-07,4.81642985050712e-07,8.803991704553482e-07,0.9999978542327881,1.3686758393305354e-07
ISIC_0030577,nv,nv,4.933803666062886e-06,2.0967954696970992e-05,1.5751174942124635e-05,3.606759128160775e-05,0.0005515955854207277,0.9993556141853333,1.5042408449517097e-05
ISIC_0027555,nv,nv,5.555118036681961e-07,2.1202910716056067e-07,3.365611337358132e-05,2.4463028580612445e-07,5.018784213461913e-05,0.9999147653579712,3.679897417896427e-07
ISIC_0031538,nv,nv,4.5725100790150464e-05,4.718140644399682e-06,0.0006675986805930734,5.4877004913578276e-06,0.0009815803496167064,0.9982787370681763,1.616901317902375e-05
ISIC_0030288,nv,nv,1.2597122804436367e-05,5.015003807784524e-07,2.15557938645361e-05,1.5002951840870082e-06,2.918254438100121e-07,0.9999632835388184,2.7550854042601713e-07
ISIC_0025495,nv,nv,8.985223303170642e-07,1.7651402686169604e-06,0.00012624986993614584,4.6803415898466483e-07,0.00012139096361352131,0.9997479319572449,1.278159061257611e-06
ISIC_0027521,nv,nv,1.361390695819864e-05,1.8536810557634453e-06,0.020961981266736984,2.6901632736553438e-05,5.382535528042354e-05,0.9789150357246399,2.674770621524658e-05
ISIC_0030438,nv,nv,8.072183845797554e-06,2.273470272484701e-06,0.00011016717326128855,8.852645123624825e-07,7.98625114839524e-05,0.9997983574867249,4.919547791359946e-07
ISIC_0030043,nv,nv,8.190257358364761e-05,0.00012820781557820737,0.005921776406466961,0.005020328797399998,0.00293639674782753,0.9762731194496155,0.009638245217502117
ISIC_0026662,nv,nv,7.88636285165012e-08,5.381516530178487e-06,8.268792589660734e-05,5.0122354878112674e-05,1.218841703121143e-06,0.9998430013656616,1.7407703126082197e-05
ISIC_0026088,nv,nv,1.5096538602543674e-11,7.90063666045171e-07,1.0414910178724313e-07,1.2302804330843742e-09,1.6915339129397466e-09,0.9999979734420776,1.1402518111935933e-06
ISIC_0032127,nv,nv,1.1119873022380489e-07,5.98019127551197e-08,1.204286149913969e-06,4.790613417071654e-08,0.0009624477243050933,0.9990360736846924,6.509960570610929e-08
ISIC_0029136,nv,nv,1.0613913445922663e-06,5.445013329108406e-08,2.158701499865856e-05,9.825122049278434e-08,0.00024783494882285595,0.999729335308075,7.861679307552549e-08
ISIC_0025750,nv,nv,2.308290504515753e-06,0.0029262322932481766,0.0003288476727902889,0.0034103526268154383,0.0005579416756518185,0.9923850297927856,0.00038921271334402263
ISIC_0030506,nv,nv,0.00053148262668401,0.0011618405114859343,0.00041224065353162587,0.11327045410871506,0.002319877967238426,0.8659055233001709,0.01639850065112114
ISIC_0029131,nv,nv,7.867367457947694e-06,0.002930867951363325,0.0003967896627727896,0.0006688138819299638,0.009097209200263023,0.9862673282623291,0.0006310493918135762
ISIC_0027618,nv,nv,2.3337777577125962e-07,6.364165869854332e-07,0.005488237831741571,5.416915200839867e-07,3.4964963560923934e-05,0.9944646954536438,1.0637790182954632e-05
ISIC_0024591,nv,nv,1.0177286791090978e-09,6.089414306131857e-09,9.9821977528336e-07,1.4206706921982004e-08,0.0012622949434444308,0.9987360835075378,6.265565275498375e-07
ISIC_0026160,nv,nv,1.1616535289249441e-07,5.192092977779339e-09,0.00010724617459345609,1.1500902985517314e-07,2.240598462321941e-07,0.9998922348022461,8.45196979071261e-09
ISIC_0030716,nv,nv,1.7410133068551659e-07,5.120837886352092e-05,0.000617732759565115,1.3640395991387777e-05,1.3844594832335133e-05,0.999293327331543,9.962173862732016e-06
ISIC_0027743,nv,nv,2.004668931476772e-05,3.700778052007081e-06,0.0004877077299170196,1.9454271296126535e-06,0.00015855702804401517,0.9993261098861694,2.048956957878545e-06
ISIC_0024558,nv,nv,1.427957929678314e-08,3.648895230412563e-08,6.574710909035275e-08,4.5716955355601385e-05,2.346118344576098e-05,0.9999300241470337,6.218044177330739e-07
ISIC_0025111,nv,nv,0.00016013732238207012,0.0011416113702580333,0.009767326526343822,1.9666613297886215e-06,9.502282978246512e-07,0.9889174699783325,1.0488183761481196e-05
ISIC_0024633,nv,nv,6.8309908840547e-08,1.6784679246484302e-06,9.923567631631158e-06,8.144773892126977e-05,5.717906788049731e-06,0.9998428821563721,5.827994755236432e-05
ISIC_0031842,nv,nv,5.929331597107415e-14,4.0756661283739004e-13,2.864963821735955e-10,9.101679913220417e-13,5.469725714024598e-11,1.0,1.5321480195673587e-10
ISIC_0029853,nv,nv,3.743011678380981e-09,1.3489460570781375e-07,4.746549620904261e-06,4.773459295392968e-06,7.964753763189947e-07,0.9999887943267822,7.186838502093451e-07
ISIC_0027015,nv,nv,4.180070754955523e-05,0.26007282733917236,0.0009236051701009274,0.00016660086112096906,0.00012180727208033204,0.7383399605751038,0.0003333468339405954
ISIC_0031684,nv,nv,2.348742866864484e-10,1.2957099837507258e-09,5.106282330302747e-08,7.1241768040408715e-09,2.6489490778658364e-07,0.9999996423721313,7.830677439812916e-09
ISIC_0024889,nv,nv,0.0001088934950530529,1.2568634701892734e-06,0.00017917872173711658,0.0001280241849599406,7.903749792603776e-05,0.9994916915893555,1.1933855603274424e-05
ISIC_0028672,nv,nv,3.758284350396934e-09,1.3193377945697193e-08,1.0642806955729611e-05,2.671865502179571e-07,1.943775532708969e-05,0.9999696016311646,3.8481015707247934e-08
ISIC_0024438,nv,nv,2.0803412411207354e-16,3.738867803684473e-15,2.3376371232610924e-14,1.064619380608707e-13,2.761859005926716e-14,1.0,2.2801010211848105e-13
ISIC_0026077,nv,nv,1.138446066306642e-07,2.661224607436452e-05,1.5893617728579557e-06,7.054323987176758e-07,9.71783902059542e-06,0.996915340423584,0.003045890247449279
ISIC_0031300,nv,nv,4.87856686959276e-06,6.481457148765912e-06,0.0002226648066425696,1.5572328493362875e-06,3.596208989620209e-05,0.9997276663780212,8.429660169895214e-07
ISIC_0026434,nv,nv,2.940372212378861e-08,1.9011102949662018e-06,2.222488433289982e-07,8.501225323698236e-08,8.733888279266466e-08,0.9999974966049194,1.3907659024425811e-07
ISIC_0031780,nv,nv,5.680442782818318e-09,1.2045950903427638e-08,6.687675124794623e-08,3.7045591483320095e-08,7.445429872632303e-08,0.9999998807907104,1.4773569034787215e-08
ISIC_0029616,nv,nv,6.877306532260263e-06,8.50445285323076e-05,0.00024790980387479067,0.0005280879558995366,0.0015553664416074753,0.9702762961387634,0.0273003950715065
ISIC_0028624,nv,nv,7.91294496593764e-08,4.0932192746367946e-08,6.863039629934065e-07,1.69563884355739e-06,3.711962199304253e-05,0.9999597072601318,7.505803409912915e-07
ISIC_0026899,nv,nv,8.16170481893197e-12,8.018726307956747e-12,4.920544527386994e-10,6.718993417198504e-11,1.3781841516902205e-06,0.9999985694885254,9.087832569809606e-11
ISIC_0028892,nv,nv,8.531550577117741e-08,8.376730875170324e-06,3.965390988014406e-06,7.105260010575876e-06,4.2691488033597125e-07,0.9999781847000122,1.7882316569739487e-06
ISIC_0027050,nv,nv,1.2760550394119718e-09,5.059270780094494e-09,2.027425352935097e-06,2.75348077671822e-09,1.8918966304681817e-07,0.9999977350234985,2.563743528583018e-08
ISIC_0025270,nv,nv,0.0004905472160317004,0.008556515909731388,0.2368636429309845,6.412985385395586e-05,0.00473944703117013,0.7492464780807495,3.92637521144934e-05
ISIC_0029506,nv,nv,6.16308898315765e-05,6.5840999923239e-06,0.01704937219619751,2.3814589440007694e-05,0.0002884294372051954,0.9825360774993896,3.418577034608461e-05
ISIC_0028189,nv,nv,2.487748895774189e-09,5.310885620168904e-10,1.3292963103594957e-06,2.0678716516897566e-09,2.4155142455128953e-06,0.9999963045120239,3.309407414775478e-09
ISIC_0028708,nv,nv,6.659630003014172e-07,1.3986206681693147e-07,3.330512481625192e-05,2.024590202154286e-07,0.015849579125642776,0.9841142892837524,1.7408382291250746e-06
ISIC_0024354,nv,nv,7.646408448636066e-06,0.00045176094863563776,0.0005833508912473917,1.117243755288655e-06,1.9738258743018378e-06,0.9989508390426636,3.339376007716055e-06
ISIC_0027342,nv,nv,3.9980758970159513e-07,3.1479530662181787e-06,0.00010454037692397833,4.7845710469118785e-06,2.283913090650458e-05,0.999859094619751,5.289495675242506e-06
ISIC_0032295,nv,nv,7.547679706476629e-05,4.746890226670075e-06,0.00012193848669994622,1.9500670532579534e-05,0.0024357226211577654,0.9973338842391968,8.769872692937497e-06
ISIC_0030012,nv,nv,4.662203139105259e-07,5.020959292778571e-07,4.71562598249875e-05,1.8133172829948307e-07,1.4444332009588834e-05,0.9999370574951172,1.2273940797058458e-07
ISIC_0027761,nv,nv,9.811867494136095e-05,0.0011949351755902171,0.014677636325359344,0.0001336013083346188,0.014868372119963169,0.968917191028595,0.00011017122596967965
ISIC_0024339,nv,nv,1.0176712095244511e-07,2.97715160968437e-07,0.00034620973747223616,4.564088271763467e-07,4.765035191667266e-05,0.9996048808097839,4.869979193244944e-07
ISIC_0024627,nv,nv,4.697334432535172e-08,6.054262939869659e-07,0.00017745071090757847,2.050784075890988e-07,1.2709404472843744e-05,0.9998038411140442,5.111620794195915e-06
ISIC_0030152,nv,nv,1.1557618563529104e-05,1.788037593541958e-06,0.006382100284099579,4.7518033170490526e-06,1.8651679738468374e-06,0.9935855269432068,1.248191165359458e-05
ISIC_0028867,nv,nv,9.195878374157473e-05,2.188081998610869e-05,0.018234310671687126,7.918068149592727e-06,0.00021563244808930904,0.9813957810401917,3.2463300158269703e-05
ISIC_0031607,nv,nv,2.8562456844127837e-09,4.109357121251378e-08,4.7202951236613444e-07,1.2093643420030276e-07,1.1911544788745232e-05,0.9999864101409912,1.0403866781416582e-06
ISIC_0026616,nv,nv,2.5070410629268736e-05,6.21101280557923e-05,7.111772720236331e-05,4.8691235861042514e-05,0.000107477382698562,0.9996607303619385,2.478272836015094e-05
ISIC_0026459,nv,nv,1.946870931135436e-08,3.0372639230336063e-06,0.00011955804075114429,8.935971322898695e-07,1.595538378751371e-05,0.9998570680618286,3.5917300920118578e-06
ISIC_0024384,nv,nv,2.888772087317193e-06,1.025554752231983e-06,1.8340810129302554e-05,0.000255495251622051,4.170258307567565e-06,0.9997174143791199,6.069707296774141e-07
ISIC_0029275,nv,nv,1.1386369891397408e-07,6.253930706634492e-08,2.623143336677458e-05,2.734934696491109e-06,2.7377582227927633e-06,0.9999679327011108,1.0509521786161713e-07
ISIC_0026332,nv,nv,5.539241669794137e-07,3.601472826630925e-06,0.00016108673298731446,3.730920639100077e-07,0.0007272137445397675,0.9990930557250977,1.4156805264065042e-05
ISIC_0024600,nv,nv,3.843856077878627e-08,7.861068951342531e-08,8.254308880850658e-08,7.258249183905718e-07,2.0941068612501113e-07,0.9999988079071045,5.353905763172406e-08
ISIC_0030078,nv,nv,0.00287831574678421,0.00013840431347489357,0.006036506500095129,0.0004351769748609513,0.0017635261174291372,0.9886021018028259,0.00014595757238566875
ISIC_0029957,nv,nv,8.539736313650792e-07,4.0940821577351016e-07,0.0004553444741759449,1.3777789718005806e-06,6.488157669082284e-05,0.9994682669639587,8.89141665538773e-06
ISIC_0028273,nv,nv,1.5665081676274895e-08,2.1764385849110113e-07,3.0215574042813387e-06,4.360220486887556e-07,1.249188426299952e-05,0.9999815225601196,2.243100198029424e-06
ISIC_0027864,nv,nv,3.204528979949828e-07,2.518292490094609e-07,3.955035572289489e-05,1.1465789611975197e-05,1.3984084944240749e-05,0.9999339580535889,5.601576731351088e-07
ISIC_0027292,nv,nv,0.00020453979959711432,7.694859959883615e-05,0.009186950512230396,6.777634553145617e-05,0.00014964280126150697,0.9902547001838684,5.947494355496019e-05
ISIC_0025269,nv,nv,1.2705295482362544e-08,3.3004521338142467e-09,1.4718547447500896e-07,2.518452674848959e-06,2.0744229800584435e-07,0.9999970197677612,5.1621654506561754e-08
ISIC_0031397,nv,nv,6.789325084355369e-07,3.790296787542502e-08,1.2022497912766994e-06,1.4372083114722045e-06,9.83142740551557e-07,0.9999955892562866,7.909441279707607e-08
ISIC_0028171,nv,nv,2.293735263947383e-07,1.614757252355048e-07,7.181714067883149e-07,2.3110674192139413e-06,0.0005144156166352332,0.999480664730072,1.6115981225084397e-06
ISIC_0030001,nv,nv,8.095446537481621e-05,3.297569492133334e-05,8.890676690498367e-05,2.5218008886440657e-05,0.0069856299087405205,0.9927749633789062,1.128282838180894e-05
ISIC_0029535,nv,nv,1.3199952242359814e-09,4.597429324348923e-06,2.4395849322900176e-05,2.401488927716855e-06,1.1445268732757086e-08,0.9999685287475586,6.569823796098717e-08
ISIC_0025582,nv,nv,3.8161508086886897e-07,2.6665858854357793e-07,8.607836934970692e-05,9.179814810522657e-07,1.492548926762538e-05,0.9998970031738281,4.652573295516049e-07
ISIC_0029078,nv,nv,2.6664625693229027e-05,6.895353726577014e-05,0.006112485658377409,9.542146472085733e-06,3.479481165413745e-05,0.9937315583229065,1.5899808204267174e-05
ISIC_0031983,nv,nv,3.1894138373900205e-05,1.014921735986718e-06,0.4338931441307068,8.035348582779989e-05,7.698214903939515e-05,0.5659012198448181,1.5433710359502584e-05
ISIC_0027830,nv,nv,2.0225734420620256e-09,9.78920500216418e-10,9.706275250209728e-08,4.712797760930698e-07,3.3102938346019073e-07,0.9999990463256836,6.816928799224797e-09
ISIC_0026450,nv,nv,1.4696939498737294e-10,2.71065325740949e-09,8.99686014577128e-09,6.836569976798046e-09,5.7178279888603356e-08,0.9999998807907104,1.437924534997137e-08
ISIC_0024817,nv,nv,1.4988226837431284e-07,0.009326807223260403,0.000285618647467345,9.527010115562007e-05,5.592042384705564e-07,0.9902897477149963,1.7808171151045826e-06
ISIC_0031109,nv,nv,7.176757208071649e-05,0.0001085924741346389,0.0004259877314325422,0.04801415279507637,0.009911617264151573,0.9411008954048157,0.00036696824827231467
ISIC_0031307,nv,nv,7.361259122262709e-07,3.559865717761568e-07,3.2080669143397245e-07,1.3769664519713842e-06,0.00037053946289233863,0.9996249675750732,1.591823775015655e-06
ISIC_0030472,nv,nv,1.2998383480677944e-09,5.616873632874331e-09,2.1337311295610562e-07,1.3185720071362539e-08,4.5458079966920195e-07,0.9999992847442627,5.439237327209412e-08
ISIC_0026563,nv,nv,1.8534566379457829e-06,2.0443552628535144e-08,2.994588612637017e-06,2.3945090354970944e-09,3.6491229593593744e-07,0.9999947547912598,8.52160386699552e-09
ISIC_0025757,nv,nv,5.9624302023442155e-12,1.1498898361272936e-10,1.5362043370714673e-07,8.889050606697424e-11,3.8075766042311443e-06,0.9999960660934448,6.1257376948731235e-09
ISIC_0025037,nv,nv,2.2972908297891337e-10,2.9632996501050002e-08,6.268963659294968e-08,1.0924865456729549e-09,1.7492293409304693e-06,0.9999980926513672,9.20472373877601e-08
ISIC_0031439,nv,bkl,0.0002835376944858581,8.458924276055768e-05,0.5308383703231812,8.948457252699882e-05,0.017180602997541428,0.4514305889606476,9.287051216233522e-05
ISIC_0032488,nv,nv,2.621096371058229e-07,4.4065963322736934e-08,1.536236879928765e-07,2.052980931921411e-07,1.2112017202525749e-06,0.9999980926513672,7.429174075923584e-08
ISIC_0027977,nv,nv,1.7463239743165104e-08,1.8129849843617762e-09,7.603503490827279e-06,3.8832819626577475e-08,8.514561159245204e-06,0.9999837875366211,7.734355733646225e-08
ISIC_0030634,nv,nv,1.1700473834252989e-07,3.406808701811315e-08,2.3275319108506665e-05,1.2334373877820326e-06,0.0007173078483901918,0.9992521405220032,5.969791345705744e-06
ISIC_0025538,nv,nv,7.349611678364454e-06,1.1933584573853295e-06,2.7471418434288353e-05,2.5726985768415034e-06,0.0013586725108325481,0.9985826015472412,2.012579352594912e-05
ISIC_0030719,nv,nv,5.8049401559401304e-05,3.934366759494878e-06,0.0003882323217112571,1.1304648523946526e-06,0.005080426577478647,0.9944660067558289,2.2362062281899853e-06
ISIC_0026472,nv,nv,1.6357141419121035e-07,2.099384310838559e-08,3.354082309670048e-07,2.6533811592344136e-07,6.897136586303532e-07,0.9999985694885254,2.4335683690424048e-08
ISIC_0032012,nv,nv,7.416633707180154e-08,1.8415155977891118e-07,5.8641429490080554e-08,7.349014197188808e-08,7.940926707306062e-07,0.9999986886978149,1.1112041953253993e-08
ISIC_0031717,nv,nv,2.7389896786189638e-05,0.08413183689117432,0.00046807294711470604,0.0004884158261120319,6.173986184876412e-05,0.9129557609558105,0.0018667629919946194
ISIC_0026307,nv,nv,7.523045155721775e-07,1.1276946310090352e-07,9.61509499575186e-07,3.7419712839437125e-07,2.1589807147393003e-05,0.9999759197235107,2.8154465780971805e-07
ISIC_0024483,nv,nv,4.157752267475168e-11,1.2463066169365877e-11,6.902853844081847e-10,5.6872297982124564e-09,1.6269908087451768e-08,1.0,1.2406932425879091e-10
ISIC_0031879,nv,nv,1.869864679759914e-11,3.9197711916572064e-12,1.577755881498888e-07,1.286945723599775e-11,3.677006588986842e-06,0.9999961853027344,7.034182680776269e-10
ISIC_0027845,nv,nv,0.00014924492279533297,2.106912006638595e-06,4.969967994838953e-05,3.0400469768210314e-06,1.053505275194766e-05,0.9997850060462952,2.517182906558446e-07
ISIC_0028251,nv,nv,5.626213805953739e-07,1.5137977698032046e-06,3.3104759495472535e-05,7.117819768609479e-05,0.0005212213727645576,0.9993712306022644,1.233940793099464e-06
ISIC_0028940,nv,nv,1.1750575623636905e-07,2.193370391978533e-06,2.9535240173572674e-06,7.18068213245715e-06,7.216724043246359e-06,0.9999790191650391,1.4424380196942366e-06
ISIC_0028799,nv,nv,7.308212701673256e-08,2.5490162869346022e-08,1.611266839063319e-06,9.21555511013139e-07,3.2762261980678886e-05,0.9999643564224243,1.9084667712832015e-07
ISIC_0032435,nv,nv,3.2434502372780116e-07,3.855227816984552e-07,1.3447855735648773e-06,4.522981669197179e-07,0.00034344891901127994,0.9996507167816162,3.3616963719396153e-06
ISIC_0031246,nv,nv,6.547384856503413e-08,4.57223903183035e-09,2.3641490770387463e-05,8.423653952149834e-08,7.068907507346012e-06,0.9999690055847168,4.725512070535842e-08
ISIC_0024325,nv,nv,1.9938140383146674e-07,5.888127319053638e-09,1.3568089798354777e-06,9.232602678821422e-06,7.136062777135521e-06,0.9999818801879883,2.72450847660366e-07
ISIC_0029987,nv,nv,1.1761984719527163e-09,7.984312655473502e-10,1.0820556006763127e-08,6.500558313859983e-09,4.120580797462026e-06,0.9999958276748657,1.860109577478397e-08
ISIC_0025464,nv,nv,7.385179969787714e-07,9.271226190321613e-06,5.718260581488721e-05,2.6186322429566644e-05,0.0001738294813549146,0.9982130527496338,0.0015197360189631581
ISIC_0031265,nv,nv,3.844607476821693e-08,3.5496700689918725e-08,7.315521088457899e-06,2.80720620082775e-08,2.261443569295807e-06,0.9999901056289673,2.6624223892213195e-07
ISIC_0030563,nv,nv,2.3682259779889137e-06,2.36180926549423e-06,0.00017932485206983984,2.3403720206260914e-06,0.0007713582017458975,0.9990379810333252,4.200682269583922e-06
ISIC_0031047,nv,nv,8.061329026531894e-06,2.381845433774288e-06,0.0003112389531452209,1.072824488801416e-06,0.00149283476639539,0.9981721639633179,1.2204244740132708e-05
ISIC_0025532,nv,nv,4.063154392497381e-06,2.61021177720977e-05,0.0012542041949927807,2.2661620278086048e-06,0.000503207033034414,0.9981824159622192,2.78523893939564e-05
ISIC_0029134,nv,nv,1.7931520851499627e-11,1.2057915776964023e-10,2.3953941052923255e-09,4.314432144880698e-11,1.3005850563185817e-10,1.0,3.2873499478114354e-09
ISIC_0032147,nv,nv,3.3334448090727165e-08,6.822595821631694e-09,8.078354767349083e-07,1.7031798904554307e-07,4.505759534367826e-07,0.9999984502792358,1.3175585422686709e-07
ISIC_0026495,nv,nv,4.5500435419398855e-08,6.176998340379214e-06,1.6952033092820784e-06,6.057928658265155e-06,2.32970360229956e-05,0.9999622106552124,4.924833660879813e-07
ISIC_0032323,nv,nv,7.11472655963441e-13,5.993898411459087e-13,2.858086822765671e-10,3.0646392541744394e-12,5.503230937620174e-08,1.0,2.3012146008194456e-11
ISIC_0025739,nv,nv,1.0033560471356395e-07,1.1085826372436713e-06,0.000942469690926373,7.169219770730706e-06,1.8566124708740972e-05,0.9990285634994507,2.097252036037389e-06
ISIC_0025460,nv,nv,2.189910264860373e-05,2.002062501560431e-05,5.094398875371553e-05,6.111850962042809e-05,0.0022078438196331263,0.997621476650238,1.6724749002605677e-05
ISIC_0026939,nv,nv,5.263749699224718e-06,3.964933057432063e-06,0.001391638070344925,8.314804063047632e-07,9.173247235594317e-06,0.9985877275466919,1.4213718486644211e-06
ISIC_0027340,nv,nv,2.8992053202614443e-08,9.593870231583423e-08,4.46015155830537e-06,1.9479023194435285e-07,0.00015233772865030915,0.999842643737793,1.5222393301428383e-07
ISIC_0030062,nv,nv,8.095728531998247e-09,1.007088940241374e-06,1.1339036063873209e-05,1.540176128855819e-07,6.491693227417272e-08,0.9999868869781494,5.818880595143128e-07
ISIC_0030680,nv,nv,0.00011964157602051273,0.0020364464726299047,0.020319031551480293,0.00375956273637712,0.02018001861870289,0.9534767270088196,0.00010862927592825145
ISIC_0030439,nv,nv,1.2469444921059392e-10,1.9076876189849656e-10,5.401502356505716e-09,3.14430925740794e-10,4.611592441250423e-09,1.0,4.052981561475377e-10
ISIC_0031341,nv,mel,1.276160901397816e-07,5.660616011482489e-07,3.013923742400948e-05,3.536832693384895e-08,0.6942832469940186,0.30568382143974304,1.951223111973377e-06
ISIC_0027891,nv,nv,3.322553254747618e-07,0.0003259257646277547,0.00020368389959912747,2.69600423052907e-06,0.008225181140005589,0.9912079572677612,3.422851295908913e-05
ISIC_0030568,nv,nv,1.6057441598604782e-08,2.291778766760899e-09,2.794033207464963e-06,3.2863549659367663e-09,0.00212869537062943,0.9978684186935425,7.431672344182516e-08
ISIC_0026863,nv,nv,5.0330701924394816e-05,0.00028550525894388556,0.0008038660162128508,0.0019051373237743974,0.0001911071449285373,0.9952839016914368,0.0014801836805418134
ISIC_0029116,nv,nv,5.627151722364943e-07,3.8680287417491854e-08,0.00011392675514798611,4.093250538517168e-07,1.2180102203274146e-05,0.9998724460601807,5.187353053770494e-07
ISIC_0025334,nv,nv,4.36255004387931e-06,1.9259036889707204e-06,0.002491408260539174,1.537171328891418e-06,0.0006560031324625015,0.9968389272689819,5.8640125644160435e-06
ISIC_0026019,nv,nv,1.0149813628457238e-10,9.096450814816137e-10,4.543615261809464e-08,1.0493668156641434e-08,3.271837911711373e-08,0.9999998807907104,9.056707384047513e-09
ISIC_0027817,nv,nv,1.9603723089289815e-09,2.916722152690454e-08,5.761470447396277e-07,1.2147527428396643e-09,1.1225207430243245e-08,0.9999994039535522,8.71812222413837e-09
ISIC_0028162,nv,nv,4.787300113620607e-13,7.371879462425568e-08,1.5631076877298256e-08,1.706299684878232e-10,6.715162315096279e-10,0.9999998807907104,9.829838276687042e-09
ISIC_0030749,nv,nv,9.749651752599675e-09,4.8795143925417506e-08,6.551458113790432e-07,9.12667630359465e-08,0.00031077253515832126,0.9996883869171143,1.1440192082545764e-07
ISIC_0031509,nv,nv,4.3238776448184524e-10,1.409477534686232e-10,1.3124089370819547e-08,2.613273375473568e-09,0.00014435977209359407,0.999855637550354,8.221324065971203e-09
ISIC_0027413,nv,nv,4.039425505197869e-07,2.0599763956852257e-06,4.863986396230757e-05,1.9742324184335303e-06,3.621346695581451e-05,0.9999097585678101,9.057056900019234e-07
ISIC_0026294,nv,nv,1.4515485702304431e-08,5.4765485479890685e-09,7.578708391520195e-06,1.458734200099343e-08,3.206780456821434e-05,0.9999600648880005,2.3796495440819854e-07
ISIC_0030029,nv,nv,3.98126287493028e-09,1.2825431383589603e-07,2.2520614493259927e-06,1.8461203676878313e-09,9.694091431811103e-07,0.9999966621398926,3.7074944003734345e-08
ISIC_0029796,nv,nv,0.00017446345009375364,5.2006373152835295e-05,0.003964404109865427,6.214388849912211e-05,0.0022143488749861717,0.9934819340705872,5.0663657020777464e-05
ISIC_0026640,nv,nv,9.970021892513614e-07,1.031947931551258e-06,0.00031590709113515913,1.2976322238955618e-07,0.0015724655240774155,0.998106837272644,2.640640332174371e-06
ISIC_0028522,nv,nv,7.555933621006261e-07,0.001517517608590424,1.323446304013487e-05,0.00029488035943359137,3.6687708870886127e-06,0.9979324340820312,0.0002375398762524128
ISIC_0025880,nv,nv,5.566385041788635e-08,2.2291384738082343e-08,2.8733296858263202e-05,1.6718054212105926e-06,8.536511813872494e-06,0.9999568462371826,4.10777875003987e-06
ISIC_0027551,nv,nv,1.1138897804130465e-07,1.1371095176571089e-08,0.00020089666941203177,2.523140381072153e-07,3.185453897458501e-05,0.9997666478157043,2.4540833010178176e-07
ISIC_0031458,nv,nv,9.246043646271573e-07,1.9110957509838045e-05,0.0016791040543466806,0.0003062355681322515,0.00027406439767219126,0.9977033734321594,1.7184065654873848e-05
ISIC_0025690,nv,nv,5.504126875166548e-06,9.080328709387686e-06,8.38769119582139e-05,1.816203365478941e-07,1.204319778480567e-05,0.9998871088027954,2.140011702067568e-06
ISIC_0027581,nv,nv,2.9016093321843073e-05,0.0004820879839826375,4.2086790926987305e-05,0.0001288725616177544,9.287212742492557e-05,0.9990405440330505,0.00018454545352142304
ISIC_0024840,nv,nv,6.104771728132619e-07,7.842578497729846e-07,1.0172703923672088e-06,1.8765827007882763e-06,3.3776459531509317e-06,0.9999903440475464,1.8514151634008158e-06
ISIC_0029890,nv,nv,3.98753400077112e-06,0.0009134244173765182,2.053059870377183e-05,2.6469051590538584e-05,3.482969259493984e-05,0.9989954829216003,5.273146143736085e-06
ISIC_0030259,nv,nv,5.637005870084977e-06,4.597806935180415e-08,9.149069342129224e-07,8.551231076125987e-06,9.351614608021919e-06,0.9999754428863525,5.174849349032229e-08
ISIC_0025995,nv,nv,0.00018448047921992838,0.0016927128890529275,0.00024039825075305998,0.0002541376743465662,5.096003587823361e-05,0.9915626645088196,0.006014684680849314
ISIC_0024681,nv,nv,5.338723099157505e-07,3.978733431608816e-08,6.691557700833073e-06,9.78018761088606e-06,1.621757292014081e-06,0.9999804496765137,8.834444997773971e-07
ISIC_0024444,nv,nv,4.754624818859021e-11,9.142958612429197e-10,1.0074026590700669e-07,9.673860290604352e-08,4.2323128468524374e-07,0.9999994039535522,4.717953139277142e-09
ISIC_0029314,nv,nv,1.9446244550636038e-05,6.6861321101896465e-06,1.7843975001596846e-05,1.2090733889635885e-06,7.820531027391553e-05,0.9998739957809448,2.6332140805607196e-06
ISIC_0029817,nv,nv,2.359489847947316e-08,2.2044217473649041e-07,4.692012680607149e-06,3.509357497932797e-07,6.141441986073914e-07,0.9999939203262329,1.8302874593700835e-07
ISIC_0030364,nv,nv,5.031830369262025e-05,8.517235983163118e-05,0.03553132712841034,0.004805962089449167,0.005972242448478937,0.9519169330596924,0.0016379236476495862
ISIC_0024606,nv,nv,4.4645707930612843e-07,4.131893365411088e-05,2.891355507017579e-06,0.0010561177041381598,6.925636625965126e-06,0.9980192184448242,0.0008730784174986184
ISIC_0030946,nv,nv,8.707070264790673e-08,6.056229153728054e-07,6.316320650512353e-05,6.707778652526031e-07,2.2610684027313255e-06,0.999932050704956,1.1177845635756967e-06
ISIC_0032432,nv,nv,1.7145685982100645e-09,1.0000757129091653e-06,2.4478699955921002e-08,2.310046767206586e-07,2.5302023587414624e-08,0.9999986886978149,1.611398836587341e-08
ISIC_0031393,nv,nv,1.5463096758594475e-07,1.3930309705756372e-07,4.399891258799471e-05,2.0587428650742368e-07,3.1093190955289174e-06,0.9999520778656006,3.4721696806627733e-07
ISIC_0025497,nv,nv,5.625032827083487e-06,5.492915988725144e-06,0.0008522610296495259,3.994578946731053e-05,0.0001039376002154313,0.9989873766899109,5.414304268924752e-06
ISIC_0029672,nv,nv,4.2185853033060994e-08,5.529776672119624e-07,6.53507886454463e-05,9.477589628659189e-06,1.5181636854322278e-06,0.9999210834503174,1.8082536143992911e-06
ISIC_0026001,nv,nv,3.841052986786053e-08,2.851710178219946e-06,7.02920624462422e-06,3.2907887970168304e-08,0.0009737175423651934,0.9990160465240479,3.19765092626767e-07
ISIC_0029429,nv,nv,1.30416196952865e-07,4.238583883875435e-08,1.4451792594627477e-05,8.579708264733199e-06,2.1554331397055648e-05,0.9999545812606812,6.531216740768286e-07
ISIC_0025151,nv,nv,7.822477388064186e-11,1.655586556736921e-09,2.170023627456885e-08,4.538633024964156e-09,9.951401480634559e-09,1.0,3.6333276387523483e-09
ISIC_0025801,nv,nv,1.3853901359439647e-10,2.3693569328742115e-09,1.1240077757435074e-09,3.301725559623492e-10,2.8835223098155893e-09,1.0,3.5362268668848174e-10
ISIC_0031952,nv,bkl,0.3165695369243622,0.0011188990902155638,0.3742162585258484,0.0009279848309233785,0.0006875820690765977,0.30625417828559875,0.000225627125473693
ISIC_0032172,nv,nv,1.351336049992824e-05,4.922318566968897e-06,0.0009514481062069535,1.3698487464353093e-06,2.6802115371538093e-07,0.9990280866622925,4.201916681267903e-07
ISIC_0029673,nv,nv,2.0673105609603226e-06,4.275628384675656e-08,0.00037825675099156797,7.906798600743059e-06,3.775404911721125e-05,0.9995736479759216,3.787760078921565e-07
ISIC_0028262,nv,nv,3.75544290109886e-10,8.12064300248494e-08,5.4769664359355374e-08,1.5955055054917011e-09,1.5791175655976986e-07,0.9999996423721313,5.0613264690468895e-09
ISIC_0027664,nv,nv,3.9994219047656543e-10,2.5199490494287602e-08,7.700947207922582e-06,1.7212197462868062e-06,7.748380426164658e-08,0.9999873638153076,3.1968841085472377e-06
ISIC_0028379,nv,nv,4.477449227352492e-12,2.482178351748132e-10,8.417144758965378e-10,2.2386927867046325e-09,4.983201851160857e-09,1.0,7.186216621768438e-10
ISIC_0026289,nv,nv,1.1245727682407392e-09,8.007936536102989e-09,1.744828352912009e-07,5.121394863749629e-09,0.00022574343893211335,0.9997740387916565,3.207480059330692e-09
ISIC_0030218,nv,nv,1.0567273989181558e-07,3.988453045167262e-06,0.00023341043561231345,2.8225535686488e-08,2.9746647669526283e-06,0.9997585415840149,1.048932517733192e-06
ISIC_0024852,nv,nv,1.1110994364571525e-06,1.5232681782606505e-09,1.8218074728792999e-06,5.961724127701018e-06,5.197989594307728e-08,0.9999910593032837,6.945082731135699e-09
ISIC_0028039,nv,nv,6.184077139259614e-10,2.0812972678641017e-08,2.3074933963584954e-08,5.6464276809720104e-08,3.9554228692395554e-07,0.9999995231628418,4.807138509477227e-08
ISIC_0029761,nv,nv,8.634296402854069e-12,1.940767102581731e-09,1.0967818653284667e-08,3.1065527927864878e-09,9.139308865258045e-09,1.0,2.3909539237365607e-08
ISIC_0032131,nv,nv,1.990868359058595e-09,5.435200067793744e-10,9.575882309320605e-09,8.081732616460613e-09,1.9167828213539906e-07,0.9999997615814209,1.1610445938003977e-08
ISIC_0030412,nv,nv,6.191444246184119e-09,2.2028698865028673e-09,1.3075500646664295e-06,2.9855132765987946e-07,6.323240540950792e-06,0.999991774559021,1.8906337118096417e-07
ISIC_0025498,nv,nv,3.909945078817145e-08,4.407548601648159e-07,1.1128071264465689e-06,4.023394950536385e-08,7.518612221701915e-08,0.9999982118606567,2.9768052911549603e-08
ISIC_0026669,nv,nv,2.781328778400649e-10,2.647619723461503e-08,6.677309372093987e-09,2.463023562881972e-08,1.3925622965871298e-07,0.9999998807907104,1.927982662408567e-09
ISIC_0029110,nv,nv,2.0806071532319947e-08,1.2201800814182207e-07,5.863294518348994e-06,2.865215037672897e-06,1.007195623969892e-05,0.9999806880950928,3.1850447612669086e-07
ISIC_0026095,nv,nv,8.902190984372282e-09,5.302930539130557e-09,2.9544264180003665e-05,1.4900994756317232e-05,1.4843651115370449e-05,0.9999406337738037,7.819488700988586e-08
ISIC_0030628,nv,nv,6.746857650341553e-08,8.444296781817684e-07,7.707826443947852e-05,4.441003511601593e-06,5.297011011862196e-05,0.9998574256896973,7.248117526614806e-06
ISIC_0027445,nv,nv,2.147242028627261e-08,5.8196087948658715e-09,6.95437120157294e-06,9.180028541777574e-07,1.5987566257535946e-06,0.9999899864196777,5.235323783381318e-07
ISIC_0026250,nv,nv,1.3426427969420729e-08,6.489782600205274e-10,4.046270305479993e-07,3.099164658237896e-08,9.308903372584609e-07,0.9999986886978149,6.635644922425854e-09
ISIC_0029700,nv,nv,1.2304669783080868e-10,6.083071268925266e-10,4.6247262019960544e-08,5.590987228742961e-09,3.8923062106732687e-07,0.9999995231628418,8.33337121530775e-10
ISIC_0030405,nv,nv,3.442946479026432e-07,4.5682983795813925e-07,7.230397750390694e-05,2.204275006079115e-06,1.0920744898612611e-05,0.9999096393585205,4.186399110039929e-06
ISIC_0025212,nv,nv,1.101212916410077e-07,3.8923218426134554e-08,0.0001358461449854076,3.525002512105857e-06,0.000366236170521006,0.9994939565658569,2.367595897112551e-07
ISIC_0029908,nv,nv,2.449958174111089e-07,0.00014434359036386013,1.7276282960665412e-05,3.604132143664174e-05,0.00032673246460035443,0.9994624257087708,1.3019373909628484e-05
ISIC_0029658,nv,nv,0.002762977033853531,0.0022857331205159426,0.0035688162315636873,0.2521686553955078,0.03526410087943077,0.7013413906097412,0.00260829646140337
ISIC_0027995,nv,nv,0.00022909401741344482,0.2457571178674698,0.023727646097540855,6.511761603178456e-05,0.012369373813271523,0.7175046801567078,0.0003469647199381143
ISIC_0026595,nv,nv,5.96614100345505e-08,1.566215019010997e-06,1.206740580528276e-05,2.559092990850331e-07,8.627829629404005e-06,0.9999773502349854,1.3527991882256174e-07
ISIC_0029037,nv,nv,4.41291100883312e-11,5.4542301231030876e-11,2.035565938030004e-09,1.475628952363195e-09,2.5998083401646e-06,0.9999973773956299,3.775582069209804e-09
ISIC_0028351,nv,nv,1.1829807533558778e-07,8.531847583981289e-08,4.946621174894972e-06,1.3797722431263537e-07,3.514186914799211e-07,0.9999939203262329,4.255432202171505e-07
ISIC_0026723,nv,nv,2.109733252626724e-14,2.8806375687584485e-12,1.9583647203891275e-11,1.1541075170193316e-12,6.675545533019189e-11,1.0,2.0368585290642116e-11
ISIC_0026116,nv,nv,6.31964369723903e-10,3.1164750780021677e-09,2.42224462709828e-08,1.7407915109401983e-08,8.143135232785426e-08,0.9999998807907104,3.2974221131354398e-09
ISIC_0025787,nv,nv,1.5023687183202128e-06,9.943108807419776e-07,8.170787623384967e-06,0.00015254062600433826,2.84010329778539e-05,0.9998041987419128,4.279613222024636e-06
ISIC_0028738,nv,nv,1.4002041837102297e-07,5.308674190018792e-06,6.595861577807227e-06,1.7836607639765134e-06,9.479918503529916e-07,0.9999841451644897,1.0243219321637298e-06
ISIC_0025138,nv,nv,1.974222101353007e-07,6.346283498714911e-07,1.5164351680141408e-05,1.0287276808185197e-07,7.866138389545085e-07,0.9999830722808838,8.584903810060496e-08
ISIC_0027241,nv,nv,1.19389733299613e-06,1.3485289684922463e-07,1.2835206462114002e-06,4.423571056122455e-07,1.0436677257530391e-05,0.9999856948852539,7.791282428115665e-07
ISIC_0031338,nv,nv,7.503237497985538e-08,1.493503276606134e-08,8.972512659966014e-06,8.851350941085911e-08,0.00017204222967848182,0.9998186230659485,2.405911345704226e-07
ISIC_0031610,nv,nv,4.3818901758641005e-05,0.0020728767849504948,0.0002520511916372925,0.0002720965421758592,0.0014111129567027092,0.9959331154823303,1.4827269296802115e-05
ISIC_0028726,nv,nv,3.4608485782045006e-12,6.673830932335534e-10,3.7578662404058605e-10,4.485037674584191e-09,6.6758709671432825e-09,1.0,2.8818014641274203e-09
ISIC_0025839,nv,nv,9.675477308235259e-09,3.3001825716638677e-09,2.6628063309885874e-08,9.440991277642752e-08,6.153805588837713e-05,0.9999382495880127,8.869391443511176e-09
ISIC_0027842,nv,nv,1.0492203550427348e-08,2.9115665256540524e-07,1.5167684352945798e-07,0.00022088761033955961,2.0658013454522006e-05,0.9997574687004089,6.08688822012482e-07
ISIC_0027866,nv,nv,0.05856946483254433,0.014539891853928566,0.008748308755457401,0.11237938702106476,0.01831052266061306,0.7865414023399353,0.0009109202073886991
ISIC_0029164,nv,nv,1.333921591140097e-05,3.528742672642693e-05,0.0006866715848445892,8.604781669419026e-07,0.17965123057365417,0.8196119666099548,6.625775199609052e-07
ISIC_0026800,nv,nv,1.200923249733421e-10,7.253885825342365e-10,1.592839815600655e-08,6.742144620375257e-08,4.5065196019322684e-08,0.9999997615814209,1.0655131221781744e-09
ISIC_0031944,nv,nv,0.0005613122484646738,1.63206277647987e-05,0.0004482576041482389,0.0017481966642662883,0.0005830637528561056,0.9966202974319458,2.249737190140877e-05
ISIC_0031161,nv,nv,6.591831525071257e-09,3.944431270497262e-08,0.0004473264270927757,5.796539781499632e-08,3.8142229641380254e-07,0.9995519518852234,2.535959424676548e-07
ISIC_0028001,nv,nv,2.5579545148701754e-09,2.5518938073787467e-08,2.1307329006958753e-05,8.182832189618239e-09,3.229271533200517e-05,0.9999463558197021,3.5965442179985985e-08
ISIC_0026856,nv,nv,1.841715113748421e-10,6.8464220959185695e-09,2.3209347332908692e-08,5.164442207217235e-09,4.0930562050789376e-08,0.9999998807907104,2.1928283189254216e-08
ISIC_0029255,nv,nv,5.2528118743566665e-08,4.851229640223664e-09,1.7774635807654704e-06,1.6641891420476895e-08,3.0623712518718094e-05,0.9999674558639526,6.545040065475405e-08
ISIC_0028300,nv,nv,3.477537355300875e-11,1.5001565267791506e-10,1.7241231775599886e-09,6.532610563603214e-10,2.0289832036723965e-07,0.9999997615814209,4.095214167776362e-10
ISIC_0032418,nv,nv,9.189905085804639e-07,2.1155271667794295e-07,0.00014500597899314016,2.4861759584382526e-07,0.00021005549933761358,0.9996433258056641,2.2553433609573403e-07
ISIC_0028704,nv,nv,1.4520783686577943e-08,1.5875125214392938e-08,4.457850536709884e-06,3.17605156396894e-07,1.1475341125333216e-05,0.9999836683273315,9.474805828801891e-09
ISIC_0032506,nv,nv,8.749355401960202e-06,1.5058992175909225e-05,0.00015495961997658014,0.003899654606357217,0.00011925971921300516,0.9957608580589294,4.1475926991552114e-05
ISIC_0032261,nv,nv,2.0305138605181128e-05,2.4805549401207827e-05,0.0006110626272857189,1.1756622370739933e-05,0.00023242320457939059,0.9990642666816711,3.545174695318565e-05
ISIC_0029259,nv,nv,1.976783736701293e-10,3.367349421523613e-08,1.9235087165725417e-05,1.5172152423303942e-09,4.578875234528823e-08,0.9999805688858032,1.2424850126535603e-07
ISIC_0031869,nv,nv,3.543261755112326e-07,5.163231435290072e-06,2.0034653061884455e-05,1.1743449022105779e-06,8.028011961869197e-07,0.9999698400497437,2.6080929274030495e-06
ISIC_0025025,nv,nv,7.312285221772186e-10,1.5463994529341107e-09,1.0891648827282552e-07,2.6586212342749604e-08,4.302487255358756e-09,0.9999998807907104,9.580670479181208e-09
ISIC_0029481,nv,nv,2.974873609673523e-07,0.00022576881747227162,5.803148724226048e-06,0.00013505759125109762,3.3291471481788903e-05,0.9993935823440552,0.00020618035341612995
ISIC_0030157,nv,nv,2.010438038269058e-08,6.795699647454967e-08,1.5709837271060678e-06,3.5453930902207276e-09,1.2227420143062773e-07,0.9999980926513672,3.0903080983080145e-08
ISIC_0029098,nv,nv,2.2881440600031056e-05,2.726085085669183e-06,6.198691698955372e-05,0.00016909014084376395,1.07644827949116e-05,0.9997301697731018,2.323448825336527e-06
ISIC_0031497,nv,nv,1.8007481727977392e-08,7.760407072510134e-08,1.059859982888156e-06,3.598277999117272e-06,1.0912964171438944e-05,0.9999837875366211,5.228490067565872e-07
ISIC_0031448,nv,nv,2.268340267619351e-06,4.5318505726754665e-05,1.3584689440904185e-05,5.255611995380605e-06,0.0002989564382005483,0.9996278285980225,6.874617156427121e-06
ISIC_0028031,nv,nv,4.80385331513844e-08,4.7089281451917486e-07,0.00218649348244071,3.8677816860399616e-07,0.00011681571777444333,0.9976953864097595,4.077278674685658e-07
ISIC_0028334,nv,nv,6.146080409052956e-07,1.8211790120403748e-07,1.9764471289818175e-05,2.7089656668977113e-06,4.1761296643016976e-07,0.9999746084213257,1.6016406334529165e-06
ISIC_0030257,nv,nv,3.393293354747584e-06,6.560175097547472e-05,5.336350659490563e-05,2.825653791660443e-05,1.4258149349188898e-05,0.9998323917388916,2.7157504973729374e-06
ISIC_0031805,nv,nv,6.067144113330869e-06,2.021511704697332e-07,3.823572478722781e-05,3.1746403692523018e-06,0.00025814861874096096,0.9996932744979858,8.039602903409104e-07
ISIC_0024797,nv,nv,2.339223785377889e-15,2.196795669635529e-13,9.818674519268544e-12,5.765430450763165e-13,7.960013204133531e-11,1.0,1.6795185034390592e-11
ISIC_0030807,nv,nv,2.43578407443934e-10,1.7906413019019851e-09,1.9256341943219013e-07,6.289400111825216e-10,9.705689052452726e-08,0.9999997615814209,6.586998724245063e-10
ISIC_0028342,nv,nv,2.394950229245296e-07,0.00012273383617866784,0.0003324186254758388,1.322502430411987e-05,3.4434435747243697e-07,0.9994267225265503,0.0001044147793436423
ISIC_0024368,nv,nv,1.47952361473358e-08,5.116273200655996e-07,7.287581684067845e-05,2.6752761073112197e-07,0.00018331236788071692,0.99974125623703,1.8249602362629957e-06
ISIC_0024397,nv,nv,1.176116715129183e-08,4.2775729625077474e-09,1.4553245364368195e-06,1.4605545572976553e-07,3.986284635715265e-09,0.9999983310699463,2.1435608843489717e-08
ISIC_0029799,nv,nv,0.0003293516347184777,0.00013008463429287076,0.16413648426532745,0.0002668341330718249,0.0127602843567729,0.8222116827964783,0.0001653794024605304
ISIC_0028828,nv,nv,0.002391560934484005,0.00024114586994983256,0.0027095917612314224,5.9160236560273916e-05,0.0932585597038269,0.9011445045471191,0.00019543511734809726
ISIC_0026673,nv,nv,2.1858066467927983e-09,1.928371684556396e-09,1.4149286471365485e-05,1.760586343380055e-07,9.058911928150337e-06,0.999976634979248,2.627525930165575e-08
ISIC_0025828,nv,nv,3.363921052823571e-08,1.3362416062534521e-08,7.605246565844936e-08,1.7275110621994827e-06,2.456888296364923e-06,0.9999957084655762,1.3468143933437204e-08
ISIC_0025682,nv,nv,9.386012970935553e-05,0.0015451782383024693,0.05285928398370743,0.0004737122799269855,0.007691653911024332,0.9347317218780518,0.0026046400889754295
ISIC_0026431,nv,nv,1.5126555563682587e-10,1.0811250783504534e-09,1.1262112593612983e-06,5.569169014840725e-10,2.5123074465227546e-06,0.9999963045120239,1.7552217457250663e-08
ISIC_0028440,nv,nv,1.649428504890693e-08,3.852462882036889e-08,2.4359489543712698e-05,6.215897428774042e-06,5.46895716979634e-06,0.9999637603759766,2.073999922913572e-07
ISIC_0024988,nv,nv,4.7178310147444336e-09,0.000402318051783368,3.9342299373856804e-07,1.9129807071749383e-08,8.339956139025162e-07,0.9995959401130676,5.173682779968658e-07
ISIC_0029395,nv,nv,5.925632285652682e-05,0.0005157470586709678,0.004713321570307016,1.8094851839123294e-05,0.019253714010119438,0.9753351807594299,0.00010460744670126587
ISIC_0025194,nv,nv,4.499361716536754e-10,9.304995662873239e-10,1.374662694786366e-08,1.2551446104680508e-08,6.629287119253036e-10,1.0,2.596939108201468e-09
ISIC_0024717,nv,nv,4.093171355634695e-06,5.1374030590523034e-05,0.00023826626420486718,0.003061003051698208,3.316610445835977e-06,0.9964361190795898,0.0002059823164017871
ISIC_0028213,nv,nv,6.788811788283056e-06,6.721254067088012e-06,0.0005714845028705895,0.021290624514222145,4.497556437854655e-05,0.9780771732330322,2.2158887986734044e-06
ISIC_0024491,nv,nv,7.558941916840922e-08,1.6779196698735177e-08,4.053793873026734e-06,6.49917453188209e-08,0.0002190407831221819,0.9997766613960266,6.396652985074525e-09
ISIC_0030478,nv,nv,9.848459967543022e-07,1.0591803629722563e-06,0.20180143415927887,0.0009513834374956787,0.00014981706044636667,0.7970471382141113,4.819498280994594e-05
ISIC_0028417,nv,nv,4.101910278109244e-08,1.8914501964673036e-08,4.517281467997236e-06,4.136572417934303e-09,0.0004284906026441604,0.9995668530464172,1.4734345654687786e-07
ISIC_0030891,nv,nv,2.390168219790212e-06,1.2255833325980348e-06,0.004165838938206434,1.4174809621181339e-05,0.0005117286345921457,0.9952907562255859,1.4000279406900518e-05
ISIC_0027186,nv,nv,5.725438313675113e-05,5.018271167500643e-06,0.017407072708010674,0.0009564149659126997,6.448674685088918e-05,0.9814693927764893,4.046893081977032e-05
ISIC_0025177,nv,nv,4.5630631717585857e-08,3.0333110316860257e-06,6.948004738660529e-05,1.349068679701304e-05,7.50383478589356e-05,0.999817430973053,2.1611947886412963e-05
ISIC_0029049,nv,nv,4.128708208650522e-10,5.120153975281261e-13,6.723673351416437e-08,4.377562494353032e-13,2.819412202370586e-06,0.9999971389770508,7.699348970879871e-13
ISIC_0029018,nv,nv,1.0508192360703106e-07,1.8564999209047528e-06,1.7030353092195583e-06,1.403652873932515e-07,0.00048312690341845155,0.9995115995407104,1.4026111330167623e-06
ISIC_0027112,nv,nv,4.436465701473935e-07,1.1985228411504067e-05,0.006314088590443134,8.266992517746985e-05,0.0006765712168999016,0.9928285479545593,8.579162386013195e-05
ISIC_0028791,nv,nv,1.105624836128527e-08,4.7313986328845203e-07,2.3456792064280307e-07,3.15545243267934e-08,0.0003497297875583172,0.9996495246887207,7.785561706441513e-08
ISIC_0027855,nv,nv,1.2194776672913576e-06,2.858181005649385e-06,0.002756295958533883,2.6996888209396275e-06,0.029160726815462112,0.9680585861206055,1.7671532987151295e-05
ISIC_0026730,nv,nv,5.481350839886545e-08,3.079551561313565e-06,8.134661766234785e-05,1.5713877701273304e-06,7.871844718465582e-05,0.9998346567153931,5.11177120188222e-07
ISIC_0026519,nv,nv,0.00010604844283079728,0.000270924560027197,1.8179762264480814e-05,0.0006125026848167181,0.1372440606355667,0.8616425395011902,0.00010569031292106956
ISIC_0028755,nv,nv,0.0009293820476159453,0.00036960787838324904,0.030868200585246086,0.00022615425405092537,0.013127222657203674,0.9544093012809753,7.006300438661128e-05
ISIC_0024597,nv,nv,9.694809705251828e-06,0.0002732750726863742,0.00034689108724705875,0.001153432996943593,0.0028381538577377796,0.9930250644683838,0.0023535226937383413
ISIC_0029790,nv,nv,1.0299219184162212e-06,1.0238507286430831e-07,0.06585431098937988,1.0256219411530765e-06,0.00208921916782856,0.932050347328186,3.91156527257408e-06
ISIC_0027898,nv,nv,3.1802026114746695e-06,1.8953753169625998e-05,5.629458973999135e-05,0.00010594799095997587,0.002572200261056423,0.997222900390625,2.0593088265741244e-05
ISIC_0028293,nv,nv,7.444631577868677e-10,6.054137315913977e-07,1.917482768476475e-05,1.9017253549691304e-08,4.456624992599245e-06,0.9999756813049316,3.7099916028182633e-08
ISIC_0032428,nv,nv,9.279976325160533e-07,0.00016884457727428526,0.00035467417910695076,1.0307978300261311e-05,0.008996456861495972,0.9904643297195435,4.469379746296909e-06
ISIC_0027640,nv,mel,0.006633993703871965,0.0005988628254272044,0.38562339544296265,0.0012670975411310792,0.5849431157112122,0.019679762423038483,0.0012538376031443477
ISIC_0030273,nv,mel,0.00010801346797961742,2.247825932499836e-06,0.014713378623127937,1.6590067843935685e-06,0.685436487197876,0.2997324466705322,5.792076535726665e-06
ISIC_0028971,nv,nv,2.6281688860763097e-06,6.110882532084361e-05,0.0035405380185693502,7.380806891887914e-06,0.0552615150809288,0.940942645072937,0.00018414539226796478
ISIC_0031145,nv,nv,2.98524382991161e-09,7.040846239370069e-10,2.594426575797115e-07,7.152890901807041e-08,2.5434587769268546e-06,0.9999970197677612,4.475205983567321e-09
ISIC_0027235,nv,mel,6.307314379228046e-06,5.563171271205647e-06,0.00017735357687342912,1.9705801605596207e-05,0.5493623614311218,0.4504096508026123,1.90498376468895e-05
ISIC_0024891,nv,nv,3.9473393371736165e-06,2.0940333342878148e-05,0.0003553671413101256,5.1877515943488106e-05,0.24857845902442932,0.7493517994880676,0.0016376330750063062
ISIC_0025442,nv,nv,2.390446507405386e-09,3.2930607130055023e-09,6.39361132925842e-07,4.923502494591503e-09,0.0019315240206196904,0.9980677962303162,2.5986150120616003e-08
ISIC_0028461,nv,nv,0.001277406932786107,6.664198008365929e-05,0.0002889703609980643,0.04674561694264412,0.2515925168991089,0.6999502778053284,7.855167496018112e-05
ISIC_0029719,nv,mel,0.030739877372980118,0.018996765837073326,0.3546920120716095,0.0023929814342409372,0.5046702027320862,0.08529150485992432,0.003216640092432499
ISIC_0028453,nv,df,0.001863765181042254,0.008426501415669918,0.02131498046219349,0.36699172854423523,0.06274902075529099,0.35386770963668823,0.18478630483150482
ISIC_0031733,nv,nv,5.9353748582680055e-08,0.0003371756465639919,0.0005368033889681101,1.822622948566277e-06,0.0034052529372274876,0.9779431819915771,0.017775671556591988
ISIC_0031663,nv,nv,0.0001984803529921919,0.003392536425963044,0.00036755463224835694,0.06682653725147247,0.061312586069107056,0.861120343208313,0.0067820162512362
ISIC_0032096,nv,nv,4.2703240978880785e-06,6.077889702282846e-05,0.009264273568987846,1.4868083781038877e-05,0.009946482256054878,0.9806538224220276,5.54537218704354e-05
ISIC_0027358,nv,nv,2.056302582786884e-05,0.003687269752845168,0.03421810269355774,9.472201782045886e-06,0.012027422897517681,0.9500253796577454,1.1727056516974699e-05
ISIC_0027734,nv,nv,9.642878285376355e-05,0.001264764228835702,0.01793556846678257,8.48837080411613e-05,0.2299632877111435,0.7506358623504639,1.9147135390085168e-05
ISIC_0030874,nv,nv,3.4071694244630635e-05,8.650258678244427e-05,0.00019454731955192983,9.8584905572352e-07,4.7017903852974996e-05,0.9996366500854492,2.150086260144235e-07
ISIC_0029389,nv,df,0.00013361970195546746,0.00814092718064785,0.006520798429846764,0.7250374555587769,0.008031726814806461,0.25053349137306213,0.0016019751783460379
ISIC_0026874,nv,nv,1.5500759218411986e-06,1.4800079952692613e-05,0.00013602593389805406,1.5406578768306645e-07,0.03799137473106384,0.9618540406227112,2.0661086637119297e-06
ISIC_0026389,nv,nv,1.4929551070963498e-05,0.0010290967766195536,0.07724719494581223,0.0004816607397515327,0.0008310097618959844,0.9179502725601196,0.0024457962717860937
ISIC_0025428,nv,nv,1.9684732251334935e-05,6.879605734866345e-06,0.0004486406978685409,1.0856715562113095e-05,0.08077237010002136,0.918738603591919,2.993911493831547e-06
ISIC_0024824,nv,nv,0.00027566534117795527,0.0004383896302897483,0.014879362657666206,0.0006136572919785976,0.000762654934078455,0.9828147292137146,0.0002154040994355455
ISIC_0027878,nv,nv,7.793364176222894e-08,1.564000484677308e-08,2.976358473461005e-06,2.3743373844808957e-07,0.00037358366535045207,0.9996230602264404,1.4827697292219e-08
ISIC_0028371,nv,nv,5.874714133824455e-06,0.0022116447798907757,0.00031297915847972035,0.00038526218850165606,0.020441558212041855,0.9765053987503052,0.0001372733386233449
ISIC_0026006,nv,nv,8.315565125371904e-09,8.03002476459369e-05,0.0011207328643649817,1.1050790504896213e-07,4.7538424041704275e-06,0.9987916350364685,2.536978854550398e-06
ISIC_0026541,nv,nv,2.430072709103115e-05,9.873862290987745e-05,0.0007839692989364266,1.0597204891382717e-05,0.15523293614387512,0.8436514735221863,0.0001980159431695938
ISIC_0025869,nv,nv,1.8463444575900212e-05,0.002703429665416479,0.3292211592197418,0.000543671369086951,0.08395262807607651,0.5835571885108948,3.445833272053278e-06
ISIC_0027812,nv,nv,7.444828042935114e-08,2.561483415775001e-05,3.063677650061436e-05,9.00562372407876e-06,1.9038139726035297e-05,0.9998847246170044,3.078215740970336e-05
ISIC_0027410,nv,nv,2.4285984778771308e-08,1.292182901124761e-06,4.568324584397487e-06,5.324112066773523e-07,1.537180651212111e-05,0.9999779462814331,2.4770193363110593e-07
ISIC_0027103,nv,nv,9.077478466679167e-07,1.3320182006282266e-06,0.00036757797352038324,3.3841201911855023e-06,0.18505603075027466,0.8145051598548889,6.562130874954164e-05
ISIC_0028528,nv,mel,6.693789327982813e-05,1.8352426195633598e-05,0.2863650918006897,1.6688192772562616e-05,0.5905057787895203,0.1228477731347084,0.00017931337060872465
ISIC_0029945,nv,mel,1.14686645247275e-06,3.4990259223377507e-07,0.0024543069303035736,3.1276385925593786e-07,0.9927746057510376,0.004768779501318932,4.250031793162634e-07
ISIC_0026148,nv,mel,2.7153986593475565e-05,0.00012310428428463638,0.00032133416971191764,1.513426559540676e-05,0.9806094765663147,0.01886802166700363,3.5742770705837756e-05
ISIC_0031094,nv,nv,8.13345377537189e-06,2.1151740838831756e-06,0.10232200473546982,5.5845339375082403e-05,0.40742895007133484,0.4901331961154938,4.974928015144542e-05
ISIC_0029488,nv,bkl,0.012647456489503384,0.004576485604047775,0.642645001411438,0.0013929445995017886,0.09426815062761307,0.22342556715011597,0.021044306457042694
ISIC_0028804,nv,bkl,8.595559393143049e-07,0.0002521339920349419,0.8964003920555115,1.5894082707745838e-06,0.004570780787616968,0.09876049309968948,1.377929493173724e-05
ISIC_0026781,nv,nv,5.507548905825388e-08,1.878580135894481e-08,5.876710474694846e-06,1.9436258469340828e-07,0.0002527703472878784,0.9997410178184509,4.426731337048295e-08
ISIC_0029846,nv,nv,4.0988787364248935e-10,1.4013179949756704e-08,1.9909679238594435e-08,1.541120475678781e-08,0.001008131424896419,0.9989911913871765,6.450321166084905e-07
ISIC_0029194,nv,nv,4.6317383623959135e-15,1.66575225835075e-11,6.970800239120001e-12,6.767793790662946e-13,1.6987134188184427e-07,0.9999998807907104,1.418972050970524e-09
ISIC_0027034,nv,bkl,6.364446016959846e-05,0.00010870940604945645,0.9946326017379761,6.736128852935508e-06,0.001993549522012472,0.0027758385986089706,0.000418886513216421
ISIC_0031887,nv,nv,2.87103648588527e-06,2.3281812389086554e-07,1.3959705029265024e-05,1.6793121915270603e-07,0.0010216529481112957,0.9989610910415649,7.034230264935104e-08
ISIC_0028534,nv,nv,1.9274031615168497e-07,1.2246051483089104e-05,4.0374911804974545e-06,1.2253026397957001e-05,0.013232746161520481,0.9867321848869324,6.4244964050885756e-06
ISIC_0028222,nv,bkl,0.145096555352211,0.010689330287277699,0.8219797015190125,0.0020389643032103777,0.015149733982980251,0.004793392028659582,0.00025231041945517063
ISIC_0026237,nv,nv,9.18629884836264e-05,6.951928662601858e-05,0.01523025706410408,0.00043218472274020314,0.024694126099348068,0.9594091176986694,7.294317038031295e-05
ISIC_0027548,nv,nv,1.1842802294381727e-09,1.0974408937158842e-08,2.8274105716263875e-05,1.6104260147642435e-09,0.0008847927092574537,0.9990867376327515,2.031299146665333e-07
ISIC_0028961,nv,nv,1.495425294706365e-07,0.0005702216294594109,0.0018875431269407272,1.2751009990097373e-06,0.000322490930557251,0.997217059135437,1.2328978300502058e-06
ISIC_0030053,nv,nv,0.0004735398106276989,0.001461516018025577,0.006233200430870056,0.00045543635496869683,0.48688724637031555,0.5032159686088562,0.0012731703463941813
ISIC_0025789,nv,nv,1.6137647662617383e-06,5.399260317062726e-06,0.00047984981210902333,5.558424618357094e-06,0.03394242748618126,0.9655328392982483,3.230778384022415e-05
ISIC_0030184,nv,nv,4.509882689518463e-09,7.4011849982014155e-09,1.1236788850510493e-06,3.627016909035774e-08,0.005188023205846548,0.9948108196258545,1.2717828568042933e-08
ISIC_0031501,nv,nv,1.149919048870629e-11,5.204536357439338e-09,1.0550052387259257e-08,4.097368277999891e-10,4.002191644758568e-07,0.9999991655349731,3.8513962863362394e-07
ISIC_0029354,nv,mel,0.00020815065363422036,0.0063255405984818935,0.00038358059828169644,7.395810098387301e-05,0.688306450843811,0.30421948432922363,0.00048288481775671244
ISIC_0033356,nv,nv,4.9085397222370375e-06,9.456383054384787e-07,5.937297100899741e-05,0.001009231200441718,3.371791308381944e-06,0.9989218711853027,3.5997928193864936e-07
ISIC_0031158,nv,bcc,2.8922402634634636e-05,0.4718264043331146,0.00016828485240694135,0.0714215412735939,0.00041639621485956013,0.4453848898410797,0.010753629729151726
ISIC_0033846,nv,nv,2.2934924345463514e-05,4.037484177388251e-05,0.0002267584204673767,3.906058282154845e-06,0.007044385652989149,0.9926609992980957,6.788708901694918e-07
ISIC_0032691,nv,nv,1.4132679748701804e-10,1.7231585047738918e-07,1.122460169256101e-08,3.337574838724322e-08,1.6537566125407466e-06,0.9999969005584717,1.3283973885336309e-06
ISIC_0032891,nv,nv,3.0330454814375685e-10,1.9754207869482343e-07,7.803779226378538e-06,1.0123028459929628e-06,9.023434358823579e-06,0.9999817609786987,1.7842185684457945e-07
ISIC_0033348,nv,nv,1.8226530755782733e-06,1.0539952910448847e-07,6.01911324338289e-06,3.5590514926298056e-06,0.006165741477161646,0.9938223361968994,4.4451522285271494e-07
ISIC_0033048,nv,nv,6.816722475377901e-08,2.5197760322726026e-08,8.465747782793187e-07,1.547543774904625e-06,0.00014359704800881445,0.9998538494110107,1.0705183228765236e-07
ISIC_0026618,nv,nv,2.71890542080655e-07,4.2960681412296253e-07,3.9821246900828555e-05,6.207111437106505e-05,8.43654333948507e-07,0.9998962879180908,2.33941904070889e-07
ISIC_0025456,nv,nv,1.0456168411110411e-06,2.420924147372716e-06,2.371360460529104e-05,0.0010522186057642102,6.116959411883727e-05,0.9988477230072021,1.1738379726011772e-05
ISIC_0033549,nv,nv,1.3402275271801045e-06,0.00030568364309147,0.010448220185935497,3.067751458729617e-05,0.002892830176278949,0.9857088327407837,0.0006124672945588827
ISIC_0025239,nv,nv,0.00017874193144962192,0.00010728387860581279,0.03402504324913025,0.00011259370512561873,0.3766719698905945,0.588853657245636,5.069351027486846e-05
ISIC_0034234,nv,nv,9.898958523990586e-07,2.901745574490633e-06,2.006870818149764e-05,1.524932940810686e-06,0.1225147470831871,0.8773128986358643,0.000146818594657816
ISIC_0034274,nv,mel,1.2052268516526965e-07,1.2116402103856672e-07,1.4365344213729259e-05,1.3984269742195465e-08,0.9888758063316345,0.011109009385108948,4.754602116463502e-07
ISIC_0033759,nv,nv,1.070958322024751e-09,1.1239426278564224e-08,1.2392404642014299e-05,1.2989387343509406e-08,0.00012417678954079747,0.9998633861541748,1.4133907377811283e-08
ISIC_0033386,nv,bkl,7.86343116487842e-06,1.0578458386589773e-05,0.8739147186279297,1.009333209367469e-05,0.02987717092037201,0.09613575041294098,4.372505645733327e-05
ISIC_0033253,nv,nv,1.156337202701252e-05,1.2958330444234889e-05,0.00030394140048883855,1.60017145844904e-06,0.009803328663110733,0.9898656010627747,9.310718382948835e-07
ISIC_0033974,nv,nv,6.907283136570186e-07,1.882621972981724e-06,4.830406032851897e-05,4.866095650868374e-07,4.690164860221557e-05,0.9998998641967773,1.7881786789075704e-06
ISIC_0025978,nv,nv,0.0001545503328088671,9.305786079494283e-05,0.026078060269355774,0.0009143645875155926,0.04841475561261177,0.9242637157440186,8.142708975356072e-05
ISIC_0025786,nv,nv,1.4788851331104524e-05,0.045236021280288696,0.010202312842011452,4.823985727853142e-05,0.01877172663807869,0.9257033467292786,2.3640090148546733e-05
ISIC_0025525,nv,nv,0.0005030138418078423,0.0006633484736084938,0.06332609057426453,0.00014730390103068203,0.00015050846559461206,0.9351846575737,2.510597369109746e-05
ISIC_0027847,nv,nv,2.5438655484322226e-06,1.749442276377522e-06,0.002372527727857232,5.275721264297317e-07,0.02351432293653488,0.9741042852401733,4.0322120185010135e-06
ISIC_0028780,nv,nv,0.0005675905849784613,0.00024873053189367056,0.014638201333582401,3.837319673039019e-05,0.016036538407206535,0.9683910608291626,7.950542203616351e-05
ISIC_0031988,nv,nv,1.2852029840360046e-07,1.0624809476666996e-08,3.3329273719573393e-05,9.081193574900226e-09,0.05587321147322655,0.9440932273864746,1.3559015599184931e-07
ISIC_0029662,nv,nv,3.1148522339208284e-07,1.0821005247407811e-07,3.7258307656884426e-06,7.393531404886744e-07,2.8604790713870898e-05,0.9999662637710571,2.4038013179961126e-07
ISIC_0025001,nv,nv,6.825921872177787e-08,1.097743904665549e-07,6.27278204774484e-05,2.2679092580801807e-05,0.00033024154254235327,0.9995831847190857,1.0817493603099138e-06
ISIC_0028500,nv,nv,2.1549866058290235e-11,1.655895698338128e-10,5.360533350540209e-09,2.2710892194632848e-11,2.437762486806605e-05,0.9999755620956421,7.995992201692559e-10
ISIC_0025262,nv,bcc,5.2544011850841343e-05,0.5110976696014404,0.000283568340819329,8.148201595759019e-05,0.0796554908156395,0.40842127799987793,0.0004079584905412048
ISIC_0029348,nv,nv,6.545395336843285e-08,3.7290561749614426e-08,0.002703869715332985,2.0803447853268153e-07,0.00022383354371413589,0.9970716238021851,2.952367594843963e-07
ISIC_0030429,nv,nv,5.364833910448397e-09,0.4397145211696625,0.0006789371254853904,4.572414036374539e-05,1.0721404578362126e-05,0.5488121509552002,0.010737941600382328
ISIC_0030899,nv,nv,9.314642284152796e-07,3.455592079149028e-08,0.00018243239901494235,4.771152930516109e-07,0.042867351323366165,0.9569478631019592,9.231144417753967e-07
ISIC_0032641,nv,nv,8.60617461739821e-08,7.976176857482642e-05,5.822224011353683e-06,4.114006912914192e-07,0.0016034069703891873,0.9983105659484863,4.6188354474452353e-08
ISIC_0032717,nv,nv,1.2975326058040082e-07,6.160424277368293e-07,9.433528612134978e-05,3.874662866110157e-07,0.0014030886813998222,0.9984967708587646,4.7628063839511015e-06
ISIC_0032651,nv,nv,3.7326223889522225e-08,2.733627724182952e-08,3.950406153307995e-06,7.837414273126342e-07,1.6010585568437818e-06,0.9999935626983643,9.696003111514528e-09
ISIC_0033503,nv,nv,0.005322386976331472,4.22169323428534e-05,0.12994012236595154,9.035713446792215e-06,0.03859534487128258,0.8260836005210876,7.216584890556987e-06
ISIC_0033795,nv,nv,4.322959739511134e-06,4.88748412408313e-07,0.0003646841796580702,2.4808679199850303e-07,0.4654551148414612,0.5341736078262329,1.5438452010130277e-06
ISIC_0033100,nv,nv,0.0009107741643674672,0.0006964608910493553,0.031961746513843536,3.918386482837377e-06,0.0011477585649117827,0.9652633666992188,1.5946823623380624e-05
ISIC_0033388,nv,nv,1.5700137737439945e-05,2.8674212444457226e-06,0.003806798020377755,2.214465666838805e-06,0.0018511742819100618,0.9942989349365234,2.229497658845503e-05
ISIC_0032811,nv,nv,1.6164776184268703e-08,1.267497884427371e-09,7.6124579209135845e-06,2.884287697568766e-09,2.6500145395402797e-05,0.9999659061431885,2.0673751599531442e-09
ISIC_0033370,nv,nv,1.9733170120161958e-07,6.228528036444914e-06,3.760846084333025e-05,2.430993895075062e-08,0.003612037980929017,0.996343195438385,7.827870263099612e-07
ISIC_0033521,nv,nv,5.584734481089981e-06,2.7592495825956576e-06,0.00031006336212158203,2.1943508272670442e-06,0.00039309842395596206,0.9992722868919373,1.414753478456987e-05
ISIC_0032623,nv,nv,0.00015532399993389845,0.0006321247783489525,0.0061561125330626965,4.368377267383039e-05,0.0012524668127298355,0.9916941523551941,6.611230492126197e-05
ISIC_0032821,nv,nv,2.0653357069022604e-07,1.0757229063074192e-07,3.2755829124653246e-06,1.0233966207806588e-07,0.026040222495794296,0.9739442467689514,1.1780121894844342e-05
ISIC_0034133,nv,nv,4.227985300531145e-06,1.3327038686838932e-05,0.0006932048127055168,4.1412690734432545e-06,0.015916157513856888,0.9833610653877258,7.810391252860427e-06
ISIC_0034152,nv,nv,1.5294797606202337e-07,0.07488017529249191,0.00014355593884829432,3.985843250120524e-06,0.01233787089586258,0.912611186504364,2.309340015926864e-05
ISIC_0034020,nv,nv,1.0792873581522144e-05,4.4675482058664784e-05,0.08663901686668396,0.0015052518574520946,4.477132097235881e-05,0.9117407202720642,1.4828105122433044e-05
ISIC_0034273,nv,nv,0.00019261299166828394,6.891330940561602e-06,2.2882333723828197e-05,0.0057118916884064674,0.0009667609119787812,0.9930917024612427,7.254005595314084e-06
ISIC_0033633,nv,nv,2.1611538613797165e-05,5.469969619298354e-05,0.044218871742486954,1.43600300361868e-06,0.05927809700369835,0.8963468670845032,7.847881352063268e-05
ISIC_0032948,nv,nv,0.00016327618504874408,2.0708372176159173e-05,0.004431356675922871,0.0001459703635191545,0.0813087597489357,0.9138514399528503,7.844843639759347e-05
ISIC_0033657,nv,nv,0.002533651888370514,0.0006867454503662884,0.25171583890914917,0.00026069700834341347,0.21050958335399628,0.5342249870300293,6.840547575848177e-05
ISIC_0033837,nv,mel,0.09505879133939743,0.00641737412661314,0.06733930855989456,0.010404706001281738,0.7778434753417969,0.03691929578781128,0.006016979925334454
ISIC_0032612,nv,nv,5.996719664835837e-06,1.0024610901382403e-06,0.00013374035188462585,1.3359185686567798e-06,0.0207158662378788,0.9791412949562073,7.719310133325052e-07
ISIC_0034039,nv,nv,1.6643376739011728e-06,2.3716245323157636e-06,2.3793894797563553e-05,4.022513621748658e-06,0.007132742553949356,0.9928336143493652,1.7920084474098985e-06
ISIC_0033071,nv,nv,1.9958304619649425e-05,0.00516224279999733,0.010180973447859287,0.001523587852716446,0.014828020706772804,0.9565235376358032,0.011761687695980072
ISIC_0034086,nv,mel,1.093045057132258e-06,3.7692433352276566e-07,0.00012202651851112023,3.1291602908822824e-07,0.806124746799469,0.1937505006790161,1.0057691497422638e-06
ISIC_0033242,nv,nv,5.6511606089770794e-05,0.001242561498656869,0.0027708401903510094,3.8585596485063434e-05,0.021576713770627975,0.9717511534690857,0.0025636241771280766
ISIC_0032961,nv,nv,3.289930418759468e-06,5.877426701772492e-06,5.39398861292284e-05,9.701584531285334e-06,0.021633414551615715,0.9782400727272034,5.38097410753835e-05
ISIC_0034112,nv,nv,3.318524477435858e-06,9.75924535850936e-07,0.0001313409156864509,2.8899614790134365e-06,0.004059496335685253,0.995796799659729,5.3166695579420775e-06
ISIC_0033838,nv,nv,1.1945337519136956e-06,2.6465278324394603e-07,2.4857836251612753e-06,5.851862283634546e-07,0.001849543652497232,0.9981456995010376,2.966552301586489e-07
ISIC_0033990,nv,nv,6.751703267582343e-07,3.2162749903363874e-06,0.00017758704780135304,5.164572485227836e-06,0.005222514271736145,0.9945319890975952,5.874031194252893e-05
ISIC_0034157,nv,nv,1.6871883872227045e-06,0.008270232938230038,0.00012661682558245957,4.85793971165549e-05,0.0008259902824647725,0.9906228184700012,0.00010417956946184859
ISIC_0032770,nv,nv,0.0011355619644746184,0.002062997780740261,0.16624952852725983,0.0011626096675172448,0.009535781107842922,0.819561779499054,0.00029171514324843884
ISIC_0034184,nv,nv,4.507705398282269e-06,0.0008318338659591973,0.010582168586552143,0.00014559205737896264,5.8137411542702466e-05,0.9883521199226379,2.560642133175861e-05
ISIC_0033385,nv,bkl,2.5747936888365075e-05,6.845080406492343e-06,0.4115184247493744,1.317417627433315e-06,0.3828205168247223,0.20562008023262024,7.048102361295605e-06
ISIC_0033849,nv,nv,3.3040774724213406e-05,6.5054200604208745e-06,0.0010664156870916486,0.001982986694201827,0.21050295233726501,0.7863940000534058,1.4119475963525474e-05
ISIC_0032885,nv,nv,2.669542118383106e-05,4.58970753243193e-05,8.78547434695065e-05,2.7077801860286854e-05,0.2647053599357605,0.7348748445510864,0.00023228616919368505
ISIC_0032859,nv,nv,3.873309469781816e-05,0.00013354452676139772,0.010130845941603184,1.4304237993201241e-05,0.002516854787245393,0.9871281385421753,3.746936999959871e-05
ISIC_0033138,nv,nv,3.7432312183227623e-07,7.661858944629785e-06,6.741467223037034e-05,5.205851039136178e-07,0.001832533278502524,0.9980894923210144,2.1145799564692425e-06
ISIC_0032728,nv,nv,2.9702265536002415e-08,4.529661623564607e-07,1.9694500679179328e-06,3.1652955385652604e-06,3.954773274017498e-05,0.9997178912162781,0.00023689230147283524
ISIC_0034044,nv,nv,1.9778325111019512e-07,3.350076838160021e-08,3.7341139886848396e-06,2.7148712433699984e-07,0.0005628467188216746,0.9994328618049622,1.5019546140138118e-07
ISIC_0033763,nv,nv,0.0002701875928323716,0.00043598911724984646,0.017134834080934525,0.00024106833734549582,0.25633442401885986,0.717340350151062,0.008243181742727757
ISIC_0033069,nv,nv,7.075172470649704e-05,4.570922101265751e-06,0.0008236154681071639,7.291409019671846e-06,0.0032249419018626213,0.995848536491394,2.0220313672325574e-05
ISIC_0032735,nv,nv,2.2808497305959463e-05,1.4044404451851733e-05,0.003349041799083352,1.9511701339069987e-06,0.10701364278793335,0.8895685076713562,3.0117182177491486e-05
ISIC_0032546,nv,nv,0.05125221237540245,0.00899515114724636,0.055413804948329926,0.0006557536544278264,0.1626710444688797,0.7209219932556152,9.012367081595585e-05
ISIC_0033958,nv,nv,1.1119309561991031e-07,2.0215270524204243e-06,7.687517609156203e-06,6.911538434906106e-07,0.03805536776781082,0.9619113802909851,2.2733765945304185e-05
ISIC_0033016,nv,nv,1.2455055298232764e-07,9.342737030237913e-05,0.00030881661223247647,6.168114623505971e-07,0.009943385608494282,0.9896472096443176,6.40204507362796e-06
ISIC_0026810,nv,nv,1.2690604478393652e-07,8.958483732612876e-08,1.2576269000419416e-05,1.2582019870421846e-08,0.013583550229668617,0.9864033460617065,2.1115708648267173e-07
ISIC_0033351,nv,nv,8.544197044102475e-05,0.0002404791011940688,4.111602174816653e-05,9.040466829901561e-05,0.0738203153014183,0.9256789088249207,4.341694511822425e-05
ISIC_0033131,nv,nv,2.6775098376674578e-05,1.19382298180426e-06,0.00016770944057498127,0.0004123779071960598,0.00031700829276815057,0.9990712404251099,3.6933408864570083e-06
ISIC_0032683,nv,mel,8.507783604727592e-06,1.8990476746694185e-06,0.006699215155094862,7.405820383610262e-07,0.7282214760780334,0.2650638818740845,4.316208560339874e-06
ISIC_0032971,nv,nv,1.7565197367730434e-06,4.849504421144957e-06,0.010275168344378471,2.4815706183289876e-06,0.06342750787734985,0.9260837435722351,0.00020460359519347548
ISIC_0034224,nv,nv,3.759585975871005e-09,1.5416755871910937e-08,1.191757803553628e-08,1.1189096316144287e-09,0.0005155078833922744,0.9994844198226929,6.332067092884586e-10
ISIC_0032587,nv,nv,4.254605414644175e-07,2.101754944305867e-06,7.052318778733024e-06,4.243725197738968e-05,0.00016393201076425612,0.9997748732566833,9.173604667012114e-06
ISIC_0034300,nv,nv,2.698397736367042e-07,7.137339608220827e-09,7.008795819274383e-07,4.0458638750351383e-07,2.037316153291613e-05,0.9999783039093018,2.1951871431724612e-08
ISIC_0032609,nv,nv,1.2428414208898175e-07,3.227843308195588e-06,1.8535557728682761e-06,5.356167548598023e-06,3.1554482120554894e-05,0.9999480247497559,9.899597898765933e-06
ISIC_0033729,nv,mel,0.00015144539065659046,1.3031768503424246e-05,9.011595830088481e-05,5.2484130719676614e-05,0.6534603834152222,0.34620556235313416,2.7040641725761816e-05
ISIC_0034307,nv,nv,6.54623235618601e-08,2.7732500740285104e-08,3.355169383212342e-06,1.3317063348949887e-05,0.00483586685732007,0.9951469302177429,4.92833066800813e-07
ISIC_0032822,nv,nv,2.170286961700185e-06,2.143454366887454e-06,0.00011259827442700043,7.357086815318326e-07,0.02151159569621086,0.9783651232719421,5.721125035051955e-06
ISIC_0033976,nv,nv,0.0027239262126386166,0.004518093075603247,0.002020019106566906,0.0002733438741415739,0.08021919429302216,0.908683180809021,0.00156230793800205
ISIC_0034314,nv,nv,2.837543533473763e-10,2.8454525402565878e-09,7.271129902619577e-07,1.8058142481347517e-10,0.0007448293035849929,0.9992544054985046,9.391887267895527e-09
ISIC_0033983,nv,nv,1.8076704009217792e-06,8.167081944066013e-08,6.67268323013559e-05,5.7295157063208535e-08,4.228015313856304e-05,0.9998884201049805,6.822053819632856e-07
ISIC_0032541,nv,nv,0.00023004926333669573,2.2838091808807803e-06,0.0074363392777740955,1.2566983969009016e-06,0.0009736826177686453,0.9913517236709595,4.675714990298729e-06
ISIC_0034190,nv,vasc,1.7736650761435158e-06,0.000860737869516015,3.95958631997928e-05,5.3514322644332424e-05,0.00045317813055589795,0.0022935853339731693,0.9962976574897766
ISIC_0033961,nv,nv,4.328653176344233e-06,3.837015356111806e-06,2.138558920705691e-05,1.5429167206093553e-06,0.13733413815498352,0.8625999093055725,3.4935139410663396e-05
ISIC_0033743,nv,vasc,0.03406191244721413,0.19524730741977692,0.24541445076465607,0.09325277805328369,0.05570019409060478,0.08271609246730804,0.293607234954834
ISIC_0034149,nv,nv,0.0006441155564971268,0.00026734982384368777,0.014715330675244331,0.00013431555998977274,0.01079579722136259,0.9733821153640747,6.096290235291235e-05
ISIC_0033887,nv,nv,1.5281337084616098e-08,1.8199795448481382e-08,2.2190590698301094e-07,1.1709498926038009e-09,0.003067601239308715,0.9969320297241211,5.394998936480988e-08
ISIC_0034073,nv,nv,1.9998908555862727e-06,0.0001796085707610473,0.002411084482446313,3.323422424728051e-05,0.005541880615055561,0.9918162226676941,1.5978501323843375e-05
ISIC_0033107,nv,nv,0.1316436380147934,0.004445170518010855,0.01051024068146944,0.08680112659931183,0.019581902772188187,0.7414098978042603,0.005608005914837122
ISIC_0034078,nv,nv,2.8234699023244048e-09,3.700994000155333e-07,1.2609223176696105e-06,1.8801989298822264e-08,0.0012642113724723458,0.9987340569496155,8.741674406564925e-08
ISIC_0033658,nv,nv,2.3518441594205797e-06,5.936571142228786e-06,0.0027354308404028416,1.1503986570460256e-05,0.010175690986216068,0.986004650592804,0.0010644311551004648
ISIC_0032908,nv,nv,1.9003357465408044e-06,5.071821306046331e-06,0.0004888491821475327,6.349679324557655e-07,0.02628510817885399,0.9732179045677185,6.018168505761423e-07
ISIC_0034203,nv,df,0.0005124361487105489,0.03031160496175289,0.00021129284868948162,0.8701969385147095,0.0008292219135910273,0.09661690145730972,0.0013215808430686593
ISIC_0033188,nv,nv,1.526371704585472e-07,8.086970382237268e-08,2.3362143110716715e-05,1.2063877363743813e-07,0.0010258214315399528,0.9989503026008606,2.0151779267507663e-07
ISIC_0034232,nv,nv,1.4212828247650577e-08,4.185192210570676e-07,2.839398689502559e-07,8.044030437304173e-07,4.739939686260186e-05,0.9999403953552246,1.064616117218975e-05
ISIC_0033649,nv,nv,0.0014382125809788704,1.5517399560849299e-06,0.006294195540249348,5.125990355736576e-05,0.012909973971545696,0.9792892932891846,1.553316178615205e-05
ISIC_0032820,nv,nv,2.5724338570398686e-07,5.001493619261055e-08,9.567495908413548e-06,4.8384137585344433e-08,0.015649717301130295,0.9843400716781616,4.2423349100317864e-07
ISIC_0032813,nv,nv,3.175132405885961e-07,2.695481100545294e-07,3.708539588842541e-05,6.410394348677073e-08,0.0037804581224918365,0.9961748123168945,6.941681476746453e-06
ISIC_0033194,nv,nv,1.2165593943791464e-05,0.0027339733205735683,0.0006140010664239526,0.0005826104898005724,0.004925373010337353,0.9892470240592957,0.0018848570762202144
ISIC_0032620,nv,nv,0.0007392152911052108,0.053510431200265884,0.07009187340736389,0.0029085271526128054,0.00488183693960309,0.46574464440345764,0.40212342143058777
ISIC_0030420,nv,nv,4.01463111643352e-08,1.194264882542484e-06,0.0022935352753847837,6.555043228217983e-07,0.03954155370593071,0.9581566452980042,6.3162929109239485e-06
ISIC_0033711,nv,nv,3.172160631947918e-07,3.195170393155422e-06,6.5531101427041e-05,6.420028512366116e-05,0.00021203910000622272,0.9996542930603027,3.669733814604115e-07
ISIC_0034084,nv,nv,0.0009030981454998255,0.04673764854669571,0.0048644947819411755,0.00022570703004021198,0.039367157965898514,0.906721830368042,0.0011800414649769664
ISIC_0032625,nv,nv,5.634120498143602e-06,1.8935859770863317e-05,0.1892852634191513,0.00021845973969902843,0.0038175396621227264,0.8066093325614929,4.484347300603986e-05
ISIC_0032974,nv,nv,3.399512706891983e-06,0.06788091361522675,0.0003652605810202658,0.0023145393934100866,0.0053327446803450584,0.6083353757858276,0.3157677948474884
ISIC_0032650,nv,nv,5.930311886004347e-08,3.19265289761006e-08,4.3953795625384373e-07,2.1495910829116838e-08,0.0005599248106591403,0.9994394183158875,8.904846282575818e-08
ISIC_0032769,nv,nv,0.00026170749333687127,4.79568334412761e-05,0.00042210848187096417,4.415168223204091e-05,0.07344366610050201,0.9257755875587463,4.826844815397635e-06
ISIC_0033922,nv,nv,7.46361138226348e-06,5.601871180260787e-06,1.9479493857943453e-05,2.8247215595911257e-05,0.0016362476162612438,0.9983022212982178,8.160151310221408e-07
ISIC_0033075,nv,nv,9.012592272483744e-06,4.331710442784242e-06,0.0003046216443181038,5.430464398159529e-07,0.0006315625505521894,0.9990488886833191,1.0750792398539488e-06
ISIC_0032574,nv,nv,7.1119134190666955e-06,0.00023582570429425687,0.000325770495692268,0.00014066026778891683,8.59983338159509e-05,0.9991987347602844,5.824570052936906e-06
ISIC_0033661,nv,nv,7.785558153727834e-08,0.00021519210713449866,0.0001579396048327908,1.4282641132012941e-05,0.0002969707711599767,0.9989628791809082,0.00035269619547761977
ISIC_0033116,nv,mel,0.0027996425051242113,0.00045144313480705023,0.0001595313660800457,0.073785200715065,0.5989608764648438,0.3238317668437958,1.1539376828295644e-05
ISIC_0033876,nv,nv,1.0457208645675564e-06,7.052173600641254e-08,0.00014891945465933532,2.0064384443685412e-05,0.00020612048683688045,0.9996236562728882,1.4272461612563347e-07
ISIC_0031482,nv,nv,0.00036190738319419324,0.00035700027365237474,0.03457484766840935,0.004885931499302387,0.07141008228063583,0.837388813495636,0.051021430641412735
ISIC_0033433,nv,nv,0.11252038925886154,0.008905762806534767,0.14280307292938232,0.009838630445301533,0.18063494563102722,0.5417009592056274,0.0035962515976279974
ISIC_0034127,nv,mel,7.755949127385975e-07,1.0397385267424397e-05,0.00010585589188849553,8.268706551461946e-06,0.7816230058670044,0.21812540292739868,0.00012635132588911802
ISIC_0033111,nv,nv,1.1210347754253558e-11,6.218211362485349e-11,2.617512109281961e-05,1.504208868574608e-09,0.0001607688027434051,0.9998130202293396,1.7058718881912682e-08
ISIC_0034251,nv,nv,1.5136048148178816e-07,6.014011160004884e-05,0.00011598071432672441,2.3875097667769296e-06,0.00150901242159307,0.9981100559234619,0.00020234842668287456
ISIC_0033721,nv,nv,4.532977982307784e-05,0.0001556578354211524,0.0032005934044718742,1.2585945114551578e-05,0.3189939856529236,0.6757082343101501,0.0018836476374417543
ISIC_0032565,nv,nv,1.2795147085853387e-05,2.3384641281154472e-06,0.0010548284044489264,1.0178344382438809e-05,0.02292044460773468,0.9759993553161621,1.7480336111930228e-07
ISIC_0034261,nv,nv,2.932627239715657e-06,6.70820782033843e-07,8.407577115576714e-05,8.002541107998695e-06,0.08335942029953003,0.91653972864151,5.154804966878146e-06
ISIC_0033939,nv,nv,0.0932137593626976,0.03673180937767029,0.29407998919487,0.020486822351813316,0.011760546825826168,0.5425929427146912,0.0011341240024194121
ISIC_0032772,nv,nv,1.84253011070723e-07,6.4444311647093855e-06,0.00020327462698332965,9.84066446108045e-07,0.001944632502272725,0.9978128671646118,3.164059671689756e-05
ISIC_0032593,nv,nv,3.0032963422854664e-06,9.711744723972515e-07,0.00030301138758659363,2.627733465487836e-06,0.3638682961463928,0.6358115673065186,1.0424115316709504e-05
ISIC_0031290,nv,nv,2.531256905058399e-05,4.17794035456609e-05,0.0011812990996986628,1.883490040199831e-05,0.006725164595991373,0.9918734431266785,0.00013419725291896611
ISIC_0032657,nv,nv,0.00028064334765076637,0.00011009631271008402,0.0002536290849093348,1.9489129044814035e-05,0.146320179104805,0.8530104756355286,5.473599230754189e-06
ISIC_0032605,nv,nv,6.727272557327524e-05,2.7957846668869024e-06,0.0002205285127274692,9.660646901465952e-05,0.002718538511544466,0.9968859553337097,8.246834113379009e-06
ISIC_0033771,nv,nv,4.480133597439817e-09,4.27264978952735e-09,4.284289190081836e-08,1.4043778584493793e-08,1.2554994100355543e-05,0.9999873638153076,9.885965379652362e-10
ISIC_0033102,nv,nv,9.157837682627346e-11,4.7718162754506466e-09,4.104849082864348e-08,2.9544330870656665e-10,0.0046042404137551785,0.9953956007957458,4.858747004732322e-08
ISIC_0033564,nv,nv,4.06912614714372e-10,3.4475668986289065e-09,5.102115210320335e-06,9.210263801628926e-11,0.007445141207426786,0.9925496578216553,9.4881549728143e-08
ISIC_0032627,nv,nv,4.400720676756009e-09,5.6170492257479054e-08,7.979733345564455e-05,9.729943961644949e-09,0.0003778757236432284,0.9995323419570923,9.968453923647758e-06
ISIC_0032380,nv,nv,3.4149334169342183e-06,3.5065509109699633e-06,0.005307781044393778,8.865404197422322e-06,0.0009479271247982979,0.9937238097190857,4.6741643018322065e-06
ISIC_0028591,nv,mel,4.16886578022968e-05,6.267444859986426e-06,0.000668795604724437,3.8775286270720244e-07,0.5333642363548279,0.4659143090248108,4.296027782402234e-06
ISIC_0033792,nv,nv,2.0803967437643678e-09,1.8207368057687745e-08,4.102462116861716e-05,1.1450545400748524e-08,0.0006205563549883664,0.9993366599082947,1.7180767599711544e-06
ISIC_0034122,nv,nv,3.983514212935191e-11,2.085538142182486e-07,5.584441851169686e-07,1.4810619859417784e-06,9.566729204379953e-06,0.9999868869781494,1.2770365174219478e-06
ISIC_0034247,nv,nv,2.345363903089037e-10,8.555861019665656e-10,6.426079835364362e-06,1.4800814795989936e-08,0.0004530527803581208,0.9995385408401489,2.0531992959149648e-06
ISIC_0034191,nv,nv,6.362692602124298e-06,2.669864807103295e-05,0.02813119627535343,3.441096123424359e-05,2.3765662263031118e-05,0.9717714190483093,6.216623205546057e-06
ISIC_0034033,nv,nv,4.205521619837782e-08,2.6277365350324544e-07,0.011419682763516903,6.685469088552054e-06,7.92823193478398e-05,0.9884938597679138,2.0987538107419823e-07
ISIC_0032752,nv,nv,1.3387341823545285e-05,2.6861644073505886e-06,0.06437741965055466,1.95172492567508e-06,0.012050868012011051,0.9235391616821289,1.4523372556141112e-05
ISIC_0033794,nv,bkl,1.1332735994074028e-05,1.4880897651892155e-05,0.8101449012756348,4.152763722231612e-06,0.003361508948728442,0.18643464148044586,2.8615757400984876e-05
ISIC_0032539,nv,nv,8.084777618933003e-06,3.6668639950221404e-05,0.005145784933120012,2.8341008146526292e-05,0.00011217511928407475,0.9946263432502747,4.268815246177837e-05
ISIC_0033277,nv,nv,1.4178416449794895e-06,1.1910371540579945e-05,1.5129947314562742e-05,2.436713430142845e-06,8.405926564591937e-06,0.9999594688415527,1.2521754797489848e-06
ISIC_0033448,nv,nv,3.169354556575854e-08,1.2253427428277064e-07,9.315642273577396e-06,1.300421558880771e-06,2.5574104256520513e-06,0.9999866485595703,4.3856172027290086e-08
ISIC_0033036,nv,nv,2.414241464521183e-07,1.600487387065641e-08,3.5003026823687833e-06,3.403279436042794e-07,2.3917948055895977e-05,0.9999715089797974,5.007718186789134e-07
ISIC_0033861,nv,nv,1.5639773209841223e-06,2.9613380547743873e-07,1.976378553081304e-05,5.271955956231977e-07,0.04371998459100723,0.9562563896179199,1.3564801975007867e-06
ISIC_0033147,nv,nv,5.698528298125893e-07,9.923960675450871e-08,0.0005892223562113941,1.1047306998079875e-06,0.0005346815451048315,0.9988695979118347,4.71593875772669e-06
ISIC_0033740,nv,nv,6.640309493377572e-06,0.002105456544086337,0.0006597557221539319,1.0240943083772436e-05,0.28547021746635437,0.7117388844490051,8.815088222036138e-06
ISIC_0033153,nv,nv,0.0001425073714926839,0.00010510380525374785,0.006193449720740318,0.05846508592367172,0.15446649491786957,0.7800201177597046,0.0006072644609957933
ISIC_0032848,nv,nv,2.8460360113058414e-07,2.002727796934778e-06,0.00037744108703918755,1.5412451830343343e-05,0.009693772532045841,0.9880836606025696,0.0018274213653057814
ISIC_0033656,nv,nv,3.013108198501868e-07,3.6671585803560447e-06,2.066702290903777e-05,5.39569191460032e-06,3.561761695891619e-05,0.999933123588562,1.2749138704748475e-06
ISIC_0029775,nv,mel,0.00034928967943415046,0.00028963066870346665,0.055722564458847046,0.0013534844620153308,0.6720543503761292,0.2517085671424866,0.01852215640246868
ISIC_0031460,nv,nv,3.956178989028558e-05,0.00034507346572354436,0.004331211093813181,3.822455255431123e-05,0.43468624353408813,0.5577186942100525,0.0028410344384610653
ISIC_0028540,nv,nv,1.7483280601027218e-08,7.299524540371749e-09,2.3041538952384144e-06,1.7488819281652468e-08,0.0005583606543950737,0.9994391798973083,9.117965049654231e-08
ISIC_0029704,nv,nv,1.3753623306911322e-06,3.2311693303199718e-06,0.0006366410525515676,9.337179108115379e-06,0.036627788096666336,0.962710440158844,1.1307547538308427e-05
ISIC_0029809,nv,mel,2.460217001498677e-05,1.8291351580046467e-06,0.0004215195367578417,6.220446948645986e-07,0.5532723665237427,0.4462778568267822,1.2305906693654833e-06
ISIC_0028538,nv,nv,1.1828836576910362e-08,3.6849964857310624e-08,0.00012740718375425786,1.1069985816902772e-07,2.0885929188807495e-05,0.9998512268066406,2.685773381472245e-07
ISIC_0031796,nv,nv,8.974940283223987e-05,0.003784018103033304,0.05354716628789902,0.011717641726136208,0.00263424264267087,0.9273533821105957,0.0008738059550523758
ISIC_0026328,nv,nv,2.7022872018278576e-05,1.369931396766333e-06,1.8668191842152737e-05,1.8245755200041458e-06,0.001596546033397317,0.9983396530151367,1.4820268006587867e-05
ISIC_0027567,nv,nv,2.838725663423247e-07,1.8764201286103344e-06,0.00045825314009562135,1.0010336382038076e-07,0.00047295543481595814,0.9990648627281189,1.600452037564537e-06
ISIC_0027942,nv,nv,3.68423624941272e-10,6.611680092305505e-09,3.6378324352881464e-08,4.174414147684047e-09,0.0006571158301085234,0.9993428587913513,3.1218398532928404e-08
ISIC_0030264,nv,nv,2.9953912417113315e-07,5.099286681797821e-06,4.962594175594859e-06,3.183788794558495e-05,0.002234288025647402,0.9976786971092224,4.4834268919657916e-05
ISIC_0027052,nv,nv,1.9311139493050078e-11,2.9692268071812578e-05,6.291640488598205e-07,1.141787535630101e-07,6.3987422436184715e-06,0.9947786331176758,0.00518457405269146
ISIC_0028894,nv,nv,3.346779976709513e-06,2.8082899007131346e-05,0.0009969206294044852,0.00012058180436724797,0.38109368085861206,0.6176020503044128,0.00015535221609752625
ISIC_0025208,nv,nv,3.760356293014411e-08,9.499716213667853e-08,3.3670621633064e-05,2.7465635099588326e-08,7.53027998143807e-05,0.9998908042907715,7.529097700853526e-08
ISIC_0030840,nv,bkl,0.0006506218342110515,3.6683737562270835e-05,0.47413742542266846,1.3484527698892634e-05,0.20067469775676727,0.3244132101535797,7.385751814581454e-05
ISIC_0032291,nv,nv,5.071056818906072e-08,1.366007109027123e-05,5.795088782178937e-07,3.0548847007594304e-08,0.00014149233174975961,0.999842643737793,1.5006050944066374e-06
ISIC_0029566,nv,nv,1.162684930022806e-05,1.8892658772529103e-05,0.0006702515529468656,3.47243530995911e-06,0.035271260887384415,0.9640170335769653,7.516263394791167e-06
ISIC_0026841,nv,nv,2.3954659436609127e-11,9.445447091138703e-09,5.514971590514506e-08,1.2715857256040408e-09,3.729419768205844e-05,0.9999624490737915,2.1081451961890707e-07
ISIC_0025945,nv,nv,4.460237179593207e-10,1.1227513141420786e-07,9.588831773044149e-08,5.914427170239378e-09,0.0020968818571418524,0.9979023933410645,5.243186933512334e-07
ISIC_0031149,nv,nv,8.38793340340871e-11,1.400259197481546e-08,2.670751086952805e-08,3.7209977321595034e-09,6.847547774668783e-05,0.9999305009841919,1.0207573950538062e-06
ISIC_0031360,nv,nv,8.510697924180022e-09,2.2649626885140606e-07,1.849656143804168e-07,1.322460860819774e-07,0.0010626647854223847,0.9989340901374817,2.7047408366343006e-06
ISIC_0032368,nv,nv,5.431570748726244e-10,1.6149005466203903e-09,1.4204235121439979e-08,8.666357631526012e-10,1.5783087292220443e-05,0.9999841451644897,5.235739619635638e-10
ISIC_0031905,nv,nv,1.9419220398386727e-10,6.51643077276276e-08,0.00010715082316892222,2.439847257562633e-08,1.611997140571475e-05,0.9998763799667358,1.9701482756318e-07
ISIC_0025545,nv,nv,7.486538322609704e-08,7.082028332661139e-07,3.7094544040883193e-06,3.432628318478237e-06,0.003694756655022502,0.9962852001190186,1.2076055099896621e-05
ISIC_0024529,nv,nv,1.79198991645535e-07,9.540123357965058e-08,5.189223156776279e-05,1.8364690390626492e-07,3.044933509954717e-05,0.9999161958694458,8.969098530542396e-07
ISIC_0024355,nv,nv,8.578701637951269e-10,2.4075413662671963e-08,4.089201866008807e-07,1.448526021352592e-10,5.730368502554484e-05,0.9999423027038574,1.1733570781657932e-09
ISIC_0027423,nv,nv,1.347229840575892e-06,0.00010431773989694193,0.029086947441101074,5.810416041640565e-07,0.0003231565351597965,0.9702882766723633,0.00019534933380782604
ISIC_0024587,nv,nv,1.4510456480820721e-07,7.31478905890981e-07,0.0003939310263376683,4.057877447394276e-07,0.007636374328285456,0.9918889403343201,7.958984497236088e-05
ISIC_0031541,nv,nv,5.100947442215897e-12,6.650150652376396e-08,8.204461998673196e-09,1.802747673362859e-10,1.4516207613723964e-07,0.9999997615814209,5.823751703104563e-09
ISIC_0027596,nv,nv,5.955860370859822e-12,3.1805875266854855e-08,2.57211363319243e-09,2.8705426924346966e-10,1.0081143386742042e-07,0.9999998807907104,7.4263222238357685e-09
ISIC_0031204,nv,nv,0.00014033819024916738,0.0004422083729878068,0.013427521102130413,0.0006696992786601186,0.04209555685520172,0.9396511912345886,0.0035733836703002453
ISIC_0024694,nv,nv,3.624561273340987e-08,5.59690640500321e-08,9.481949746259488e-06,3.6254417068448674e-07,8.485758735332638e-05,0.9999051094055176,1.6821773840547394e-07
ISIC_0025231,nv,nv,1.3246195749161416e-06,0.002000627340748906,0.0010638433741405606,2.065862099698279e-05,0.0028029235545545816,0.9940425753593445,6.804610893595964e-05
ISIC_0027514,nv,nv,6.426445486873433e-11,1.686432798964077e-10,4.4905482354806736e-07,6.172649058555635e-09,8.525402961367945e-08,0.9999994039535522,2.7895639131969574e-09
ISIC_0029382,nv,nv,2.405661689408589e-06,3.0482931833830662e-05,0.0004464750236365944,2.784932121357997e-06,0.002919222926720977,0.9965929388999939,5.611967935692519e-06
ISIC_0031811,nv,nv,3.324314157282515e-10,1.2608232680122455e-08,1.4516195356861772e-08,2.1994663867985764e-08,0.014280913397669792,0.9857190251350403,1.5314242318709148e-08
ISIC_0028390,nv,nv,1.2391629389263414e-10,5.935895108777345e-10,1.1892214990538719e-09,8.995247213761104e-09,4.7712619561934844e-05,0.9999521970748901,1.4154406358102278e-07
ISIC_0029661,nv,nv,2.510501531105547e-07,7.584776176372543e-05,0.011270523071289062,2.444025994918775e-06,0.0013023547362536192,0.9873393774032593,9.212282748194411e-06
ISIC_0028030,nv,nv,6.001782537623512e-08,2.677251700333727e-07,2.6160092602367513e-05,9.256694966097712e-08,2.186311121477047e-06,0.9999711513519287,4.103608475247711e-08
ISIC_0026030,nv,nv,0.00046214976464398205,0.00014101318083703518,0.0005367090925574303,2.278287138324231e-05,0.00916765071451664,0.9896202683448792,4.94816449645441e-05
ISIC_0032427,nv,nv,2.4069930049108734e-08,1.4429947015059952e-08,0.0035503630060702562,2.5633906375333027e-07,6.934557404747466e-06,0.9964421391487122,3.0147978691275057e-07
ISIC_0031405,nv,nv,0.00019861363398376852,0.00017520574328955263,0.0006491821841336787,0.020971251651644707,0.13937194645404816,0.8376829624176025,0.0009508507209829986
ISIC_0027897,nv,nv,1.2808565763577917e-08,1.4956298400647938e-05,3.649595601018518e-05,4.3470099626574665e-06,9.093212611333001e-06,0.9994254112243652,0.0005097041721455753
ISIC_0032184,nv,nv,4.0054062992567196e-05,1.9773690382862696e-06,0.10190049558877945,1.0032939826487564e-05,0.004403624217957258,0.8936354517936707,8.27588519314304e-06
ISIC_0031399,nv,nv,0.0007443948416039348,2.630599010444712e-05,0.00025208431179635227,6.014513019181322e-06,0.00819232314825058,0.9907783269882202,5.202826969252783e-07
ISIC_0030621,nv,nv,3.9107692373363534e-07,2.177667539626782e-07,8.756342140259221e-06,3.768525687064539e-07,0.0015026702312752604,0.9984872341156006,3.7871308222747757e-07
ISIC_0031510,nv,nv,0.0013415318680927157,1.1986998288193718e-05,0.008094160817563534,5.7893853409041185e-06,0.23634323477745056,0.7541790008544922,2.4294042304973118e-05
ISIC_0031483,nv,nv,1.0445142528681117e-09,0.0002488918253220618,5.025756308896234e-07,4.0484749774805096e-08,6.614338303734257e-07,0.9997408986091614,9.106888683163561e-06
ISIC_0032274,nv,nv,2.632699761306867e-05,1.3701696843781974e-05,0.0009423826122656465,2.62275443674298e-06,1.9849099771818146e-05,0.9989939332008362,1.2430626838977332e-06
ISIC_0025518,nv,nv,0.0001454652810934931,0.00011476170766400173,0.0006583568174391985,2.003579356824048e-05,0.12505444884300232,0.8739383220672607,6.864036549814045e-05
ISIC_0025181,nv,nv,0.0001891907159006223,0.0049400110729038715,0.01166511606425047,0.0001228018809342757,0.021883010864257812,0.9583998918533325,0.002799858571961522
ISIC_0031603,nv,mel,0.01724751852452755,0.0004428160609677434,0.0880131870508194,0.0004563121765386313,0.6623572111129761,0.23098911345005035,0.0004938547499477863
ISIC_0029867,nv,nv,0.023263972252607346,0.0005488411989063025,0.006821583025157452,0.0006853060913272202,0.036363620311021805,0.931998074054718,0.0003186558897141367
ISIC_0027045,nv,nv,1.4484798157354817e-05,5.3548442338069435e-06,0.00035251141525804996,1.022878223011503e-06,0.0014314681757241488,0.9981948733329773,2.7625048915069783e-07
ISIC_0025742,nv,bkl,0.0010414565913379192,0.0002705198712646961,0.572854220867157,1.488036650698632e-05,0.12903106212615967,0.2967694401741028,1.845954466261901e-05
ISIC_0031015,nv,nv,2.8701727661228915e-09,3.623186728418659e-07,9.892460184346419e-08,1.947360459553238e-07,9.853484925770317e-07,0.9999983310699463,1.323003817610413e-09
ISIC_0030842,nv,nv,3.155604417770519e-07,2.1713461251238186e-07,1.6812966350698844e-05,1.9526598862285027e-06,8.679606253281236e-05,0.9998935461044312,4.001028628408676e-07
ISIC_0028598,nv,nv,8.261317816504743e-06,1.620701596038998e-06,4.486581383389421e-05,1.32468801439245e-06,0.06361181288957596,0.9363305568695068,1.5012628864496946e-06
ISIC_0026147,nv,nv,9.715838800161691e-09,6.782263426430291e-07,2.370832589804195e-06,5.11947746417718e-07,4.0051399992080405e-05,0.9999563694000244,3.3848085223553426e-08
ISIC_0025340,nv,nv,1.81823214262522e-08,6.889666614995349e-10,6.09900496328919e-07,1.1651475340102024e-08,0.00035709701478481293,0.9996422529220581,2.0154768520797006e-08
ISIC_0025657,nv,nv,3.327788888896066e-08,4.877168066741433e-06,1.083908136934042e-05,4.253008683008375e-06,0.00025779276620596647,0.999721348285675,8.287427135655889e-07
ISIC_0026615,nv,nv,3.285428462618256e-08,0.0016091265715658665,0.001192203490063548,8.505377081746701e-06,0.000716319540515542,0.9961357712745667,0.00033788359723985195
ISIC_0031934,nv,nv,7.246100941493694e-10,3.7720738532698306e-08,5.513913379218138e-07,9.97915172717967e-09,3.3620751764829038e-06,0.9999960660934448,7.104461463569578e-09
ISIC_0029583,nv,nv,2.4551303795306012e-05,4.873514853898087e-07,5.4161086154635996e-05,1.0241546078759711e-05,1.555567678224179e-06,0.9999089241027832,4.936229558438754e-08
ISIC_0029121,nv,nv,0.01651366986334324,2.7660436899168417e-05,0.01153713557869196,4.1313571273349226e-05,0.16657893359661102,0.8052530288696289,4.8372228775406256e-05
ISIC_0031126,nv,nv,0.0004193120403215289,0.00547911087051034,0.0048042782582342625,0.00047818254097364843,0.02327433042228222,0.9655110239982605,3.37438759743236e-05
ISIC_0025506,nv,nv,0.002729153959080577,9.852647053776309e-05,0.10763389617204666,5.213170879869722e-05,0.003448220668360591,0.8860287070274353,9.333401976618916e-06
ISIC_0030796,nv,mel,0.0003241020312998444,3.5417902836343274e-05,0.014082022942602634,9.819666956900619e-06,0.7979395389556885,0.18754786252975464,6.126269727246836e-05
ISIC_0029197,nv,nv,6.238574314920697e-07,2.2531755803356646e-06,6.282283720793203e-05,4.6239656512625515e-06,0.0009351970511488616,0.9989839196205139,1.0535128240007907e-05
ISIC_0028408,nv,nv,0.000136116286739707,0.0008039838285185397,0.0003999989421572536,9.233714081346989e-06,0.004819824360311031,0.993740975856781,8.97738354979083e-05
ISIC_0026404,nv,akiec,0.9577748775482178,0.00025416736025363207,0.03371372073888779,0.0006787764723412693,0.00635590311139822,0.0012015897082164884,2.0995705199311487e-05
ISIC_0029298,nv,nv,0.0016597628127783537,4.8793695896165445e-05,0.00937197357416153,2.1181063857511617e-05,0.07679969817399979,0.9120803475379944,1.8195214579463936e-05
ISIC_0024790,nv,nv,0.0037483584601432085,0.001101654372178018,0.0015071931993588805,0.00024338682123925537,0.07797911763191223,0.9151184558868408,0.00030181187321431935
ISIC_0028551,nv,nv,0.07543181627988815,0.018059993162751198,0.0022823368199169636,0.0007082994561642408,0.00918699149042368,0.893897533416748,0.0004330851952545345
ISIC_0030962,nv,nv,5.319363005629185e-12,1.5226560290404478e-10,2.6470676761647383e-09,2.3159306417053216e-10,1.9104771098454876e-09,0.9999996423721313,3.100605567851744e-07
ISIC_0025926,nv,bcc,0.001346413977444172,0.8546800017356873,0.0029410249553620815,0.03267545625567436,0.033593159168958664,0.07233300060033798,0.0024309316650032997
ISIC_0026741,nv,nv,1.8577264199848287e-05,7.44977614886011e-06,0.00022076738241594285,4.721143795904936e-06,0.016866765916347504,0.9828254580497742,5.622424214379862e-05
ISIC_0032243,nv,nv,1.7093845599447377e-05,1.7783400835469365e-05,8.737733878660947e-05,5.9271137615724e-06,0.0011995647801086307,0.9986670017242432,5.2884720389556605e-06
ISIC_0031363,nv,nv,3.417075504330569e-06,2.112997208314482e-06,0.00010108961578225717,1.0890936437135679e-06,7.805228960933164e-06,0.9998843669891357,7.473265384305705e-08
ISIC_0026398,nv,nv,0.01790626160800457,0.08652394264936447,3.935658241971396e-05,0.006706755608320236,0.013069834560155869,0.8756715655326843,8.231421816162765e-05
ISIC_0030416,nv,nv,0.000140196003485471,9.57154406933114e-06,0.3958997130393982,1.4761853890377097e-06,0.00011693334090523422,0.6038312911987305,7.705667712798459e-07
ISIC_0031451,nv,nv,1.899721047138314e-09,3.431415791510517e-07,2.202749804780524e-08,2.2747236982922914e-08,3.9262195059563965e-06,0.9999957084655762,2.709328983385717e-09
ISIC_0030115,nv,mel,0.03415912762284279,0.00011296338198008016,0.018693722784519196,5.6519485951866955e-05,0.7818681001663208,0.16508889198303223,2.067790410364978e-05
ISIC_0025784,nv,nv,0.0011984767625108361,0.10213595628738403,0.00021626036323141307,0.00024063063028734177,0.33766236901283264,0.5583016276359558,0.00024460259010083973
ISIC_0027928,nv,nv,7.748899122361763e-08,6.44927951043428e-08,7.929293133202009e-06,2.4932385045417504e-08,1.0099455721501727e-05,0.9999817609786987,5.896286126017003e-09
ISIC_0027466,nv,nv,6.950538227101788e-05,0.00044800667092204094,0.0007855315343476832,2.5243236450478435e-05,0.28441423177719116,0.714130163192749,0.00012722625979222357
ISIC_0026414,nv,mel,0.036923229694366455,2.5518368147459114e-06,0.035612743347883224,1.5601372069795616e-06,0.7077369093894958,0.219722718000412,2.6856508839046e-07
ISIC_0024926,nv,nv,0.009839847683906555,0.022108282893896103,0.005260440520942211,0.1764923632144928,0.1483220010995865,0.6341691017150879,0.003807931439951062
ISIC_0026559,nv,nv,0.0026875720359385014,0.00044435341260395944,0.19785535335540771,0.00012466176121961325,0.15092234313488007,0.6477657556533813,0.00020000159565825015
ISIC_0031708,nv,nv,7.446880317729665e-06,4.318194726238289e-07,3.213216359654325e-06,1.1337238902342506e-05,0.12429716438055038,0.875678539276123,1.8584859162729117e-06
ISIC_0024356,nv,nv,4.4024636736139655e-06,0.0008621541783213615,0.0004149132000748068,2.0467841750360094e-05,0.00024040167045313865,0.9984315037727356,2.6057316063088365e-05
ISIC_0031838,nv,nv,6.388218935171608e-06,1.8797762777467142e-06,5.425708422990283e-06,2.434486532365554e-06,0.0013236213708296418,0.9986588954925537,1.3212211342761293e-06
ISIC_0030253,nv,nv,0.0006459407159127295,0.00015842507127672434,0.020783212035894394,0.00042592769023030996,0.2635539472103119,0.7142678499221802,0.00016469390538986772
ISIC_0029733,nv,bcc,7.078319299580471e-07,0.7359502911567688,0.0022165512200444937,6.496134574263124e-06,2.69019210463739e-06,0.26182010769844055,3.171018306602491e-06
ISIC_0029054,nv,nv,0.00012954602425452322,2.9944205834908644e-06,0.0001155415884568356,6.521954674099106e-06,0.061219971626996994,0.9385191202163696,6.334963927656645e-06
ISIC_0030069,nv,nv,6.870415631965443e-07,5.928191626480839e-08,5.156380211701617e-06,4.1504890191390587e-08,0.0029621380381286144,0.9970319271087646,1.2465601173516916e-07
ISIC_0025088,nv,nv,1.1748719543902553e-06,2.225937123512267e-06,1.133075147663476e-05,1.494230491516646e-05,0.00013503401714842767,0.9998347759246826,5.340762072592042e-07
ISIC_0026786,nv,nv,1.0705258318921551e-05,0.00031822771416045725,0.15925489366054535,3.359734910191037e-05,0.0006215827306732535,0.8152621984481812,0.024498824030160904
ISIC_0027461,nv,nv,5.225796030572383e-06,5.708133130610804e-07,6.193290028022602e-05,1.3053069096713443e-06,0.0009719025692902505,0.9989571571350098,1.8687142073758878e-06
ISIC_0026076,nv,nv,5.830541454088234e-07,6.901008475779236e-08,1.3329731700650882e-06,1.5030282440875453e-07,0.001181017025373876,0.998816728591919,6.995178125634993e-08
ISIC_0028441,nv,nv,7.30044484953396e-05,1.880650597740896e-05,1.031349256663816e-05,1.7965809092856944e-05,0.0002343320520594716,0.9996452331542969,2.6727573754214973e-07
ISIC_0030313,nv,nv,1.0677889861199219e-07,2.273744712510961e-06,7.451319106621668e-06,8.924226131057367e-05,2.904420398408547e-05,0.9940628409385681,0.0058090765960514545
ISIC_0025579,nv,nv,6.219331226020586e-06,4.972645183443092e-05,4.886947863269597e-06,1.3930686691310257e-05,0.006963285617530346,0.9929545521736145,7.340669526456622e-06
ISIC_0032459,nv,nv,7.855964213376865e-06,0.007155134808272123,0.010182088240981102,0.0018699360080063343,0.0020565353333950043,0.8984779715538025,0.08025037497282028
ISIC_0025730,nv,nv,3.1411406098413863e-07,0.00017377866606693715,0.0012353453785181046,4.5534765291677104e-08,0.0013872793642804027,0.9971973896026611,5.822552338941023e-06
ISIC_0027066,nv,mel,0.0002673356211744249,6.385300821420969e-07,0.10479491949081421,7.007733415775874e-07,0.6903236508369446,0.20461048185825348,2.2072199499234557e-06
ISIC_0029465,nv,mel,0.010784733109176159,0.00039296704926528037,0.005248640198260546,0.00040922086918726563,0.8975778222084045,0.08528537303209305,0.0003011678345501423
ISIC_0025967,nv,nv,5.460959982883651e-06,3.135087536065839e-05,0.0006343203131109476,4.420345248945523e-06,0.010984187945723534,0.988338828086853,1.4088540183365694e-06
ISIC_0027360,nv,nv,0.0006822969880886376,0.005318119190633297,0.0033711546566337347,5.925258392380783e-06,0.02503284253180027,0.9655458331108093,4.387808439787477e-05
ISIC_0029554,nv,nv,0.00027711206348612905,0.21233069896697998,0.04147174581885338,1.1226014066778589e-05,0.0037960787303745747,0.7421064972877502,6.665760338364635e-06
ISIC_0024578,nv,nv,1.2772969057550654e-05,6.205099634826183e-05,0.002515078755095601,9.977165063901339e-06,1.6646594303892925e-05,0.9973803162574768,3.094978865192388e-06
ISIC_0025759,nv,nv,0.0006946672219783068,1.122108756135276e-06,0.40198737382888794,6.383253548847279e-06,0.0006350305629894137,0.5966669917106628,8.38869163999334e-06
ISIC_0031366,nv,nv,0.0008340855711139739,8.250090104411356e-06,0.18857567012310028,1.4684462257719133e-05,0.10256324708461761,0.7079633474349976,4.070907016284764e-05
ISIC_0028310,nv,bcc,0.00010479950287844986,0.7270647287368774,0.13827309012413025,0.0001640738919377327,0.02924293465912342,0.0846959725022316,0.0204544086009264
ISIC_0028281,nv,bkl,0.00020100998517591506,0.025914698839187622,0.9704018831253052,0.0001890896528493613,8.770712884142995e-05,0.00305533385835588,0.0001502861559856683
ISIC_0030598,nv,nv,0.04434448108077049,0.032770317047834396,0.3027941882610321,0.0020551523193717003,0.2407265454530716,0.3728506863117218,0.004458617884665728
ISIC_0028205,nv,nv,0.011864383704960346,0.0008123228326439857,0.003571099601686001,0.0013429236132651567,0.0032848757691681385,0.9790521860122681,7.228735194075853e-05
ISIC_0025936,nv,nv,3.110805479877854e-08,3.654253930562845e-07,3.2807117804622976e-06,6.209760954334342e-07,0.00021628975810017437,0.9997767806053162,2.716562903515296e-06
ISIC_0025179,nv,bkl,0.003656391752883792,0.002534376922994852,0.9519802331924438,4.22170378442388e-05,0.01256200484931469,0.029101096093654633,0.00012370964395813644
ISIC_0024441,nv,nv,0.0016133625758811831,0.0002496065280865878,0.0011129260528832674,0.0002258726308355108,0.0016255247173830867,0.9951328635215759,3.9858961827121675e-05
ISIC_0030534,nv,nv,3.122215019857322e-08,4.884659574599937e-07,8.701226761331782e-08,3.8623245046665033e-08,2.480783905411954e-06,0.9999969005584717,2.899143503043433e-08
ISIC_0031314,nv,bkl,0.007620941381901503,0.0003761817642953247,0.6199460625648499,6.827097240602598e-05,0.0003831009962595999,0.3715808093547821,2.467562626407016e-05
ISIC_0031121,nv,nv,4.7291989176301286e-05,1.931748010974843e-05,0.0008621911983937025,2.190196482843021e-06,0.003552395151928067,0.9954590797424316,5.7574896345613524e-05
ISIC_0031301,nv,mel,0.022135166451334953,0.026377178728580475,0.024661967530846596,0.006721274461597204,0.8605910539627075,0.056666187942028046,0.0028472940903156996
ISIC_0024882,nv,nv,0.0006782540585845709,0.3652881681919098,0.014996233396232128,0.0005874923663213849,0.006611786317080259,0.6081457138061523,0.003692352445796132
ISIC_0026956,nv,bcc,0.13589534163475037,0.4210503101348877,0.011102299205958843,0.05565612018108368,0.0442797988653183,0.3085188567638397,0.023497281596064568
ISIC_0031982,nv,nv,7.205861766124144e-05,0.00022698036627843976,0.007414099294692278,2.2868882751936326e-06,0.00025766846374608576,0.9920239448547363,3.058114771192777e-06
ISIC_0029833,nv,nv,0.0009669161518104374,0.056958574801683426,0.33608484268188477,0.005827323067933321,0.12171876430511475,0.47506895661354065,0.0033746433909982443
ISIC_0028736,nv,nv,0.00033810644526965916,0.0021349862217903137,0.05796993896365166,7.436313899233937e-05,0.004411647561937571,0.9350277781486511,4.3253981857560575e-05
ISIC_0024447,nv,nv,8.959127626440022e-06,3.143062201615976e-07,0.0018950942903757095,1.2655769978664466e-06,0.0003720771928783506,0.9977217316627502,4.818283514396171e-07
ISIC_0027498,nv,nv,1.6689922631485388e-05,0.00044207475730217993,0.19248664379119873,3.117083542747423e-05,0.000157029673573561,0.8068339228630066,3.2484793337062e-05
ISIC_0024657,nv,nv,0.00024490541545674205,0.0022902574855834246,0.002114087576046586,0.0003755468060262501,0.2509320080280304,0.7440016865730286,4.1498165955999866e-05
ISIC_0032279,nv,nv,1.9275282170383434e-07,0.00032275455305352807,6.958276935620233e-05,4.999584461984341e-07,8.044997957767919e-05,0.999525785446167,7.574091114292969e-07
ISIC_0027922,nv,nv,2.1265987015794963e-06,9.515985766483936e-06,0.0025815244298428297,5.264182050268573e-07,0.0001851190609158948,0.9972084164619446,1.2788585081580095e-05
ISIC_0027298,nv,nv,0.011666390113532543,0.002368602668866515,0.0016980397049337626,5.077650348539464e-05,0.051778823137283325,0.9323709011077881,6.650326395174488e-05
ISIC_0032090,nv,nv,1.6296775356750004e-05,0.44444990158081055,6.65805273456499e-05,0.0016526944236829877,0.0026092478074133396,0.55112624168396,7.906134851509705e-05
ISIC_0026048,nv,nv,0.03471241891384125,5.754924495704472e-05,0.008411459624767303,0.00010703408042900264,0.01257283054292202,0.9441060423851013,3.264236875111237e-05
ISIC_0026753,nv,nv,3.904166590018576e-07,2.84346384660239e-07,6.792355179641163e-06,1.0792612670229573e-07,0.008763883262872696,0.9912283420562744,2.4493260752933566e-07
ISIC_0025505,nv,nv,0.0005597546696662903,0.011429485864937305,0.00015917331620585173,2.144133577530738e-05,0.051037151366472244,0.9367844462394714,8.615460501459893e-06
ISIC_0025517,nv,nv,4.078653859096448e-08,4.094500027918002e-08,2.3424743744726584e-07,1.1505413795021013e-06,0.0002504952426534146,0.9997480511665344,3.7720084833381406e-08
ISIC_0031238,nv,nv,0.002083072206005454,0.007148767355829477,0.2133859246969223,0.00046696510980837047,0.05340563505887985,0.626858651638031,0.09665096551179886
ISIC_0026297,nv,nv,0.012209130451083183,0.126803919672966,0.05982905253767967,0.00022077928588259965,0.34238409996032715,0.4562997817993164,0.0022532364819198847
ISIC_0030639,nv,nv,7.380034730886109e-06,0.007695411331951618,0.00011850880400743335,8.138006705848966e-06,0.00016729498747736216,0.9916902780532837,0.0003128863754682243
ISIC_0025165,nv,nv,2.103703764078091e-06,1.8664640037968638e-06,6.453170499298722e-05,2.26258657676226e-06,2.6950709070661105e-05,0.9999014139175415,8.221034022426466e-07
ISIC_0025237,nv,bcc,0.0011230589589104056,0.7635941505432129,0.01329363975673914,3.50012160197366e-05,0.0018823937280103564,0.21943849325180054,0.0006332512712106109
ISIC_0029390,nv,bcc,0.009031207300722599,0.5419859290122986,0.0812755897641182,2.7732927264878526e-05,0.009918831288814545,0.35728439688682556,0.00047627740423195064
ISIC_0030663,nv,nv,3.1134281925915275e-06,3.842217665805947e-06,8.82668246049434e-05,3.5484634963722783e-07,0.0007616705843247473,0.9991426467895508,8.52238883908285e-08
ISIC_0025422,nv,nv,3.033832399523817e-05,2.0951197257090826e-06,0.00011679228191496804,2.7853566280100495e-06,0.0009328015730716288,0.9989145994186401,5.691295541510044e-07
ISIC_0026665,nv,df,0.21830563247203827,0.0039891875348985195,0.03159336373209953,0.3896540403366089,0.005149804521352053,0.35082054138183594,0.00048747649998404086
ISIC_0027984,nv,nv,0.0018538518343120813,0.0006286695715971291,0.0007519185892306268,0.0006375670782290399,0.09246887266635895,0.9034876227378845,0.00017147389007732272
ISIC_0026124,nv,nv,0.002712270012125373,0.004629079718142748,0.004542940761893988,8.109750342555344e-05,0.07016319781541824,0.9177789688110352,9.257307829102501e-05
ISIC_0026711,nv,nv,2.036009573203046e-05,6.0077760281274095e-05,0.0006126301013864577,6.623247372772312e-07,0.0006442751036956906,0.9986568689346313,5.035201866121497e-06
ISIC_0030176,nv,nv,0.009831034578382969,0.006957094185054302,0.13780267536640167,0.10747683048248291,0.047669246792793274,0.6805376410484314,0.00972547847777605
ISIC_0026580,nv,nv,5.983029950584751e-06,2.9866164368286263e-06,4.425695078680292e-05,3.899532384821214e-05,1.043530664901482e-05,0.9998962879180908,1.0809949344547931e-06
ISIC_0025346,nv,mel,0.021186307072639465,0.007725845091044903,0.2092074602842331,0.0010587270371615887,0.5015659332275391,0.25847142934799194,0.0007842563791200519
ISIC_0025540,nv,nv,2.268484968226403e-05,8.01787173259072e-05,0.00504419207572937,0.0002970481582451612,0.012181651778519154,0.9822560548782349,0.0001182163177873008
ISIC_0032333,nv,nv,8.12723592389375e-05,1.2166562555648852e-05,0.001079457812011242,1.156095640908461e-05,0.15478645265102386,0.8440148830413818,1.4194705727277324e-05
ISIC_0028596,nv,nv,1.612247433513403e-05,4.456593615032034e-06,0.002567390911281109,6.85308114043437e-05,0.00011078147508669645,0.997231662273407,1.1980845329162548e-06
ISIC_0024902,nv,nv,0.0016934920568019152,0.00017415930051356554,0.0007756074774079025,0.00043970916885882616,0.37847834825515747,0.6183756589889526,6.299047527136281e-05
ISIC_0026676,nv,nv,0.00025806203484535217,5.335844980436377e-05,0.0023911502212285995,0.00016638656961731613,0.35506966710090637,0.641844630241394,0.00021677774202544242
ISIC_0032328,nv,nv,1.7290662235325271e-09,2.0142293166713898e-08,2.170926620692626e-07,1.0954398277362998e-07,1.146700196841266e-05,0.9999881982803345,4.033311995499389e-08
ISIC_0025193,nv,nv,9.143817258916442e-09,2.595967707463842e-08,3.348167183503392e-06,1.4769333311903665e-08,4.108820576220751e-05,0.999955415725708,8.706045662165707e-08
ISIC_0026218,nv,mel,0.000186669421964325,2.6271047318005003e-05,0.0016148475697264075,2.9076170449116034e-06,0.8852092027664185,0.1129545122385025,5.58592910238076e-06
ISIC_0030155,nv,nv,7.204321406106828e-08,2.910446550430379e-09,0.00042144404142163694,1.5580928902636515e-06,8.392736958739988e-07,0.9995760321617126,4.1235431069708284e-08
ISIC_0028531,nv,nv,4.395480573293753e-05,5.3047861001687124e-06,0.005915989633649588,4.848130174650578e-06,0.0032413967419415712,0.9907825589179993,5.979703018965665e-06
ISIC_0025446,nv,nv,1.3541528460336849e-05,1.557638000804218e-07,0.03367718681693077,6.876970815028471e-08,4.958011049893685e-05,0.9662594199180603,4.50985595534803e-08
ISIC_0025647,nv,nv,1.738262471917551e-05,4.399698445922695e-05,0.05847828835248947,8.366328256670386e-05,0.01682315021753311,0.9244905114173889,6.303058034973219e-05
ISIC_0026371,nv,nv,6.328237213892862e-05,8.7613589130342e-06,0.0015377567615360022,4.086715762241511e-06,0.01975760981440544,0.9786264896392822,2.0957193100912264e-06
ISIC_0030019,nv,nv,8.968230531536392e-07,0.0008857803186401725,1.3362642675929237e-05,0.00041909830179065466,0.0040180194191634655,0.9941138625144958,0.000549114600289613
ISIC_0028042,nv,mel,9.584193776390748e-07,4.222554707666859e-06,0.000636849959846586,2.5879817258100957e-06,0.5320360660552979,0.46608829498291016,0.0012310633901506662
ISIC_0030229,nv,mel,4.308589751644831e-08,5.614222573058214e-06,0.0009464446920901537,2.0602184847007265e-08,0.6383661031723022,0.35958367586135864,0.0010980652878060937
ISIC_0027133,nv,nv,6.604088831352328e-09,1.1122660907858517e-06,1.5137014088395517e-05,1.0336949344491586e-05,0.0001280900469282642,0.9998437166213989,1.616149006622436e-06
ISIC_0028756,nv,nv,2.6447100065496443e-10,2.048710356916672e-08,1.3302174920681864e-05,1.5574822498365393e-07,1.2212885849294253e-05,0.9999712705612183,3.141701881759218e-06
ISIC_0024818,nv,nv,0.0002046367881121114,1.712473385850899e-05,0.0066634900867938995,2.70004147751024e-06,0.20968861877918243,0.7834135293960571,9.923632205754984e-06
ISIC_0025271,nv,nv,0.0004002431232947856,3.180991188855842e-05,0.0007467998075298965,0.001444110181182623,0.023575307801365852,0.9737882018089294,1.3580851373262703e-05
ISIC_0032042,nv,akiec,0.6315999627113342,0.0001603852433618158,0.3629990816116333,3.6815534258494154e-05,0.00012938767031300813,0.005054481793195009,1.9952509319409728e-05
ISIC_0030589,nv,nv,1.056909968610853e-05,0.00022361868468578905,0.0012518302537500858,0.00015507126227021217,0.04118745028972626,0.9571612477302551,1.0185122846451122e-05
ISIC_0027140,nv,nv,1.0690310148220306e-07,5.435800289887993e-07,4.748273568111472e-06,7.14257453182654e-07,0.005475896410644054,0.9945171475410461,8.036886924855935e-07
ISIC_0030404,nv,nv,9.860108548309654e-06,4.2628785195120145e-06,0.014961066655814648,0.00015432309010066092,0.006740359123796225,0.977897047996521,0.00023303557827603072
ISIC_0027311,nv,nv,3.9851522615208523e-07,3.4325765341236547e-07,0.000355676980689168,1.6993776625895407e-06,0.0037372016813606024,0.9958736300468445,3.109458339167759e-05
ISIC_0031896,nv,nv,6.120237230788916e-06,1.457019698136719e-05,0.012790924869477749,2.4660473627591273e-06,0.005342240445315838,0.9817917943000793,5.1948543841717765e-05
ISIC_0032388,nv,nv,0.0004480723582673818,0.0007154776249080896,0.00045150521327741444,0.004383471328765154,0.01614818163216114,0.9778044819831848,4.8869027523323894e-05
ISIC_0030299,nv,nv,9.171519099737679e-10,2.499217777174323e-10,1.659662416386709e-06,5.74342018389018e-10,0.000378087570425123,0.9996201992034912,6.774676819532033e-09
ISIC_0028866,nv,nv,1.44181955263889e-08,1.2796932402636685e-08,3.475065568636637e-06,8.438391319032235e-08,0.0010326302144676447,0.9989633560180664,4.247456217854051e-07
ISIC_0025253,nv,nv,6.455600782828697e-07,5.708801040782419e-07,0.0009886743500828743,3.232018934795633e-05,0.040092919021844864,0.9587076902389526,0.0001771702227415517
ISIC_0026190,nv,nv,4.8237386307548036e-11,2.2697321355735767e-08,1.0099793144036084e-05,8.835095849368813e-11,5.285272891342174e-06,0.999984622001648,2.9002528378896386e-08
ISIC_0030358,nv,nv,4.358879596111365e-05,2.465545549057424e-06,0.28629788756370544,2.447931592541863e-06,0.001818573335185647,0.7118299007415771,5.140280336490832e-06
ISIC_0030086,nv,nv,6.575354746019002e-06,2.1341729734558612e-05,0.0004698674310930073,7.626705337315798e-05,0.29980918765068054,0.6995576024055481,5.9115365729667246e-05
ISIC_0034265,nv,nv,0.00014541279233526438,2.9061791792628355e-05,0.012062516063451767,0.00012712542957160622,0.030784625560045242,0.9568462371826172,4.916915258945664e-06
ISIC_0033765,nv,nv,7.010331319179386e-05,5.897958999412367e-06,0.0021983948536217213,6.145890074549243e-05,0.04695962369441986,0.9506549835205078,4.9614736781222746e-05
ISIC_0032939,nv,nv,1.3322744507604511e-07,1.1060627258530076e-07,2.013407720369287e-05,8.989723454533305e-08,0.001681628404185176,0.998297393321991,5.310148480930366e-07
ISIC_0033682,nv,nv,3.5467288398649544e-05,9.694584832686814e-07,0.00010563643445493653,2.6778611754707526e-06,0.0022225670982152224,0.9976308345794678,1.7974211914406624e-06
ISIC_0032979,nv,nv,0.0001102481983252801,0.013808093965053558,0.018407214432954788,0.0004661513667088002,0.13866396248340607,0.8179016709327698,0.010642679408192635
ISIC_0033474,nv,nv,9.882972517516464e-05,7.094493776094168e-05,0.008527202531695366,0.00021432529320009053,0.010811680927872658,0.9802557229995728,2.1304216716089286e-05
ISIC_0034043,nv,bkl,1.1364945748937316e-05,2.111466892529279e-05,0.6992255449295044,2.075182055705227e-05,0.005364398006349802,0.2953187823295593,3.8130605389596894e-05
ISIC_0033589,nv,nv,7.289306722668698e-07,8.789351340965368e-06,2.6552540930424584e-06,6.214536938387027e-07,0.005652274005115032,0.9943341016769409,8.534718745067948e-07
ISIC_0032880,nv,nv,1.2539937976896454e-08,7.009574432004229e-08,1.1315388292132411e-05,9.09750838218315e-07,0.0034092830028384924,0.9965575933456421,2.0750074327224866e-05
ISIC_0032721,nv,nv,0.010579795576632023,0.0006544491625390947,0.06618612259626389,0.0019098493503406644,0.07220951467752457,0.8482025861740112,0.0002577468112576753
ISIC_0032616,nv,nv,3.419092536205426e-05,1.4334495972434524e-05,0.006254122592508793,4.582954716170207e-05,0.0019287647446617484,0.9917184114456177,4.3661916606652085e-06
ISIC_0033355,nv,nv,1.29325326270191e-05,5.248716479400173e-05,0.00021691826987080276,3.82391044695396e-06,0.08082558959722519,0.9188850522041321,3.20946628562524e-06
ISIC_0034219,nv,bkl,3.7684130802517757e-06,1.7015310049828258e-07,0.7557346820831299,3.511741226702725e-07,0.0015002310974523425,0.2427598237991333,1.0155157497138134e-06
ISIC_0033118,nv,nv,0.013831236399710178,0.003528051311150193,0.3967224061489105,0.009617812000215054,0.025459226220846176,0.5506530404090881,0.00018818012904375792
ISIC_0033542,nv,nv,3.486561317433967e-10,1.842620500625003e-09,1.7635585436437395e-08,4.4354857564599115e-09,2.0300611140555702e-05,0.9999796152114868,9.280179114057319e-08
ISIC_0032575,nv,nv,0.008226675912737846,0.11801167577505112,0.13908246159553528,4.3065268982900307e-05,0.008186318911612034,0.7261199951171875,0.0003297703806310892
ISIC_0033842,nv,nv,1.0568542165856343e-06,1.3992400454299059e-05,0.001617287052795291,1.0609485798340756e-05,0.03546716272830963,0.9559409022331238,0.006948962341994047
ISIC_0032923,nv,nv,4.4053035708202515e-06,0.00015334291674662381,0.0005845478735864162,6.481583113782108e-05,0.0005871047032997012,0.9949461817741394,0.003659636713564396
ISIC_0033577,nv,nv,2.812749477776322e-10,3.407785442721689e-10,1.6653304291125437e-09,1.9647967697267177e-09,4.478249593375949e-06,0.9999954700469971,1.4070912213171027e-09
ISIC_0033898,nv,nv,1.0371429937094945e-07,1.3155721845237167e-08,1.374720000058005e-07,5.5048637648269505e-08,0.0009118906455114484,0.9990878105163574,6.248842510103714e-08
ISIC_0033173,nv,nv,1.277855830039698e-07,4.2018669432764e-08,2.431117707146768e-07,1.8032002913059841e-07,1.7068497982108966e-05,0.9999822378158569,8.640125059855563e-08
ISIC_0032655,bkl,bkl,0.0003620739153120667,0.0001130984237533994,0.9341898560523987,0.00015644464292563498,0.00014247735089156777,0.06501716375350952,1.897045694931876e-05
ISIC_0034114,nv,nv,1.2140391802972772e-08,3.1620238587493077e-06,2.0434063117136247e-06,7.147519340833242e-07,2.9351134799071588e-05,0.9999606609344482,3.975488198193489e-06
ISIC_0033039,nv,nv,1.4846286866543323e-08,2.1712750708502426e-08,1.3810509926770465e-06,2.0593512317645946e-07,7.24707342669717e-06,0.9999909400939941,1.996160960970883e-07
ISIC_0034228,nv,nv,2.3286199848371325e-06,1.0808040542542585e-06,1.6240219338214956e-05,2.284824176967959e-06,6.454333288274938e-06,0.999970555305481,1.0773402436825563e-06
ISIC_0032759,nv,nv,7.057264639342975e-08,6.845128154964186e-06,1.5313319181586849e-06,6.122894546933821e-07,0.00011208753130631521,0.9998780488967896,8.619707614343497e-07
ISIC_0033647,nv,nv,4.5453234925885155e-11,4.406894849040555e-09,2.560150758057489e-09,1.0248872861495784e-09,4.040085696033202e-05,0.9999595880508423,9.073679585469563e-10
ISIC_0032956,nv,nv,0.00015214094310067594,3.0156297725625336e-06,0.00800679624080658,1.6757918274379335e-05,0.00046520819887518883,0.9913359880447388,1.9993161913589574e-05
ISIC_0034082,nv,nv,8.649544014360799e-08,7.163071700233559e-07,3.6247544699108403e-07,2.0777899862878257e-06,0.0010688456241041422,0.9989171028137207,1.0900917914113961e-05
ISIC_0034312,nv,nv,1.8748976799543016e-05,0.0002276887680636719,6.504960038000718e-05,0.00025741508579812944,0.08980005979537964,0.9095308780670166,0.00010011300764745101
ISIC_0032578,nv,nv,2.094473217084669e-08,6.186877499203547e-07,3.4800109460775275e-06,1.3606269888555289e-08,9.87201292446116e-06,0.9999834299087524,2.5570584512024652e-06
ISIC_0034266,nv,nv,7.728381465604145e-14,3.144859719861337e-11,1.888019948714792e-11,2.566332346284894e-12,8.621161562416546e-09,1.0,1.819960154803013e-10
ISIC_0034080,nv,nv,6.544775033034966e-07,1.4177994671626948e-05,0.00023082118423189968,4.51288926228699e-08,0.00750874076038599,0.9922452569007874,3.5376584150981216e-07
ISIC_0034154,nv,nv,5.17267451094483e-10,1.244883719664358e-06,0.004658870864659548,1.2011355243757293e-09,1.844950566010084e-05,0.9953213334083557,1.9911226445401553e-07
ISIC_0033028,nv,nv,1.7153251974377781e-06,3.3926099263226206e-07,0.0001502911763964221,3.673536923542997e-07,0.0013162075774744153,0.9985301494598389,9.546021146888961e-07
ISIC_0032814,nv,nv,0.0004502555530052632,1.2700918887276202e-05,0.0003645439282990992,4.8123951273737475e-05,0.1338135153055191,0.8651554584503174,0.0001553362380946055
ISIC_0033190,nv,nv,2.9511545562854735e-06,4.812167162526748e-07,0.0003467289498075843,1.7301917978329584e-06,0.00013154849875718355,0.9995121955871582,4.354462362243794e-06
ISIC_0033535,nv,nv,0.02030194364488125,0.03756134584546089,0.24895553290843964,0.02304488979279995,0.046402398496866226,0.6090425848960876,0.014691335149109364
ISIC_0033330,nv,bcc,0.092048279941082,0.3296228349208832,0.1588432639837265,0.10947736352682114,0.03834922984242439,0.02186824008822441,0.24979081749916077
ISIC_0024725,nv,nv,5.639396931655938e-06,5.926856374571798e-06,0.000746506208088249,1.8277083654538728e-05,0.004146228544414043,0.995072066783905,5.326548944140086e-06
ISIC_0031259,nv,nv,3.061536517634522e-06,1.80991646629991e-05,0.0024932119995355606,4.240661291987635e-05,0.09987802803516388,0.8974382281303406,0.00012709377915598452
ISIC_0027138,nv,nv,1.6259988115052693e-05,0.00034584966488182545,0.030539441853761673,1.489785427111201e-05,0.004472331143915653,0.9620417952537537,0.0025693767238408327
ISIC_0028014,nv,nv,8.643403816677164e-06,4.679331323131919e-05,0.004132615402340889,1.3678100003744476e-05,2.5778414055821486e-05,0.9957709908485413,1.5535892998741474e-06
ISIC_0031105,nv,nv,1.2383442481223028e-05,5.4727956012357026e-05,0.00011275849101366475,2.3609331037732773e-05,0.07016424089670181,0.9294973015785217,0.00013499775377567858
ISIC_0029030,nv,nv,0.0003422513254918158,0.0028656760696321726,0.0004439091426320374,0.0009628660045564175,0.23610003292560577,0.7591816782951355,0.0001037141919368878
ISIC_0031454,nv,nv,5.651914398185909e-05,0.16204456984996796,0.02177586406469345,0.0015001054853200912,7.821481267455965e-05,0.8123798966407776,0.0021648313850164413
ISIC_0028618,nv,mel,0.0016095502069219947,0.00019422963669057935,0.005818737670779228,0.0011727585224434733,0.5323095917701721,0.4588872194290161,7.85062184149865e-06
ISIC_0031488,nv,mel,0.0519401878118515,0.0616387315094471,0.017368098720908165,0.006548749748617411,0.4643435776233673,0.39764782786369324,0.0005127655458636582
ISIC_0027345,nv,nv,8.547433935746085e-06,1.3586798559117597e-05,2.052668969554361e-05,2.241217998744105e-06,0.06305988132953644,0.9368939995765686,1.1519518920977134e-06
ISIC_0029143,nv,nv,3.6981953144277213e-06,9.604202205082402e-05,0.006400347221642733,2.4056332676991588e-06,0.0005074419896118343,0.9929885268211365,1.6069092225734494e-06
ISIC_0030693,nv,bkl,0.00012138155580032617,3.4551565477158874e-05,0.999210000038147,1.506395278738637e-06,6.147493695607409e-05,0.0005705912481062114,4.988366981706349e-07
ISIC_0031040,akiec,akiec,0.9931094646453857,0.0006069210357964039,0.0059659346006810665,9.7829788501258e-06,0.00021476256370078772,9.303207480115816e-05,7.09359113670871e-08
ISIC_0027795,akiec,akiec,0.9993658661842346,6.440939159801928e-06,0.000278505845926702,9.27529799810145e-06,0.00031401385786011815,2.5837771318037994e-05,3.271235726742816e-08
ISIC_0024913,akiec,bcc,0.24547545611858368,0.7479634881019592,0.001393590704537928,0.004736931994557381,0.00032319955062121153,6.990873225731775e-05,3.742608896573074e-05
ISIC_0026872,akiec,akiec,0.9832770824432373,0.00043543861829675734,0.004743808414787054,0.0005423828260973096,0.009123438037931919,0.001874723588116467,3.1311567454395117e-06
ISIC_0031119,akiec,akiec,0.8258740305900574,0.1721235066652298,0.0008528733160346746,4.502127558225766e-05,0.00022111630823928863,0.0008437794749625027,3.9717648178339005e-05
ISIC_0024562,akiec,mel,0.01237359270453453,0.00023380352649837732,0.05806209519505501,0.0008025343413464725,0.6837303638458252,0.2447938472032547,3.7275747217790922e-06
ISIC_0025696,akiec,akiec,0.9997172951698303,7.172315690695541e-06,0.0001015529123833403,1.5605638736815308e-07,0.00014217154239304364,3.156884486088529e-05,4.4357463480082515e-08
ISIC_0030794,akiec,akiec,0.9994144439697266,0.00014701385225635022,0.00035046995617449284,4.591235119733028e-05,8.81428877619328e-06,3.297243529232219e-05,4.3295381146890577e-07
ISIC_0027678,akiec,akiec,0.9998475313186646,3.376450331415981e-05,7.825225475244224e-05,5.907231752644293e-06,2.37913027376635e-05,1.065755441231886e-05,4.691003852030917e-08
ISIC_0028132,akiec,bcc,0.0026247473433613777,0.9964389801025391,0.00044662042637355626,8.449790038866922e-05,2.7755051632993855e-05,0.00037010700907558203,7.394766726065427e-06
ISIC_0030991,akiec,bkl,0.15822862088680267,0.251625657081604,0.40682879090309143,0.0023492868058383465,0.022294579073786736,0.15684323012828827,0.0018297879723832011
ISIC_0029582,akiec,bcc,0.046278052031993866,0.813803493976593,0.08471441268920898,0.0030789910815656185,0.0026056950446218252,0.049347590655088425,0.0001717850536806509
ISIC_0031852,akiec,akiec,0.9271992444992065,0.00021716956689488143,0.030690597370266914,0.000513496226631105,0.02576860412955284,0.015579497441649437,3.144864604109898e-05
ISIC_0031609,akiec,nv,0.09056753665208817,0.0002597385609988123,0.17008481919765472,5.375621185521595e-06,0.010546624660491943,0.7285277843475342,8.060740583459847e-06
ISIC_0026645,akiec,bcc,0.0655532032251358,0.8504821062088013,0.05002567544579506,0.0002999334828928113,0.03233273699879646,0.001163440989330411,0.0001430169359082356
ISIC_0024710,akiec,akiec,0.9275962114334106,0.06704571098089218,0.0012492751702666283,2.942401624750346e-05,0.003999957349151373,6.665326509391889e-05,1.2788263120455667e-05
ISIC_0030375,akiec,akiec,0.9974353909492493,0.0007491980795748532,0.001618234789930284,5.430687792795652e-07,0.00018326564168091863,1.3095898793835659e-05,2.8619624004022626e-07
ISIC_0031335,akiec,akiec,0.9862305521965027,0.00802109856158495,0.0032113748602569103,7.189331881818362e-06,0.0024755969643592834,5.022091863793321e-05,3.863376605295343e-06
ISIC_0027178,akiec,akiec,0.8975751399993896,5.321213393472135e-05,0.06388571113348007,0.0001278683339478448,0.019464556127786636,0.01888483576476574,8.681920917297248e-06
ISIC_0028190,akiec,akiec,0.617984414100647,0.3077443242073059,0.04884409159421921,0.0046692234463989735,0.004596165381371975,0.015874361619353294,0.00028750344063155353
ISIC_0029059,akiec,bcc,2.9645973427250283e-06,0.9999475479125977,3.410017234273255e-05,1.7893786719014315e-07,6.499221285594103e-07,1.3992305866850074e-05,5.751723506364215e-07
ISIC_0032277,akiec,akiec,0.9478757977485657,2.212472099927254e-05,0.02054174244403839,1.2347676374702132e-06,0.02973206341266632,0.0018265903927385807,4.4473893012764165e-07
ISIC_0025953,akiec,akiec,0.9832898378372192,0.00042518627014942467,0.00031611989834345877,4.054175587953068e-05,0.015516786836087704,0.000407741084927693,3.740457941603381e-06
ISIC_0033494,akiec,mel,0.028271939605474472,0.25877484679222107,0.020464127883315086,0.0006752689369022846,0.5429911613464355,0.14880168437957764,2.0982639398425817e-05
ISIC_0031381,akiec,akiec,0.9865121841430664,0.00013934542948845774,0.002590975956991315,4.958063072990626e-05,0.0047385175712406635,0.00596708944067359,2.3599407086294377e-06
ISIC_0029279,akiec,akiec,0.9997994303703308,8.102662104647607e-05,2.3281716494238935e-05,1.7922448023455217e-06,9.181290806736797e-05,2.6093923679582076e-06,1.9609945667298234e-08
ISIC_0031431,akiec,akiec,0.9880395531654358,0.0008512758649885654,0.00229845498688519,0.0013277215184643865,0.0023072592448443174,0.004998200107365847,0.00017743627540767193
ISIC_0028224,akiec,akiec,0.768860936164856,0.0005467123701237142,0.07379110902547836,0.14846697449684143,0.002176850102841854,0.006155813578516245,1.5918013787086238e-06
ISIC_0026319,akiec,mel,0.38802942633628845,0.1106305867433548,0.016054706647992134,0.001618299982510507,0.4552685022354126,0.028082579374313354,0.0003159079060424119
ISIC_0032014,akiec,akiec,0.9795733690261841,0.00784233957529068,0.012249192222952843,1.3450166079564951e-05,5.1384711696300656e-05,0.000269681477220729,5.599561063718284e-07
ISIC_0024923,akiec,akiec,0.9988070726394653,6.156400195322931e-05,0.000272085249889642,5.7718898460734636e-06,3.939288217225112e-05,0.0008141509024426341,2.9066452356119044e-08
ISIC_0026626,akiec,akiec,0.7176516056060791,0.011631439439952374,0.16863864660263062,0.00011941670527448878,0.09588555246591568,0.006031753495335579,4.162687764619477e-05
ISIC_0028335,akiec,bkl,0.21182282269001007,0.04326751455664635,0.7192608714103699,0.009752396494150162,0.0012286662822589278,0.014492712914943695,0.00017511181067675352
ISIC_0026981,akiec,akiec,0.9998908042907715,2.9445862310240045e-05,2.7569309168029577e-05,3.218291749362834e-05,5.118100034451345e-06,1.4794523849559482e-05,4.770175010548883e-08
ISIC_0031823,akiec,akiec,0.8149400353431702,0.17949996888637543,0.004860714077949524,0.00010361208842368796,0.00021732186723966151,0.000147294340422377,0.00023100568796508014
ISIC_0032404,akiec,akiec,0.9403823018074036,0.0039531937800347805,0.03100631758570671,0.0007292088121175766,0.0229184627532959,0.0006391708739101887,0.0003713680198416114
ISIC_0024800,akiec,bkl,0.020443785935640335,0.0001443124347133562,0.7026858329772949,3.145795562886633e-05,0.2464950978755951,0.030031438916921616,0.00016812531976029277
ISIC_0027767,akiec,akiec,0.4998912513256073,0.011029533110558987,0.3060341775417328,0.00022746543982066214,0.17861710488796234,0.0041661616414785385,3.426013427088037e-05
ISIC_0026984,akiec,bkl,0.013549257069826126,0.0004051011928822845,0.664026141166687,1.0117943929799367e-05,0.24465453624725342,0.07734081149101257,1.408598109264858e-05
ISIC_0031506,akiec,bcc,0.00796136911958456,0.5686018466949463,0.41359803080558777,7.940031355246902e-05,0.00023161800345405936,0.009365142323076725,0.00016268971376121044
ISIC_0026765,akiec,bcc,0.2592807114124298,0.736629843711853,0.0018007210455834866,0.0011922686826437712,0.0009961426258087158,2.9664230169146322e-05,7.071395521052182e-05
ISIC_0024511,akiec,nv,0.12445128709077835,0.1140836700797081,0.044720616191625595,0.00018738931976258755,0.07380355894565582,0.6427076458930969,4.5796161430189386e-05
ISIC_0027884,akiec,akiec,0.9990660548210144,0.0006054543773643672,0.00011878782970597968,9.332281479146332e-06,0.00017542464775033295,2.2625223209615797e-05,2.325688456039643e-06
ISIC_0031108,akiec,akiec,0.9947422742843628,0.0025921191554516554,0.0018708710558712482,0.000662872800603509,8.923557470552623e-05,3.9106158510548994e-05,3.4592369502206566e-06
ISIC_0027334,akiec,bcc,0.0021044290624558926,0.9907121062278748,0.0008556045941077173,0.0061816987581551075,2.2272501155384816e-05,9.03309482964687e-05,3.349945473019034e-05
ISIC_0033358,akiec,akiec,0.9859176278114319,1.8547360980392114e-07,8.681901090312749e-05,3.9730725376330156e-08,0.013853872194886208,0.00014145570457912982,3.6488148613678106e-10
ISIC_0029141,akiec,akiec,0.5946301221847534,0.0061828503385186195,0.39450138807296753,1.1209684089408256e-05,0.0015621137572452426,0.0031044038478285074,7.890496817708481e-06
ISIC_0028619,akiec,bkl,0.0008385021355934441,0.003238933626562357,0.985823392868042,0.00012683997920248657,0.004617192782461643,0.00527794286608696,7.72214334574528e-05
ISIC_0033536,akiec,akiec,0.9911243319511414,0.0007802274776622653,0.0011742333881556988,0.005186405964195728,0.001318492111749947,0.00040979162440635264,6.5347107920388225e-06
