image_id,true_class,predicted_class,p_akiec,p_bcc,p_bkl,p_df,p_mel,p_nv,p_vasc
ISIC_0027419,bkl,bkl,0.004000495653599501,7.744353933958337e-05,0.9958183169364929,3.3009877370204777e-05,3.684569674078375e-05,1.2681263797276188e-05,2.1250491045066155e-05
ISIC_0031633,bkl,bkl,0.0006489523802883923,0.0010723575251176953,0.9978561997413635,8.200733645935543e-06,0.00028136983746662736,0.0001086823467630893,2.4196735466830432e-05
ISIC_0027828,bkl,bkl,2.1944344553048722e-05,9.697509813122451e-05,0.8497143983840942,1.2660348147619516e-05,2.7672187570715323e-05,0.15009726583957672,2.911359661084134e-05
ISIC_0029559,bkl,bkl,6.375753582688048e-05,2.4435388695565052e-05,0.9940080642700195,5.1469010941218585e-05,0.0035844058729708195,0.0022385537158697844,2.9363825888140127e-05
ISIC_0025642,bkl,nv,3.661213122541085e-05,5.461748514790088e-06,0.0018088663928210735,3.770058538066223e-05,0.011830417439341545,0.9862490296363831,3.190262577845715e-05
ISIC_0031691,bkl,nv,0.0043964325450360775,0.02937367372214794,0.1996716856956482,0.005416145548224449,0.0009814557852223516,0.7530392408370972,0.0071213385090231895
ISIC_0025419,bkl,bkl,0.03726058080792427,0.012701918371021748,0.8156053423881531,0.002612098352983594,0.12986408174037933,0.001630229176953435,0.00032568222377449274
ISIC_0029301,bkl,nv,0.00010307267803000286,0.0005412277532741427,0.0024300715886056423,0.009806578047573566,0.010487228631973267,0.6166608333587646,0.35997098684310913
ISIC_0030377,bkl,bkl,1.017914019030286e-05,0.000146833059261553,0.9998155236244202,6.7489113462215755e-06,9.27399469219381e-06,3.5280638712720247e-06,7.926977559691295e-06
ISIC_0027960,bkl,bkl,5.958378460491076e-05,3.0049686756683514e-05,0.9997772574424744,2.6845531465369277e-05,8.487870945828035e-05,6.281013156694826e-06,1.5123712728382088e-05
ISIC_0031495,bkl,bkl,2.2381565941032022e-05,7.098761670931708e-06,0.9996191263198853,3.393639053683728e-05,1.5722713214927353e-05,0.00029272091342136264,8.896201507013757e-06
ISIC_0025099,bkl,bkl,4.385098236525664e-06,4.4611908379010856e-05,0.9997642636299133,2.6475463528186083e-06,2.8799386200262234e-05,0.00014302505587693304,1.2312546459725127e-05
ISIC_0029413,bkl,bkl,2.744872290350031e-05,0.0006802944699302316,0.849553108215332,1.581513242854271e-05,0.046273570507764816,0.10341989248991013,2.9913837352069095e-05
ISIC_0025140,bkl,nv,1.3436269000521861e-05,1.9629113012342714e-05,0.03694774955511093,1.2578538189700339e-05,0.019193151965737343,0.9437910318374634,2.2425530914915726e-05
ISIC_0029912,bkl,nv,1.4342144822876435e-05,3.1810366635909304e-05,0.008394842967391014,2.1503106836462393e-05,0.0005501286359503865,0.9906941056251526,0.0002933703362941742
ISIC_0033539,bkl,bkl,2.5132329028565437e-05,3.047119935217779e-05,0.9982360601425171,0.0012992096599191427,0.0003556717128958553,2.136796865670476e-05,3.216782715753652e-05
ISIC_0030005,bkl,bkl,0.021383604034781456,0.00892840325832367,0.6150325536727905,0.002618068130686879,0.35166406631469727,0.00014552674838341773,0.00022772082593291998
ISIC_0024832,bkl,bkl,0.0011577839031815529,0.009077589027583599,0.6929764747619629,0.0019310610368847847,0.003329331986606121,0.2894936501979828,0.0020341260824352503
ISIC_0029837,bkl,nv,3.2415187888545915e-05,0.00012489141954574734,0.26292964816093445,0.0001528407883597538,0.00021153951820451766,0.7364640235900879,8.459446689812467e-05
ISIC_0025510,bkl,bkl,2.5883788111968897e-05,5.572735608438961e-05,0.6652958989143372,8.744089427636936e-05,0.00022575876209884882,0.33422327041625977,8.604248432675377e-05
ISIC_0029060,bkl,bkl,0.0001420259941369295,6.344693247228861e-05,0.94977205991745,4.6198401832953095e-05,7.026962703093886e-05,0.04988225921988487,2.3722004698356614e-05
ISIC_0026153,bkl,nv,1.5487466953345574e-05,0.0001323973701801151,0.143817737698555,7.548830581072252e-06,0.004315867088735104,0.8516921997070312,1.877385875559412e-05
ISIC_0025063,bkl,bkl,0.011820456013083458,0.0005866706487722695,0.9813054203987122,0.00039684370858594775,0.005866833031177521,3.83582209906308e-06,2.001105713134166e-05
ISIC_0032306,bkl,bkl,9.280083031626418e-05,8.167839951056521e-06,0.9998800754547119,3.907970040017972e-06,7.934712812129874e-06,2.770521177808405e-06,4.268976681487402e-06
ISIC_0032304,bkl,bkl,3.2944044505711645e-05,0.0002609143266454339,0.9995724558830261,2.9067234663671115e-06,0.00011956642265431583,3.6142964745522477e-06,7.5780762927024625e-06
ISIC_0032382,bkl,bkl,8.723448991077021e-05,0.001913278130814433,0.9945291876792908,2.2694190192851238e-05,0.001694482285529375,0.001592376735061407,0.00016078745829872787
ISIC_0029674,bkl,bkl,4.926559995510615e-06,4.4270425860304385e-05,0.9997028708457947,5.857155883859377e-06,0.00022257561795413494,6.922562988620484e-06,1.2483139471441973e-05
ISIC_0028607,bkl,bkl,0.00047436176100745797,0.00012451151269488037,0.9108545780181885,0.000133845183881931,0.08679769933223724,0.0015753146726638079,3.978014501626603e-05
ISIC_0028646,bkl,bkl,8.00448287918698e-06,5.286703890305944e-05,0.9995729327201843,2.982972091558622e-06,6.869131175335497e-05,0.00028408292564563453,1.0359172847529408e-05
ISIC_0033041,bkl,bkl,0.00013459729962050915,0.0014396306360140443,0.9741884469985962,3.6509838537313044e-05,0.023652130737900734,0.0004959711222909391,5.271007466944866e-05
ISIC_0033900,bkl,bkl,1.86833058251068e-05,1.0185700375586748e-05,0.9987497329711914,8.852908649714664e-06,0.00027890116325579584,0.0009284394327551126,5.198508006287739e-06
ISIC_0030276,bkl,bkl,0.0004787083016708493,0.0006418064003810287,0.9975977540016174,2.739646879490465e-05,0.001230259658768773,1.9322744719829643e-06,2.2248354071052745e-05
ISIC_0033201,bkl,bkl,4.6832687985443044e-06,6.889656560815638e-07,0.999982476234436,3.878785435063037e-07,8.295217412523925e-06,2.9266618639667286e-06,4.547431444734684e-07
ISIC_0033613,bkl,bkl,2.2330084902932867e-05,3.3708933187881485e-05,0.999664306640625,1.4239113852454466e-06,0.00025988457491621375,1.239176890521776e-05,5.93753247812856e-06
ISIC_0032978,bkl,bkl,7.749198994133621e-05,0.000655174779240042,0.9970982074737549,4.1538814912200905e-06,0.0021532298997044563,4.2873348320426885e-06,7.474271114915609e-06
ISIC_0032829,bkl,bkl,4.426790383149637e-06,6.514190317830071e-05,0.999894380569458,2.351678631384857e-06,1.4821507647866383e-05,1.2908921235066373e-05,6.005146587995114e-06
ISIC_0033601,bkl,bkl,3.5824073165713344e-06,5.373439853428863e-05,0.9998968839645386,2.5556644231983228e-06,1.1951725355174858e-05,2.616945312183816e-05,5.167169547348749e-06
ISIC_0032570,bkl,bkl,0.00025807597558014095,7.241796265589073e-05,0.9994251728057861,3.176452446496114e-05,8.960663762991317e-06,0.00015537107537966222,4.828462624573149e-05
ISIC_0033410,bkl,bkl,9.885652980301529e-05,0.005681467708200216,0.9939613938331604,2.7277375920675695e-05,0.00012666729162447155,6.595459126401693e-05,3.838788688881323e-05
ISIC_0033306,bkl,bkl,0.00031401580781675875,2.635311830090359e-05,0.9978150129318237,2.4884473532438278e-05,0.0017889494774863124,2.276851773785893e-05,8.022413567232434e-06
ISIC_0033235,bkl,bkl,0.00695014325901866,8.389855793211609e-05,0.9623477458953857,0.006857256405055523,0.010449771769344807,0.013099809177219868,0.00021142905461601913
ISIC_0026085,bkl,mel,0.2782481014728546,9.506421338301152e-05,0.01573251374065876,0.00043243332765996456,0.7051569819450378,0.00021314882906153798,0.00012170140689704567
ISIC_0032756,bkl,bkl,0.00038829035474918783,0.0009370546322315931,0.9949665665626526,0.00011451841419329867,0.0021913419477641582,0.0012547173537313938,0.00014755278243683279
ISIC_0034031,bkl,bkl,0.0001276299444725737,0.0001914159074658528,0.9338836669921875,0.0015936250565573573,0.03478691354393959,0.029083214700222015,0.00033354724291712046
ISIC_0033449,bkl,bkl,0.0008360949577763677,8.466425924780197e-07,0.9991018772125244,7.781179192534182e-06,1.6242769561358728e-05,3.3608521334826946e-05,3.6302740227256436e-06
ISIC_0033414,bkl,bkl,1.7717948139761575e-06,8.46096190798562e-06,0.9982481002807617,1.7716325828587287e-06,0.00026916578644886613,0.00146676495205611,3.873300556733739e-06
ISIC_0033791,bkl,bkl,7.389950042124838e-06,2.0101173504372127e-05,0.9993108510971069,1.658027258599759e-06,0.0006499362061731517,6.8013291638635565e-06,3.1651777590013808e-06
ISIC_0033060,bkl,bkl,5.0521717639639974e-05,0.00032264451147057116,0.9768118262290955,3.738751547643915e-05,0.00010892861610045657,0.022574227303266525,9.454239625483751e-05
ISIC_0031376,bkl,bkl,1.5260885675161262e-06,5.114165446684638e-07,0.9999748468399048,3.913720831860701e-07,1.6954745660768822e-05,5.428993972600438e-06,3.0252610372372146e-07
ISIC_0027989,bkl,bkl,0.00019351135415490717,6.169765401864424e-05,0.9963591694831848,6.281309470068663e-05,0.0001424182264599949,0.0030710091814398766,0.000109401713416446
ISIC_0027218,bkl,nv,0.00023834372404962778,0.0004020000924356282,0.0745043009519577,6.996461161179468e-05,0.001995595172047615,0.9225620627403259,0.0002277019520988688
ISIC_0028020,bkl,bkl,0.0008255398133769631,0.0017977746902033687,0.9005172252655029,0.08931008726358414,0.0003840434947051108,0.002897797152400017,0.004267435055226088
ISIC_0026623,bkl,bcc,0.04374808818101883,0.8633302450180054,0.06617070734500885,0.000562492641620338,0.024338142946362495,0.0010233329376205802,0.000827080337330699
ISIC_0031989,bkl,bcc,0.3123721480369568,0.6872528195381165,7.751287193968892e-05,9.870970825431868e-05,0.00013282462896313518,1.691896432021167e-05,4.9013779062079266e-05
ISIC_0029394,bkl,nv,3.7766058085253462e-06,1.0349448302804376e-06,1.57206341100391e-05,7.930738320283126e-06,0.00015530912787653506,0.9998072981834412,8.89599323272705e-06
ISIC_0027374,bkl,bkl,7.948724487505388e-06,0.00010736622789409012,0.9998276233673096,3.834920789813623e-06,8.927194357966073e-06,3.70183952327352e-05,7.200728305178927e-06
ISIC_0032168,bkl,bkl,0.00018196301243733615,8.333797450177372e-05,0.8895071148872375,7.155977073125541e-05,0.0007122428505681455,0.10938098281621933,6.275305349845439e-05
ISIC_0028308,bkl,nv,0.004729930777102709,0.003916279878467321,0.0031358995474874973,0.00043719104724004865,0.0007170961471274495,0.9870304465293884,3.311277396278456e-05
ISIC_0029522,bkl,nv,0.03931496664881706,8.742163481656462e-05,0.04847519472241402,0.009278415702283382,0.025976791977882385,0.8764920830726624,0.00037498257006518543
ISIC_0031060,bkl,bkl,0.000390916335163638,5.7639677834231406e-05,0.8956753611564636,0.000245879462454468,0.02199765108525753,0.08143632858991623,0.00019619695376604795
ISIC_0026634,bkl,bkl,9.98612722469261e-06,2.3258653527591377e-06,0.9999370574951172,3.1269537430489436e-06,3.704515620484017e-05,8.757021532801446e-06,1.687563440100348e-06
ISIC_0026923,bkl,akiec,0.9985210299491882,0.0008725087391212583,0.0005887437146157026,1.1206556337128859e-05,1.0185839300902444e-06,1.0891635611187667e-06,4.436302333488129e-06
ISIC_0030203,bkl,bkl,0.0003066750359721482,0.0008009879966266453,0.9979943037033081,7.537912460975349e-05,0.0007435453007929027,5.4707732488168404e-05,2.4428414690191858e-05
ISIC_0025985,bkl,bcc,5.4409490985563025e-05,0.9800389409065247,0.01978057064116001,1.1673680091917049e-05,8.84750988916494e-06,2.9378574254224077e-05,7.622482371516526e-05
ISIC_0030208,bkl,bkl,4.673134299082449e-06,4.070708200742956e-06,0.9999629259109497,8.740253178984858e-06,5.075077751826029e-06,1.2810757652914617e-05,1.6257007473541307e-06
ISIC_0025986,bkl,bkl,0.0003701270034071058,0.001180067891255021,0.6565449833869934,0.00021646932873409241,0.03346419334411621,0.2992860972881317,0.008937999606132507
ISIC_0025805,bkl,bkl,1.5530187056356226e-06,7.443286449415609e-06,0.9985161423683167,2.1112050490046386e-06,8.331983735843096e-06,0.00146096374373883,3.482123247522395e-06
ISIC_0024880,bkl,bkl,0.0004367346118669957,0.00021785841090604663,0.9991288781166077,8.800524483376648e-06,0.0001630794140510261,3.1571391446050256e-05,1.3075430615572259e-05
ISIC_0029525,bkl,bkl,0.050503168255090714,6.783015851397067e-05,0.9483475089073181,2.2432830519392155e-05,0.0010212184861302376,1.8490369257051498e-05,1.9376650016056374e-05
ISIC_0025376,bkl,nv,9.03980471775867e-05,0.004220038186758757,0.00023041940585244447,1.0319739885744639e-05,0.00024303137615788728,0.9951775074005127,2.8254295102669857e-05
ISIC_0024726,bkl,bkl,5.284828148433007e-06,5.279534434521338e-06,0.9999023675918579,4.243576313456288e-06,8.22528909338871e-06,7.154393824748695e-05,3.1532604225503746e-06
ISIC_0028100,bkl,bkl,0.003898831084370613,0.306966632604599,0.6813570857048035,0.0038037090562283993,0.0009768812451511621,0.0024188142269849777,0.0005780793726444244
ISIC_0030636,bkl,bkl,2.7700545615516603e-05,0.000384886865504086,0.9995777010917664,1.9604906356107676e-06,2.364356760153896e-06,1.2577354482345982e-06,4.123342023376608e-06
ISIC_0031078,bkl,bkl,5.820424576086225e-06,4.283827820472652e-06,0.9995850920677185,2.435368969599949e-06,0.00020017426868434995,0.00019929383415728807,2.9077280032652197e-06
ISIC_0025693,bkl,bkl,0.00614282488822937,9.83284626272507e-05,0.9802641868591309,0.00012360647087916732,0.01300236489623785,0.00029474255279637873,7.399237802019343e-05
ISIC_0032116,bkl,mel,0.001200431608594954,0.00015149680257309228,0.020244568586349487,0.000339998077834025,0.9480637311935425,0.02986784651875496,0.00013192872575018555
ISIC_0024772,bkl,bkl,0.016762644052505493,0.0001572850887896493,0.8311265707015991,0.0005405115662142634,0.0341939739882946,0.11712969839572906,8.929483738029376e-05
ISIC_0026219,bkl,bkl,0.0009896422270685434,0.00017941206169780344,0.8609303832054138,0.000437041831901297,4.852205529459752e-05,0.13734792172908783,6.700751691823825e-05
ISIC_0029139,bkl,bkl,2.979693363158731e-06,1.6917188077059109e-06,0.9999855756759644,1.1117610938526923e-06,4.126523890590761e-06,3.301367087260587e-06,1.1823410659417277e-06
ISIC_0031061,bkl,bkl,0.005295476410537958,0.00027332743047736585,0.9920405745506287,0.000827127427328378,0.000797466782387346,0.0007315880502574146,3.444990943535231e-05
ISIC_0027991,bkl,bkl,0.0011237513972446322,0.32410866022109985,0.35041746497154236,0.00017584867600817233,0.32318535447120667,0.0008328725234605372,0.00015604586224071681
ISIC_0031289,bkl,bkl,1.5084620827110484e-05,0.0019135489128530025,0.9970561265945435,2.884766217903234e-06,0.0007984016556292772,0.00019560656801331788,1.847573912527878e-05
ISIC_0031580,bkl,bkl,9.564003994455561e-05,9.15173404791858e-06,0.9988582134246826,4.973524482920766e-06,9.523837070446461e-05,0.0009325225837528706,4.251306563674007e-06
ISIC_0030365,bkl,mel,0.0008555636741220951,2.1856239982298575e-06,1.4200556506693829e-05,6.516834218928125e-06,0.9989669322967529,0.00015338606317527592,1.269886865884473e-06
ISIC_0029810,bkl,bkl,0.002270767232403159,0.001686063245870173,0.8418530821800232,0.0002618309808894992,0.13886693120002747,0.014986700378358364,7.461556378984824e-05
ISIC_0029678,bkl,bkl,0.0028078278992325068,0.0005480293184518814,0.8822724223136902,0.0005445663118734956,0.05816824734210968,0.0540982261300087,0.001560655771754682
ISIC_0027990,bkl,bkl,1.042553412844427e-05,2.6085544959641993e-06,0.9999350309371948,1.326810524915345e-05,3.457482671365142e-05,2.4540788672311464e-06,1.5030153690531733e-06
ISIC_0031808,bkl,bkl,1.3677295100933407e-05,1.8543980331742205e-05,0.9983604550361633,6.331531949399505e-06,0.0015786566073074937,1.0776410817925353e-05,1.1524545698193833e-05
ISIC_0027470,bkl,bkl,0.0002937384706456214,0.00013681013660971075,0.5212290287017822,0.00035421233042143285,0.00041894809692166746,0.4773005247116089,0.000266741233645007
ISIC_0024910,bkl,bkl,0.0031758893746882677,3.147544703097083e-05,0.8860604166984558,0.0005983943119645119,0.012366950511932373,0.09760808199644089,0.00015880257706157863
ISIC_0025374,bkl,bkl,1.8764756077871425e-06,2.6672105377656408e-06,0.999824583530426,4.7321231022579013e-07,0.00016739085549488664,2.6446500669408124e-06,3.9809083318687044e-07
ISIC_0030533,bkl,bkl,6.595813465537503e-05,3.163852852594573e-06,0.9997588992118835,5.240497557679191e-05,3.84341456083348e-06,0.00011215202539460734,3.591911763578537e-06
ISIC_0027335,bkl,bkl,0.004312632139772177,0.001646138378418982,0.4890283942222595,7.056098547764122e-05,0.4739820957183838,0.030923351645469666,3.6850058677373454e-05
ISIC_0025389,bkl,akiec,0.7094235420227051,0.2816799581050873,0.0006867445190437138,0.007704414427280426,0.0004364649939816445,1.5710822481196374e-05,5.315307862474583e-05
ISIC_0028593,bkl,bkl,0.0010906198294833302,2.122323394360137e-06,0.9986129999160767,1.755741141096223e-05,0.00025515921879559755,1.8649170669959858e-05,2.877742872442468e-06
ISIC_0030801,bkl,bkl,0.09816049039363861,0.0009824116714298725,0.889806866645813,0.001374058541841805,0.0003916184650734067,0.009082678705453873,0.00020182911248411983
ISIC_0030231,bkl,bkl,0.00017220649169757962,3.867698069370817e-06,0.9997583031654358,2.4720334295125213e-06,5.038782546762377e-05,8.626351700513624e-06,4.0475806599715725e-06
ISIC_0029206,bkl,bkl,1.4956204722693656e-05,3.2483178529219003e-06,0.9989179372787476,3.983085662184749e-06,3.491694951662794e-05,0.001023780321702361,1.2362391998976818e-06
ISIC_0030608,bkl,nv,3.39759026246611e-05,4.399200861371355e-06,0.011253856122493744,2.6515630452195182e-05,0.0006774197099730372,0.9879960417747498,7.901950084487908e-06
ISIC_0030935,bkl,bkl,0.0004905012319795787,0.00022621873358730227,0.9470623135566711,0.0017483998090028763,0.0017745253862813115,0.04854253679513931,0.00015557071310468018
ISIC_0028611,bkl,akiec,0.9971535205841064,0.0018311883322894573,5.205844900046941e-06,0.000793658837210387,0.00014743185602128506,3.9835631469031796e-05,2.9096161597408354e-05
ISIC_0028842,bkl,bkl,0.00011148190242238343,1.732806822474231e-06,0.9997931122779846,4.704075763584115e-06,8.521811105310917e-05,2.053444177363417e-06,1.7379587688992615e-06
ISIC_0028913,bkl,bkl,0.03325233981013298,0.009840975515544415,0.8759872317314148,0.012616189196705818,0.0025093911681324244,0.05852040275931358,0.007273500319570303
ISIC_0031831,bkl,bkl,9.455152758164331e-05,0.005610951688140631,0.994005560874939,4.181795702606905e-06,6.86686034896411e-05,0.00013962927914690226,7.648827886441723e-05
ISIC_0030130,bkl,bkl,0.015765059739351273,0.00832193624228239,0.6499514579772949,0.23195010423660278,0.07423467189073563,0.017390331253409386,0.0023864791728556156
ISIC_0032031,bkl,bkl,0.00033535450347699225,4.631011324818246e-05,0.9973541498184204,2.1321458916645497e-05,0.0021832643542438745,1.2755347597703803e-05,4.689113484346308e-05
ISIC_0028294,bkl,bkl,5.501225132320542e-06,1.537485331937205e-05,0.9999071359634399,1.4700511883347644e-06,6.832984217908233e-05,9.49607226630178e-07,1.3640675433634897e-06
ISIC_0030835,bkl,bkl,4.326518683228642e-05,1.4696547623316292e-05,0.9998962879180908,9.700937880552374e-06,2.5013310732902028e-05,4.752269887831062e-06,6.213166670931969e-06
ISIC_0027811,bkl,bkl,2.8514476070995443e-05,7.4353106356284115e-06,0.9986644983291626,1.867611899797339e-05,0.0011893208138644695,8.902496483642608e-05,2.533703991502989e-06
ISIC_0026249,bkl,bkl,6.098870653659105e-05,0.00035121000837534666,0.9823418259620667,0.0001303915778407827,0.00026598916156217456,0.01660298928618431,0.0002466024598106742
ISIC_0024774,bkl,bkl,9.428649718756787e-07,1.906499562664976e-07,0.9999953508377075,4.775682782565127e-07,8.347897733074205e-07,1.8837195057130884e-06,3.687466403334838e-07
ISIC_0026016,bkl,bkl,7.13749323040247e-05,9.699544534669258e-06,0.9981484413146973,9.63851562119089e-05,0.00165008835028857,1.7080423276638612e-05,7.076449492160464e-06
ISIC_0026069,bkl,bkl,2.4979774480016204e-06,2.9702941901632585e-06,0.9999761581420898,1.0033164699052577e-06,1.1562146937649231e-05,5.131821581016993e-06,7.619040047757153e-07
ISIC_0031528,bkl,bkl,5.534833690035157e-06,9.976782166631892e-06,0.9991918206214905,4.129532953811577e-06,0.0003775683289859444,0.0004092770686838776,1.7632668232181459e-06
ISIC_0028623,bkl,bkl,0.00019032284035347402,2.2801712475484237e-05,0.9994899034500122,8.384550892515108e-05,0.00014404242392629385,1.974816586880479e-05,4.9352649512002245e-05
ISIC_0025103,bkl,bkl,5.32879275851883e-05,0.00013026449596509337,0.9904029369354248,7.685025775572285e-05,0.009330413304269314,4.039592568005901e-06,2.2758774775866186e-06
ISIC_0030123,bkl,mel,0.0009432353544980288,0.0001253291848115623,0.06086033210158348,0.0006477233837358654,0.9355979561805725,0.0017518028616905212,7.355198613367975e-05
ISIC_0024782,bkl,mel,0.00045866461005061865,0.000423081946792081,0.004674119874835014,0.0035993049386888742,0.9887452721595764,0.0018320619128644466,0.0002675037831068039
ISIC_0029320,bkl,bkl,0.00018891711079049855,5.318507828633301e-05,0.9886356592178345,0.00449768453836441,0.00014797422045376152,0.006385631859302521,9.091829997487366e-05
ISIC_0029924,bkl,bkl,0.010129122994840145,0.0006767663289792836,0.9864742159843445,0.0007802789914421737,0.0012570044491440058,0.0005834410549141467,9.913858229992911e-05
ISIC_0032498,bkl,bkl,1.7715664171191747e-06,9.052185987457051e-07,0.999990701675415,1.412512915521802e-06,2.884759624066646e-06,1.4087756881053792e-06,9.01114390217117e-07
ISIC_0024943,bkl,bkl,5.8372832427266985e-05,9.540578503219876e-06,0.9998180270195007,1.9180710296495818e-05,5.9494792367331684e-05,3.0424576834775507e-05,5.033485194871901e-06
ISIC_0028449,bkl,bkl,3.065619239350781e-05,3.419780568947317e-06,0.9999423027038574,3.6400283534021582e-06,1.310495918005472e-05,1.4182811582941213e-06,5.4887423175387084e-06
ISIC_0026174,bkl,bkl,2.5995889245677972e-06,4.854337930737529e-06,0.9999644756317139,2.0556087747536367e-06,2.309617593709845e-05,1.6006853229555418e-06,1.330329382653872e-06
ISIC_0032170,bkl,bkl,6.216497695277212e-06,4.881759195995983e-06,0.9999325275421143,1.979236549232155e-05,2.7938301627727924e-06,2.742028664215468e-05,6.277521151787369e-06
ISIC_0025005,bkl,bkl,1.089904526452301e-05,1.5394853107864037e-05,0.9996612071990967,2.2073409127187915e-06,0.00011123251169919968,0.0001951627345988527,3.924910288333194e-06
ISIC_0025851,bkl,bkl,0.0001866849634097889,2.6380417693872005e-05,0.9861785173416138,0.00026169343618676066,0.0001146209251601249,0.013205288909375668,2.6804767912835814e-05
ISIC_0033722,bkl,nv,3.7413255995488726e-06,1.3119823961460497e-05,0.03871862217783928,3.7223224353510886e-05,0.0016847739461809397,0.9595251083374023,1.738066021061968e-05
ISIC_0032719,bkl,bkl,2.2895449092175113e-06,1.0225571713817772e-06,0.9999727010726929,3.608984570746543e-06,1.9718013390956912e-06,1.7768043107935227e-05,5.966696789982961e-07
ISIC_0030630,bkl,nv,0.016593148931860924,0.008234802633523941,0.17114056646823883,0.0006794285145588219,0.15933473408222198,0.6386769413948059,0.005340357311069965
ISIC_0032179,bkl,bkl,7.948760867293458e-07,5.51185348740546e-06,0.9999071359634399,3.8394466628233204e-07,9.946631507773418e-06,7.502525113523006e-05,1.1972535958193475e-06
ISIC_0034197,bkl,bkl,0.012001815252006054,0.00015862108557485044,0.9620617628097534,7.163480768213049e-05,0.024825476109981537,0.0007892004796303809,9.154361760010943e-05
ISIC_0033022,bkl,bkl,1.5446474208147265e-05,1.4174178204484633e-06,0.9999418258666992,2.051855881290976e-05,1.5180149603111204e-05,2.001484972424805e-06,3.5392670270084636e-06
ISIC_0033693,bkl,bkl,4.018350864498643e-06,5.061752744950354e-05,0.9999196529388428,3.5076550375379156e-07,9.035773473442532e-06,1.4076368643145543e-05,2.14831811717886e-06
ISIC_0033246,bkl,bkl,1.2065274859196506e-06,4.6949958232289646e-07,0.9999605417251587,4.808890935237287e-06,9.095079803955741e-06,2.2694146537105553e-05,1.2014857020403724e-06
ISIC_0033528,bkl,bkl,0.0003192381118424237,7.521226507378742e-06,0.9994438290596008,0.00018478727724868804,1.194759715872351e-05,2.1182217096793465e-05,1.1457612345111556e-05
ISIC_0033865,bkl,bkl,0.04448966681957245,7.425569492625073e-05,0.9519729018211365,0.0029489968437701464,8.912314660847187e-05,0.0003300487296655774,9.496197162661701e-05
ISIC_0034296,bkl,bkl,7.94869538367493e-06,4.174382411292754e-05,0.9997707009315491,3.169507408529171e-06,8.6182240920607e-05,8.284824434667826e-05,7.391750386886997e-06
ISIC_0032763,bkl,bkl,0.00024912069784477353,0.0036552553065121174,0.7429251074790955,6.436774128815159e-05,0.06852011382579803,0.18413420021533966,0.0004518954665400088
ISIC_0034291,bkl,bkl,2.651382828844362e-06,1.5439229173352942e-05,0.9999676942825317,1.1575900771276793e-06,6.921029580553295e-06,4.221265044179745e-06,1.951021431523259e-06
ISIC_0033701,bkl,nv,2.5762676159502007e-05,1.677289037615992e-05,0.16586051881313324,1.4907890545146074e-05,0.00019629282178357244,0.8338674902915955,1.814773895603139e-05
ISIC_0033945,bkl,bkl,2.0053090338478796e-05,1.4335890227812342e-05,0.9964518547058105,0.0006021072622388601,2.966776446555741e-05,0.002874822588637471,7.127158824005164e-06
ISIC_0033750,bkl,bkl,1.7942712702279096e-06,6.263735849643126e-05,0.9986244440078735,4.4004932533425745e-06,0.00011564276792341843,0.0011807074770331383,1.0530342478887178e-05
ISIC_0033490,bkl,bkl,4.043774879392004e-06,2.834567112586228e-06,0.9999725818634033,6.046170710760634e-06,1.777126840352139e-06,9.76198680291418e-06,2.9430652830342297e-06
ISIC_0032740,bkl,bkl,1.015626639855327e-05,0.0006758844829164445,0.9992960691452026,4.681401605921565e-06,8.108494512271136e-06,1.2834813105655485e-06,3.839547844108893e-06
ISIC_0032271,bkl,bkl,0.00010064172238344327,3.2682619348634034e-05,0.9998373985290527,1.7864826077129692e-05,1.5689630572524038e-06,5.653847438225057e-06,4.071218427270651e-06
ISIC_0029202,bkl,bkl,1.5862950021983124e-05,1.354594587610336e-05,0.9999120235443115,1.721694934531115e-05,3.958825800509658e-06,1.4542756616719998e-05,2.293360375915654e-05
ISIC_0032124,bkl,bkl,3.7664201499865158e-06,2.645275799295632e-06,0.9999351501464844,7.693710358580574e-06,1.6741847730372683e-06,4.212817657389678e-05,6.8762842602154706e-06
ISIC_0030959,bkl,bkl,2.3350291940005263e-06,2.431015673209913e-05,0.9998857975006104,3.300260004834854e-06,2.949077725133975e-06,3.316997754154727e-05,4.81660281366203e-05
ISIC_0029251,bkl,bkl,2.4834096620907076e-05,3.083252158830874e-05,0.9982576966285706,3.068573278142139e-05,1.1985620403720532e-05,0.0015928973443806171,5.111482823849656e-05
ISIC_0026291,bkl,bkl,1.4969768926675897e-06,1.577632929183892e-06,0.9999711513519287,1.957110725925304e-06,1.7108712199842557e-05,3.0416686058742926e-06,3.712105808517663e-06
ISIC_0029345,bkl,bkl,6.573578730240115e-07,3.1722231597086648e-06,0.9999785423278809,1.1593525641728775e-06,2.7184821647097124e-06,1.255539791600313e-05,1.2290504400880309e-06
ISIC_0028448,bkl,bkl,8.959002116171177e-06,3.220939470338635e-05,0.9999091625213623,1.2611827514774632e-05,3.98676456825342e-06,8.122845429170411e-06,2.4907607439672574e-05
ISIC_0032460,bkl,bkl,5.24317465533386e-06,5.11044381710235e-05,0.9999105930328369,1.8949303921544924e-06,6.092845410421432e-07,3.622280246418086e-06,2.6903884645435028e-05
ISIC_0026959,bkl,nv,3.872861634590663e-05,9.785014299268369e-06,0.007419255096465349,0.01218653004616499,1.4171209841151722e-05,0.9802131056785583,0.00011833111784653738
ISIC_0027167,bkl,bkl,6.775665497116279e-06,2.655512389537762e-06,0.9999113082885742,2.3967938886926277e-06,3.83221095034969e-06,6.379718251992017e-05,9.200906788464636e-06
ISIC_0028525,bkl,bkl,0.0021262113004922867,2.5481607735855505e-05,0.9960416555404663,1.3853687050868757e-05,0.0005050558247603476,0.001277766190469265,9.978608431993052e-06
ISIC_0028331,bkl,bkl,0.019472524523735046,0.00010556139750406146,0.8849779963493347,0.0036953301168978214,0.004062284715473652,0.08463850617408752,0.003047774313017726
ISIC_0025330,bkl,bkl,0.0003725117421709001,5.742276698583737e-05,0.990743100643158,0.004946522880345583,1.2113227967347484e-05,0.0037133931182324886,0.00015485734911635518
ISIC_0026967,bkl,df,0.0010626770090311766,0.01007150486111641,0.13673308491706848,0.8487426042556763,0.0005056001828052104,0.0023714492563158274,0.0005130225908942521
ISIC_0031223,bkl,bkl,3.2239713618764654e-06,1.4165669199428521e-05,0.9999359846115112,1.4729733948115609e-06,7.065041245368775e-06,3.053395266761072e-05,7.593480404466391e-06
ISIC_0025879,bkl,bkl,2.5427252694498748e-06,1.6068624972831458e-06,0.9989701509475708,6.033523732185131e-06,3.3436469948355807e-06,0.0010041819186881185,1.2108922419429291e-05
ISIC_0025387,bkl,bkl,1.642272309254622e-06,1.485490201957873e-06,0.9999910593032837,7.031326845208241e-07,1.2360068240013788e-06,2.1235623535176273e-06,1.745670829222945e-06
ISIC_0028797,bkl,nv,3.0104491088422947e-05,7.758887659292668e-05,0.0398300439119339,0.0005338500486686826,0.0002848318836186081,0.9590492248535156,0.00019440155301708728
ISIC_0025668,df,df,4.2901341657852754e-05,0.0001645838055992499,5.500441693584435e-05,0.9994906187057495,0.00012583937495946884,6.829460471635684e-05,5.2738461818080395e-05
ISIC_0032642,df,df,0.0038680373691022396,9.00097656995058e-05,0.0016328721540048718,0.9939883947372437,0.00032532928162254393,2.2597083443542942e-05,7.280855061253533e-05
ISIC_0029248,df,df,0.0006767711020074785,0.0001185284199891612,0.00010595930507406592,0.9983465671539307,7.397483568638563e-05,0.00034915137803182006,0.0003290353051852435
ISIC_0032247,df,df,0.036061305552721024,0.008203181438148022,0.23251955211162567,0.5855392217636108,0.1191667839884758,0.001243643811903894,0.017266282811760902
ISIC_0029967,df,df,0.0005306724342517555,6.357001984724775e-05,5.2125171350780874e-05,0.9978027939796448,0.001305633457377553,0.00013105891412124038,0.0001142113542300649
ISIC_0028926,df,bcc,0.11707668006420135,0.8555617332458496,4.054713645018637e-05,0.013758378103375435,0.0064618391916155815,0.006725610233843327,0.00037521900958381593
ISIC_0029891,df,bcc,0.0005784332752227783,0.9990624785423279,1.4818881027167663e-05,9.386378224007785e-05,0.00014968623872846365,8.311326382681727e-05,1.7674923583399504e-05
ISIC_0034135,df,df,4.3186370021430776e-05,8.938448445405811e-06,2.809396164593636e-06,0.9998953342437744,3.115956860710867e-05,1.3897536064177984e-06,1.7095229850383475e-05
ISIC_0033891,df,df,4.103677929379046e-05,2.3437440177076496e-05,5.339069957699394e-06,0.9997005462646484,1.7303467757301405e-05,0.00018662921502254903,2.5724229999468662e-05
ISIC_0033554,df,df,3.386417665751651e-05,1.692705882305745e-05,4.861968591285404e-06,0.9998701810836792,5.856109055457637e-06,4.225914744893089e-05,2.5958001060644165e-05
ISIC_0033422,df,df,3.830526111414656e-05,1.72917170857545e-05,4.2325459617131855e-06,0.9998831748962402,2.321065949217882e-05,4.280089797248365e-06,2.946906715806108e-05
ISIC_0033808,df,df,0.00028098176699131727,9.274869626096915e-06,0.00012641058128792793,0.9937876462936401,1.3403099728748202e-05,0.0057165841571986675,6.575403676833957e-05
ISIC_0033847,df,df,0.0004937518388032913,2.1792291590827517e-05,0.0001691213110461831,0.9741206765174866,2.6397812689538114e-05,0.025050420314073563,0.00011781846842495725
ISIC_0030830,df,df,0.0035385165829211473,7.144240953493863e-05,0.00021031922369729728,0.68717360496521,0.1608424335718155,0.14706045389175415,0.0011032016482204199
ISIC_0026254,df,bkl,0.00012573483400046825,0.00030267969123087823,0.7643481492996216,0.2315952479839325,0.00011544844892341644,0.001960120862349868,0.0015526742208749056
ISIC_0031271,df,df,1.3427508747554384e-05,1.8798356904881075e-05,2.2413823899114504e-06,0.9997667670249939,1.066237655322766e-05,7.696186912653502e-06,0.00018041096336673945
ISIC_0027141,df,df,0.002699719974771142,0.0053912559524178505,0.00011028274457203224,0.99151211977005,1.8987277144333348e-05,4.540786449069856e-06,0.00026308244559913874
ISIC_0030623,mel,mel,2.3121736376197077e-05,9.826957830227911e-05,2.534558007027954e-05,2.917141500802245e-05,0.5253615379333496,0.47405752539634705,0.0004050117277074605
ISIC_0026993,mel,mel,8.044319656619336e-06,3.937420387956081e-06,6.60984187561553e-06,5.815390977659263e-06,0.9999557733535767,2.5367744456161745e-06,1.739559229463339e-05
ISIC_0028412,mel,mel,4.651986728276825e-06,3.425812337809475e-06,1.2416157915140502e-06,2.249674025733839e-06,0.9999821186065674,4.212129169900436e-06,2.1511973500309978e-06
ISIC_0026531,mel,mel,5.262398917693645e-05,3.2263702451018617e-05,7.05149068380706e-05,1.0590837518975604e-05,0.9998200535774231,1.2511223985711695e-06,1.2696065823547542e-05
ISIC_0032396,mel,mel,0.0010246983729302883,0.00016047479584813118,0.0015304903499782085,0.0004614979261532426,0.9963251948356628,0.0001089861398213543,0.0003887427446898073
ISIC_0031499,mel,mel,9.171503734251019e-06,6.788553491787752e-06,5.345753379515372e-06,1.2341271258264896e-06,0.9999387264251709,3.821131758741103e-05,5.444146040645137e-07
ISIC_0030486,mel,mel,0.016743430867791176,0.0001472023141104728,0.0002038809470832348,3.214774915250018e-05,0.9828088879585266,3.2574254873907194e-05,3.179401392117143e-05
ISIC_0027125,mel,nv,3.469424700597301e-05,4.6460405428661034e-05,7.09529995219782e-05,5.784837048850022e-05,0.18838390707969666,0.8113015294075012,0.0001046570178004913
ISIC_0024367,mel,mel,0.00010500742064323276,3.8706995837856084e-05,1.5979798263288103e-05,4.1026152757694945e-05,0.9855790138244629,0.014215256087481976,4.935268407280091e-06
ISIC_0032079,mel,mel,0.003212821437045932,0.05816245079040527,0.000640454760286957,0.00037517418968491256,0.934575617313385,0.0029583871364593506,7.504284440074116e-05
ISIC_0032400,mel,mel,1.6974168829619884e-05,4.297335181036033e-05,4.4492710003396496e-05,1.978468571905978e-05,0.9826844334602356,0.01687510870397091,0.0003161516215186566
ISIC_0030211,mel,mel,6.129873509053141e-05,4.72121755592525e-05,0.00020585727179422975,3.692542668431997e-05,0.9994761347770691,1.8454324163030833e-05,0.000154165129060857
ISIC_0027769,mel,mel,2.7763464913732605e-06,9.78869866230525e-06,8.040457760216668e-05,2.86284671346948e-06,0.9966009259223938,0.0033005133736878633,2.7838018468173686e-06
ISIC_0029913,mel,mel,1.1850273949676193e-05,5.114799478178611e-06,0.00011153742525493726,0.00013831976684741676,0.9880840182304382,0.011522714048624039,0.00012638134649023414
ISIC_0031557,mel,mel,1.564372178108897e-05,0.00023072378826327622,0.12446194887161255,8.057129889493808e-06,0.8711009621620178,0.004161328077316284,2.1303052562871017e-05
ISIC_0028901,mel,nv,0.0012547352816909552,5.817294368171133e-05,0.000608690723311156,0.07114431262016296,0.003980693407356739,0.9220256805419922,0.0009278044453822076
ISIC_0032098,mel,mel,0.0019522124202921987,0.00038411474088206887,0.0019207203295081854,0.005002661142498255,0.6859753727912903,0.30231067538261414,0.0024542829487472773
ISIC_0025603,mel,mel,1.528462780697737e-05,0.00011898160300916061,0.003026507329195738,5.544504529098049e-05,0.7209267020225525,0.2758065462112427,5.055806468590163e-05
ISIC_0032044,mel,mel,2.969659362861421e-06,7.970043952809647e-06,0.0009473746176809072,1.8725190784607548e-06,0.9990304708480835,7.5476482379599474e-06,1.8518654769650311e-06
ISIC_0024886,mel,nv,2.0102250346099027e-05,0.0008263761992566288,0.08043095469474792,4.8230653192149475e-05,0.058588847517967224,0.8599495887756348,0.00013596512144431472
ISIC_0027102,mel,mel,3.930148159270175e-05,3.2195417588809505e-05,5.796846835437464e-06,0.00026866374537348747,0.9994590878486633,8.520675692125224e-06,0.0001863655779743567
ISIC_0031369,mel,bcc,0.010194499045610428,0.5550014972686768,0.00026600947603583336,0.001468586502596736,0.43291670083999634,4.523145980783738e-05,0.00010742415179265663
ISIC_0029547,mel,mel,0.0003356703382451087,0.0007769636576995254,0.011994206346571445,0.0002325854729861021,0.9865717887878418,6.468275387305766e-05,2.4045590180321597e-05
ISIC_0027060,mel,mel,1.619695103727281e-05,5.728916221414693e-05,0.0024901041761040688,1.692424666543957e-05,0.9950225353240967,0.0023209580685943365,7.58787282393314e-05
ISIC_0025996,mel,mel,5.13195345774875e-06,3.437530494920793e-06,7.977625500643626e-06,4.4602642446989194e-05,0.9999035596847534,3.185431341989897e-05,3.5031305287702708e-06
ISIC_0031779,mel,mel,4.771465228259331e-06,5.280246568872826e-06,0.00041551594040356576,4.2757033043017145e-06,0.9494828581809998,0.05008191987872124,5.440917448140681e-06
ISIC_0028442,mel,mel,9.304523700848222e-06,0.0018029394559562206,7.885948434704915e-05,3.3114105463027954e-05,0.9943271279335022,0.0037305031437426805,1.8207505490863696e-05
ISIC_0031977,mel,mel,0.00012966786744073033,3.7209116271696985e-05,0.025363026186823845,0.00043515331344679,0.9388619661331177,0.03513861820101738,3.430218930589035e-05
ISIC_0031517,mel,mel,1.7007667338475585e-05,2.3550601326860487e-05,5.114996383781545e-06,0.001916153822094202,0.997989296913147,3.8067821151344106e-05,1.0844073585758451e-05
ISIC_0029473,mel,mel,3.0133191103232093e-05,6.42465747660026e-05,2.2553722374141216e-05,0.007844450883567333,0.9914008975028992,0.00033488895860500634,0.0003028096107300371
ISIC_0029571,mel,mel,2.9693580927414587e-06,1.8832271962310188e-05,2.630476956255734e-06,5.106008757138625e-06,0.9996533393859863,0.000314484816044569,2.6222041924484074e-06
ISIC_0032220,mel,mel,0.0013583593536168337,0.061875540763139725,0.03058595396578312,0.0034707714803516865,0.6465542316436768,0.12160876393318176,0.13454632461071014
ISIC_0028127,mel,mel,4.858887905356823e-07,3.0439728107012343e-06,2.542323272791691e-06,6.131236887085834e-07,0.9999854564666748,7.567237389594084e-06,3.4137286775148823e-07
ISIC_0029241,mel,mel,0.0002634114061947912,0.0016691416967660189,6.996001320658252e-05,6.23674932285212e-05,0.9979242086410522,7.245792858157074e-06,3.6355622796691023e-06
ISIC_0024875,mel,bcc,0.00015897037519607693,0.6577327251434326,0.03857927769422531,3.2170511985896155e-05,0.30343201756477356,2.629983464430552e-05,3.861857112497091e-05
ISIC_0030552,mel,mel,5.386451812228188e-05,5.126996256876737e-05,2.056190714938566e-05,0.00041466104448772967,0.6561207175254822,0.34328484535217285,5.403806426329538e-05
ISIC_0028029,mel,mel,9.645206591812894e-05,0.0007132509490475059,0.013339970260858536,1.1662537872325629e-05,0.985084593296051,0.0007296869298443198,2.4445998860755935e-05
ISIC_0025489,mel,mel,3.215744800399989e-05,7.171762990765274e-05,1.9076875105383806e-05,2.8867070795968175e-05,0.702438235282898,0.2973876893520355,2.23096340050688e-05
ISIC_0025265,mel,nv,3.7604426324833184e-05,2.1089566871523857e-05,2.994011992996093e-05,3.8993788621155545e-05,0.37960463762283325,0.6202471852302551,2.0583156583597884e-05
ISIC_0028489,mel,nv,9.448574564885348e-05,1.8323904441786e-05,0.017554758116602898,1.769718983268831e-05,0.00017430109437555075,0.9821085929870605,3.184060915373266e-05
ISIC_0027260,mel,mel,7.994492989382707e-06,2.9102588086971082e-05,1.9315193640068173e-05,7.806038411217742e-06,0.9988691210746765,0.001061350922100246,5.3910921451461036e-06
ISIC_0026996,mel,nv,1.0942418384729535e-06,4.940497547067935e-06,5.0727098823699635e-06,2.6748986783786677e-05,0.009823039174079895,0.9901126027107239,2.6490048185223714e-05
ISIC_0029562,mel,nv,0.00018848349282052368,0.14468270540237427,0.009294632822275162,0.006487925536930561,0.007610245607793331,0.8242123126983643,0.007523685228079557
ISIC_0033268,mel,mel,8.571882972319145e-07,4.711000940460508e-07,4.484891178435646e-06,1.030085741149378e-06,0.999923825263977,6.88688742229715e-05,4.65692437501275e-07
ISIC_0033834,mel,mel,1.1948050087084994e-05,2.7715545911632944e-06,1.0491356988495681e-05,3.223708517907653e-06,0.9999688863754272,1.5258887060554116e-06,1.1933228734051227e-06
ISIC_0033678,mel,mel,4.20099422626663e-06,1.8528135115047917e-06,1.9468783648335375e-05,1.4694360288558528e-06,0.9999710321426392,1.2501900528150145e-06,7.426215233863331e-07
ISIC_0033975,mel,df,0.0008407494169659913,0.0005805921973660588,0.015846213325858116,0.5543884634971619,0.4177388846874237,0.007773121818900108,0.002832003403455019
ISIC_0034118,mel,mel,1.2037195347147644e-06,1.311010123572487e-06,2.7133173716720194e-06,1.5247077271851595e-06,0.9999812841415405,1.105784576793667e-05,8.641751492177718e-07
ISIC_0033831,mel,mel,5.066825679023168e-07,1.0462125601407024e-06,5.834468197463138e-07,1.0181568086409243e-06,0.9998238682746887,0.00017210122314281762,9.422026323591126e-07
ISIC_0032583,mel,mel,0.013216018676757812,0.005696875508874655,0.01653403416275978,0.0007613547495566308,0.9448837637901306,0.016125520691275597,0.002782388823106885
ISIC_0032564,mel,mel,9.933693218044937e-05,0.04206109419465065,0.00035603041760623455,0.0011668612714856863,0.954683780670166,3.593417568481527e-05,0.0015969125088304281
ISIC_0032993,mel,mel,2.331872565264348e-06,3.95435381506104e-06,1.8533985439717071e-06,5.641427833324997e-06,0.9999719858169556,4.542661372397561e-06,9.611469067749567e-06
ISIC_0033154,mel,nv,6.6655684349825606e-06,1.4057081898499746e-05,2.331866426175111e-06,2.3828604753362015e-05,0.3732883930206299,0.6266403794288635,2.4411581762251444e-05
ISIC_0034222,mel,mel,3.0420316761592403e-05,0.0015455459943041205,2.479450085957069e-05,0.00021381872647907585,0.8162153363227844,0.18194112181663513,2.8867758373962715e-05
ISIC_0034064,mel,bcc,7.781097519909963e-05,0.9079708456993103,3.290428139735013e-05,0.0007352281245402992,0.07185803353786469,0.01913260482251644,0.00019264921138528734
ISIC_0033902,mel,mel,9.83932523013209e-07,2.5902176275849342e-05,1.7830543583841063e-05,5.327261987986276e-06,0.999895453453064,3.634854147094302e-05,1.8168162569054402e-05
ISIC_0032840,mel,mel,1.3171168575354386e-05,0.0013141175732016563,4.587835974234622e-06,0.0005303257494233549,0.9953054189682007,0.0026111167389899492,0.00022137182531878352
ISIC_0033570,mel,mel,5.996802428853698e-06,0.00041039290954358876,9.958999953596503e-07,0.00010935204772977158,0.9990211725234985,0.00037316043744795024,7.89436453487724e-05
ISIC_0033129,mel,mel,9.866389882517979e-05,1.1321200872771442e-05,4.7216117309289984e-06,0.0007682123687118292,0.9970771074295044,0.001975810620933771,6.418657721951604e-05
ISIC_0033325,mel,mel,0.034642141312360764,0.17150259017944336,0.03698932006955147,0.0034345369786024094,0.7531719207763672,7.215191726572812e-05,0.0001873630244517699
ISIC_0033068,mel,mel,3.1157371267909184e-05,5.760956810263451e-06,4.189732499071397e-05,2.5997244392783614e-06,0.9999021291732788,1.2876573237008415e-05,3.6608707887353376e-06
ISIC_0032892,mel,mel,4.526152679318329e-06,2.759476956271101e-06,6.063059117877856e-06,1.4119860907158e-06,0.9999837875366211,9.117423473981034e-07,4.904915158476797e-07
ISIC_0026976,mel,nv,0.002414340153336525,0.00010614923667162657,0.2891213297843933,0.0002273184945806861,0.234247088432312,0.47377991676330566,0.00010383981862105429
ISIC_0032844,mel,mel,1.7775177184375934e-05,3.225247564841993e-05,3.861253571812995e-05,4.211015402688645e-05,0.9504841566085815,0.04935029149055481,3.478243525023572e-05
ISIC_0034059,mel,mel,2.342560264878557e-06,1.4073495549382642e-05,3.619438211899251e-05,1.7072648006433155e-06,0.9977924823760986,0.002149290405213833,3.833558366750367e-06
ISIC_0033272,mel,mel,0.0006642426596954465,1.797708864614833e-05,0.32749032974243164,3.812597060459666e-05,0.6714214086532593,0.00033768219873309135,3.0231021810323e-05
ISIC_0032718,mel,mel,0.0009483793401159346,0.12479059398174286,0.011130092665553093,0.0006790144834667444,0.8618786334991455,0.0003284797421656549,0.0002446969738230109
ISIC_0034269,mel,mel,4.813761279365281e-06,4.428258762345649e-06,3.0944697755330708e-06,4.814731937585748e-07,0.9999351501464844,5.165576658328064e-05,3.4656466141314013e-07
ISIC_0032598,mel,mel,2.1236471638985677e-06,9.899449651129544e-07,3.728970625616057e-07,5.513145424629329e-06,0.9991424083709717,0.000844953756313771,3.5639227462525014e-06
ISIC_0033004,mel,mel,8.27226358524058e-06,4.267292388249189e-05,9.680760740593541e-06,2.0956018488504924e-05,0.9872559309005737,0.012643016874790192,1.94638723769458e-05
ISIC_0032072,mel,bkl,0.00866351556032896,0.09095388650894165,0.7813097834587097,0.07166346907615662,0.015348294749855995,0.03170555457472801,0.00035552706685848534
ISIC_0033687,mel,mel,1.2342302397883032e-06,5.121424237586325e-06,2.65794301412825e-06,4.597592578647891e-06,0.9997639060020447,0.00022012399858795106,2.3111911104933824e-06
ISIC_0032812,mel,nv,0.00022776615514885634,9.894157847156748e-05,5.424967184808338e-06,0.0001467299007344991,0.27630263566970825,0.7231076955795288,0.00011084821016993374
ISIC_0033038,mel,mel,0.00046218838542699814,0.0010376630816608667,0.008366021327674389,1.658003020565957e-05,0.985034704208374,0.005075366701930761,7.406241365970345e-06
ISIC_0033630,mel,mel,1.2971702744835056e-05,3.8982954720268026e-05,0.00040340778650715947,3.194467126377276e-06,0.9995200634002686,1.6881785995792598e-05,4.443545549293049e-06
ISIC_0033209,mel,mel,3.1923700589686632e-06,1.740446805342799e-06,6.57596392557025e-05,1.4973170436860528e-06,0.9999170303344727,9.0914672910003e-06,1.688923816800525e-06
ISIC_0034074,mel,mel,0.0004702146688941866,7.012046262389049e-05,0.0105665298178792,1.8894061213359237e-05,0.9882670044898987,0.0005507544265128672,5.658494046656415e-05
ISIC_0032622,mel,mel,2.2820138383394806e-06,1.4952144056223915e-06,2.459169934354577e-07,4.315658770792652e-06,0.9999690055847168,1.8554190319264308e-05,4.172648914391175e-06
ISIC_0033883,mel,mel,9.449581739318091e-07,2.270480081278947e-06,7.865907537052408e-05,9.762252375367098e-07,0.9950289130210876,0.004886259790509939,1.981959940167144e-06
ISIC_0033470,mel,mel,7.795298415658181e-07,1.2989568176635657e-06,9.244847660738742e-07,1.3245827403807198e-06,0.9999908208847046,4.468902716325829e-06,3.9557127706757456e-07
ISIC_0024482,mel,mel,0.00010297387780155987,3.5447451409709174e-06,1.0175705938308965e-05,3.725284159372677e-06,0.9998195767402649,5.894188871025108e-05,1.0030674957306474e-06
ISIC_0033863,mel,mel,1.3859214504918782e-06,7.523961812694324e-06,2.4499155188095756e-05,1.8886659063355182e-06,0.9639089107513428,0.03605278581380844,3.0438950489042327e-06
ISIC_0034242,mel,mel,1.038020627674996e-06,7.086987920956744e-07,8.222304472838005e-07,2.3317722934734775e-06,0.9998832941055298,0.0001099099827115424,1.7954849909074255e-06
ISIC_0032913,mel,mel,1.3022790881223045e-06,1.807266585274192e-06,2.006506110774353e-05,8.893264293874381e-07,0.9999701976776123,5.226024313742528e-06,5.722903893001785e-07
ISIC_0033981,mel,mel,1.7124791611422552e-06,4.141702447668649e-07,4.1490635339869186e-05,4.4444831814871577e-07,0.9999526739120483,3.0434030122705735e-06,2.5435943484808377e-07
ISIC_0034188,mel,nv,1.315821282332763e-05,2.166296872019302e-05,1.7357317119603977e-05,0.000591793330386281,0.0008982677245512605,0.9979649782180786,0.0004928933340124786
ISIC_0032684,mel,mel,1.426839276064129e-06,4.039360192109598e-06,2.1597847990051378e-06,1.4218553587852512e-06,0.9991094470024109,0.0008781272917985916,3.3737758258212125e-06
ISIC_0032836,mel,mel,8.080096449702978e-06,2.989091399285826e-06,9.550890354148578e-06,8.627316674392205e-06,0.999902606010437,6.5426662331447e-05,2.70208829533658e-06
ISIC_0033546,mel,mel,1.172054680864676e-06,1.7473824982516817e-06,1.5268451534211636e-06,1.92789902939694e-05,0.9533392190933228,0.04663052037358284,6.516244866361376e-06
ISIC_0027306,mel,mel,3.4800314097083174e-06,2.2110555164545076e-06,3.0448862162302248e-05,1.4093616300669964e-05,0.9999406337738037,6.84447877574712e-06,2.2784608972870046e-06
ISIC_0032552,mel,mel,0.00011457564687589183,0.00019330077338963747,0.011880324222147465,1.913933374453336e-05,0.8182006478309631,0.1694331169128418,0.00015890802023932338
ISIC_0033300,mel,mel,4.832585091207875e-06,2.682499371076119e-06,2.0651143586292164e-06,7.694454325246625e-06,0.9942511320114136,0.005727861076593399,3.793682026298484e-06
ISIC_0033611,mel,nv,2.195206434407737e-06,2.2827613065601327e-05,7.63721800467465e-06,4.371288468973944e-06,0.01275491714477539,0.9871998429298401,8.300723493448459e-06
ISIC_0033586,mel,nv,1.2059590517310426e-05,1.596186302776914e-05,0.002096777316182852,7.194547833933029e-06,0.07764320820569992,0.9202166199684143,8.140946192725096e-06
ISIC_0033029,mel,mel,6.43643079456524e-06,8.214153785957024e-05,4.115834235562943e-05,2.991658948303666e-05,0.9922024011611938,0.007588133215904236,4.984792758477852e-05
ISIC_0033670,mel,nv,3.666221573439543e-06,2.35819265981263e-06,5.30818078914308e-06,1.1499847460072488e-05,0.042801592499017715,0.9571630954742432,1.2386768503347412e-05
ISIC_0032509,mel,mel,9.04208209249191e-05,0.0005688676610589027,0.00015054040704853833,4.139592783758417e-05,0.940802812576294,0.05832548066973686,2.052803392871283e-05
ISIC_0032592,mel,mel,0.0024099687580019236,0.23593531548976898,0.007384279742836952,0.005279954057186842,0.6556746959686279,0.004081408027559519,0.089234359562397
ISIC_0032687,mel,mel,6.127091637608828e-06,4.035048732475843e-06,9.079984920390416e-06,3.5975574519397924e-06,0.9999675750732422,9.172442332783248e-06,3.9746947777530295e-07
ISIC_0033055,mel,mel,0.0003953693085350096,4.6214252506615594e-05,0.00022278328833635896,7.211645424831659e-05,0.9986269474029541,0.0006342980777844787,2.379558054599329e-06
ISIC_0033487,mel,nv,0.0002759302733466029,0.004687346983700991,0.00022360544244293123,0.0004538424836937338,0.017342597246170044,0.9746479988098145,0.0023686743807047606
ISIC_0033957,mel,mel,2.834318138411618e-06,1.331914290858549e-06,4.196930092348339e-07,3.2346774787583854e-06,0.9996864795684814,0.00029997582896612585,5.764852176071145e-06
ISIC_0032626,mel,mel,1.240524034074042e-05,0.0010054706363007426,4.8483700084034353e-05,8.733884897083044e-05,0.9985746145248413,1.3410077372100204e-05,0.0002583114255685359
ISIC_0033051,mel,mel,1.108647120418027e-05,5.236411379883066e-05,0.0002153802488464862,0.00011115673987660557,0.9987373948097229,0.00042305493843741715,0.00044951107702217996
ISIC_0027149,mel,mel,2.8555692551890388e-05,3.515511707519181e-06,3.221358929295093e-05,5.6778212638164405e-06,0.968545138835907,0.03138051554560661,4.346077275840798e-06
ISIC_0032918,mel,mel,5.440233144327067e-05,8.642150351079181e-05,0.0033073744270950556,1.3245675290818326e-05,0.9952245950698853,0.00124114821664989,7.263075531227514e-05
ISIC_0033752,mel,mel,0.00733384070917964,0.0006663838285021484,0.059469159692525864,0.00015350838657468557,0.9320546388626099,0.0002690492256078869,5.351032086764462e-05
ISIC_0033730,mel,mel,1.1616178881013184e-06,1.751363242874504e-06,8.131824870361015e-06,1.3886806300433818e-06,0.999930739402771,5.5111195251811296e-05,1.6015642358979676e-06
ISIC_0032975,mel,mel,8.973106560006272e-07,1.3817071931043756e-06,2.995317117893137e-06,1.0426023209220148e-06,0.9999891519546509,3.810645239354926e-06,7.058907272039505e-07
ISIC_0033114,mel,mel,0.00013596471399068832,0.001995168859139085,0.004223712254315615,2.0024868717882782e-05,0.9934782981872559,3.297425109849428e-06,0.00014358134649228305
ISIC_0030150,mel,mel,0.00011745785013772547,0.0020351558923721313,0.00017808179836720228,2.2071255443734117e-05,0.9963976740837097,0.001245316001586616,4.224518306727987e-06
ISIC_0031233,mel,mel,0.0010289811762049794,1.5249501302605495e-05,0.001563234138302505,0.00043170739081688225,0.7439719438552856,0.2529294490814209,5.9487498219823465e-05
ISIC_0027204,mel,mel,0.000522413058206439,7.715873653069139e-05,0.06120266392827034,1.0566809578449465e-05,0.9381459355354309,3.099934838246554e-05,1.0217138878942933e-05
ISIC_0028173,mel,nv,0.0013959313509985805,0.07889895886182785,0.02921643666923046,0.01653599552810192,0.24197886884212494,0.6310720443725586,0.000901724211871624
ISIC_0026770,mel,mel,8.217613753913611e-07,1.4173396039041108e-06,9.12333507585572e-06,3.6139024359727046e-06,0.9999372959136963,4.3845797335961834e-05,3.835666575469077e-06
ISIC_0025512,mel,mel,3.3330998121527955e-05,1.8849408661480993e-05,0.00023445305123459548,2.463704913679976e-05,0.9991984963417053,0.0004762539465446025,1.4003896467329469e-05
ISIC_0025963,mel,mel,3.87007967219688e-05,0.00010638068488333374,0.00027029457851313055,5.385642725741491e-05,0.9984319806098938,0.00016009079990908504,0.0009386782185174525
ISIC_0032134,mel,mel,3.333454060339136e-06,2.7036896881327266e-06,5.382351901062066e-06,3.386355047041434e-06,0.9999772310256958,4.6068348638073076e-06,3.2644304610585095e-06
ISIC_0027561,mel,bkl,0.00021579967869911343,1.852723835327197e-05,0.9366865754127502,4.4570893805939704e-05,0.05539597570896149,0.0076192389242351055,1.9312850781716406e-05
ISIC_0025316,mel,mel,0.0001166636502603069,1.246369538421277e-05,7.00993314239895e-06,2.9419708880595863e-05,0.944561243057251,0.055260058492422104,1.3138023859937675e-05
ISIC_0029316,mel,mel,0.00011329930566716939,0.0005022624973207712,1.0088217095471919e-05,0.014167762361466885,0.8829609751701355,0.08719640970230103,0.015049279667437077
ISIC_0030356,mel,nv,3.7479733236978063e-06,2.7556734494282864e-06,6.087942892918363e-06,6.90071756253019e-05,0.0020403387024998665,0.9978134632110596,6.458835559897125e-05
ISIC_0025145,mel,mel,1.064502248482313e-05,1.7866237612906843e-05,5.078962658444652e-06,4.3811360228573903e-05,0.9979749321937561,0.0016128839924931526,0.00033479524427093565
ISIC_0031999,mel,nv,2.148508883692557e-06,4.3874053517356515e-05,4.0415684452455025e-06,2.1268007913022302e-05,0.0011601140722632408,0.9987275004386902,4.0943192288978025e-05
ISIC_0028481,mel,mel,3.5800239857053384e-06,2.0534832856355933e-06,0.0033809130545705557,7.853798251744593e-07,0.9963569045066833,0.00025465901126153767,1.0724187404775876e-06
ISIC_0029172,mel,mel,2.1308062059688382e-05,1.2375244295981247e-05,0.0006167705869302154,5.946955752733629e-06,0.9951269626617432,0.004207144025713205,9.45816373132402e-06
ISIC_0031386,mel,mel,0.00014830815780442208,1.4890701095282566e-05,0.0010569602018222213,0.0012858175905421376,0.7216653823852539,0.2757914960384369,3.7118326872587204e-05
ISIC_0027302,mel,nv,1.951078411366325e-05,7.86512919148663e-06,4.462663127924316e-06,0.00048264910583384335,0.0017237636493518949,0.9977454543113708,1.6291660358547233e-05
ISIC_0028548,mel,mel,0.0019810847006738186,0.00021136827126611024,0.015505664050579071,1.851488195825368e-05,0.9809414148330688,0.0013378252042457461,4.1644639168225694e-06
ISIC_0032036,mel,mel,0.00031450402457267046,0.00010333566751796752,0.023634936660528183,9.962936019292101e-05,0.9457526206970215,0.03002244234085083,7.252000068547204e-05
ISIC_0029843,mel,nv,1.336576315225102e-05,1.277588125958573e-05,5.3173273045104e-05,8.99911901797168e-06,0.3325406610965729,0.6673673391342163,3.6973365240555722e-06
ISIC_0029454,mel,mel,0.0017731583211570978,7.138877117540687e-05,0.020887156948447227,3.161266431561671e-05,0.9769533276557922,0.0002716058224905282,1.1756034837162588e-05
ISIC_0028051,mel,nv,9.664265235187486e-05,2.6905550839728676e-05,1.1849699149024673e-05,8.24558810563758e-06,0.3645192086696625,0.6353321671485901,4.953794814355206e-06
ISIC_0027328,mel,mel,0.0284365713596344,0.008734318427741528,0.07927031815052032,8.135311509249732e-05,0.8832701444625854,7.0133239205461e-05,0.00013729720376431942
ISIC_0024546,mel,bkl,0.005986264441162348,9.91852066363208e-05,0.7809974551200867,0.00013388133083935827,0.21141037344932556,0.0013213437050580978,5.14818420924712e-05
ISIC_0030382,mel,mel,0.40898868441581726,0.0007609755848534405,0.02909049019217491,0.020054083317518234,0.5342816114425659,0.005814052652567625,0.0010101719526574016
ISIC_0028017,mel,nv,2.3637260255782166e-06,3.140340368190664e-06,0.00030493707163259387,9.197409781336319e-06,0.0036719604395329952,0.9959830045700073,2.5534938686178066e-05
ISIC_0028288,mel,mel,5.476012665894814e-05,0.004663828760385513,0.00021062931045889854,5.86910482525127e-06,0.9945573806762695,0.0005022257100790739,5.3112066780158784e-06
ISIC_0027030,mel,mel,2.0352455976535566e-05,9.105324352276511e-06,0.00019824260380119085,2.2105343305156566e-05,0.9985820055007935,0.0011638393625617027,4.325270310800988e-06
ISIC_0030689,mel,mel,0.00070585758658126,6.923780892975628e-05,0.01927109807729721,0.0004247824545018375,0.9794518947601318,5.1824979891534895e-05,2.536008287279401e-05
ISIC_0024516,mel,nv,0.07528336346149445,9.949095692718402e-05,0.16442474722862244,0.0006246083648875356,0.37855517864227295,0.38088682293891907,0.00012581107148434967
ISIC_0029744,mel,mel,0.00010195095819653943,0.00021380303951445967,3.4099113690899685e-05,0.002383559476584196,0.9933174848556519,2.485987715772353e-05,0.003924211487174034
ISIC_0024351,mel,mel,7.0625997068418656e-06,1.135520597017603e-05,2.4043236408033408e-05,2.723809984672698e-06,0.9888960123062134,0.011053800582885742,4.912517852062592e-06
ISIC_0026916,mel,mel,1.9741797586902976e-05,3.177934331688448e-06,1.9244223949499428e-05,5.012439942220226e-06,0.9999463558197021,5.349971161194844e-06,9.865044603429851e-07
ISIC_0029319,mel,mel,0.00011853894829982892,5.318663170328364e-05,0.0016591825988143682,1.9677931049955077e-05,0.8958643078804016,0.10227037966251373,1.4701602594868746e-05
ISIC_0028898,mel,mel,3.0330525078170467e-06,5.353219421522226e-06,0.00017206722986884415,2.296364982612431e-06,0.9944831728935242,0.0053285290487110615,5.558505563385552e-06
ISIC_0025413,mel,mel,1.674362829362508e-05,6.058377948647831e-06,1.8977677882503485e-06,2.5364538487337995e-06,0.9999514818191528,2.025907815550454e-05,1.063887452801282e-06
ISIC_0027663,mel,nv,0.0027663405053317547,1.6509286069776863e-05,0.00035764178028330207,0.0063934908248484135,0.003581520402804017,0.9868593215942383,2.515906271582935e-05
ISIC_0030423,mel,mel,1.851568595157005e-05,4.782216819876339e-06,1.6106860130093992e-05,7.439448836521478e-06,0.999923825263977,2.7303904062137008e-05,2.057641495412099e-06
ISIC_0026897,mel,mel,3.348639666000963e-06,3.174597395627643e-06,1.5745656583021628e-06,2.7106759716843953e-06,0.9999018907546997,8.557002001907676e-05,1.722215415611572e-06
ISIC_0030695,mel,mel,0.00010032970749307424,0.0009710245649330318,0.012540051713585854,6.989702524151653e-05,0.5259276032447815,0.4602881669998169,0.00010292055230820552
ISIC_0024679,mel,mel,2.5230181563529186e-05,6.0398501773306634e-06,0.00030672820867039263,4.3331033339200076e-06,0.9996428489685059,1.2570552826218773e-05,2.1447062863444444e-06
ISIC_0025832,mel,mel,2.6660325602279045e-05,8.956384590419475e-06,6.62660677335225e-05,3.0674125355290016e-06,0.7034960985183716,0.29638734459877014,1.159580824605655e-05
ISIC_0027179,mel,mel,0.008310587145388126,0.011017238721251488,0.019213616847991943,0.038477592170238495,0.9206801652908325,0.0008107839967124164,0.0014901426620781422
ISIC_0026930,mel,nv,3.3844671634142287e-06,1.6287007156279287e-06,1.9794865693256725e-06,1.914504764499725e-06,0.000362127524567768,0.9996265172958374,2.4406108423136175e-06
ISIC_0026738,mel,mel,0.00045373558532446623,0.00010478971671545878,0.3280408978462219,4.2476098315091804e-05,0.6647450923919678,0.006599437911063433,1.3480588677339256e-05
ISIC_0032207,mel,nv,1.0446525493534864e-06,1.065427113644546e-06,9.29917223402299e-06,1.2117164942537784e-06,0.001099819433875382,0.998884379863739,3.2528932933928445e-06
ISIC_0024733,mel,mel,0.06932665407657623,0.00013256451347842813,0.00025636859936639667,0.00011431176244514063,0.9301124811172485,4.676185199059546e-05,1.0998031029885169e-05
ISIC_0031821,mel,mel,3.1693831260781735e-05,7.688864570809528e-05,0.00015941623132675886,4.8052224883576855e-05,0.997633695602417,0.0018981817411258817,0.00015218871703837067
ISIC_0025128,mel,nv,0.0002685314975678921,0.0003254115581512451,0.003289629239588976,0.00013795292761642486,0.3420121669769287,0.6538310647010803,0.0001351971150143072
ISIC_0028156,mel,mel,0.00012411402713041753,1.1025972526113037e-05,2.300301639479585e-05,1.5593352145515382e-05,0.9995972514152527,0.00022052535496186465,8.449328561255243e-06
ISIC_0030901,mel,mel,3.9411101170117036e-05,2.5780482246773317e-05,0.0034743116702884436,5.8951751270797104e-05,0.9932577610015869,0.003111613914370537,3.21208244713489e-05
ISIC_0030995,mel,bkl,3.257806383771822e-05,7.45185388950631e-05,0.7931618094444275,0.00016777004930190742,0.18774640560150146,0.018694303929805756,0.00012261145457159728
ISIC_0031368,mel,mel,0.0034228647127747536,0.0004031989665236324,0.11504141986370087,9.053766552824527e-05,0.8808700442314148,0.00013670204498339444,3.522862971294671e-05
ISIC_0025724,mel,nv,0.0007367636426351964,0.003378743538632989,0.002596053294837475,0.001080030808225274,0.4042671024799347,0.5840095281600952,0.003931733779609203
ISIC_0027067,mel,mel,0.0004989172448404133,0.01128888875246048,0.2903610169887543,5.454523488879204e-05,0.6623935699462891,0.03526822477579117,0.00013485379167832434
ISIC_0025941,mel,nv,0.0007181533146649599,1.6969492207863368e-05,4.089130743523128e-05,1.4739357538928743e-05,0.005422930233180523,0.9937712550163269,1.5140610230446327e-05
ISIC_0031901,vasc,vasc,3.651898441603407e-05,0.025374967604875565,0.00015846702444832772,0.0016997139900922775,0.0003964115458074957,0.04369378462433815,0.9286401271820068
ISIC_0026092,vasc,vasc,8.674128366692457e-06,0.0003707995347213,4.4213124965608586e-06,1.9072795112151653e-05,1.5361621990450658e-05,7.875688424974214e-06,0.9995737671852112
ISIC_0030956,vasc,vasc,3.176106702085235e-06,2.1760173694929108e-05,1.4861005865896004e-06,6.894101716170553e-06,2.134335954906419e-05,7.778913641232066e-06,0.9999375343322754
ISIC_0027983,vasc,vasc,4.972971510142088e-05,0.001064235926605761,3.9680230656813364e-06,0.006549255456775427,9.302258695242926e-05,2.9510136300814338e-05,0.9922102689743042
ISIC_0027672,vasc,vasc,1.840047480072826e-05,0.014371062628924847,7.87089993536938e-06,6.474446854554117e-05,2.9933986297692172e-05,0.00027580096502788365,0.9852321147918701
ISIC_0033031,vasc,vasc,8.571887155994773e-05,0.020454373210668564,3.794414806179702e-05,7.090428698575124e-05,0.00042976762051694095,0.0006315665668807924,0.978289783000946
ISIC_0032919,vasc,vasc,6.022004072292475e-06,2.223006413260009e-05,1.4096780205363757e-06,2.6639369025360793e-05,1.8159782484872267e-05,4.965432253811741e-06,0.9999204874038696
ISIC_0033230,vasc,vasc,0.00012242660159245133,0.11281884461641312,1.5167598576226737e-05,0.0003158780455123633,0.0004719570279121399,0.00027380045503377914,0.8859818577766418
ISIC_0032270,vasc,nv,1.3600572856375948e-05,1.7893980839289725e-06,2.4175427824957296e-05,2.871204196708277e-05,0.00015295275079552084,0.9992114305496216,0.0005672737024724483
ISIC_0026876,vasc,vasc,4.198544502287405e-06,2.6554835130809806e-05,9.593253480488784e-07,4.7520265070488676e-05,2.1847954485565424e-05,8.562050425098278e-06,0.9998903274536133
ISIC_0025924,vasc,vasc,1.4904139788995963e-06,5.812061863252893e-05,2.2793037715018727e-06,9.263573701900896e-06,6.449829379562289e-05,1.1513629033288453e-05,0.9998527765274048
ISIC_0027256,vasc,vasc,6.9772027018188965e-06,1.6493200746481307e-05,5.73809757042909e-06,5.044719728175551e-05,7.08205479895696e-05,0.0003287253493908793,0.9995207786560059
ISIC_0032890,vasc,vasc,8.457087460556068e-06,9.179272456094623e-05,1.2567300473165233e-05,1.7303207641816698e-05,0.00017790921265259385,0.00011336434545228258,0.9995786547660828
ISIC_0031706,vasc,vasc,3.5524737995729083e-06,1.4355981875269208e-05,5.712299753213301e-06,1.3311890143086202e-05,1.722353044897318e-05,0.00011611862282734364,0.9998297691345215
ISIC_0025677,vasc,vasc,1.8445674641043297e-06,4.773442014993634e-06,8.84279700130719e-07,1.2673712262767367e-05,2.8952072170795873e-05,1.3562150343204848e-05,0.9999374151229858
ISIC_0028680,vasc,vasc,2.0051479623361956e-06,1.4615606232837308e-05,7.948519851197489e-06,7.829365131328814e-06,1.713422534521669e-05,2.4560196834499948e-05,0.9999258518218994
ISIC_0029742,vasc,vasc,3.4511983812990366e-06,9.564262654748745e-06,4.117003300052602e-06,1.3491655408870429e-05,1.635471562622115e-05,3.697047213790938e-05,0.9999159574508667
ISIC_0026490,vasc,vasc,5.232147941569565e-06,2.1487287085619755e-05,2.9224922855064506e-06,2.9127193556632847e-05,5.739070911658928e-05,0.008151449263095856,0.9917323589324951
ISIC_0029099,vasc,vasc,3.000420292664785e-06,0.00013866202789358795,7.417267511300452e-07,4.3574600567808375e-05,2.823704380716663e-05,0.0005307994433678687,0.9992550015449524
ISIC_0027937,vasc,vasc,4.306712980906013e-06,1.7230253433808684e-05,1.1758917253246182e-06,9.897314157569781e-06,6.046628641342977e-06,6.534025033033686e-06,0.9999548196792603
ISIC_0026068,vasc,vasc,3.382824615982827e-06,1.2475819858082104e-05,1.7160741663246881e-06,2.3093547497410327e-05,8.136083124554716e-06,2.6170015189563856e-05,0.9999250173568726
ISIC_0031513,bcc,bcc,2.1865185772185214e-05,0.9998233914375305,1.6373792277590837e-06,3.555225339368917e-05,4.772795000462793e-05,6.038144783815369e-05,9.457207852392457e-06
ISIC_0027146,bcc,bcc,2.1585979993687943e-05,0.999818742275238,6.100034397604759e-07,0.00011362354416633025,1.3317838238435797e-05,9.607943866285495e-06,2.2486128727905452e-05
ISIC_0028807,bcc,bcc,0.014931580983102322,0.9832393527030945,0.000212900442420505,0.0001854786096373573,0.0008102829451672733,0.0005749463452957571,4.5533619413618e-05
ISIC_0031585,bcc,bcc,0.0005737328319810331,0.9993487000465393,1.8993307094206102e-05,7.161695975810289e-06,3.103292328887619e-05,2.384800382060348e-06,1.804358726076316e-05
ISIC_0028693,bcc,bcc,5.186471753404476e-06,0.9999758005142212,3.4424015211698133e-06,4.016695129394066e-06,1.3763703918812098e-06,1.6322138662872021e-06,8.519845323462505e-06
ISIC_0027057,bcc,bcc,1.3850820323568769e-05,0.9996139407157898,8.421449820161797e-06,0.00013161021342966706,9.45498322835192e-06,1.4014261978445575e-05,0.00020870887965429574
ISIC_0025691,bcc,bcc,2.3721615434624255e-05,0.9880991578102112,5.1263045861560386e-06,0.0067053199745714664,0.0001969228615052998,0.004253130406141281,0.0007165463175624609
ISIC_0031400,bcc,bcc,9.39212623052299e-06,0.9999788999557495,1.1195973002031678e-06,4.548597189568682e-06,2.177388751078979e-06,2.4143102450580045e-07,3.7007562241342384e-06
ISIC_0029747,bcc,bcc,1.5617566532455385e-05,0.9997336268424988,6.94251093591447e-06,9.611486348148901e-06,0.0001190936891362071,1.1838634236482903e-05,0.0001032254658639431
ISIC_0027433,bcc,bcc,0.002260085428133607,0.988287627696991,6.655949982814491e-05,0.0002734738518483937,0.003712893696501851,0.00011855649790959433,0.005280854646116495
ISIC_0026643,bcc,bcc,0.0003574696893338114,0.997280478477478,0.0006889291689731181,0.00017407216364517808,0.0004702833539340645,0.00016600041999481618,0.0008628573850728571
ISIC_0032139,bcc,bcc,7.662542884645518e-06,0.9997192025184631,4.629432805813849e-05,5.380758011597209e-06,2.654312629601918e-05,6.547001976286992e-05,0.0001294475659960881
ISIC_0031789,bcc,mel,0.2145799994468689,0.05938861519098282,0.002483827993273735,0.010131776332855225,0.6994613409042358,0.013623387552797794,0.0003309499006718397
ISIC_0031169,bcc,bcc,2.8136422770330682e-05,0.9999278783798218,1.6977279301499948e-05,7.646131962246727e-06,3.6514600196824176e-06,6.112759365350939e-06,9.59896351560019e-06
ISIC_0026453,bcc,bcc,4.078993515577167e-05,0.9824373126029968,0.000775240536313504,3.556126466719434e-05,0.0006927676731720567,0.01579122245311737,0.00022707122843712568
ISIC_0027297,bcc,bcc,0.0031943689100444317,0.9890363812446594,0.0004384028143249452,0.001197896315716207,0.00525535037741065,0.0008287763921543956,4.8891091864788905e-05
ISIC_0030114,bcc,bcc,0.0008998033008538187,0.9322690367698669,0.06393815577030182,0.0008448879816569388,0.001017091446556151,0.0006738478550687432,0.00035725728957913816
ISIC_0033271,bcc,bcc,1.5161638202698668e-06,0.9999723434448242,3.31102819473017e-06,2.1652422219631262e-06,5.131239049660508e-06,2.865499709514552e-06,1.273802718060324e-05
ISIC_0034255,bcc,bcc,3.7310871903173393e-06,0.9999703168869019,5.907900685997447e-06,2.1430346350825857e-06,1.046146917360602e-05,5.508250069397036e-06,1.9154299479851034e-06
ISIC_0032652,bcc,bcc,4.210550741845509e-06,0.9999706745147705,1.586394773767097e-06,2.075572410831228e-06,4.789350896317046e-06,1.1579583770071622e-05,5.141365363670047e-06
ISIC_0034276,bcc,bcc,4.4509350118460134e-05,0.9906138181686401,6.921668682480231e-05,0.0058562373742461205,0.00026243130560033023,0.0016180187230929732,0.0015357228694483638
ISIC_0033468,bcc,mel,0.00511079141870141,0.3209162950515747,0.0005723711219616234,0.0033190096728503704,0.6597165465354919,1.1286289009149186e-05,0.010353717021644115
ISIC_0032816,bcc,bcc,2.5398294383194298e-05,0.9965584874153137,2.7217098249820992e-05,6.090480019338429e-05,0.0012321731774136424,0.002035043900832534,6.0715745348716155e-05
ISIC_0033372,bcc,bcc,4.436160907062003e-06,0.9998747110366821,4.540224836091511e-05,1.803010832190921e-06,1.9836988940369338e-05,2.7617810701485723e-05,2.6199537387583405e-05
ISIC_0033301,bcc,bcc,1.4116868442215491e-05,0.999277651309967,0.0002169676881749183,5.501538453245303e-06,0.0004235066589899361,2.4859256882336922e-05,3.744057903531939e-05
ISIC_0033146,bcc,bcc,9.883558050205465e-06,0.9999781847000122,2.8135382308391854e-06,2.0685436084022513e-06,2.718463065320975e-06,1.021545244839217e-06,3.2493321668880526e-06
ISIC_0032727,bcc,bcc,2.3477294234908186e-05,0.9997782111167908,0.00012188545224489644,7.883964826760348e-06,1.745594636304304e-05,4.443631405592896e-05,6.6761385824065655e-06
ISIC_0025617,bcc,bcc,1.9079148842138238e-05,0.9993271827697754,4.3357795220799744e-05,1.230616635439219e-05,8.492970664519817e-05,0.0004745897895190865,3.861606455757283e-05
ISIC_0029564,bcc,bcc,3.773275238927454e-05,0.999800980091095,4.0876919229049236e-05,1.788754525477998e-05,5.9659878388629295e-06,2.271475204906892e-05,7.376823486993089e-05
ISIC_0032146,bcc,bcc,0.0010285729076713324,0.9959256649017334,6.816896348027512e-05,3.130556797259487e-05,0.00248312926851213,0.0003961402690038085,6.695127376588061e-05
ISIC_0025576,bcc,bcc,1.5502704627579078e-05,0.9999716281890869,2.305288944626227e-06,2.576144652266521e-06,3.478719008853659e-06,2.27405962505145e-06,2.144797917935648e-06
ISIC_0029392,bcc,bcc,2.142525954695884e-05,0.9999641180038452,2.8632362045755144e-06,3.280688360973727e-06,3.0515550406562397e-06,3.3483001971035264e-07,4.876399088971084e-06
ISIC_0027601,bcc,bcc,9.36748165258905e-06,0.9999531507492065,1.224029892910039e-05,4.950260517944116e-06,5.764856268797303e-06,4.138441909162793e-06,1.0328797543479595e-05
ISIC_0031245,bcc,bcc,9.925165795721114e-05,0.9998537302017212,5.10673999087885e-06,1.3561402738559991e-05,3.958229171985295e-06,1.1356036111465073e-06,2.316775862709619e-05
ISIC_0027631,bcc,bcc,2.7271532871964155e-06,0.9999673366546631,5.847223746968666e-06,3.593136852941825e-06,5.994963885314064e-06,4.861968591285404e-06,9.580447112966795e-06
ISIC_0028035,bcc,bcc,1.4024245729160612e-06,0.9999754428863525,5.456173767015571e-06,1.0783877542053233e-06,2.723632860579528e-06,9.573984243615996e-06,4.3853929128090385e-06
ISIC_0025299,bcc,bcc,5.922551736148307e-06,0.9999818801879883,2.431834445815184e-06,1.4825538983131992e-06,2.913785465352703e-06,1.3147181334716151e-06,4.091167738806689e-06
ISIC_0024595,bcc,bcc,4.155169335717801e-06,0.9997146725654602,8.565294410800561e-05,3.64324041584041e-05,1.5246043403749354e-05,2.903896529460326e-05,0.00011466988507891074
ISIC_0025046,bcc,bcc,6.398370169335976e-05,0.9720419049263,0.0003924674238078296,8.370450814254582e-05,0.00022099919442553073,0.02606043592095375,0.0011364526581019163
ISIC_0029805,bcc,bcc,9.921394848788623e-06,0.9999692440032959,1.20858680929814e-06,2.1440646378323436e-06,9.121278708335012e-06,4.569195880321786e-06,3.8478106034745e-06
ISIC_0025433,bcc,bcc,7.052423461573198e-05,0.9998863935470581,6.383816526067676e-06,7.091225597832818e-06,1.5464218449778855e-05,6.194746219989611e-06,7.984430340002291e-06
ISIC_0026855,bcc,bcc,1.641907510929741e-05,0.9992156028747559,0.0005455518257804215,5.761598458775552e-06,5.147542196937138e-06,6.602383655263111e-05,0.00014554854715242982
ISIC_0028107,bcc,bcc,0.23161561787128448,0.7678604125976562,1.4646906492998824e-05,0.0003136425802949816,3.4829241485567763e-05,9.179586413665675e-06,0.0001516975898994133
ISIC_0032022,bcc,bcc,1.5642426660633646e-05,0.9999746084213257,2.255644403703627e-06,1.7482343537267298e-06,1.5008573654995416e-06,9.368491191708017e-07,3.2672000997990835e-06
ISIC_0031122,bcc,bcc,3.965846190112643e-06,0.9999700784683228,1.2624281225726008e-05,2.1878938696318073e-06,1.754007939780422e-06,2.873105813705479e-06,6.525220214825822e-06
ISIC_0032225,bcc,bcc,0.02094140090048313,0.6158156991004944,0.21659405529499054,0.0011175620602443814,0.13845042884349823,0.006823118310421705,0.0002578103740233928
ISIC_0031007,bcc,bcc,3.1500578188570216e-05,0.9999529123306274,6.422328169719549e-06,1.4535316950059496e-06,2.665276724655996e-06,9.650710808273288e-07,4.138815256737871e-06
ISIC_0032290,bcc,bcc,6.916760867170524e-06,0.9994968175888062,6.12211670159013e-06,5.5231917031051125e-06,6.738568117725663e-06,5.2973200581618585e-06,0.0004726334009319544
ISIC_0031728,bcc,bcc,7.68477184465155e-06,0.9999170303344727,4.725668077298906e-06,1.478706872148905e-05,8.726858141017146e-06,6.8207104959583376e-06,4.0292212361237034e-05
ISIC_0028973,bcc,bcc,2.016803773585707e-05,0.9999545812606812,6.64726985633024e-06,3.0575179152947385e-06,3.31475757775479e-06,2.5715253286762163e-06,9.574205250828527e-06
ISIC_0031009,bcc,bcc,0.00037387487827800214,0.9984446167945862,0.001099039800465107,4.736824848805554e-06,6.511094397865236e-05,7.215263394755311e-06,5.318127023201669e-06
ISIC_0030452,bcc,bcc,0.08616773039102554,0.9127264618873596,0.0006452797679230571,0.000132196641061455,6.97164359735325e-05,0.00016606146527919918,9.25449567148462e-05
ISIC_0031057,bcc,bcc,4.149783489992842e-05,0.9999258518218994,2.1301770175341517e-05,4.560912657325389e-06,2.236633463326143e-06,1.4370697272170219e-06,3.095698502875166e-06
ISIC_0031294,bcc,bcc,1.8771341274259612e-05,0.9999583959579468,5.228634563536616e-06,2.7445209980214713e-06,6.231877705431543e-06,1.2611239981197286e-06,7.302694029931445e-06
ISIC_0025530,bcc,bcc,9.698880603536963e-05,0.9997103810310364,1.3913622751715593e-06,0.0001759480801410973,3.5118825962854316e-06,3.138954980386188e-07,1.146772046922706e-05
ISIC_0029337,bcc,bcc,5.035391586716287e-05,0.9999357461929321,6.590273187612183e-06,1.6348403732990846e-06,1.7308937003690517e-06,3.116872733244236e-07,3.588205345295137e-06
ISIC_0028652,bcc,bcc,2.3168588086264208e-05,0.9998914003372192,4.65356424683705e-05,2.2170040665514534e-06,1.9456783775240183e-05,2.5069703042390756e-06,1.4651636774942745e-05
ISIC_0030782,bcc,bcc,3.7782167055411264e-05,0.9956821203231812,9.152105121756904e-06,5.694864739780314e-05,3.819440826191567e-05,0.004084684886038303,9.111335384659469e-05
ISIC_0030915,bcc,bcc,1.1296282536932267e-05,0.999975323677063,9.398409019922838e-06,8.373459081667534e-07,8.638173767394619e-07,7.07336596406094e-07,1.5289430166376405e-06
ISIC_0032092,bcc,bcc,0.08051897585391998,0.9189634323120117,0.0002657285949680954,0.0001777745201252401,1.2927950592711568e-05,1.1399089089536574e-05,4.9750349717214704e-05
ISIC_0029602,bcc,bcc,1.13637579488568e-05,0.9999750852584839,2.0179079456283944e-06,4.024491317977663e-06,1.863188686002104e-06,2.288354153279215e-06,3.3321596220048377e-06
ISIC_0029053,bcc,bcc,0.01765730232000351,0.704863429069519,0.014897210523486137,0.2542065680027008,0.004250403959304094,2.2805132175562903e-05,0.004102233797311783
ISIC_0029220,bcc,bcc,9.98542964225635e-06,0.999962568283081,3.636382871263777e-06,3.807096845775959e-06,5.825183052365901e-06,3.972194917878369e-06,1.0184055099671241e-05
ISIC_0026829,bcc,nv,3.071830724366009e-05,0.006504660472273827,8.788676495896652e-05,7.438191914843628e-06,0.000137396709760651,0.9931939840316772,3.791779818129726e-05
ISIC_0028568,bcc,bcc,0.00012464063183870167,0.9998589754104614,3.0989915558166103e-06,4.221535164106172e-06,3.6815374642173992e-06,1.11863914753485e-06,4.309147243475309e-06
ISIC_0027595,bcc,bcc,0.0010266181780025363,0.9961932897567749,3.228748028050177e-05,2.5674646167317405e-05,0.00029880483634769917,0.0023926999419927597,3.068907972192392e-05
ISIC_0026154,bcc,bcc,0.00013111358566675335,0.9997242093086243,1.1417125278967433e-05,3.2485862902831286e-05,4.584134148899466e-05,1.0066838513012044e-05,4.485362660489045e-05
ISIC_0029917,bcc,bcc,1.2124086424591951e-05,0.9999531507492065,5.656433131662197e-06,3.254640887462301e-06,1.508547575213015e-05,3.1933591344568413e-06,7.603219728480326e-06
ISIC_0026090,bcc,bcc,0.00037894840352237225,0.9978207349777222,0.001669021206907928,3.7348752812249586e-05,1.6207977751037106e-05,4.128125874558464e-05,3.6445104342419654e-05
ISIC_0025285,bcc,bcc,0.007998296990990639,0.9669987559318542,0.024677375331521034,8.653442637296394e-05,9.362109994981438e-05,9.572251292411238e-05,4.97013570566196e-05
ISIC_0027920,bcc,bcc,4.057568003190681e-05,0.9702257513999939,0.028801562264561653,4.488402555580251e-05,0.0002306810929439962,0.0004847139643970877,0.00017182520241476595
ISIC_0025031,bcc,bcc,2.796037961161346e-06,0.9999794960021973,3.1799193038750673e-06,3.152640829284792e-06,1.70057774084853e-06,3.0541204978362657e-06,6.588939868379384e-06
ISIC_0024931,bcc,bcc,2.1015233869547956e-05,0.9997404217720032,3.116050356766209e-05,7.2352049755863845e-06,4.98097506351769e-06,0.00018887719488702714,6.295282219070941e-06
ISIC_0026957,bcc,bcc,0.005321056116372347,0.9892327785491943,8.863095717970282e-05,0.0004723719321191311,0.00046776176895946264,0.003956736531108618,0.0004605943395290524
ISIC_0025564,bcc,bcc,0.0007020841585472226,0.9720928072929382,4.650675691664219e-05,0.0008900412358343601,0.003199052531272173,0.02280171774327755,0.0002677341108210385
ISIC_0032318,bcc,bcc,0.0009306247811764479,0.997327446937561,8.913028068491258e-06,2.2455504222307354e-05,0.0016875568544492126,1.1087027814937755e-05,1.1871989954670426e-05
ISIC_0032061,bcc,bcc,7.916406502772588e-06,0.9998505115509033,6.001955262036063e-05,1.1595276191656012e-05,3.767924863495864e-05,2.2281867131823674e-05,9.954761480912566e-06
ISIC_0028239,nv,nv,3.6275739034863363e-07,1.9874620704740664e-07,2.4918426788644865e-07,1.5597114497722941e-06,1.4761567399546038e-05,0.9999819993972778,8.225053989008302e-07
ISIC_0031325,nv,nv,2.003758481805562e-06,9.93491084955167e-08,6.015863505126617e-07,1.148666228800721e-06,0.00018006855680141598,0.9998154044151306,6.105275929257914e-07
ISIC_0025311,nv,nv,4.2277400780221797e-07,4.497985912621516e-07,9.313059763371712e-07,1.5190970543699223e-06,1.1792772966146003e-05,0.9999797344207764,5.092491392133525e-06
ISIC_0031536,nv,nv,8.144807566168311e-07,5.030386205362447e-07,5.333140052243834e-06,1.5290009969248786e-06,2.091674787152442e-06,0.9999845027923584,5.189941020944389e-06
ISIC_0032060,nv,nv,1.0206763363385107e-06,1.3209434257532848e-07,2.2915164663572796e-06,5.864265517629974e-07,2.1037603801232763e-06,0.9999932050704956,6.320568672890658e-07
ISIC_0026824,nv,nv,1.3219188588209363e-07,2.38832058130356e-07,2.798363425426942e-07,1.0558838994256803e-06,2.5404910957149696e-06,0.9999951124191284,5.78014066832111e-07
ISIC_0030993,nv,nv,3.75181429035365e-07,2.6206126335637236e-07,1.6615233278116648e-07,4.046626600029413e-06,6.1134996940381825e-06,0.9999879598617554,1.0954693152598338e-06
ISIC_0029526,nv,nv,7.614424930579844e-07,2.1015031848037324e-07,7.153998353714996e-07,4.236655877321027e-05,4.85943746753037e-06,0.9999463558197021,4.786211320606526e-06
ISIC_0032210,nv,nv,1.8270345663040644e-06,7.037903060336248e-07,6.3423281062569e-06,1.788748886610847e-05,2.3427394353348063e-06,0.9999655485153198,5.375579348765314e-06
ISIC_0031207,nv,nv,6.902048880874645e-06,3.5851196571456967e-06,4.0308793813892407e-07,4.576497303787619e-05,1.9509001504047774e-05,0.9998974800109863,2.6364834411651827e-05
ISIC_0027000,nv,nv,2.563067482697079e-07,2.161184227134072e-07,4.09664551170863e-07,3.5538835163606564e-06,9.478102356297313e-07,0.999992847442627,1.702823851701396e-06
ISIC_0032317,nv,nv,3.697162753724115e-07,2.2085190209963912e-07,5.972278245280904e-07,1.166420588560868e-06,1.96380574379873e-06,0.999993085861206,2.5265715066780103e-06
ISIC_0027784,nv,nv,1.3036845984970569e-06,1.5933263739498216e-06,3.373385334271006e-05,6.170095275592757e-06,0.00011526931484695524,0.9998387098312378,3.247636868763948e-06
ISIC_0028359,nv,nv,6.202229201335285e-07,6.791441933273745e-07,1.575813399767867e-07,4.953077223035507e-06,1.0951861213470693e-06,0.999990701675415,1.6951787529251305e-06
ISIC_0026948,nv,nv,2.2368278962403565e-07,2.0998568572849763e-07,4.539754456800438e-07,2.2098859062680276e-06,3.3512110348965507e-06,0.9999923706054688,1.147936472989386e-06
ISIC_0031604,nv,nv,2.462218162690988e-07,9.867102335192612e-07,3.9539551721645694e-07,4.964008439856116e-07,4.525129043031484e-05,0.9999450445175171,7.652070053154603e-06
ISIC_0029273,nv,nv,1.4057070529815974e-07,1.8315334671115124e-07,1.3162558332169283e-07,1.7708451878206688e-06,1.2945264643349219e-05,0.9999840259552002,7.610269676661119e-07
ISIC_0027854,nv,nv,9.71470441868405e-08,1.0548993145675922e-07,2.6346756953898876e-07,4.494793586218293e-07,1.307048819398915e-06,0.9999973773956299,3.7547920328506734e-07
ISIC_0027752,nv,nv,7.657327500965039e-07,2.2850554159958847e-06,4.0713803173275664e-06,1.3777013236904168e-06,3.4338008845224977e-05,0.9999247789382935,3.2401840144302696e-05
ISIC_0030669,nv,nv,4.2203308225907676e-07,1.8990365902027406e-07,3.0222878422137e-07,3.294286216259934e-06,4.545416686596582e-06,0.9999899864196777,1.20483946375316e-06
ISIC_0025325,nv,nv,2.9540708510467084e-06,2.8846438908658456e-06,4.765701305586845e-05,9.160055014945101e-06,4.443641046236735e-06,0.9998742341995239,5.868334119440988e-05
ISIC_0026036,nv,nv,1.4260928764997516e-05,1.486231940361904e-05,1.6381920431740582e-05,9.431415674043819e-05,0.005975151900202036,0.9937545657157898,0.00013052407302893698
ISIC_0028932,nv,nv,4.118732249480672e-06,5.635736215481302e-06,5.790750037704129e-06,7.784566150803585e-06,2.4085433324216865e-05,0.9999343156814575,1.8355411157244816e-05
ISIC_0025676,nv,nv,1.2614332263183314e-06,9.585355655872263e-07,1.4381051869349903e-06,7.908296538516879e-06,5.1163474381610285e-06,0.9999794960021973,3.829135948762996e-06
ISIC_0025142,nv,nv,1.3052921303824405e-06,1.5576154055452207e-06,1.4279040669862297e-06,4.79115851703682e-06,2.6518442609813064e-05,0.9999523162841797,1.2101944776077289e-05
ISIC_0030016,nv,nv,7.354063313869119e-07,4.24630911766144e-07,8.654286034470715e-07,7.329777872655541e-06,4.234516745782457e-05,0.9999457597732544,2.5538499812682858e-06
ISIC_0027160,nv,nv,3.2560006957282894e-07,1.0388983895381898e-07,5.384783321460418e-07,1.1592917417146964e-06,1.1046624877053546e-06,0.999996542930603,1.9934346084937715e-07
ISIC_0028395,nv,nv,2.876377720895107e-06,5.045624675403815e-06,2.9400307539617643e-05,2.3167194740381092e-05,2.0484683318500174e-06,0.9999094009399414,2.816242522385437e-05
ISIC_0027316,nv,nv,9.684970336820697e-07,6.209935463630245e-07,1.3801937939206255e-06,3.1378465337184025e-06,1.989227484955336e-06,0.9999765157699585,1.5453551895916462e-05
ISIC_0028034,nv,nv,2.4142489110090537e-06,1.504368924543087e-06,1.8074451872962527e-05,4.5881424739491194e-06,0.00010221335833193734,0.9998633861541748,7.85962947702501e-06
ISIC_0030128,nv,nv,2.3499316625930078e-07,1.386371195621905e-07,6.01859028392937e-07,8.960466857388383e-07,4.876732191405608e-07,0.9999967813491821,7.664746703994751e-07
ISIC_0026435,nv,nv,3.4403350923639664e-07,1.1486966400298115e-07,2.2740356087069813e-07,9.886875886877533e-07,3.653056182884029e-06,0.9999939203262329,7.754423450023751e-07
ISIC_0027416,nv,nv,3.3393941976100905e-06,3.1618858429283137e-06,1.472652547818143e-05,3.5844752801494906e-06,3.375986125320196e-05,0.9999275207519531,1.3904458683100529e-05
ISIC_0024746,nv,nv,4.816177806787891e-06,7.184527021308895e-06,0.0055235400795936584,6.929032679181546e-05,0.00011857110803248361,0.99398273229599,0.00029376003658398986
ISIC_0024580,nv,nv,8.201257628570602e-07,2.367846292372633e-07,2.4829824951666524e-07,1.810843627936265e-06,2.6920063191937516e-06,0.9999934434890747,7.241478101605026e-07
ISIC_0031701,nv,nv,5.423033258011856e-07,3.4566232898214366e-07,1.638303274376085e-06,1.9734454781428212e-06,2.0966390366083942e-06,0.9999908208847046,2.5286701657023514e-06
ISIC_0024369,nv,nv,2.1875841866858536e-06,9.960490388039034e-07,4.1696813468661276e-07,1.2720376616925932e-05,0.0028626176062971354,0.9971165657043457,4.593261564878048e-06
ISIC_0031157,nv,nv,2.2388258003047667e-06,2.0717350253107725e-06,1.8151125914300792e-05,1.0162040780414827e-05,4.451128916116431e-06,0.9998918771743774,7.117060158634558e-05
ISIC_0027834,nv,nv,8.055092735048675e-07,6.092213880037889e-07,1.2447099834389519e-05,4.897437520412495e-06,2.3134784896683414e-06,0.9999719858169556,7.020020802883664e-06
ISIC_0032254,nv,nv,3.211974046735122e-07,9.775156684099784e-08,9.793091521714814e-06,1.5463537010873551e-06,9.101682962864288e-07,0.9999867677688599,5.627634322991071e-07
ISIC_0030292,nv,nv,2.7349656761543883e-07,1.0160597696540208e-07,1.725740617075644e-07,1.2537557267933153e-06,1.1493516467453446e-06,0.9999960660934448,8.858163482727832e-07
ISIC_0031330,nv,nv,1.445556279122684e-07,8.268759188467811e-08,1.7972814703171025e-07,1.4379136246134294e-06,3.2068527389128576e-07,0.9999970197677612,8.436790039922926e-07
ISIC_0028812,nv,nv,1.253626606967373e-07,4.5435550077854714e-07,3.7945902420233324e-08,3.054551598324906e-06,8.341151556123805e-07,0.9999947547912598,6.214042400642938e-07
ISIC_0031174,nv,nv,2.4678229237906635e-07,1.104297808751653e-07,6.773113909730455e-07,7.810354532011843e-07,6.154176617201301e-07,0.9999967813491821,7.692082135690725e-07
ISIC_0028025,nv,nv,4.017132653189037e-07,3.538017665505322e-07,2.900587787735276e-07,1.2840391718782485e-06,2.203350504714763e-06,0.9999946355819702,7.644597417311161e-07
ISIC_0027572,nv,nv,9.543057331029559e-07,4.820070671485155e-07,4.574501133447484e-07,8.091413974398165e-07,4.389505647850456e-06,0.9999924898147583,3.9844832144808606e-07
ISIC_0029918,nv,nv,1.7308229871559888e-06,1.6195446050915052e-06,2.6308671294827946e-06,0.00027420971309766173,7.719848508713767e-05,0.9996108412742615,3.1768333428772166e-05
ISIC_0025635,nv,nv,3.0673058404318e-07,2.8798845619348867e-07,2.328661281580935e-07,6.188560291775502e-06,9.325653991254512e-06,0.999981164932251,2.588583583928994e-06
ISIC_0031237,nv,nv,1.438368713024829e-07,1.3776744367532956e-07,1.0756791652966058e-06,1.6080592786238412e-06,3.7902170788584044e-06,0.9999926090240479,6.620049362027203e-07
ISIC_0026613,nv,nv,9.374917340210231e-07,7.98636392573826e-07,1.59901333063317e-07,6.790212501073256e-05,3.114432911388576e-05,0.9998944997787476,4.466547125048237e-06
ISIC_0029701,nv,nv,3.2907510671975615e-07,3.316528704999655e-07,2.2154665657581063e-07,3.6384967643243726e-06,2.224138597739511e-06,0.9999915361404419,1.6528284731975873e-06
ISIC_0030902,nv,nv,1.6528179912711494e-05,2.7299158318783157e-05,1.8211843553217477e-06,0.0002579913125373423,0.0002323056833120063,0.9737720489501953,0.025692030787467957
ISIC_0031837,nv,nv,4.448789070465864e-07,6.59206818909297e-07,1.5681608545037307e-07,5.4438223742181435e-06,0.0001313546090386808,0.9998557567596436,6.092380317568313e-06
ISIC_0024512,nv,nv,1.454274752177298e-06,4.619968194674584e-07,3.9804872358217835e-06,1.6884714568732306e-05,2.647782082476624e-07,0.9999567270278931,2.019277417275589e-05
ISIC_0024637,nv,nv,2.5426913907722337e-06,1.7358379409415647e-06,1.300767053180607e-06,7.545379503426375e-06,0.0053448788821697235,0.9946249127388,1.7000777006614953e-05
ISIC_0031947,nv,nv,3.9561481912642193e-07,1.724110347822716e-07,5.089929686619143e-07,2.761511495918967e-06,5.041376880399184e-06,0.9999902248382568,1.0089784154843073e-06
ISIC_0029386,nv,nv,2.9051957994852273e-07,3.0714318199898116e-07,1.2661395487612026e-07,9.418056833965238e-06,6.402332928701071e-06,0.9999817609786987,1.589028784110269e-06
ISIC_0029410,nv,nv,2.121002751209744e-07,1.8134822710180742e-07,7.094086527104082e-07,1.0921114608208882e-06,2.1513637875614222e-06,0.9999946355819702,9.796087852009805e-07
ISIC_0028044,nv,nv,2.802064216211875e-07,1.6395298985116824e-07,1.160635065389215e-06,9.64540163295169e-07,1.2882773035016726e-06,0.9999940395355225,2.174448127334472e-06
ISIC_0024348,nv,nv,1.5350854027929017e-06,2.797739853122039e-07,0.0006355838850140572,7.3901346695492975e-06,6.28317502560094e-06,0.9993471503257751,1.79172445768927e-06
ISIC_0025444,nv,nv,2.9088977271385374e-07,5.5284189670601336e-08,3.915739057447354e-07,5.646475074172486e-06,7.695153954045963e-07,0.9999926090240479,3.243018795728858e-07
ISIC_0027375,nv,nv,2.1147849338376545e-07,6.989886713881788e-08,3.3430822554691986e-07,8.347697075805627e-07,2.9300199457793497e-06,0.999995231628418,3.2927030702012416e-07
ISIC_0031534,nv,nv,6.842838956799824e-06,4.060718310938682e-06,7.929807907203212e-05,0.00019104468810837716,4.502098363445839e-06,0.9997095465660095,4.716979674412869e-06
ISIC_0028108,nv,nv,1.531954438860339e-07,3.1336537631432293e-07,1.823407046686043e-06,5.892086960557208e-07,4.869096301263198e-06,0.9999903440475464,1.8833400190487737e-06
ISIC_0027661,nv,nv,2.124444620221766e-07,5.8958939064268634e-08,1.408240848377318e-07,1.280065816899878e-06,1.147765374298615e-06,0.9999967813491821,4.0471775264450116e-07
ISIC_0028572,nv,nv,6.061056865291903e-07,5.024807023801259e-07,2.9352308956731576e-06,2.1208029465924483e-06,2.9295355830072367e-07,0.9999897480010986,3.849166205327492e-06
ISIC_0026168,nv,nv,3.928178387013759e-07,6.953450224500557e-07,8.719372999621555e-06,2.497129798939568e-06,1.2391764130370575e-06,0.9999772310256958,9.166496965917759e-06
ISIC_0028613,nv,nv,2.0647194105549715e-06,1.6813460206321906e-06,4.7646267375967e-07,8.466744475299492e-06,1.3199989552958868e-05,0.9999721050262451,2.077355702567729e-06
ISIC_0025054,nv,nv,3.67960387848143e-06,1.056374458130449e-05,7.430962796206586e-06,7.935130270197988e-06,1.2699463241006015e-06,0.9999440908432007,2.493179272278212e-05
ISIC_0031102,nv,nv,4.889367346549989e-07,1.5308414447190444e-07,4.285433533368632e-06,1.0459706345500308e-06,4.782964992955385e-07,0.999993085861206,5.02229909216112e-07
ISIC_0031461,nv,nv,1.0270216677099597e-07,3.58154778723474e-07,1.5739136642878293e-06,9.495757353761292e-07,5.493375851983728e-07,0.999994158744812,2.2718134005117463e-06
ISIC_0031909,nv,nv,2.712870355026098e-07,2.3568318852085213e-07,4.0258566968987e-07,2.03094600692566e-06,2.755967614120891e-07,0.9999953508377075,1.4054570556254475e-06
ISIC_0029142,nv,nv,1.1095326044596732e-06,4.591927904584736e-07,6.23297892161645e-05,6.230232543202874e-07,1.2276424968149513e-05,0.9999198913574219,3.2807092793518677e-06
ISIC_0028319,nv,nv,8.59446208778536e-06,6.324637070065364e-06,0.009053065441548824,4.848125172429718e-06,1.6324687749147415e-05,0.9908628463745117,4.798339796252549e-05
ISIC_0025544,nv,nv,1.697240918474563e-06,6.033477575329016e-07,0.00010294737876392901,4.957933924742974e-06,3.6408252981345868e-06,0.9998588562011719,2.727355604292825e-05
ISIC_0029699,nv,nv,1.2095232193587435e-07,5.3160970736598756e-08,2.0344833728813683e-07,3.6978383377572754e-07,1.6362968153771362e-06,0.9999974966049194,1.47908394865226e-07
ISIC_0032066,nv,nv,2.1850016196367505e-07,1.7705434629533556e-07,6.840263608864916e-07,2.28722801693948e-05,4.355387318355497e-06,0.9999686479568481,3.038019940504455e-06
ISIC_0024649,nv,nv,2.2841061309009092e-07,1.5407553064505919e-06,2.24191282427455e-07,1.165470280284353e-06,1.7842027091319324e-06,0.9999933242797852,1.6565509213251062e-06
ISIC_0031661,nv,nv,2.120985840292633e-07,2.2280416089870414e-07,2.3299161000522872e-07,3.8204830161703285e-06,1.5814450193829543e-07,0.9999924898147583,2.8455795018089702e-06
ISIC_0026689,nv,nv,5.309692596711102e-07,9.99832877823792e-07,5.296387257658353e-07,2.2499032183986856e-06,1.40915437896183e-06,0.9999866485595703,7.679943337279838e-06
ISIC_0027646,nv,nv,1.8756087172278058e-07,5.241098577357661e-08,2.4877911641851824e-07,3.2418695354863303e-06,5.670094651577529e-07,0.999995231628418,5.086577630208922e-07
ISIC_0026862,nv,nv,3.5365084727345675e-07,1.371544300354799e-07,4.449246262083761e-06,2.810734076774679e-05,4.2523643060121685e-06,0.9999618530273438,7.839236673135019e-07
ISIC_0025057,nv,nv,1.8803973489411874e-07,1.9472332724035368e-07,7.374146662186831e-07,1.2067521311109886e-06,5.5691089073661715e-06,0.9999911785125732,8.396614248340484e-07
ISIC_0030736,nv,nv,3.36688003699237e-07,4.0765328890302044e-07,2.6184756052316516e-07,2.5820565952017205e-06,2.273383506690152e-05,0.9999703168869019,3.4013173717539757e-06
ISIC_0028833,nv,nv,3.148160487853602e-07,8.849224997220517e-08,2.333768634343869e-06,6.188861334521789e-07,2.8217584713274846e-07,0.9999960660934448,3.375747326117562e-07
ISIC_0030875,nv,nv,1.1352434512446052e-06,2.747026996985369e-07,4.371032446215395e-06,3.7275024169503013e-06,1.0590495094220387e-06,0.9999885559082031,9.58973032538779e-07
ISIC_0031647,nv,nv,2.9574513860097795e-07,1.4631248745899939e-07,4.5960413785905985e-07,1.5331539771068492e-06,1.6269366369670024e-06,0.999995231628418,7.41441340323945e-07
ISIC_0027938,nv,nv,1.6333821406533389e-07,1.1123773191457076e-07,1.1949657618970377e-07,9.252116797142662e-07,1.2179389159427956e-06,0.9999966621398926,7.177587235673855e-07
ISIC_0029381,nv,nv,1.811751815239404e-07,1.38454467446536e-07,1.456502758401257e-07,1.32597438096127e-06,2.382593447691761e-05,0.9999736547470093,7.361629172919493e-07
ISIC_0024838,nv,nv,3.4487325706322736e-07,3.2580965125816874e-07,1.067205175786512e-06,2.380388195888372e-06,5.746684905716393e-07,0.9999923706054688,2.92147637992457e-06
ISIC_0024804,nv,nv,1.8659237355223013e-07,8.455429423293026e-08,1.7692207165964646e-07,4.101082140550716e-07,1.2605843267010641e-06,0.999997615814209,3.367113379226794e-07
ISIC_0031364,nv,nv,4.355858607141272e-07,2.890862560889218e-06,6.287628366408171e-06,8.846907803672366e-06,0.0010952597949653864,0.9988792538642883,7.1185741035151295e-06
ISIC_0027440,nv,nv,1.8357221165388182e-07,5.246379259915557e-07,9.378816798744083e-07,6.910468641763146e-07,3.5035370729019633e-06,0.9999871253967285,7.109146736183902e-06
ISIC_0030743,nv,bkl,6.727952131768689e-05,2.7078724087914452e-05,0.9847316741943359,0.0002661827311385423,0.0001557663781568408,0.014722708612680435,2.933741416200064e-05
ISIC_0024465,nv,nv,3.3409733646294626e-07,2.2321724202356563e-07,7.821205372238182e-07,2.127675907104276e-05,6.44527119675331e-07,0.9999679327011108,8.798981980362441e-06
ISIC_0029984,nv,nv,2.0966110980680241e-07,1.2822707162740699e-07,6.155445930744463e-07,5.72237524920638e-07,3.933329935534857e-06,0.999994158744812,3.6556374993779173e-07
ISIC_0025849,nv,nv,1.9672477264975896e-06,1.238011464010924e-06,1.0220595640930696e-06,0.0009289449080824852,1.222944865730824e-05,0.9990180730819702,3.655393811641261e-05
ISIC_0030911,nv,nv,1.4248736590616318e-07,2.1181939757752843e-07,3.069569345370837e-07,9.622297056921525e-07,2.1608080714941025e-05,0.9999760389328003,7.188399422375369e-07
ISIC_0032166,nv,nv,2.885087155846122e-07,1.3779635992250405e-06,2.524433853068331e-07,1.804369958335883e-06,3.479287897789618e-06,0.9999845027923584,8.234378583438229e-06
ISIC_0028375,nv,nv,3.600210050080932e-07,1.4201573605987505e-07,1.8734247930751735e-07,3.22259893437149e-06,1.356720190415217e-06,0.9999927282333374,2.059365669992985e-06
ISIC_0031734,nv,nv,5.619058924821729e-07,3.5945382137470006e-07,5.204482818044198e-07,2.3017914827505592e-06,1.0466570529388264e-05,0.9999839067459106,1.946987822520896e-06
ISIC_0027910,nv,nv,3.7075271848152624e-06,6.446422275985242e-07,1.6539820535399485e-06,5.5470241932198405e-05,0.0006640875362791121,0.9992675185203552,6.9405177782755345e-06
ISIC_0030524,nv,nv,1.8912161294792895e-06,4.7789235395612195e-06,4.115023330086842e-05,2.4977580324048176e-06,4.238768269715365e-06,0.99992835521698,1.704503665678203e-05
ISIC_0029085,nv,nv,1.5497626293381472e-07,1.8124507050742977e-07,3.5019425581594987e-07,1.497056814514508e-06,1.7898142914418713e-06,0.9999949932098389,9.59362637331651e-07
ISIC_0030193,nv,nv,1.153597395386896e-06,1.0233571856588242e-06,2.7841404062201036e-06,9.374594810651615e-05,6.974049028940499e-06,0.9998867511749268,7.583807018818334e-06
ISIC_0026740,nv,nv,3.1705374681223475e-07,2.4845877533152816e-07,1.5957917298692337e-07,3.0823989618511405e-06,1.604683689038211e-06,0.999993085861206,1.5535309785263962e-06
ISIC_0027307,nv,nv,1.1727137660955123e-07,1.4749004151326517e-07,2.30151201208173e-07,8.158237960742554e-07,7.399644914585224e-07,0.9999974966049194,5.009104597775149e-07
ISIC_0026731,nv,nv,1.565157674576767e-07,1.3804225318381214e-07,1.7474155811214587e-07,7.192430757640977e-07,2.140444621545612e-06,0.9999959468841553,7.525715091105667e-07
ISIC_0024555,nv,nv,2.810112107454188e-07,2.744788218933536e-07,3.203258813755383e-07,1.197776100525516e-06,1.69774602909456e-06,0.9999933242797852,2.9670018193428405e-06
ISIC_0030660,nv,nv,6.136491492725327e-07,3.392386361156241e-06,1.7129783600466908e-06,1.278594822906598e-06,1.8846877765099634e-06,0.9999732971191406,1.78892478288617e-05
ISIC_0025931,nv,nv,1.4843488997939858e-06,1.8448743048793403e-06,1.374071530335641e-06,1.370932750432985e-06,0.0035618620458990335,0.9964280724525452,3.890157586283749e-06
ISIC_0025213,nv,nv,4.883394240096095e-07,2.5276651172134734e-07,1.279018562172496e-07,3.98141901314375e-06,7.385391199932201e-06,0.9999866485595703,1.1880501915584318e-06
ISIC_0026449,nv,nv,8.909810276236385e-07,3.786358888646646e-07,2.0252052763680695e-06,2.0961701920896303e-06,1.5627596440026537e-05,0.9999760389328003,2.9222615012258757e-06
ISIC_0028609,nv,nv,1.0601925168884918e-06,3.6562030913955823e-07,2.0212567619637412e-07,3.1701797524874564e-06,2.9342309062485583e-06,0.9999914169311523,7.854456498535001e-07
ISIC_0024860,nv,nv,9.34545914788032e-06,3.819529229076579e-05,5.042430530011188e-06,0.0001603122364031151,4.1065042751142755e-05,0.9984846711158752,0.0012613428989425302
ISIC_0026267,nv,nv,9.09942900761962e-06,1.5443756637978368e-06,1.811465153878089e-06,2.4415563530055806e-05,0.00037639174843207,0.9995689988136292,1.7745294826454483e-05
ISIC_0030490,nv,nv,1.344086967947078e-06,1.886297553710392e-07,4.3390531345721683e-07,1.2035535519316909e-06,1.2156468983448576e-05,0.999983549118042,1.1209144759050105e-06
ISIC_0028403,nv,nv,1.83359986749565e-07,2.1591040422208607e-07,1.2700957086053677e-06,3.983162741860724e-07,5.6628009588166606e-06,0.9999920129776001,2.428029688417155e-07
ISIC_0032411,nv,nv,5.067496999799914e-07,4.1197870359610533e-07,1.8477879848433076e-07,2.872997583835968e-06,1.6407771909143776e-05,0.999975323677063,4.3139784793311264e-06
ISIC_0032507,nv,nv,3.887738273533614e-07,2.0909428144477715e-07,1.3687912314708228e-07,1.5766121350679896e-06,2.5028102754731663e-05,0.999970555305481,2.0446157122933073e-06
ISIC_0024404,nv,nv,1.5275999487585068e-07,1.1471469463231188e-07,7.894179532286216e-08,1.6945837160164956e-06,5.746828151131922e-07,0.9999963045120239,1.103195813811908e-06
ISIC_0031097,nv,nv,3.7288717180672393e-07,6.022397656124667e-07,1.8152199743326491e-07,1.9577300918172114e-06,8.262621850008145e-05,0.999911904335022,2.3980710466275923e-06
ISIC_0029004,nv,nv,2.3027310191992e-07,8.826264519257165e-08,2.1883204226469388e-07,3.796753844653722e-07,1.0631708846631227e-06,0.9999977350234985,2.8206281399434374e-07
ISIC_0025527,nv,nv,7.042098104648176e-07,4.1425570884712215e-07,9.333090815744072e-07,2.617232667034841e-06,1.6190285805350868e-06,0.9999891519546509,4.6175655370461755e-06
ISIC_0029492,nv,nv,2.2245019408728695e-06,1.3323605116966064e-06,3.0027756565687014e-06,2.745668825809844e-05,4.380872269393876e-07,0.9999545812606812,1.1071447261201683e-05
ISIC_0030418,nv,nv,1.0078236982735689e-06,4.4780628627449914e-07,1.4814861515333178e-07,3.351294253661763e-06,0.00010220296098850667,0.9998912811279297,1.4846450540062506e-06
ISIC_0026515,nv,nv,2.2031983917258913e-06,6.212971470631601e-07,3.625040108090616e-06,0.0002175079280277714,4.0050159100246674e-07,0.9997653365135193,1.0370627933298238e-05
ISIC_0032398,nv,nv,2.8413376185199013e-07,1.4976260445109801e-06,1.1814122302666874e-07,8.346366485056933e-06,1.1964805253228405e-06,0.9999822378158569,6.230873623280786e-06
ISIC_0026253,nv,nv,8.235317068283621e-07,5.622756020784436e-07,1.7183741647386341e-06,1.569295818626415e-06,3.2713586506361025e-07,0.9999940395355225,9.15954160518595e-07
ISIC_0026000,nv,nv,7.807491897438013e-07,1.1247058182561886e-06,2.0709924797301937e-07,3.8158445931912865e-06,5.308395884640049e-06,0.9999850988388062,3.760951358344755e-06
ISIC_0030972,nv,nv,4.686402519382682e-07,3.9606513269063726e-07,7.830058166291565e-07,3.5976079288957408e-06,1.06352479178895e-06,0.9999910593032837,2.7481360120873433e-06
ISIC_0029536,nv,nv,1.4681655784443137e-06,3.2407263006462017e-07,2.0338713511591777e-05,1.999368805627455e-06,2.3062104048676701e-07,0.9999730587005615,2.4896055492718006e-06
ISIC_0026233,nv,nv,4.552256996248616e-06,1.8335615550313378e-06,2.0206439899084216e-07,6.98782332619885e-06,0.009398702532052994,0.9905796647071838,7.962958079588134e-06
ISIC_0027317,nv,nv,5.066863764113805e-07,2.613431604459038e-07,1.1418990908396154e-07,2.601281266834121e-06,2.113129085046239e-06,0.9999924898147583,1.9590218016674044e-06
ISIC_0030413,nv,nv,4.4396063003659947e-07,1.9930104144805227e-07,7.670692525607592e-08,7.1959088927542325e-06,5.940258688497124e-06,0.9999849796295166,1.1798487093983567e-06
ISIC_0028021,nv,nv,1.5680108162996476e-06,3.654978968370415e-07,2.376896645728266e-06,4.894945050182287e-06,5.413270400822512e-07,0.9999874830245972,2.773811502265744e-06
ISIC_0030307,nv,nv,5.208745733398246e-06,0.018131276592612267,1.0981689229083713e-06,8.277553206426091e-06,1.6207388398470357e-05,0.9817251563072205,0.00011280582839390263
ISIC_0026832,nv,nv,4.1225365521313506e-07,1.056336387250667e-07,7.974421123435604e-08,4.5289234549272805e-06,8.6037550772744e-07,0.999993085861206,9.326053600489104e-07
ISIC_0027553,nv,nv,3.740305771771091e-07,7.917709865523648e-08,1.160118969778523e-07,1.3764745290245628e-06,5.302800332174229e-07,0.9999971389770508,3.4536927273620677e-07
ISIC_0029287,nv,nv,3.3832264989541727e-07,1.562590625781013e-07,9.110974019677087e-08,1.6109178204715136e-06,2.4511307401553495e-06,0.9999938011169434,1.4798367828916525e-06
ISIC_0030441,nv,nv,2.995892145918333e-06,4.65386710857274e-06,2.6926051077680313e-07,0.00012135591532569379,0.00010650842159520835,0.999757707118988,6.58723956803442e-06
ISIC_0025164,nv,nv,4.7401951519532304e-07,4.281442045339645e-07,1.919467109701145e-07,3.1243996545526898e-06,6.746118970113457e-07,0.9999915361404419,3.5933678645960754e-06
ISIC_0031532,nv,nv,4.6829592292851885e-07,1.4997615949141618e-07,9.641780707170255e-07,9.68693370850815e-07,9.100075999413093e-07,0.9999933242797852,3.2621646823827177e-06
ISIC_0030913,nv,nv,5.562073397413769e-07,2.2270378963185067e-07,4.082504005964438e-07,6.529322490678169e-06,1.4783410733798519e-05,0.9999653100967407,1.2198786862427369e-05
ISIC_0031434,nv,nv,1.4793862419537618e-06,1.5306178511309554e-06,7.134344741643872e-07,4.192243522993522e-06,4.084206011611968e-06,0.9999772310256958,1.0772349014587235e-05
ISIC_0025007,nv,nv,1.9725743527487793e-07,2.9687430469493847e-07,4.2729375593353325e-08,5.661472641804721e-06,8.03149816874793e-07,0.9999911785125732,1.978090949705802e-06
ISIC_0028083,nv,nv,1.72024574567331e-05,5.379988579079509e-06,7.748867574264295e-06,4.2622655200830195e-06,0.0005851431633345783,0.9993608593940735,1.9386132407817058e-05
ISIC_0030896,nv,nv,4.928086241307028e-07,1.0828446193045238e-06,6.337299964798149e-07,1.3277776815812103e-05,9.499009365754318e-07,0.9999693632125854,1.4231355635274667e-05
ISIC_0032505,nv,nv,3.640438080765307e-06,1.1820451391031384e-06,4.413645342538075e-07,6.175408998387866e-06,4.46037738583982e-05,0.9999384880065918,5.435909770312719e-06
ISIC_0028279,nv,nv,1.1202242831132025e-06,5.701299414795358e-07,2.325093419131008e-06,3.692158315971028e-06,1.6533389270989574e-06,0.9999874830245972,3.173095365127665e-06
ISIC_0026688,nv,nv,1.7488765990947286e-07,9.250589982912061e-08,2.9684605351576465e-07,1.095146217267029e-06,2.3184688870969694e-06,0.9999942779541016,1.703464590718795e-06
ISIC_0032339,nv,nv,5.476798605741351e-07,1.9259670125393313e-07,2.3373733881726366e-07,4.558007276500575e-06,1.1292155249975622e-05,0.9999809265136719,2.2596611870540073e-06
ISIC_0027731,nv,nv,2.2223339328775182e-05,7.0125456659297924e-06,2.0518673409242183e-06,0.0036271032877266407,0.0006113419076427817,0.9956886172294617,4.165882637607865e-05
ISIC_0028318,nv,nv,2.1884957845941244e-07,1.9752584989873867e-07,2.8794158879463794e-07,1.6446970221295487e-06,6.248146746656857e-07,0.9999948740005493,2.051145884252037e-06
ISIC_0028133,nv,nv,7.113623610166542e-07,1.517621228686039e-07,1.4654257256552228e-06,1.8073430965159787e-06,4.162974676091835e-07,0.9999943971633911,1.0594084187687258e-06
ISIC_0028771,nv,nv,5.201973749535682e-07,9.244258194485155e-07,1.851286469900515e-05,5.681841685145628e-06,2.5611862497498805e-07,0.9999642372131348,9.820132618187927e-06
ISIC_0031540,nv,nv,2.628183892738889e-07,2.542469133004488e-07,1.0510890433579334e-06,2.8976942303415854e-06,3.98416489133524e-07,0.999956488609314,3.8641195715172216e-05
ISIC_0027653,nv,nv,3.2524685593671165e-06,3.4189383768534753e-07,1.35762320496724e-07,3.2617967917758506e-06,1.1685567187669221e-05,0.9999797344207764,1.651775392019772e-06
ISIC_0026649,nv,nv,5.497648999153171e-06,2.298869912920054e-05,1.7238606233149767e-05,2.646129360073246e-05,9.183605288853869e-05,0.9984246492385864,0.001411374076269567
ISIC_0026677,nv,nv,7.190888595687284e-07,4.385924512462225e-07,3.355709168317844e-07,2.8007575565425213e-06,4.0664650668986724e-07,0.9999895095825195,5.7563906921132e-06
ISIC_0025438,nv,nv,1.4684707139167585e-06,2.2645801323051273e-07,9.569761459715664e-06,7.751566045044456e-06,2.1506052689801436e-06,0.9999758005142212,3.066407771257218e-06
ISIC_0032500,nv,nv,1.548451223243319e-06,7.656746561224281e-07,4.7619545284760534e-07,5.157051418791525e-06,2.1811435999552486e-06,0.9999871253967285,2.7939775009144796e-06
ISIC_0030578,nv,nv,3.299186801086762e-06,0.000275792001048103,8.474369792565994e-07,4.371131581137888e-05,4.816190994461067e-06,0.9996273517608643,4.4202828576089814e-05
ISIC_0025614,nv,nv,4.454602446912759e-07,2.0744512596593268e-07,1.9875324142049067e-07,3.445549509706325e-06,7.825430657248944e-06,0.999984860420227,2.9635832561325515e-06
ISIC_0029387,nv,nv,1.236638127011247e-06,2.839229296114354e-07,2.963536473998829e-07,1.4413931239687372e-06,6.76207719152444e-06,0.9999896287918091,4.4850469294033246e-07
ISIC_0025854,nv,nv,1.6105577742564492e-06,6.670603056591062e-07,1.148199430645036e-06,6.747608949808637e-06,4.396067367906653e-07,0.9999858140945435,3.4199720175820403e-06
ISIC_0024308,nv,nv,2.7848632271343376e-06,1.7516053958388511e-06,2.0446318558242638e-06,6.2604467530036345e-06,1.1809301213361323e-05,0.9999669790267944,8.279172106995247e-06
ISIC_0029449,nv,nv,1.2985427133571648e-07,1.0187043386622463e-07,7.980056437872918e-08,5.445526198855077e-07,9.918625210048049e-07,0.999997615814209,4.74791988835932e-07
ISIC_0026224,nv,nv,4.456227998161921e-06,1.539814729767386e-05,7.62664512876654e-07,6.722036778228357e-05,4.834575065615354e-06,0.9998666048049927,4.070245267939754e-05
ISIC_0024919,nv,nv,6.97136044891522e-07,2.1751498024968896e-07,7.293388648577093e-08,9.539394341118168e-07,3.761297921300866e-05,0.9999594688415527,9.323330800725671e-07
ISIC_0028143,nv,nv,3.059088271584187e-07,1.4426564121094998e-07,1.7210736302786245e-07,1.5766468095534947e-06,8.470613579447672e-07,0.9999964237213135,6.053501238056924e-07
ISIC_0027214,nv,nv,4.5668764414585894e-07,1.6372661093555507e-07,2.1154522755750804e-07,1.4396536016647588e-06,1.0089978559335577e-06,0.9999960660934448,7.118283633644751e-07
ISIC_0025844,nv,nv,1.3710385928789037e-06,5.417267061602615e-07,2.9880007446081436e-07,2.9782640922348946e-06,1.0999996220562025e-06,0.9999911785125732,2.5301762889284873e-06
ISIC_0031383,nv,nv,1.3381860526351375e-06,3.262776431256498e-07,1.5347910675700405e-06,4.9784125621954445e-06,6.437450110752252e-07,0.9999896287918091,1.5265172805811744e-06
ISIC_0026244,nv,nv,5.72765941342368e-07,2.889600239086576e-07,4.0320225025425316e-07,5.980004061711952e-06,4.201992851449177e-06,0.9999854564666748,3.1578381367580732e-06
ISIC_0027393,nv,nv,2.1976802599965595e-07,1.0426091989756969e-07,1.4356959354699939e-07,7.491309474971786e-07,8.864408300723881e-07,0.9999971389770508,7.826149612810696e-07
ISIC_0028301,nv,nv,5.46499677511747e-07,3.592631685478409e-07,1.1417017731218948e-07,6.242974905035226e-06,1.186466670333175e-05,0.9999779462814331,2.9267100671859225e-06
ISIC_0028616,nv,nv,1.9275273643870605e-06,1.871575392442537e-07,2.606271436889074e-06,7.804332562955096e-05,3.3158158885271405e-07,0.9999148845672607,1.944194764291751e-06
ISIC_0027200,nv,nv,1.2063739518453076e-07,1.102841338251892e-07,9.227475317175049e-08,2.2286823764261499e-07,3.3847049962787423e-07,0.9999986886978149,4.473592127851589e-07
ISIC_0024611,nv,nv,1.6738709973651567e-06,4.954828796144284e-07,1.0923429272224894e-06,6.018477961333701e-06,3.0339906516019255e-06,0.9999833106994629,4.442524186742958e-06
ISIC_0032180,nv,nv,7.170810931711458e-07,1.815736681010094e-07,3.917916444606817e-07,2.1764321900263894e-06,3.4552908800833393e-07,0.9999953508377075,8.68504343998211e-07
ISIC_0024660,nv,nv,2.0610218598449137e-07,1.4658900227004779e-07,6.805881724858409e-08,9.154521762866352e-07,2.0362965642561903e-06,0.9999960660934448,5.287337216941523e-07
ISIC_0028772,nv,nv,1.7035759469763434e-07,8.863966627359332e-08,3.6751649190591706e-07,5.891312753192324e-07,1.1730406868082355e-06,0.9999972581863403,3.439959641582391e-07
ISIC_0029906,nv,nv,3.01388951129411e-07,4.1925596860892256e-07,3.4604605048116355e-07,1.1536100146258832e-06,6.458191364799859e-06,0.9999902248382568,9.71176746134006e-07
ISIC_0029168,nv,nv,1.9243523183831712e-06,1.341266283816367e-06,3.101866354882077e-07,1.182728556159418e-05,0.000583223532885313,0.9993878602981567,1.355614404019434e-05
ISIC_0024820,nv,nv,5.662312787535484e-07,3.536919166435837e-07,2.8422792297533306e-07,2.367587057960918e-06,2.195058641518699e-06,0.9999911785125732,3.047054633498192e-06
ISIC_0027491,nv,nv,5.2861691983707715e-06,4.36024123473544e-07,1.588698808063782e-07,3.2901327813306125e-06,1.8266125607624417e-06,0.9999881982803345,6.560564997926122e-07
ISIC_0031964,nv,nv,3.852703684970038e-07,1.81201897930805e-07,1.0157071983485366e-07,1.4972027884141426e-06,7.857563105062582e-06,0.9999885559082031,1.2978542827113415e-06
ISIC_0027962,nv,nv,1.7608454072615132e-07,1.4231135025966068e-07,4.167240774677339e-08,1.6131474467329099e-06,5.320620175552904e-07,0.9999969005584717,5.950430477241753e-07
ISIC_0027325,nv,nv,3.2142020245373715e-07,1.8557544478881027e-07,3.049216843464819e-07,3.139570026178262e-06,4.983644998901582e-07,0.9999943971633911,1.1266346291449736e-06
ISIC_0024488,nv,nv,4.3439001728984294e-07,4.2180388959423e-08,4.3476217115312465e-07,9.181244990941195e-07,4.927633199258707e-07,0.9999974966049194,1.7303443655691808e-07
ISIC_0027048,nv,nv,4.609379402609193e-07,5.897381356589904e-07,7.406498525597272e-08,5.523051186173689e-06,4.642561634682352e-06,0.9999872446060181,1.5436713738381513e-06
ISIC_0029556,nv,nv,3.906428673872142e-07,1.1992226234269765e-07,2.506117766643001e-07,1.255058577953605e-06,6.602017492696177e-07,0.9999963045120239,9.491495234215108e-07
ISIC_0029377,nv,nv,5.729812642130128e-07,6.413085316125944e-07,4.904204047306848e-07,1.1563010957615916e-06,7.953323802212253e-06,0.9999865293502808,2.6383972908661235e-06
ISIC_0026062,nv,nv,1.745902409311384e-06,5.513276732926897e-07,2.820966074068565e-06,4.188888851786032e-06,3.481612793621025e-07,0.9999845027923584,5.818981207994511e-06
ISIC_0026300,nv,nv,4.670918372084998e-07,1.396626032601489e-07,2.524153615013347e-07,1.1960431038460229e-05,2.2534770778293023e-06,0.9999831914901733,1.7519295170131954e-06
ISIC_0029517,nv,nv,2.2292276753432816e-06,2.4782700620562537e-06,1.6481340026075486e-06,2.4647235477459617e-05,1.0319942703063134e-05,0.9999443292617798,1.4316567103378475e-05
ISIC_0025290,nv,nv,1.8673819113246282e-07,1.8837121729120554e-07,4.87528154735628e-07,6.426589607144706e-07,6.61936439882993e-07,0.9999967813491821,1.0790433861984638e-06
ISIC_0028911,nv,nv,7.295948307728395e-07,3.2964513252409233e-07,1.2081991940249281e-07,2.710150965867797e-06,9.85034967015963e-06,0.9999847412109375,1.4420431853068294e-06
ISIC_0030837,nv,nv,1.2071326409568428e-06,1.2262551535968669e-05,9.007596872834256e-07,4.48195896751713e-06,4.857982389694371e-07,0.9999707937240601,9.840625352808274e-06
ISIC_0030068,nv,nv,3.410312672258442e-07,2.3823672279377206e-07,1.974846526309193e-07,1.393053139508993e-06,5.591957233264111e-06,0.9999912977218628,9.334730179944017e-07
ISIC_0026699,nv,nv,1.822188835376437e-07,1.5408348019718687e-07,1.1080037154442834e-07,5.430264877759328e-07,2.370957872699364e-06,0.9999958276748657,7.421995178447105e-07
ISIC_0028927,nv,nv,6.984913625274203e-07,2.9376371912803734e-07,2.8236169669071387e-07,3.0707547011843417e-06,1.460355974813865e-06,0.9999934434890747,8.121959353957209e-07
ISIC_0028241,nv,nv,1.713985739115742e-06,2.576470592430269e-07,2.145034585510075e-07,4.06350773118902e-06,1.6737376427045092e-05,0.9999756813049316,1.3113790373608936e-06
ISIC_0029006,nv,nv,3.9615767377654265e-07,1.6134848124238488e-07,1.0612163237055938e-07,2.112467200277024e-06,1.032311843118805e-06,0.9999939203262329,2.262552243337268e-06
ISIC_0024588,nv,nv,6.678995418951672e-07,3.1912799158817506e-07,9.727059477881994e-07,5.158030035090633e-06,2.009413719861186e-06,0.9999880790710449,2.838316959241638e-06
ISIC_0024671,nv,nv,3.5653320651363174e-07,2.6779534323395637e-07,1.8207816765425378e-07,6.6328893808531575e-06,3.6848120998911327e-06,0.9999861717224121,2.7326354938850272e-06
ISIC_0030295,nv,nv,2.0059404448602436e-07,1.0718047604996173e-07,9.68727249528456e-08,1.8136245216737734e-06,2.1701173409383046e-06,0.9999943971633911,1.2027920774926315e-06
ISIC_0031954,nv,nv,8.929824275583087e-07,3.876588721141161e-07,1.3064216375369142e-07,1.3267646863823757e-05,7.738285603409167e-06,0.9999557733535767,2.182285243179649e-05
ISIC_0029944,nv,nv,1.4443604356983997e-07,1.1255247045482974e-07,1.081288090176713e-07,5.922724426454806e-07,1.4643012491433183e-06,0.9999972581863403,3.337991927310213e-07
ISIC_0028387,nv,nv,5.474315116771322e-07,1.3399678664427483e-06,5.421472337729938e-07,1.0845100177903078e-06,3.114348146482371e-06,0.9999927282333374,6.813473873990006e-07
ISIC_0024826,nv,nv,7.088014513101371e-07,4.064621350607922e-07,1.3694250355911208e-07,1.657068423810415e-06,7.551883754786104e-05,0.9999203681945801,1.245358703272359e-06
ISIC_0028207,nv,nv,9.391615662934782e-07,2.3597847302880837e-06,2.0536861029540887e-06,3.230291667932761e-06,3.58638840225467e-06,0.9999403953552246,4.737065683002584e-05
ISIC_0028322,nv,nv,1.4853925733859796e-07,9.48740250805713e-08,2.3764047796248633e-07,1.016568717204791e-06,2.323019998584641e-06,0.9999955892562866,4.6821170940347656e-07
ISIC_0029874,nv,nv,6.411883646251226e-07,5.35105414201098e-07,1.9159251962719281e-07,2.713253024921869e-06,1.884317498479504e-05,0.9999737739562988,3.365975089764106e-06
ISIC_0026904,nv,nv,2.120001454386511e-07,1.0901879932134761e-07,1.5899973959676572e-07,7.393875307570852e-07,1.490543127147248e-06,0.999996542930603,7.157407821978268e-07
ISIC_0029408,nv,nv,5.497745974025747e-07,7.552505962848954e-07,7.882840691308957e-08,4.770713530888315e-06,5.9022072491643485e-06,0.9999817609786987,6.2251865529106e-06
ISIC_0026564,nv,nv,3.995845929694042e-07,2.2437676250319782e-07,3.8075066299825266e-07,5.02138345837011e-06,3.0970329589763423e-06,0.9999819993972778,8.83017582964385e-06
ISIC_0026299,nv,nv,1.2188677374069812e-06,7.286816980922595e-07,7.804316624060448e-07,1.6261352357105352e-05,1.9928793335566297e-06,0.9999711513519287,7.930138963274658e-06
ISIC_0028248,nv,nv,1.004129444481805e-06,4.103479227524076e-07,1.0108300330102793e-06,1.8088123852066929e-06,1.4273182387114502e-05,0.9999792575836182,2.317700136700296e-06
ISIC_0028991,nv,nv,2.8000718543808034e-07,1.0323449117777272e-07,5.47940032902261e-07,6.087592510084505e-07,2.6588265882310225e-06,0.9999951124191284,6.290118790275301e-07
ISIC_0026550,nv,nv,3.436083261476597e-06,9.940945346897934e-07,1.1790165217462345e-06,4.824024927074788e-06,2.2008011910656933e-06,0.9999850988388062,2.317885900993133e-06
ISIC_0029483,nv,nv,5.809706067338993e-07,2.5791848656808725e-07,3.963197912071337e-07,1.0885150913964026e-06,6.521624072775012e-06,0.9999901056289673,1.0529964811212267e-06
ISIC_0024601,nv,nv,1.2120263193082792e-07,5.776219609288091e-07,1.0833453956138328e-07,4.22032172764375e-07,4.1789255078583665e-07,0.9999964237213135,1.8190568198406254e-06
ISIC_0027660,nv,nv,2.3300333396036876e-07,1.8978097671151772e-07,1.2506535540524055e-07,3.949150141124846e-06,1.023401750899211e-06,0.9999932050704956,1.2785397984771407e-06
ISIC_0028324,nv,nv,3.8924227396819333e-07,2.2932883325665898e-07,8.456319733340933e-08,2.343145979466499e-06,2.170124844269594e-06,0.9999922513961792,2.482599256836693e-06
ISIC_0024405,nv,nv,7.683586886741978e-07,1.825264206445354e-07,2.771509741705813e-07,1.2176989230283652e-06,1.672355028858874e-05,0.9999798536300659,9.55186919782136e-07
ISIC_0029532,nv,nv,1.0908203194048838e-06,1.233334927519536e-07,3.462032509560231e-07,1.616497343093215e-06,8.554185910725209e-07,0.999995231628418,7.402783808174718e-07
ISIC_0027273,nv,nv,1.3355668215808691e-06,3.770694263494079e-07,3.012920899436722e-07,1.1988041705990327e-06,9.26528900890844e-06,0.9999864101409912,1.0901806035690242e-06
ISIC_0028778,nv,nv,1.3785831924906233e-06,3.1562780122840195e-07,8.342811952388729e-07,2.817458380377502e-06,8.066235750447959e-07,0.9999896287918091,4.142055786360288e-06
ISIC_0028839,nv,nv,1.873600012913812e-06,6.292273155850125e-07,1.2956419368492789e-06,1.26297654787777e-05,4.737896688311594e-06,0.9999752044677734,3.618950586314895e-06
ISIC_0026748,nv,nv,2.783747731882613e-06,6.033531008142745e-07,1.1646095572359627e-06,1.625617301215243e-06,2.1995705537847243e-05,0.9999707937240601,9.82738811217132e-07
ISIC_0032377,nv,nv,2.796024887175008e-07,9.991139648946046e-08,2.2877952687849756e-07,1.3932475440014969e-06,4.935195079269761e-07,0.9999964237213135,1.0838492698894697e-06
ISIC_0026648,nv,nv,2.911475576183875e-07,1.6909197597669845e-07,2.6015200660367555e-07,2.38640700445103e-06,5.303468242345843e-07,0.999995231628418,1.2328980574238813e-06
ISIC_0025521,nv,nv,5.785990651929751e-06,6.308045499281434e-07,2.2763149900129065e-05,1.1573146366572473e-05,4.800464239451685e-07,0.9999562501907349,2.5316446681244997e-06
ISIC_0027592,nv,nv,3.888283117703395e-07,5.616037128675089e-07,5.536159619623504e-07,3.4119900647056056e-06,1.2999068985664053e-06,0.9999914169311523,2.2917483875062317e-06
ISIC_0024713,nv,nv,9.14824170195061e-07,5.902837756366353e-07,4.683881229539111e-07,1.3392913388088346e-05,3.5501532238413347e-06,0.9999774694442749,3.6438939332583686e-06
ISIC_0031884,nv,nv,2.2509509278734186e-07,3.533830863489129e-07,5.331256147655949e-07,8.018854487090721e-07,2.2056039483686618e-07,0.9999969005584717,8.886939895091928e-07
ISIC_0028492,nv,nv,5.642272299155593e-06,1.3580369113697088e-06,5.077045443613315e-06,3.0754422368772794e-06,1.5051749642225332e-06,0.999976634979248,6.724363174726022e-06
ISIC_0030799,nv,nv,3.0887545676705486e-07,3.005179962656257e-07,2.606124382964481e-07,1.233449893334182e-06,3.850619577860925e-06,0.9999915361404419,2.4960584141808795e-06
ISIC_0031669,nv,nv,2.0748582755913958e-05,1.7220918380189687e-06,1.6945479046626133e-06,3.630237915785983e-05,0.00012307471479289234,0.9997996687889099,1.682611218711827e-05
ISIC_0024659,nv,nv,4.831971182284178e-06,5.158833573659649e-07,1.4652805475634523e-06,1.2367297131277155e-05,3.6615094813896576e-06,0.9999716281890869,5.4982069741527084e-06
ISIC_0028516,nv,nv,5.2454859542194754e-05,8.032262485357933e-06,3.6203928175382316e-06,2.0217035853420384e-05,0.011586728505790234,0.9883174300193787,1.1501098924782127e-05
ISIC_0026357,nv,nv,5.893670049772481e-07,2.148827036307921e-07,2.0664681414928054e-06,1.3835228855896275e-06,2.401720564648713e-07,0.9999929666519165,2.527397782614571e-06
ISIC_0025011,nv,nv,3.779137784931663e-07,1.07101598700865e-07,2.183106175834837e-07,1.0256080713588744e-06,1.4234705076887622e-06,0.9999963045120239,5.301330361362488e-07
ISIC_0024956,nv,nv,5.957571147519047e-07,9.17263633937182e-08,2.7244033162787673e-07,6.339672609101399e-07,1.3108900702718529e-06,0.999996542930603,5.839194159307226e-07
ISIC_0029467,nv,nv,5.638206630464992e-07,1.9327993072693062e-07,2.5343928200527444e-07,9.698703706817469e-07,3.0411438274313696e-05,0.9999668598175049,6.740280582562264e-07
ISIC_0031587,nv,nv,1.1236080155185846e-07,1.9575506371438678e-07,8.087072700391218e-08,7.875337928453519e-07,7.347576342908724e-07,0.999994158744812,3.8421198951255064e-06
ISIC_0030103,nv,nv,1.1227100458199857e-06,6.146383952909673e-07,1.188062057622119e-07,1.865669219114352e-06,8.076580706983805e-05,0.9999103546142578,5.180877906241221e-06
ISIC_0028661,nv,nv,2.525745514958544e-07,1.3601864168322209e-07,2.249847312896236e-07,5.787309191873646e-07,3.036378984688781e-06,0.9999947547912598,9.92390482679184e-07
ISIC_0028483,nv,nv,1.045726776283118e-06,1.868312864417021e-07,1.3955510667074122e-06,5.590592309090425e-07,8.818946639621572e-07,0.9999955892562866,2.1119861060014955e-07
ISIC_0024532,nv,nv,1.0298006145603722e-06,1.8556086445187248e-07,6.956419156267657e-07,4.478679329622537e-06,3.2303648822562536e-07,0.9999921321868896,1.0350888715038309e-06
ISIC_0029710,nv,nv,6.513803327834466e-07,2.2646024433470302e-07,2.826456295679236e-07,2.115588813467184e-06,9.487068837188417e-07,0.999995231628418,5.273354304335953e-07
ISIC_0032038,nv,nv,1.9584319943533046e-07,1.1499915331114607e-07,2.8882809033348167e-07,1.9982198864454404e-06,2.4427694711448567e-07,0.9999961853027344,8.879223400981573e-07
ISIC_0024895,nv,nv,1.5364047101229517e-07,1.8608022855914896e-07,8.681800522936101e-07,9.49820844198257e-07,1.4033935258339625e-06,0.9999938011169434,2.56932912634511e-06
ISIC_0031553,nv,nv,2.7538825975170766e-07,1.2439431884558871e-07,2.423788885153044e-07,3.153291743274167e-07,1.1881413684022846e-06,0.999997615814209,2.2919954290046007e-07
ISIC_0028942,nv,nv,3.7750649539702863e-07,1.2404213123318186e-07,2.944288155504182e-07,7.546361189270101e-07,1.0823155207617674e-06,0.9999966621398926,8.060801519604865e-07
ISIC_0028391,nv,nv,1.5702939037964825e-07,7.141232458707236e-07,1.1696718615894497e-07,1.895255195449863e-06,1.313733150709595e-06,0.9999904632568359,5.381488790590083e-06
ISIC_0029086,nv,nv,1.5340377501615876e-07,1.8214022645679506e-07,1.4256090707931435e-07,7.297144861695415e-07,3.036662121758127e-07,0.9999970197677612,1.3749892104897299e-06
ISIC_0027543,nv,nv,2.0522763577446312e-07,1.4642444057244575e-07,8.214442459575366e-08,1.9595631783886347e-06,9.953387234418187e-07,0.9999961853027344,5.484392886501155e-07
ISIC_0030987,nv,nv,2.178770586169776e-07,9.861840766234309e-08,1.7640437022237165e-07,7.298806394828716e-07,6.444166729124845e-07,0.9999977350234985,3.781569262173434e-07
ISIC_0030527,nv,nv,3.10486456100989e-07,1.87243998084341e-07,2.020950091718987e-07,1.9336903278599493e-06,3.066066710744053e-06,0.9999933242797852,9.624675385566661e-07
ISIC_0024460,nv,nv,2.2486578643565736e-07,1.4321842911613203e-07,1.407390186614066e-07,7.445566097885603e-06,2.861747361748712e-06,0.9999885559082031,7.522007194893376e-07
ISIC_0026602,nv,nv,4.1433094111198443e-07,1.9709089826847048e-07,1.9345401369719184e-07,2.6957777663483284e-06,3.0052874535613228e-06,0.9999915361404419,1.877182739917771e-06
ISIC_0027296,nv,nv,4.302842171455268e-07,1.8094407323587802e-06,1.1980066005889967e-07,3.08328867504315e-06,9.863588275038637e-06,0.9999698400497437,1.4846066733298358e-05
ISIC_0026771,nv,nv,1.294982183708271e-07,6.65811867861521e-08,3.769526202290763e-08,8.908294262255367e-07,1.6150224837474525e-05,0.9999822378158569,5.44502711363748e-07
ISIC_0024536,nv,nv,2.387719860053039e-06,9.792632909011445e-07,1.8231240517252445e-07,1.9519073248375207e-05,4.286636976758018e-05,0.9999309778213501,3.078253712374135e-06
ISIC_0029478,nv,nv,6.020609930601495e-07,1.706213481611485e-07,1.9853352739573893e-07,8.366524753000704e-07,3.507826022541849e-06,0.9999936819076538,1.0536331274124677e-06
ISIC_0026724,nv,nv,2.0915712184432778e-07,8.425748632134855e-08,1.442587489464131e-07,1.8706779201238533e-06,1.169276856671786e-06,0.9999945163726807,1.9167664504493587e-06
ISIC_0030199,nv,nv,3.186822254974686e-07,1.4552094285136263e-07,1.1414915235263834e-07,1.889173631752783e-06,8.950177061706199e-07,0.9999949932098389,1.6747352447055164e-06
ISIC_0026392,nv,nv,4.1738204004104773e-07,2.6119769813703897e-07,9.221886898558296e-08,2.552221758378437e-06,1.0459822306074784e-06,0.9999936819076538,1.9933918338210788e-06
ISIC_0029365,nv,nv,3.5183742852495925e-07,2.702946346744284e-07,1.155839015609672e-07,2.816411324602086e-06,9.283181725550094e-07,0.9999936819076538,1.8157501244786545e-06
ISIC_0030147,nv,nv,5.788662633676722e-07,4.4293281575846777e-07,2.229401303566192e-07,8.260570211859886e-06,5.557889721785614e-07,0.9999873638153076,2.594756551843602e-06
ISIC_0025728,nv,nv,8.839129463922291e-07,3.8057939377722505e-07,2.6955609655487933e-07,1.572591031617776e-06,1.0865412605198799e-06,0.9999927282333374,3.1340186978923157e-06
ISIC_0026066,nv,nv,1.6584186823820346e-06,1.0628008340063388e-06,4.350654876361659e-07,1.5707621059846133e-05,5.1145093493687455e-06,0.9999586343765259,1.7356484022457153e-05
ISIC_0024645,nv,nv,1.1119317377961124e-06,6.141659696368151e-07,6.478829845946166e-07,1.2581484043039382e-05,0.0003761709958780557,0.9995984435081482,1.0410720278741792e-05
ISIC_0030624,nv,nv,6.523474667119444e-07,4.948166179019609e-07,1.82442661866844e-07,3.500908860587515e-06,9.973637133953162e-06,0.9999834299087524,1.8339839016334736e-06
ISIC_0028161,nv,nv,2.810912178574654e-07,1.5626382321443089e-07,4.272068508726079e-06,2.5149431621684926e-06,2.659355686773779e-06,0.9999890327453613,1.1575496046134504e-06
ISIC_0032503,nv,nv,3.442596039349155e-07,1.603868611255166e-07,1.8408720734441886e-06,4.791307674167911e-06,2.531975269448594e-07,0.9999918937683105,7.940827231323055e-07
ISIC_0025762,nv,nv,3.742625267477706e-07,2.503251437246945e-07,3.280776184055867e-07,9.186304055219807e-07,3.367803856235696e-06,0.9999923706054688,2.3344766759691993e-06
ISIC_0025721,nv,nv,7.992327368810948e-07,8.070459784903505e-07,4.477568040783808e-07,8.242309377237689e-06,2.1439122974697966e-06,0.9999819993972778,5.605461865343386e-06
ISIC_0026418,nv,nv,4.350402207364823e-07,1.7090886217374646e-07,1.7847476385668415e-07,1.2768957731168484e-06,9.982929896068526e-07,0.9999959468841553,1.0686480891308747e-06
ISIC_0028634,nv,nv,1.392640228914388e-06,6.735480155839468e-07,5.650921366395778e-07,5.467075425258372e-06,5.054328084952431e-06,0.9999791383743286,7.70027418184327e-06
ISIC_0027611,nv,nv,5.799083282909123e-06,0.003532480914145708,1.9159317162120715e-05,4.069029455422424e-05,9.22080289456062e-06,0.9960358738899231,0.0003566961386241019
ISIC_0024613,nv,nv,8.338460020240746e-07,2.315569872735068e-06,2.0712893729069037e-06,3.425511067689513e-06,1.6355146499336115e-06,0.9999810457229614,8.647434697195422e-06
ISIC_0026667,nv,nv,5.125075404066592e-07,1.3346053151508386e-07,2.6286394927410583e-07,8.372022648472921e-07,1.4086438113736222e-06,0.9999963045120239,5.691989599654335e-07
ISIC_0030895,nv,nv,1.4971336668168078e-06,6.16120530594344e-07,4.949949357069272e-07,1.1801849723269697e-05,4.3924231363234867e-07,0.9999794960021973,5.706985575670842e-06
ISIC_0031264,nv,nv,5.089135015623469e-07,2.7538683866623614e-07,1.5820273802091833e-07,2.7794576453743502e-06,2.1073021343909204e-05,0.9999724626541138,2.7571361442824127e-06
ISIC_0028996,nv,nv,1.8743841678769968e-07,8.158770725685827e-08,1.3302125978498225e-07,1.094026401915471e-06,3.289301560016611e-07,0.9999973773956299,7.625562261637242e-07
ISIC_0029586,nv,nv,2.112001595833135e-07,1.471227761840055e-07,3.9159809261946066e-07,2.9687876121897716e-06,2.0903881647882372e-07,0.9999942779541016,1.8093467133439844e-06
ISIC_0027059,nv,nv,2.251731302749249e-06,1.5627713878529903e-07,4.6982393087091623e-07,1.9356468328624032e-05,1.3972867236589082e-06,0.9999749660491943,1.4437437130254693e-06
ISIC_0027483,nv,nv,3.7264229035827157e-07,1.9094957792731293e-07,3.331388427341153e-07,1.941143409567303e-06,1.936262378876563e-06,0.9999940395355225,1.1977733720414108e-06
ISIC_0030169,nv,nv,1.5307026615118957e-06,1.0370121117375675e-06,1.2026706599499448e-06,1.02440535556525e-05,4.2612036850187e-06,0.9999754428863525,6.227552148629911e-06
ISIC_0028485,nv,nv,1.156704598770375e-07,4.925377083964122e-07,1.8587000738534698e-07,5.058574288341333e-07,3.4235029033879982e-06,0.9999945163726807,8.554587225262367e-07
ISIC_0027459,nv,nv,1.5979297529611358e-07,1.8325334849578212e-07,2.1299686636666593e-07,5.728218638978433e-06,4.811067242371792e-07,0.9999910593032837,2.1622618078254163e-06
ISIC_0028206,nv,nv,1.5415413656683086e-07,2.251121600238548e-07,1.1904418784070003e-07,3.744182777154492e-07,3.8376792872441e-06,0.9999945163726807,7.347102837229613e-07
ISIC_0024783,nv,nv,3.8307129557324515e-07,1.1772703345513946e-07,2.739366493642592e-07,1.69388192716724e-06,5.547029218178068e-07,0.9999959468841553,1.0632592193360324e-06
ISIC_0029754,nv,nv,6.869929052299995e-07,2.2687419232170214e-07,2.104050196294338e-07,2.588126108094002e-06,3.7958548091410194e-06,0.9999912977218628,1.109717686631484e-06
ISIC_0029692,nv,nv,7.54161192162428e-07,4.5571678697342577e-07,3.188383459473698e-07,2.2232527498999843e-06,3.1704363209428266e-05,0.9999583959579468,6.081818355596624e-06
ISIC_0032167,nv,nv,2.922253656834073e-07,2.419941154130356e-07,3.287330230250518e-07,9.300489978159021e-07,8.464551228826167e-07,0.9999967813491821,5.680474259861512e-07
ISIC_0024724,nv,nv,8.312922545883339e-07,6.233714202608098e-07,2.2262780419168848e-07,1.8309555116502452e-06,4.020967026008293e-07,0.9999940395355225,2.1229693629720714e-06
ISIC_0030577,nv,nv,7.382764692920318e-07,2.305018398374159e-07,3.2400242844232707e-07,6.717230007780017e-06,2.0224186300765723e-05,0.9999700784683228,1.776117755980522e-06
ISIC_0027555,nv,nv,4.1055511701415526e-07,2.4464011971758737e-07,8.619132074727531e-08,1.0971559731842717e-06,8.233631888288073e-06,0.9999891519546509,7.466799161193194e-07
ISIC_0031538,nv,nv,3.147036977679818e-07,1.8021211189989117e-07,1.5995108526567492e-07,6.735746183039737e-07,8.544162710677483e-07,0.9999967813491821,8.914925047065481e-07
ISIC_0030288,nv,nv,4.8657266233931296e-06,4.5763684397570614e-07,6.421182092708477e-07,3.731036122189835e-05,2.0192310330457985e-06,0.9999523162841797,2.424565764158615e-06
ISIC_0025495,nv,nv,8.436850293946918e-07,8.239069302362623e-07,5.905653210902528e-07,1.6251306078629568e-06,1.0806359568960033e-05,0.9999812841415405,4.02830619350425e-06
ISIC_0027521,nv,nv,1.422673790330009e-06,5.999579002491373e-07,1.05343292489124e-06,9.872158443613444e-06,1.7131843605966424e-06,0.9999781847000122,7.115153039194411e-06
ISIC_0030438,nv,nv,4.219972140617756e-07,1.1201195349030968e-07,3.933086247798201e-07,3.9073836433090037e-07,5.604893544841616e-07,0.9999974966049194,6.793962938900222e-07
ISIC_0030043,nv,nv,1.5196934555206099e-06,1.4339526615003706e-06,9.27220185076294e-07,7.470120635844069e-06,8.873881597537547e-06,0.9999107122421265,6.899931759107858e-05
ISIC_0026662,nv,nv,8.978283858596114e-07,1.7763520077096473e-07,4.95282506562944e-07,2.2239581085159443e-05,3.021204122433119e-07,0.9999737739562988,2.0703657810372533e-06
ISIC_0026088,nv,nv,2.126293793480727e-06,1.5757678966110689e-06,4.08662299378193e-06,2.5940596970031038e-05,6.45279385480535e-07,0.9998984336853027,6.712730828439817e-05
ISIC_0032127,nv,nv,1.5907339729892556e-06,3.456844410720805e-07,2.867940906980948e-07,1.0182444611928076e-06,9.122368646785617e-05,0.9999041557312012,1.3005599157622783e-06
ISIC_0029136,nv,nv,1.3003503909203573e-06,3.984857244176965e-07,1.1950953648920404e-06,4.713090675068088e-06,2.2938927486393368e-06,0.9999891519546509,9.206806339534523e-07
ISIC_0025750,nv,nv,1.760651855420292e-07,2.1303827679730603e-07,2.71872977464227e-07,1.498650703979365e-06,3.787318121339922e-07,0.9999966621398926,6.9970639060557e-07
ISIC_0030506,nv,nv,2.81935712109771e-07,9.829057745491809e-08,1.8737424056780583e-07,8.732965852686903e-07,1.565508455314557e-06,0.9999963045120239,6.646187671321968e-07
ISIC_0029131,nv,nv,3.2259981708193664e-07,1.2585378783569467e-07,1.9415305985148734e-07,8.036230383368093e-07,8.886704563337844e-06,0.9999889135360718,7.271396498254035e-07
ISIC_0027618,nv,nv,6.683340529889392e-07,2.175046347474563e-07,5.448961246656836e-07,6.377413683367195e-06,6.773901759515866e-07,0.9999891519546509,2.363819021411473e-06
ISIC_0024591,nv,nv,4.118679726161645e-07,3.1757835472490115e-07,2.958739173664071e-07,2.6248010271956446e-06,5.144402166479267e-06,0.9999889135360718,2.2296715087577468e-06
ISIC_0026160,nv,nv,3.111426849500276e-07,1.355104899403159e-07,1.7203295499257365e-07,1.694229467830155e-06,1.914064114316716e-06,0.9999951124191284,6.619522991968552e-07
ISIC_0030716,nv,nv,5.495345476447255e-07,3.4042039942505653e-07,5.284283020046132e-07,4.160876869718777e-06,1.368926291434036e-06,0.9999799728393555,1.3013587704335805e-05
ISIC_0027743,nv,nv,7.082491038090666e-07,1.1763121676722221e-07,9.325801642035003e-08,2.1068162823212333e-06,4.901317424810259e-06,0.9999914169311523,6.717050382576417e-07
ISIC_0024558,nv,nv,3.642181525265187e-07,1.4834554917797504e-07,2.185214356131837e-07,1.7913125702762045e-06,1.1617738664426724e-06,0.9999953508377075,9.42426254368911e-07
ISIC_0025111,nv,nv,0.025514738634228706,0.0003702258982229978,0.06532920897006989,0.0010678904363885522,7.454156002495438e-05,0.9068001508712769,0.0008432069444097579
ISIC_0024633,nv,nv,1.8355038378103927e-07,3.5752756843976385e-07,8.49240464617651e-08,9.930749001796357e-06,1.8244646753373672e-06,0.9999779462814331,9.672056876297574e-06
ISIC_0031842,nv,nv,2.0826631441650534e-07,1.15776792597444e-07,2.645238339482603e-07,7.320256827370031e-07,3.317707637506828e-07,0.9999978542327881,5.590791261056438e-07
ISIC_0029853,nv,nv,1.965425582284297e-07,1.1377429842696074e-07,3.6688672366835817e-07,1.2174911034890101e-06,9.02773251709732e-07,0.9999959468841553,1.2950622476637363e-06
ISIC_0027015,nv,nv,1.8250441371492343e-06,6.002759960210824e-07,3.7301265365385916e-06,2.1749958705186145e-06,9.311808639722585e-07,0.9999865293502808,4.283398993720766e-06
ISIC_0031684,nv,nv,3.0818921459285775e-07,7.757009257147729e-08,9.469274431239683e-08,9.811013796934276e-07,5.799220616609091e-06,0.9999922513961792,5.278339472170046e-07
ISIC_0024889,nv,nv,1.9790925875895482e-07,9.327918348844833e-08,1.100945965504252e-07,7.089782343427942e-07,1.0209315632891958e-06,0.9999971389770508,6.665762271040876e-07
ISIC_0028672,nv,nv,7.712608862675552e-07,4.783453846357588e-07,3.8929948686927673e-07,1.1368202649464365e-05,8.976623576018028e-06,0.9999761581420898,1.9312537915538996e-06
ISIC_0024438,nv,nv,7.71142936173419e-07,7.246953828143887e-07,1.4920857438482926e-07,3.207734607713064e-06,7.121140583876695e-07,0.9999901056289673,4.370405804365873e-06
ISIC_0026077,nv,nv,2.87967083067997e-07,5.859091629645263e-07,3.837084818769654e-07,8.943877105593856e-07,3.6794301649933914e-07,0.9999946355819702,2.7442958980827825e-06
ISIC_0031300,nv,nv,8.862953677635232e-07,2.8736559443132137e-07,8.097310342236597e-07,2.227266804766259e-06,6.275491841734038e-07,0.9999922513961792,2.871509423130192e-06
ISIC_0026434,nv,nv,4.728434817025118e-07,3.4581103136588354e-07,1.7297139720540144e-07,1.0206825891145854e-06,1.1033706641683239e-06,0.9999955892562866,1.2796346027243999e-06
ISIC_0031780,nv,nv,4.17507720840149e-07,4.0716074067859154e-07,3.196261957327806e-07,1.4303002444648882e-06,1.673664655754692e-06,0.9999943971633911,1.4578622540284414e-06
ISIC_0029616,nv,nv,7.627573381796537e-07,5.562227443078882e-07,6.310961566668993e-07,3.794261829170864e-06,1.0657535085556447e-06,0.999983549118042,9.639725249144249e-06
ISIC_0028624,nv,nv,1.2486755167628871e-06,2.6005889708358154e-07,3.618944219851983e-07,4.8016136133810505e-06,1.6676794984959997e-06,0.9999901056289673,1.6049452824518085e-06
ISIC_0026899,nv,nv,4.5757514044453274e-07,2.5552921556482033e-07,1.4632290401550563e-07,2.2568176518689143e-06,5.379952654038789e-06,0.9999901056289673,1.428934751857014e-06
ISIC_0028892,nv,nv,3.519389224493352e-07,1.8000258705797023e-07,3.126739613890095e-07,3.6294188703323016e-06,3.074344760989334e-07,0.9999940395355225,1.1253745242356672e-06
ISIC_0027050,nv,nv,2.7138420932715235e-07,9.54611749648393e-08,2.4611389903839154e-07,5.901916892980807e-07,1.3697487020181143e-06,0.9999969005584717,4.3766351609519916e-07
ISIC_0025270,nv,nv,2.0091941621558362e-07,1.2055446063641284e-07,4.097081728104968e-06,4.3169293917344476e-07,3.1829113140702248e-06,0.9999901056289673,1.8411653854855103e-06
ISIC_0029506,nv,nv,3.9265421492018504e-07,1.8409073732073011e-07,1.4545768181051244e-06,5.888572331969044e-07,7.159991582739167e-06,0.9999887943267822,1.3156854947737884e-06
ISIC_0028189,nv,nv,1.2544769560918212e-06,2.662195015545876e-07,3.1102493380785745e-07,4.142655143368756e-06,4.086570697836578e-06,0.9999876022338867,2.2857741441839607e-06
ISIC_0028708,nv,nv,6.045009399713308e-07,1.0884944856570655e-07,2.2946016997593688e-07,1.083847109839553e-06,8.300501576741226e-06,0.9999887943267822,8.835208973323461e-07
ISIC_0024354,nv,nv,6.577594717782631e-07,7.981723797456652e-07,2.207286797784036e-06,3.4657441574381664e-06,1.4634011336056574e-07,0.9999790191650391,1.3631622095999774e-05
ISIC_0027342,nv,nv,5.284288704388018e-07,1.98286329577968e-07,5.756201062467881e-07,1.3591271681434591e-06,1.1775766779464902e-06,0.999995231628418,9.781417702470208e-07
ISIC_0032295,nv,nv,5.361207513487898e-07,5.367617745832831e-07,1.2726663101148006e-07,2.224797754024621e-05,5.681200946128229e-06,0.9999678134918213,2.9100758638378466e-06
ISIC_0030012,nv,nv,1.6232792177106603e-06,4.774467470269883e-07,1.1683420808594747e-07,4.624380835593911e-06,7.20236639608629e-05,0.999919056892395,2.0682753074652283e-06
ISIC_0027761,nv,nv,2.126054369000485e-06,6.58440683309891e-07,2.3571787721721194e-07,2.083922936435556e-06,0.00021573962294496596,0.999776303768158,2.8896363346575527e-06
ISIC_0024339,nv,nv,6.088536110837595e-07,1.2636975554869423e-07,1.2456419540285424e-07,3.818216782747186e-07,1.905803947011009e-05,0.9999794960021973,2.696646106414846e-07
ISIC_0024627,nv,nv,3.200692617610912e-07,3.339786474043649e-07,5.982568040963088e-07,2.827494881785242e-06,3.2732923500589095e-06,0.9999778270721436,1.4744327927473933e-05
ISIC_0030152,nv,nv,4.42513112375309e-07,3.2536087246626266e-07,5.335823516361415e-07,1.5028488178359112e-06,4.285192517272662e-06,0.9999892711639404,3.5028929232794326e-06
ISIC_0028867,nv,nv,4.1352890889356786e-07,1.3308283541846322e-07,8.773309190246437e-08,1.2062810128554702e-06,1.921639068314107e-06,0.9999955892562866,6.917200039424642e-07
ISIC_0031607,nv,nv,1.3054167880000023e-07,2.93521679850528e-07,1.3566719303526042e-07,1.2598790135598392e-06,2.0872314507869305e-06,0.999993085861206,3.021214979526121e-06
ISIC_0026616,nv,nv,4.840790097659919e-07,5.480068807628413e-07,1.0018018201662926e-06,9.460324577048596e-07,3.4712843444140162e-06,0.9999912977218628,2.1672647108061938e-06
ISIC_0026459,nv,nv,1.3046997082710732e-07,7.70906467550958e-08,3.9211489166746105e-08,5.858321401319699e-07,1.8202738374384353e-06,0.9999966621398926,6.110996650932066e-07
ISIC_0024384,nv,nv,2.4336765136467875e-07,5.199274824008171e-07,4.806980200555699e-07,1.998418838411453e-06,9.054535894392757e-07,0.9999936819076538,2.217657993242028e-06
ISIC_0029275,nv,nv,1.0066618472137634e-07,4.9389672795996375e-08,1.405728227155123e-07,6.118154374235019e-07,8.127405521918263e-07,0.9999980926513672,2.9993529437888355e-07
ISIC_0026332,nv,nv,8.244844593718881e-07,5.596390337814228e-07,2.6186813784079277e-07,4.458154307940276e-06,1.1019377780030482e-05,0.9999716281890869,1.1300927326374222e-05
ISIC_0024600,nv,nv,3.5389089134696405e-06,2.2486929083243012e-06,3.090312361564429e-07,4.405711661092937e-05,1.374665316689061e-06,0.9999417066574097,6.716424650221597e-06
ISIC_0030078,nv,nv,1.5854319599384326e-06,5.444322823677794e-07,3.5773828699348087e-07,1.5594201613566838e-05,6.014489031258563e-07,0.9999797344207764,1.5341145171987591e-06
ISIC_0029957,nv,nv,1.0544167849957375e-07,1.4346701959766506e-07,2.010334299029637e-07,7.893034421613265e-07,3.6690080378321e-06,0.9999938011169434,1.2563332347781397e-06
ISIC_0028273,nv,nv,1.1463182545412565e-06,9.060438515007263e-07,1.7574615185367293e-07,7.288951746886596e-05,3.887078946718248e-06,0.9999053478240967,1.5597534002154134e-05
ISIC_0027864,nv,nv,2.9060177553219546e-07,1.2133484972309816e-07,1.158915381438419e-07,9.264680329579278e-07,2.4188991574192187e-06,0.9999957084655762,4.476088122373767e-07
ISIC_0027292,nv,nv,2.577943178039277e-06,1.3944828936018894e-07,3.621991027102922e-07,2.3251582206285093e-06,7.727039701421745e-07,0.9999934434890747,3.877333938362426e-07
ISIC_0025269,nv,nv,9.82109895630856e-07,4.6184291591089277e-07,7.188820063674939e-07,6.952267540327739e-06,2.455147296132054e-06,0.9999849796295166,3.4177878660557326e-06
ISIC_0031397,nv,nv,1.1553378271855763e-06,7.519403766309551e-07,3.676703101973544e-07,2.4369189759454457e-06,3.82330017600907e-06,0.9999904632568359,1.0405942703073379e-06
ISIC_0028171,nv,nv,1.603536134098249e-06,1.1272182121047081e-07,1.1986250569862023e-07,2.1911596377321985e-06,8.537862413504627e-06,0.9999862909317017,1.2396249076118693e-06
ISIC_0030001,nv,nv,1.1098156846856e-06,2.1440018826979212e-07,3.053120281037991e-07,1.8551243101683212e-06,7.55270775698591e-06,0.9999871253967285,1.8144779687645496e-06
ISIC_0029535,nv,nv,4.640617135009961e-07,1.502924078522483e-07,8.468978762721235e-07,1.6361243524443125e-06,2.521238968711259e-07,0.9999960660934448,5.939086236139701e-07
ISIC_0025582,nv,nv,3.0674146955789183e-07,7.272690538684401e-08,1.2113159186810663e-07,8.64466244365758e-07,2.188899770771968e-06,0.9999957084655762,7.499269258914865e-07
ISIC_0029078,nv,nv,1.6041742583183805e-06,5.299644953993266e-07,2.787645280477591e-05,2.956003527287976e-06,6.961124654480955e-07,0.9999645948410034,1.761390649335226e-06
ISIC_0031983,nv,nv,2.9972011361678597e-06,4.911191808787407e-07,1.6644808056298643e-05,0.00012812984641641378,4.732754632641445e-07,0.9998472929000854,3.984218437835807e-06
ISIC_0027830,nv,nv,2.45046607005861e-07,6.320468060039275e-08,1.1829536816776454e-07,9.368011433252832e-07,3.961731636081822e-07,0.9999977350234985,4.796297616849188e-07
ISIC_0026450,nv,nv,6.285902145464206e-07,4.282428847091069e-07,3.069203557970468e-07,3.2917876069404883e-06,1.6780079477030085e-06,0.9999903440475464,3.2731240935390815e-06
ISIC_0024817,nv,nv,8.124867235892452e-06,2.1523817849811167e-05,2.1570431272266433e-06,0.00039766335976310074,2.1513083993340842e-05,0.9990847110748291,0.00046426206245087087
ISIC_0031109,nv,nv,1.125319840866723e-06,2.832332484103972e-07,4.2253859078300593e-07,2.7843727821164066e-06,1.224339712280198e-06,0.9999921321868896,2.082354285448673e-06
ISIC_0031307,nv,nv,6.246428938538884e-07,2.8481227332122216e-07,2.0802069400360779e-07,5.899027542000113e-07,1.361595877824584e-05,0.9999841451644897,6.173690962896217e-07
ISIC_0030472,nv,nv,3.5326880265529326e-07,1.7211249314641464e-07,2.753110948106041e-07,2.0832337668252876e-06,1.2000725746474927e-06,0.9999939203262329,2.0866398244834272e-06
ISIC_0026563,nv,nv,7.045688334983424e-07,3.361462006523652e-07,2.7336469088368176e-07,1.158631562248047e-06,2.8658719202212524e-06,0.9999934434890747,1.1315781875964603e-06
ISIC_0025757,nv,nv,4.6277926912807743e-07,4.5489863964576216e-07,2.806818031331204e-07,2.3790587420080556e-06,7.216731319203973e-06,0.9999829530715942,6.252623279578984e-06
ISIC_0025037,nv,nv,7.100819630068145e-07,5.666706783813424e-07,3.283593912328797e-07,2.2993451693764655e-06,1.3884762211091584e-06,0.9999924898147583,2.163159933843417e-06
ISIC_0031439,nv,nv,1.7809763619425212e-07,4.307240715206717e-07,1.7652141650614794e-06,1.692250862106448e-06,2.4750781449256465e-05,0.9999681711196899,2.9613779588544276e-06
ISIC_0032488,nv,nv,5.072671456218814e-07,2.3254324332810938e-07,6.544839834532468e-07,7.340254910559452e-07,2.436987415421754e-06,0.9999946355819702,7.936283736853511e-07
ISIC_0027977,nv,nv,3.3077944863180164e-06,5.055069323134376e-07,1.652526407269761e-06,3.2662812827766174e-06,0.00016116983897518367,0.9998201727867126,1.0058054613182321e-05
ISIC_0030634,nv,nv,4.6418318788710167e-07,1.9576280863020656e-07,9.291543392464519e-07,1.4983404525992228e-06,3.862004814436659e-05,0.999956488609314,1.689576833996398e-06
ISIC_0025538,nv,nv,3.615065224948921e-07,2.9541905632868293e-07,2.1986805620599625e-07,2.2472956970887026e-06,0.00014435281627811491,0.999848484992981,4.0797954170557205e-06
ISIC_0030719,nv,nv,7.78737614837155e-07,4.142318346112006e-07,2.911370700076077e-07,8.899198746803449e-07,5.419564331532456e-05,0.9999430179595947,5.065584218755248e-07
ISIC_0026472,nv,nv,1.879736373666674e-06,7.234703502945194e-07,3.487025423964951e-07,2.974333801830653e-05,1.322810203419067e-05,0.9999452829360962,8.78097034728853e-06
ISIC_0032012,nv,nv,2.802499352583254e-07,2.099509686104284e-07,4.749930724301521e-07,3.861854622755345e-07,1.6459772496091318e-06,0.9999966621398926,3.9597895806764427e-07
ISIC_0031717,nv,nv,6.139176548458636e-06,8.429979629909212e-07,1.2034151950501837e-06,1.9971344045188744e-06,1.5331322629208444e-06,0.999985933303833,2.3160671389632626e-06
ISIC_0026307,nv,nv,1.4307876483599102e-07,2.0860882443685114e-07,2.789511768241937e-07,3.3407295063625497e-07,5.045898888056399e-06,0.9999932050704956,7.473098548871349e-07
ISIC_0024483,nv,nv,2.9446036364788597e-07,1.7891531456371013e-07,9.065033168553782e-08,2.768866352198529e-06,6.812527999500162e-07,0.9999951124191284,8.493137784171267e-07
ISIC_0031879,nv,nv,3.228111609132611e-07,1.1049326076317811e-07,1.9618063618054293e-07,7.492404279219045e-07,4.195927431283053e-06,0.9999934434890747,1.0476372835910297e-06
ISIC_0027845,nv,nv,5.592937100118434e-07,1.0334878197681974e-07,3.891469759764732e-07,4.4592866288439836e-07,2.596039394120453e-06,0.9999953508377075,4.5621109734383936e-07
ISIC_0028251,nv,nv,1.6248229428583727e-07,8.516067140362793e-08,1.1931754784200166e-07,1.5858337292229407e-06,5.450154958452913e-07,0.999996542930603,9.377447440783726e-07
ISIC_0028940,nv,nv,2.2936431776088284e-07,5.010655854675861e-07,6.625123916137454e-08,9.004149887914537e-07,1.1739505225705216e-06,0.9999963045120239,8.260891490863287e-07
ISIC_0028799,nv,nv,5.898506856283348e-07,2.79283881354786e-07,1.4559131500391231e-07,5.323596724338131e-06,5.79887137064361e-06,0.9999825954437256,5.294691163726384e-06
ISIC_0032435,nv,nv,3.6976589399273507e-06,9.496155826127506e-07,4.856196937907953e-07,5.573604994424386e-06,0.0002068318281089887,0.9997748732566833,7.591757366753882e-06
ISIC_0031246,nv,nv,3.584387400223932e-07,1.7233757887424872e-07,3.4014388461400813e-07,2.926573415606981e-06,1.746845327943447e-06,0.9999932050704956,1.212394181493437e-06
ISIC_0024325,nv,nv,4.3110438241455995e-07,1.0330148114690019e-07,1.754563356826111e-07,1.5272935343091376e-06,1.6092634496089886e-06,0.9999953508377075,8.168006502273784e-07
ISIC_0029987,nv,nv,4.484415399019781e-07,1.9915172799755965e-07,1.5718767087946617e-07,1.374785369989695e-06,4.3209875002503395e-06,0.9999927282333374,6.74529701427673e-07
ISIC_0025464,nv,nv,6.901203732923022e-07,2.1859594312445552e-07,2.437295734125655e-07,2.580792852313607e-06,7.670860213693231e-07,0.9999929666519165,2.4294183731399244e-06
ISIC_0031265,nv,nv,4.060079845658038e-07,1.260932123159364e-07,2.1154006901724642e-07,9.979517017200124e-07,1.85235353455937e-06,0.9999954700469971,9.88159285952861e-07
ISIC_0030563,nv,nv,9.511629741609795e-07,7.469559477613075e-07,4.61926532580037e-07,5.62713239560253e-06,8.315664672409184e-06,0.9999810457229614,2.938353190984344e-06
ISIC_0031047,nv,nv,9.84138750936836e-07,2.709534783207346e-07,3.5297836120662396e-07,5.541218342841603e-06,7.25517311366275e-05,0.9999161958694458,4.239634108671453e-06
ISIC_0025532,nv,nv,1.5705397515830555e-07,1.846400152771821e-07,8.882727797754342e-08,1.1496184697534773e-06,2.828159722412238e-06,0.9999945163726807,1.0132255283679115e-06
ISIC_0029134,nv,nv,2.814540494000539e-07,1.723053912883188e-07,7.703464461883414e-07,3.033266466445639e-06,1.0177197964367224e-06,0.9999924898147583,2.2827159682492493e-06
ISIC_0032147,nv,nv,4.3351889189580106e-07,7.108536692612688e-08,1.0953849596262444e-06,8.667083193358849e-07,4.86993201320729e-07,0.9999966621398926,4.0134227674570866e-07
ISIC_0026495,nv,nv,1.4854895198368467e-06,6.03230375872954e-07,2.3524843584254995e-07,1.7482132534496486e-05,8.350353709829506e-06,0.9999676942825317,4.155289843765786e-06
ISIC_0032323,nv,nv,1.0435934427732718e-06,5.950152512923523e-07,3.020006715814816e-07,2.870784101105528e-06,2.1486164769157767e-05,0.9999693632125854,4.351060397311812e-06
ISIC_0025739,nv,nv,1.741674395816517e-07,1.1729314053354756e-07,5.035474259784678e-07,9.979829656003858e-07,4.124995598431269e-07,0.9999961853027344,1.6085527931863908e-06
ISIC_0025460,nv,nv,3.77969030296299e-07,1.361573680469519e-07,1.523085160215487e-07,1.3493742017089971e-06,8.931296520131582e-07,0.9999966621398926,4.831522915083042e-07
ISIC_0026939,nv,nv,7.480470571863407e-07,2.3624410516731587e-07,5.830254394822987e-07,3.698621412695502e-06,8.247113782999804e-07,0.999993085861206,8.471150749755907e-07
ISIC_0027340,nv,nv,2.0212989682022453e-07,3.2517604608983675e-07,1.9976758380835236e-07,1.3205664117776905e-06,1.6245319329755148e-06,0.999995231628418,1.0722662864282029e-06
ISIC_0030062,nv,nv,4.013356544874114e-07,2.862278734028223e-07,4.5722075014964503e-07,1.7031222796504153e-06,6.39678432889923e-07,0.9999935626983643,3.0195806175470352e-06
ISIC_0030680,nv,nv,2.1690339053748176e-06,6.179246270221483e-07,1.0317014584870776e-06,1.3683264796782169e-06,1.8932663806481287e-05,0.999971866607666,4.14185160479974e-06
ISIC_0030439,nv,nv,4.174346031504683e-06,9.210444886775804e-07,3.4669685078370094e-07,1.5666486433474347e-05,4.104779691260774e-06,0.9999675750732422,7.198330422397703e-06
ISIC_0031341,nv,nv,4.2845900338761567e-07,1.125200341789423e-07,1.5467684022496542e-07,6.228366373761673e-07,2.7676509489538148e-05,0.9999703168869019,6.986117568885675e-07
ISIC_0027891,nv,nv,1.0411906714580255e-06,1.1044743359889253e-06,1.942100652740919e-06,1.6909896203287644e-06,4.550835456029745e-06,0.9999682903289795,2.1452133296406828e-05
ISIC_0030568,nv,nv,1.4191570016919286e-06,6.367469609358523e-07,2.6904180572273617e-07,6.072479209251469e-06,0.00014076728257350624,0.9998472929000854,3.5962330002803355e-06
ISIC_0026863,nv,nv,0.0005252760020084679,0.12807361781597137,9.757580846780911e-05,0.0005832880851812661,0.000323670421494171,0.8686895370483398,0.0017070285975933075
ISIC_0029116,nv,nv,3.9495927239840967e-07,1.2207073041281546e-07,1.34718803224132e-07,1.8700224018175504e-06,1.7153760154542397e-06,0.9999949932098389,6.77432865359151e-07
ISIC_0025334,nv,nv,1.808747356335516e-07,7.286509884352199e-08,1.169164534076117e-07,5.920510943724366e-07,2.000429731197073e-06,0.9999963045120239,6.725678076691111e-07
ISIC_0026019,nv,nv,2.136290504495264e-07,2.1934972949111398e-07,5.555063466999854e-07,8.765683787714806e-07,3.3938044907699805e-06,0.9999926090240479,2.1585708509519463e-06
ISIC_0027817,nv,nv,4.967487257090397e-07,2.567237515904708e-07,6.239307026589813e-07,4.0484570718035684e-07,1.3012341923968052e-06,0.9999953508377075,1.6631266817057622e-06
ISIC_0028162,nv,nv,3.877690062381589e-07,4.2795736021616904e-07,5.151346726961492e-07,1.8549826563685201e-06,2.73687220442298e-07,0.999992847442627,3.5805001061817165e-06
ISIC_0030749,nv,nv,1.9834898523640732e-07,1.2350947997674666e-07,6.260827944970515e-08,1.3780877452518325e-06,4.760207957588136e-06,0.9999926090240479,7.633762493242102e-07
ISIC_0031509,nv,nv,1.3217453442848637e-06,4.1418343244004063e-07,6.260780196498672e-07,4.7666112550359685e-06,1.0310697689419612e-05,0.9999797344207764,2.8487718282121932e-06
ISIC_0027413,nv,nv,3.624286080139427e-07,2.3531828219347517e-07,9.856628935267508e-08,2.127648713212693e-06,1.4132313026493648e-06,0.9999936819076538,2.024816240009386e-06
ISIC_0026294,nv,nv,4.2174215764134715e-07,2.4280012667077244e-07,1.294698108722514e-07,1.2430506330929347e-06,1.3952317203802522e-06,0.9999955892562866,1.0823783895830275e-06
ISIC_0030029,nv,nv,2.9740769491581887e-07,1.2327258502864424e-07,1.7574254229657527e-07,5.570718144554121e-07,7.69230246078223e-06,0.9999905824661255,5.600569465968874e-07
ISIC_0029796,nv,nv,8.868107101989153e-07,6.761650297448796e-07,2.5596523300919216e-07,1.0667964716049028e-06,6.08137488598004e-05,0.999935507774353,7.888194772931456e-07
ISIC_0026640,nv,nv,3.156598040732206e-07,2.3609742072494555e-07,2.711383899622888e-07,9.717371085571358e-07,4.032082870253362e-05,0.9999566078186035,1.291182343265973e-06
ISIC_0028522,nv,nv,1.2247380709595745e-06,1.7778993424144574e-06,1.90456731274935e-07,4.578664083965123e-05,2.732829216256505e-06,0.9999274015426636,2.0877681890851818e-05
ISIC_0025880,nv,nv,2.0158836377959233e-06,1.02545959634881e-06,3.499829972497537e-06,3.304101119283587e-05,4.761438958666986e-06,0.9999459981918335,9.623215191822965e-06
ISIC_0027551,nv,nv,5.075958142697345e-07,1.9022120056888525e-07,6.333774535960401e-07,1.1786971754190745e-06,1.4871913663228042e-05,0.9999812841415405,1.246871306648245e-06
ISIC_0031458,nv,nv,3.590438666378759e-07,1.3776632101780706e-07,4.695107520547026e-07,1.0373963732490665e-06,3.5298188549859333e-07,0.9999958276748657,1.816923145270266e-06
ISIC_0025690,nv,nv,1.940430365721113e-06,3.3797712148952996e-06,4.5641274937224807e-07,1.6625508578727022e-05,8.940471161622554e-06,0.9999508857727051,1.789872840163298e-05
ISIC_0027581,nv,nv,8.743857506487984e-06,1.6870330910023768e-06,7.5390926213003695e-06,8.78189894137904e-06,4.8112387958099134e-06,0.999936580657959,3.188736809534021e-05
ISIC_0024840,nv,nv,7.271589197443973e-07,4.951855316903675e-07,6.502238392158688e-08,2.1799532987643033e-06,3.1089333788258955e-05,0.9999638795852661,1.5971223774613463e-06
ISIC_0029890,nv,nv,1.484733047618647e-07,3.70506882063637e-07,8.416949270895202e-08,6.397872311936226e-07,9.14954853215022e-06,0.9999891519546509,5.111444352223771e-07
ISIC_0030259,nv,nv,1.8778192725221743e-06,4.799990165338386e-07,3.7548218756455753e-07,5.675100510416087e-06,1.4274038449002546e-06,0.9999872446060181,2.9036787054792512e-06
ISIC_0025995,nv,nv,2.898094635384041e-07,1.2351094369478233e-07,5.695858362742001e-07,6.443711981773959e-07,2.1527282001443382e-07,0.9999977350234985,4.57933992947801e-07
ISIC_0024681,nv,nv,6.188801648931985e-07,1.231228736742196e-07,4.052720328218129e-07,2.576108727225801e-06,5.07716492847976e-07,0.9999949932098389,7.392798693217628e-07
ISIC_0024444,nv,nv,1.6595647878148156e-07,2.1589517018583138e-07,1.7862714685179526e-07,3.6313747386884643e-06,1.7734164430294186e-06,0.9999901056289673,3.9722244764561765e-06
ISIC_0029314,nv,nv,8.151645261023077e-07,5.666412903337914e-07,1.20384100910087e-07,1.4030820238986053e-06,3.6544433896779083e-06,0.9999911785125732,2.2286519651970593e-06
ISIC_0029817,nv,nv,2.2763269669212605e-07,3.111601358796179e-07,4.9749125707876374e-08,6.2043000070843846e-06,4.7836701924097724e-06,0.9999864101409912,1.9682099718920654e-06
ISIC_0030364,nv,nv,7.343324455177935e-07,2.019728242430574e-07,5.667556706612231e-06,3.911223757313564e-06,1.4441776556850527e-06,0.9999808073043823,7.169554464780958e-06
ISIC_0024606,nv,nv,9.885204235615674e-06,5.117125056131044e-06,1.7335627489956096e-05,0.0037971166893839836,4.709232143795816e-06,0.9959738850593567,0.00019197970686946064
ISIC_0030946,nv,nv,8.527256341039902e-07,1.3348773109100875e-07,1.397791947965743e-06,2.5711560738272965e-06,9.873190975895341e-08,0.9999940395355225,9.004731396089483e-07
ISIC_0032432,nv,nv,3.853950602206169e-06,1.3552037216868484e-06,1.136837909143651e-06,4.326603448134847e-05,6.265827892093512e-07,0.9999349117279053,1.4839348295936361e-05
ISIC_0031393,nv,nv,4.501854107274994e-07,1.9816158669527795e-07,1.6556546711399278e-07,1.7838727899288642e-06,3.48523713000759e-06,0.9999924898147583,1.4249128525989363e-06
ISIC_0025497,nv,nv,2.6850389645005635e-07,2.0664133160153142e-07,1.6158016080680682e-07,1.0309851177225937e-06,5.121287358633708e-06,0.9999926090240479,5.256033546174876e-07
ISIC_0029672,nv,nv,3.5946783327744924e-07,1.5350124726865033e-07,3.7835440025446587e-07,2.3299280655919574e-06,2.606186058073945e-07,0.999995231628418,1.2951144299222506e-06
ISIC_0026001,nv,nv,2.7828633619719767e-07,2.3859251996327657e-07,6.997546506681829e-07,1.0086677093568142e-06,3.816708613157971e-06,0.999993085861206,9.782889947018703e-07
ISIC_0029429,nv,nv,3.4754333455566666e-07,1.207304336503512e-07,4.639392159333511e-07,4.391133643366629e-06,2.9791283395752544e-06,0.9999895095825195,2.2230697140912525e-06
ISIC_0025151,nv,nv,4.04096880401994e-07,2.3595278264565422e-07,3.728876265540748e-07,1.1411459581722738e-06,1.9111382698611123e-06,0.999994158744812,1.6882729596545687e-06
ISIC_0025801,nv,nv,2.3318878561440215e-07,1.4807261550231487e-07,1.2327093656949728e-07,6.929400342414738e-07,1.0295475476596039e-06,0.9999972581863403,5.612139943877992e-07
ISIC_0031952,nv,nv,2.635280679896823e-06,3.1905526043374266e-07,5.997479092911817e-06,2.8471740733948536e-06,3.073033383316215e-07,0.9999871253967285,7.638920465069532e-07
ISIC_0032172,nv,nv,1.3122897144057788e-05,5.67244478588691e-06,6.214136192284059e-06,1.0182210644416045e-05,2.849084694389603e-06,0.9999579191207886,4.002708465122851e-06
ISIC_0029673,nv,nv,1.379563201453493e-07,3.854751540188772e-08,1.1503060903805817e-07,7.194406634880579e-07,1.6750769873397076e-06,0.9999969005584717,5.105423497298034e-07
ISIC_0028262,nv,nv,5.267688152343908e-07,1.3757701822214585e-07,8.345837443357595e-08,9.544029353492078e-07,4.8785641411086544e-06,0.9999922513961792,1.1938402622035937e-06
ISIC_0027664,nv,nv,3.398041314994771e-07,2.3558068562579138e-07,2.429835035400174e-07,2.6514635464991443e-06,8.148390975293296e-07,0.9999828338623047,1.2893353414256126e-05
ISIC_0028379,nv,nv,1.135298148824404e-07,6.400630780944994e-08,2.2921266662478956e-08,1.412964138580719e-06,4.6549618559765804e-07,0.9999972581863403,5.487423209160625e-07
ISIC_0026289,nv,nv,1.120957563216507e-06,8.195432315005746e-07,1.4938919434825948e-07,1.2152821000199765e-05,6.276751810219139e-05,0.9999181032180786,4.850701770919841e-06
ISIC_0030218,nv,nv,3.313752188205399e-07,2.5504331802039815e-07,4.1459253452558187e-07,6.311203151199152e-07,1.2589988500621985e-06,0.9999951124191284,2.009947138503776e-06
ISIC_0024852,nv,nv,6.256572078200406e-07,2.1076365896988136e-07,3.027942341304879e-07,2.5862873371806927e-06,7.872549758758396e-07,0.9999948740005493,5.264348033051647e-07
ISIC_0028039,nv,nv,1.373449407537919e-07,1.4009042104135006e-07,9.408070411609515e-08,8.271119895653101e-07,3.6175827062834287e-06,0.9999947547912598,4.802828925676295e-07
ISIC_0029761,nv,nv,4.0818633806338767e-07,1.6645789457925275e-07,2.4337148829545185e-07,1.3292061566971825e-06,7.551058729404758e-07,0.999995231628418,1.950269506778568e-06
ISIC_0032131,nv,nv,3.5710641554942413e-07,1.0384275128672016e-07,1.3008748567244766e-07,1.6398454363297787e-06,1.0981289051414933e-06,0.999995231628418,1.3513979411072796e-06
ISIC_0030412,nv,nv,8.595625899943116e-07,2.899138848988514e-07,3.757249942282215e-07,5.571009751292877e-06,2.0427880826900946e-06,0.9999890327453613,1.8860786212826497e-06
ISIC_0025498,nv,nv,4.921115532852127e-07,4.682386531840166e-07,7.419369580929924e-07,1.0753226433735108e-06,2.313564436917659e-06,0.9999939203262329,1.0318738077330636e-06
ISIC_0026669,nv,nv,8.375411084671214e-07,2.824199611950462e-07,1.0595618249453764e-07,2.9120672024873784e-06,6.8944568738515954e-06,0.9999880790710449,1.0411624771222705e-06
ISIC_0029110,nv,nv,8.628877594674123e-07,2.901734887927887e-07,2.623842476623395e-07,5.322446213540388e-06,5.188059617466934e-07,0.9999914169311523,1.3534746585719404e-06
ISIC_0026095,nv,nv,1.1225247362744994e-06,3.637408383383445e-07,9.713631925478694e-07,7.273762093973346e-06,1.366553647130786e-06,0.9999866485595703,2.223656792921247e-06
ISIC_0030628,nv,nv,1.2796074599918938e-07,1.0485337753607382e-07,2.4774300300123286e-07,7.138281716834172e-07,1.2498718433562317e-06,0.9999967813491821,7.094480451996787e-07
ISIC_0027445,nv,nv,1.4096272025199141e-06,9.343279998574872e-07,8.318553454955691e-07,2.6350870030000806e-05,7.747976269456558e-06,0.9999521970748901,1.0545782060944475e-05
ISIC_0026250,nv,nv,1.6527577599845245e-06,4.5943465920572635e-07,3.9954116459739453e-07,5.1412084758339915e-06,6.47374054096872e-06,0.9999840259552002,1.8271869066666113e-06
ISIC_0029700,nv,nv,2.1206294320563757e-07,6.437039701268077e-08,5.082046072857338e-08,3.0016660730325384e-06,9.775178568816045e-07,0.9999951124191284,5.520648187484767e-07
ISIC_0030405,nv,nv,3.8131026940391166e-06,4.891805360784929e-07,6.654130402239389e-07,1.0838480193342548e-05,2.2524977794091683e-06,0.9999738931655884,8.018438165890984e-06
ISIC_0025212,nv,nv,9.027847909237607e-07,1.36994302124549e-07,5.353251708584139e-07,2.9301738777576247e-06,2.862845121853752e-06,0.9999915361404419,1.0971356232403195e-06
ISIC_0029908,nv,nv,1.6073168751518097e-07,1.8018992875568074e-07,2.0895660668429628e-07,1.8399557575321523e-06,1.918799625855172e-07,0.9999966621398926,6.994188197495532e-07
ISIC_0029658,nv,nv,5.724435254705895e-07,9.37222992547504e-08,1.227917749702101e-07,1.4925044524716213e-06,4.200572220725007e-06,0.9999926090240479,8.394857218263496e-07
ISIC_0027995,nv,nv,2.505351801573852e-07,7.60931357035588e-07,7.489845188501931e-08,4.262677748556598e-07,2.8332462989055784e-06,0.9999947547912598,8.779071549724904e-07
ISIC_0026595,nv,nv,1.8819009710568935e-06,6.235120508790715e-07,3.979277494181588e-07,2.056511902992497e-06,5.513918495125836e-06,0.999987006187439,2.5214028482878348e-06
ISIC_0029037,nv,nv,1.6454489468742395e-06,6.24340032118198e-07,2.677175814369548e-07,9.742562724568415e-06,1.923921809066087e-05,0.9999521970748901,1.6313792002620175e-05
ISIC_0028351,nv,nv,1.376636191707803e-06,1.925703827510006e-06,1.112462427954597e-06,6.05521245233831e-06,4.954666223966342e-07,0.9999867677688599,2.315735400770791e-06
ISIC_0026723,nv,nv,3.3018963563336e-07,9.721774176796316e-07,2.323059220543655e-07,3.0151213650242426e-06,1.993266778299585e-06,0.999982476234436,1.104142029362265e-05
ISIC_0026116,nv,nv,1.8415576619190688e-07,7.999938134162221e-08,1.1762568163931064e-07,1.1090064617746975e-06,1.2083492038073018e-06,0.9999967813491821,4.809155029761314e-07
ISIC_0025787,nv,nv,4.5272119564288005e-07,2.3730022746804025e-07,4.594446352257364e-07,1.1169323670401354e-06,8.146316190504876e-07,0.9999961853027344,7.548063081230794e-07
ISIC_0028738,nv,nv,2.923391377862572e-07,7.520774403246833e-08,1.5283558241208084e-07,3.680768543290469e-07,9.389451633978751e-07,0.9999978542327881,3.061514917135355e-07
ISIC_0025138,nv,nv,5.875855890735693e-07,2.3207179822293256e-07,1.0869034383631515e-07,1.3426810028249747e-06,2.136477178282803e-06,0.9999946355819702,1.0303884891982307e-06
ISIC_0027241,nv,nv,3.911729038463818e-07,6.615953651589734e-08,1.5442039114077488e-07,4.914157329949376e-07,2.4267212666018168e-06,0.9999960660934448,3.933020877866511e-07
ISIC_0031338,nv,nv,3.114174091933819e-07,1.4329840780646919e-07,8.03746900146507e-08,9.455845884076552e-07,5.391718786995625e-06,0.9999927282333374,3.9136972418418736e-07
ISIC_0031610,nv,nv,4.783084364134993e-07,3.410806925785437e-07,9.082937424409465e-08,7.073363690324186e-07,1.3088570085528772e-06,0.9999960660934448,9.641854603614775e-07
ISIC_0028726,nv,nv,2.3675666227518377e-07,1.8391578748833126e-07,9.632368147549641e-08,1.811742095014779e-06,1.6532039808225818e-06,0.9999945163726807,1.428318455509725e-06
ISIC_0025839,nv,nv,6.777561338822125e-07,5.452596383292985e-07,9.242997123237728e-08,4.497371719480725e-06,1.2199314369354397e-05,0.9999799728393555,1.9844553662551334e-06
ISIC_0027842,nv,nv,4.131526907258376e-07,2.660557925082685e-07,1.5198617120404379e-07,5.639251412503654e-06,1.0867537639569491e-05,0.9999809265136719,1.794727268134011e-06
ISIC_0027866,nv,nv,8.592978701926768e-07,7.279703027052165e-07,2.939863747997151e-07,4.909727067570202e-06,1.9909907678083982e-06,0.9999890327453613,2.240055664515239e-06
ISIC_0029164,nv,nv,5.867092056632828e-08,2.68935082203825e-07,7.826128012311528e-08,1.8026730685960501e-07,8.691884545442008e-07,0.9999978542327881,6.417293434424209e-07
ISIC_0026800,nv,nv,2.715197808811354e-07,2.0941101297466957e-07,3.1817830858926754e-07,2.099760422424879e-06,1.2124987733841408e-06,0.9999946355819702,1.166537003882695e-06
ISIC_0031944,nv,nv,1.4065354889680748e-06,2.2684075418055727e-07,4.421049197844695e-06,1.230828002007911e-05,3.7129487395759497e-07,0.9999803304672241,1.008548110803531e-06
ISIC_0031161,nv,nv,3.6696858387585962e-06,4.3366762270125037e-07,4.818698926101206e-06,1.7956981537281536e-06,1.4072072644921718e-06,0.9999858140945435,2.012467575696064e-06
ISIC_0028001,nv,nv,1.7991376921600022e-07,1.216111229496164e-07,2.375944632149185e-07,3.4797989201251767e-07,4.1101688452727103e-07,0.9999983310699463,4.033670109038212e-07
ISIC_0026856,nv,nv,5.011316375203023e-07,2.5645900336712657e-07,3.1327314786722127e-07,1.4338129403768107e-06,4.577019581120112e-07,0.9999954700469971,1.5846618452997063e-06
ISIC_0029255,nv,nv,3.8731755580556637e-07,9.328426386900901e-08,7.24868414181401e-07,5.323176992533263e-06,3.765426868085342e-07,0.9999923706054688,6.306576665338071e-07
ISIC_0028300,nv,nv,6.289438942985726e-07,2.004283459200451e-07,1.2658459525027865e-07,4.5969582060934044e-06,4.969276687916135e-07,0.9999929666519165,8.564067570659972e-07
ISIC_0032418,nv,nv,2.440341972942406e-07,5.765304678106986e-08,1.0303283204393665e-07,1.4576097555618617e-06,1.0488581665413221e-06,0.9999966621398926,4.990133675164543e-07
ISIC_0028704,nv,nv,8.532816764272866e-07,2.4519218300156354e-07,7.883877515268978e-07,1.5978737337718485e-06,8.985639965430892e-07,0.9999945163726807,1.1056025641664746e-06
ISIC_0032506,nv,nv,3.132812196326995e-07,1.4166226947054383e-07,5.662817557094968e-07,2.909751401602989e-06,8.382360761061136e-07,0.9999935626983643,1.7728391412674682e-06
ISIC_0032261,nv,nv,1.3019968037042418e-06,8.69553048232774e-07,6.305311330834229e-07,4.407443611853523e-06,9.904338185151573e-06,0.999976634979248,6.2589128901890945e-06
ISIC_0029259,nv,nv,1.6146124437455e-07,7.710061566967852e-08,6.046297329476147e-08,1.1454292234702734e-06,9.728281611387501e-07,0.9999964237213135,1.0372939414082794e-06
ISIC_0031869,nv,nv,3.266825103764859e-07,4.0167270753954654e-07,6.368797471623111e-07,7.986372452251089e-07,1.7103803884310764e-06,0.9999947547912598,1.3831876231051865e-06
ISIC_0025025,nv,nv,1.3881634686185862e-06,6.50195488560712e-07,7.309299121516233e-07,5.556383257498965e-06,6.525806384161115e-06,0.9999788999557495,6.253760602703551e-06
ISIC_0029481,nv,nv,2.2721233108313754e-06,7.10043366325408e-07,1.4158467820379883e-06,2.947009852505289e-05,6.464611601586512e-07,0.9999428987503052,2.2615404304815456e-05
ISIC_0030157,nv,nv,2.796014371142519e-07,1.4706657225360686e-07,1.6403691915911622e-07,1.4665291701021488e-06,3.833889877569163e-06,0.9999927282333374,1.3964682921141502e-06
ISIC_0029098,nv,nv,2.456140919093741e-06,8.201033097066102e-07,2.7046526156482287e-06,2.362490340601653e-05,6.531161602651991e-07,0.9999547004699707,1.4992359865573235e-05
ISIC_0031497,nv,nv,3.993767165866302e-07,1.4249997093429556e-07,1.6064420549355418e-07,1.3506282812159043e-06,1.2938783129357034e-06,0.9999958276748657,8.676528864270949e-07
ISIC_0031448,nv,nv,6.688057396786462e-07,1.8939611834412062e-07,1.6240110767284932e-07,2.0554844013531692e-06,3.4154367313021794e-05,0.9999611377716064,1.5814250673429342e-06
ISIC_0028031,nv,nv,3.6077412346458004e-07,1.2971652552096202e-07,9.149674724540091e-07,2.859348569472786e-06,2.853563785265578e-07,0.9999948740005493,6.32517469512095e-07
ISIC_0028334,nv,nv,2.2541642010764917e-06,4.4474248284132045e-07,1.0838687103387201e-06,1.5355957657448016e-05,2.8772595328518946e-07,0.9999772310256958,3.2296313747792738e-06
ISIC_0030257,nv,nv,1.4252635764933075e-06,7.438623015332269e-07,2.8033110766045866e-07,2.996035846081213e-06,2.6902437184617156e-06,0.999990701675415,1.2476348274503835e-06
ISIC_0031805,nv,nv,6.012654125697736e-07,2.0403679457103863e-07,1.2804829907508974e-07,1.959974269993836e-06,7.185798494901974e-06,0.9999874830245972,2.4836390366544947e-06
ISIC_0024797,nv,nv,1.19804485620989e-06,5.645762257699971e-07,5.115690555612673e-07,1.0826040124811698e-05,6.698619472444989e-06,0.9999727010726929,7.481934517272748e-06
ISIC_0030807,nv,nv,2.628706567975314e-07,1.2572837704283302e-07,1.1509427366718228e-07,1.6758843912612065e-06,9.459351986151887e-07,0.9999961853027344,7.584401942040131e-07
ISIC_0028342,nv,nv,2.1195380384142481e-07,6.223558557394426e-07,9.62105630719634e-08,2.2560288925888017e-06,3.00706346934021e-07,0.9999943971633911,2.1692026166419964e-06
ISIC_0024368,nv,nv,2.7914362021874695e-07,1.2105208213597507e-07,3.4582740227051545e-07,6.455302354879677e-07,2.641607807163382e-06,0.999995231628418,7.777674682074576e-07
ISIC_0024397,nv,nv,7.432411734953348e-07,6.822341447332292e-07,7.391096232822747e-07,2.422885700070765e-06,1.0056493238153053e-06,0.9999897480010986,4.680078745877836e-06
ISIC_0029799,nv,nv,1.4289441878645448e-06,9.457939427193196e-07,6.458753318838717e-07,1.1227731192775536e-05,3.515946809784509e-05,0.9999442100524902,6.429993845813442e-06
ISIC_0028828,nv,nv,1.3475510058924556e-06,4.2379610931675415e-07,1.85531149554663e-07,4.083386556885671e-06,1.5552497643511742e-05,0.9999759197235107,2.4166101866285317e-06
ISIC_0026673,nv,nv,2.663768157162849e-07,1.0875513112296176e-07,1.0638709824206671e-07,6.653601758443983e-07,2.5457652554905508e-06,0.9999955892562866,6.691745397802151e-07
ISIC_0025828,nv,nv,1.2615001878657495e-06,6.101188319007633e-07,2.601676669655717e-07,5.557062650041189e-06,4.18859508499736e-06,0.999984860420227,3.2349425964639522e-06
ISIC_0025682,nv,nv,9.754082839208422e-07,8.830780302560015e-07,4.02247309239101e-07,2.064245200017467e-05,1.5190511476248503e-05,0.9999346733093262,2.7301259251544252e-05
ISIC_0026431,nv,nv,7.960230163917004e-07,3.094749843057798e-07,1.0266226269095569e-07,2.5041920252988348e-06,7.365440069406759e-06,0.9999871253967285,1.7500561853012186e-06
ISIC_0028440,nv,nv,4.774873900714738e-07,2.2389563980595995e-07,1.985763162792864e-07,3.709987822730909e-06,2.836503654179978e-06,0.9999908208847046,1.7397189822077053e-06
ISIC_0024988,nv,nv,9.385636303704814e-07,1.6285808669636026e-05,3.673659421110642e-07,1.5159223949012812e-05,5.625879566650838e-06,0.9999357461929321,2.5866513169603422e-05
ISIC_0029395,nv,nv,2.998755235239514e-07,1.316152662411696e-07,7.915041351225227e-07,4.985521968592366e-07,1.5575849829474464e-05,0.9999818801879883,8.538178803974006e-07
ISIC_0025194,nv,nv,9.531471505397349e-07,4.2132560906793515e-07,1.339994582849613e-06,2.469035962349153e-06,1.3237870462035062e-06,0.9999878406524658,5.581543518928811e-06
ISIC_0024717,nv,nv,1.7763659343472682e-06,1.1038936236218433e-06,1.6402273104176857e-06,4.479127892409451e-05,6.251397621781507e-07,0.9999438524246216,6.1517062022176106e-06
ISIC_0028213,nv,nv,3.7951801346025604e-07,1.7899247950481367e-07,2.4079341187643877e-07,8.885810530046001e-06,5.641448979076813e-07,0.9999885559082031,1.0467921356394072e-06
ISIC_0024491,nv,nv,2.509164460207103e-06,2.704759083371755e-07,2.3444570160791045e-06,4.269921646482544e-06,2.234209432572243e-06,0.999987006187439,1.4343287375595537e-06
ISIC_0030478,nv,nv,3.853009502563509e-07,3.0845779974697507e-07,4.199790964776184e-06,3.147132520098239e-05,4.661461935029365e-05,0.9999105930328369,6.369200036715483e-06
ISIC_0028417,nv,nv,4.7505336624453776e-06,4.207138772471808e-06,2.3015007172944024e-05,3.714855438374798e-06,0.004091945476830006,0.9958621263504028,1.0272541658196133e-05
ISIC_0030891,nv,nv,7.864543363211851e-07,2.8718770295199647e-07,1.890396379167214e-05,2.6072680157085415e-06,1.4974750683904858e-06,0.9999748468399048,1.0538011565586203e-06
ISIC_0027186,nv,nv,2.5999037234214484e-07,7.304767990490291e-08,5.029347107665672e-07,3.4693130146479234e-06,7.121287239897356e-07,0.9999945163726807,4.560306194889563e-07
ISIC_0025177,nv,nv,1.1095242371084169e-05,1.1885829735547304e-05,3.313858906039968e-05,9.159898036159575e-05,3.242475577280857e-05,0.9997926354408264,2.7172058253199793e-05
ISIC_0029049,nv,nv,6.415663392544957e-06,0.00012478629651013762,0.002956621116027236,3.2436319088446908e-06,0.00047266457113437355,0.9964205026626587,1.5750450984342024e-05
ISIC_0029018,nv,nv,1.427329880243633e-05,1.441112908651121e-05,2.067790410364978e-05,3.5587374895840185e-06,0.00017192840459756553,0.9997509121894836,2.424090234853793e-05
ISIC_0027112,nv,nv,1.5003092812548857e-06,1.2234554560563993e-06,3.389785342733376e-05,1.637352761463262e-05,6.0030852182535455e-06,0.9999344348907471,6.602796474908246e-06
ISIC_0028791,nv,nv,7.236933470267104e-07,5.875057240700698e-07,1.2968247347089346e-06,1.1124494676550967e-06,3.380454290891066e-05,0.9999617338180542,7.941480362205766e-07
ISIC_0027855,nv,nv,2.5456518415012397e-05,2.3595250695507275e-06,5.359998340281891e-06,1.1542471838765778e-05,0.0001864680671133101,0.9997588992118835,9.829734153754544e-06
ISIC_0026730,nv,nv,1.2453302815629286e-06,5.2048894758627284e-06,4.138898475503083e-06,2.2534701201948337e-05,9.089188097277656e-05,0.9998718500137329,4.070384420629125e-06
ISIC_0026519,nv,mel,7.191668555606157e-05,2.184123695769813e-05,1.1100662050012033e-05,5.1907300075981766e-05,0.9242462515830994,0.07558676600456238,1.0179634955420624e-05
ISIC_0028755,nv,nv,2.4487981136189774e-05,2.6910756787401624e-06,0.0023212600499391556,5.9518482885323465e-05,0.00045075552770867944,0.9971350431442261,6.151696652523242e-06
ISIC_0024597,nv,nv,5.1484032155713066e-05,0.00015911232912912965,0.0009054387337528169,0.00016156327910721302,5.133806917001493e-05,0.9982753992080688,0.00039564367034472525
ISIC_0029790,nv,nv,4.0822092728376447e-07,9.331091064268549e-07,8.214484523705323e-07,5.2908512770954985e-06,0.0002734130248427391,0.9997166991233826,2.484340484443237e-06
ISIC_0027898,nv,nv,3.3488856843177928e-06,6.699435289192479e-06,8.17471300251782e-06,5.7338813348906115e-05,0.00011772378638852388,0.9997379183769226,6.883631431264803e-05
ISIC_0028293,nv,nv,8.237415158873773e-07,6.472306267824024e-06,3.821509380941279e-06,8.30721364764031e-06,9.308510925620794e-06,0.999963641166687,7.567468855995685e-06
ISIC_0032428,nv,nv,4.4392669451553957e-07,2.175693225581199e-06,2.3605557544215117e-06,9.066542929758725e-07,4.0894181438488886e-05,0.9999513626098633,1.8394215430816985e-06
ISIC_0027640,nv,mel,0.007153203710913658,0.0007556758355349302,0.025435686111450195,0.003960515838116407,0.8452622294425964,0.11662562936544418,0.0008070453186519444
ISIC_0030273,nv,mel,8.861316928232554e-06,5.523106665350497e-05,0.0001299890282098204,6.494612534879707e-06,0.9571701884269714,0.0426221564412117,7.074289442243753e-06
ISIC_0028971,nv,nv,7.123238901840523e-06,1.937503293447662e-05,0.0003865893231704831,5.8378977882966865e-06,0.000518307788297534,0.9990391731262207,2.3618449631612748e-05
ISIC_0031145,nv,nv,1.0431057489768136e-05,6.041675533197122e-06,2.8857242796220817e-05,8.11356494523352e-06,0.0008175373659469187,0.9991242289543152,4.772817646880867e-06
ISIC_0027235,nv,mel,7.455700597347459e-06,1.8445593013893813e-05,8.562897710362449e-05,2.2011692635715008e-05,0.8281561136245728,0.17167207598686218,3.814434603555128e-05
ISIC_0024891,nv,nv,0.00010468003165442497,0.0008556076209060848,0.015589568763971329,3.840997669612989e-05,0.0004629570175893605,0.9822944402694702,0.0006543128984048963
ISIC_0025442,nv,nv,8.115172818179417e-07,5.785709049632715e-07,1.704900455479219e-06,1.4506053958029952e-06,4.342964894021861e-05,0.9999508857727051,1.1699274864440667e-06
ISIC_0028461,nv,nv,1.4874776752549224e-05,5.441977009468246e-06,5.887580755370436e-06,0.0014805790269747376,0.0032369380351155996,0.995148241519928,0.00010795834532473236
ISIC_0029719,nv,mel,0.0003412901423871517,0.001856211107224226,0.01788230799138546,0.0001278503332287073,0.7648081183433533,0.21484631299972534,0.0001379618188366294
ISIC_0028453,nv,vasc,0.001862291363067925,0.0015730882296338677,0.00032271776581183076,0.04373959079384804,0.0005919893737882376,0.04040409252047539,0.911506175994873
ISIC_0031733,nv,nv,3.7077622891956707e-06,0.00027771180612035096,2.3866134142735973e-05,0.00016889756079763174,3.7274210171744926e-06,0.997256338596344,0.002265698043629527
ISIC_0031663,nv,nv,1.0036485036835074e-05,2.5153433398372727e-06,2.356405821046792e-05,5.808686182717793e-05,0.008688758127391338,0.9912130236625671,4.03301555707003e-06
ISIC_0032096,nv,nv,1.9620140392362373e-06,7.835106953280047e-05,0.00026570464251562953,3.817321339738555e-05,0.00012361258268356323,0.9993454813957214,0.0001467255351599306
ISIC_0027358,nv,nv,0.0008398370700888336,0.000513967708684504,0.0002953318471554667,0.0007181527907960117,0.0006152024725452065,0.9967883825302124,0.00022916894522495568
ISIC_0027734,nv,nv,5.243743089522468e-06,3.9046775782480836e-05,0.00013935237075202167,1.1127554898848757e-05,8.382342639379203e-05,0.999690055847168,3.143093999824487e-05
ISIC_0030874,nv,nv,1.1834069482574705e-05,6.48138448013924e-05,0.0011823391541838646,2.334640703338664e-05,0.019765686243772507,0.9789232611656189,2.869888521672692e-05
ISIC_0029389,nv,nv,0.2933256924152374,0.005402959417551756,0.04103031009435654,0.0725414901971817,0.04835650324821472,0.5359594225883484,0.003383636474609375
ISIC_0026874,nv,nv,4.075830929650692e-06,8.522885764250532e-06,6.0222089814487845e-05,1.3059747288934886e-05,0.0005683423369191587,0.9993399977684021,5.65374648431316e-06
ISIC_0026389,nv,nv,2.8101001134928083e-06,0.03080887906253338,1.9101227735518478e-05,4.474946763366461e-05,2.1029314666520804e-05,0.9685540795326233,0.0005494148936122656
ISIC_0025428,nv,nv,0.012153267860412598,9.405351738678291e-05,0.0012225857935845852,6.718497752444819e-05,0.007211581338196993,0.9792376756668091,1.3561741980083752e-05
ISIC_0024824,nv,nv,3.5571872558648465e-06,0.00019408419029787183,0.0003491278912406415,2.9383047603914747e-06,1.1919375538127497e-05,0.9994096755981445,2.8629905500565656e-05
ISIC_0027878,nv,nv,1.4036519360161037e-06,2.170298103010282e-06,7.868331977078924e-07,1.174498083855724e-05,0.006797616835683584,0.993179440498352,6.944914275663905e-06
ISIC_0028371,nv,nv,1.5209646164748847e-07,3.863849087792914e-06,3.241241870455269e-07,2.5062254280783236e-06,0.0018679642817005515,0.99812251329422,2.7051296456193086e-06
ISIC_0026006,nv,nv,7.875879646235262e-07,0.00022853558766655624,1.3377648429013789e-06,2.6745477953227237e-05,8.180873010132927e-06,0.9997044205665588,3.0005663575138897e-05
ISIC_0026541,nv,nv,1.3677254173671827e-06,5.51599305254058e-06,3.3160785051222774e-07,3.7329730275814654e-06,0.00020225819025654346,0.9997747540473938,1.2176089512649924e-05
ISIC_0025869,nv,nv,1.2226340686538606e-06,4.6875626139808446e-05,3.622668009484187e-05,8.849459118209779e-05,1.169152255897643e-05,0.9998064637184143,9.200687600241508e-06
ISIC_0027812,nv,nv,1.0809147852341994e-06,4.5863439481763635e-06,1.4239274150895653e-06,6.220924205990741e-06,3.60465346602723e-05,0.9999405145645142,1.0163949809793849e-05
ISIC_0027410,nv,nv,7.2218831519421656e-06,8.488683306495659e-06,9.270490409107879e-06,1.9028633687412366e-05,0.00015814432117622346,0.9997895359992981,8.325259841512889e-06
ISIC_0027103,nv,nv,4.690365074111469e-07,3.7298116239981027e-07,4.142496436543297e-06,2.2049764538678573e-06,1.1239391824346967e-05,0.9999798536300659,1.794427475942939e-06
ISIC_0028528,nv,mel,4.8720435188442934e-06,3.3943601010832936e-05,0.0004188740567769855,1.9968292690464295e-05,0.9643553495407104,0.03512212261557579,4.483389784581959e-05
ISIC_0029945,nv,mel,6.978006240387913e-06,4.999370503355749e-06,2.7858681278303266e-05,1.9940662241424434e-06,0.9999514818191528,5.614006113319192e-06,9.573220722813858e-07
ISIC_0026148,nv,nv,7.805055247445125e-06,4.115366391488351e-05,3.3668977266643196e-05,1.4776176612940617e-05,0.17290464043617249,0.8269818425178528,1.6082673027995043e-05
ISIC_0031094,nv,mel,5.6124888942576945e-05,0.00010775325063150376,0.037774380296468735,0.0011090384796261787,0.8533135652542114,0.10747738182544708,0.0001617658999748528
ISIC_0029488,nv,nv,2.2131443984108046e-05,0.0003018892602995038,0.004765062127262354,0.0003596619062591344,0.011721745133399963,0.9819669723510742,0.0008626446360722184
ISIC_0028804,nv,nv,8.556514512747526e-05,0.0013096074108034372,0.23159204423427582,4.890046329819597e-05,0.04712409898638725,0.7197512984275818,8.849976438796148e-05
ISIC_0026781,nv,nv,1.3815504189551575e-06,5.103733542455302e-07,4.651389645005111e-06,2.912570153057459e-06,8.200687261705752e-06,0.9999805688858032,1.8153280052501941e-06
ISIC_0029846,nv,nv,2.1382453496698872e-07,8.024566682252043e-07,2.9069681772853073e-07,8.577720109315123e-06,3.0036919724807376e-06,0.9999822378158569,4.7825001274759416e-06
ISIC_0029194,nv,nv,3.5098750572615245e-07,1.2620743063962436e-06,3.708726694640063e-07,8.876098036125768e-06,1.8365701635048026e-06,0.9999821186065674,5.2325499382277485e-06
ISIC_0027034,nv,nv,2.494990383183904e-07,2.890165546887147e-07,5.54472933345096e-07,1.9117744614050025e-06,1.1658175026241224e-05,0.999984622001648,7.653390525774739e-07
ISIC_0031887,nv,nv,7.351471140282229e-06,1.0836721457962994e-06,1.964897455764003e-05,6.526736979139969e-05,0.003146334318444133,0.996755063533783,5.272149337542942e-06
ISIC_0028534,nv,nv,3.304172651041881e-07,2.3956472432473674e-06,4.694094286605832e-07,1.464204956391768e-06,6.371827475959435e-05,0.9999306201934814,9.941578582584043e-07
ISIC_0028222,nv,nv,0.028479281812906265,0.05841828137636185,0.21908901631832123,0.026879847049713135,0.01964009739458561,0.6369289755821228,0.010564490221440792
ISIC_0026237,nv,nv,1.4263892808230594e-05,1.1068545973103028e-05,0.00022521347273141146,0.00014569579798262566,8.756497118156403e-05,0.9994922876358032,2.3870081349741668e-05
ISIC_0027548,nv,nv,1.1283193543931702e-06,1.5121465821721358e-06,8.113455805869307e-06,5.820375463372329e-06,5.7399207435082644e-05,0.9999074935913086,1.84325053851353e-05
ISIC_0028961,nv,nv,1.2503411426223465e-06,4.828813689528033e-05,0.00010320870205760002,3.892103450198192e-06,1.3929335182183422e-05,0.9997971653938293,3.229926369385794e-05
ISIC_0030053,nv,nv,7.250905764522031e-05,9.976191904570442e-06,8.970400085672736e-05,5.968261757516302e-05,0.0017050383612513542,0.9980518817901611,1.1216512575629167e-05
ISIC_0025789,nv,nv,3.7035360378467885e-07,5.021681204198103e-07,1.0331805242458358e-06,1.0409204378447612e-06,3.1404833862325177e-05,0.9999644756317139,1.1785043625422986e-06
ISIC_0030184,nv,nv,8.060321192715492e-07,5.7073549442066e-07,2.3485635836095753e-07,2.2348865513777127e-06,0.0001652812643442303,0.9998283386230469,2.5017989173647948e-06
ISIC_0031501,nv,nv,8.22534548206022e-06,0.0001778828736860305,1.3165492418920621e-05,0.00033201626501977444,0.00010427647066535428,0.9993324875831604,3.195679164491594e-05
ISIC_0029354,nv,nv,4.256367537891492e-05,0.00016865755605977029,0.00017629926151130348,9.554859570926055e-05,0.014832768589258194,0.9846401214599609,4.407918459037319e-05
ISIC_0033356,nv,nv,8.82079348230036e-07,1.697623588370334e-07,7.692540293646744e-07,1.7516431398689747e-06,2.6280765723640798e-06,0.9999933242797852,5.212429528000939e-07
ISIC_0031158,nv,nv,1.5748230453027645e-06,5.627392511087237e-06,1.761897465257789e-06,0.0005762985092587769,9.841410792432725e-05,0.9993035793304443,1.2692473319475539e-05
ISIC_0033846,nv,mel,1.0173079317610245e-05,0.00033885519951581955,9.133380444836803e-06,6.78087308187969e-05,0.6494861841201782,0.35005971789360046,2.8175540137453936e-05
ISIC_0032691,nv,nv,1.1645170161500573e-06,3.7635868466168176e-06,1.8018451442003425e-07,8.838194844429381e-06,0.0008123830775730312,0.9991410970687866,3.248165739933029e-05
ISIC_0032891,nv,nv,4.0869824147193867e-07,5.326638756741886e-07,5.019196578359697e-06,1.7403126548742875e-06,7.625010039191693e-05,0.9999134540557861,2.6548191272013355e-06
ISIC_0033348,nv,nv,1.1613013839451014e-06,1.131645717578067e-06,2.6520126539253397e-07,2.765190174613963e-06,0.00016936911561060697,0.9998242259025574,1.2132671827203012e-06
ISIC_0033048,nv,nv,4.719117896456737e-06,9.176606567962153e-07,3.5525840758054983e-07,1.5558192899334244e-05,0.0022573398891836405,0.9977191090583801,1.8678869082577876e-06
ISIC_0026618,nv,nv,3.8064454201958142e-06,2.914211336246808e-06,4.2983492676285096e-06,3.8680125726386905e-05,2.527405376895331e-05,0.9999172687530518,7.913341505627614e-06
ISIC_0025456,nv,nv,1.1682653422440126e-07,1.7865212953438458e-07,6.694891681036097e-07,1.1029412689822493e-06,1.765474507919862e-06,0.9999954700469971,8.075396067397378e-07
ISIC_0033549,nv,nv,6.475661848526215e-06,2.52407312473224e-06,3.4565728128654882e-06,2.0625075194402598e-05,0.006275253836065531,0.9936842322349548,7.495182671846123e-06
ISIC_0025239,nv,nv,1.6833717381814495e-05,9.728978511702735e-06,0.000394605565816164,1.0437580385769252e-05,0.0857316106557846,0.913820207118988,1.6568690625717863e-05
ISIC_0034234,nv,nv,8.06222487881314e-07,8.435178528998222e-07,7.807747692822886e-07,3.256257741668378e-06,9.87070507108001e-06,0.9999796152114868,4.858871307078516e-06
ISIC_0034274,nv,nv,2.1521556448078627e-07,6.061169415261247e-07,3.6824712879024446e-07,1.4978764966144809e-06,9.499851148575544e-05,0.9999005794525146,1.7203680044985958e-06
ISIC_0033759,nv,nv,2.402540985713131e-06,1.197908886751975e-06,2.579220108600566e-06,6.583750291611068e-06,0.0001571327302372083,0.9998276233673096,2.518869223422371e-06
ISIC_0033386,nv,nv,8.62972046888899e-06,5.778322883998044e-05,0.005488066468387842,1.0972657037200406e-05,0.00040668126894161105,0.9940107464790344,1.6976478946162388e-05
ISIC_0033253,nv,nv,0.00016948548727668822,3.069739250349812e-05,8.520558913005516e-05,3.9815568015910685e-05,0.4000132083892822,0.5996294617652893,3.215589822502807e-05
ISIC_0033974,nv,nv,6.101583039708203e-06,2.685076651687268e-06,7.8640878200531e-06,1.8662590264284518e-06,0.0017040511593222618,0.9982748031616211,2.508807938284008e-06
ISIC_0025978,nv,nv,2.1437599571072496e-06,4.6674713303218596e-06,3.3274400266236626e-06,1.4756620657863095e-05,0.0005252941627986729,0.9994428753852844,6.921039584995015e-06
ISIC_0025786,nv,nv,8.79546769283479e-06,4.9094128371507395e-06,6.174318968987791e-06,5.798538495582761e-06,3.265062332502566e-05,0.9999384880065918,3.1169365684036165e-06
ISIC_0025525,nv,nv,9.19789817999117e-06,3.3872788662847597e-06,4.364327196526574e-06,1.5329122106777504e-05,9.288002729590517e-06,0.999954342842102,4.041145530209178e-06
ISIC_0027847,nv,nv,0.0004173174675088376,7.8257879067678e-05,0.00016143228276632726,4.276098479749635e-05,0.09106810390949249,0.9081330299377441,9.906054037855938e-05
ISIC_0028780,nv,nv,5.63369894734933e-07,2.3399081783281872e-07,1.739122012622829e-06,1.158899408437719e-06,2.8376189220580272e-06,0.999992847442627,6.209219804986787e-07
ISIC_0031988,nv,nv,1.0022279184340732e-06,8.623446206001972e-07,2.2676839250834746e-07,3.3157355119328713e-06,4.21864606323652e-05,0.9999511241912842,1.3194495522839134e-06
ISIC_0029662,nv,nv,7.856787647142482e-07,2.5140991510852473e-07,7.219571216410259e-07,5.997250696054834e-07,1.8929553334601223e-05,0.9999781847000122,5.403729232966725e-07
ISIC_0025001,nv,nv,6.64272465655813e-06,1.4241846884033293e-06,2.6061482003569836e-06,1.806470208975952e-05,0.0006148964166641235,0.9993489384651184,7.3388705459365156e-06
ISIC_0028500,nv,nv,1.5483357856282964e-05,0.00012588905519805849,9.641462384024635e-06,0.0001365196076221764,0.05978410318493843,0.939864456653595,6.392085924744606e-05
ISIC_0025262,nv,nv,3.1838139875617344e-06,3.581176497391425e-05,2.8428057703422382e-05,2.4108523575705476e-05,0.0013189931632950902,0.998570442199707,1.895729837997351e-05
ISIC_0029348,nv,nv,1.0696247045416385e-05,5.011272878618911e-05,0.00087230239296332,2.2204329070518725e-05,0.002283400623127818,0.9967153072357178,4.5992517698323354e-05
ISIC_0030429,nv,bcc,0.0011915047653019428,0.9642716646194458,0.005624187178909779,0.000274049089057371,0.0002452775079291314,0.027025844901800156,0.0013675079680979252
ISIC_0030899,nv,nv,0.00010821539035532624,0.0003678584471344948,0.005738453008234501,3.235202166251838e-05,0.029888909310102463,0.963808536529541,5.558351767831482e-05
ISIC_0032641,nv,nv,5.510360665539338e-07,7.768667842356081e-07,1.20049435281544e-06,1.1988308870058972e-06,0.0009337132796645164,0.9990621209144592,4.356747638212255e-07
ISIC_0032717,nv,nv,3.794944234414288e-07,4.3586496190073376e-07,3.1239648023984046e-07,4.599517637871031e-07,1.928847086674068e-05,0.99997878074646,2.5537573833389615e-07
ISIC_0032651,nv,nv,2.3919093905533373e-07,2.37212120168806e-07,2.178753817361212e-07,8.670406259625452e-07,3.2623236620565876e-05,0.9999651908874512,5.973906240797078e-07
ISIC_0033503,nv,mel,0.00017054851923603565,2.5620160158723593e-05,0.00044857297325506806,5.393049377744319e-06,0.8805851936340332,0.11875786632299423,6.726496394549031e-06
ISIC_0033795,nv,mel,7.303900929400697e-05,2.9355318474699743e-05,0.0014092508936300874,8.49196203489555e-06,0.9840076565742493,0.01445807982236147,1.4156787983665708e-05
ISIC_0033100,nv,nv,0.001992485485970974,0.0004203111748211086,0.01646273024380207,0.0006442700396291912,0.0034176402259618044,0.9768973588943481,0.0001652399660088122
ISIC_0033388,nv,nv,1.0237600918117096e-06,1.1644447113212664e-06,1.210850132338237e-05,1.6958640571829164e-06,3.8243262679316103e-05,0.9999408721923828,4.840821475227131e-06
ISIC_0032811,nv,nv,2.407572083029663e-06,4.6570428935410746e-07,3.372494029463269e-05,8.620140192761028e-07,7.143209586502053e-06,0.9999549388885498,4.134986681947339e-07
ISIC_0033370,nv,nv,4.377272034616908e-06,1.3301476428750902e-05,7.031908353383187e-06,2.3990680347196758e-05,0.00022227810404729098,0.9997223019599915,6.696648142678896e-06
ISIC_0033521,nv,nv,5.212411338106904e-07,3.583118370897864e-07,1.919657279358944e-06,1.3871440387447365e-06,6.263164777919883e-06,0.9999890327453613,4.449759387625818e-07
ISIC_0032623,nv,nv,5.6170642892539036e-06,2.0469417449930916e-06,6.64999897708185e-05,6.873322945466498e-06,2.6774881916935556e-05,0.9998905658721924,1.5403178394990391e-06
ISIC_0032821,nv,nv,1.8464814957042108e-06,2.5120673399214866e-06,6.874732321193733e-07,1.0359852240071632e-05,0.001172661897726357,0.9988046884536743,7.285417723323917e-06
ISIC_0034133,nv,nv,2.500622713341727e-07,6.699823416056461e-07,3.9760934669175185e-06,7.501442951252102e-07,0.00021709293650928885,0.999776303768158,1.012758161778038e-06
ISIC_0034152,nv,nv,9.071098929780419e-07,0.0006205649697221816,0.0001361002359772101,4.8844322009244934e-05,4.7900863137329e-05,0.9991247057914734,2.0998386389692314e-05
ISIC_0034020,nv,nv,7.137155989767052e-06,2.6091003746842034e-05,0.019370369613170624,0.00039592376560904086,9.631269676901866e-06,0.980130672454834,6.014500104356557e-05
ISIC_0034273,nv,nv,4.7271390712921857e-07,3.3877256555570057e-07,2.375450094405096e-07,9.501293334324146e-07,5.633449472952634e-05,0.9999408721923828,7.143616471694259e-07
ISIC_0033633,nv,nv,9.532770491205156e-06,6.17643745499663e-05,0.0013572804164141417,1.187477300845785e-05,0.46050527691841125,0.5379299521446228,0.00012429218622855842
ISIC_0032948,nv,nv,1.366224068988231e-06,3.783515296618134e-07,1.1320682915538782e-06,2.9770440050924663e-06,7.280748832272366e-05,0.999919056892395,2.2382803308573784e-06
ISIC_0033657,nv,nv,7.072321022860706e-05,4.4600437831832096e-05,0.00017878497601486742,0.00041008307016454637,0.12193623930215836,0.8772768378257751,8.278471796074882e-05
ISIC_0033837,nv,nv,1.9038770915358327e-06,9.215569320986106e-07,4.336811343819136e-06,3.612169166444801e-06,0.0008682440966367722,0.9991137385368347,7.201958396763075e-06
ISIC_0032612,nv,nv,7.250857265717059e-07,4.4270285570746637e-07,4.705990477305022e-07,2.5612798708607443e-06,0.0010143404360860586,0.9989765882492065,4.762519438372692e-06
ISIC_0034039,nv,nv,1.590893475622579e-06,5.251200150269142e-07,2.505007898889744e-07,1.4768599612580147e-05,9.859436977421865e-05,0.9998040795326233,8.025862189242616e-05
ISIC_0033071,nv,nv,3.6346821161714615e-06,3.919581558875507e-06,0.0007944708340801299,6.270685116760433e-05,3.434194150031544e-05,0.9988307356834412,0.0002701324410736561
ISIC_0034086,nv,mel,4.361253559181932e-06,8.052346856857184e-06,4.862565674557118e-06,7.892519533925224e-06,0.9955975413322449,0.0043691908940672874,8.03476450528251e-06
ISIC_0033242,nv,nv,1.4432157513510901e-05,6.375843076966703e-05,0.00016554829198867083,3.644522075774148e-05,0.00010380040475865826,0.99956876039505,4.728179919766262e-05
ISIC_0032961,nv,nv,1.1075852626163396e-06,8.972560863185208e-07,1.3421453104456305e-06,6.352122454700293e-06,0.013834265992045403,0.9861530065536499,2.974279368572752e-06
ISIC_0034112,nv,nv,4.3031380414504383e-07,7.036027227513841e-07,3.1831609703658614e-07,1.5183782124950085e-06,0.00014038900553714484,0.9998553991317749,1.1386484857212054e-06
ISIC_0033838,nv,nv,1.0999227697539027e-06,3.017567280494404e-07,6.928034963493701e-07,3.7227900975267403e-06,2.9661698135896586e-05,0.9999632835388184,1.1662023098324426e-06
ISIC_0033990,nv,nv,0.0021875868551433086,0.00953017920255661,0.05765294283628464,0.002121578436344862,0.0567532554268837,0.8694897294044495,0.002264742972329259
ISIC_0034157,nv,nv,2.902897904277779e-06,1.0012835446104873e-05,6.49787170914351e-06,5.111447080707876e-06,0.00012008625344606116,0.9998261332511902,2.9311157049960457e-05
ISIC_0032770,nv,nv,6.9007946876809e-06,9.225754183717072e-06,2.7715798296412686e-06,0.00037841068115085363,0.040077660232782364,0.9595093131065369,1.5713409084128216e-05
ISIC_0034184,nv,nv,2.177142050641123e-06,5.331926331564318e-06,1.8508108041714877e-05,0.0001048136837198399,4.8734173105913214e-06,0.9998559951782227,8.301331035909243e-06
ISIC_0033385,nv,nv,4.630558396456763e-05,9.24442574614659e-05,0.014446180313825607,7.276613905560225e-05,0.025241391733288765,0.960017740726471,8.310669363709167e-05
ISIC_0033849,nv,nv,4.322133463574573e-06,8.362257517546823e-07,8.319974767800886e-06,5.624958430416882e-05,4.181984331808053e-05,0.9998849630355835,3.4979846077476395e-06
ISIC_0032885,nv,nv,7.569842068733124e-07,4.514287184065324e-07,1.5290619614916068e-07,3.7270444863679586e-06,0.00014259146701078862,0.9998513460159302,1.012122652355174e-06
ISIC_0032859,nv,nv,6.644622317253379e-06,4.634422566596186e-06,0.001128312200307846,2.575960024842061e-05,0.00013090527500025928,0.9986873269081116,1.640011578274425e-05
ISIC_0033138,nv,nv,6.952430453566194e-07,5.138466008247633e-07,4.762748915254633e-07,4.144948889006628e-06,1.6848132872837596e-05,0.9999746084213257,2.6997638542525237e-06
ISIC_0032728,nv,nv,5.857926907992805e-07,7.26762891645194e-07,5.042923021392198e-07,1.1226986316614784e-05,1.6314477761625312e-05,0.9999617338180542,8.912415978556965e-06
ISIC_0034044,nv,nv,3.09602313564028e-07,5.701174359273864e-07,8.059904530455242e-07,1.2992969686820288e-06,0.00030167438671924174,0.999693751335144,1.5835704516575788e-06
ISIC_0033763,nv,nv,1.5417737131429021e-06,1.979546368602314e-06,1.0517733244341798e-06,1.4774773262615781e-05,0.0023715542629361153,0.9975870847702026,2.1970221496303566e-05
ISIC_0033069,nv,nv,2.5472872948739678e-06,5.995189894747455e-06,3.85179146178416e-06,1.687325379862159e-06,0.00016545807011425495,0.9998170733451843,3.458398396105622e-06
ISIC_0032735,nv,nv,6.723652404616587e-06,1.3499568922270555e-05,1.0670282790670171e-05,5.488611350301653e-06,0.009294250048696995,0.9906631708145142,6.217478130565723e-06
ISIC_0032546,nv,nv,1.0389455383119639e-05,7.709299097768962e-05,0.00020258138829376549,5.742539542552549e-06,0.008296668529510498,0.9913977384567261,9.731856152939145e-06
ISIC_0033958,nv,nv,1.524987874290673e-05,6.433960516005754e-05,1.2992376468901057e-05,2.0651863451348618e-05,0.0026111607439816,0.9968383312225342,0.0004373032134026289
ISIC_0033016,nv,nv,9.143389615928754e-05,0.0001538847864139825,3.241889498895034e-05,0.0002514440566301346,0.1499508023262024,0.8492946624755859,0.000225358409807086
ISIC_0026810,nv,nv,3.1379322535940446e-06,3.987335276178783e-06,6.283796665229602e-06,2.7445616979093757e-06,0.01601632684469223,0.9839651584625244,2.451627551636193e-06
ISIC_0033351,nv,nv,1.8782859115162864e-05,3.1014442356536165e-06,4.366435405245284e-06,1.169605729955947e-05,0.00010872660641325638,0.9998518228530884,1.5292910120479064e-06
ISIC_0033131,nv,nv,1.0506330909265671e-05,2.5218175778718432e-06,2.9558104870375246e-05,1.94455587916309e-05,0.001240162760950625,0.9986818432807922,1.598751805431675e-05
ISIC_0032683,nv,nv,4.606930360750994e-06,5.648988008033484e-06,0.000254931568633765,1.1322390491841361e-05,0.00028764456510543823,0.9994239807128906,1.1923967576876748e-05
ISIC_0032971,nv,nv,1.003647525976703e-06,8.431754281446047e-07,3.256814352425863e-06,1.5432278814841993e-05,1.1753668331948575e-05,0.999958872795105,8.842991519486532e-06
ISIC_0034224,nv,nv,8.100701961666346e-06,1.9334749595145695e-05,1.3993109178045415e-06,8.331183926202357e-05,0.008818487636744976,0.9910506010055542,1.878130206023343e-05
ISIC_0032587,nv,nv,0.0003267267602495849,3.441507715251646e-06,4.5227388909552246e-05,0.0002629471418913454,0.039602600038051605,0.959738552570343,2.061198028968647e-05
ISIC_0034300,nv,nv,9.544519343762659e-07,3.4772159551721415e-07,4.777042477144278e-07,6.035774276824668e-06,1.4355647408592631e-06,0.9999891519546509,1.5401450355057023e-06
ISIC_0032609,nv,nv,8.520976848558348e-07,5.959002464805963e-07,3.807067798788921e-07,8.784912097326014e-06,3.5463631320453715e-06,0.999981164932251,4.653007181332214e-06
ISIC_0033729,nv,nv,8.3678821738431e-07,3.2246018122350506e-07,1.8150093410440604e-06,9.898949429043569e-07,1.616648478375282e-05,0.9999794960021973,4.174115417754365e-07
ISIC_0034307,nv,nv,1.2447479775801185e-06,1.2405203619891836e-07,8.501705792696157e-07,1.1171168807777576e-06,0.0010466153034940362,0.9989498257637024,3.4978086205228465e-07
ISIC_0032822,nv,nv,6.550380362568831e-07,1.0056060091301333e-05,0.0002918244863394648,1.6463242218378582e-06,0.0011078210081905127,0.9985843896865845,3.6999961139372317e-06
ISIC_0033976,nv,nv,0.0011335352901369333,0.0004196233639959246,0.0004407832748256624,0.0064843399450182915,0.4697456657886505,0.520409882068634,0.0013661544071510434
ISIC_0034314,nv,nv,1.060562453858438e-06,2.5287313292210456e-06,4.942577902511402e-07,2.320392468391219e-06,3.757796002901159e-05,0.9999539852142334,2.1315731828508433e-06
ISIC_0033983,nv,nv,1.9472632629913278e-05,2.2510948838316835e-05,3.421763176447712e-05,1.9420183889451437e-05,0.03521772101521492,0.9646748304367065,1.1718221685441677e-05
ISIC_0032541,nv,nv,4.92405490604142e-07,2.1484254375536693e-07,4.7377349687849346e-07,1.203784222525428e-06,3.608567931223661e-05,0.9999606609344482,9.005710808196454e-07
ISIC_0034190,nv,nv,1.3792269783152733e-05,0.0005429939483292401,5.636139576381538e-06,0.0002878535015042871,0.0005800989456474781,0.9552101492881775,0.04335939884185791
ISIC_0033961,nv,nv,3.1737963013256376e-07,3.9650177541261655e-07,1.751025990870403e-07,1.917235977089149e-06,5.318703915691003e-05,0.9999427795410156,1.3270720273794723e-06
ISIC_0033743,nv,nv,2.7377691367291845e-06,3.7123668334970716e-06,6.485829544544686e-06,7.895900125731714e-06,4.9781556299421936e-05,0.9999098777770996,1.9506027456372976e-05
ISIC_0034149,nv,nv,8.594915925641544e-07,4.887642717221752e-07,1.3049944982412853e-06,1.568111088090518e-06,1.2422638064890634e-05,0.9999827146530151,6.793674174332409e-07
ISIC_0033887,nv,nv,7.532997869930114e-07,1.052786046784604e-06,3.067787588406645e-07,2.9528027880587615e-06,0.0015399130061268806,0.9984524250030518,2.597643970148056e-06
ISIC_0034073,nv,nv,9.05426631447881e-08,6.155204346214305e-07,6.430710755012115e-07,4.865314622293226e-07,8.304875336762052e-06,0.9999892711639404,5.580026254392578e-07
ISIC_0033107,nv,nv,1.8149839888792485e-06,1.09309985418804e-06,1.9503158910083584e-06,2.23201504923054e-06,0.0002024253481067717,0.9997891783714294,1.2527098078862764e-06
ISIC_0034078,nv,nv,5.768076789536281e-07,1.6883747093743295e-06,4.148340394749539e-06,1.818933242248022e-06,0.008596278727054596,0.9913950562477112,5.585138183050731e-07
ISIC_0033658,nv,nv,9.89970430964604e-06,1.4631344129156787e-05,7.866059604566544e-05,9.857804252533242e-05,0.01634594425559044,0.9832116961479187,0.00024053645029198378
ISIC_0032908,nv,nv,0.00017437004134990275,0.0009692487656138837,0.001168325892649591,5.059077375335619e-05,0.007789927534759045,0.9897998571395874,4.778158472618088e-05
ISIC_0034203,nv,nv,0.00010449441469972953,0.010542853735387325,3.8114230846986175e-05,0.002165975049138069,0.0006782759446650743,0.9725481271743774,0.013922222889959812
ISIC_0033188,nv,nv,6.901236133671773e-07,1.3184033775814896e-07,4.3769890112344e-07,8.316656021634117e-07,0.00033835964859463274,0.9996591806411743,3.550213136804814e-07
ISIC_0034232,nv,nv,1.7960997865884565e-05,5.7527649914845824e-06,6.280521120061167e-06,3.4703738492680714e-05,0.0018761747051030397,0.9980452060699463,1.3907579159422312e-05
ISIC_0033649,nv,nv,6.348021270241588e-05,5.11650705448119e-06,0.00022323969460558146,2.0063464035047218e-05,4.6083408960839733e-05,0.9996225833892822,1.9426119251875207e-05
ISIC_0032820,nv,nv,8.042616173042916e-07,8.996203746391984e-07,1.5587161783514603e-07,3.7641839298885316e-06,0.00017406548431608826,0.9998181462287903,2.109012257278664e-06
ISIC_0032813,nv,nv,9.733394108479843e-07,8.779462632446666e-07,1.6320823306159582e-06,6.853999366285279e-06,0.0002966784522868693,0.9996874332427979,5.511803919944214e-06
ISIC_0033194,nv,nv,8.521208201273112e-07,1.6184728792723035e-06,3.344881861266913e-06,2.9569814614660572e-06,2.103123188135214e-05,0.9999663829803467,3.733087169166538e-06
ISIC_0032620,nv,nv,6.3999077610787936e-06,3.876725895679556e-05,0.00022107199765741825,9.522893378743902e-06,0.0010582219110801816,0.998636782169342,2.9235947295092046e-05
ISIC_0030420,nv,nv,5.194095592742087e-06,3.383469447726384e-05,0.002126639476045966,1.4863015167065896e-05,0.00044701003935188055,0.9973006844520569,7.176028157118708e-05
ISIC_0033711,nv,nv,4.639414783014217e-06,1.5431209021699033e-06,0.0003762581036426127,2.4193483113776892e-05,0.0001255531096830964,0.9994648098945618,2.984646926051937e-06
ISIC_0034084,nv,nv,4.7339162847492844e-05,5.151460300112376e-06,8.662150321470108e-06,0.00029652766534127295,3.6713097415486118e-06,0.9996243715286255,1.4335973901324905e-05
ISIC_0032625,nv,nv,1.3574984222941566e-05,3.2313168958353344e-06,2.2751106371288188e-05,2.2915708541404456e-05,0.03556001931428909,0.9643679857254028,9.513096301816404e-06
ISIC_0032974,nv,nv,1.6456435332656838e-05,0.010546556673943996,0.0007950655417516828,0.0010463311336934566,0.007019159849733114,0.9782235026359558,0.0023529070895165205
ISIC_0032650,nv,nv,2.6191078177362215e-06,1.8933161527456832e-06,2.1459277377289254e-06,4.232303581375163e-06,0.004350717179477215,0.9956355690956116,2.8324438972049393e-06
ISIC_0032769,nv,nv,4.2783635763044e-06,2.5258889309043298e-06,2.3855050130805466e-06,3.5435678000794724e-06,0.006556942593306303,0.9934265613555908,3.7690376757382182e-06
ISIC_0033922,nv,nv,2.861678467525053e-07,2.3813026928110048e-07,1.4560498584614834e-07,6.628293931498774e-07,3.891960295732133e-05,0.9999592304229736,4.5840263851459895e-07
ISIC_0033075,nv,nv,4.015935815004923e-07,8.828822615214449e-07,9.031307968143665e-07,7.820963787708024e-07,2.9486594939953648e-05,0.9999666213989258,9.204456432598818e-07
ISIC_0032574,nv,nv,8.969417422122206e-07,0.00046637331251986325,1.676520514592994e-05,7.283261311386013e-06,0.00042231896077282727,0.999078631401062,7.76462366047781e-06
ISIC_0033661,nv,nv,4.8278448048222344e-06,0.0024822386913001537,1.9543917005648836e-05,0.00018738045764621347,4.787979196407832e-05,0.9945231676101685,0.0027349700685590506
ISIC_0033116,nv,nv,3.6643603380071e-05,5.268972472549649e-06,1.3945365253675845e-06,0.00023735241848044097,0.00024802592815831304,0.999458372592926,1.301389784202911e-05
ISIC_0033876,nv,nv,2.6218312996206805e-06,4.4204858795637847e-07,3.7310107927623903e-06,1.3325505278771743e-05,6.649866554653272e-05,0.9999116659164429,1.6878392443686607e-06
ISIC_0031482,nv,nv,7.765487680444494e-05,9.582423081155866e-05,0.00602965010330081,0.0002053905773209408,8.884980343282223e-05,0.9929312467575073,0.0005713834543712437
ISIC_0033433,nv,nv,0.00011681710020639002,1.4053382074052934e-05,0.00012114467972423881,2.8669312087004073e-05,5.802100713481195e-05,0.9996329545974731,2.828872857207898e-05
ISIC_0034127,nv,nv,1.0960970939777326e-06,4.528998488240177e-06,1.0020663467003033e-05,1.0310739526175894e-05,0.002052907133474946,0.9976796507835388,0.00024148460943251848
ISIC_0033111,nv,nv,3.046073118184722e-07,4.792109393747523e-07,4.5918247337795037e-07,2.6332406832807465e-06,0.00023132025671657175,0.9997592568397522,5.60353510081768e-06
ISIC_0034251,nv,nv,2.799440608214354e-07,2.8343488338578027e-06,4.3267382920930686e-07,1.3292993799041142e-06,0.00019181036623194814,0.9998002648353577,3.049024599022232e-06
ISIC_0033721,nv,nv,3.807488440088491e-07,7.705191364948405e-07,1.2415830497047864e-07,1.288861540160724e-06,1.0055413440568373e-05,0.9999858140945435,1.600665996193129e-06
ISIC_0032565,nv,mel,2.6693243853515014e-05,9.805035915633198e-06,6.292899342952296e-05,6.97760478942655e-05,0.7889655232429504,0.21085035800933838,1.480711125623202e-05
ISIC_0034261,nv,nv,2.1824943985393475e-07,8.219984692914295e-08,3.108038129084889e-07,1.354531264041725e-06,2.3190697902464308e-05,0.9999744892120361,3.526284899635357e-07
ISIC_0033939,nv,nv,2.6458571937837405e-06,3.3592232284718193e-07,2.272111260026577e-06,2.706722170842113e-06,2.023155138886068e-05,0.9999709129333496,8.840825103106909e-07
ISIC_0032772,nv,nv,5.202124157221988e-06,4.067730696988292e-05,9.833358490141109e-05,9.26882876228774e-06,0.02183176763355732,0.9778857231140137,0.00012895245163235813
ISIC_0032593,nv,nv,4.939615791954566e-07,4.949981189383834e-07,1.390151567193243e-07,2.1075520635349676e-06,4.812455881619826e-05,0.9999467134475708,1.9473186512186658e-06
ISIC_0031290,nv,nv,1.6254351066891104e-05,8.364771929336712e-06,0.00039915399975143373,1.6634605344734155e-05,0.000251870573265478,0.9992765784263611,3.117909000138752e-05
ISIC_0032657,nv,nv,5.058902843302349e-06,1.7793639926821925e-05,1.2337565067355172e-06,1.3180769201426301e-05,0.03761392831802368,0.9623308181762695,1.7947362721315585e-05
ISIC_0032605,nv,nv,1.670518486207584e-06,2.7138074187860184e-07,9.478470701651531e-07,5.400602844929381e-07,6.526007837237557e-06,0.9999897480010986,2.9916520816186676e-07
ISIC_0033771,nv,nv,6.835554131612298e-07,1.5609672345817671e-06,4.589600848703412e-06,4.27130453317659e-06,5.530192356673069e-05,0.9999313354492188,2.2022761640982935e-06
ISIC_0033102,nv,nv,7.855521744204452e-07,4.786055569638847e-07,2.621959254156536e-07,1.0566774108156096e-05,0.0006220482755452394,0.9993584752082825,7.318483312701574e-06
ISIC_0033564,nv,nv,7.204841949715046e-07,1.5195881815088796e-06,1.688799216026382e-06,2.2849953893455677e-06,0.00015501477173529565,0.9998346567153931,4.103882019990124e-06
ISIC_0032627,nv,nv,1.4138845472189132e-06,4.207755864626961e-06,1.4437136997003108e-06,1.2079745829396416e-05,0.0003525329229887575,0.9996052384376526,2.323467742826324e-05
ISIC_0032380,nv,nv,1.1013499801038051e-07,1.3502273077392601e-07,2.732827510953939e-07,8.415332786171348e-07,4.047473339596763e-06,0.9999940395355225,5.759643499914091e-07
ISIC_0028591,nv,nv,0.00010720446880441159,0.00012176761811133474,0.0002383180399192497,4.085478576598689e-05,0.004423028323799372,0.9949195981025696,0.00014919167733751237
ISIC_0033792,nv,nv,1.1168110631842865e-06,1.3235193137006718e-06,2.786415279842913e-05,2.770917262751027e-06,6.748777377652004e-05,0.9998961687088013,3.320138375784154e-06
ISIC_0034122,nv,nv,5.618937848339556e-08,9.843633819173192e-08,1.5170143115028623e-06,5.707072432414861e-07,3.043427796001197e-06,0.9999942779541016,3.962039158977859e-07
ISIC_0034247,nv,nv,4.110904967546958e-07,6.835482508904533e-07,1.0638432286214083e-05,4.881985660176724e-06,6.793993088649586e-05,0.999908447265625,6.981140813877573e-06
ISIC_0034191,nv,nv,8.594630003244674e-07,2.1411381112557137e-07,1.1928855201404076e-06,9.948964816430816e-07,3.6439760151552036e-06,0.9999923706054688,7.60658167564543e-07
ISIC_0034033,nv,nv,0.00010829672100953758,6.469168511102907e-06,0.00282141356728971,0.00029051187448203564,0.014907509088516235,0.9818434119224548,2.2469697796623223e-05
ISIC_0032752,nv,nv,7.599406217195792e-06,1.1886251741088927e-05,0.010729258880019188,1.8184930013376288e-05,1.4679100786452182e-05,0.9892131686210632,5.149213848198997e-06
ISIC_0033794,nv,nv,1.0794106856337748e-05,9.578191566106398e-06,0.2440381795167923,1.0400241080787964e-05,1.6218482414842583e-05,0.755909264087677,5.649780632666079e-06
ISIC_0032539,nv,nv,2.4008368200156838e-06,1.1411681271056295e-06,0.008525440469384193,4.20044034399325e-06,1.877175054687541e-05,0.9914445281028748,3.4887025321950205e-06
ISIC_0033277,nv,nv,1.1918716324998968e-07,4.6409269316427526e-07,1.7209252689553978e-07,7.624606723766192e-07,7.653197826584801e-06,0.9999903440475464,5.693605658052547e-07
ISIC_0033448,nv,nv,2.7679689651449735e-07,1.929054320726209e-07,5.141642986927764e-07,9.799143754207762e-07,9.44823057125177e-07,0.9999966621398926,4.595416669417318e-07
ISIC_0033036,nv,nv,1.5412923630719888e-06,4.216259128497768e-07,1.5295771049750329e-07,6.259014298848342e-06,0.00021827519231010228,0.9997724890708923,7.035826001811074e-07
ISIC_0033861,nv,mel,8.346006507053971e-05,1.7204783944180235e-05,0.005005720071494579,7.282716978807002e-05,0.8187945485115051,0.1759902685880661,3.602958167903125e-05
ISIC_0033147,nv,nv,6.0755646700272337e-05,2.284157289977884e-06,0.0007991211605258286,0.00010605050920275971,1.3592224604508374e-05,0.9989953637123108,2.275119004480075e-05
ISIC_0033740,nv,mel,8.579781933804043e-06,0.005599936004728079,5.8320933021605015e-05,1.0134639524039812e-05,0.9805361032485962,0.01377249974757433,1.4459458725468721e-05
ISIC_0033153,nv,nv,1.7493628092779545e-06,3.6475901765697927e-07,4.0162867662729695e-06,0.00012106047506676987,0.00037264826823957264,0.9994956254959106,4.5373722059594e-06
ISIC_0032848,nv,nv,1.4399837482415023e-06,1.2514100262706052e-06,3.3628143683017697e-06,2.0803359802812338e-05,0.00012120572500862181,0.9997896552085876,6.234145985217765e-05
ISIC_0033656,nv,nv,2.265915327370749e-06,9.744577482706518e-07,3.224442707505659e-06,0.0005100924172438681,4.426097348186886e-06,0.9994643330574036,1.4744698091817554e-05
ISIC_0029775,nv,nv,4.721282675745897e-05,2.472759661031887e-05,0.00036458985414355993,6.477237911894917e-05,0.07613778859376907,0.9232775568962097,8.328192052431405e-05
ISIC_0031460,nv,nv,0.00010950800060527399,3.0103989047347568e-05,1.2461434380384162e-05,0.00019055450684390962,0.19997188448905945,0.7996250987052917,6.041518645361066e-05
ISIC_0028540,nv,nv,3.970704369749001e-07,5.643277063427377e-07,3.440516138653038e-07,7.020145176284132e-07,1.53798555402318e-05,0.9999816417694092,9.519430932414252e-07
ISIC_0029704,nv,nv,2.035967554547824e-05,0.0002298119361512363,2.7128839974466246e-06,3.11462463287171e-05,0.050152525305747986,0.9495487213134766,1.476792931498494e-05
ISIC_0029809,nv,nv,2.8021027901559137e-05,1.5765697298775194e-06,2.2585292754229158e-05,3.107877273578197e-05,0.010567368939518929,0.9893369674682617,1.2372637684165966e-05
ISIC_0028538,nv,nv,6.613375944652944e-07,9.940026757249143e-07,1.1448186342022382e-05,4.937760422762949e-06,1.5962712495820597e-05,0.9999634027481079,2.739493083936395e-06
ISIC_0031796,nv,nv,1.1077848284912761e-05,3.355961553097586e-06,0.002026277594268322,0.00011452808394096792,3.757452077479684e-06,0.9978273510932922,1.3582458450400736e-05
ISIC_0026328,nv,nv,1.1831654774141498e-05,1.0315919780623517e-06,1.532960777694825e-05,1.8526380927141872e-06,0.0002711126289796084,0.999691367149353,7.413288130919682e-06
ISIC_0027567,nv,nv,6.764567660866305e-05,9.37770619202638e-06,8.623150642961264e-05,7.507314876420423e-05,0.0006090080132707953,0.9991361498832703,1.6593688997090794e-05
ISIC_0027942,nv,nv,8.104302651190665e-07,4.3063343468929816e-07,4.943304929838632e-07,9.23827519727638e-06,1.8353413906879723e-05,0.9999675750732422,3.1651170502300374e-06
ISIC_0030264,nv,nv,3.361032838711253e-07,3.1476301387556305e-07,3.646682955604774e-07,3.272201411164133e-06,5.112810413265834e-06,0.9999897480010986,9.025962981468183e-07
ISIC_0027052,nv,nv,1.015374664348201e-06,1.4728436326549854e-05,5.465229151013773e-06,1.902917392726522e-05,1.1587756489461754e-05,0.9998693466186523,7.876812014728785e-05
ISIC_0028894,nv,nv,0.00011982348951278254,7.355259731411934e-05,6.0702685004798695e-05,0.001944032497704029,0.003622870659455657,0.9940474033355713,0.00013158090587239712
ISIC_0025208,nv,nv,2.077266799460631e-06,2.589855830592569e-05,4.585673741530627e-05,1.3389759487836272e-06,9.851875074673444e-05,0.9998225569725037,3.900894171238178e-06
ISIC_0030840,nv,nv,2.9416320103337057e-05,3.7892584714427358e-06,0.009640127420425415,4.1619123294367455e-06,0.0016414346173405647,0.9886758327484131,5.253589279163862e-06
ISIC_0032291,nv,nv,3.1687327464169357e-06,2.3661389150220202e-06,1.986070628845482e-06,1.945980875461828e-05,0.00010910422133747488,0.9998408555984497,2.3012551537249237e-05
ISIC_0029566,nv,nv,1.766686182236299e-06,9.160867762147973e-07,4.467605947411357e-07,1.732841701596044e-05,2.4855353331076913e-05,0.9999481439590454,6.59894612908829e-06
ISIC_0026841,nv,nv,3.3198168694070773e-06,1.0378471415606327e-05,1.2715767070403672e-06,1.6165500710485503e-05,6.10516726737842e-05,0.9998871088027954,2.0699622837128118e-05
ISIC_0025945,nv,nv,3.4576862617541337e-06,4.745001660921844e-06,7.158895414249855e-07,2.0155441234237514e-05,7.495907630072907e-05,0.9998800754547119,1.5815374354133382e-05
ISIC_0031149,nv,nv,3.938835106964689e-06,7.256276603584411e-06,9.899202950691688e-07,1.500045254942961e-05,8.91671734279953e-05,0.9998629093170166,2.0694305931101553e-05
ISIC_0031360,nv,nv,3.0693834105477436e-06,1.869342304416932e-05,5.958783617643348e-07,9.824922017287463e-06,0.0001365190837532282,0.9998148083686829,1.6504283848917112e-05
ISIC_0032368,nv,nv,3.6681350934486545e-07,6.109096943873737e-07,3.5731369507630006e-07,8.531109756404476e-07,0.00044840225018560886,0.9995484948158264,9.753468930284726e-07
ISIC_0031905,nv,nv,1.369047254229372e-06,5.360261638998054e-06,2.1380737962317653e-06,2.697494437597925e-06,1.701676956145093e-05,0.9999634027481079,7.957358320709318e-06
ISIC_0025545,nv,nv,5.074520572634356e-07,4.5231183776195394e-07,2.6028391175714205e-07,7.0967289502732456e-06,2.6491491098568076e-06,0.9999850988388062,3.88761873182375e-06
ISIC_0024529,nv,nv,8.081532882897591e-07,2.505235840999376e-07,2.8824277364947193e-07,4.377493951324141e-06,3.9468257455155253e-05,0.9999521970748901,2.6023326427093707e-06
ISIC_0024355,nv,nv,2.930190134975419e-07,2.6514433670854487e-07,9.212202201069886e-08,1.2285887578400434e-06,3.756075238925405e-05,0.9999594688415527,1.191088927043893e-06
ISIC_0027423,nv,nv,1.3868066162103787e-05,2.878066516132094e-05,1.5014702512416989e-05,3.757542071980424e-05,0.00010497181938262656,0.9996986389160156,0.00010116466728504747
ISIC_0024587,nv,nv,1.2848303185819532e-06,6.302201427388354e-07,3.980866040365072e-06,1.1549201190064196e-05,0.0029424901586025953,0.9970197081565857,2.0399525965331122e-05
ISIC_0031541,nv,nv,2.0079140085726976e-05,0.00010133665637113154,1.5789624967510463e-06,0.0009196508908644319,1.8871262000175193e-05,0.9987144470214844,0.0002240443864138797
ISIC_0027596,nv,nv,1.962691021617502e-05,0.0004381407343316823,2.4353455501113785e-06,0.001049025566317141,3.40693150064908e-05,0.9979828596115112,0.00047376903239637613
ISIC_0031204,nv,nv,7.035346243355889e-07,6.393153171302401e-07,2.3307391074922634e-06,3.716881337822997e-06,2.5881077817757614e-05,0.9999579191207886,8.906680704967584e-06
ISIC_0024694,nv,nv,4.096105385542614e-06,1.1812509228548151e-06,8.390715038331109e-07,5.907624199608108e-06,0.00010896994353970513,0.9998757839202881,3.168798002661788e-06
ISIC_0025231,nv,nv,0.0023157100658863783,0.03194316849112511,0.0005880774115212262,0.02245345711708069,0.050166744738817215,0.8881157040596008,0.004417128395289183
ISIC_0027514,nv,nv,3.1351773941423744e-05,1.0027740245277528e-05,0.00012169858382549137,9.573726129019633e-05,0.027921753004193306,0.9716667532920837,0.0001525806001154706
ISIC_0029382,nv,nv,0.00033527929917909205,0.0008155294344760478,9.035062976181507e-05,4.722772428067401e-05,0.0007608939195051789,0.9978325963020325,0.00011816364713013172
ISIC_0031811,nv,nv,1.0754488357633818e-06,5.914396865591698e-07,2.34358452644301e-07,4.105303105461644e-06,5.019507079850882e-05,0.9999414682388306,2.330316192455939e-06
ISIC_0028390,nv,nv,3.3016908673744183e-07,5.005518346479221e-07,5.287849376145459e-07,5.453532139654271e-06,5.88380207773298e-05,0.9999297857284546,4.591502147377469e-06
ISIC_0029661,nv,nv,0.000926027656532824,6.486276834039018e-05,0.33253395557403564,0.0005613241228275001,0.00143461546394974,0.6643591523170471,0.0001199992184410803
ISIC_0028030,nv,nv,3.1656766168453032e-06,7.004788358244696e-07,2.28117258416205e-07,4.103362880414352e-05,9.521410902380012e-06,0.9999383687973022,7.036997430986958e-06
ISIC_0026030,nv,nv,9.180208508041687e-06,2.2574845388589893e-06,5.135147603141377e-06,9.299943485530093e-06,0.006289846263825893,0.9936756491661072,8.545566743123345e-06
ISIC_0032427,nv,nv,8.552013923690538e-07,1.2379261988826329e-06,6.301101620920235e-06,5.810923084936803e-06,5.807518755318597e-05,0.9999167919158936,1.0968408787448425e-05
ISIC_0031405,nv,nv,1.563336991239339e-05,6.124159426690312e-06,1.304896613874007e-06,0.0008981292485259473,0.0010258264373987913,0.9980090260505676,4.407095548231155e-05
ISIC_0027897,nv,nv,2.8456863674364286e-06,2.1381072656367905e-05,2.8658936571446247e-05,6.308725005510496e-06,4.666629592975369e-06,0.9997439980506897,0.00019218664965592325
ISIC_0032184,nv,nv,5.307772880769335e-06,4.2264059629815165e-06,0.00024465975002385676,1.6788755601737648e-05,0.0005864189588464797,0.9991347193717957,7.93228446127614e-06
ISIC_0031399,nv,nv,0.0004080232174601406,0.00026040890952572227,0.00012181200145278126,4.33219647675287e-05,0.014502761885523796,0.9846348166465759,2.888806011469569e-05
ISIC_0030621,nv,nv,6.812059291405603e-05,4.105287644051714e-06,0.0003317545051686466,1.595530193299055e-05,0.001178134698420763,0.9983855485916138,1.6442651030956767e-05
ISIC_0031510,nv,mel,0.0001499024365330115,4.8511014028918e-05,0.0005848728469572961,7.717431799392216e-06,0.9871786832809448,0.011999769136309624,3.049783299502451e-05
ISIC_0031483,nv,nv,3.86863302992424e-06,0.0006780894473195076,4.838861400457972e-07,1.655147752899211e-05,6.589228723896667e-05,0.9991877675056458,4.731193621410057e-05
ISIC_0032274,nv,nv,5.773269094788702e-06,1.1573879419302102e-06,2.1501846276805736e-05,9.603885700926185e-06,1.5707199736425537e-06,0.9999589920043945,1.3594486745205359e-06
ISIC_0025518,nv,nv,5.0443686632206663e-05,1.7265499991481192e-05,1.5298734069801867e-05,3.068493970204145e-05,0.021690111607313156,0.9781665802001953,2.9583019568235613e-05
ISIC_0025181,nv,nv,3.278956455687876e-06,2.023891738645034e-06,1.463467015128117e-06,2.5925548925442854e-06,6.890668737469241e-05,0.9999195337295532,2.1808546080137603e-06
ISIC_0031603,nv,mel,0.0006579307955689728,0.00020122372370678931,0.00020477180078160018,5.318951662047766e-05,0.7162780165672302,0.2825242280960083,8.064664871199057e-05
ISIC_0029867,nv,nv,7.053456647554412e-05,6.942175969015807e-05,0.00020293440320529044,1.71719348145416e-05,0.00528982887044549,0.9943138360977173,3.62891805707477e-05
ISIC_0027045,nv,nv,2.2267186068347655e-05,1.678792068560142e-05,0.000116618764877785,5.104858701088233e-06,0.0001332214305875823,0.9997026324272156,3.2692628337827045e-06
ISIC_0025742,nv,nv,1.658120368119853e-06,1.40867734899075e-06,2.7845194381370675e-06,7.429518404933333e-07,1.7454307453590445e-05,0.9999752044677734,7.424170576086908e-07
ISIC_0031015,nv,nv,2.9845352855772944e-06,1.620870352780912e-05,6.037030857442005e-07,2.0845998733420856e-05,8.649920346215367e-06,0.9999488592147827,1.869750576588558e-06
ISIC_0030842,nv,nv,8.203024322028796e-07,3.2736721777837374e-07,2.067811465167324e-06,1.1835054465336725e-06,0.0001084533505490981,0.9998865127563477,6.056126835574105e-07
ISIC_0028598,nv,nv,0.0003287385916337371,2.8123326956119854e-06,3.787615059991367e-05,0.00013889340334571898,0.00028162618400529027,0.9991989731788635,1.1060127690143418e-05
ISIC_0026147,nv,nv,1.6917060463583766e-07,9.100187980948249e-08,7.076957899698755e-07,8.20734726403316e-07,1.171545864053769e-05,0.9999861717224121,2.8699054155367776e-07
ISIC_0025340,nv,nv,8.261819175459095e-07,2.990381346990034e-07,2.3555494408356026e-06,8.059443530328281e-07,0.00039835358620621264,0.9995965361595154,7.288353458534402e-07
ISIC_0025657,nv,nv,7.75064620484045e-07,6.402975714081549e-07,8.015727530619188e-07,2.480041075614281e-06,0.00015035210526548326,0.9998441934585571,7.398652428491914e-07
ISIC_0026615,nv,nv,1.1503128007461783e-05,0.0010273742955178022,0.0011267756344750524,0.00030521443113684654,0.008204741403460503,0.9883052110671997,0.0010192126501351595
ISIC_0031934,nv,nv,5.700765086658066e-06,4.3464615373522975e-06,5.748908279201714e-06,1.280130436498439e-05,0.00027185981161892414,0.9996920824050903,7.559010100521846e-06
ISIC_0029583,nv,nv,3.798419493250549e-05,1.4855198742225184e-06,0.00013139106158632785,3.296417617093539e-06,7.14044799678959e-05,0.9997517466545105,2.676701569725992e-06
ISIC_0029121,nv,nv,2.316960035386728e-06,2.215452514064964e-05,1.7343028957839124e-05,3.2916450436459854e-06,0.005489522125571966,0.994458794593811,6.479312560259132e-06
ISIC_0031126,nv,nv,0.00898880884051323,0.03586107864975929,0.003848601831123233,0.0005874548223800957,0.0009678641799837351,0.9494025111198425,0.00034365913597866893
ISIC_0025506,nv,nv,1.8473814634489827e-05,2.9714685751969228e-06,2.8760758141288534e-05,4.7099561925278977e-05,0.0002521802089177072,0.9996466636657715,3.814560386672383e-06
ISIC_0030796,nv,mel,0.00012792959751095623,3.872170782415196e-05,8.94277254701592e-05,0.00029348506359383464,0.6905972957611084,0.30874717235565186,0.0001059107162291184
ISIC_0029197,nv,nv,7.10713095486426e-07,9.263888500754547e-07,1.2404528888509958e-06,1.608480374670762e-06,3.6156470741843805e-05,0.9999587535858154,6.85753661855415e-07
ISIC_0028408,nv,nv,1.8216725266029243e-06,3.212345745851053e-06,3.7631005511684634e-07,3.386422349649365e-06,0.0008778536575846374,0.9991105198860168,2.9068075946270255e-06
ISIC_0026404,nv,bkl,0.021637218073010445,0.0001955713814822957,0.9653735756874084,2.2867394363856874e-05,0.011364996433258057,0.001383214839734137,2.243198650830891e-05
ISIC_0029298,nv,nv,2.842378307832405e-05,1.3532059710996691e-05,1.741894448059611e-05,1.878706279967446e-05,0.27666839957237244,0.7232274413108826,2.5945490051526576e-05
ISIC_0024790,nv,nv,7.729354933871946e-07,1.3728277963309665e-06,1.8193031792179681e-06,6.220058708095166e-07,2.0322736418165732e-06,0.9999926090240479,7.51850166125223e-07
ISIC_0028551,nv,nv,0.00015006461762823164,1.0921938155661337e-05,0.0020795504096895456,8.692892151884735e-06,9.612886788090691e-05,0.9976498484611511,4.772761258209357e-06
ISIC_0030962,nv,nv,1.6977791972294654e-07,3.273652282587136e-06,3.1707619996268477e-07,4.0947139723357395e-07,1.821542355173733e-06,0.9999904632568359,3.6235885545465862e-06
ISIC_0025926,nv,akiec,0.4892348051071167,0.017962660640478134,0.0003684479452203959,0.46152496337890625,0.009885086677968502,0.01589137688279152,0.005132647696882486
ISIC_0026741,nv,nv,8.423214126196399e-07,2.755791967956611e-07,6.110063281994371e-07,2.046953341050539e-06,1.7453647160436958e-05,0.9999783039093018,5.103726721245039e-07
ISIC_0032243,nv,nv,1.2287219760764856e-05,1.2908008102385793e-06,5.012721430830425e-06,3.932249910576502e-06,0.0011349015403538942,0.9988407492637634,1.780187631084118e-06
ISIC_0031363,nv,nv,1.2698097634711303e-05,1.9428327959758462e-06,1.2767774023814127e-05,4.531460945145227e-06,2.7752646474255016e-06,0.9999637603759766,1.505869249740499e-06
ISIC_0026398,nv,nv,3.0053283808229025e-06,1.063265926859458e-06,8.988418471744808e-07,3.4528759442764567e-06,7.232405187096447e-05,0.9999183416366577,9.253359962713148e-07
ISIC_0030416,nv,nv,0.0007028932450339198,0.0002400652738288045,0.02701374888420105,4.558622094918974e-05,0.11075242608785629,0.8611236214637756,0.0001216213422594592
ISIC_0031451,nv,nv,1.5824609363335185e-05,0.004455483518540859,1.4103162584433449e-06,0.0007519596256315708,0.0003143186622764915,0.9943609833717346,0.0001000253832899034
ISIC_0030115,nv,mel,0.0001328615180682391,0.00021579049644060433,0.00047905996325425804,7.940623618196696e-05,0.9778925776481628,0.021174857392907143,2.5368553906446323e-05
ISIC_0025784,nv,mel,0.0002449385938234627,1.3328609384188894e-05,5.493486241903156e-06,1.2742407307086978e-05,0.9986453652381897,0.0010720865102484822,6.102886800363194e-06
ISIC_0027928,nv,nv,6.050404408597387e-06,6.99991460351157e-06,9.236852929461747e-05,2.375474196014693e-06,0.00012939235602971166,0.9997608065605164,1.971037818293553e-06
ISIC_0027466,nv,mel,5.673477971868124e-06,9.89211730484385e-06,8.407337736571208e-05,2.041633524640929e-05,0.6648285388946533,0.33504191040992737,9.43269878916908e-06
ISIC_0026414,nv,mel,0.06087079644203186,0.00017327014938928187,0.022616904228925705,0.00014361806097440422,0.8062561750411987,0.10990182310342789,3.7344438169384375e-05
ISIC_0024926,nv,nv,5.190016509004636e-06,5.554481958824908e-06,1.0190819011768326e-05,1.7969612599699758e-05,4.113710929232184e-06,0.99993896484375,1.7879458027891815e-05
ISIC_0026559,nv,nv,1.9124730897601694e-05,2.387473614362534e-06,0.003460745560005307,8.527022146154195e-06,0.0006874927203170955,0.9958168864250183,4.811954568140209e-06
ISIC_0031708,nv,nv,1.4346131138154306e-05,4.133810307394015e-06,7.385410299320938e-06,6.252730963751674e-05,0.3967479467391968,0.6031560897827148,7.529989943577675e-06
ISIC_0024356,nv,nv,2.5934736186172813e-05,7.033281690382864e-06,0.0024718178901821375,1.0331956218578853e-05,2.70017480943352e-05,0.9974470138549805,1.0836692126758862e-05
ISIC_0031838,nv,nv,5.054942903370829e-06,1.5987812957973802e-06,1.0232703061774373e-05,4.366352641227422e-06,7.128119614208117e-05,0.9999043941497803,3.0676305868837517e-06
ISIC_0030253,nv,nv,0.0005627079517580569,0.0004537418426480144,0.003708845004439354,0.012040031142532825,0.10182181000709534,0.8805646896362305,0.0008480797987431288
ISIC_0029733,nv,nv,9.603426178728114e-07,0.0010691258357837796,1.7475869753980078e-05,3.9595911403012e-06,8.76910962688271e-06,0.9988956451416016,4.146450919506606e-06
ISIC_0029054,nv,nv,9.970028622774407e-05,1.4236077731766272e-05,0.00023164988670032471,1.2320074347371701e-05,0.06955385208129883,0.9300811886787415,7.06400260241935e-06
ISIC_0030069,nv,nv,1.30228829675616e-06,4.129995545554266e-07,2.3750035325065255e-06,1.1186372148586088e-06,0.0004721668956335634,0.9995216131210327,1.0971891697408864e-06
ISIC_0025088,nv,nv,3.7872737266297918e-06,1.4133084960121778e-06,1.527931453892961e-05,3.814121100731427e-06,0.0001444868976250291,0.999829888343811,1.3420234381555929e-06
ISIC_0026786,nv,bkl,0.05210821330547333,0.09494582563638687,0.4892394244670868,0.06131097674369812,0.022779833525419235,0.2693225145339966,0.010293223895132542
ISIC_0027461,nv,nv,2.9776883820886724e-06,2.1960127583042777e-07,5.24961797054857e-06,9.657645705374307e-07,3.886145805154229e-06,0.9999856948852539,1.0468320397194475e-06
ISIC_0026076,nv,mel,0.0001022452415782027,1.2065926966897678e-05,5.631441126752179e-06,5.0009446567855775e-05,0.7723037600517273,0.2274995893239975,2.6687248464440927e-05
ISIC_0028441,nv,nv,0.001058536465279758,7.065960380714387e-05,8.384891407331452e-05,0.06833624094724655,0.0018212648574262857,0.9284381866455078,0.00019130764121655375
ISIC_0030313,nv,nv,1.6553543673580862e-06,3.668948011181783e-06,4.838745098822983e-06,8.178004463843536e-06,5.751294338551816e-06,0.998508870601654,0.0014669509837403893
ISIC_0025579,nv,nv,8.752942335377156e-07,9.950064168151584e-07,4.283689577277983e-06,2.2160356820677407e-06,0.0007480555213987827,0.9992411136627197,2.4591302008047933e-06
ISIC_0032459,nv,nv,1.5135030935198301e-06,1.7822543441070593e-06,9.74479644355597e-06,3.852424015349243e-06,4.854580765822902e-06,0.9999592304229736,1.9037799575016834e-05
ISIC_0025730,nv,nv,5.02415332448436e-07,2.0225973003107356e-06,4.725156941276509e-06,7.369752097474702e-07,4.752179665956646e-05,0.9999396800994873,4.856384293816518e-06
ISIC_0027066,nv,nv,6.155587470857427e-05,1.0127822861250024e-05,0.00018576499132905155,1.4732720046595205e-05,0.001941225491464138,0.9977717995643616,1.4812359950155951e-05
ISIC_0029465,nv,nv,0.0001054738022503443,1.5099372831173241e-05,0.0001914085150929168,1.2157298442616593e-05,0.24019011855125427,0.7594531178474426,3.2570351322647184e-05
ISIC_0025967,nv,nv,0.0005106812459416687,1.8397020539850928e-05,0.1283920556306839,0.00045417857472784817,0.00010842351184692234,0.8704533576965332,6.288994336500764e-05
ISIC_0027360,nv,bcc,0.0007231979980133474,0.3991697132587433,0.01894599013030529,6.389659392880276e-05,0.3489268720149994,0.23181211948394775,0.0003582782519515604
ISIC_0029554,nv,nv,7.194565114332363e-05,0.04590297490358353,0.0012279958464205265,3.123774513369426e-05,0.0009911148808896542,0.9517026543617249,7.218564132926986e-05
ISIC_0024578,nv,nv,3.5242246667621657e-06,2.7632620458462043e-07,3.6849223761237226e-06,2.5938947146642022e-05,3.2654791084496537e-06,0.9999626874923706,6.035945716575952e-07
ISIC_0025759,nv,nv,6.652391311945394e-05,9.929312909662258e-06,0.0010168722365051508,9.772666089702398e-05,3.4303811844438314e-05,0.9987574815750122,1.7229986042366363e-05
ISIC_0031366,nv,nv,8.662799518788233e-05,7.888662366895005e-06,0.001069230493158102,0.0001802179467631504,9.665525431046262e-05,0.998536229133606,2.3131648049457e-05
ISIC_0028310,nv,bcc,8.040847751544788e-05,0.9954001307487488,1.546770909044426e-05,0.00023034833429846913,0.00022022017219569534,0.003595551708713174,0.000457911315606907
ISIC_0028281,nv,nv,7.175676728365943e-06,2.0720583052025177e-05,0.00035009835846722126,1.1777398867707234e-05,1.0040059351013042e-05,0.9995869994163513,1.3125338227837346e-05
ISIC_0030598,nv,nv,0.019633546471595764,0.001858917297795415,0.00728974025696516,0.0006841187132522464,0.007021119352430105,0.9634215831756592,9.088182559935376e-05
ISIC_0028205,nv,nv,3.8452481021522544e-06,8.836203733153525e-07,4.741355496662436e-06,1.8846684497475508e-06,0.0002737183531280607,0.999714195728302,6.85287261603662e-07
ISIC_0025936,nv,nv,4.613398516539746e-07,1.2653170244902867e-07,5.043714850216929e-07,1.694471279733989e-06,2.9315404390217736e-05,0.999967098236084,8.287660762107407e-07
ISIC_0025179,nv,nv,0.0007408242090605199,0.0003088856756221503,0.1251462996006012,0.0001373808627249673,0.06812786310911179,0.8051343560218811,0.00040445468039251864
ISIC_0024441,nv,nv,4.633656772057293e-06,8.88167505763704e-07,9.310982932220213e-06,2.0117699932598043e-06,3.302022014395334e-05,0.9999488592147827,1.2930156572110718e-06
ISIC_0030534,nv,nv,9.400088856637012e-06,2.571358891145792e-06,1.6332078303094022e-05,1.1919672715521301e-06,2.929170659626834e-05,0.9999394416809082,1.7363792039759574e-06
ISIC_0031314,nv,nv,0.0025173239409923553,1.2764745406457223e-05,0.006306344177573919,0.00023087234876584262,3.942842886317521e-05,0.9908744096755981,1.885926212708e-05
ISIC_0031121,nv,nv,0.00018952888785861433,6.507436046376824e-05,0.033280495554208755,0.00010814746201504022,0.0017317801248282194,0.9644812941551208,0.00014360438217408955
ISIC_0031301,nv,nv,0.0003695774357765913,0.001426356378942728,0.14118215441703796,0.00017391613801009953,0.022567924112081528,0.8341540694236755,0.00012597966997418553
ISIC_0024882,nv,nv,1.8436540472066554e-07,2.254621449537808e-06,8.445784260402434e-06,2.820305269324308e-07,2.9640707452927018e-06,0.9999853372573853,6.224374828889268e-07
ISIC_0026956,nv,nv,1.2450665053620469e-05,0.00021555261628236622,7.223189641081262e-06,2.729045490923454e-06,5.052846245234832e-05,0.9996978044509888,1.3744538591708988e-05
ISIC_0031982,nv,nv,9.441777706342691e-07,1.3121750271238852e-05,3.254936700614053e-06,1.3947895922683529e-06,0.0008442853577435017,0.9991288781166077,8.174269169103354e-06
ISIC_0029833,nv,nv,9.044285980053246e-05,6.392542127287015e-05,0.05377882719039917,0.00011799191270256415,8.30168864922598e-05,0.9456996321678162,0.00016610196325927973
ISIC_0028736,nv,nv,5.3960106015438214e-05,1.2273510947125033e-05,0.00035651508369483054,1.595591675140895e-05,0.0007681464776396751,0.9987830519676208,1.0056583050754853e-05
ISIC_0024447,nv,nv,1.2185545301690581e-06,1.8352833421886317e-06,0.00020407863485161215,3.968425517086871e-06,1.5707180864410475e-05,0.99977046251297,2.81703137261502e-06
ISIC_0027498,nv,nv,2.3667998902965337e-06,1.6624262570985593e-05,3.15771067107562e-05,4.039888608531328e-06,0.0005644807824864984,0.999372661113739,8.202832759707235e-06
ISIC_0024657,nv,nv,1.2544402352432371e-06,1.1014163874278893e-06,1.5951789009704953e-06,2.4302473775605904e-06,6.285797280725092e-05,0.9999297857284546,1.0892396176132024e-06
ISIC_0032279,nv,nv,6.052491698937956e-07,6.238271453185007e-06,1.1466842124718823e-06,8.974474212664063e-07,1.1600842299230862e-05,0.9999775886535645,1.8700361579249147e-06
ISIC_0027922,nv,nv,9.75436923909001e-05,5.012234760215506e-05,0.004683488514274359,5.4247560910880566e-05,5.814128235215321e-05,0.9949784874916077,7.797216676408425e-05
ISIC_0027298,nv,nv,9.719158697407693e-06,4.548184733721428e-06,5.670822247338947e-06,3.0380858788703335e-06,0.0006398475379683077,0.9993343949317932,2.730307414822164e-06
ISIC_0032090,nv,nv,4.065997927682474e-05,0.00696179736405611,1.897458901112259e-06,4.421300036483444e-05,0.00038236353429965675,0.9924823641777039,8.669125236338004e-05
ISIC_0026048,nv,nv,1.5085363884281833e-05,8.708050813766022e-07,2.749204440988251e-06,5.7717338677321095e-06,1.9306788090034388e-05,0.999954342842102,1.979382659555995e-06
ISIC_0026753,nv,nv,3.163804649375379e-05,2.148059593309881e-06,0.00024738567299209535,3.0762050755583914e-06,8.085239096544683e-05,0.9996334314346313,1.3947488923804485e-06
ISIC_0025505,nv,nv,5.402154783951119e-06,0.00017368372937198728,1.4837605704087764e-06,6.4889140958257485e-06,0.00016507020336575806,0.9996405839920044,7.421966074616648e-06
ISIC_0025517,nv,nv,0.0026975958608090878,0.00019984686514362693,4.80569688079413e-05,0.0009730260353535414,0.260344535112381,0.7356178164482117,0.00011911660840269178
ISIC_0031238,nv,nv,0.007679111324250698,0.0009731024620123208,0.0039571127854287624,0.0027293844614177942,0.0045558493584394455,0.9770779609680176,0.003027567872777581
ISIC_0026297,nv,nv,4.133862967137247e-05,0.00023837474873289466,0.00022650242317467928,1.0970404218824115e-05,0.01430201530456543,0.9850831031799316,9.775233047548681e-05
ISIC_0030639,nv,nv,1.280733954445168e-06,1.4200972145772539e-05,3.2390198612120003e-06,3.3628352866799105e-06,2.7666665118886158e-05,0.9999464750289917,3.813583589362679e-06
ISIC_0025165,nv,nv,9.963700904336292e-07,6.1087445146768e-07,6.719541829625086e-07,2.7875323667103657e-06,2.507719545974396e-05,0.999969482421875,4.71719516781377e-07
ISIC_0025237,nv,nv,0.00031151861185207963,0.00017490333993919194,3.6006360460305586e-05,5.20523390150629e-05,0.0004993961192667484,0.9988718628883362,5.4178188293008134e-05
ISIC_0029390,nv,nv,6.503607437480241e-05,0.00011762526992242783,2.1032640233897837e-06,5.925296136410907e-05,0.0002916213124990463,0.9994310736656189,3.3331223676213995e-05
ISIC_0030663,nv,nv,0.000633477233350277,9.38384109758772e-05,0.010028516873717308,0.0002245493815280497,0.011328318156301975,0.9775646924972534,0.00012661669461522251
ISIC_0025422,nv,nv,3.0125354442134267e-06,4.402626473165583e-06,1.1294157957308926e-05,3.5092632515443256e-06,0.0004036407626699656,0.9995718598365784,2.28060275730968e-06
ISIC_0026665,nv,nv,6.186293376231333e-06,5.926860922045307e-07,1.0299708037564415e-06,5.3777189350512344e-06,2.5835463020484895e-05,0.9999600648880005,9.642802751841373e-07
ISIC_0027984,nv,nv,1.0561929229879752e-05,1.3937492440163624e-05,7.345257017732365e-06,5.585129474638961e-05,0.0021982365287840366,0.9976958632469177,1.8202237697551027e-05
ISIC_0026124,nv,nv,0.00040650489972904325,0.0030819259118288755,0.00012875607353635132,0.007766833063215017,0.0012103861663490534,0.9872692823410034,0.0001363680639769882
ISIC_0026711,nv,nv,4.0198997339757625e-06,4.705254923464963e-06,0.0002652085095178336,6.546251370309619e-06,0.0010405791690573096,0.9986760020256042,2.8023760023643263e-06
ISIC_0030176,nv,nv,1.0753198012025678e-06,6.627386710533756e-07,1.783385050657671e-05,1.1545726920303423e-05,5.043499550083652e-05,0.9999158382415771,2.591538986962405e-06
ISIC_0026580,nv,nv,1.5777230828462052e-06,1.7224464272658224e-06,1.5287179166989517e-06,1.1273639302089578e-06,1.3935399692854844e-05,0.9999797344207764,4.825781161343912e-07
ISIC_0025346,nv,mel,0.00015062716556712985,4.126794738112949e-05,0.00027672096621245146,2.5970390197471716e-05,0.7426390051841736,0.2568415105342865,2.501233211660292e-05
ISIC_0025540,nv,nv,9.29877205635421e-06,5.041994427301688e-06,1.1911198271263856e-05,4.6639521315228194e-05,0.09577666223049164,0.904092013835907,5.838932338519953e-05
ISIC_0032333,nv,mel,5.7334022130817175e-05,4.225844895699993e-05,3.15576144203078e-05,0.00024464871967211366,0.7219843864440918,0.2774627208709717,0.00017709114763420075
ISIC_0028596,nv,nv,2.1026935428380966e-05,4.6764394028286915e-06,0.014146825298666954,7.990387530298904e-05,8.229944796767086e-05,0.9856504797935486,1.4774908777326345e-05
ISIC_0024902,nv,nv,4.757698945923039e-07,5.873159238944936e-07,7.863987775635906e-06,1.1879221801791573e-06,5.333894023351604e-06,0.9999837875366211,7.138951332308352e-07
ISIC_0026676,nv,nv,1.1200055496374262e-06,1.948388444361626e-06,7.394089152512606e-06,1.7205934454977978e-06,0.00031642665271647274,0.9996693134307861,2.138093122994178e-06
ISIC_0032328,nv,nv,4.52768699688022e-06,9.64861646934878e-06,7.237245881697163e-06,0.00011246630310779437,0.020509403198957443,0.9792951345443726,6.159947952255607e-05
ISIC_0025193,nv,nv,5.972509825369343e-06,5.068764949101023e-06,2.768630292848684e-05,0.00042724719969555736,0.0003742394910659641,0.999129593372345,3.018175993929617e-05
ISIC_0026218,nv,nv,2.1460482457769103e-05,2.3196760139398975e-06,5.444754788186401e-05,5.251970378594706e-06,0.0002684409555513412,0.9996432065963745,4.899269697489217e-06
ISIC_0030155,nv,nv,1.1056997664127266e-06,5.655807058246864e-07,2.3290626813832205e-06,3.7265551782184048e-06,4.248746336088516e-06,0.999987006187439,1.0208218554907944e-06
ISIC_0028531,nv,nv,4.2075007513631135e-06,1.008862568596669e-06,0.00015377349336631596,7.91669481259305e-06,1.3460008631227538e-05,0.9998154044151306,4.33282230005716e-06
ISIC_0025446,nv,nv,0.00025283455033786595,8.550554775865749e-05,0.13588644564151764,0.0003452099917922169,0.0009032068774104118,0.8624030947685242,0.00012361932022031397
ISIC_0025647,nv,nv,0.00015800217806827277,4.306791743147187e-05,0.0001787682849681005,0.003476870246231556,0.3741420805454254,0.6216744780540466,0.0003267455322202295
ISIC_0026371,nv,nv,9.094528650166467e-06,2.784709977277089e-05,0.00019502681971061975,2.407200008747168e-05,1.937697561515961e-05,0.9997102618217468,1.420134231011616e-05
ISIC_0030019,nv,nv,1.8238780512547237e-06,2.071979906759225e-06,3.0410168960770534e-07,1.1070605069107842e-05,0.0014255403075367212,0.9985548853874207,4.313873432693072e-06
ISIC_0028042,nv,nv,6.476179237324686e-07,6.161994292597228e-07,6.864109309390187e-06,7.507604550482938e-06,0.0002455190697219223,0.9997318387031555,6.975057203817414e-06
ISIC_0030229,nv,nv,5.175555770620122e-07,1.1188221833435819e-06,3.7307308957679197e-06,3.5911671147914603e-06,1.718879684631247e-05,0.9999692440032959,4.67563813799643e-06
ISIC_0027133,nv,nv,1.0529633982514497e-06,1.8240832559968112e-06,9.94895117401029e-07,3.374633161001839e-05,0.0004175467765890062,0.9995238780975342,2.1034840756328776e-05
ISIC_0028756,nv,nv,1.4445253100348054e-06,3.399278966753627e-06,2.9657408049388323e-06,1.4667185496364255e-05,8.221793541451916e-05,0.9996665716171265,0.00022869632812216878
ISIC_0024818,nv,nv,1.2022358532703947e-05,3.128485332126729e-06,8.439028533757664e-06,3.5889511309505906e-06,0.004490436054766178,0.9954807758331299,1.7115961554736714e-06
ISIC_0025271,nv,nv,2.0481395495153265e-06,1.6364597286155913e-06,1.2911277735838667e-05,3.5981229302706197e-06,3.594626105041243e-05,0.9999425411224365,1.2913377531731385e-06
ISIC_0032042,nv,nv,0.0006786055164411664,0.00032236697734333575,0.012447316199541092,0.0006680783699266613,0.005331047344952822,0.9803362488746643,0.00021635759912896901
ISIC_0030589,nv,nv,0.00025564589304849505,0.00011009977606590837,8.205612539313734e-05,0.002000393345952034,0.0002516740933060646,0.9911802411079407,0.006119828671216965
ISIC_0027140,nv,nv,1.5168372158314014e-07,1.2607847565959673e-06,1.3309968949215545e-07,7.658015306333255e-07,1.1889431334566325e-05,0.9999840259552002,1.7605582343094284e-06
ISIC_0030404,nv,nv,9.059294825419784e-05,1.2660169886657968e-05,0.0002856908249668777,5.467881783260964e-05,0.0001360499591100961,0.999387264251709,3.308672967250459e-05
ISIC_0027311,nv,nv,9.003362720250152e-06,5.7098559409496374e-06,1.3751905498793349e-05,1.33075800476945e-05,0.0007814078708179295,0.99916672706604,1.0078981176775414e-05
ISIC_0031896,nv,nv,9.131316573984805e-07,1.672071562097699e-06,1.6685489754308946e-05,2.4643084088893374e-06,0.00011371946311555803,0.999860405921936,4.1141647670883685e-06
ISIC_0032388,nv,nv,7.076053407217842e-06,5.959112058917526e-06,8.39184649521485e-05,1.6152236639754847e-05,0.0010055211605504155,0.9988743662834167,6.958322501304792e-06
ISIC_0030299,nv,nv,2.6713647116594075e-07,6.793004558858229e-07,3.8859641904309683e-07,1.5108283832887537e-06,0.0005009304150007665,0.9994951486587524,9.870359463093337e-07
ISIC_0028866,nv,nv,2.4324930336661055e-07,1.732819896460569e-07,2.574804796040553e-07,8.474977448713616e-07,1.0223705430689733e-05,0.999987006187439,1.2843012200391968e-06
ISIC_0025253,nv,nv,1.2712822581306682e-06,1.2792995676136343e-06,8.11684276413871e-06,4.401437763590366e-06,0.00020003951794933528,0.9997814297676086,3.4155054891016334e-06
ISIC_0026190,nv,nv,1.8519704099162482e-05,0.011181346140801907,0.0006034521502442658,0.00059064308879897,0.011761883273720741,0.9753408432006836,0.0005033162888139486
ISIC_0030358,nv,nv,1.0793910405482166e-05,3.076016582781449e-05,0.0013225455768406391,1.569016785651911e-05,0.0002629622758831829,0.9983446598052979,1.2599698493431788e-05
ISIC_0030086,nv,nv,4.699573139532731e-07,5.439359824777057e-07,1.4926056337571936e-06,6.798859885748243e-06,8.076083031482995e-05,0.999904990196228,4.836365405935794e-06
ISIC_0034265,nv,nv,4.518266450759256e-06,7.408658802887658e-06,0.005639811046421528,3.697637657751329e-05,0.0004163311386946589,0.9938860535621643,8.866175448929425e-06
ISIC_0033765,nv,nv,3.414974685256311e-07,1.9026403208499687e-07,5.343561610970937e-07,2.3364907519862754e-06,4.132328467676416e-05,0.9999545812606812,5.932743079029024e-07
ISIC_0032939,nv,nv,1.0450326044519898e-06,1.7582499367563287e-07,2.995312570419628e-06,6.515475661217351e-07,7.222373824333772e-05,0.9999227523803711,2.665792635525577e-07
ISIC_0033682,nv,nv,1.9476852685329504e-05,3.116376092293649e-06,1.9277236788184382e-05,5.171124030312058e-06,0.04876932501792908,0.9511784315109253,5.222009804128902e-06
ISIC_0032979,nv,nv,1.4924909237379325e-06,4.927303962176666e-06,5.088481429993408e-06,1.6699841580702923e-06,3.670218211482279e-05,0.9999444484710693,5.741887889598729e-06
ISIC_0033474,nv,nv,3.674249228424742e-06,6.794601176807191e-06,8.043135494517628e-06,1.4277308764576446e-05,0.0010311678051948547,0.9989194869995117,1.659453846514225e-05
ISIC_0034043,nv,nv,3.962102539389889e-07,1.0745810641310527e-07,1.7802412912715226e-05,1.7363779534207424e-06,1.4888288433212438e-06,0.9999778270721436,5.884751885787409e-07
ISIC_0033589,nv,nv,3.0819126095593674e-06,1.2623128213817836e-06,6.8858412305417005e-06,5.23661356055527e-06,0.0192694254219532,0.9807127714157104,1.2915822935610777e-06
ISIC_0032880,nv,nv,1.2806907534468337e-06,1.972036670849775e-06,7.688897767366143e-07,5.43597161595244e-06,0.0003589798288885504,0.9996209144592285,1.0547929377935361e-05
ISIC_0032721,nv,nv,9.8240309398534e-07,5.566167260440125e-07,1.5200557754724286e-06,2.660686959643499e-06,4.409033863339573e-05,0.9999487400054932,1.42811961723055e-06
ISIC_0032616,nv,nv,2.919651024058112e-06,3.1402751119458117e-06,2.442721097395406e-06,4.1830162444966845e-06,8.21470621303888e-06,0.999972939491272,6.161437795526581e-06
ISIC_0033355,nv,nv,7.649948088328529e-07,9.20152979233535e-06,7.758939659652242e-07,2.8335614388197428e-06,0.00012523040641099215,0.9998570680618286,4.045873083668994e-06
ISIC_0034219,nv,nv,2.5191025997628458e-05,7.563382382613781e-07,0.0018600064795464277,5.08278844790766e-06,1.1809781426563859e-05,0.9980953335762024,1.8573821307654725e-06
ISIC_0033118,nv,nv,1.0976951671182178e-05,5.164826234249631e-06,0.0010443594073876739,3.700526576722041e-05,4.2061299609486014e-05,0.998855471611023,4.925525445287349e-06
ISIC_0033542,nv,nv,9.304367836193705e-07,6.705955684083165e-07,2.3279027061562374e-07,4.7209946387738455e-06,6.048197519703535e-06,0.9999834299087524,3.875544734910363e-06
ISIC_0032575,nv,nv,4.090688321412017e-07,7.786540550114296e-07,2.5030238248291425e-05,7.630359277754906e-07,1.5007139154477045e-05,0.9999567270278931,1.2974962828593561e-06
ISIC_0033842,nv,nv,1.892840032269305e-06,2.1398857370513724e-06,2.1949310848867754e-06,9.312230758951046e-06,8.733714639674872e-05,0.9998530149459839,4.413230635691434e-05
ISIC_0032923,nv,nv,1.170787868431944e-06,1.062722731148824e-06,5.553144546865951e-06,7.079809620336164e-06,1.4036752872925717e-05,0.9999470710754395,2.4061519070528448e-05
ISIC_0033577,nv,nv,3.9419140307472844e-07,1.2051751241415332e-07,3.022145733666548e-07,7.69661164667923e-06,6.655375727859791e-06,0.9999830722808838,1.7516987327326206e-06
ISIC_0033898,nv,nv,1.701893211247807e-06,4.1431601971453347e-07,5.985870643598901e-07,2.5886899948091013e-06,8.285020885523409e-05,0.9999107122421265,1.1273464224359486e-06
ISIC_0033173,nv,nv,9.09346965727309e-07,1.9630553538263484e-07,1.0797170801879474e-07,4.560931756714126e-06,2.48196170105075e-06,0.9999909400939941,7.67105689192249e-07
ISIC_0032655,bkl,bkl,6.889064252391108e-07,1.4004695003677625e-06,0.9999880790710449,7.226909701785189e-07,5.429267730505671e-06,2.829857294273097e-06,8.92740558811056e-07
ISIC_0034114,nv,nv,1.9214246549381642e-07,5.18166586971347e-07,3.990258790054213e-07,1.6810353145046975e-06,1.6344403093171422e-06,0.9999942779541016,1.405912598784198e-06
ISIC_0033039,nv,nv,2.0419918200786924e-07,4.9332061990980947e-08,2.0486268113018014e-06,7.861465292080538e-07,2.329006520085386e-06,0.9999943971633911,1.5474755343802826e-07
ISIC_0034228,nv,nv,4.615820330400311e-07,1.1741500571815777e-07,1.2425758768586093e-06,4.996435336579452e-07,9.813292308535893e-06,0.9999874830245972,4.6236846173997037e-07
ISIC_0032759,nv,nv,2.67111460061642e-07,4.2827454649341234e-07,7.82731248705204e-08,2.8981201012356905e-06,2.1796598957735114e-05,0.9999736547470093,9.186770739688654e-07
ISIC_0033647,nv,nv,9.049664839722027e-08,2.6758451099340164e-07,1.1532639376810039e-07,1.307988100052171e-06,9.520269486529287e-06,0.9999881982803345,5.00557177929295e-07
ISIC_0032956,nv,nv,4.156221621087752e-06,7.632733286300208e-06,1.1372169410606148e-06,1.2008156772935763e-05,0.008701534941792488,0.9912638664245605,9.58234249992529e-06
ISIC_0034082,nv,nv,1.9647757198981708e-07,3.53597243929471e-07,2.578372004791163e-07,1.367064555779507e-06,1.5399320545839146e-05,0.9999818801879883,6.539915489156556e-07
ISIC_0034312,nv,nv,7.410851310396538e-08,1.2380813529944135e-07,7.791847878024782e-08,5.953068580311083e-07,6.175162070576334e-06,0.9999910593032837,1.9468291156954365e-06
ISIC_0032578,nv,nv,5.093928052701813e-07,1.783100628927059e-06,4.281090468793991e-07,1.215886641148245e-06,8.09994980954798e-06,0.9999819993972778,5.92945298194536e-06
ISIC_0034266,nv,nv,5.348921376935323e-07,4.672353668411233e-07,8.912657989412764e-08,5.046015212428756e-05,2.5784825083974283e-06,0.9999384880065918,7.4475510700722225e-06
ISIC_0034080,nv,nv,9.412702638655901e-05,5.98285514570307e-05,7.71086251916131e-06,0.0005133149097673595,0.0008108699112199247,0.9983972907066345,0.0001167471709777601
ISIC_0034154,nv,nv,1.6268960507659358e-06,2.4394462343479972e-06,7.452615022884856e-07,1.353393690806115e-05,0.0003632281441241503,0.9995688796043396,4.955676558893174e-05
ISIC_0033028,nv,nv,2.1248724806355312e-05,1.038013488141587e-05,0.000125141887110658,2.143070196325425e-05,0.2957691252231598,0.7040313482284546,2.1348658265196718e-05
ISIC_0032814,nv,nv,3.3770339769034763e-07,1.250941892294577e-07,4.4399044440979196e-07,1.4438921880355338e-06,9.164095899905078e-06,0.9999880790710449,4.3744392996813986e-07
ISIC_0033190,nv,nv,2.643429581894452e-07,9.79864438477307e-08,2.1277380710671423e-06,8.421794177593256e-07,1.295560991820821e-06,0.9999947547912598,6.074517955312331e-07
ISIC_0033535,nv,nv,1.4354792483572965e-06,4.4379001451488875e-07,4.906240178570442e-07,1.7582929103809875e-06,8.600341971032321e-06,0.9999867677688599,4.795357995135419e-07
ISIC_0033330,nv,nv,2.2450198855494818e-07,6.313775884336792e-07,3.179516738782695e-07,5.348006766325852e-07,5.277387572277803e-06,0.9999926090240479,4.956065708938695e-07
ISIC_0024725,nv,nv,4.8046099436760414e-06,1.4094317521085031e-05,0.00013341361773200333,0.00015793973580002785,0.017944497987627983,0.9816986322402954,4.656981764128432e-05
ISIC_0031259,nv,nv,1.9646238797577098e-05,3.437017585383728e-05,0.0015772768529132009,0.0009034672402776778,0.06512194126844406,0.9319913387298584,0.0003520066384226084
ISIC_0027138,nv,nv,0.0008897004881873727,0.0014887036522850394,0.002053526695817709,0.0005512645002454519,0.029275238513946533,0.9646502137184143,0.0010913335718214512
ISIC_0028014,nv,nv,1.5344323401222937e-05,9.454810060560703e-05,0.012118140235543251,1.2454244824766647e-05,1.750230512698181e-05,0.9876442551612854,9.768632298801094e-05
ISIC_0031105,nv,nv,9.383339261148649e-07,2.0567445062624756e-06,1.9907010937458836e-06,2.0518448309303494e-06,2.817215136019513e-05,0.9999637603759766,1.1365997352186241e-06
ISIC_0029030,nv,nv,2.8381275114952587e-05,1.8500781152397394e-05,1.6184445485123433e-05,7.817488221917301e-05,0.015264064073562622,0.9845733046531677,2.1284768081386574e-05
ISIC_0031454,nv,nv,2.688754648261238e-06,0.00015073489339556545,3.516906872391701e-05,8.14542636362603e-06,1.1143334631924517e-05,0.9997690320014954,2.3099128156900406e-05
ISIC_0028618,nv,nv,2.1113146431162022e-05,8.608406460552942e-06,1.304073248320492e-05,6.968874004087411e-06,0.0066360244527459145,0.9933104515075684,3.7131931094336323e-06
ISIC_0031488,nv,nv,0.00036031613126397133,6.270393350860104e-05,0.0008187730563804507,0.00020237546414136887,0.020477620884776115,0.9780557155609131,2.23791939788498e-05
ISIC_0027345,nv,nv,4.124415681872051e-06,5.642091764457291e-06,1.2225450518599246e-05,2.2067438294470776e-06,2.4643739379826002e-05,0.9999485015869141,2.5834335701802047e-06
ISIC_0029143,nv,nv,6.368569302139804e-05,5.413787584984675e-05,6.157854659250006e-05,0.0016033067367970943,0.010278090834617615,0.9878256916999817,0.00011347325198585168
ISIC_0030693,nv,bkl,0.0002178969734814018,9.404455340700224e-05,0.9784712195396423,0.00029672987875528634,0.000783291005063802,0.02008948288857937,4.7369681851705536e-05
ISIC_0031040,akiec,akiec,0.9377767443656921,0.05839592218399048,0.0003893498214893043,0.0017720459727570415,0.0007625353755429387,0.00015370495384559035,0.0007496849284507334
ISIC_0027795,akiec,akiec,0.9995939135551453,7.267401815624908e-05,0.00015148487000260502,0.00014210860535968095,2.231382495665457e-05,1.0305698197043967e-05,7.18831552148913e-06
ISIC_0024913,akiec,bcc,0.0031694029457867146,0.994560182094574,0.0009503753390163183,0.0010037480387836695,0.00015464823809452355,3.534659117576666e-05,0.00012636618339456618
ISIC_0026872,akiec,akiec,0.9807166457176208,4.319230720284395e-05,0.016746176406741142,0.002123020589351654,0.0003404863236937672,2.3847327611292712e-05,6.657287485722918e-06
ISIC_0031119,akiec,akiec,0.992852509021759,0.005029401276260614,7.803116750437766e-05,0.0002390628942521289,0.0012024708557873964,0.0005774939781986177,2.101847348967567e-05
ISIC_0024562,akiec,nv,0.007823463529348373,0.0005274568684399128,0.0012270010774955153,0.004910578951239586,0.2620115280151367,0.7233796119689941,0.00012028974742861465
ISIC_0025696,akiec,akiec,0.999408483505249,9.973721716960426e-06,0.0001753290562191978,1.1095951776951551e-05,0.00038797565503045917,3.4767467695928644e-06,3.660065203803242e-06
ISIC_0030794,akiec,akiec,0.9900788068771362,0.00021966482745483518,0.00045412618783302605,0.009171702899038792,3.3674681617412716e-05,2.1243702576612122e-05,2.0806424799957313e-05
ISIC_0027678,akiec,akiec,0.997425377368927,3.84783124900423e-05,2.4196418962674215e-05,0.0005850752349942923,0.0019066028762608767,1.1275398719590157e-05,9.018788659886923e-06
ISIC_0028132,akiec,akiec,0.8895576596260071,0.10955261439085007,0.0003428285999689251,9.552592382533476e-05,0.00030987555510364473,3.629546699812636e-05,0.00010523256059968844
ISIC_0030991,akiec,bkl,0.3859754502773285,0.00029151668422855437,0.6094233393669128,0.00011715883010765538,0.003333337837830186,0.0008402950479649007,1.8923808966064826e-05
ISIC_0029582,akiec,akiec,0.9666349291801453,0.027962587773799896,0.003891177475452423,0.0007163201807998121,0.0002902420819737017,0.0003518346056807786,0.00015291459567379206
ISIC_0031852,akiec,bkl,0.00020265020430088043,0.00010878618923015893,0.879256010055542,4.103060200577602e-05,0.0007450152770616114,0.11960230022668839,4.4232136133359745e-05
ISIC_0031609,akiec,akiec,0.9989196062088013,4.871800047112629e-05,0.0007564573315903544,8.822936069918796e-05,0.00013967935228720307,3.605426536523737e-05,1.1310236004646868e-05
ISIC_0026645,akiec,bcc,0.004150864202529192,0.9942556023597717,0.0008465985883958638,0.00015255888865794986,0.0004583548288792372,2.213500556536019e-05,0.00011389165592845529
ISIC_0024710,akiec,bcc,0.21626029908657074,0.7826257944107056,5.126435280544683e-05,0.00017437651695217937,0.00019925025117117912,1.8428505427436903e-05,0.0006705615087412298
ISIC_0030375,akiec,akiec,0.9830088019371033,0.014009109698235989,0.0020698534790426493,6.803805445088074e-05,0.0008016471401788294,7.63304706197232e-06,3.489543087198399e-05
ISIC_0031335,akiec,akiec,0.9994578957557678,0.00019792868988588452,2.1884057787247002e-05,9.832347132032737e-05,0.00019911253184545785,2.5847652977972757e-06,2.2355516193783842e-05
ISIC_0027178,akiec,akiec,0.9962486624717712,1.5166533557930961e-05,0.0010437454329803586,3.472349271760322e-05,0.0024983983021229506,0.00013973511522635818,1.9514352970873006e-05
ISIC_0028190,akiec,bcc,0.41005271673202515,0.5896391272544861,3.5000586649402976e-05,5.6330060033360496e-05,0.00010793592809932306,2.0660294467234053e-05,8.824803080642596e-05
ISIC_0029059,akiec,bcc,6.699915047647664e-06,0.9999638795852661,1.2307384167797863e-05,2.3723409867670853e-06,6.169843345560366e-06,2.551960733399028e-06,6.016455699864309e-06
ISIC_0032277,akiec,akiec,0.6498227119445801,3.4373173548374325e-05,0.0008072401979006827,4.497954432736151e-05,0.34911713004112244,0.0001571977772982791,1.6341673472197726e-05
ISIC_0025953,akiec,akiec,0.999014139175415,1.3514305464923382e-05,0.0004474880115594715,8.884537237463519e-06,0.0005066954181529582,6.273346571106231e-06,2.858059360733023e-06
ISIC_0033494,akiec,akiec,0.9998074173927307,8.184568287106231e-05,3.415305764065124e-05,6.0007285355823115e-05,9.991738807002548e-06,2.0530467281787423e-06,4.5663614400837105e-06
ISIC_0031381,akiec,akiec,0.9969966411590576,0.0005970910424366593,0.001022171345539391,0.00014092927449382842,0.0011747059179469943,1.1128680853289552e-05,5.7388697314308956e-05
ISIC_0029279,akiec,akiec,0.9999151229858398,2.0086874428670853e-05,3.3601395443838555e-06,3.796331293415278e-05,2.031506664934568e-05,9.471330031374237e-07,2.24378550228721e-06
ISIC_0031431,akiec,akiec,0.9944235682487488,1.8097038264386356e-05,0.0053513445891439915,2.293258876306936e-05,0.00016262174176517874,1.04637674667174e-05,1.098256507248152e-05
ISIC_0028224,akiec,akiec,0.9994389414787292,0.0004077984194736928,8.272954801213928e-06,0.0001359826565021649,5.131961188453715e-06,9.67656092143443e-07,2.8873175779153826e-06
ISIC_0026319,akiec,akiec,0.9990119934082031,1.434625119145494e-05,0.00018467345216777176,0.0003654577012639493,0.00038552365731447935,2.1024790839874186e-05,1.696964136499446e-05
ISIC_0032014,akiec,akiec,0.9980132579803467,0.0016268044710159302,0.0003442408051341772,6.697005574096693e-06,6.283416951191612e-06,9.083122449737857e-07,1.7452447309551644e-06
ISIC_0024923,akiec,bcc,0.3819965720176697,0.6177371144294739,0.00012312873150222003,7.19630261301063e-05,3.43708015861921e-05,1.1749052646337077e-05,2.513861545594409e-05
ISIC_0026626,akiec,akiec,0.9933310151100159,4.776564674102701e-05,0.005641227588057518,1.9606291971285827e-05,0.0009127051453106105,4.0300343243870884e-05,7.403582458209712e-06
ISIC_0028335,akiec,bkl,0.4374648928642273,0.024709127843379974,0.5285615921020508,0.0017804077360779047,0.006131784524768591,0.0012695050099864602,8.26444011181593e-05
ISIC_0026981,akiec,akiec,0.9972921013832092,0.0004712885129265487,1.8829347027349286e-05,0.002198699861764908,1.2285094044273137e-06,4.050064490002114e-06,1.3822417713527102e-05
ISIC_0031823,akiec,akiec,0.9913835525512695,0.00822802260518074,5.672452971339226e-05,0.0002371790906181559,7.563180406577885e-05,1.5953165757309762e-06,1.726552363834344e-05
ISIC_0032404,akiec,akiec,0.9279326796531677,3.8782749470556155e-05,0.06945938616991043,0.00011021132377209142,0.002405021106824279,2.9482422178261913e-05,2.4395954824285582e-05
ISIC_0024800,akiec,nv,0.008114922791719437,0.000741459836717695,0.1332109421491623,0.00011818085476988927,0.008089231327176094,0.8494830131530762,0.00024225213564932346
ISIC_0027767,akiec,bcc,0.0032234450336545706,0.7359147071838379,0.2598418891429901,0.0001939834764925763,0.0006281700916588306,0.00014065047434996814,5.7172954257111996e-05
ISIC_0026984,akiec,akiec,0.800703227519989,0.00010508976265555248,0.1932462751865387,0.00011959500989178196,0.005604787264019251,0.00017045279673766345,5.050144682172686e-05
ISIC_0031506,akiec,bcc,0.008936549536883831,0.9480480551719666,0.03640643134713173,0.002308438764885068,0.000992964138276875,0.002750748535618186,0.0005568289780057967
ISIC_0026765,akiec,bcc,0.006200629752129316,0.9936811923980713,6.472085715358844e-06,4.24587560701184e-05,1.9312812582938932e-05,1.8633936633705162e-06,4.806823199032806e-05
ISIC_0024511,akiec,akiec,0.9355025887489319,0.00034198834327980876,0.000716952548827976,0.010162039659917355,0.023837178945541382,0.029199056327342987,0.00024008937180042267
ISIC_0027884,akiec,akiec,0.9997522234916687,0.00019820178567897528,3.2737669243942946e-05,2.7717101147572976e-06,9.90366424957756e-06,1.84185648777202e-06,2.252022113680141e-06
ISIC_0031108,akiec,akiec,0.9755478501319885,0.0005446869181469083,0.023762987926602364,4.306710252421908e-05,2.3791330022504553e-05,4.1576986404834315e-05,3.5945769923273474e-05
ISIC_0027334,akiec,bcc,0.002894988749176264,0.9850605130195618,0.0006343512213788927,0.011041706427931786,0.00015029948554001749,0.00013637969095725566,8.182699093595147e-05
ISIC_0033358,akiec,akiec,0.9997778534889221,4.5444044189935084e-06,0.00011758979962905869,1.1457354958110955e-05,8.54754907777533e-05,9.024291216519487e-07,2.2357776288117748e-06
ISIC_0029141,akiec,bkl,0.06670117378234863,0.0028103082440793514,0.9261983633041382,0.0003923350595869124,0.0037728375755250454,1.7311675037490204e-05,0.00010772917448775843
ISIC_0028619,akiec,akiec,0.852708637714386,0.0012284115655347705,0.1402638554573059,0.005288426298648119,0.00041735629201866686,2.3515034627052955e-05,6.982540071476251e-05
ISIC_0033536,akiec,akiec,0.9990468621253967,0.0007694255327805877,4.348910442786291e-05,0.00011622792953858152,1.4816260772931855e-05,4.617364538717084e-06,4.618510047293967e-06
