image_id,true_class,predicted_class,p_akiec,p_bcc,p_bkl,p_df,p_mel,p_nv,p_vasc
ISIC_0027419,bkl,bkl,0.0043713608756661415,0.00023585993039887398,0.9952796697616577,2.1893270968575962e-05,6.196219328558072e-05,5.828355369885685e-06,2.3353097276412882e-05
ISIC_0031633,bkl,bkl,0.0008595868130214512,0.0028369168285280466,0.9953155517578125,1.7877420759759843e-05,0.0003404890885576606,0.0005866005667485297,4.3066611397080123e-05
ISIC_0027828,bkl,bkl,4.256964530213736e-05,0.00029742103652097285,0.6139308214187622,2.6910782253253274e-05,2.9291217288118787e-05,0.3856237232685089,4.9256868805969134e-05
ISIC_0029559,bkl,bkl,0.00016964870155788958,5.355309622245841e-05,0.9542412757873535,6.575494626304135e-05,0.008905730210244656,0.03646271303296089,0.0001014112785924226
ISIC_0025642,bkl,nv,0.0007139351801015437,5.638368384097703e-05,0.11473312228918076,0.0007986465934664011,0.06482168287038803,0.8186553120613098,0.00022086771787144244
ISIC_0031691,bkl,bkl,0.006559067405760288,0.1135733500123024,0.6013256311416626,0.009627271443605423,0.001118608983233571,0.25283896923065186,0.014957163482904434
ISIC_0025419,bkl,bkl,0.016184693202376366,0.005660441238433123,0.616969108581543,0.004491863772273064,0.3457416594028473,0.010154557414352894,0.0007976178312674165
ISIC_0029301,bkl,vasc,0.00015148194506764412,0.0014544076984748244,0.002733518835157156,0.013337437994778156,0.027292480692267418,0.23588404059410095,0.7191465497016907
ISIC_0030377,bkl,bkl,1.0776521776278969e-05,0.00015084409096743912,0.9997970461845398,6.895559636177495e-06,1.391430305375252e-05,1.0958615348499734e-05,9.70613746176241e-06
ISIC_0027960,bkl,bkl,0.0005045952857472003,9.880457218969241e-05,0.9988149404525757,6.167124956846237e-05,0.0003745769790839404,2.6373716536909342e-05,0.00011908221495104954
ISIC_0031495,bkl,bkl,3.282775651314296e-05,8.54273275763262e-06,0.9994219541549683,5.5677577620372176e-05,1.5720164810772985e-05,0.00045522613800130785,1.0144726729777176e-05
ISIC_0025099,bkl,bkl,3.4845509162551025e-06,1.7255806596949697e-05,0.9994219541549683,2.6374307253718143e-06,1.4642789210483897e-05,0.0005317716277204454,8.32165915198857e-06
ISIC_0029413,bkl,bkl,0.00010287931218044832,0.0024023009464144707,0.3901906907558441,3.448336792644113e-05,0.29023629426956177,0.3169575035572052,7.580905366921797e-05
ISIC_0025140,bkl,nv,9.198802217724733e-06,1.5442765288753435e-05,0.2751280665397644,1.1233951227040961e-05,0.0042351107113063335,0.7205829620361328,1.7987755200010724e-05
ISIC_0029912,bkl,nv,5.8209675444231834e-06,1.1950470252486411e-05,0.0007810415700078011,1.1404631550249178e-05,0.0007202318520285189,0.9983170032501221,0.00015260945656336844
ISIC_0033539,bkl,bkl,4.20758115069475e-05,3.1241830583894625e-05,0.9983685612678528,0.001163338660262525,0.00032051579910330474,4.410003748489544e-05,3.009840293088928e-05
ISIC_0030005,bkl,bkl,0.0010706810280680656,0.001988703152164817,0.9384281039237976,0.0006203308003023267,0.057708825916051865,4.034689118270762e-05,0.00014300450857263058
ISIC_0024832,bkl,bkl,0.01751912757754326,0.03751363605260849,0.7243854403495789,0.006617337465286255,0.007922069169580936,0.19994302093982697,0.006099392659962177
ISIC_0029837,bkl,nv,3.5164306609658524e-05,6.96196875651367e-05,0.1560971736907959,0.00034049374517053366,0.00020483724074438214,0.8431868553161621,6.582665082532912e-05
ISIC_0025510,bkl,bkl,3.0952884117141366e-05,5.810145739815198e-05,0.9429700970649719,8.731090929359198e-05,0.00021045691391918808,0.0565965510904789,4.6592249418608844e-05
ISIC_0029060,bkl,bkl,0.00015216121391858906,8.282216731458902e-05,0.6422979831695557,3.4154403692809865e-05,3.0980303563410416e-05,0.35737553238868713,2.6434569008415565e-05
ISIC_0026153,bkl,nv,8.131871254590806e-06,1.9562265151762404e-05,0.02035648189485073,3.7613244785461575e-06,0.00015128280210774392,0.979454755783081,5.99044733462506e-06
ISIC_0025063,bkl,bkl,0.08866991102695465,0.0007587476866319776,0.9036232829093933,0.0008967976318672299,0.006017571315169334,6.169239441078389e-06,2.754397428361699e-05
ISIC_0032306,bkl,bkl,0.00011663448094623163,6.636711532337358e-06,0.9998631477355957,2.9275688575580716e-06,5.278285243548453e-06,2.2721783352608327e-06,3.0470682759187184e-06
ISIC_0032304,bkl,bkl,0.00013000662147533149,0.000532526639290154,0.9991186261177063,7.5252141868986655e-06,0.00019684573635458946,6.183694040373666e-06,8.318800610140897e-06
ISIC_0032382,bkl,bkl,2.858454899978824e-05,0.0001542993850307539,0.9992395639419556,7.674571861571167e-06,0.00029667108901776373,0.00024027198378462344,3.2879721402423456e-05
ISIC_0029674,bkl,bkl,2.4680866772541776e-06,5.1954689297417644e-06,0.9999532699584961,2.4706484964553965e-06,2.9465934858308174e-05,4.5747124204353895e-06,2.5184867809002753e-06
ISIC_0028607,bkl,bkl,0.0007492579752579331,9.706752462079749e-05,0.580432116985321,0.00046801098505966365,0.356289267539978,0.06190254166722298,6.181956268846989e-05
ISIC_0028646,bkl,bkl,3.663255483843386e-05,0.0005956264212727547,0.9130674600601196,5.942768257227726e-05,0.00033490281202830374,0.08579405397176743,0.00011201899906154722
ISIC_0033041,bkl,bkl,0.0004977928474545479,0.0008662148611620069,0.692610502243042,0.00016877824964467436,0.29289430379867554,0.012857398018240929,0.00010505757381906733
ISIC_0033900,bkl,bkl,6.168155960040167e-05,1.6134359611896798e-05,0.9952636957168579,1.540416451462079e-05,0.0005521822604350746,0.004081602208316326,9.226870133716147e-06
ISIC_0030276,bkl,bkl,9.726586722536013e-05,0.0001145816277130507,0.9995771050453186,9.007344488054514e-06,0.00018958855071105063,1.9173389773641247e-06,1.0650273907231167e-05
ISIC_0033201,bkl,bkl,5.624780442303745e-06,1.4303597026810166e-06,0.9999797344207764,9.267025120607286e-07,7.437126441800501e-06,4.320576863392489e-06,4.619823243956489e-07
ISIC_0033613,bkl,bkl,5.317643808666617e-05,9.803934517549351e-05,0.9982819557189941,6.3625261645938735e-06,0.001438560546375811,0.00010290938371326774,1.89932543435134e-05
ISIC_0032978,bkl,bkl,0.00017604351160116494,0.005685282871127129,0.9897472858428955,8.40541542856954e-06,0.0043418933637440205,1.8021850337390788e-05,2.2995976905804127e-05
ISIC_0032829,bkl,bkl,3.390259962543496e-06,5.326787868398242e-05,0.9999032020568848,2.7541359486349393e-06,1.2903003153041936e-05,1.8949771401821636e-05,5.476098976942012e-06
ISIC_0033601,bkl,bkl,3.128837761323666e-06,5.469870666274801e-05,0.9998747110366821,2.9115317374817096e-06,1.0987994755851105e-05,4.7330653615063056e-05,6.318708983599208e-06
ISIC_0032570,bkl,bkl,0.00023109762696549296,6.302475958364084e-05,0.9995622038841248,2.1399437173386104e-05,7.13902227289509e-06,7.551151793450117e-05,3.964881398133002e-05
ISIC_0033410,bkl,bkl,9.33015180635266e-05,0.004087034147232771,0.9954313039779663,3.9738435589242727e-05,0.00010923855006694794,0.00018910061044152826,5.034353307564743e-05
ISIC_0033306,bkl,bkl,0.00036783251562155783,2.9302795155672356e-05,0.9939239621162415,2.2318832634482533e-05,0.005629340652376413,2.1424055375973694e-05,5.959046120551648e-06
ISIC_0033235,bkl,bkl,0.008527102880179882,0.0001739774306770414,0.8634862303733826,0.006993771530687809,0.009942875243723392,0.11054569482803345,0.00033044489100575447
ISIC_0026085,bkl,mel,0.04099586606025696,0.0001244713057531044,0.00391472177579999,0.0006886724149808288,0.9533740878105164,0.00038803822826594114,0.0005141514702700078
ISIC_0032756,bkl,bkl,0.0002933734213002026,0.0005877877119928598,0.9960067868232727,0.00011629804066615179,0.0017954708309844136,0.0010480746859684587,0.00015222493675537407
ISIC_0034031,bkl,bkl,9.681517258286476e-05,0.0001174389835796319,0.9232197999954224,0.0010205393191426992,0.04336724430322647,0.03178226202726364,0.00039590802043676376
ISIC_0033449,bkl,bkl,0.0001966296840691939,8.132250854941958e-07,0.9997605681419373,2.7864211915584747e-06,2.6010535293607973e-05,9.46172895055497e-06,3.648468464234611e-06
ISIC_0033414,bkl,bkl,2.688608446987928e-06,7.638321221747901e-06,0.9976022839546204,2.70323494078184e-06,0.00023917542421258986,0.0021417157258838415,3.859776825265726e-06
ISIC_0033791,bkl,bkl,5.6052008403639775e-06,3.18845959554892e-05,0.9934585690498352,3.310849024273921e-06,0.006470954045653343,2.317497637704946e-05,6.483774086518679e-06
ISIC_0033060,bkl,bkl,7.118695793906227e-05,0.0006407464970834553,0.7478151917457581,6.3529827457387e-05,0.0003630333812907338,0.25090932846069336,0.00013698972179554403
ISIC_0031376,bkl,bkl,2.0562372355925618e-06,1.254724907084892e-06,0.9999887943267822,3.533212691309018e-07,5.656408120557899e-06,1.2723307918349747e-06,6.269841605899273e-07
ISIC_0027989,bkl,bkl,8.691826951690018e-05,1.4978515537222847e-05,0.9996688365936279,2.4267614207929e-05,5.6666340242372826e-05,0.00012540903117042035,2.2913380234967917e-05
ISIC_0027218,bkl,nv,0.00046206798288039863,0.001740127569064498,0.23787158727645874,0.00013685107114724815,0.0020558740943670273,0.7571853995323181,0.0005481021944433451
ISIC_0028020,bkl,bkl,0.0006403885199688375,0.000670546549372375,0.9201574325561523,0.07593530416488647,0.0001774844276951626,0.0010064876405522227,0.0014123854925855994
ISIC_0026623,bkl,bkl,0.04095831513404846,0.1881278157234192,0.7639860510826111,0.0002635755517985672,0.005975318606942892,0.00038163852877914906,0.000307301408611238
ISIC_0031989,bkl,bcc,0.43207311630249023,0.5666428804397583,0.00012028384662698954,8.304736547870561e-05,0.0010186948347836733,2.013698212977033e-05,4.190828258288093e-05
ISIC_0029394,bkl,nv,3.937276687793201e-06,7.491511269108742e-07,1.1647898645605892e-05,8.551166502002161e-06,7.401975017273799e-05,0.999894380569458,6.651130661339266e-06
ISIC_0027374,bkl,bkl,1.8358412489760667e-05,0.00031784159364178777,0.9995018243789673,6.7662663241208065e-06,1.4316838132799603e-05,0.00012130472168792039,1.9610963136074133e-05
ISIC_0032168,bkl,bkl,0.00011901614925591275,6.564633804373443e-05,0.9868462085723877,6.257270433707163e-05,0.0014952926430851221,0.011371525004506111,3.972957711084746e-05
ISIC_0028308,bkl,nv,0.017242316156625748,0.13936170935630798,0.021390274167060852,0.004433550871908665,0.007140735629945993,0.8099613189697266,0.00047010526759549975
ISIC_0029522,bkl,nv,0.11856427788734436,0.00017207759083248675,0.01354178786277771,0.06729764491319656,0.30462726950645447,0.49511274695396423,0.0006841758731752634
ISIC_0031060,bkl,bkl,0.0014499392127618194,5.034724381403066e-05,0.9665883779525757,0.0016317410627380013,0.026990750804543495,0.0030677318572998047,0.0002209636732004583
ISIC_0026634,bkl,bkl,1.7833715446613496e-06,9.55211021391733e-07,0.9999364614486694,6.17872103703121e-07,5.312065695761703e-05,6.356330686685396e-06,5.455531777442957e-07
ISIC_0026923,bkl,akiec,0.9986864924430847,0.0003680502122733742,0.0009085129713639617,2.2992711819824763e-05,1.6979852262011264e-06,3.8142163703014376e-06,8.432232789346017e-06
ISIC_0030203,bkl,bkl,0.00024674629094079137,0.00040323505527339876,0.9987867474555969,7.099580398062244e-05,0.00042990021756850183,3.617720722104423e-05,2.6253550458932295e-05
ISIC_0025985,bkl,bcc,0.00012515934940893203,0.5205127596855164,0.47906267642974854,2.2581889425055124e-05,1.8146718502976e-05,0.00010393275442766026,0.00015474908286705613
ISIC_0030208,bkl,bkl,1.8130290300177876e-06,1.973941380128963e-06,0.999983549118042,1.8986251006936072e-06,3.6427068152988795e-06,6.498932179965777e-06,5.774994065177452e-07
ISIC_0025986,bkl,bkl,0.0002649375528562814,0.000569245545193553,0.9301638007164001,6.583757203770801e-05,0.0558827668428421,0.010588950477540493,0.0024643808137625456
ISIC_0025805,bkl,bkl,2.7320727440383052e-06,1.1724065188900568e-05,0.9976772665977478,3.761073912755819e-06,2.5857065338641405e-05,0.002269434044137597,9.238147868018132e-06
ISIC_0024880,bkl,bkl,0.0011887706350535154,0.0005344251403585076,0.9972885847091675,2.7221558411838487e-05,0.0008961603161878884,4.5376858906820416e-05,1.944500399986282e-05
ISIC_0029525,bkl,bkl,0.0034728958271443844,1.7913029296323657e-05,0.9959996938705444,5.490146577358246e-06,0.00047905283281579614,1.6036170563893393e-05,8.948134563979693e-06
ISIC_0025376,bkl,nv,3.369157275301404e-05,0.0006899674772284925,2.7568816221901216e-05,7.014205948507879e-06,0.00021277510677464306,0.9990160465240479,1.2802118362742476e-05
ISIC_0024726,bkl,bkl,1.0893229955399875e-05,2.1451196516864002e-05,0.999427080154419,6.4562909756205045e-06,1.5880998034845106e-05,0.0005142607260495424,3.911895873898175e-06
ISIC_0028100,bkl,bkl,0.0013010556576773524,0.3452679216861725,0.6467106342315674,0.0017454451881349087,0.00017613144882488996,0.004121565259993076,0.0006771758198738098
ISIC_0030636,bkl,bkl,4.6425666369032115e-05,0.00034984128433279693,0.9995902180671692,2.09599306799646e-06,3.7355282529460965e-06,1.619552904230659e-06,6.020371074555442e-06
ISIC_0031078,bkl,bkl,1.2271822924958542e-05,2.3697344659012742e-05,0.9998196959495544,3.4135289297410054e-06,5.902154225623235e-05,7.682378782192245e-05,5.097919711261056e-06
ISIC_0025693,bkl,bkl,0.09655279666185379,0.0002852078469004482,0.8983669281005859,0.0002343810338061303,0.0042542824521660805,0.00013010941620450467,0.0001762597676133737
ISIC_0032116,bkl,mel,0.031123289838433266,0.0003800395061261952,0.1701592653989792,0.0009203128865920007,0.774313747882843,0.022581972181797028,0.0005213646800257266
ISIC_0024772,bkl,nv,0.0031661191023886204,0.00012266826524864882,0.39134740829467773,0.0001752629759721458,0.012813972309231758,0.5923100113868713,6.464607577072456e-05
ISIC_0026219,bkl,bkl,0.0033310214057564735,0.00037085136864334345,0.6285892724990845,0.0005736593739129603,0.0002069401671178639,0.3667955696582794,0.00013262269203551114
ISIC_0029139,bkl,bkl,6.192842192831449e-06,2.940114654848003e-06,0.9999747276306152,1.9505514501361176e-06,5.158880867384141e-06,6.8345893851073924e-06,2.2509323116537416e-06
ISIC_0031061,bkl,bkl,0.009762648493051529,0.000799191533587873,0.9866199493408203,0.0009246100089512765,0.0009922286262735724,0.0008303209906443954,7.099582580849528e-05
ISIC_0027991,bkl,mel,0.0004564005939755589,0.09863414615392685,0.00978044979274273,0.00013111323642078787,0.8907978534698486,0.00014063069829717278,5.935249282629229e-05
ISIC_0031289,bkl,bkl,0.00011485764116514474,0.17340555787086487,0.8201854825019836,2.3497137590311468e-05,0.005640428978949785,0.0005035863141529262,0.00012661467189900577
ISIC_0031580,bkl,bkl,4.9141795898322016e-05,0.00020383532682899386,0.9993255138397217,5.784277163911611e-06,6.21794315520674e-05,0.0003418895648792386,1.1656314200081397e-05
ISIC_0030365,bkl,mel,0.0011768728727474809,3.417886546230875e-06,1.4390690921572968e-05,1.938851892191451e-05,0.9982016086578369,0.0005828152061440051,1.533122599539638e-06
ISIC_0029810,bkl,bkl,0.010129962116479874,0.002360966056585312,0.6752644777297974,0.0005427311989478767,0.19398155808448792,0.11762043833732605,9.989244426833466e-05
ISIC_0029678,bkl,bkl,0.0070861466228961945,0.001056645531207323,0.6293848752975464,0.000970483582932502,0.22385846078395844,0.13556793332099915,0.002075420692563057
ISIC_0027990,bkl,bkl,2.5890718461596407e-05,7.596605428261682e-06,0.9998410940170288,1.444418649043655e-05,0.00010449045657878742,3.462286485955701e-06,2.9667228318430716e-06
ISIC_0031808,bkl,bkl,0.00015127667575143278,3.964943516621133e-06,0.9991238713264465,7.80992104409961e-06,0.0007084673270583153,3.0228238756535575e-06,1.6219079270740622e-06
ISIC_0027470,bkl,nv,0.00021485659817699343,5.419582157628611e-05,0.06571363657712936,0.00027709928690455854,0.000335779448505491,0.9332354664802551,0.00016895179578568786
ISIC_0024910,bkl,bkl,0.0023223997559398413,2.322919317521155e-05,0.855867862701416,0.0008403045358136296,0.03817146643996239,0.10254277288913727,0.00023197899281512946
ISIC_0025374,bkl,bkl,8.243371212302009e-07,3.8462783891191066e-07,0.9999606609344482,1.471349406756417e-07,3.245105835958384e-05,5.36851894139545e-06,2.5843411322057364e-07
ISIC_0030533,bkl,bkl,0.0011452703038230538,0.0002242972987005487,0.9981879591941833,0.0002503962314222008,9.438237611902878e-06,0.00016730390780139714,1.536987656436395e-05
ISIC_0027335,bkl,mel,0.0009407937759533525,0.013910695910453796,0.2558150887489319,4.258611079421826e-05,0.7130213975906372,0.016211090609431267,5.841429447173141e-05
ISIC_0025389,bkl,akiec,0.9511889815330505,0.043812889605760574,0.0006606521201319993,0.0038600543048232794,0.0004475993337109685,8.15430121292593e-06,2.1744863261119463e-05
ISIC_0028593,bkl,bkl,0.0025933755096048117,2.5067236038012197e-06,0.9961259961128235,1.4677100807602983e-05,0.0012464560568332672,1.3156857676221989e-05,3.827798082056688e-06
ISIC_0030801,bkl,bkl,0.45649954676628113,0.003660144517198205,0.5243645310401917,0.003055756911635399,0.00246515404433012,0.009495534934103489,0.00045935207162983716
ISIC_0030231,bkl,bkl,0.0022679173853248358,2.1033256416558288e-05,0.9966673254966736,2.0033243345096707e-05,0.0008617218118160963,0.00014430127339437604,1.773138137650676e-05
ISIC_0029206,bkl,bkl,2.112562651745975e-05,7.435095994878793e-06,0.9989443421363831,4.084962711203843e-06,7.401523907901719e-05,0.0009472125675529242,1.7778188521333504e-06
ISIC_0030608,bkl,nv,8.171070658136159e-05,1.0405653483758215e-05,0.043616849929094315,2.8561797080328688e-05,0.006383683532476425,0.9498652815818787,1.3478635082719848e-05
ISIC_0030935,bkl,bkl,7.415033905999735e-05,0.00011040794925065711,0.9929777979850769,0.0003549124230630696,0.0015739991795271635,0.004876910243183374,3.1833867979003116e-05
ISIC_0028611,bkl,akiec,0.9413098692893982,0.04410728067159653,2.8586420739884488e-05,0.012871303595602512,0.001309462240897119,0.00015457063273061067,0.00021900222054682672
ISIC_0028842,bkl,bkl,0.0008924024878069758,6.474389010691084e-06,0.9982109069824219,1.3460239642881788e-05,0.0008659791201353073,5.510758910531877e-06,5.256251824903302e-06
ISIC_0028913,bkl,bkl,0.012558134272694588,0.0029910162556916475,0.9659194946289062,0.002035480225458741,0.0005692981649190187,0.014354393817484379,0.0015722590032964945
ISIC_0031831,bkl,bkl,5.585751205217093e-05,0.005478115752339363,0.9941510558128357,6.363879492710112e-06,5.2626732212956995e-05,0.0001818723394535482,7.417496817652136e-05
ISIC_0030130,bkl,bkl,0.027547670528292656,0.005532918963581324,0.41843703389167786,0.39935070276260376,0.13754908740520477,0.008875394240021706,0.0027071968652307987
ISIC_0032031,bkl,bkl,0.0013329382054507732,0.00012198329932289198,0.997450053691864,2.767700789263472e-05,0.000974515569396317,9.180490451399237e-06,8.363648521481082e-05
ISIC_0028294,bkl,bkl,1.6327334378729574e-05,2.141538425348699e-05,0.9996786117553711,2.2212723251868738e-06,0.0002788146666716784,6.178388503030874e-07,1.921104967550491e-06
ISIC_0030835,bkl,bkl,2.41240286413813e-05,1.1372660992492456e-05,0.999914288520813,9.766650691744871e-06,2.506550845282618e-05,8.87509850144852e-06,6.468993433372816e-06
ISIC_0027811,bkl,bkl,7.321977591345785e-06,5.964533556834795e-06,0.9998518228530884,4.694608378486009e-06,0.00010309412755304947,2.6335665097576566e-05,7.990837502802606e-07
ISIC_0026249,bkl,bkl,0.00013174090418033302,0.0004646253364626318,0.9870158433914185,0.00017018163634929806,0.00027521548327058554,0.011556641198694706,0.0003857455449178815
ISIC_0024774,bkl,bkl,1.1022741546184989e-06,2.8989626343900454e-07,0.9999949932098389,4.918456397717819e-07,8.819117738312343e-07,1.791879185475409e-06,4.1016892282641493e-07
ISIC_0026016,bkl,bkl,3.8861482607899234e-05,1.306479680351913e-05,0.9982858300209045,5.106097160023637e-05,0.0015391731867566705,6.56538104522042e-05,6.307092007773463e-06
ISIC_0026069,bkl,bkl,2.7393712116463576e-06,2.382202637818409e-06,0.9999532699584961,3.701501327668666e-06,8.887463081919122e-06,2.7894964659935795e-05,1.1223139608773636e-06
ISIC_0031528,bkl,bkl,4.118405922781676e-05,1.721863736747764e-05,0.8384004235267639,8.960621198639274e-05,0.003491697832942009,0.15794113278388977,1.8743563487078063e-05
ISIC_0028623,bkl,bkl,0.00011564374290173873,1.074986721505411e-05,0.9996495246887207,8.890294702723622e-05,9.463533933740109e-05,9.063594916369766e-06,3.1421095627592877e-05
ISIC_0025103,bkl,bkl,3.634153836173937e-05,1.7538877727929503e-05,0.9991480112075806,7.653145439689979e-05,0.0007096123299561441,1.0656509402906522e-05,1.3202555919633596e-06
ISIC_0030123,bkl,mel,0.00022589291620533913,2.5113795345532708e-05,0.002533532679080963,0.0002695312723517418,0.9968969821929932,2.4790882889647037e-05,2.4136736101354472e-05
ISIC_0024782,bkl,mel,0.0010383209446445107,0.0003343190182931721,0.00852208212018013,0.0030639104079455137,0.986240804195404,0.0005267848609946668,0.00027371730539016426
ISIC_0029320,bkl,bkl,0.0006334484205581248,9.508851508144289e-05,0.9826699495315552,0.012417680583894253,0.00035931268939748406,0.003686117473989725,0.00013835125719197094
ISIC_0029924,bkl,bkl,0.00747148972004652,0.0034823459573090076,0.9874869585037231,0.00036839753738604486,0.0003896207781508565,0.0005212650867179036,0.00027998609584756196
ISIC_0032498,bkl,bkl,1.8693266383706941e-06,3.0119053917587735e-06,0.9999719858169556,8.150230428327632e-07,9.627164217818063e-06,1.1224071386095602e-05,1.5917903510853648e-06
ISIC_0024943,bkl,bkl,8.477210940327495e-05,1.2055355000484269e-05,0.9996229410171509,3.315904177725315e-05,0.00020119352848269045,3.5459768696455285e-05,1.0406349247205071e-05
ISIC_0028449,bkl,bkl,0.00015779261593706906,1.2315833373577334e-05,0.9997822642326355,6.037841103534447e-06,2.5560408175806515e-05,3.806203267231467e-06,1.2311887076066341e-05
ISIC_0026174,bkl,bkl,3.744989498954965e-06,7.042182460281765e-06,0.9999701976776123,2.688154609131743e-06,1.1678169357765e-05,2.3495699679187965e-06,2.325946979908622e-06
ISIC_0032170,bkl,bkl,1.1183105016243644e-05,4.058019840158522e-06,0.9999251365661621,3.5167246096534654e-05,4.45337491328246e-06,1.1828374226752203e-05,8.283627721539233e-06
ISIC_0025005,bkl,bkl,7.416723292408278e-06,6.148070042399922e-06,0.9998180270195007,1.6726513649700792e-06,4.8098772822413594e-05,0.00011638377327471972,2.2213364445633488e-06
ISIC_0025851,bkl,bkl,9.382094140164554e-05,1.0583946277620271e-05,0.9918146729469299,0.0001418503379682079,9.646387479733676e-05,0.007826940156519413,1.578301817062311e-05
ISIC_0033722,bkl,nv,1.2049398492308683e-06,2.867199782485841e-06,0.001552367932163179,1.0197702067671344e-05,0.0001139108426286839,0.9983142614364624,5.184569090488367e-06
ISIC_0032719,bkl,bkl,1.6684130969224498e-05,1.2001638651781832e-06,0.9998801946640015,9.862788829195779e-06,5.104606316308491e-06,8.62677552504465e-05,5.747882028117601e-07
ISIC_0030630,bkl,bkl,0.00663365563377738,0.00394593458622694,0.9109147191047668,0.00023551692720502615,0.056569501757621765,0.020297225564718246,0.0014034827472642064
ISIC_0032179,bkl,bkl,1.1827784192064428e-06,5.3981780183676165e-06,0.9998595714569092,5.499659323504602e-07,9.261737432098016e-06,0.00012249330757185817,1.4885717973811552e-06
ISIC_0034197,bkl,bkl,0.00493179727345705,7.930496212793514e-05,0.9740418195724487,2.2634225388173945e-05,0.020731007680296898,0.0001350710663245991,5.8367277233628556e-05
ISIC_0033022,bkl,bkl,1.044025248120306e-05,1.3538852954297909e-06,0.9999552965164185,1.0671824384189676e-05,1.6354313629562967e-05,2.1497758098121267e-06,3.6690908018499613e-06
ISIC_0033693,bkl,bkl,9.924764526658691e-06,0.0001390727557009086,0.9997938275337219,8.408136977777758e-07,1.594205605215393e-05,3.4795288229361176e-05,5.653897915181005e-06
ISIC_0033246,bkl,bkl,4.514250122156227e-06,1.0121840432475437e-06,0.9998482465744019,2.5266383090638556e-05,3.858406489598565e-05,7.835320138838142e-05,3.962052232964197e-06
ISIC_0033528,bkl,bkl,0.00020769474213011563,5.1301217354193795e-06,0.9996744394302368,8.393707685172558e-05,4.7327062020485755e-06,1.7152817235910334e-05,6.92358662490733e-06
ISIC_0033865,bkl,bkl,0.004462804179638624,1.5424198863911442e-05,0.9950870871543884,0.00030965119367465377,2.4403498173342086e-05,7.457294123014435e-05,2.608455906738527e-05
ISIC_0034296,bkl,bkl,6.026041319273645e-06,2.8922100682393648e-05,0.9999212026596069,1.3559570106735919e-06,1.9084027371718548e-05,1.922715819091536e-05,4.134920800424879e-06
ISIC_0032763,bkl,bkl,3.0062707082834095e-05,0.00025689988979138434,0.9938029050827026,5.989694727759343e-06,0.0018327768193557858,0.004032799042761326,3.8511818274855614e-05
ISIC_0034291,bkl,bkl,1.8089845070790034e-06,7.745501534373034e-06,0.9999809265136719,7.180328793765511e-07,3.989572178397793e-06,3.4671159028221155e-06,1.3241427723187371e-06
ISIC_0033701,bkl,bkl,1.151483866124181e-05,1.0793519322760403e-05,0.9152165055274963,7.855883268348407e-06,0.00012435740791261196,0.08461882174015045,1.0260817361995578e-05
ISIC_0033945,bkl,bkl,5.4955020459601656e-05,0.00018388527678325772,0.9242225289344788,0.0008061188273131847,0.00013756868429481983,0.07450732588768005,8.765346137806773e-05
ISIC_0033750,bkl,bkl,1.2669167972489959e-06,2.639734884724021e-05,0.9986750483512878,3.697619604281499e-06,0.00010966834088321775,0.0011779959313571453,5.859515567863127e-06
ISIC_0033490,bkl,bkl,6.81785968481563e-06,1.8773375813907478e-06,0.9999710321426392,6.062085503799608e-06,2.7635555852612015e-06,8.374705430469476e-06,3.067905254283687e-06
ISIC_0032740,bkl,bkl,8.477253686578479e-06,0.0011370725696906447,0.9988386034965515,3.1614199542673305e-06,6.2253443502413575e-06,1.950953219420626e-06,4.616926162270829e-06
ISIC_0032271,bkl,bkl,9.851161303231493e-05,5.501943451236002e-05,0.999815046787262,1.7333415598841384e-05,4.2290093915653415e-06,5.055084329796955e-06,4.851543508266332e-06
ISIC_0029202,bkl,bkl,1.3568683243647683e-05,1.0153919902222697e-05,0.9999326467514038,1.4584293239749968e-05,3.6014480429003015e-06,1.0953612218145281e-05,1.455321216781158e-05
ISIC_0032124,bkl,bkl,5.390180376707576e-06,4.1316479837405495e-06,0.9998923540115356,9.371112355438527e-06,2.4735393253649818e-06,7.816975266905501e-05,8.054186764638871e-06
ISIC_0030959,bkl,bkl,2.723454826991656e-06,3.3186570362886414e-05,0.9998032450675964,3.5162167932867305e-06,5.295034043228952e-06,0.0001016349924611859,5.0437542086001486e-05
ISIC_0029251,bkl,bkl,9.18947989703156e-05,0.00013372869580052793,0.9869193434715271,0.00024147341900970787,4.939000427839346e-05,0.012213208712637424,0.00035100567038170993
ISIC_0026291,bkl,bkl,1.9896515368600376e-06,3.36638754561136e-06,0.9999608993530273,3.814278670688509e-06,2.138530180673115e-05,3.373776507942239e-06,5.105485797685105e-06
ISIC_0029345,bkl,bkl,6.081845072003489e-07,2.9447026008710964e-06,0.9999537467956543,1.176478235720424e-06,4.7486514631600585e-06,3.493309486657381e-05,1.8055243344861083e-06
ISIC_0028448,bkl,bkl,5.069279268354876e-06,1.3500788554665633e-05,0.9999593496322632,3.3400801839889027e-06,1.2715715911326697e-06,8.204596269933973e-06,9.299402336182538e-06
ISIC_0032460,bkl,bkl,7.069740149745485e-06,0.00011942925630137324,0.9998273849487305,5.48659863852663e-06,8.013315095922735e-07,1.0752929483714979e-05,2.9089862437103875e-05
ISIC_0026959,bkl,nv,7.950673170853406e-05,1.0614361599436961e-05,0.316737562417984,0.0073097036220133305,4.247713150107302e-05,0.6756935119628906,0.00012656090257223696
ISIC_0027167,bkl,bkl,4.181595613772515e-06,2.251172645628685e-06,0.9999394416809082,1.3614226190838963e-06,4.295592134440085e-06,3.837187614408322e-05,1.0162474609387573e-05
ISIC_0028525,bkl,bkl,0.000305882771499455,1.0869428479054477e-05,0.9941136240959167,1.585551945026964e-05,0.0006553857820108533,0.00488537410274148,1.3001436855120119e-05
ISIC_0028331,bkl,bkl,0.004956364165991545,2.434088492009323e-05,0.9831742644309998,0.0004979040822945535,0.00046087830560281873,0.010487920604646206,0.0003983040514867753
ISIC_0025330,bkl,bkl,0.00010356767597841099,3.466909402050078e-05,0.9983857870101929,0.00032196796382777393,5.724769380321959e-06,0.001084072864614427,6.427787593565881e-05
ISIC_0026967,bkl,bkl,0.0001960898080142215,7.495568570448086e-05,0.9923465251922607,0.007279619574546814,1.9348348359926604e-05,6.004557872074656e-05,2.3404762032441795e-05
ISIC_0031223,bkl,bkl,8.531657840649132e-06,3.21455518133007e-05,0.9999039173126221,2.513280833227327e-06,7.67778510635253e-06,3.109188764938153e-05,1.408299522154266e-05
ISIC_0025879,bkl,bkl,1.4229002545107505e-06,1.3745057003688999e-06,0.9998340606689453,3.9509363887191284e-06,2.0900642994092777e-06,0.00014985886809881777,7.3255773713754024e-06
ISIC_0025387,bkl,bkl,1.347828970210685e-06,1.3788735486741643e-06,0.9999923706054688,6.308562205958879e-07,9.020745892485138e-07,2.1906066649535205e-06,1.174680505755532e-06
ISIC_0028797,bkl,bkl,5.2578634495148435e-05,0.0002453506749588996,0.8215264081954956,0.0008491530315950513,0.0002616428246255964,0.17696097493171692,0.00010378956358181313
ISIC_0025668,df,df,6.0859721997985616e-05,0.00014509516768157482,2.0238216166035272e-05,0.999404788017273,0.0002406169514870271,6.1639046180062e-05,6.674685573671013e-05
ISIC_0032642,df,df,0.0019093207083642483,5.493378557730466e-05,0.0006896857521496713,0.9969238638877869,0.0003746639413293451,9.575876902090386e-06,3.789934271480888e-05
ISIC_0029248,df,df,0.0004749803920276463,8.10761412139982e-05,5.286190935294144e-05,0.9988222718238831,4.358394653536379e-05,0.00028826837660744786,0.0002369097201153636
ISIC_0032247,df,df,0.04317817836999893,0.010423548519611359,0.03323427587747574,0.8221517205238342,0.0710928812623024,0.001403673435561359,0.01851576380431652
ISIC_0029967,df,df,0.0007427664240822196,4.204032666166313e-05,0.0005719924229197204,0.9924518465995789,0.005647969897836447,0.00040324300061911345,0.0001401332119712606
ISIC_0028926,df,bcc,0.07068084925413132,0.9190497398376465,1.2198644981253892e-05,0.00564528675749898,0.0037555324379354715,0.0005968980258330703,0.0002595758414827287
ISIC_0029891,df,bcc,0.00041310975211672485,0.9993149042129517,1.5738205547677353e-05,2.9696113415411673e-05,0.00011871763126691803,9.423375013284385e-05,1.3587108696810901e-05
ISIC_0034135,df,df,3.44449799740687e-05,8.631611308373976e-06,3.3060734949685866e-06,0.9999080896377563,2.6157369575230405e-05,3.3392720979463775e-06,1.6097670595627278e-05
ISIC_0033891,df,df,5.320262789609842e-05,1.7431757441954687e-05,9.796147423912771e-06,0.9997361302375793,1.4550520063494332e-05,0.00014370548888109624,2.5176890630973503e-05
ISIC_0033554,df,df,4.728783096652478e-05,1.8809905668604188e-05,6.259522251639282e-06,0.9998593330383301,3.719571395777166e-06,3.259422010160051e-05,3.200124410795979e-05
ISIC_0033422,df,df,4.031795106129721e-05,1.8143442503060214e-05,2.6573127342999214e-06,0.9998680353164673,3.130370532744564e-05,3.6537946925818687e-06,3.5836452298099175e-05
ISIC_0033808,df,df,0.0002198915753979236,1.0964475222863257e-05,8.259203605121002e-05,0.9985455274581909,1.4013817235536408e-05,0.0010759338038042188,5.1087699830532074e-05
ISIC_0033847,df,df,0.0005851936293765903,3.25603577948641e-05,4.9373527872376144e-05,0.9970608353614807,3.902677053702064e-05,0.002159313764423132,7.36194706405513e-05
ISIC_0030830,df,df,0.015057668089866638,4.444197111297399e-05,0.0005409898003563285,0.5888403058052063,0.04003366082906723,0.35479235649108887,0.0006906858179718256
ISIC_0026254,df,bkl,8.801297371974215e-05,0.00012409510964062065,0.9017872214317322,0.0955161452293396,3.969860335928388e-05,0.0014870013110339642,0.0009578254539519548
ISIC_0031271,df,df,2.1420568373287097e-05,0.00029562145937234163,6.913143806741573e-06,0.9991494417190552,1.640402842895128e-05,1.4605204341933131e-05,0.000495581072755158
ISIC_0027141,df,df,0.00030655611772090197,0.0004121091915294528,3.685684350784868e-05,0.9989935755729675,6.269037385209231e-06,1.5170917322393507e-05,0.00022944124066270888
ISIC_0030623,mel,nv,2.6959962269756943e-05,0.00012908302596770227,4.074106618645601e-05,5.4301039199344814e-05,0.39350372552871704,0.6057528853416443,0.0004922817461192608
ISIC_0026993,mel,mel,8.011667887330987e-06,5.20660387337557e-06,5.202414740779204e-06,6.510812909255037e-06,0.9999521970748901,3.1374140689877095e-06,1.9740708012250252e-05
ISIC_0028412,mel,mel,1.702702206785034e-06,2.195491560996743e-06,6.986129506003635e-07,1.1271778248556075e-06,0.9999872446060181,5.372000941861188e-06,1.6459177913930034e-06
ISIC_0026531,mel,mel,4.641417763195932e-05,4.011976852780208e-05,2.6933159460895695e-05,1.5221953617583495e-05,0.9998470544815063,9.37560798774939e-07,2.3315624275710434e-05
ISIC_0032396,mel,mel,0.0001863788638729602,3.4773674997268245e-05,0.0007063923985697329,7.192997145466506e-05,0.9989109039306641,2.4796207071631216e-05,6.48321583867073e-05
ISIC_0031499,mel,mel,9.576113370712847e-06,8.54474365041824e-06,1.4025229575054254e-05,1.9776771296164952e-06,0.9998878240585327,7.71845443523489e-05,9.215148679686536e-07
ISIC_0030486,mel,mel,0.0016605345299467444,1.5477742635994218e-05,4.8234480345854536e-05,5.518495981959859e-06,0.9982576966285706,7.480565272999229e-06,5.026281996833859e-06
ISIC_0027125,mel,nv,4.455726593732834e-05,4.270946737960912e-05,0.00022837646247353405,2.700242112041451e-05,0.06311629712581635,0.9364921450614929,4.8836765927262604e-05
ISIC_0024367,mel,mel,0.00027607663650996983,5.4698135500075296e-05,2.24990799324587e-05,0.00018845849263016135,0.9572826027870178,0.04216707497835159,8.599239663453773e-06
ISIC_0032079,mel,mel,0.0006898334249854088,0.006244904827326536,0.0050788638181984425,0.000197227273019962,0.9870544075965881,0.0006881053559482098,4.6688241127412766e-05
ISIC_0032400,mel,mel,6.660931103397161e-05,0.00022766951587982476,0.00015879483544267714,9.038353164214641e-05,0.8462955355644226,0.15095584094524384,0.0022051685955375433
ISIC_0030211,mel,mel,7.30251194909215e-05,3.6065928725292906e-05,7.965463737491518e-05,3.8104437408037484e-05,0.9996421337127686,1.0904951523116324e-05,0.00012011031503789127
ISIC_0027769,mel,mel,3.924961220036494e-06,3.7619051909132395e-06,4.766734127770178e-05,4.629151590052061e-06,0.9878853559494019,0.012051249854266644,3.4246463656018022e-06
ISIC_0029913,mel,mel,1.2462994163797703e-05,9.119783499045298e-06,3.811756323557347e-05,0.0001428535906597972,0.9910838603973389,0.00810237042605877,0.0006112989503890276
ISIC_0031557,mel,mel,6.08570962867816e-06,3.8381847843993455e-05,0.0024297265335917473,5.988845714455238e-06,0.9944402575492859,0.003068458056077361,1.11890840344131e-05
ISIC_0028901,mel,nv,0.0011542781721800566,9.38459052122198e-05,0.0006893943063914776,0.04650916904211044,0.02973608672618866,0.9212973713874817,0.0005198654835112393
ISIC_0032098,mel,mel,0.001667938195168972,0.0002535456733312458,0.005177543498575687,0.0063549792394042015,0.9276169538497925,0.056513093411922455,0.0024160780012607574
ISIC_0025603,mel,nv,7.056981758069014e-06,9.610963024897501e-05,0.00044446345418691635,3.710243254317902e-05,0.35269269347190857,0.6466776132583618,4.499823262449354e-05
ISIC_0032044,mel,mel,7.117467930584098e-07,2.0769002730958164e-06,3.0800201784586534e-05,6.269791015256487e-07,0.9999635219573975,1.7393380176145001e-06,6.019016041136638e-07
ISIC_0024886,mel,nv,7.265399290190544e-06,0.00026567376335151494,0.01702345907688141,1.721483022265602e-05,0.005927655380219221,0.9767182469367981,4.041815918753855e-05
ISIC_0027102,mel,mel,4.139217344345525e-05,2.6038211217382923e-05,1.1918444215552881e-05,0.0007163975387811661,0.9989495873451233,5.054026405559853e-05,0.00020408208365552127
ISIC_0031369,mel,mel,0.008344806730747223,0.015726624056696892,0.0006379397818818688,0.0001686375035205856,0.9750649929046631,1.3447895980789326e-05,4.354264456196688e-05
ISIC_0029547,mel,mel,0.00022316935064736754,0.00022763195738662034,0.03717196360230446,8.105499000521377e-05,0.9621903300285339,8.035897189984098e-05,2.544366907386575e-05
ISIC_0027060,mel,mel,5.691766091331374e-06,1.2405868801579345e-05,0.0001843349018599838,6.377771569532342e-06,0.9979483485221863,0.0018143249908462167,2.8514332370832562e-05
ISIC_0025996,mel,mel,1.0898396794800647e-05,8.495811016473453e-06,6.681807008135365e-06,0.00014056851796340197,0.9997332692146301,9.115391731029376e-05,8.898406122170854e-06
ISIC_0031779,mel,mel,3.526612772475346e-06,9.073020009964239e-06,0.000550874334294349,2.477553152857581e-06,0.9898779392242432,0.009552202187478542,3.876803020830266e-06
ISIC_0028442,mel,mel,4.39823361375602e-06,0.0003982703492511064,4.279613131075166e-05,6.635215868300293e-06,0.9994471669197083,9.713985491544008e-05,3.5019827464566333e-06
ISIC_0031977,mel,nv,6.72596215736121e-05,1.4633319551649038e-05,0.001429163501597941,0.0026388601399958134,0.07417130470275879,0.9216195344924927,5.918361421208829e-05
ISIC_0031517,mel,mel,1.6073841834440827e-05,1.7673288311925717e-05,9.631065040593967e-06,0.0008131208596751094,0.9990328550338745,0.00010476564784767106,5.805216005683178e-06
ISIC_0029473,mel,mel,0.0004203136486466974,0.0002007330913329497,0.00013822074106428772,0.13882315158843994,0.8595271706581116,0.00037908204831182957,0.0005112970247864723
ISIC_0029571,mel,mel,1.8279199593962403e-06,1.1071833796449937e-05,2.150487034668913e-06,3.3541714401508216e-06,0.9999092817306519,7.052282307995483e-05,1.7269862837565597e-06
ISIC_0032220,mel,nv,0.00024663377553224564,0.02764708735048771,0.009598148055374622,0.0009361140546388924,0.2255321443080902,0.5879390239715576,0.148100808262825
ISIC_0028127,mel,mel,4.97890425776859e-07,3.116177595074987e-06,8.258458592536044e-07,5.411083634498937e-07,0.9999868869781494,7.772875505906995e-06,3.963090762226784e-07
ISIC_0029241,mel,mel,0.00011536365491338074,0.0009054811671376228,0.000124365949886851,2.5568257115082815e-05,0.9988160133361816,1.0895917512243614e-05,2.3214970497065224e-06
ISIC_0024875,mel,bcc,0.00013358848809730262,0.7459190487861633,0.06678982079029083,3.993191785411909e-05,0.186990886926651,6.48487257421948e-05,6.192584260134026e-05
ISIC_0030552,mel,nv,3.6580498999683186e-05,1.7117537936428562e-05,1.4190868569130544e-05,0.0007607239531353116,0.024720121175050735,0.9744266271591187,2.4642036805744283e-05
ISIC_0028029,mel,mel,0.00022180925589054823,0.0026956305373460054,0.02601943537592888,3.5481083614286035e-05,0.9637128710746765,0.007235601544380188,7.911757711553946e-05
ISIC_0025489,mel,nv,1.8296514099347405e-05,5.415734995040111e-05,2.8413182008080184e-05,1.9007773516932502e-05,0.34821659326553345,0.6516439914703369,1.949272154888604e-05
ISIC_0025265,mel,nv,1.732837517920416e-05,2.108815715473611e-05,1.50138876051642e-05,2.715145456022583e-05,0.11197610199451447,0.8879319429397583,1.1393318345653825e-05
ISIC_0028489,mel,nv,3.773130083573051e-05,1.056010205502389e-05,0.0009945895290002227,8.451417670585215e-06,8.657140278955922e-05,0.9988493919372559,1.2643633453990333e-05
ISIC_0027260,mel,mel,1.2794218491762877e-05,6.188215775182471e-05,2.758461414487101e-05,7.735457984381355e-06,0.9979968667030334,0.0018879150738939643,5.171550128579838e-06
ISIC_0026996,mel,nv,1.4006894843987538e-06,3.946753622585675e-06,1.4949780961615033e-05,1.5296438505174592e-05,0.017154449597001076,0.9827836751937866,2.6164843802689575e-05
ISIC_0029562,mel,nv,2.2658319721813314e-05,0.002149740932509303,0.0011258036829531193,0.0007602796540595591,0.0029932023026049137,0.9914980530738831,0.001450311508961022
ISIC_0033268,mel,mel,9.996052767746733e-07,4.7204861175487167e-07,4.125317445868859e-06,2.186251549574081e-06,0.9998867511749268,0.00010474516602698714,7.629883498339041e-07
ISIC_0033834,mel,mel,8.000790330697782e-06,2.2585479655390372e-06,6.869869139336515e-06,3.0828530270810006e-06,0.9999773502349854,1.3478573919201153e-06,1.1741185517166741e-06
ISIC_0033678,mel,mel,5.262923423288157e-06,3.3035448723239824e-06,1.174629960587481e-05,2.080807007587282e-06,0.9999755620956421,1.1815300240414217e-06,8.322303415297938e-07
ISIC_0033975,mel,df,0.00013613785267807543,0.0002766561519820243,0.0008967246394604445,0.8046978116035461,0.19148506224155426,0.0011690978426486254,0.0013385325437411666
ISIC_0034118,mel,mel,8.785432328295428e-07,1.1296566526652896e-06,1.9747419628401985e-06,1.5951281966408715e-06,0.9999837875366211,9.691706509329379e-06,9.54967617872171e-07
ISIC_0033831,mel,mel,6.287804126259289e-07,1.591227942299156e-06,4.965152129443595e-07,1.0784790447360137e-06,0.9998359680175781,0.00015872418589424342,1.4931348459867877e-06
ISIC_0032583,mel,mel,0.12231961637735367,0.006164338905364275,0.02904062718153,0.0031519317999482155,0.8080312013626099,0.023707175627350807,0.007585181854665279
ISIC_0032564,mel,mel,0.00027118323487229645,0.06235675513744354,0.0007885024533607066,0.0018334254855290055,0.9310499429702759,4.951634400640614e-05,0.0036507965996861458
ISIC_0032993,mel,mel,3.730858679773519e-06,5.5629566304560285e-06,3.2865827961359173e-06,8.346742106368765e-06,0.9999624490737915,3.3503536087664543e-06,1.3297934856382199e-05
ISIC_0033154,mel,nv,7.596756859129528e-06,1.278449417441152e-05,2.5133358576567844e-06,3.0400100513361394e-05,0.46253296732902527,0.5373949408531189,1.8709999494603835e-05
ISIC_0034222,mel,nv,1.6754098624005564e-06,5.897321898373775e-05,1.354202936454385e-06,7.605385326314718e-05,0.009245931170880795,0.9906097054481506,6.336476872093044e-06
ISIC_0034064,mel,nv,2.9328874006750993e-05,0.4560502767562866,2.374313771724701e-05,0.001184038002975285,0.044615767896175385,0.4978382885456085,0.0002584683825261891
ISIC_0033902,mel,mel,7.429502147715539e-06,6.285646668402478e-05,0.00011542333959368989,1.6514271919731982e-05,0.9984402060508728,0.001250370405614376,0.00010731248039519414
ISIC_0032840,mel,mel,4.943862586515024e-05,0.005615870002657175,9.611418136046268e-06,0.0013570020673796535,0.9892984628677368,0.0029242404270917177,0.0007453923462890089
ISIC_0033570,mel,mel,6.926776222826447e-06,0.000411257118685171,1.32535615193774e-06,0.00020797895558644086,0.9989757537841797,0.000275249476544559,0.00012156993034295738
ISIC_0033129,mel,mel,4.837962114834227e-05,8.529310434823856e-06,7.818171070539393e-06,0.0004923499654978514,0.9978783130645752,0.0015287526184692979,3.578748510335572e-05
ISIC_0033325,mel,mel,0.00047506525879725814,0.3946393132209778,0.0004286817566026002,0.001041147974319756,0.6032772064208984,3.233735333196819e-05,0.00010632070916472003
ISIC_0033068,mel,mel,1.8194707081420347e-05,4.6937384468037635e-06,4.218535468680784e-05,2.824838702508714e-06,0.9999029636383057,2.6254328986397013e-05,2.8975864552194253e-06
ISIC_0032892,mel,mel,6.857478183519561e-06,5.197254267841345e-06,9.238514394382946e-06,1.9640522168629104e-06,0.9999754428863525,6.637383194174618e-07,5.457628162730543e-07
ISIC_0026976,mel,mel,0.0006384992157109082,3.656195258372463e-05,0.1102289929986,9.10820162971504e-05,0.6509127616882324,0.2380455881357193,4.650931805372238e-05
ISIC_0032844,mel,nv,3.654523243312724e-05,5.259749013930559e-05,0.00012453131785150617,8.882181282388046e-05,0.3304927945137024,0.6691222190856934,8.247818186646327e-05
ISIC_0034059,mel,mel,1.6016749668779084e-06,2.7404745196690783e-05,6.516508165077539e-06,1.5937988564473926e-06,0.9984408020973206,0.0015199240297079086,2.185272933274973e-06
ISIC_0033272,mel,mel,0.00019054357835557312,7.546283995907288e-06,0.014603918418288231,1.2462393897294533e-05,0.9850996136665344,7.735468534519896e-05,8.536329005437437e-06
ISIC_0032718,mel,mel,0.0002591906231828034,0.10956976562738419,0.003363566705957055,0.00034172742743976414,0.8861674070358276,0.00019078757031820714,0.00010748169006546959
ISIC_0034269,mel,mel,5.695517302228836e-06,3.7996048831701046e-06,8.000149136933032e-06,6.441202344831254e-07,0.9999086856842041,7.265878230100498e-05,4.5801900228070735e-07
ISIC_0032598,mel,mel,4.113712748221587e-06,1.3606630773210782e-06,9.96036987999105e-07,9.90059652394848e-06,0.9943315982818604,0.0056464760564267635,5.499486633198103e-06
ISIC_0033004,mel,mel,6.203817974892445e-06,8.660447929287329e-05,6.058833241695538e-05,1.0507418664928991e-05,0.9963192939758301,0.003500340972095728,1.6445579603896476e-05
ISIC_0032072,mel,bcc,0.003659089794382453,0.887523353099823,0.052394650876522064,0.0053571611642837524,0.04712123051285744,0.0037851626984775066,0.00015938881551846862
ISIC_0033687,mel,mel,1.8920438833447406e-06,7.198623279691674e-06,7.063881184876664e-06,5.252590653981315e-06,0.9996230602264404,0.0003532983537297696,2.2415583771362435e-06
ISIC_0032812,mel,nv,0.00019229068129789084,7.68641330068931e-05,5.804718057333957e-06,0.00016154101467691362,0.4676288962364197,0.5318124294281006,0.00012219925702083856
ISIC_0033038,mel,mel,7.229900074889883e-05,0.0004074315365869552,0.0007248080801218748,2.5686717890494037e-06,0.9985887408256531,0.00020279076125007123,1.346928456769092e-06
ISIC_0033630,mel,mel,5.447705007100012e-06,3.193740121787414e-05,0.000994359259493649,1.4197087239153916e-06,0.9989452958106995,1.6966161638265476e-05,4.5310785026231315e-06
ISIC_0033209,mel,mel,5.275660896586487e-06,1.7047389064828167e-06,0.00011660696327453479,1.8967092501043226e-06,0.999862790107727,9.821290404943284e-06,1.9145813894283492e-06
ISIC_0034074,mel,mel,0.0009206735412590206,6.877281703054905e-05,0.008092926815152168,4.5304757804842666e-05,0.990153968334198,0.0006205846439115703,9.781395056052133e-05
ISIC_0032622,mel,mel,3.0484588933177292e-06,1.6370391904274584e-06,4.259233890024916e-07,3.3680350952636218e-06,0.9999809265136719,7.887985702836886e-06,2.663461145857582e-06
ISIC_0033883,mel,mel,5.617365786747541e-06,8.505580808559898e-06,8.947470632847399e-05,5.789835086034145e-06,0.8054940104484558,0.1943897157907486,6.8293384174467064e-06
ISIC_0033470,mel,mel,8.769891906013072e-07,1.05779849945975e-06,5.64317360840505e-07,9.775026228453498e-07,0.9999880790710449,8.004432856978383e-06,5.149877893018129e-07
ISIC_0024482,mel,mel,3.943224874092266e-05,4.626187546818983e-06,4.339874976722058e-06,2.542953779993695e-06,0.9999415874481201,6.789208327973029e-06,6.484831942543678e-07
ISIC_0033863,mel,mel,6.729746928613167e-07,4.280783286958467e-06,9.932533430401236e-06,1.3102562661515549e-06,0.9926280379295349,0.007354040164500475,1.6480078102176776e-06
ISIC_0034242,mel,mel,7.0363137183449e-07,1.1051154160668375e-06,8.899332897271961e-07,2.6158513719565235e-06,0.9996529817581177,0.00033842853736132383,3.271268269600114e-06
ISIC_0032913,mel,mel,5.2426071306399535e-06,2.730455662458553e-06,0.0002239697496406734,2.492591875125072e-06,0.9997594952583313,4.586449449561769e-06,1.5114080724742962e-06
ISIC_0033981,mel,mel,3.127279796899529e-06,4.036271548102377e-07,2.8077742172172293e-05,5.385034569371783e-07,0.9999468326568604,2.06101485673571e-05,3.6129526392869593e-07
ISIC_0034188,mel,nv,3.5366113024792867e-06,6.521855993923964e-06,1.4114306395640597e-05,0.00016363165923394263,0.0006992361741140485,0.9989438652992249,0.00016909754776861519
ISIC_0032684,mel,mel,2.119844566550455e-06,3.7065144624648383e-06,2.0102659163967473e-06,2.19911180465715e-06,0.9990527033805847,0.0009335763170383871,3.7193858588580042e-06
ISIC_0032836,mel,mel,4.64603863292723e-06,1.7793983033698169e-06,5.556138148676837e-06,6.699905043205945e-06,0.9998966455459595,8.245879143942147e-05,2.2447736682806863e-06
ISIC_0033546,mel,mel,1.5118248484213836e-06,2.6848526886169566e-06,2.8764955004589865e-06,2.7758982469094917e-05,0.5224364399909973,0.47751593589782715,1.2905877156299539e-05
ISIC_0027306,mel,mel,3.328474349473254e-06,4.919100319966674e-06,4.25246253143996e-05,3.0045792300370522e-05,0.9998841285705566,2.706382656469941e-05,7.980254849826451e-06
ISIC_0032552,mel,nv,5.759652776760049e-05,7.305233157239854e-05,0.0015855716774240136,1.7330399714410305e-05,0.17786000669002533,0.8203139305114746,9.258877980755642e-05
ISIC_0033300,mel,mel,1.1356741197232623e-05,8.67040034790989e-06,5.058967872173525e-06,2.0444336769287474e-05,0.7531980872154236,0.24674494564533234,1.147506100096507e-05
ISIC_0033611,mel,nv,2.6123821044166107e-06,1.5803345377207734e-05,3.490676363071543e-06,6.287173619057285e-06,0.010608543641865253,0.9893552660942078,7.973453648446593e-06
ISIC_0033586,mel,nv,5.026131020713365e-06,9.068658073374536e-06,0.00035924132680520415,4.812847237189999e-06,0.053036488592624664,0.9465796947479248,5.709558081434807e-06
ISIC_0033029,mel,mel,8.949560651672073e-06,4.287415504222736e-05,2.0740120817208663e-05,4.639228791347705e-05,0.8255694508552551,0.17426790297031403,4.3629428546410054e-05
ISIC_0033670,mel,nv,6.817999746999703e-06,4.779298706125701e-06,8.883846930984873e-06,2.3864862669142894e-05,0.3226892054080963,0.6772253513336182,4.10815846407786e-05
ISIC_0032509,mel,mel,0.0004277319530956447,0.00043968341196887195,0.0016422916669398546,5.316662281984463e-05,0.9162737727165222,0.08113841712474823,2.500785376469139e-05
ISIC_0032592,mel,mel,0.014701229520142078,0.10785380750894547,0.013302440755069256,0.0166242104023695,0.563940167427063,0.03363630548119545,0.24994182586669922
ISIC_0032687,mel,mel,6.97791765560396e-05,1.8173410353483632e-05,0.0001480809150962159,2.8192422178108245e-05,0.9991366267204285,0.0005945110460743308,4.571595582092414e-06
ISIC_0033055,mel,mel,0.0020048832520842552,0.0003570748376660049,0.0006633482407778502,0.001242031459696591,0.9813095331192017,0.014409548602998257,1.3535800462705083e-05
ISIC_0033487,mel,nv,0.0047405315563082695,0.20791937410831451,0.004092876799404621,0.0024799033999443054,0.2972279191017151,0.4581233263015747,0.025416068732738495
ISIC_0033957,mel,mel,3.4442268770362716e-06,1.6023802800191334e-06,3.3452911907261296e-07,7.5368575380707625e-06,0.999371349811554,0.000604452972766012,1.130156761064427e-05
ISIC_0032626,mel,mel,3.957249646191485e-05,0.006996050477027893,0.0006807918543927372,0.00016259511176031083,0.9914201498031616,1.7004731489578262e-05,0.0006837976397946477
ISIC_0033051,mel,mel,1.578079718456138e-05,9.87897437880747e-05,0.0001685432653175667,0.0001297914277529344,0.9990745782852173,8.000565139809623e-05,0.00043248519068583846
ISIC_0027149,mel,mel,2.720841803238727e-05,2.3151671939558582e-06,6.428483902709559e-05,2.6216871447104495e-06,0.9967548251152039,0.0031469594687223434,1.7792134485716815e-06
ISIC_0032918,mel,mel,7.469848060281947e-05,0.00013094584573991597,0.012372764758765697,2.2024003555998206e-05,0.9866577982902527,0.0006402208819054067,0.0001015030502458103
ISIC_0033752,mel,bkl,0.06739339232444763,0.0012852501822635531,0.5606353878974915,0.0006589407566934824,0.36974653601646423,0.00017683629994280636,0.00010365267371525988
ISIC_0033730,mel,mel,1.92626248463057e-06,1.5416551377711585e-06,1.567432082083542e-05,1.9789486032095738e-06,0.9998152852058411,0.00016145165136549622,2.1582147837762022e-06
ISIC_0032975,mel,mel,1.3573325077231857e-06,1.3076252116661635e-06,4.229761998431059e-06,1.1712827472365461e-06,0.9999881982803345,3.0181822694430593e-06,7.588464541186113e-07
ISIC_0033114,mel,mel,0.00012940398300997913,0.004348717629909515,0.03340470418334007,3.188965274603106e-05,0.9618231654167175,1.1341126992192585e-05,0.0002506569435354322
ISIC_0030150,mel,mel,2.0692943508038297e-05,0.00019024393986910582,3.14496282953769e-05,6.81813662595232e-06,0.9991326928138733,0.0006168826366774738,1.2253154864083626e-06
ISIC_0031233,mel,nv,0.0001810318644857034,4.449475454748608e-06,0.00016599764057900757,4.5209304516902193e-05,0.06741244345903397,0.9321798086166382,1.1044742677768227e-05
ISIC_0027204,mel,mel,0.001170846284367144,0.00016452452109660953,0.4550049602985382,2.7639083782560192e-05,0.5434629917144775,0.0001260595745407045,4.289149364922196e-05
ISIC_0028173,mel,nv,0.0003139556210953742,0.0019288797629997134,0.004828792065382004,0.0016721361316740513,0.0031495019793510437,0.9879675507545471,0.00013910388224758208
ISIC_0026770,mel,mel,1.2966362419319921e-06,1.666842649683531e-06,4.958280896971701e-06,3.3559520034032175e-06,0.9999364614486694,5.002221223548986e-05,2.221320073658717e-06
ISIC_0025512,mel,mel,4.602022090693936e-05,3.0460008929367177e-05,0.00017084862338379025,2.0351415514596738e-05,0.9983672499656677,0.001336340676061809,2.874710480682552e-05
ISIC_0025963,mel,mel,2.74248122877907e-05,5.935878289164975e-05,0.0001883452059701085,6.239319918677211e-05,0.997337281703949,0.00012093091936549172,0.0022042037453502417
ISIC_0032134,mel,mel,2.4268313154607313e-06,3.376781251063221e-06,3.8276561099337414e-05,3.2651823858032003e-06,0.999931812286377,1.2403160326357465e-05,8.426900421909522e-06
ISIC_0027561,mel,bkl,3.466559428488836e-05,2.926292154370458e-06,0.9924840331077576,1.2422889994923025e-05,0.006061709951609373,0.001399978413246572,4.23924257120234e-06
ISIC_0025316,mel,mel,7.194977661129087e-05,4.237071607349208e-06,5.402933311415836e-06,2.4722012312849984e-05,0.9775200486183167,0.022368432953953743,5.192383468966e-06
ISIC_0029316,mel,mel,4.0142454963643104e-05,0.00048731357674114406,4.126608473598026e-06,0.011701762676239014,0.9716111421585083,0.013295912183821201,0.002859529573470354
ISIC_0030356,mel,nv,1.4122617812972749e-06,1.6662727375660324e-06,3.154271780658746e-06,2.343270170968026e-05,0.00039215231663547456,0.9995431900024414,3.494833435979672e-05
ISIC_0025145,mel,mel,4.465433448785916e-06,9.862211300060153e-06,2.4690377813385567e-06,2.397003299847711e-05,0.9994613528251648,0.00043131803977303207,6.660292274318635e-05
ISIC_0031999,mel,nv,1.2690393305092584e-05,0.00036310649011284113,7.086396635713754e-06,5.2790786867262796e-05,0.041374389082193375,0.9580771327018738,0.000112837617052719
ISIC_0028481,mel,mel,7.336826456594281e-06,1.7456196701459703e-06,0.003873364068567753,1.8744560748018557e-06,0.9951451420783997,0.0009688953286968172,1.526744085822429e-06
ISIC_0029172,mel,mel,1.4222366189642344e-05,4.231919774611015e-06,0.0010750117944553494,3.5974933325633174e-06,0.998333752155304,0.0005632253596559167,5.9315580074326135e-06
ISIC_0031386,mel,mel,0.00013644636783283204,1.0611624020384625e-05,0.0007182694389484823,0.0025077955797314644,0.8604483008384705,0.13611647486686707,6.206188118085265e-05
ISIC_0027302,mel,nv,4.502849606069503e-06,2.9396717309282394e-06,1.8065630911223707e-06,5.7797918998403475e-05,0.0003546703956089914,0.9995694756507874,8.7496628111694e-06
ISIC_0028548,mel,mel,0.00040694608469493687,5.466280708787963e-05,0.0018507316708564758,3.610646672314033e-06,0.9975950121879578,8.810833969619125e-05,8.409624001615157e-07
ISIC_0032036,mel,mel,0.00022580442600883543,4.755414920509793e-05,0.014454489573836327,0.00012381312262732536,0.9750651121139526,0.010048414580523968,3.4799555578501895e-05
ISIC_0029843,mel,nv,1.1484314200060908e-05,6.118142664490733e-06,2.5653762349975295e-05,3.9160258893389255e-06,0.11119850724935532,0.8887523412704468,1.9960839381383266e-06
ISIC_0029454,mel,mel,0.0047127013094723225,3.8739268347853795e-05,0.10677564889192581,4.076103869010694e-05,0.8882633447647095,0.00015133719716686755,1.7476933862781152e-05
ISIC_0028051,mel,nv,0.0001124289192375727,2.8847822250099853e-05,8.752787834964693e-06,6.286811185418628e-06,0.023533392697572708,0.9763059020042419,4.378149242256768e-06
ISIC_0027328,mel,mel,0.21325957775115967,0.017484094947576523,0.19486376643180847,0.00021422383724711835,0.5737284421920776,0.00017739959002938122,0.0002725158992689103
ISIC_0024546,mel,bkl,0.0019082968356087804,6.709032459184527e-05,0.9541662335395813,6.408309127436951e-05,0.042160727083683014,0.0015880604041740298,4.550819721771404e-05
ISIC_0030382,mel,mel,0.030547717586159706,0.00011517279199324548,0.00288577051833272,0.006976455450057983,0.9584388732910156,0.000824877992272377,0.000211080361623317
ISIC_0028017,mel,nv,1.1714346328517422e-06,2.466965497660567e-06,5.314802547218278e-05,6.397008746716892e-06,0.007551283575594425,0.9923708438873291,1.4647313037130516e-05
ISIC_0028288,mel,mel,0.00014529247710015625,0.0016513965092599392,0.0001089381257770583,4.626107511285227e-06,0.9979998469352722,8.709042595000938e-05,2.8187307634652825e-06
ISIC_0027030,mel,mel,1.1302036909910385e-05,3.2792035199236125e-05,0.0004669866757467389,2.1166597434785217e-05,0.9983859062194824,0.001078368746675551,3.4296856483706506e-06
ISIC_0030689,mel,bkl,0.0100083714351058,0.0009405574528500438,0.4958295524120331,0.005598993506282568,0.48604926466941833,0.0014389356365427375,0.0001343083567917347
ISIC_0024516,mel,nv,0.017745064571499825,3.2851450669113547e-05,0.006048723589628935,0.00027038168627768755,0.420864075422287,0.5549584031105042,8.043546404223889e-05
ISIC_0029744,mel,mel,9.576223965268582e-05,0.00017089024186134338,2.3455040718545206e-05,0.006549937184900045,0.9854761958122253,7.374796405201778e-05,0.007610047236084938
ISIC_0024351,mel,mel,5.063988282927312e-06,8.899924068828113e-06,1.5579567843815312e-05,2.0811401100218063e-06,0.9944462776184082,0.005517356097698212,4.744232683151495e-06
ISIC_0026916,mel,mel,3.79165358026512e-05,4.4581574911717325e-06,2.3764792786096223e-05,6.858477718196809e-06,0.999919056892395,6.859720997454133e-06,1.1974003655268461e-06
ISIC_0029319,mel,mel,0.0001891975844046101,8.291357517009601e-05,0.0029591263737529516,2.2149297365103848e-05,0.9224863052368164,0.07423563301563263,2.4761129679973237e-05
ISIC_0028898,mel,mel,5.488421265908983e-06,1.2487628737289924e-05,6.753098568879068e-05,1.4567611287930049e-05,0.9011197686195374,0.09875579923391342,2.4318715077242814e-05
ISIC_0025413,mel,mel,1.8215658201370388e-05,5.624567165796179e-06,2.3794846129021607e-06,3.8001689972588792e-06,0.9999092817306519,5.896010770811699e-05,1.6995651321849436e-06
ISIC_0027663,mel,nv,0.002295208163559437,4.3129090045113117e-05,0.0002702613710425794,0.05841604247689247,0.005804705433547497,0.9331277012825012,4.297602936276235e-05
ISIC_0030423,mel,mel,7.165126589825377e-06,2.3252443952515023e-06,6.580905392183922e-06,2.993878752022283e-06,0.9999732971191406,6.315469363471493e-06,1.2824159512092592e-06
ISIC_0026897,mel,mel,2.7659034458338283e-06,2.5244457901862916e-06,1.0505475529498653e-06,2.294020532644936e-06,0.9998875856399536,0.00010231325722998008,1.4290076251199935e-06
ISIC_0030695,mel,mel,8.578572305850685e-05,4.2696330638136715e-05,0.0008882642723619938,1.9618044461822137e-05,0.962828516960144,0.036117538809776306,1.7598873455426656e-05
ISIC_0024679,mel,mel,2.307328577444423e-05,6.981053957133554e-06,0.0003694462066050619,3.816043317783624e-06,0.9995852112770081,7.566286967630731e-06,3.854384885926265e-06
ISIC_0025832,mel,nv,2.7490184947964735e-05,1.1046193321817555e-05,9.856816905084997e-05,2.4928890525188763e-06,0.11172967404127121,0.8881205916404724,1.0145860869670287e-05
ISIC_0027179,mel,mel,0.02141508460044861,0.034755803644657135,0.03613950312137604,0.13354580104351044,0.770797073841095,0.0012779496610164642,0.002068829722702503
ISIC_0026930,mel,nv,9.039104043040425e-06,3.0186331514414633e-06,5.477189006342087e-06,3.640520617409493e-06,0.001651825848966837,0.9983231425285339,3.8062019029894145e-06
ISIC_0026738,mel,bkl,7.686015305807814e-05,8.071538468357176e-05,0.9662579298019409,4.178337803750765e-06,0.03349421173334122,8.139446435961872e-05,4.638868631445803e-06
ISIC_0032207,mel,nv,1.0131026328963344e-06,1.0065057267638622e-06,5.460602551465854e-06,1.0755343282653484e-06,0.001048529171384871,0.9989390969276428,3.9194947021314874e-06
ISIC_0024733,mel,mel,0.11401306837797165,0.0005173945100978017,0.0003605513193178922,0.00030747143318876624,0.8847530484199524,2.8772166842827573e-05,1.9703587895492092e-05
ISIC_0031821,mel,mel,1.5741263268864714e-05,5.3414012654684484e-05,3.170357376802713e-05,2.2528245608555153e-05,0.9961394667625427,0.0035778996534645557,0.00015930166409816593
ISIC_0025128,mel,mel,0.0009295566123910248,0.0005965009331703186,0.007446867413818836,0.00032108198502101004,0.8469696640968323,0.1434786319732666,0.00025758135598152876
ISIC_0028156,mel,mel,4.429227556101978e-05,2.2116957552498206e-05,1.9747296391869895e-05,1.8351660401094705e-05,0.9996651411056519,0.00022197347425390035,8.355633326573297e-06
ISIC_0030901,mel,mel,4.568563781504054e-06,4.650073151424294e-06,0.00021731090964749455,9.606044841348194e-06,0.9993600249290466,0.00040085543878376484,3.089739038841799e-06
ISIC_0030995,mel,mel,5.151549885340501e-06,5.561488069361076e-05,0.0027053230442106724,4.022046778118238e-05,0.9895845055580139,0.0075944652780890465,1.460075600334676e-05
ISIC_0031368,mel,mel,0.00030825534486211836,5.2189767302479595e-05,0.004837054759263992,7.543168521806365e-06,0.994782030582428,9.853413757809903e-06,3.0286535093182465e-06
ISIC_0025724,mel,nv,0.000586945447139442,0.0025979115162044764,0.0025818494614213705,0.0006777693633921444,0.1616077572107315,0.8293614387512207,0.0025862730108201504
ISIC_0027067,mel,mel,0.0015488398494198918,0.016990236937999725,0.08727209270000458,0.00011682512558763847,0.8001068234443665,0.09377884119749069,0.00018631410785019398
ISIC_0025941,mel,nv,0.00015132194675970823,8.777052244113293e-06,9.01339535630541e-06,7.783151886542328e-06,0.0070647140964865685,0.9927514791488647,6.911884611326968e-06
ISIC_0031901,vasc,vasc,2.1387315428000875e-05,0.003916971385478973,0.00012934120604768395,0.007117315195500851,0.00033094736863859,0.0026500963140279055,0.9858339428901672
ISIC_0026092,vasc,vasc,5.554323251999449e-06,0.00016072404105216265,2.2082131181377918e-06,1.4752094102732372e-05,9.609263543097768e-06,6.4074220063048415e-06,0.9998007416725159
ISIC_0030956,vasc,vasc,3.3851595162559533e-06,2.5644574634497985e-05,1.621567776055599e-06,9.229255738318898e-06,2.4786100766505115e-05,3.0751663871342316e-05,0.9999045133590698
ISIC_0027983,vasc,vasc,2.525667514419183e-05,0.0007674130611121655,2.361672159167938e-06,0.002135844901204109,4.951982555212453e-05,3.917134745279327e-05,0.9969803690910339
ISIC_0027672,vasc,vasc,6.472274253610522e-05,0.27708253264427185,2.1921297957305796e-05,0.0001577257498865947,0.00010537406342336908,0.0012944369809702039,0.7212733030319214
ISIC_0033031,vasc,vasc,5.103016155771911e-05,0.00810144655406475,3.158458275720477e-05,6.724832201143727e-05,0.0007007403182797134,0.001384295173920691,0.9896636605262756
ISIC_0032919,vasc,vasc,5.752711331297178e-06,2.7186550141777843e-05,1.1115232609881787e-06,3.2407195249106735e-05,1.9072385839535855e-05,2.7616058559942758e-06,0.9999117851257324
ISIC_0033230,vasc,vasc,4.119046570849605e-05,0.024068277329206467,1.0979102626151871e-05,0.00023135074297897518,0.00032084694248624146,0.00022380874725058675,0.9751035571098328
ISIC_0032270,vasc,nv,1.3327764463610947e-05,1.9659785266412655e-06,3.126866067759693e-05,2.3562635760754347e-05,8.70664807735011e-05,0.99912029504776,0.0007224697037599981
ISIC_0026876,vasc,vasc,2.345224629607401e-06,2.1191795894992538e-05,7.695222166148596e-07,1.6479980331496336e-05,7.145471045078011e-06,5.887106453883462e-06,0.9999462366104126
ISIC_0025924,vasc,vasc,1.1563229236344341e-06,2.2617014110437594e-05,1.6592493921052665e-06,1.1102526514150668e-05,7.749767246423289e-05,9.172456884698477e-06,0.9998767375946045
ISIC_0027256,vasc,vasc,9.845196473179385e-06,1.8781260223477148e-05,8.701381375431083e-06,6.90314409439452e-05,6.471300002885982e-05,0.0004892208380624652,0.9993396401405334
ISIC_0032890,vasc,vasc,2.645735776241054e-06,1.923917261592578e-05,2.74486137641361e-06,8.263892596005462e-06,5.7040058891288936e-05,2.9797502065775916e-05,0.9998801946640015
ISIC_0031706,vasc,vasc,2.6846298624150222e-06,1.0830269275174942e-05,3.296569047961384e-06,1.5212552170851268e-05,1.4395321159099694e-05,6.715191557304934e-05,0.9998863935470581
ISIC_0025677,vasc,vasc,1.9479402908473276e-06,6.241831670195097e-06,6.698702463836526e-07,1.6627162040094845e-05,3.0408267775783315e-05,3.86635547329206e-05,0.9999054670333862
ISIC_0028680,vasc,vasc,2.7107992082164856e-06,2.2329293642542325e-05,1.1590163921937346e-05,7.634542271262035e-06,1.551040077174548e-05,6.732183101121336e-05,0.9998729228973389
ISIC_0029742,vasc,vasc,2.870229991458473e-06,8.929062460083514e-06,2.520280077078496e-06,9.96792186924722e-06,1.576981958351098e-05,1.7644220861257054e-05,0.9999423027038574
ISIC_0026490,vasc,vasc,5.0725898290693294e-06,2.187317659263499e-05,4.217312834953191e-06,3.506849316181615e-05,9.043373574968427e-05,0.027914948761463165,0.9719284772872925
ISIC_0029099,vasc,vasc,3.4456243156455457e-06,5.240581594989635e-05,5.513876430995879e-07,4.8470363253727555e-05,5.2037670684512705e-05,0.00015396154776681215,0.9996891021728516
ISIC_0027937,vasc,vasc,6.637013939325698e-06,1.758116195560433e-05,2.078734041788266e-06,1.0663483408279717e-05,9.683412827143911e-06,6.552524610015098e-06,0.9999468326568604
ISIC_0026068,vasc,vasc,5.429276370705338e-06,3.249340443289839e-05,3.7342883842939045e-06,3.006728002219461e-05,1.3174249943403993e-05,5.705027433577925e-05,0.999858021736145
ISIC_0031513,bcc,bcc,3.487251160549931e-05,0.9997171759605408,4.334851382736815e-06,2.4319180738530122e-05,0.00011741939670173451,8.915442595025524e-05,1.2679055544140283e-05
ISIC_0027146,bcc,bcc,0.00011860413360409439,0.9978531002998352,1.1450374586274847e-06,0.0019010769901797175,4.254993109498173e-05,1.4132953765511047e-05,6.928425136720762e-05
ISIC_0028807,bcc,bcc,0.02028350532054901,0.9741676449775696,0.0002486082084942609,0.0005516482633538544,0.002372892340645194,0.0023197103291749954,5.606997001450509e-05
ISIC_0031585,bcc,bcc,0.0009276711498387158,0.9989277720451355,2.3563758077216335e-05,9.867302651400678e-06,7.210791955003515e-05,4.165990958426846e-06,3.479599763522856e-05
ISIC_0028693,bcc,bcc,4.004368747700937e-06,0.9999769926071167,4.090890342922648e-06,4.5027049964119215e-06,1.1986693380094948e-06,2.0347104054962983e-06,7.1663898779661395e-06
ISIC_0027057,bcc,bcc,9.144640898739453e-06,0.9997196793556213,8.96105575520778e-06,0.00011309362889733166,1.1991641258646268e-05,1.4736078810528852e-05,0.00012230250285938382
ISIC_0025691,bcc,bcc,2.8777965781046078e-05,0.9970267415046692,2.690195742616197e-06,0.0017872166354209185,9.976666478905827e-05,0.0009464718168601394,0.00010833804844878614
ISIC_0031400,bcc,bcc,2.1694879251299426e-05,0.9999631643295288,7.589845836264431e-07,8.145694664563052e-06,2.153601371901459e-06,4.4705805635203433e-07,3.648337724371231e-06
ISIC_0029747,bcc,bcc,1.4638922039011959e-05,0.9996069073677063,5.411011443356983e-06,1.1508700481499545e-05,0.00013548365677706897,7.242770152515732e-06,0.00021869638294447213
ISIC_0027433,bcc,bcc,0.001397009938955307,0.9823514223098755,0.00011502036795718595,0.00026829817215912044,0.009197182022035122,0.0002682482299860567,0.006402800790965557
ISIC_0026643,bcc,bcc,9.672324813436717e-05,0.9987308382987976,0.0005281089106574655,5.29518183611799e-05,0.00026635461836121976,5.69990006624721e-05,0.00026792011340148747
ISIC_0032139,bcc,bcc,1.9098606571787968e-05,0.9913148283958435,0.00017237616702914238,2.9795875889249146e-05,0.0003793675568886101,0.0020085498690605164,0.006075936369597912
ISIC_0031789,bcc,mel,0.028736194595694542,0.026635147631168365,0.0012250671861693263,0.0041067576967179775,0.9145352244377136,0.02453308366239071,0.0002285434165969491
ISIC_0031169,bcc,bcc,8.363076631212607e-06,0.9999347925186157,2.8201762688695453e-05,7.367274974967586e-06,3.5816449326375732e-06,3.776342055061832e-06,1.3876529010303784e-05
ISIC_0026453,bcc,bcc,1.4392412595043425e-05,0.9912410378456116,0.0007129264995455742,2.0381377908051945e-05,0.00040052924305200577,0.00750285480171442,0.00010787693463498726
ISIC_0027297,bcc,bcc,0.00920830573886633,0.9727003574371338,0.0008078251266852021,0.0019984091632068157,0.014752944000065327,0.0004329073999542743,9.926326310960576e-05
ISIC_0030114,bcc,bcc,0.002012629294767976,0.9465983510017395,0.047002870589494705,0.0006231542793102562,0.0011583301238715649,0.0020323984790593386,0.0005722364294342697
ISIC_0033271,bcc,bcc,2.211309720223653e-06,0.9999650716781616,5.238382073002867e-06,2.8524516437755665e-06,5.631498879665742e-06,2.350295517317136e-06,1.6612715626251884e-05
ISIC_0034255,bcc,bcc,7.47365584174986e-06,0.9999442100524902,1.991536555578932e-05,2.8149295303592226e-06,1.3939211385149974e-05,8.917258128349204e-06,2.6771197099151323e-06
ISIC_0032652,bcc,bcc,7.313806236197706e-06,0.9999673366546631,2.6298432658222737e-06,2.193629370594863e-06,7.4556537583703175e-06,7.93143317423528e-06,5.151792720425874e-06
ISIC_0034276,bcc,bcc,0.00031640814268030226,0.9838993549346924,0.0001482529769418761,0.013434043154120445,0.00021498884598258883,0.0007949245045892894,0.0011920474935323
ISIC_0033468,bcc,mel,0.0014207455096766353,0.07811927050352097,0.00025579065550118685,0.0012134815333411098,0.9175092577934265,6.992177077336237e-06,0.001474425196647644
ISIC_0032816,bcc,bcc,0.00018608916434459388,0.8592634797096252,0.0012273374013602734,0.0007223585853353143,0.0117269828915596,0.12554946541786194,0.0013242836575955153
ISIC_0033372,bcc,bcc,4.109555902687134e-06,0.9996857643127441,5.450280514196493e-05,2.595495743662468e-06,1.3688504623132758e-05,0.00015330039605032653,8.602990419603884e-05
ISIC_0033301,bcc,bcc,2.3306920411414467e-05,0.9990135431289673,0.00024178074090741575,9.077536560653243e-06,0.0006608531693927944,1.9534856619429775e-05,3.190521238138899e-05
ISIC_0033146,bcc,bcc,6.8891654336766805e-06,0.9999831914901733,3.5439427392702783e-06,1.5185706843112712e-06,1.8489140529709402e-06,8.223455552069936e-07,2.1317553091648733e-06
ISIC_0032727,bcc,bcc,2.2912967324373312e-05,0.9996927976608276,0.00018464619643054903,8.259822607215028e-06,2.131381188519299e-05,6.106256478233263e-05,9.132916602538899e-06
ISIC_0025617,bcc,bcc,1.3487440810422413e-05,0.9990822076797485,5.018796946387738e-05,1.1925963008252438e-05,0.00013542198576033115,0.0006509420927613974,5.580401557381265e-05
ISIC_0029564,bcc,bcc,8.563418305129744e-06,0.9998499155044556,1.9600887753767893e-05,1.7757291061570868e-05,4.2035994738398585e-06,2.990269786096178e-05,6.999400648055598e-05
ISIC_0032146,bcc,bcc,0.001092597027309239,0.98968505859375,9.544293425278738e-05,3.0763687391299754e-05,0.007475811522454023,0.0015433786902576685,7.689714402658865e-05
ISIC_0025576,bcc,bcc,6.3707611843710765e-06,0.999981164932251,1.43749196013232e-06,1.5050756019263645e-06,3.3145261113531888e-06,4.448903837328544e-06,1.7211433487318573e-06
ISIC_0029392,bcc,bcc,1.7712671251501888e-05,0.9999680519104004,4.319962499721441e-06,2.22131393456948e-06,3.3744540814950597e-06,3.810337716458889e-07,3.964851202908903e-06
ISIC_0027601,bcc,bcc,9.834594493440818e-06,0.9999576807022095,9.194210178975482e-06,5.062995114712976e-06,5.42324460184318e-06,4.207208803563844e-06,8.733915819902904e-06
ISIC_0031245,bcc,bcc,5.663746196660213e-05,0.9999228715896606,4.187967988400487e-06,6.379558271873975e-06,1.3761556374447537e-06,5.568566052716051e-07,7.866779014875647e-06
ISIC_0027631,bcc,bcc,6.53396045890986e-06,0.9999496936798096,7.467391696991399e-06,5.946589681116166e-06,8.680643986735959e-06,6.0228753682167735e-06,1.5594938304275274e-05
ISIC_0028035,bcc,bcc,1.0402627594885416e-06,0.9999655485153198,6.692780061712256e-06,7.484703132831783e-07,4.69454698759364e-06,1.7581442079972476e-05,3.7557415453193244e-06
ISIC_0025299,bcc,bcc,6.744893653376494e-06,0.9999819993972778,1.4125585039437283e-06,1.8329776594327996e-06,2.6705017717176815e-06,1.833054625421937e-06,3.637670943135163e-06
ISIC_0024595,bcc,bcc,3.0660421543871053e-06,0.9997851252555847,3.9756789192324504e-05,3.780318729695864e-05,1.3984550605528057e-05,4.9623107770457864e-05,7.067280967021361e-05
ISIC_0025046,bcc,bcc,1.7609092537895776e-05,0.9931312203407288,0.00016918413166422397,4.292359881219454e-05,7.540054502896965e-05,0.006180049851536751,0.0003835410752799362
ISIC_0029805,bcc,bcc,1.8465005268808454e-05,0.9999629259109497,1.041636778609245e-06,1.927120365508017e-06,8.155992873071227e-06,3.704785967784119e-06,3.851622750516981e-06
ISIC_0025433,bcc,bcc,7.26194484741427e-05,0.9998868703842163,4.289320258976659e-06,7.2684815677348524e-06,1.6171523384400643e-05,6.258638222789159e-06,6.434729129978223e-06
ISIC_0026855,bcc,bcc,9.972116458811797e-06,0.9998443126678467,6.669964932370931e-05,2.606868065413437e-06,2.8480656055762665e-06,1.1782756700995378e-05,6.17416444583796e-05
ISIC_0028107,bcc,bcc,0.01280168816447258,0.987103283405304,4.816676209884463e-06,4.7747442295076326e-05,1.1968549188168254e-05,3.5813484373647952e-06,2.6955960493069142e-05
ISIC_0032022,bcc,bcc,1.2265693840163294e-05,0.9999743700027466,3.512267085170606e-06,2.062645535261254e-06,2.4784060315141687e-06,1.0354536925660796e-06,4.323554094298743e-06
ISIC_0031122,bcc,bcc,6.760124506399734e-06,0.9999496936798096,2.4886749088182114e-05,3.025945716217393e-06,2.541948788348236e-06,4.212872681819135e-06,8.939173312683124e-06
ISIC_0032225,bcc,bcc,0.03027736209332943,0.8707917928695679,0.062484804540872574,0.0003469775547273457,0.03550829738378525,0.0004152063047513366,0.0001754848490236327
ISIC_0031007,bcc,bcc,6.527792720589787e-05,0.999915599822998,1.0500648386368994e-05,1.2432345783963683e-06,2.7629200758383377e-06,7.97096390670049e-07,3.790637038036948e-06
ISIC_0032290,bcc,bcc,2.9937646104372106e-06,0.9999017715454102,3.2162729439733084e-06,2.5365550300193718e-06,2.3670140762988012e-06,4.1214466364181135e-06,8.296886517200619e-05
ISIC_0031728,bcc,bcc,8.824870747048408e-06,0.999873161315918,9.64875926001696e-06,2.2904867364559323e-05,9.962813237507362e-06,1.0158865734410938e-05,6.533307896461338e-05
ISIC_0028973,bcc,bcc,1.297259223065339e-05,0.9999661445617676,4.901441570837051e-06,2.219547695858637e-06,2.9648138024640502e-06,3.8695202420058195e-06,6.8801978159171995e-06
ISIC_0031009,bcc,bcc,0.0002383715909672901,0.9996308088302612,9.178281470667571e-05,2.789231530186953e-06,2.7118401703773998e-05,4.022733719466487e-06,5.0584544624143746e-06
ISIC_0030452,bcc,bcc,0.08687019348144531,0.9126472473144531,0.00018391077173873782,0.0001544595288578421,4.409650864545256e-05,4.904219167656265e-05,5.102494833408855e-05
ISIC_0031057,bcc,bcc,0.00023740154574625194,0.9996576309204102,7.143541006371379e-05,1.6660640540067106e-05,3.565926817827858e-06,4.575872935674852e-06,8.783342309470754e-06
ISIC_0031294,bcc,bcc,1.1472830919956323e-05,0.9999699592590332,6.1715168158116285e-06,2.577983195806155e-06,3.5109690088575007e-06,9.89268414741673e-07,5.29474573340849e-06
ISIC_0025530,bcc,bcc,2.4933748136390932e-05,0.9999548196792603,1.0161502359551378e-06,1.3698419024876785e-05,1.0713642950577196e-06,2.247094386120807e-07,4.191414063825505e-06
ISIC_0029337,bcc,bcc,2.7135343771078624e-05,0.9999529123306274,7.0402543315140065e-06,2.865326905521215e-06,4.0953041207103524e-06,5.653424750562408e-07,5.388445515563944e-06
ISIC_0028652,bcc,bcc,4.571487443172373e-05,0.9998884201049805,3.4120243071811274e-05,2.7453002076072153e-06,1.5224237358779646e-05,2.0424445210665e-06,1.1730367077689152e-05
ISIC_0030782,bcc,bcc,7.20901443855837e-05,0.993490993976593,1.4463680599874351e-05,0.0002770746359601617,3.527291482896544e-05,0.005903193727135658,0.0002069449983537197
ISIC_0030915,bcc,bcc,0.0007151399622671306,0.9991631507873535,0.00010567727440502495,2.4196019694500137e-06,3.5616180866782088e-06,4.571799763652962e-06,5.532996055990225e-06
ISIC_0032092,bcc,bcc,0.008609045296907425,0.9912372827529907,7.680255657760426e-05,4.562463436741382e-05,7.3964793045888655e-06,6.44407418803894e-06,1.734798752295319e-05
ISIC_0029602,bcc,bcc,9.154867257166188e-06,0.9999809265136719,2.8122851745138178e-06,2.5501331037958153e-06,8.800417958809703e-07,9.912058658301248e-07,2.738631792453816e-06
ISIC_0029053,bcc,bcc,0.004572360776364803,0.9289957880973816,0.002885219408199191,0.06228146702051163,0.00046771703637205064,9.735563253343571e-06,0.0007877132738940418
ISIC_0029220,bcc,bcc,2.3129785404307768e-05,0.9999480247497559,4.9322720769851e-06,5.749629053752869e-06,5.2615041568060406e-06,3.139717591693625e-06,9.85035421763314e-06
ISIC_0026829,bcc,nv,0.00011633028043434024,0.0077104889787733555,0.00015887792687863111,2.1061006918898784e-05,0.0002218827576143667,0.9916419982910156,0.00012940839224029332
ISIC_0028568,bcc,bcc,0.00011923049169126898,0.9998668432235718,3.852876488963375e-06,3.7575343867501942e-06,1.910038690766669e-06,8.543574381292274e-07,3.527696662786184e-06
ISIC_0027595,bcc,bcc,0.00041163875721395016,0.9971544742584229,1.1957518836425152e-05,2.285324444528669e-05,0.00017234474944416434,0.00220075948163867,2.6001760488725267e-05
ISIC_0026154,bcc,bcc,3.615755485952832e-05,0.9999125003814697,3.910024133801926e-06,1.1185354196641129e-05,1.4189768080541398e-05,5.042634256824385e-06,1.6985019101412036e-05
ISIC_0029917,bcc,bcc,9.18732530408306e-06,0.9999428987503052,9.281679922423791e-06,4.03601143261767e-06,1.8569369785836898e-05,7.3975447776319925e-06,8.615027581981849e-06
ISIC_0026090,bcc,bcc,0.00030374055495485663,0.9989829659461975,0.0005116724059917033,6.240134098334238e-05,1.9738263290491886e-05,4.8217905714409426e-05,7.123997056623921e-05
ISIC_0025285,bcc,bcc,0.002285935916006565,0.9550393223762512,0.04003601893782616,0.00015348268789239228,0.00020319623581599444,0.002096459735184908,0.00018563898629508913
ISIC_0027920,bcc,bcc,0.00010971465962938964,0.8805621266365051,0.11609381437301636,7.053988520056009e-05,0.0004809193778783083,0.00239476072601974,0.00028805300826206803
ISIC_0025031,bcc,bcc,3.819206995103741e-06,0.9999712705612183,6.149974069558084e-06,3.881911652570125e-06,2.098358436342096e-06,2.325583409401588e-06,1.0360950000176672e-05
ISIC_0024931,bcc,bcc,4.377532150101615e-06,0.9999686479568481,1.05832432382158e-05,1.8610866163726314e-06,2.1714029116992606e-06,9.54527422436513e-06,2.784649950626772e-06
ISIC_0026957,bcc,bcc,0.003464591223746538,0.9392805099487305,0.00015972166147548705,0.0003452020464465022,0.0012879258720204234,0.05508539080619812,0.00037674547638744116
ISIC_0025564,bcc,bcc,0.009616605937480927,0.8780059814453125,0.0001788586814654991,0.00186945463065058,0.003980761859565973,0.10564692318439484,0.0007014153525233269
ISIC_0032318,bcc,bcc,0.022833004593849182,0.9713061451911926,4.51915584562812e-05,0.00017489513265900314,0.005588593427091837,2.4554927222197875e-05,2.7633739591692574e-05
ISIC_0032061,bcc,bcc,3.7942779727018205e-06,0.9999362230300903,1.0209536412730813e-05,5.1383399295446e-06,2.944562947959639e-05,8.892195182852447e-06,6.292768830462592e-06
ISIC_0028239,nv,nv,3.6463251262830454e-07,2.0756051810622012e-07,1.9982232402071531e-07,2.2036047084839083e-06,1.7798432963900268e-05,0.9999783039093018,9.531435694043466e-07
ISIC_0031325,nv,nv,5.147957722329011e-07,4.659917607341413e-08,2.5691215910228493e-07,6.605930025216367e-07,7.372361324087251e-06,0.9999908208847046,3.168148623444722e-07
ISIC_0025311,nv,nv,6.156561767056701e-07,3.9665039253122814e-07,1.2269337048564921e-06,1.210172968058032e-06,9.57938846113393e-06,0.9999828338623047,4.2231736188114155e-06
ISIC_0031536,nv,nv,8.916520073398715e-07,4.3473806954352767e-07,5.339396921044681e-06,2.1463611119543202e-06,2.3181728465715423e-06,0.9999840259552002,4.854946382693015e-06
ISIC_0032060,nv,nv,5.599115979748603e-07,9.270203804589983e-08,2.459334154991666e-06,5.628765507026401e-07,5.839397658746748e-07,0.9999951124191284,5.87283921049675e-07
ISIC_0026824,nv,nv,3.104078416527045e-07,3.3461267889833834e-07,2.998793604547245e-07,2.1406399355328176e-06,7.189476946223294e-06,0.9999890327453613,6.187278245306516e-07
ISIC_0030993,nv,nv,2.8246711281099124e-07,3.3140929645014694e-07,1.6273139635814005e-07,3.514282525429735e-06,5.326750397216529e-06,0.9999891519546509,1.2301823062443873e-06
ISIC_0029526,nv,nv,1.9543983853509417e-06,5.110737220093142e-07,2.63898027696996e-06,0.0003142549248877913,3.669998704936006e-06,0.9996620416641235,1.5014726159279235e-05
ISIC_0032210,nv,nv,5.884863298888376e-07,2.781682155728049e-07,2.1648945676133735e-06,8.635711310489569e-06,7.758691822346009e-07,0.9999853372573853,2.3498653263231972e-06
ISIC_0031207,nv,nv,3.5065797874267446e-06,1.886689005914377e-06,1.9940075901558885e-07,1.600982250238303e-05,1.364949275739491e-05,0.9999520778656006,1.2660029824473895e-05
ISIC_0027000,nv,nv,2.6689633614296326e-07,4.232123842484725e-07,4.811240614799317e-07,3.018815050381818e-06,1.4242326642488479e-06,0.999992847442627,1.5695601405241177e-06
ISIC_0032317,nv,nv,4.105334596715693e-07,3.996086093138729e-07,6.038717401679605e-07,1.357496557830018e-06,4.21195682065445e-06,0.999990701675415,2.413764377706684e-06
ISIC_0027784,nv,nv,4.985631676390767e-07,4.096768861927558e-07,2.7076403057435527e-06,2.294444811923313e-06,8.455431088805199e-05,0.9999085664749146,1.0030266821559053e-06
ISIC_0028359,nv,nv,6.119402087279013e-07,5.625126391350932e-07,1.6396252533468214e-07,2.971157755382592e-06,2.5776130314625334e-06,0.9999911785125732,1.8669627479539486e-06
ISIC_0026948,nv,nv,2.6628111982063274e-07,2.1453850251873519e-07,4.493518304116151e-07,2.648925146786496e-06,1.7880877294373931e-06,0.999993085861206,1.5105088095879182e-06
ISIC_0031604,nv,nv,4.866296308136953e-07,7.492940881093091e-07,3.806577524301247e-07,9.018563673635072e-07,0.0001840253680711612,0.9998038411140442,9.569630492478609e-06
ISIC_0029273,nv,nv,2.430842584999482e-07,3.3235249929930433e-07,1.4709677031987667e-07,4.941152383253211e-06,5.7219327572965994e-05,0.9999358654022217,1.2447189874364994e-06
ISIC_0027854,nv,nv,8.109964255709201e-08,1.0979606912542295e-07,2.6398555519335787e-07,5.247982244327432e-07,5.568687697632413e-07,0.9999979734420776,5.08661116782605e-07
ISIC_0027752,nv,nv,2.786875086258078e-07,5.229339308243652e-07,8.272845093415526e-07,1.1498924550323864e-06,1.0488814950804226e-05,0.9999744892120361,1.2186887033749372e-05
ISIC_0030669,nv,nv,3.458638104802958e-07,1.7703345633890422e-07,2.912959757850331e-07,2.8168276458018227e-06,1.8036002984445076e-06,0.9999936819076538,9.296241501033364e-07
ISIC_0025325,nv,nv,2.6475443064555293e-06,1.9592230273701716e-06,1.7619830032344908e-05,7.730859579169191e-06,2.9178199838497676e-06,0.9999207258224487,4.6471810492221266e-05
ISIC_0026036,nv,nv,3.1480935831496026e-06,4.257226009940496e-06,3.0761887046537595e-06,2.6555444492259994e-05,7.323821046156809e-05,0.9998579025268555,3.1720264814794064e-05
ISIC_0028932,nv,nv,2.635335476952605e-06,3.6567882943927543e-06,3.984699105785694e-06,5.070483439340023e-06,6.623018998652697e-05,0.9999097585678101,8.537901521776803e-06
ISIC_0025676,nv,nv,8.183189379451505e-07,5.932772637606831e-07,1.0257404028379824e-06,4.7295384320023e-06,2.6459479158802424e-06,0.9999880790710449,2.0599727577064186e-06
ISIC_0025142,nv,nv,1.1006051181539078e-06,1.0567965773589094e-06,8.742663339944556e-07,4.309955784265185e-06,1.3619171113532502e-05,0.9999722242355347,6.869080152682727e-06
ISIC_0030016,nv,nv,2.5443736717534193e-07,2.2205864524948993e-07,5.114965233588009e-07,2.172153699575574e-06,4.834014816879062e-06,0.9999910593032837,9.925704489432974e-07
ISIC_0027160,nv,nv,5.871931989531731e-07,1.3906166884680715e-07,6.823542548772821e-07,1.956676214831532e-06,1.3374800573728862e-06,0.9999951124191284,3.103194785580854e-07
ISIC_0028395,nv,nv,2.0311561002017697e-06,1.3221534800322843e-06,3.7800741665705573e-06,2.2085901946411468e-05,3.375055939613958e-06,0.9999566078186035,1.0815752830239944e-05
ISIC_0027316,nv,nv,8.71327074492001e-07,6.270023504839628e-07,1.964818920896505e-06,4.0388740671915e-06,1.532251530989015e-06,0.9999700784683228,2.093312104989309e-05
ISIC_0028034,nv,nv,1.5338870298364782e-06,1.0072493523693993e-06,1.3978346032672562e-05,3.6535984690999612e-06,5.830385271110572e-05,0.9999115467071533,9.946315913111903e-06
ISIC_0030128,nv,nv,2.12154034784362e-07,1.7115668526912486e-07,6.613971663682605e-07,1.0713392839534208e-06,6.244866881388589e-07,0.9999963045120239,1.0560995633568382e-06
ISIC_0026435,nv,nv,2.1312497722192347e-07,7.988764849642394e-08,8.888599722922663e-08,7.064857641125855e-07,4.895940492133377e-06,0.9999934434890747,4.998032636649441e-07
ISIC_0027416,nv,nv,4.738508778245887e-06,6.029514224792365e-06,2.199239497713279e-05,8.063359018706251e-06,2.1369472960941494e-05,0.9999070167541504,3.067233774345368e-05
ISIC_0024746,nv,nv,5.259394583845278e-06,8.247466212196741e-06,0.007318312767893076,4.3485084461281076e-05,6.857467087684199e-05,0.9924507737159729,0.00010520665819058195
ISIC_0024580,nv,nv,7.955102887535759e-07,2.628004267535289e-07,3.869302247494488e-07,1.3485126828527427e-06,1.3781885854768916e-06,0.9999951124191284,7.295293471543118e-07
ISIC_0031701,nv,nv,3.7977508782205405e-07,2.440829973693326e-07,8.572658884986595e-07,2.1662810922862263e-06,1.0881822163355537e-06,0.9999933242797852,1.938960622283048e-06
ISIC_0024369,nv,nv,1.718744215395418e-06,3.306698204141867e-07,2.8063482204743195e-07,4.468864972295705e-06,2.369532739976421e-05,0.9999680519104004,1.470390316171688e-06
ISIC_0031157,nv,nv,1.4346587704494596e-06,1.088797489501303e-06,4.080026883457322e-06,4.640901806851616e-06,2.3938462163641816e-06,0.9999719858169556,1.4437745448958594e-05
ISIC_0027834,nv,nv,5.022081381866883e-07,3.936207804144942e-07,8.54691825225018e-06,3.0366879855137086e-06,1.230870566359954e-06,0.9999821186065674,4.234333118802169e-06
ISIC_0032254,nv,nv,2.0754539775680314e-07,6.604776814356228e-08,2.597185357444687e-06,9.345295097773487e-07,4.5691808736592066e-07,0.9999951124191284,5.358680823519535e-07
ISIC_0030292,nv,nv,3.479270276329771e-07,1.6362906762878993e-07,1.735319585804973e-07,2.2422002530220198e-06,2.352974433961208e-06,0.9999933242797852,1.4133049717202084e-06
ISIC_0031330,nv,nv,1.8509642529807024e-07,1.0888586388091426e-07,1.7017846687394922e-07,1.183726567433041e-06,3.4518390634730167e-07,0.9999971389770508,8.04926685304963e-07
ISIC_0028812,nv,nv,1.4524864866416465e-07,4.960149340149655e-07,4.8099142446744736e-08,4.200699095235905e-06,7.581117529298353e-07,0.9999932050704956,1.214843223351636e-06
ISIC_0031174,nv,nv,3.2406913419436023e-07,1.8746671059943765e-07,1.064526145455602e-06,1.0216148211839027e-06,1.3146761830284959e-06,0.9999947547912598,1.272367398996721e-06
ISIC_0028025,nv,nv,3.78477892581941e-07,3.5332899983586685e-07,3.4223262446175795e-07,1.7988246554523357e-06,1.7976378785533598e-06,0.9999945163726807,8.020932114050083e-07
ISIC_0027572,nv,nv,4.4877603500026453e-07,2.144397939218834e-07,2.194124846255363e-07,6.60066461932729e-07,3.4582899388624355e-06,0.9999945163726807,3.672190871384373e-07
ISIC_0029918,nv,nv,1.0174034059673431e-06,6.069587357160344e-07,1.0372561973781558e-06,5.682297341991216e-05,3.102171467617154e-05,0.9998998641967773,9.54583811108023e-06
ISIC_0025635,nv,nv,2.5110145429607655e-07,2.553828153395443e-07,1.5871876257733675e-07,2.8363072033243952e-06,4.681880000134697e-06,0.9999902248382568,1.6047312101363786e-06
ISIC_0031237,nv,nv,2.382531221201134e-07,5.121581239109219e-07,3.0920098197384505e-06,2.4401354039582657e-06,1.4278477465268224e-05,0.9999781847000122,1.333337536379986e-06
ISIC_0026613,nv,nv,6.255724542825192e-07,1.3709940276385169e-06,9.047109728044234e-08,5.851220339536667e-05,3.760591789614409e-05,0.9998966455459595,5.037910796090728e-06
ISIC_0029701,nv,nv,1.7685631803487922e-07,2.3827438155876735e-07,1.7123284123954363e-07,1.99305395653937e-06,1.4315535281639313e-06,0.9999948740005493,1.0310033076166292e-06
ISIC_0030902,nv,nv,2.9423501473502256e-05,3.705649942276068e-05,2.919840881077107e-06,0.000876452075317502,0.0002883686393033713,0.8994846940040588,0.099280945956707
ISIC_0031837,nv,nv,3.6168177075524e-07,6.867016963951755e-07,1.342043987051511e-07,6.147121439425973e-06,3.1416417186846957e-05,0.9999526739120483,8.486434126098175e-06
ISIC_0024512,nv,nv,3.989885954069905e-06,1.491574266765383e-06,9.28584449866321e-06,2.74591820925707e-05,5.80630967306206e-07,0.9999098777770996,4.7341436584247276e-05
ISIC_0024637,nv,nv,2.391009047642001e-06,1.538195078865101e-06,7.447252983183716e-07,5.931358828092925e-06,0.0026099300011992455,0.9973695278167725,9.929245607054327e-06
ISIC_0031947,nv,nv,4.590436901708017e-07,1.99642357756602e-07,5.105879949951486e-07,3.6498101962934015e-06,3.9637930058233906e-06,0.9999899864196777,1.1669922059809323e-06
ISIC_0029386,nv,nv,2.841837272171688e-07,4.711961025805067e-07,1.1753677142678498e-07,8.99771384865744e-06,9.442355803912506e-06,0.99997878074646,1.9296794562251307e-06
ISIC_0029410,nv,nv,1.592640757053232e-07,1.2831445417305076e-07,1.776149929355597e-07,7.563527901766065e-07,1.8975778175445157e-06,0.9999963045120239,5.680157073584269e-07
ISIC_0028044,nv,nv,1.836790488596307e-07,1.1087108475749119e-07,1.3700475847144844e-06,8.530524837624398e-07,9.065684025699738e-07,0.9999948740005493,1.712422431410232e-06
ISIC_0024348,nv,nv,2.1094388102937955e-06,5.068039286015846e-07,0.0014529015170410275,5.306766070134472e-06,4.519356480159331e-06,0.998532772064209,1.882421429399983e-06
ISIC_0025444,nv,nv,1.84150920290449e-07,4.1265870720508246e-08,1.5186432733571564e-07,3.5814409784507006e-06,5.287050726110465e-07,0.999995231628418,2.7608288633018674e-07
ISIC_0027375,nv,nv,3.3683087963254366e-07,7.937962465121018e-08,6.97573852903588e-07,8.436579719273141e-07,3.459261279203929e-06,0.9999940395355225,5.389620127971284e-07
ISIC_0031534,nv,nv,6.804244094382739e-06,7.167569037846988e-06,4.2012561607407406e-05,0.0005232915282249451,3.5917037166655064e-06,0.9994064569473267,1.0702678991947323e-05
ISIC_0028108,nv,nv,2.653802084751078e-07,5.884034521841386e-07,1.8809849962053704e-06,4.043717467538954e-07,3.7442332541104406e-06,0.9999912977218628,1.9018076500287862e-06
ISIC_0027661,nv,nv,1.9506943260694243e-07,6.346938619117282e-08,2.1640104819198314e-07,8.532724109500123e-07,2.242490836579236e-06,0.9999960660934448,3.4896410738838313e-07
ISIC_0028572,nv,nv,1.3098263025312917e-06,6.43884334294853e-07,2.0552048226818442e-05,5.61884235139587e-06,5.454349434330652e-07,0.9999629259109497,8.407719178649131e-06
ISIC_0026168,nv,nv,2.9532588996517006e-07,4.828799546885421e-07,5.306427283358062e-06,2.3050188246998005e-06,1.862725980572577e-06,0.9999755620956421,1.419749969500117e-05
ISIC_0028613,nv,nv,2.241994707219419e-06,8.312145496347512e-07,4.284928536435473e-07,9.241143743565772e-06,9.555654287396464e-06,0.9999759197235107,1.7399401031070738e-06
ISIC_0025054,nv,nv,9.115950660998351e-07,3.5118605410389137e-06,1.8532076637711725e-06,2.1581004148174543e-06,6.188057568579097e-07,0.9999815225601196,9.462014531891327e-06
ISIC_0031102,nv,nv,1.0126520919584436e-06,3.268533248501626e-07,1.69466293300502e-05,2.019197381741833e-06,6.588459768863686e-07,0.999977707862854,1.2575128494063392e-06
ISIC_0031461,nv,nv,2.3352524181063927e-07,6.970080335122475e-07,1.5804740542080253e-05,1.2755767784256022e-06,1.080992547031201e-06,0.9999780654907227,2.730500909819966e-06
ISIC_0031909,nv,nv,3.5765552297561953e-07,3.446983782851021e-07,3.7059504620629014e-07,1.6205416386583238e-06,6.136298793535389e-07,0.9999953508377075,1.2442743582141702e-06
ISIC_0029142,nv,nv,1.9693595731951063e-06,5.449695663628518e-07,2.7813495762529783e-05,5.405300385064038e-07,0.00013961363583803177,0.9998255372047424,3.952859060518676e-06
ISIC_0028319,nv,nv,2.3399836663884344e-06,2.9158695724618156e-06,0.0010252678766846657,2.2903668650542386e-06,1.3382301631281734e-06,0.9989483952522278,1.7553746147314087e-05
ISIC_0025544,nv,nv,1.4893483921696316e-06,6.08237940014078e-07,0.00011999216076219454,3.945965090679238e-06,2.654032869031653e-06,0.9998461008071899,2.5234301574528217e-05
ISIC_0029699,nv,nv,1.7533619711684878e-07,6.345201342128348e-08,1.0292385610455312e-07,8.375262723347987e-07,1.5223023410726455e-06,0.9999970197677612,2.2450021219810878e-07
ISIC_0032066,nv,nv,2.3055385156567354e-07,2.127716385302847e-07,2.515835717531445e-07,2.818567372742109e-05,5.32054900759249e-06,0.9999630451202393,2.746463451330783e-06
ISIC_0024649,nv,nv,1.9700486575402465e-07,1.31124249946879e-06,1.9610696710969933e-07,1.336052832812129e-06,1.2565199085656786e-06,0.9999945163726807,1.217513613482879e-06
ISIC_0031661,nv,nv,3.649332711574971e-07,5.426895199889259e-07,6.623747594858287e-07,5.671871349477442e-06,2.7500018973114493e-07,0.9999874830245972,4.9164100346388295e-06
ISIC_0026689,nv,nv,1.520330101811851e-06,1.9967844764323672e-06,1.3333356037037447e-06,6.777387170586735e-06,2.85678061118233e-06,0.9999699592590332,1.5481564332731068e-05
ISIC_0027646,nv,nv,1.255753261375503e-07,4.4792944464688844e-08,2.340938038969398e-07,2.500861228327267e-06,5.619229455078312e-07,0.9999960660934448,5.130756335347542e-07
ISIC_0026862,nv,nv,2.9504946041924995e-07,1.1879401995429362e-07,1.2523736359071336e-06,1.2490999324654695e-05,2.1740263491665246e-06,0.9999831914901733,4.988638693248504e-07
ISIC_0025057,nv,nv,1.3099131024318922e-07,2.0907371833800426e-07,6.799165817028552e-07,1.021618345475872e-06,8.397198143939022e-06,0.9999886751174927,8.584883062212612e-07
ISIC_0030736,nv,nv,2.3525920767042408e-07,2.7214241526962724e-07,1.6533162749965413e-07,1.6996318663586862e-06,6.96564666213817e-06,0.9999886751174927,2.0432316887308843e-06
ISIC_0028833,nv,nv,1.8743597252068867e-07,3.1281718548825665e-08,1.339250047749374e-06,2.992334771079186e-07,3.081944157656835e-07,0.999997615814209,1.5012876986020274e-07
ISIC_0030875,nv,nv,4.796536359208403e-07,1.5392400598557288e-07,1.630093606763694e-06,1.936112539624446e-06,4.369616135591059e-07,0.9999949932098389,4.3437356112008274e-07
ISIC_0031647,nv,nv,1.4889519661664963e-07,1.0997035104765018e-07,3.148977611999726e-07,7.701260074099991e-07,9.514731686977029e-07,0.9999971389770508,6.399095013875922e-07
ISIC_0027938,nv,nv,1.8119767730695457e-07,9.785720322952329e-08,8.92627838311455e-08,1.261606598745857e-06,9.382790153722453e-07,0.9999967813491821,5.899490815863828e-07
ISIC_0029381,nv,nv,2.4930503172981844e-07,1.4487378052763233e-07,1.4848868090666656e-07,1.7748403706718818e-06,1.7781245333026163e-05,0.9999792575836182,6.836592660874885e-07
ISIC_0024838,nv,nv,3.2664127047610236e-07,2.0929357447130315e-07,6.141029302852985e-07,1.6713677268853644e-06,4.3876113409169193e-07,0.9999934434890747,3.2147950150829274e-06
ISIC_0024804,nv,nv,2.5337936904179514e-07,9.943897794073564e-08,2.3590992270783318e-07,6.939950480955304e-07,1.5396805110867717e-06,0.999996542930603,5.357302939046349e-07
ISIC_0031364,nv,nv,1.0964862440232537e-06,1.8830598492058925e-05,0.00039520839345641434,1.3482053873303812e-05,0.0003381492861080915,0.9992071986198425,2.6037598217953928e-05
ISIC_0027440,nv,nv,1.305881198732095e-07,3.2611475830890413e-07,2.778689065507933e-07,6.439479420805583e-07,2.0437805687834043e-06,0.9999910593032837,5.480164418258937e-06
ISIC_0030743,nv,nv,1.3018991012359038e-05,4.858748980041128e-06,0.016802890226244926,0.00010064524394692853,0.0002610304800327867,0.9828080534934998,9.495023732597474e-06
ISIC_0024465,nv,nv,4.423880284321058e-07,3.03502730503169e-07,6.764938689229893e-07,4.290414653951302e-05,8.47345688725909e-07,0.9999420642852783,1.2732612049148884e-05
ISIC_0029984,nv,nv,3.551220117969933e-07,1.6727217655443383e-07,5.312720645633817e-07,6.755375352440751e-07,3.7149573017813964e-06,0.999994158744812,4.112712019832543e-07
ISIC_0025849,nv,nv,5.873951636203856e-07,2.649284454037115e-07,6.500600875369855e-07,9.92017739918083e-05,3.895684130839072e-06,0.9998888969421387,6.588072665181244e-06
ISIC_0030911,nv,nv,1.383070582505752e-07,1.4680450988180382e-07,2.957466733732872e-07,5.666566380568838e-07,1.148365390690742e-05,0.9999868869781494,4.509098801008804e-07
ISIC_0032166,nv,nv,6.114906909715501e-07,4.060190804011654e-06,4.379163272005826e-07,3.3514709230075823e-06,4.744372290588217e-06,0.9999639987945557,2.2762566004530527e-05
ISIC_0028375,nv,nv,3.105243138179503e-07,1.3802646492422355e-07,1.3427462874915363e-07,4.406424068292836e-06,1.2093224768250366e-06,0.9999912977218628,2.5753599857125664e-06
ISIC_0031734,nv,nv,9.561786100675818e-07,6.736628961334645e-07,7.320642794184096e-07,5.301336841512239e-06,1.6019510439946316e-05,0.9999732971191406,3.0184251045284327e-06
ISIC_0027910,nv,nv,1.055512825587357e-06,2.3734854437407193e-07,2.3260770376509754e-06,5.179965683055343e-06,0.00010181968536926433,0.9998878240585327,1.6167383591891848e-06
ISIC_0030524,nv,nv,3.378947440069169e-06,5.127990334585775e-06,4.012127101304941e-05,3.7987522318871925e-06,1.4626993106503505e-05,0.9998778104782104,5.50864715478383e-05
ISIC_0029085,nv,nv,1.464262595618493e-07,1.5521990803790686e-07,3.665307701794518e-07,2.121741545124678e-06,2.089547933792346e-06,0.9999942779541016,8.314747788062959e-07
ISIC_0030193,nv,nv,2.1440057480504038e-06,4.680282472691033e-06,2.899889659602195e-05,3.4689463063841686e-05,1.4393935089174192e-05,0.9999035596847534,1.1606369298533536e-05
ISIC_0026740,nv,nv,1.9600236100814072e-07,1.9231143255638017e-07,1.7264467544464424e-07,2.2956721750233555e-06,1.8774990167003125e-06,0.9999940395355225,1.2155580861872295e-06
ISIC_0027307,nv,nv,2.3283732275558577e-07,2.056058292509988e-07,7.218623636617849e-07,6.03668581788952e-07,1.0701103292376501e-06,0.9999966621398926,4.67099908973978e-07
ISIC_0026731,nv,nv,2.4328809899998305e-07,2.455692538205767e-07,1.860103395756596e-07,1.6046391237978241e-06,2.2765730136597995e-06,0.9999939203262329,1.6313065316353459e-06
ISIC_0024555,nv,nv,4.299309921407257e-07,3.246812241286534e-07,3.4538513205006893e-07,1.0079209005198209e-06,1.171007511402422e-06,0.9999934434890747,3.2947564250207506e-06
ISIC_0030660,nv,nv,2.8038477921654703e-06,1.4030807506060228e-05,6.9226944106048904e-06,5.237337973085232e-06,5.090250851935707e-06,0.9999345541000366,3.1339062843471766e-05
ISIC_0025931,nv,nv,8.689859214427997e-07,2.990464281538152e-06,5.859044449607609e-06,8.475066692881228e-07,0.00149121368303895,0.9984937906265259,4.478669325180817e-06
ISIC_0025213,nv,nv,5.970489382889355e-07,2.540862453770387e-07,1.0922164506155241e-07,4.030920081277145e-06,5.583232450590003e-06,0.9999881982803345,1.2544215906018508e-06
ISIC_0026449,nv,nv,3.325667137232813e-07,1.9715673715836601e-07,7.499039043068478e-07,7.098871606103785e-07,4.068024281878024e-06,0.9999927282333374,1.211155904456973e-06
ISIC_0028609,nv,nv,1.4368595202540746e-06,4.1800922190304846e-07,3.356601609993959e-07,2.7625942493614275e-06,2.805793883453589e-06,0.9999912977218628,8.839302267915627e-07
ISIC_0024860,nv,nv,2.195586603193078e-06,5.817678356834222e-06,1.113890107262705e-06,2.8921760531375185e-05,9.73266469372902e-06,0.999882698059082,6.938651495147496e-05
ISIC_0026267,nv,nv,5.305443664838094e-06,1.004995169751055e-06,1.3849174820279586e-06,1.2461260666896123e-05,8.51922741276212e-05,0.9998874664306641,7.146005373215303e-06
ISIC_0030490,nv,nv,1.8697788846111507e-06,2.7916951239603804e-07,6.842822131147841e-07,1.8600397879708908e-06,9.702622264740057e-06,0.9999840259552002,1.5279301806003787e-06
ISIC_0028403,nv,nv,2.036398569771336e-07,4.7033418582032027e-07,5.707248874387005e-06,3.3044648262148257e-07,3.493342774163466e-06,0.9999895095825195,2.570338608620659e-07
ISIC_0032411,nv,nv,5.356419023883063e-07,2.9218597319413675e-07,1.359032069103705e-07,3.2889456633711234e-06,5.220661478233524e-06,0.9999868869781494,3.6942906262993347e-06
ISIC_0032507,nv,nv,4.734973799713771e-07,2.466874491346971e-07,1.0597598532058328e-07,2.0747656890307553e-06,3.111434853053652e-05,0.9999632835388184,2.7928715553571237e-06
ISIC_0024404,nv,nv,1.2904517632250645e-07,1.1356083007285633e-07,6.901746019138955e-08,1.388476789543347e-06,7.501214440708281e-07,0.9999966621398926,8.372991260330309e-07
ISIC_0031097,nv,nv,4.2813684331122204e-07,6.156199674478557e-07,1.363107884344572e-07,1.901267864923284e-06,5.043617420597002e-05,0.9999449253082275,1.573079885019979e-06
ISIC_0029004,nv,nv,3.9896440284792334e-07,1.2041668639994896e-07,2.92870112161836e-07,7.188437507466006e-07,1.4422406593439518e-06,0.9999966621398926,3.766222391732299e-07
ISIC_0025527,nv,nv,5.967815468466142e-07,2.956168145828997e-07,6.595407739951042e-07,2.017292217715294e-06,1.2065509054082213e-06,0.9999922513961792,3.0576711651519872e-06
ISIC_0029492,nv,nv,1.400020892106113e-06,7.713339869042102e-07,1.5063222917888197e-06,2.0328350728959776e-05,3.178632255185221e-07,0.9999699592590332,5.749903266405454e-06
ISIC_0030418,nv,nv,6.218792805157136e-07,2.2707311586600554e-07,1.1738936933625155e-07,1.6232293091889005e-06,4.812312181456946e-05,0.9999483823776245,8.789630214778299e-07
ISIC_0026515,nv,nv,2.7579778816289036e-06,6.258186999730242e-07,4.105971129320096e-06,0.0001998195657506585,4.052679969390738e-07,0.9997809529304504,1.1264290151302703e-05
ISIC_0032398,nv,nv,2.7780507139141264e-07,8.730056038075418e-07,1.1962076484905992e-07,7.080020168359624e-06,5.441295911623456e-07,0.9999853372573853,5.836364380229497e-06
ISIC_0026253,nv,nv,1.5918416238491773e-06,1.7196849739775644e-06,1.7958611806534464e-06,3.6658179851656314e-06,8.312348427352845e-07,0.9999879598617554,2.4479254534526262e-06
ISIC_0026000,nv,nv,1.4241910548662418e-06,5.223543212196091e-06,1.1421480650142257e-07,7.113807441783138e-06,1.0801169992191717e-05,0.9999673366546631,7.957579327921849e-06
ISIC_0030972,nv,nv,5.398390499067318e-07,6.520775173157745e-07,3.1798211352906947e-07,9.113877240451984e-06,2.216079337813426e-06,0.9999843835830688,2.885187313950155e-06
ISIC_0029536,nv,nv,7.930302103886788e-07,5.323193477124732e-07,1.5462278497579973e-06,6.510250045721477e-07,3.15238395387496e-07,0.9999949932098389,1.3280110806590528e-06
ISIC_0026233,nv,nv,2.3774093733663904e-06,8.397738042731362e-07,1.0141335593516487e-07,3.516825472615892e-06,0.0009318568045273423,0.9990583062171936,2.9861030270694755e-06
ISIC_0027317,nv,nv,6.561606369359652e-07,3.0366769010470307e-07,1.3969903989163868e-07,3.7323650303733302e-06,2.1684597868443234e-06,0.9999904632568359,2.5191686745529296e-06
ISIC_0030413,nv,nv,4.860318085775361e-07,2.1979325026677543e-07,4.2267448208122005e-08,4.284112037566956e-06,6.156062227091752e-06,0.9999879598617554,8.431347851001192e-07
ISIC_0028021,nv,nv,2.9853213163733017e-06,1.3736242863160442e-06,3.1766974188940367e-06,3.7097459426149726e-05,9.094614483728947e-07,0.9999451637268066,9.22987783269491e-06
ISIC_0030307,nv,nv,5.441993835120229e-06,0.02328863926231861,1.565565639793931e-06,1.8005488527705893e-05,2.239208697574213e-05,0.976242184638977,0.00042162375757470727
ISIC_0026832,nv,nv,1.0832408179339836e-06,1.4063000719488628e-07,1.3123830910899414e-07,7.4572517405613326e-06,7.671890784877178e-07,0.9999890327453613,1.3852958318238962e-06
ISIC_0027553,nv,nv,3.0209852752705046e-07,4.213672966102422e-08,6.056924206632175e-08,6.757525170542067e-07,1.121898094424978e-06,0.999997615814209,1.536948275315808e-07
ISIC_0029287,nv,nv,3.356573472501623e-07,2.421043063804973e-07,6.638100558120641e-08,1.5615970596627449e-06,3.603490995374159e-06,0.9999923706054688,1.8137159258913016e-06
ISIC_0030441,nv,nv,8.562723223803914e-07,7.542105890934181e-07,2.878316252008517e-07,1.5715224435552955e-05,1.326598157902481e-05,0.999964714050293,4.383761279314058e-06
ISIC_0025164,nv,nv,4.803899287253444e-07,3.705204960624542e-07,1.8963196168897412e-07,2.6764703306980664e-06,3.500107652598672e-07,0.9999934434890747,2.558703499744297e-06
ISIC_0031532,nv,nv,3.6414837722986704e-07,1.3248383368136274e-07,3.516260278502159e-07,7.910318799986271e-07,1.7065688098227838e-06,0.9999915361404419,5.106002390675712e-06
ISIC_0030913,nv,nv,7.759537083984469e-07,2.42866263988617e-07,4.523651000454265e-07,5.232931926002493e-06,1.0839506103366148e-05,0.9999722242355347,1.024984521791339e-05
ISIC_0031434,nv,nv,1.4366042933033896e-06,1.539385948490235e-06,8.602720527051133e-07,2.5279016426793532e-06,7.1186864261107985e-06,0.9999805688858032,5.9653070820786525e-06
ISIC_0025007,nv,nv,1.6607302200100094e-07,2.7738039420910354e-07,5.967594773892415e-08,3.7118397813173942e-06,5.749753313466499e-07,0.9999939203262329,1.3271435364003992e-06
ISIC_0028083,nv,nv,5.540092388400808e-06,1.4855842209726688e-06,2.349677970414632e-06,1.76108358118654e-06,5.568582491832785e-05,0.9999246597290039,8.569868441554718e-06
ISIC_0030896,nv,nv,3.364063445587817e-07,6.647507007073727e-07,6.802274583606049e-07,5.841369329573354e-06,4.807044433619012e-07,0.9999803304672241,1.1599292520259041e-05
ISIC_0032505,nv,nv,2.8441475024010288e-06,1.4935296803741949e-06,5.275885541777825e-07,4.006513336207718e-06,1.9531951693352312e-05,0.9999649524688721,6.589711574633839e-06
ISIC_0028279,nv,nv,1.925873675645562e-06,1.593572051206138e-06,3.125044713669922e-06,7.0644941843056586e-06,3.3576975511095952e-06,0.999977707862854,5.297392817738e-06
ISIC_0026688,nv,nv,1.7785563954930694e-07,1.0408308526166365e-07,3.7864455748604087e-07,9.042942679116095e-07,1.779073159013933e-06,0.999995231628418,1.3597792758446303e-06
ISIC_0032339,nv,nv,5.649926038131525e-07,2.173882478473388e-07,3.724734085608361e-07,3.7051336221338715e-06,1.4847767488390673e-05,0.9999775886535645,2.677860265976051e-06
ISIC_0027731,nv,nv,4.891867865808308e-05,2.1725883925682865e-05,9.171844794764183e-06,0.008441418409347534,0.00045010485337115824,0.9907956719398499,0.00023298167798202485
ISIC_0028318,nv,nv,1.7269412921905314e-07,1.3674942067609663e-07,5.00008297876775e-07,1.196059315589082e-06,8.259434594037884e-07,0.9999953508377075,1.8859537931348314e-06
ISIC_0028133,nv,nv,2.7906565946977935e-07,9.317011517850915e-08,8.510328370903153e-07,9.70605810834968e-07,7.116310030141904e-07,0.9999963045120239,7.654143701074645e-07
ISIC_0028771,nv,nv,6.747650900251756e-07,1.654241600590467e-06,4.613107375917025e-05,5.575095656240592e-06,2.190578953786826e-07,0.9999325275421143,1.322187927144114e-05
ISIC_0031540,nv,nv,1.7487856496245513e-07,1.579772401782975e-07,4.892402785117156e-07,1.7461900370108197e-06,3.009801616826735e-07,0.9999890327453613,8.073793651419692e-06
ISIC_0027653,nv,nv,1.264192860617186e-06,2.1967728969229938e-07,1.30321041069692e-07,1.7749482594808796e-06,3.34260266754427e-06,0.9999923706054688,8.768741963649518e-07
ISIC_0026649,nv,nv,4.306477876525605e-06,2.408805812592618e-05,1.339549635304138e-05,2.0898352886433713e-05,6.521825707750395e-05,0.9989215135574341,0.0009507194044999778
ISIC_0026677,nv,nv,7.986546961546992e-07,5.075202693660685e-07,2.522396869153454e-07,2.514120069463388e-06,5.80653022552724e-07,0.9999898672103882,5.512972165888641e-06
ISIC_0025438,nv,nv,2.4313226276717614e-06,2.67247031615625e-07,1.936554144776892e-05,1.0850794751604553e-05,2.024580226134276e-06,0.9999592304229736,5.906928436161252e-06
ISIC_0032500,nv,nv,2.0195352590235416e-06,8.099211754597491e-07,8.289104584946472e-07,4.962626917404123e-06,2.8451208891056012e-06,0.9999858140945435,2.623056161610293e-06
ISIC_0030578,nv,nv,2.4859182303771377e-06,1.9772884115809575e-05,8.390938432967232e-07,2.601087726361584e-05,2.2920164610695792e-06,0.9999395608901978,9.076537025975995e-06
ISIC_0025614,nv,nv,6.787481083847524e-07,2.0286924495849235e-07,1.770704471937279e-07,3.2912716960709076e-06,4.092925792065216e-06,0.9999890327453613,2.4733210466365563e-06
ISIC_0029387,nv,nv,6.900696689626784e-07,1.899879293887352e-07,2.3689520389780228e-07,7.747164545435226e-07,3.888657829520525e-06,0.9999939203262329,3.257482887875085e-07
ISIC_0025854,nv,nv,3.16568275593454e-06,1.1456183983682422e-06,1.3269433338791714e-06,1.176257683255244e-05,5.426898610494391e-07,0.9999765157699585,5.492720902111614e-06
ISIC_0024308,nv,nv,9.102283229367458e-07,6.490873829534394e-07,9.61448677117005e-07,1.988669282582123e-06,9.32556577026844e-06,0.9999821186065674,4.010550128441537e-06
ISIC_0029449,nv,nv,1.2960857986854535e-07,9.085986363288612e-08,9.539792245050194e-08,6.574212534360413e-07,6.091395334806293e-07,0.9999978542327881,5.062187256044126e-07
ISIC_0026224,nv,nv,4.17019418819109e-06,7.981831004144624e-06,9.735607591210282e-07,2.7090218281955458e-05,3.3136579986603465e-06,0.9999241828918457,3.227694105589762e-05
ISIC_0024919,nv,nv,1.7109456393882283e-06,4.2397007860017766e-07,1.451601718827078e-07,1.3493646520146285e-06,0.00030044536106288433,0.9996949434280396,1.0503531484573614e-06
ISIC_0028143,nv,nv,3.8298722415675e-07,1.5354878257767268e-07,3.23385592082559e-07,1.6847853885337827e-06,9.319944069829944e-07,0.9999957084655762,8.153182875503262e-07
ISIC_0027214,nv,nv,2.6709656708590046e-07,1.1102156349807046e-07,1.3449172797663778e-07,6.518097279695212e-07,1.3682408734894125e-06,0.9999970197677612,4.6902039230189985e-07
ISIC_0025844,nv,nv,1.1282282912361552e-06,2.948519579604181e-07,2.8136929586253245e-07,1.4109069752521464e-06,1.5448564454345615e-06,0.9999936819076538,1.641161929910595e-06
ISIC_0031383,nv,nv,1.1575757525861263e-06,2.3567284301861946e-07,1.5405364592879778e-06,4.893004643236054e-06,6.738094384672877e-07,0.9999896287918091,1.887330199679127e-06
ISIC_0026244,nv,nv,1.229700956173474e-06,5.712203119401238e-07,4.5327084308155463e-07,8.704086212674156e-06,4.8875676839088555e-06,0.9999792575836182,4.9179361667484045e-06
ISIC_0027393,nv,nv,1.5258123653438815e-07,1.1295293234070414e-07,1.57774579179204e-07,6.36109973584098e-07,7.622821840413962e-07,0.9999974966049194,6.641708978349925e-07
ISIC_0028301,nv,nv,1.5663952126487857e-06,7.672010156056785e-07,1.6343004460850352e-07,1.1003422514477279e-05,2.5791710868361406e-05,0.9999560117721558,4.806535343959695e-06
ISIC_0028616,nv,nv,3.034940391444252e-06,2.669903267360496e-07,5.5200757742568385e-06,0.0001559498196002096,8.725037332624197e-07,0.9998317956924438,2.5608289888623403e-06
ISIC_0027200,nv,nv,1.5297354138965602e-07,1.4955666927107814e-07,1.6656906609568978e-07,2.041333431179737e-07,7.282713454515033e-07,0.9999980926513672,4.5736237552773673e-07
ISIC_0024611,nv,nv,1.6321829434673418e-06,4.166480209732981e-07,8.464624556836498e-07,5.616702765109949e-06,5.085410066385521e-06,0.9999806880950928,5.783241704193642e-06
ISIC_0032180,nv,nv,6.228716529221856e-07,1.5151827881254576e-07,3.394157488401106e-07,1.8186433408118319e-06,3.6682305903923407e-07,0.9999960660934448,7.390988230326911e-07
ISIC_0024660,nv,nv,1.4435536854762177e-07,1.7192510881613998e-07,8.15356671068912e-08,5.786436645394133e-07,2.072396000585286e-06,0.9999964237213135,5.712306574423565e-07
ISIC_0028772,nv,nv,1.635412729683594e-07,1.0999239208331346e-07,1.1335693983482997e-07,5.901379722672573e-07,1.2700577372015687e-06,0.9999973773956299,3.088192386258015e-07
ISIC_0029906,nv,nv,2.85784295783742e-07,2.746527059116488e-07,2.5498135869383987e-07,1.1799171488746651e-06,3.1215308808896225e-06,0.9999942779541016,6.838070589765266e-07
ISIC_0029168,nv,nv,1.6524962802577647e-06,1.0751450645329896e-06,2.7629417331809236e-07,8.074207471508998e-06,0.00025160820223391056,0.9997294545173645,7.861823178245686e-06
ISIC_0024820,nv,nv,6.006385433465766e-07,4.462608558242209e-07,2.860272445559531e-07,2.594425495772157e-06,3.159905418215203e-06,0.9999895095825195,3.3203089060407365e-06
ISIC_0027491,nv,nv,1.0606333489704411e-05,2.6429376021042117e-07,2.9927053901701584e-07,2.723471880017314e-06,1.4142168538455735e-06,0.9999841451644897,5.916172085562721e-07
ISIC_0031964,nv,nv,2.372385807802857e-07,1.9691042041358742e-07,6.472667024581824e-08,1.5444766177097335e-06,1.1573933988984209e-05,0.9999852180480957,1.0929576319540502e-06
ISIC_0027962,nv,nv,1.9313291943490185e-07,2.538120327244542e-07,4.0985888460909337e-08,1.4977659930082154e-06,8.184679245459847e-07,0.999996542930603,6.51323432521167e-07
ISIC_0027325,nv,nv,2.646022778662882e-07,2.3825755590678455e-07,2.1699308661027317e-07,2.8626113817153964e-06,5.799111022497527e-07,0.9999948740005493,1.0188721262238687e-06
ISIC_0024488,nv,nv,3.0425042041315464e-07,3.017190763898725e-08,2.836526107330428e-07,7.486062258976744e-07,2.891090105094918e-07,0.9999983310699463,1.0613647560830941e-07
ISIC_0027048,nv,nv,1.4709927143030654e-07,3.471831178103457e-07,4.819753129936544e-08,1.0161181762669003e-06,1.8109617485606577e-06,0.9999957084655762,8.444473564850341e-07
ISIC_0029556,nv,nv,3.7947182818243164e-07,1.0253251758740589e-07,2.4529370534764894e-07,1.1675498399199569e-06,7.668700163776521e-07,0.999996542930603,7.649467761439155e-07
ISIC_0029377,nv,nv,5.652082109008916e-07,5.982292918815801e-07,3.3029670021278434e-07,1.1192254305569804e-06,3.988463504356332e-06,0.9999909400939941,2.483415528331534e-06
ISIC_0026062,nv,nv,4.391546099213883e-06,1.396771040163003e-06,4.355571945779957e-06,4.091095888725249e-06,4.606667971529532e-07,0.9999758005142212,9.521695574221667e-06
ISIC_0026300,nv,nv,3.8719767303518893e-07,1.2393533665999712e-07,3.0516318361151207e-07,1.3383109035203233e-05,2.0774441509274766e-06,0.9999822378158569,1.48503079344664e-06
ISIC_0029517,nv,nv,5.149780918145552e-06,6.799312359362375e-06,4.057662408740725e-06,4.8224574129562825e-05,1.7965194274438545e-05,0.9998914003372192,2.633110671013128e-05
ISIC_0025290,nv,nv,1.0518976267803737e-07,1.3414488364560384e-07,2.2438321423123853e-07,5.326115228854178e-07,7.341114951486816e-07,0.9999973773956299,9.063156198862998e-07
ISIC_0028911,nv,nv,5.193488163968141e-07,3.2305274544341955e-07,9.349530927238447e-08,2.058545305771986e-06,9.338170457340311e-06,0.9999862909317017,1.3873558373234118e-06
ISIC_0030837,nv,nv,8.365504413632152e-07,3.6473293221206404e-06,2.022307626248221e-06,1.7083591501432238e-06,3.498446687899559e-07,0.9999842643737793,7.129514870030107e-06
ISIC_0030068,nv,nv,5.906221645091136e-07,3.2637166214044555e-07,2.3111873304060282e-07,1.9000915472133784e-06,1.0646219379850663e-05,0.9999849796295166,1.3323832490641507e-06
ISIC_0026699,nv,nv,2.0625120100703498e-07,9.388712385316467e-08,6.44100595081909e-08,6.326925472421863e-07,1.4941272183932597e-06,0.9999969005584717,5.949806336502661e-07
ISIC_0028927,nv,nv,8.887340072760708e-07,2.403013468210702e-07,4.004844527116802e-07,2.474426310072886e-06,9.997881988965673e-07,0.9999942779541016,6.319822318801016e-07
ISIC_0028241,nv,nv,2.525267746023019e-06,3.558762102784385e-07,2.672702805739391e-07,9.11007919057738e-06,2.2919648472452536e-05,0.9999632835388184,1.569732376083266e-06
ISIC_0029006,nv,nv,3.989293873019051e-07,1.6620019493984728e-07,1.1866470828181264e-07,1.6085150491562672e-06,1.538369929221517e-06,0.9999946355819702,1.6989063169603469e-06
ISIC_0024588,nv,nv,5.711794415219629e-07,2.185620786576692e-07,6.217282475518005e-07,4.304296908230754e-06,2.1887069578951923e-06,0.999990701675415,1.4294727179731126e-06
ISIC_0024671,nv,nv,2.8518095973595337e-07,2.7688784598467464e-07,1.9978776322204794e-07,6.320211014099186e-06,3.679282826851704e-06,0.9999865293502808,2.6919674382952508e-06
ISIC_0030295,nv,nv,2.1907288783040713e-07,1.268517024755056e-07,7.727616946340277e-08,2.5509141323709628e-06,4.249543053447269e-06,0.9999914169311523,1.4490823332380387e-06
ISIC_0031954,nv,nv,9.614125247026095e-07,4.281620533674868e-07,1.861491512045177e-07,7.0582059379376005e-06,6.514067081297981e-06,0.9999674558639526,1.731854172248859e-05
ISIC_0029944,nv,nv,9.83893500006161e-08,1.0715689313656185e-07,1.2518391656612948e-07,7.012574769760249e-07,8.355800105164235e-07,0.9999974966049194,6.041246365384723e-07
ISIC_0028387,nv,nv,1.054774429576355e-06,1.8361819229539833e-06,8.134280733429478e-07,4.079135578649584e-06,1.3390861568041146e-05,0.999977707862854,1.238358208865975e-06
ISIC_0024826,nv,nv,6.548688133989344e-07,5.944042982264364e-07,1.196071934828069e-07,2.079998012050055e-06,7.744520553387702e-05,0.9999176263809204,1.575257329022861e-06
ISIC_0028207,nv,nv,1.0386697795183863e-06,2.911568799390807e-06,2.043523863903829e-06,3.75088120563305e-06,7.314596132346196e-06,0.9999094009399414,7.368039950961247e-05
ISIC_0028322,nv,nv,1.665310520593266e-07,1.2937789506395347e-07,2.3063424237079744e-07,9.319101650362427e-07,3.0507792416756274e-06,0.9999949932098389,5.326234600033786e-07
ISIC_0029874,nv,nv,4.5293555217540415e-07,3.933019172563945e-07,1.480482438864783e-07,1.8378108279648586e-06,9.734831110108644e-06,0.9999841451644897,3.4277829854545416e-06
ISIC_0026904,nv,nv,2.2605456706514815e-07,1.2897386625354557e-07,1.9791168881511112e-07,9.66087895903911e-07,2.327402853552485e-06,0.9999951124191284,1.092686147785571e-06
ISIC_0029408,nv,nv,4.060175342601724e-07,3.612052239532204e-07,7.674641722132947e-08,3.019561972905649e-06,6.5307749537169e-06,0.9999865293502808,3.122814177913824e-06
ISIC_0026564,nv,nv,3.5544303500500973e-07,1.7518517836379033e-07,4.3677312078216346e-07,5.838456672790926e-06,3.08200378640322e-06,0.9999850988388062,5.095826963952277e-06
ISIC_0026299,nv,nv,9.866002983471844e-07,6.766232445443165e-07,6.889144401611702e-07,8.882139809429646e-06,2.0108727767365053e-06,0.9999768733978271,9.74553495325381e-06
ISIC_0028248,nv,nv,3.711926126470644e-07,1.3504845242096053e-07,5.797269295726437e-07,7.791598477524531e-07,6.26775954515324e-06,0.9999909400939941,9.201195325658773e-07
ISIC_0028991,nv,nv,3.5653920349432155e-07,1.1509615660543204e-07,6.016453539814393e-07,6.823635771979752e-07,2.1736673261329997e-06,0.9999953508377075,6.911757850502909e-07
ISIC_0026550,nv,nv,1.9649294245027704e-06,6.129171197244432e-07,9.118541015595838e-07,3.0705011795362225e-06,1.8346361230214825e-06,0.9999899864196777,1.6277708709822036e-06
ISIC_0029483,nv,nv,7.402740607176383e-07,2.6616109494170814e-07,3.9617589209228754e-07,1.2763407539750915e-06,9.716230124467984e-06,0.9999865293502808,1.0544137012402643e-06
ISIC_0024601,nv,nv,1.556546180836449e-07,1.2173769619039376e-06,1.5957563448409928e-07,6.040797870809911e-07,2.8153763764748874e-07,0.9999938011169434,3.7690233511966653e-06
ISIC_0027660,nv,nv,1.9896199887625698e-07,2.1466196642450086e-07,1.4067245501792058e-07,2.9983020795043558e-06,7.474974381693755e-07,0.9999942779541016,1.4425163499254268e-06
ISIC_0028324,nv,nv,3.37268517114353e-07,1.9653383276363456e-07,6.853999678924083e-08,2.79844334727386e-06,5.258873898128513e-06,0.9999897480010986,1.611367679288378e-06
ISIC_0024405,nv,nv,5.133709919391549e-07,3.2549453976571385e-07,1.9338322942985542e-07,7.723917292423721e-07,3.659527010313468e-06,0.9999936819076538,9.12913776573987e-07
ISIC_0029532,nv,nv,8.279036478597845e-07,1.7059066692581837e-07,2.1348596135339903e-07,2.2254150735534495e-06,2.350210934309871e-06,0.999993085861206,1.14336910428392e-06
ISIC_0027273,nv,nv,1.2995708402741002e-06,5.305486183715402e-07,2.127488301084668e-07,1.7051759186870186e-06,1.2322227121330798e-05,0.9999827146530151,1.2870126511188573e-06
ISIC_0028778,nv,nv,7.810863280610647e-07,1.6680878900388052e-07,4.393330357288505e-07,3.394282884983113e-06,1.2137317071392317e-06,0.9999904632568359,3.681059297377942e-06
ISIC_0028839,nv,nv,1.7917960803970345e-06,5.005655339118675e-07,8.746985713514732e-07,8.050316864682827e-06,3.632838115663617e-06,0.9999819993972778,3.126661567875999e-06
ISIC_0026748,nv,nv,1.241042127730907e-06,2.0303518510900176e-07,1.6678101246725419e-06,4.988293653696019e-07,3.7099468954693293e-06,0.9999921321868896,5.074686555417429e-07
ISIC_0032377,nv,nv,2.1361658752994117e-07,8.072464652286726e-08,2.0053055038715684e-07,1.3820914546158747e-06,6.048953196113871e-07,0.9999963045120239,1.1793300700446707e-06
ISIC_0026648,nv,nv,3.284461058683519e-07,1.50870590687191e-07,2.421347744530067e-07,2.2453225483332062e-06,5.396385063249909e-07,0.999995231628418,1.2239711395523045e-06
ISIC_0025521,nv,nv,3.501736273392453e-06,9.389851243213343e-07,5.394058462115936e-06,1.5105479178600945e-05,6.250152750908455e-07,0.9999698400497437,4.549145614873851e-06
ISIC_0027592,nv,nv,2.9126303502380324e-07,5.068641257821582e-07,4.187785123122012e-07,1.7695682572593796e-06,1.2839772125516902e-06,0.9999932050704956,2.5843403363978723e-06
ISIC_0024713,nv,nv,5.363090735954756e-07,3.5348716664884705e-07,3.5087046512671805e-07,6.01353212914546e-06,1.75408638369845e-06,0.9999880790710449,2.9624254693771945e-06
ISIC_0031884,nv,nv,4.6752722937526414e-07,5.303803618517122e-07,9.689921398603474e-07,1.3123284361427068e-06,3.4718073038675357e-07,0.9999955892562866,8.968980296231166e-07
ISIC_0028492,nv,nv,3.622753183663008e-06,9.410701977685676e-07,2.750828116404591e-06,1.5988674704203731e-06,1.4422539607039653e-06,0.9999840259552002,5.655879249388818e-06
ISIC_0030799,nv,nv,3.7187760426604655e-07,3.826594650035986e-07,3.8317915596053354e-07,1.2867475334132905e-06,7.249301688716514e-06,0.9999874830245972,2.825864157784963e-06
ISIC_0031669,nv,nv,1.0958892744383775e-05,8.244902574006119e-07,9.70828409663227e-07,8.162364974850789e-05,6.10612696618773e-05,0.9998308420181274,1.3658215721079614e-05
ISIC_0024659,nv,nv,5.1091701607219875e-06,5.122506081534084e-07,2.4092573767120484e-06,1.2209341548441444e-05,3.766429017559858e-06,0.999971866607666,4.239890586177353e-06
ISIC_0028516,nv,nv,5.733832495025126e-06,4.861815341428155e-06,3.2997971288750705e-07,6.2702356444788165e-06,0.003341698320582509,0.9966369867324829,4.033728146168869e-06
ISIC_0026357,nv,nv,4.620321476522804e-07,4.5662233105758787e-07,1.004569639917463e-06,1.1389280416551628e-06,3.493407234600454e-07,0.9999922513961792,4.241845545038814e-06
ISIC_0025011,nv,nv,2.9587039307443774e-07,5.7498667160871264e-08,2.4441743562420015e-07,6.833317343080125e-07,1.216143914462009e-06,0.9999970197677612,4.89944966375333e-07
ISIC_0024956,nv,nv,7.184206651800196e-07,1.9313564791900717e-07,2.1416960294118326e-07,1.3524116866392433e-06,1.2699255194092984e-06,0.9999953508377075,9.055500527210825e-07
ISIC_0029467,nv,nv,5.286521513880871e-07,1.8630636589023197e-07,2.827974299179914e-07,8.4792844745607e-07,5.733974467148073e-05,0.999940037727356,6.752491117367754e-07
ISIC_0031587,nv,nv,1.3284699207360973e-07,1.381166185865368e-07,7.39232106639065e-08,8.815188721200684e-07,1.0535347882978385e-06,0.9999957084655762,2.1364244275901e-06
ISIC_0030103,nv,nv,9.293676725974365e-07,4.6706722400813305e-07,9.330802441809283e-08,2.869862328225281e-06,6.320173270069063e-05,0.9999266862869263,5.705759122065501e-06
ISIC_0028661,nv,nv,3.3771817697925144e-07,1.7906269533796149e-07,3.4952779515151633e-07,7.54133850477956e-07,3.543678985806764e-06,0.9999935626983643,1.2875004813395208e-06
ISIC_0028483,nv,nv,8.832884077492054e-07,3.0177795906638494e-07,1.806812520044332e-06,4.947885940964625e-07,6.669839649475762e-07,0.9999954700469971,3.2470200039824704e-07
ISIC_0024532,nv,nv,5.763543526882131e-07,1.1844437608488079e-07,4.1237984760300606e-07,2.3392092316498747e-06,1.2906622259833966e-07,0.9999958276748657,5.81975371005683e-07
ISIC_0029710,nv,nv,4.006480196494522e-07,2.694008003345516e-07,2.3328709630732192e-07,1.2422362942743348e-06,1.155184804702003e-06,0.9999963045120239,4.814507974515436e-07
ISIC_0032038,nv,nv,1.8381756206053979e-07,1.22796919299617e-07,2.2543545696862566e-07,2.050863258773461e-06,2.624636294967786e-07,0.9999963045120239,8.859820468387625e-07
ISIC_0024895,nv,nv,1.8498511167308607e-07,1.8815050850662374e-07,6.036005402165756e-07,7.401189918709861e-07,1.0878277407755377e-06,0.9999954700469971,1.7586486364962184e-06
ISIC_0031553,nv,nv,2.0599009076249786e-07,9.499026987214165e-08,4.868538781011011e-07,1.9798558525963017e-07,1.318388740401133e-06,0.9999974966049194,1.8869661744247423e-07
ISIC_0028942,nv,nv,2.503527412045514e-07,8.824109443139605e-08,1.8318642958092823e-07,4.87950046590413e-07,7.036982196950703e-07,0.9999977350234985,5.262635909275559e-07
ISIC_0028391,nv,nv,1.499542037208812e-07,8.233878361352254e-07,1.459215752674936e-07,2.0528461845970014e-06,1.3041817510384135e-06,0.9999881982803345,7.354140507231932e-06
ISIC_0029086,nv,nv,1.8500998066883767e-07,3.937191763725423e-07,1.6373587641282938e-07,1.0345160035285517e-06,4.302538343381457e-07,0.9999954700469971,2.3144241367845098e-06
ISIC_0027543,nv,nv,1.8737270579549659e-07,8.841065834985784e-08,7.302276827658716e-08,2.9520333555410616e-06,1.1066092611144995e-06,0.9999948740005493,6.738419529028761e-07
ISIC_0030987,nv,nv,2.3632300383269467e-07,1.1416875622671796e-07,1.389701935750054e-07,9.89964291875367e-07,1.1342747257003793e-06,0.9999970197677612,3.6953372273274e-07
ISIC_0030527,nv,nv,2.631404356634448e-07,1.3373694685014925e-07,1.4330896647152258e-07,9.960409670384252e-07,1.8765088043437572e-06,0.9999958276748657,7.812656690475706e-07
ISIC_0024460,nv,nv,2.0841589787323755e-07,1.5339612957632198e-07,1.6446836070826976e-07,3.2072207432065625e-06,1.553515971863817e-06,0.9999939203262329,8.139736564771738e-07
ISIC_0026602,nv,nv,3.4360863310212153e-07,1.8929203804418648e-07,2.522179443076311e-07,2.3802836039976683e-06,3.0154410524119157e-06,0.9999922513961792,1.4961150327508221e-06
ISIC_0027296,nv,nv,1.0831372492248192e-06,3.2713969631004147e-06,1.6304935002153798e-07,8.353692464879714e-06,1.0013109204010107e-05,0.9999107122421265,6.65163024677895e-05
ISIC_0026771,nv,nv,1.317113600407538e-07,5.479838094402112e-08,4.6743156900674876e-08,8.96000244665629e-07,6.88848786012386e-06,0.9999916553497314,3.834859967355442e-07
ISIC_0024536,nv,nv,6.095314120102557e-07,4.6285080657071376e-07,1.1806685762394409e-07,6.8667441155412234e-06,3.250493318773806e-05,0.9999581575393677,1.1749115174097824e-06
ISIC_0029478,nv,nv,2.9673844892386114e-07,8.589896793864682e-08,2.2393824394839612e-07,5.469527195600676e-07,2.181144282076275e-06,0.9999960660934448,5.724634775106097e-07
ISIC_0026724,nv,nv,2.5990493668359704e-07,1.2192889187190303e-07,1.2278339056592813e-07,3.2322950573870912e-06,1.3817837043461623e-06,0.9999920129776001,2.855816546798451e-06
ISIC_0030199,nv,nv,3.8739344176974555e-07,1.6889218557025742e-07,1.479169924323287e-07,1.7452176734877867e-06,1.167840537164011e-06,0.9999946355819702,1.8116006685886532e-06
ISIC_0026392,nv,nv,1.0406492947367951e-06,5.929932740400545e-07,9.2446676092095e-08,5.681419224856654e-06,2.056647645076737e-06,0.9999871253967285,3.3106605314969784e-06
ISIC_0029365,nv,nv,2.9155779657230596e-07,1.8720477612532704e-07,1.4304703199741198e-07,2.020414285652805e-06,5.731329224545334e-07,0.9999955892562866,1.176113528345013e-06
ISIC_0030147,nv,nv,4.821815196009993e-07,2.874431004329381e-07,2.337408346875236e-07,5.757706730946666e-06,4.3082349066025927e-07,0.9999910593032837,1.8755873725240235e-06
ISIC_0025728,nv,nv,6.074136535971775e-07,3.4255373293490265e-07,2.203047415605397e-07,8.759478191677772e-07,1.3856488294550218e-06,0.9999939203262329,2.654655645528692e-06
ISIC_0026066,nv,nv,1.6203536006287322e-06,8.569123792767641e-07,3.405933171052311e-07,1.1560508937691338e-05,5.138513643032638e-06,0.999967098236084,1.3367369319894351e-05
ISIC_0024645,nv,nv,7.264862347255985e-07,3.21612617426581e-07,2.9378151111814077e-07,5.599427367997123e-06,0.00022327086480800062,0.9997660517692566,3.7127992982277647e-06
ISIC_0030624,nv,nv,5.334346155905223e-07,4.597455074417667e-07,1.7712059730001783e-07,2.558353116910439e-06,3.578035375539912e-06,0.9999908208847046,1.890158614514803e-06
ISIC_0028161,nv,nv,7.893793281255057e-07,3.038250611098192e-07,4.624317443813197e-05,3.6803053262701724e-06,3.3780111152736936e-06,0.9999439716339111,1.5486473330383888e-06
ISIC_0032503,nv,nv,5.931419195803755e-07,2.531610334699508e-07,2.128697815351188e-06,5.553371465794044e-06,3.736866744930012e-07,0.9999898672103882,1.2302664345043013e-06
ISIC_0025762,nv,nv,2.737212696501956e-07,2.133506740165103e-07,2.6756649162962276e-07,8.38049686535669e-07,2.974126573462854e-06,0.9999933242797852,2.0444731489988044e-06
ISIC_0025721,nv,nv,9.70760993368458e-07,1.1476647614472313e-06,4.1612821632952546e-07,1.0137242497876287e-05,1.4777331216464518e-06,0.99997878074646,7.0759374466433655e-06
ISIC_0026418,nv,nv,5.293936169437075e-07,2.4487400196449016e-07,1.6485468279370252e-07,1.420575927113532e-06,1.3519570529751945e-06,0.9999949932098389,1.2743387287628138e-06
ISIC_0028634,nv,nv,1.1277070370852016e-06,4.179561869932513e-07,4.78411038784543e-07,4.877527317148633e-06,2.305815769432229e-06,0.9999865293502808,4.171981345280074e-06
ISIC_0027611,nv,nv,2.632465339047485e-06,0.00013882997154723853,1.6687572497176006e-05,4.645465378416702e-05,5.751609933213331e-06,0.9996021389961243,0.0001874793815659359
ISIC_0024613,nv,nv,4.4299915202827833e-07,8.544808451915742e-07,4.779901132678788e-07,2.0797347133338917e-06,7.450909720319032e-07,0.9999932050704956,2.3181544293038314e-06
ISIC_0026667,nv,nv,5.357550776352582e-07,1.2487667788718682e-07,1.7876878644074168e-07,8.167388045876578e-07,1.8019023855231353e-06,0.9999959468841553,6.393426588147122e-07
ISIC_0030895,nv,nv,1.1334873306623194e-06,8.529452202310495e-07,6.564783916473971e-07,9.92653349385364e-06,3.512183752718556e-07,0.9999806880950928,6.460304575739428e-06
ISIC_0031264,nv,nv,4.143762453168165e-07,3.4690384609348257e-07,2.6252760676470643e-07,2.73186992671981e-06,9.843416592048015e-06,0.999983549118042,2.8542076506710146e-06
ISIC_0028996,nv,nv,1.3251465702524e-07,1.2219459222251317e-07,1.2686092532021576e-07,4.2538761135801906e-07,2.8655531991717e-07,0.9999982118606567,5.923006938246544e-07
ISIC_0029586,nv,nv,1.2629256218588125e-07,9.481039597858398e-08,1.2360099788111256e-07,2.160485564672854e-06,3.185248829140619e-07,0.9999960660934448,1.1415704648243263e-06
ISIC_0027059,nv,nv,1.0355653330407222e-06,9.0660826401745e-08,5.510424330168462e-07,8.286612683150452e-06,4.32498779900925e-07,0.9999887943267822,7.792896781211311e-07
ISIC_0027483,nv,nv,1.939413749596497e-07,1.0946637729603026e-07,2.0508704778876563e-07,1.0761524436020409e-06,1.0204074669672991e-06,0.9999966621398926,6.888643611091538e-07
ISIC_0030169,nv,nv,3.0874118692736374e-06,2.068380808850634e-06,3.6463002288655844e-06,2.217143810412381e-05,7.724512215645518e-06,0.9999481439590454,1.3183304872654844e-05
ISIC_0028485,nv,nv,2.3168442453425087e-07,6.078535079723224e-07,1.7605982804980158e-07,4.4510713337331254e-07,6.474286237789784e-06,0.9999910593032837,9.489562557973841e-07
ISIC_0027459,nv,nv,2.693037401968468e-07,1.9096130188245297e-07,3.6396892255652347e-07,2.902398591686506e-06,2.5431452854718373e-07,0.9999945163726807,1.5373137784990831e-06
ISIC_0028206,nv,nv,1.7881529856822453e-07,1.77127574829683e-07,1.063077164076276e-07,4.1299065856037487e-07,1.863319766925997e-06,0.9999967813491821,5.950849413238757e-07
ISIC_0024783,nv,nv,4.721107131899771e-07,1.1570917024528171e-07,2.534119403208024e-07,1.3570744386015576e-06,6.552907620971382e-07,0.9999963045120239,9.396674727213394e-07
ISIC_0029754,nv,nv,5.539146172850451e-07,2.502324036868231e-07,2.1030383834386157e-07,2.814999561451259e-06,3.123843725916231e-06,0.9999918937683105,1.1655730531856534e-06
ISIC_0029692,nv,nv,5.986229894006101e-07,4.296732640796108e-07,2.465705222221004e-07,1.8917311308541684e-06,3.9168338844319806e-05,0.9999526739120483,4.9434743232268374e-06
ISIC_0032167,nv,nv,1.4070180043290748e-07,2.163382930575608e-07,1.4473187093244633e-07,5.743877409258857e-07,7.629348033333372e-07,0.9999977350234985,3.726422335148527e-07
ISIC_0024724,nv,nv,7.238928674269118e-07,3.880995222971251e-07,2.3936743787089654e-07,2.16786816054082e-06,3.271209436661593e-07,0.999994158744812,2.0009542822663207e-06
ISIC_0030577,nv,nv,4.45561880724199e-07,1.2560822426621598e-07,1.333124970415156e-07,2.548123575252248e-06,1.1764170267269947e-05,0.9999841451644897,8.59967542510276e-07
ISIC_0027555,nv,nv,2.833722305695119e-07,1.885638312160154e-07,9.047581528420778e-08,1.2978484846826177e-06,1.0508117156859953e-05,0.9999868869781494,6.448565841310483e-07
ISIC_0031538,nv,nv,2.9283492608556116e-07,1.4085617294767871e-07,2.2455729720149975e-07,5.972903522888373e-07,1.2031974847559468e-06,0.9999966621398926,9.359499131278426e-07
ISIC_0030288,nv,nv,1.3999483599036466e-06,2.174279813971225e-07,2.7184358941667597e-07,8.187545972759835e-06,1.44132013701892e-06,0.9999877214431763,7.232816301439016e-07
ISIC_0025495,nv,nv,7.077184704940009e-07,3.600689524319023e-07,3.864196003178222e-07,1.0964370176225202e-06,7.790202289470471e-06,0.9999877214431763,2.003293730012956e-06
ISIC_0027521,nv,nv,1.5170699043665081e-06,4.842584644393355e-07,5.303905368236883e-07,6.707870397804072e-06,2.9148457088012947e-06,0.9999842643737793,3.5838925214193296e-06
ISIC_0030438,nv,nv,4.571697616029269e-07,1.0339928024905021e-07,3.350024542214669e-07,4.689378272360045e-07,8.399252919844002e-07,0.9999973773956299,4.1238206449634163e-07
ISIC_0030043,nv,nv,8.789556886767969e-07,8.786816465544689e-07,7.784702802382526e-07,4.778793027071515e-06,3.7202653402346186e-06,0.9999295473098755,5.952572246314958e-05
ISIC_0026662,nv,nv,6.312639584393764e-07,1.9030487408144836e-07,4.667570294714096e-07,1.804922976589296e-05,3.0471858281089226e-07,0.9999775886535645,2.8022632250213064e-06
ISIC_0026088,nv,nv,1.8047111325358856e-06,3.6934548006684054e-06,4.6302980081236456e-06,2.702976780710742e-05,8.26847383450513e-07,0.9997797608375549,0.00018229066336061805
ISIC_0032127,nv,nv,6.880681212351192e-06,4.466024279281555e-07,3.859029504837963e-07,1.8069227962769219e-06,0.00014906495925970376,0.9998400211334229,1.3181872873246903e-06
ISIC_0029136,nv,nv,1.2809747431674623e-06,3.841285831640562e-07,1.3792982826998923e-06,2.619760607558419e-06,2.1086011656734627e-06,0.9999912977218628,9.254219435206323e-07
ISIC_0025750,nv,nv,2.1588411414086295e-07,1.3334347670479474e-07,3.667790622330358e-07,1.832190946515766e-06,5.170248300601088e-07,0.9999961853027344,8.054796012402221e-07
ISIC_0030506,nv,nv,2.016647044911224e-07,8.808111573443966e-08,2.2019703749265318e-07,6.258017037907848e-07,1.363844035040529e-06,0.9999970197677612,5.030371994507732e-07
ISIC_0029131,nv,nv,4.777380127052311e-07,1.4229112821340095e-07,2.529446305743477e-07,1.0954164508802933e-06,7.088796337484382e-06,0.9999901056289673,8.676710763211304e-07
ISIC_0027618,nv,nv,4.0827035263646394e-07,1.4282667848419806e-07,3.110747286427795e-07,3.0298513138404815e-06,4.4592303538593114e-07,0.999994158744812,1.530643771729956e-06
ISIC_0024591,nv,nv,2.80937001662096e-07,2.2829802048818237e-07,1.9802762096787774e-07,1.4590722230423125e-06,5.815276381326839e-06,0.9999904632568359,1.54576366639958e-06
ISIC_0026160,nv,nv,5.805035243611201e-07,1.7041351441093866e-07,1.8135199297830695e-07,2.3703692022536416e-06,2.310648596903775e-06,0.9999935626983643,8.32784451176849e-07
ISIC_0030716,nv,nv,6.288128133746795e-07,6.065462230253615e-07,2.3922450509417104e-06,3.53663858732034e-06,1.258715656149434e-06,0.99993896484375,5.2543335186783224e-05
ISIC_0027743,nv,nv,1.1611376748987823e-06,1.5764844363275188e-07,1.5175686485235929e-07,3.802952960541006e-06,8.243980119004846e-06,0.9999854564666748,1.0111931487699621e-06
ISIC_0024558,nv,nv,3.9090463133106823e-07,1.8670111501251085e-07,1.726554899050825e-07,2.0818952179979533e-06,1.3780329481960507e-06,0.9999947547912598,1.078512468666304e-06
ISIC_0025111,nv,nv,0.06238372623920441,0.004643269814550877,0.09058190882205963,0.0021423464640975,0.0002643186307977885,0.8363878726959229,0.003596559399738908
ISIC_0024633,nv,nv,1.9866619993536005e-07,6.869391313557571e-07,9.273077239413396e-08,1.207836339744972e-05,1.909586217152537e-06,0.9999731779098511,1.1902928235940635e-05
ISIC_0031842,nv,nv,3.733461539923155e-07,1.7098170701501658e-07,3.5934016295868787e-07,1.1945551250391873e-06,4.957948362971365e-07,0.9999966621398926,8.220538916248188e-07
ISIC_0029853,nv,nv,1.803779667852723e-07,9.997907568504161e-08,3.672908519547491e-07,1.1512300943650189e-06,8.38244886836037e-07,0.9999964237213135,9.090293815461337e-07
ISIC_0027015,nv,nv,2.858513880710234e-06,8.042135277719353e-07,6.617081908188993e-06,2.1299897525750566e-06,1.473139946028823e-06,0.9999794960021973,6.607641807931941e-06
ISIC_0031684,nv,nv,3.331031166453613e-07,9.165569991864686e-08,1.6037886041431193e-07,1.0690063163565355e-06,3.1577162644680357e-06,0.9999945163726807,6.15211490639922e-07
ISIC_0024889,nv,nv,2.2738106508768396e-07,1.4183933672029525e-07,1.391823047924845e-07,9.735369985719444e-07,1.791086901903327e-06,0.9999961853027344,6.193686203914694e-07
ISIC_0028672,nv,nv,6.180516152198834e-07,8.158445439221396e-07,1.6955850412614382e-07,1.7677528376225382e-05,7.830856702639721e-06,0.9999675750732422,5.364011940400815e-06
ISIC_0024438,nv,nv,8.408543408222613e-07,7.328098377001879e-07,1.472081407882797e-07,3.610151679822593e-06,9.56153598963283e-07,0.999987006187439,6.701053735014284e-06
ISIC_0026077,nv,nv,5.526358108909335e-07,8.723549171918421e-07,3.381866520157928e-07,1.3059255934422254e-06,6.998087656029384e-07,0.9999912977218628,4.983052349416539e-06
ISIC_0031300,nv,nv,6.312131404229149e-07,2.2537011545864516e-07,1.0195383310929174e-06,1.2400156492731185e-06,4.0569599946138624e-07,0.9999934434890747,3.05727235172526e-06
ISIC_0026434,nv,nv,5.187849865251337e-07,4.1248247839575924e-07,1.8532068679633085e-07,1.0859063195312046e-06,1.6137503280333476e-06,0.9999948740005493,1.3424777307591285e-06
ISIC_0031780,nv,nv,3.5443329693407577e-07,3.2690962825654424e-07,3.2747286127232655e-07,1.1401696156099206e-06,1.2121506642870372e-06,0.9999954700469971,1.1090801308455411e-06
ISIC_0029616,nv,nv,5.230280066825799e-07,5.054232588008745e-07,3.8027772575333074e-07,3.643092895799782e-06,1.1139143225591397e-06,0.9999865293502808,7.323802037717542e-06
ISIC_0028624,nv,nv,1.0538411743254983e-06,2.518138160212402e-07,3.264464112362475e-07,4.486521902435925e-06,1.2292297242311179e-06,0.9999908208847046,1.754372192408482e-06
ISIC_0026899,nv,nv,3.7473904512808076e-07,2.240797556396501e-07,1.0847679732250981e-07,2.419170641587698e-06,1.2422855434124358e-05,0.9999830722808838,1.4140791790850926e-06
ISIC_0028892,nv,nv,3.2106132152875944e-07,2.0273218126476422e-07,2.7620393439065083e-07,2.6227276066492777e-06,3.547881988197332e-07,0.9999949932098389,1.150869479715766e-06
ISIC_0027050,nv,nv,3.3371827612427296e-07,1.1655529874587955e-07,4.38041951156265e-07,9.591861953595071e-07,2.2839176381239668e-06,0.999995231628418,6.071868483559228e-07
ISIC_0025270,nv,nv,1.2987046602574992e-06,4.470236376619141e-07,1.3338796634343453e-05,1.9386679923627526e-06,3.018434472323861e-05,0.9999473094940186,5.4788847592135426e-06
ISIC_0029506,nv,nv,3.487245976430131e-07,1.7952466180304327e-07,6.942668733245227e-07,1.5034383977763355e-06,6.289294560701819e-06,0.9999895095825195,1.3545489991884097e-06
ISIC_0028189,nv,nv,1.5942563322823844e-06,3.276266795637639e-07,4.469916632388049e-07,5.061769115854986e-06,8.45739123178646e-06,0.9999806880950928,3.413609874769463e-06
ISIC_0028708,nv,nv,6.060219561732083e-07,1.879193831655357e-07,3.8165927662703325e-07,1.7212273633049335e-06,9.920359843818005e-06,0.9999860525131226,1.1595117257456877e-06
ISIC_0024354,nv,nv,5.616676617137273e-07,1.3760209185420536e-06,1.9264921320427675e-06,2.671490619832184e-06,1.0422595408954294e-07,0.9999784231185913,1.4980253581597935e-05
ISIC_0027342,nv,nv,3.6347989862406394e-07,2.2999500970399822e-07,4.248676077622804e-07,1.2819214134651702e-06,1.044557961904502e-06,0.9999957084655762,9.263656579605595e-07
ISIC_0032295,nv,nv,9.671252882981207e-07,4.789124545823142e-07,2.464689146108867e-07,4.096019620192237e-05,1.828427230066154e-05,0.9999353885650635,3.5992811717733275e-06
ISIC_0030012,nv,nv,3.0636933843197767e-06,7.283665013346763e-07,1.6467669183839462e-07,8.311461897392292e-06,0.0003737644583452493,0.9996110796928406,2.8779390959243756e-06
ISIC_0027761,nv,nv,1.833583496591018e-06,1.194264882542484e-06,3.424260626161413e-07,1.712819425847556e-06,3.844819002551958e-05,0.999953031539917,3.472701109785703e-06
ISIC_0024339,nv,nv,2.7752622600019095e-07,1.1545592570882945e-07,1.0665989691460709e-07,2.1956076068363473e-07,2.283193907715031e-06,0.9999967813491821,1.6449394024675712e-07
ISIC_0024627,nv,nv,4.056154807585699e-07,3.1520332299805887e-07,4.4878194671582605e-07,3.334824214107357e-06,2.9469151741068345e-06,0.9999837875366211,8.747548235987779e-06
ISIC_0030152,nv,nv,6.233184421944316e-07,5.041296162744402e-07,5.638311222355696e-07,2.222623606940033e-06,3.5057666991633596e-06,0.9999872446060181,5.31042269358295e-06
ISIC_0028867,nv,nv,4.4408960775399464e-07,1.4261622993672063e-07,9.368186226765829e-08,1.4560276895281277e-06,1.1101409427283215e-06,0.9999959468841553,8.867679071045131e-07
ISIC_0031607,nv,nv,1.2471575416839187e-07,2.9270645995893574e-07,1.30688889043995e-07,1.156055873252626e-06,1.5414865401908173e-06,0.9999938011169434,2.9761736186628696e-06
ISIC_0026616,nv,nv,4.5610389065586787e-07,3.32296082206085e-07,6.162845807011763e-07,1.1099567700512125e-06,4.819299647351727e-06,0.9999911785125732,1.4812632116445457e-06
ISIC_0026459,nv,nv,1.489797796239145e-07,6.376974681643333e-08,3.98333135365192e-08,5.943594487689552e-07,1.851645833994553e-06,0.9999966621398926,5.838421088810719e-07
ISIC_0024384,nv,nv,2.792900772874418e-07,3.875607035297435e-07,3.528016350173857e-07,1.5514377764702658e-06,1.2037810392939718e-06,0.9999942779541016,2.0024340301461052e-06
ISIC_0029275,nv,nv,7.529374101977737e-08,3.5967097744560306e-08,7.546195490704122e-08,4.469278280794242e-07,1.0225803634966724e-06,0.9999980926513672,2.566992520769418e-07
ISIC_0026332,nv,nv,5.505072522282717e-07,4.6524948515980213e-07,2.8679403385467594e-07,3.428472609812161e-06,1.0210141226707492e-05,0.999976396560669,8.654489647597075e-06
ISIC_0024600,nv,nv,2.471645984769566e-06,5.634809667753871e-07,2.0805617850783165e-07,1.5578943930449896e-05,6.305862711997179e-07,0.9999783039093018,2.221413069491973e-06
ISIC_0030078,nv,nv,1.4983095297793625e-06,2.0053726075275335e-06,6.557900746884116e-07,3.0560517188860103e-05,1.0914975518971914e-06,0.9999616146087646,2.646294433361618e-06
ISIC_0029957,nv,nv,9.4751939627713e-08,1.838610472759683e-07,1.5123232799396646e-07,1.0739776143964264e-06,3.3206988518941216e-06,0.9999934434890747,1.647459157538833e-06
ISIC_0028273,nv,nv,1.0479341199243208e-06,1.350342131445359e-06,1.8838069593130058e-07,8.910376345738769e-05,4.497724603425013e-06,0.9998811483383179,2.2609028746956028e-05
ISIC_0027864,nv,nv,2.2124156373592996e-07,1.3341752946871566e-07,9.244153886811546e-08,7.840733928787813e-07,1.891714532575861e-06,0.9999964237213135,4.718825437066698e-07
ISIC_0027292,nv,nv,4.233183972246479e-06,1.8344357499699981e-07,4.6235021500251605e-07,3.954919520765543e-06,5.282260531203065e-07,0.9999899864196777,6.149787736831058e-07
ISIC_0025269,nv,nv,1.1055976756324526e-06,4.737820233913226e-07,5.928802124799404e-07,6.54530776955653e-06,4.063135747855995e-06,0.9999834299087524,3.79993593924155e-06
ISIC_0031397,nv,nv,1.8010433677773108e-06,7.676495670239092e-07,2.60515889749513e-07,3.7133413570700213e-06,5.670372956956271e-06,0.9999864101409912,1.4017232388141565e-06
ISIC_0028171,nv,nv,1.997888830373995e-06,1.0509029380045831e-07,1.0251324056298472e-07,2.0301388303778367e-06,7.921945507405326e-05,0.999915361404419,1.1110746527265292e-06
ISIC_0030001,nv,nv,1.0163132628804306e-06,2.1486265211478894e-07,2.1245463699415268e-07,2.1171163098188117e-06,2.4629746349091874e-06,0.9999912977218628,2.636744738993002e-06
ISIC_0029535,nv,nv,4.517438298989873e-07,1.2044301911373623e-07,8.638796771265334e-07,1.1318541055516107e-06,2.1930465265995736e-07,0.9999969005584717,4.252864869158657e-07
ISIC_0025582,nv,nv,4.205044490390719e-07,9.653403054699083e-08,1.8343466479109338e-07,7.006299824752205e-07,2.05481273951591e-06,0.9999958276748657,6.973834842938231e-07
ISIC_0029078,nv,nv,5.312027042236878e-06,3.0416094887186773e-06,0.00011491779878269881,6.823101102781948e-06,3.065909595534322e-06,0.9998601675033569,6.604648206121055e-06
ISIC_0031983,nv,nv,8.240517672675196e-07,3.255955220993201e-07,5.222815161687322e-06,3.0383740522665903e-05,4.81166011923051e-07,0.9999606609344482,2.0078989564353833e-06
ISIC_0027830,nv,nv,2.2652055520211434e-07,7.391346912299923e-08,1.4616831833791366e-07,8.351361771019583e-07,8.708873338036938e-07,0.9999973773956299,4.775719730787387e-07
ISIC_0026450,nv,nv,6.271085339903948e-07,3.501099570257793e-07,1.5022469312953035e-07,2.4886735445761587e-06,1.3160920389054809e-06,0.9999926090240479,2.385358584433561e-06
ISIC_0024817,nv,nv,1.7660287312537548e-06,3.6220076253812294e-06,1.0407782156107714e-06,2.5929068215191364e-05,3.1348881748272106e-06,0.999925971031189,3.846078834612854e-05
ISIC_0031109,nv,nv,1.2522421002358897e-06,3.439011777572887e-07,2.7830904514303256e-07,5.26190387972747e-06,8.716102115613467e-07,0.9999887943267822,3.1995607514545554e-06
ISIC_0031307,nv,nv,8.303906611217826e-07,2.5533097414154327e-07,1.81310426228265e-07,5.899295274502947e-07,1.757215432007797e-05,0.9999798536300659,6.778116699024395e-07
ISIC_0030472,nv,nv,5.040882342655095e-07,2.3022938933081605e-07,2.636350302509527e-07,3.189024255334516e-06,1.5087966858118307e-06,0.9999918937683105,2.379731085966341e-06
ISIC_0026563,nv,nv,1.377726562168391e-06,6.918084523022117e-07,4.578116090669937e-07,2.1870946511626244e-06,2.645599352035788e-06,0.9999898672103882,2.764300688795629e-06
ISIC_0025757,nv,nv,4.833694333683525e-07,4.410569829360611e-07,3.350460247020237e-07,2.1363593987189233e-06,9.955116183846258e-06,0.9999815225601196,5.032768058299553e-06
ISIC_0025037,nv,nv,4.24383216568458e-07,3.534722736731055e-07,2.279695650031499e-07,1.2771705542036216e-06,2.6727418571681483e-06,0.9999936819076538,1.3031184380452032e-06
ISIC_0031439,nv,nv,2.8925191486450785e-07,6.098734388615412e-07,4.74096759717213e-06,1.3354912198337843e-06,2.5820492737693712e-05,0.9999650716781616,2.1169278170418693e-06
ISIC_0032488,nv,nv,4.487929459173756e-07,2.3837166907014762e-07,9.688316140454845e-07,7.634589564986527e-07,1.490971499151783e-06,0.9999949932098389,1.0994144759024493e-06
ISIC_0027977,nv,nv,3.9699370972812176e-06,3.756107957997301e-07,1.3479223071044544e-06,2.002024530156632e-06,3.569823820726015e-05,0.9999500513076782,6.538818979606731e-06
ISIC_0030634,nv,nv,4.2113236986551783e-07,1.6483761555718957e-07,7.948060556373093e-07,1.1445863492554054e-06,5.147534830030054e-05,0.9999449253082275,1.0371308007961488e-06
ISIC_0025538,nv,nv,8.342880164491362e-07,5.329756049832213e-07,3.462910171947442e-07,4.41390557170962e-06,0.0002403092075837776,0.9997442364692688,9.39010988076916e-06
ISIC_0030719,nv,nv,1.670084373017744e-07,3.071175171953655e-07,2.6219296955787286e-07,5.927681172579469e-07,1.6969799617072567e-05,0.999981164932251,4.752652671413671e-07
ISIC_0026472,nv,nv,3.1760632737132255e-06,1.2047023574268678e-06,5.473128794619697e-07,3.3978991268668324e-05,1.495334436185658e-05,0.9999352693557739,1.0841648872883525e-05
ISIC_0032012,nv,nv,1.417063515418704e-07,1.8356814734943327e-07,4.081732072336308e-07,2.428684240385337e-07,2.0437371404113946e-06,0.999996542930603,4.0819733726493723e-07
ISIC_0031717,nv,nv,1.8391496041658684e-06,5.713138762075687e-07,5.823765150125837e-07,1.1823840395663865e-06,6.882113439132809e-07,0.9999933242797852,1.7949960238183849e-06
ISIC_0026307,nv,nv,1.8799892131937668e-07,2.63349448914596e-07,3.5203439097131195e-07,4.1529145278218493e-07,1.7960510376724415e-06,0.9999963045120239,7.851252803448006e-07
ISIC_0024483,nv,nv,4.376955189400178e-07,2.5810788883973146e-07,9.076110529804282e-08,4.037721737404354e-06,2.0471254629228497e-06,0.999991774559021,1.4021144352227566e-06
ISIC_0031879,nv,nv,1.9787535165960435e-07,9.367047226760405e-08,2.0683299339907535e-07,4.4435930135477975e-07,1.7263894278585212e-06,0.999996542930603,7.593320674459392e-07
ISIC_0027845,nv,nv,3.8942158653298975e-07,1.118617944939615e-07,2.708172246457252e-07,3.019191581188352e-07,1.6550172858842416e-06,0.9999969005584717,3.2537607808080793e-07
ISIC_0028251,nv,nv,1.7705910693166516e-07,1.196823404825409e-07,1.36613479639891e-07,1.7625254713493632e-06,7.189238431237754e-07,0.9999954700469971,1.6420181054854766e-06
ISIC_0028940,nv,nv,1.7021551457219175e-07,4.5601368015013577e-07,5.145284021068619e-08,6.635453360104293e-07,1.6835867882036837e-06,0.9999964237213135,5.326765517565946e-07
ISIC_0028799,nv,nv,9.754309076015488e-07,5.529748250410194e-07,1.5123387697713042e-07,1.4090042895986699e-05,2.148124622181058e-05,0.9999531507492065,9.524512279313058e-06
ISIC_0032435,nv,nv,5.4160573199624196e-06,1.3646417755808216e-06,6.579050477739656e-07,7.684273441554978e-06,0.00015389594773296267,0.9998207688331604,1.0334671060263645e-05
ISIC_0031246,nv,nv,3.7624332094310375e-07,1.3473822946252767e-07,3.2086305168377294e-07,1.8986744407811784e-06,2.24173868446087e-06,0.9999942779541016,6.993985266490199e-07
ISIC_0024325,nv,nv,4.2160976931882033e-07,6.18933881924022e-08,1.4784900770337117e-07,1.0712504945331602e-06,1.0971880328725092e-06,0.9999964237213135,6.717391443089582e-07
ISIC_0029987,nv,nv,4.7156228788480803e-07,1.9691884745043353e-07,1.3847322577476007e-07,1.6818441963550868e-06,3.951785856770584e-06,0.9999927282333374,7.678345355088823e-07
ISIC_0025464,nv,nv,5.08242919750046e-07,1.5129252517454006e-07,1.9768353354265855e-07,2.776332394205383e-06,5.99638269704883e-07,0.9999936819076538,2.1209389160503633e-06
ISIC_0031265,nv,nv,4.167424947354448e-07,1.0693660357219414e-07,3.1386053933601943e-07,6.044826363904576e-07,5.937099558650516e-06,0.9999918937683105,6.896992204019625e-07
ISIC_0030563,nv,nv,1.2006881888737553e-06,8.429049103142461e-07,4.358016383321228e-07,6.347395355987828e-06,5.582544872595463e-06,0.9999822378158569,3.3371063636877807e-06
ISIC_0031047,nv,nv,5.942758889432298e-07,3.206012877399189e-07,3.820870801973797e-07,3.8832381505926605e-06,1.7182313968078233e-05,0.9999734163284302,4.096056272828719e-06
ISIC_0025532,nv,nv,9.961790681245475e-08,1.496437675996276e-07,4.45612329258438e-08,5.115476824357756e-07,3.089078290940961e-06,0.9999957084655762,4.964430218024063e-07
ISIC_0029134,nv,nv,2.954695048629219e-07,1.489746352945076e-07,6.161185979181028e-07,2.5867575459415093e-06,1.0658324072210235e-06,0.9999926090240479,2.7008138658857206e-06
ISIC_0032147,nv,nv,1.2212046840431867e-06,1.7148104802799935e-07,3.03640149468265e-06,1.957417907760828e-06,3.1995350013858115e-07,0.9999927282333374,6.17713624251337e-07
ISIC_0026495,nv,nv,1.538183710181329e-06,9.164074299405911e-07,2.0150622503933846e-07,2.9687253118027e-05,1.1424691365391482e-05,0.9999508857727051,5.272564521874301e-06
ISIC_0032323,nv,nv,1.015669454318413e-06,3.9272094909392763e-07,2.7408708547227434e-07,3.409594000913785e-06,7.038396870484576e-05,0.9999192953109741,5.1641868594742846e-06
ISIC_0025739,nv,nv,1.9382005689294601e-07,1.4003977355514508e-07,5.927952884121623e-07,2.0830009361816337e-06,3.1546954915029346e-07,0.9999946355819702,2.1506828034034697e-06
ISIC_0025460,nv,nv,4.533707453902025e-07,1.679317591651852e-07,1.2496778367676598e-07,1.3299636520969216e-06,8.374028652724519e-07,0.999996542930603,6.137582317933266e-07
ISIC_0026939,nv,nv,6.268272159104527e-07,2.0207878037581395e-07,3.720457186773274e-07,3.924213615391636e-06,1.011841277431813e-06,0.999993085861206,7.771051286908914e-07
ISIC_0027340,nv,nv,3.0229259095904126e-07,4.0074539242596074e-07,3.4154422223764414e-07,1.4715916449858923e-06,1.5678252793804859e-06,0.999994158744812,1.872228267529863e-06
ISIC_0030062,nv,nv,4.1744243617358734e-07,3.149269218738482e-07,4.7674922143414733e-07,1.9817134671029635e-06,7.326810305130493e-07,0.9999934434890747,2.583626155683305e-06
ISIC_0030680,nv,nv,2.8647818908211775e-06,9.758620080901892e-07,4.533813353191363e-06,1.6748830375945545e-06,1.3528549061447848e-05,0.9999716281890869,4.841718237003079e-06
ISIC_0030439,nv,nv,6.530423888762016e-06,1.463243620491994e-06,4.5989244767952187e-07,3.0130959203233942e-05,6.007451247569406e-06,0.9999451637268066,1.0238792128802743e-05
ISIC_0031341,nv,nv,5.496422659234668e-07,1.5698228139626735e-07,1.4750622767678578e-07,9.295533232034359e-07,4.6275919885374606e-05,0.9999508857727051,1.064415528162499e-06
ISIC_0027891,nv,nv,2.1249043129500933e-06,4.590244316204917e-06,3.612336968217278e-06,2.7591745492827613e-06,2.63585625361884e-05,0.9999217987060547,3.873722380376421e-05
ISIC_0030568,nv,nv,5.595318839368701e-07,2.9627378239638347e-07,1.9340374990406417e-07,1.8846044440579135e-06,0.00021977165306452662,0.9997755885124207,1.7264145526496577e-06
ISIC_0026863,nv,nv,0.001329796388745308,0.0721728652715683,0.00016872075502760708,0.002015244448557496,0.00024671564460732043,0.9189309477806091,0.005135745741426945
ISIC_0029116,nv,nv,4.2703754843387287e-07,1.4457360464348312e-07,1.3606585014258599e-07,1.7747187257555197e-06,2.0416875941009494e-06,0.9999946355819702,8.12979578768136e-07
ISIC_0025334,nv,nv,2.2068702776323335e-07,8.158951914083445e-08,1.658667798665192e-07,6.741742595295364e-07,4.847295713261701e-06,0.9999929666519165,1.0125718290510122e-06
ISIC_0026019,nv,nv,2.7192800189368427e-07,3.291216899015126e-07,6.2953381529951e-07,9.365625714963244e-07,2.808143335641944e-06,0.9999929666519165,2.0645927634177497e-06
ISIC_0027817,nv,nv,8.43958162022318e-07,6.348060992422688e-07,6.951724458303943e-07,7.570504294562852e-07,1.6689876929376624e-06,0.9999922513961792,3.226410399292945e-06
ISIC_0028162,nv,nv,4.62767815179177e-07,3.898832403592678e-07,5.234188620306668e-07,2.5044205358426552e-06,4.067617282998981e-07,0.9999915361404419,4.222215466143098e-06
ISIC_0030749,nv,nv,2.336047231210614e-07,1.3441531621083413e-07,8.537750062487248e-08,1.1432483688622597e-06,4.509263362706406e-06,0.9999932050704956,7.029022413007624e-07
ISIC_0031509,nv,nv,1.986153620237019e-06,5.924412107560784e-07,1.1005547548847971e-06,6.001491783536039e-06,2.0795156160602346e-05,0.9999655485153198,4.061858362547355e-06
ISIC_0027413,nv,nv,4.614931583546422e-07,3.230494201034162e-07,1.2179735620065912e-07,3.896785074175568e-06,1.4377326351677766e-06,0.9999912977218628,2.3302591216634028e-06
ISIC_0026294,nv,nv,5.913914833399758e-07,2.445201232603722e-07,1.1028471647023252e-07,1.6126666650961852e-06,1.8388448097539367e-06,0.9999945163726807,1.0857548886633595e-06
ISIC_0030029,nv,nv,3.156071102239366e-07,1.013383581494054e-07,1.1354294571219725e-07,4.4954154532206303e-07,1.9406372757657664e-06,0.999996542930603,4.398861506160756e-07
ISIC_0029796,nv,nv,3.354846285219537e-07,4.3041515596087265e-07,3.2134150274032436e-07,8.045478807616746e-07,1.697418701951392e-05,0.9999803304672241,6.977026600907266e-07
ISIC_0026640,nv,nv,2.3686114047904994e-07,2.0348451812424173e-07,2.6782888085108425e-07,1.0197024948865874e-06,2.9969223760417663e-05,0.9999674558639526,7.798046226525912e-07
ISIC_0028522,nv,nv,2.921130544564221e-06,3.023106273758458e-06,2.9159301107029023e-07,0.00019051534764003009,3.840966655843658e-06,0.9997368454933167,6.260179361561313e-05
ISIC_0025880,nv,nv,1.1034547924282379e-06,4.831222213397268e-07,2.3014711132418597e-06,1.5891573639237322e-05,2.74538729172491e-06,0.9999725818634033,4.944440661347471e-06
ISIC_0027551,nv,nv,4.849048877986206e-07,1.2557310924421472e-07,9.192572747451777e-07,1.4463671504927333e-06,4.186916339676827e-05,0.9999536275863647,1.5753095112813753e-06
ISIC_0031458,nv,nv,3.2789435522317945e-07,1.1807315303258292e-07,3.328077013975417e-07,9.802391787161469e-07,4.1481163748358085e-07,0.9999961853027344,1.7176322444356629e-06
ISIC_0025690,nv,nv,1.3525684607884614e-06,2.0832542304560775e-06,2.441285289478401e-07,8.795562280283775e-06,1.274737951462157e-05,0.9999673366546631,7.508105227316264e-06
ISIC_0027581,nv,nv,7.119942893041298e-06,9.357716521662951e-07,6.935430519661168e-06,6.003849648550386e-06,2.388291704846779e-06,0.9999701976776123,6.453961304941913e-06
ISIC_0024840,nv,nv,8.739932013668295e-07,4.0963396941151586e-07,9.358653585422871e-08,1.7241350178665016e-06,3.1673054763814434e-05,0.9999639987945557,1.3231648381406558e-06
ISIC_0029890,nv,nv,2.1408671102562948e-07,3.4782891589202336e-07,1.5624188165475061e-07,1.2810714906663634e-06,3.3670339689706452e-06,0.9999935626983643,1.0452013157191686e-06
ISIC_0030259,nv,nv,1.253023583558388e-06,3.63199916364465e-07,3.9728851675135957e-07,2.933188852694002e-06,1.0242146117889206e-06,0.9999918937683105,2.1282312445691787e-06
ISIC_0025995,nv,nv,5.947783847659593e-07,2.4786368157947436e-07,1.8887980104409507e-06,2.301831273143762e-06,2.2670188570828032e-07,0.9999935626983643,1.2756294154314674e-06
ISIC_0024681,nv,nv,8.63810782902874e-07,1.5843059486542188e-07,7.399918899864133e-07,2.4054454570432426e-06,4.5414134319798904e-07,0.9999943971633911,1.0909983529927558e-06
ISIC_0024444,nv,nv,1.2899423040835245e-07,1.505755591324487e-07,1.9701391806847823e-07,2.3910786239866866e-06,1.1379971738278982e-06,0.9999938011169434,2.2764556888432708e-06
ISIC_0029314,nv,nv,8.856637236931419e-07,1.1854056083393516e-06,1.2682475869496557e-07,1.466101139158127e-06,2.4122246031765826e-06,0.999990701675415,3.200042783646495e-06
ISIC_0029817,nv,nv,2.963493557217589e-07,1.7546048525218794e-07,4.854042146007487e-08,5.213555596128572e-06,3.258940068917582e-06,0.9999895095825195,1.547150077385595e-06
ISIC_0030364,nv,nv,5.881208267055626e-07,1.628061312430873e-07,2.914800234066206e-06,3.3360013276251266e-06,9.224264090335055e-07,0.9999858140945435,6.355807727231877e-06
ISIC_0024606,nv,nv,1.1101815289293882e-05,7.3907995101762936e-06,2.321664032933768e-05,0.003774820826947689,6.445595317927655e-06,0.9959081411361694,0.0002688946551643312
ISIC_0030946,nv,nv,1.4676886621600715e-06,1.4393934577583423e-07,1.3106283631714177e-06,4.08381174565875e-06,1.071616608783188e-07,0.9999923706054688,5.924486004005303e-07
ISIC_0032432,nv,nv,4.450139840628253e-06,1.32529078200605e-06,1.316339876211714e-06,3.074300548178144e-05,6.959834877307003e-07,0.9999500513076782,1.1456409993115813e-05
ISIC_0031393,nv,nv,3.7176448586251354e-07,1.2030366747239896e-07,1.9031054421247973e-07,1.3223001360529452e-06,1.6925658883337746e-06,0.9999949932098389,1.29776753965416e-06
ISIC_0025497,nv,nv,2.7832530236082675e-07,2.0107238185573806e-07,1.3995624215112912e-07,1.3446841649056296e-06,7.503802407882176e-06,0.9999901056289673,4.756367957270413e-07
ISIC_0029672,nv,nv,4.590911828472599e-07,2.3177865671186737e-07,8.008623808564153e-07,2.777976078505162e-06,2.795043201331282e-07,0.9999942779541016,1.2072105164406821e-06
ISIC_0026001,nv,nv,3.852327097320085e-07,2.122538660387363e-07,6.519841235785861e-07,7.094357670212048e-07,4.450670076039387e-06,0.999992847442627,6.616586460950202e-07
ISIC_0029429,nv,nv,6.021244303155981e-07,1.498147383927062e-07,8.168035492417403e-07,3.990838649770012e-06,4.05670562031446e-06,0.9999874830245972,2.992591134898248e-06
ISIC_0025151,nv,nv,4.936696313961875e-07,2.524367914702452e-07,4.512549196533655e-07,1.3095379927108297e-06,1.8627079043653794e-06,0.9999935626983643,2.0478496480791364e-06
ISIC_0025801,nv,nv,3.0440418186117313e-07,1.8759450881589146e-07,1.4708786011397024e-07,7.457700803570333e-07,1.5190991007330013e-06,0.9999963045120239,7.29808618871175e-07
ISIC_0031952,nv,nv,7.074634140735725e-06,4.308177494749543e-07,1.1745821211661678e-05,2.0782115370820975e-06,2.794487841129012e-07,0.999977707862854,7.190399742285081e-07
ISIC_0032172,nv,nv,1.8155320731239044e-06,7.339218655033619e-07,9.147334480985592e-07,2.634900965858833e-06,5.895631147723179e-07,0.999991774559021,1.6065466752479551e-06
ISIC_0029673,nv,nv,2.8203223223499663e-07,8.132022344398138e-08,1.4858439101317344e-07,6.829858989476634e-07,1.8501816612115363e-06,0.9999961853027344,7.548084681729961e-07
ISIC_0028262,nv,nv,4.841335794480983e-07,1.3421768585430982e-07,1.5615636073107453e-07,9.248010996998346e-07,2.1602427295874804e-06,0.9999953508377075,7.558220431747031e-07
ISIC_0027664,nv,nv,3.997060389338003e-07,2.3604145837907708e-07,2.6085655235874583e-07,1.8260625438415445e-06,6.290580358836451e-07,0.9999874830245972,9.172650607069954e-06
ISIC_0028379,nv,nv,1.5057636915116746e-07,9.553698276931755e-08,2.8711678368154026e-08,3.8088048768258886e-06,1.4944171198294498e-06,0.9999934434890747,9.520242088001396e-07
ISIC_0026289,nv,nv,7.859493393880257e-07,6.042633344804926e-07,1.0568597730298279e-07,7.115315838746028e-06,2.272001438541338e-05,0.9999657869338989,2.8405611374182627e-06
ISIC_0030218,nv,nv,3.8129769563965965e-07,3.789623121974728e-07,3.202710274763376e-07,6.451070930779679e-07,1.6658018466841895e-06,0.9999947547912598,1.9718338535312796e-06
ISIC_0024852,nv,nv,4.790495609086065e-07,1.2736207111174735e-07,1.2492917278450477e-07,2.2097560758993495e-06,9.82405140348419e-07,0.9999955892562866,4.655291547805973e-07
ISIC_0028039,nv,nv,1.3737185611262248e-07,1.0090338520285513e-07,8.323437583612758e-08,6.706583803861577e-07,4.313500539865345e-06,0.999994158744812,4.366725647741987e-07
ISIC_0029761,nv,nv,5.277828449834487e-07,1.9844249266043335e-07,2.2093739460160577e-07,1.8301450381841278e-06,9.49338129885291e-07,0.9999938011169434,2.428371089990833e-06
ISIC_0032131,nv,nv,6.077930834180734e-07,2.4927820163611614e-07,2.0669988032295805e-07,3.4762917948683025e-06,1.715285634418251e-06,0.9999908208847046,2.9220234409876866e-06
ISIC_0030412,nv,nv,6.069051323720487e-07,3.0908324788470054e-07,3.3711421565385535e-07,4.455880571185844e-06,2.188678081438411e-06,0.9999898672103882,2.2535546122526284e-06
ISIC_0025498,nv,nv,8.515076501680596e-07,3.7324559798435075e-07,4.966847768628213e-07,1.606889327376848e-06,4.37264588981634e-06,0.9999904632568359,1.94948302123521e-06
ISIC_0026669,nv,nv,3.807391749433009e-06,4.852447545999894e-07,3.227692673135607e-07,9.226590918842703e-06,2.9835113309673034e-05,0.9999542236328125,2.145411372111994e-06
ISIC_0029110,nv,nv,1.1128884125355398e-06,3.7662621821255016e-07,3.5693332733899297e-07,3.815729087364161e-06,5.586473434959771e-07,0.9999920129776001,1.8050959624815732e-06
ISIC_0026095,nv,nv,1.5457882227565278e-06,3.984762315667467e-07,6.851554417153238e-07,1.290362069994444e-05,1.4065262803342193e-06,0.9999796152114868,3.494810925985803e-06
ISIC_0030628,nv,nv,1.7981106736897345e-07,1.8761730302685464e-07,3.2267490723825176e-07,1.2090498557881801e-06,8.671010505167942e-07,0.9999957084655762,1.4681513675895985e-06
ISIC_0027445,nv,nv,1.0129783731827047e-06,5.290361855259107e-07,5.221880314820737e-07,1.5693411114625633e-05,3.151714508931036e-06,0.9999737739562988,5.351929303287761e-06
ISIC_0026250,nv,nv,1.4060268540561083e-06,3.823684835424501e-07,3.4019618055936007e-07,4.124994120502379e-06,1.1230694326513913e-05,0.9999810457229614,1.443336714146426e-06
ISIC_0029700,nv,nv,2.4106708451654413e-07,8.165510223534511e-08,5.550124271280765e-08,3.2508819458598737e-06,2.1782907424494624e-06,0.9999934434890747,7.520415579165274e-07
ISIC_0030405,nv,nv,2.0148813746345695e-06,4.307208882892155e-07,7.213788535409549e-07,9.879116987576708e-06,1.6044865560616017e-06,0.9999722242355347,1.3096305337967351e-05
ISIC_0025212,nv,nv,5.191162131268356e-07,6.813928621340892e-08,4.924469862999103e-07,1.4421628975469503e-06,1.5032778719614726e-06,0.999995231628418,7.510237196584058e-07
ISIC_0029908,nv,nv,2.639460205955402e-07,2.4359715666832926e-07,1.3616754301892797e-07,2.095504669341608e-06,2.0808883505196718e-07,0.9999960660934448,9.386381520926079e-07
ISIC_0029658,nv,nv,8.42165775338799e-07,1.2028756657400663e-07,9.020590852060195e-08,1.2886260947198025e-06,3.0325732041092124e-06,0.9999938011169434,7.523495355599152e-07
ISIC_0027995,nv,nv,3.127863124063879e-07,9.13404221591918e-07,7.283011171921316e-08,3.9526474893136765e-07,2.849906877600006e-06,0.9999947547912598,6.888676011840289e-07
ISIC_0026595,nv,nv,1.1025484809579211e-06,2.6686356591199e-07,2.901551567902061e-07,2.5119354631897295e-06,7.5999491855327506e-06,0.9999864101409912,1.831959821174678e-06
ISIC_0029037,nv,nv,1.3952196695754537e-06,6.237523280105961e-07,2.246547410322819e-07,8.320839697262272e-06,2.4705048417672515e-05,0.9999498128890991,1.4876864952384494e-05
ISIC_0028351,nv,nv,1.5138316484808456e-06,2.7750234039558563e-06,2.6574375624477398e-06,1.363760202366393e-05,1.5956451306919917e-06,0.9999750852584839,2.7642204258881975e-06
ISIC_0026723,nv,nv,1.8448841387908033e-07,6.140846835478442e-07,1.6465456553760305e-07,1.46655804655893e-06,9.535742151456361e-07,0.9999904632568359,6.266513992159162e-06
ISIC_0026116,nv,nv,1.8404334412025491e-07,8.497357839587494e-08,1.1372196695447201e-07,1.2346527000772767e-06,1.571279312884144e-06,0.9999964237213135,3.7243353290250525e-07
ISIC_0025787,nv,nv,3.453920953688794e-07,1.8112970678885176e-07,2.625207287110243e-07,1.2915797924506478e-06,2.5996048407250782e-06,0.9999945163726807,6.805394150433131e-07
ISIC_0028738,nv,nv,3.229332321552647e-07,7.953087077794407e-08,1.6680459680173954e-07,2.851175224805047e-07,1.056735868587566e-06,0.9999977350234985,3.1636415087632486e-07
ISIC_0025138,nv,nv,8.535467941328534e-07,2.983531146583118e-07,8.540985163563164e-08,2.090762109219213e-06,2.9535272005887236e-06,0.9999924898147583,1.163845354312798e-06
ISIC_0027241,nv,nv,2.523489968098147e-07,6.433349142298539e-08,1.7065769952750998e-07,3.997494104623911e-07,1.1467662943687174e-06,0.9999977350234985,2.6220004656352103e-07
ISIC_0031338,nv,nv,3.4568353157737874e-07,1.5796808838786092e-07,7.205016316902402e-08,1.5656331697755377e-06,6.3041966313903686e-06,0.9999910593032837,5.581526352216315e-07
ISIC_0031610,nv,nv,3.385379443443526e-07,2.928631204213161e-07,5.3644640729544335e-08,6.404879968613386e-07,1.1147396890009986e-06,0.9999966621398926,1.0419928457849892e-06
ISIC_0028726,nv,nv,1.440449466372229e-07,1.2854223996328074e-07,6.536600949402782e-08,1.0496702316231676e-06,7.309020588763815e-07,0.9999971389770508,6.788966402382357e-07
ISIC_0025839,nv,nv,4.083261444520758e-07,3.687406717745034e-07,8.568201081970983e-08,2.9456623451551422e-06,7.958326023072004e-06,0.9999867677688599,1.4409930599867948e-06
ISIC_0027842,nv,nv,5.75808371650055e-07,3.2873438726710447e-07,1.652500856152983e-07,1.156805592472665e-05,7.051148259051843e-06,0.9999769926071167,3.2940172332018847e-06
ISIC_0027866,nv,nv,1.2391033124004025e-06,5.700079555026605e-07,3.729863067292172e-07,6.297380878095282e-06,1.6912856608541915e-06,0.999987006187439,2.7213220619159983e-06
ISIC_0029164,nv,nv,7.918841760101714e-08,3.221682902676548e-07,1.3128628495451267e-07,2.962662506433844e-07,1.2414850516506704e-06,0.9999970197677612,9.262166713597253e-07
ISIC_0026800,nv,nv,3.351197790379956e-07,2.423173555143876e-07,4.36547054505354e-07,3.886888407578226e-06,1.421288175151858e-06,0.999991774559021,1.9168983271811157e-06
ISIC_0031944,nv,nv,1.5929085748211946e-06,3.435575592902751e-07,4.093146344530396e-06,1.904794407892041e-05,3.679309372728312e-07,0.9999732971191406,1.1987209518338204e-06
ISIC_0031161,nv,nv,1.784308665264689e-06,2.838496300228144e-07,1.6479496025567641e-06,1.4334042361952015e-06,7.280999057002191e-07,0.9999926090240479,1.5765236867082422e-06
ISIC_0028001,nv,nv,2.0026693903218984e-07,1.1371528785275586e-07,1.225328389864444e-07,5.968508958176244e-07,5.88104342114093e-07,0.9999978542327881,4.780096674039669e-07
ISIC_0026856,nv,nv,4.950276206727722e-07,2.2376720210104395e-07,2.57352155585977e-07,1.5629464087396627e-06,6.359227313623705e-07,0.9999948740005493,1.9070960206590826e-06
ISIC_0029255,nv,nv,2.6731734692475584e-07,8.321281796952462e-08,6.562214593941462e-07,1.7307824009549222e-06,2.6559246180113405e-07,0.9999964237213135,4.6535683395632077e-07
ISIC_0028300,nv,nv,6.688035227853106e-07,1.842058878764874e-07,1.6661304869103333e-07,7.274650215549627e-06,4.2073639860973344e-07,0.9999903440475464,8.319331641359895e-07
ISIC_0032418,nv,nv,3.234894165871083e-07,7.088900133567222e-08,1.5311600520817592e-07,1.830575342864904e-06,7.754041462249006e-07,0.9999961853027344,6.564648060702893e-07
ISIC_0028704,nv,nv,1.1330291727063013e-06,2.791981899008533e-07,1.1813278888439527e-06,2.9573739084298722e-06,1.5656753475923324e-06,0.9999912977218628,1.5808108173587243e-06
ISIC_0032506,nv,nv,3.792291920490243e-07,9.425907876448036e-08,1.0028617225543712e-06,3.1782371934241382e-06,7.304133191610163e-07,0.9999929666519165,1.6347732980648289e-06
ISIC_0032261,nv,nv,7.092851888046425e-07,3.0458880928563303e-07,3.0816013918411045e-07,2.0266288629500195e-06,7.739017746644095e-06,0.9999855756759644,3.3327730761811836e-06
ISIC_0029259,nv,nv,3.8111636513349367e-07,1.2698470186478517e-07,1.3054966530035017e-07,1.4670333712274441e-06,1.0466042112966534e-06,0.9999959468841553,9.361215802528022e-07
ISIC_0031869,nv,nv,1.8372048771198024e-07,1.5660005203699257e-07,1.3209690052917722e-07,5.379249614634318e-07,1.0337279263694654e-06,0.9999972581863403,6.466159447882092e-07
ISIC_0025025,nv,nv,1.1149496685902704e-06,5.289400633046171e-07,4.3797760440611455e-07,3.883807949023321e-06,5.794350727228448e-06,0.9999828338623047,5.387111741583794e-06
ISIC_0029481,nv,nv,2.0333145585027523e-06,9.321966558673012e-07,1.3223294672570773e-06,2.7049083655583672e-05,6.722132184222573e-07,0.9999486207962036,1.9298449842608534e-05
ISIC_0030157,nv,nv,2.7772551902671694e-07,1.5163543309881788e-07,1.7274820152124448e-07,1.0882843071158277e-06,5.0525750339147635e-06,0.999991774559021,1.5203066823232803e-06
ISIC_0029098,nv,nv,2.7993926323688356e-06,1.2754891258737189e-06,3.3802173220465193e-06,2.664582643774338e-05,6.134793579803954e-07,0.9999493360519409,1.5821040506125428e-05
ISIC_0031497,nv,nv,2.272121832902485e-07,7.524369749489779e-08,1.352567977619401e-07,1.0427805818835623e-06,9.418887430001632e-07,0.9999970197677612,4.877445007878123e-07
ISIC_0031448,nv,nv,7.959743584251555e-07,2.7379218181522447e-07,1.1656924669978252e-07,3.6939459278073628e-06,2.3656917619518936e-05,0.9999699592590332,1.5531780945821083e-06
ISIC_0028031,nv,nv,2.3709874596988811e-07,8.004819562756893e-08,7.236722012748942e-07,1.7590948573342757e-06,3.607368626035168e-07,0.9999964237213135,3.661025687051733e-07
ISIC_0028334,nv,nv,2.7814696750283474e-06,6.278461341935326e-07,2.34420326705731e-06,2.0026925994898193e-05,3.279996860783285e-07,0.9999703168869019,3.5500131616572617e-06
ISIC_0030257,nv,nv,1.625674940441968e-06,5.184337510399928e-07,3.53583573087235e-07,2.0045097244292265e-06,3.711931412908598e-06,0.9999909400939941,9.233993409907271e-07
ISIC_0031805,nv,nv,4.786982117366279e-07,2.1427952390240534e-07,1.1794418242061511e-07,2.126737172147841e-06,1.1185054063389543e-05,0.9999819993972778,3.863339316012571e-06
ISIC_0024797,nv,nv,1.288302428292809e-06,6.468897595368617e-07,5.229542807683174e-07,1.2493605026975274e-05,6.55893290968379e-06,0.9999696016311646,8.875418643583544e-06
ISIC_0030807,nv,nv,2.5224647970389924e-07,1.0961826291122634e-07,1.0310379394695701e-07,2.5959761842386797e-06,1.1902893675141968e-06,0.9999947547912598,9.064860932994634e-07
ISIC_0028342,nv,nv,1.5261068142535805e-07,2.2776013963721198e-07,7.604391782933817e-08,2.0682070953625953e-06,2.539644015087106e-07,0.9999958276748657,1.4258283727031085e-06
ISIC_0024368,nv,nv,2.597794548364618e-07,1.192753416034975e-07,2.5129850200755754e-07,4.2198152527817e-07,1.6799783679743996e-06,0.999996542930603,7.25050540495431e-07
ISIC_0024397,nv,nv,8.040741477088886e-07,3.203111305083439e-07,1.0761660860225675e-06,2.8759352517226944e-06,1.3959668194729602e-06,0.9999902248382568,3.239927764298045e-06
ISIC_0029799,nv,nv,1.0360824944655178e-06,1.3365557833822095e-06,5.652224217556068e-07,8.765593520365655e-06,1.923923809954431e-05,0.9999645948410034,4.428173269843683e-06
ISIC_0028828,nv,nv,4.800691385753453e-06,1.565613047205261e-06,7.251299507515796e-07,7.969377293193247e-06,4.635934601537883e-05,0.9999344348907471,4.092745257366914e-06
ISIC_0026673,nv,nv,2.5610927423258545e-07,1.01888304016029e-07,9.783244792060941e-08,6.382635433510586e-07,2.8420383841876173e-06,0.9999955892562866,5.472222142088867e-07
ISIC_0025828,nv,nv,1.3383147461354383e-06,6.662723421868577e-07,2.913186278874491e-07,4.387846729514422e-06,1.987119730983977e-06,0.9999874830245972,3.7244676605041604e-06
ISIC_0025682,nv,nv,1.0306383728675428e-06,5.539125709219661e-07,3.5825408417622384e-07,1.3767462405667175e-05,7.487017228413606e-06,0.9999613761901855,1.5493647879338823e-05
ISIC_0026431,nv,nv,3.801814898451994e-07,2.339145197538528e-07,6.814354946982348e-08,2.720985321502667e-06,4.203414391668048e-06,0.9999909400939941,1.4231139857656672e-06
ISIC_0028440,nv,nv,4.3349018596927635e-07,1.5909876083242125e-07,2.7092971777165076e-07,3.4119709653168684e-06,1.191613250739465e-06,0.9999934434890747,1.1207213219677215e-06
ISIC_0024988,nv,nv,8.904360129236011e-07,1.632699786568992e-05,2.8410013896973396e-07,1.6531890651094727e-05,4.79621166959987e-06,0.9999401569366455,2.095288800774142e-05
ISIC_0029395,nv,nv,3.532192067723372e-07,1.3189928438350762e-07,8.297458862216445e-07,4.98818678806856e-07,2.046845474978909e-05,0.9999765157699585,1.2368637953841244e-06
ISIC_0025194,nv,nv,1.0123385436600074e-06,4.0336189499612374e-07,1.3509147720469628e-06,2.7456846964923898e-06,1.4646822137365234e-06,0.9999884366989136,4.595863629219821e-06
ISIC_0024717,nv,nv,1.49397601489909e-06,4.1763931335481175e-07,1.8915891359938541e-06,3.3364885894116014e-05,4.1953310869757843e-07,0.9999586343765259,3.7127463201613864e-06
ISIC_0028213,nv,nv,4.5402691739582224e-07,2.438123942738457e-07,2.836582098098006e-07,1.468976006435696e-05,9.747446938490612e-07,0.9999817609786987,1.6152520174728124e-06
ISIC_0024491,nv,nv,1.7078760947697447e-06,3.6296773942012805e-07,1.1561854762476287e-06,2.9746768177574268e-06,1.8855273538065376e-06,0.9999904632568359,1.496117988608603e-06
ISIC_0030478,nv,nv,4.1173771592184494e-07,2.896655075801391e-07,4.844892828259617e-06,1.746157977322582e-05,2.2205907953321002e-05,0.9999500513076782,4.829443696507951e-06
ISIC_0028417,nv,nv,1.2168286502856063e-06,1.2017372910122504e-06,6.450229193433188e-06,1.6219779581660987e-06,0.00029403186636045575,0.9996922016143799,3.2165494303626474e-06
ISIC_0030891,nv,nv,4.517761453826097e-07,1.2943282001742773e-07,1.0861856935662217e-05,2.264735030621523e-06,1.068664346348669e-06,0.9999845027923584,6.801076324336464e-07
ISIC_0027186,nv,nv,2.1792311599710956e-07,5.717634010693473e-08,1.9997569324914366e-06,2.349219357711263e-06,5.350996161723742e-07,0.9999945163726807,3.323922896925069e-07
ISIC_0025177,nv,nv,4.682586677517975e-06,9.901300472847652e-06,1.947523378476035e-05,0.00011584082676563412,7.603991980431601e-05,0.999722421169281,5.1668768719537184e-05
ISIC_0029049,nv,nv,4.296802671888145e-06,1.1116811037936714e-05,0.0018313945038244128,3.553004034984042e-06,0.0001565523270983249,0.9979821443557739,1.094257186196046e-05
ISIC_0029018,nv,nv,5.9782601056213025e-06,8.50323249323992e-06,2.92603926936863e-05,1.8553269001131412e-06,6.795224180677906e-05,0.9998693466186523,1.705205977486912e-05
ISIC_0027112,nv,nv,1.08634515072481e-06,9.991400702347164e-07,6.800729170208797e-05,1.5184263247647323e-05,8.320528650074266e-06,0.9999028444290161,3.6121998618909856e-06
ISIC_0028791,nv,nv,7.677151074858557e-07,6.93756703640247e-07,6.168240815895842e-07,1.5657609537811368e-06,0.00011191899102414027,0.9998829364776611,1.438547997167916e-06
ISIC_0027855,nv,nv,2.8268128517083824e-05,2.6764068934426177e-06,3.0076305392867653e-06,1.4852961612632498e-05,0.0008091786876320839,0.9991280436515808,1.396672632836271e-05
ISIC_0026730,nv,nv,1.410162667525583e-06,6.015090548316948e-06,7.898902367742267e-06,2.6758236344903708e-05,5.595797119894996e-05,0.9998971223831177,4.884878762823064e-06
ISIC_0026519,nv,nv,0.00036156008718535304,9.032811067299917e-05,3.316823858767748e-05,0.000359675963409245,0.3605906069278717,0.6385291218757629,3.552776979631744e-05
ISIC_0028755,nv,nv,0.00010865408694371581,1.3078933079668786e-05,0.005626517813652754,7.154485501814634e-05,0.02038463205099106,0.9737721681594849,2.3417469492414966e-05
ISIC_0024597,nv,nv,7.594001363031566e-05,0.00043580366764217615,0.005264853592962027,0.00017346955428365618,0.00013288807531353086,0.9933183193206787,0.0005988016491755843
ISIC_0029790,nv,nv,5.950964236944856e-07,7.791014127178642e-07,8.623981671007641e-07,4.548276137938956e-06,0.00028100601048208773,0.9997100234031677,2.071221842925297e-06
ISIC_0027898,nv,nv,9.788737997951102e-07,3.957424269174226e-06,2.598968194433837e-06,2.241255424451083e-05,2.9175500458222814e-05,0.9999212026596069,1.9695475202752277e-05
ISIC_0028293,nv,nv,1.9630844860785146e-07,2.898785169236362e-06,9.498113513473072e-07,1.2387873766783741e-06,2.5657677724666428e-06,0.9999904632568359,1.8237759604744497e-06
ISIC_0032428,nv,nv,5.392812454374507e-07,3.1050694815348834e-06,1.901549580907158e-06,1.645371526137751e-06,0.0001498979690950364,0.9998403787612915,2.4519144972146023e-06
ISIC_0027640,nv,nv,0.011087501421570778,0.0008553317165933549,0.11970016360282898,0.005028079729527235,0.4062548279762268,0.455645352602005,0.0014286987716332078
ISIC_0030273,nv,nv,3.2591495255474e-05,0.0002323058433830738,0.0008772693108767271,3.5632630897453055e-05,0.4087476134300232,0.5900364518165588,3.808384281001054e-05
ISIC_0028971,nv,nv,4.366745542938588e-06,1.532452915853355e-05,0.00039741097134537995,5.781776053481735e-06,0.00027837310335598886,0.9992650151252747,3.368255420355126e-05
ISIC_0031145,nv,nv,1.164660989161348e-05,5.753719051426742e-06,4.1615465306676924e-05,1.0052163815998938e-05,0.0011797340121120214,0.9987449645996094,6.241119535843609e-06
ISIC_0027235,nv,mel,1.3379047231865115e-05,2.418447365926113e-05,3.037465467059519e-05,3.622737494879402e-05,0.7565029859542847,0.2433493733406067,4.3479067244334146e-05
ISIC_0024891,nv,nv,9.936210699379444e-05,0.00012648451956920326,0.0012508746003732085,2.4799932361929677e-05,0.00021706943516619503,0.9981486797332764,0.00013278669212013483
ISIC_0025442,nv,nv,1.190464445244288e-06,7.97367135874083e-07,4.659261776396306e-06,2.533960014261538e-06,2.0249392036930658e-05,0.9999691247940063,1.4917578710083035e-06
ISIC_0028461,nv,mel,0.00040875744889490306,0.00026727502699941397,7.379935414064676e-05,0.056399520486593246,0.9018111824989319,0.03646041452884674,0.004579043015837669
ISIC_0029719,nv,mel,0.0010247676400467753,0.004229441285133362,0.22213079035282135,0.0002425373822916299,0.6602650284767151,0.11175480484962463,0.00035257829586043954
ISIC_0028453,nv,vasc,0.0007791541866026819,0.0019930412527173758,0.000671990739647299,0.01106349565088749,0.0006390355410985649,0.05285447835922241,0.9319987893104553
ISIC_0031733,nv,nv,3.5022655993088847e-06,0.0013841259060427547,0.00016081571811810136,1.582828554091975e-05,1.6095387763925828e-05,0.9979507327079773,0.00046892190584912896
ISIC_0031663,nv,nv,1.2096767022740096e-05,1.408789216839068e-06,3.4471540857339278e-06,3.104851202806458e-05,0.011853986419737339,0.9880955219268799,2.4358832888538018e-06
ISIC_0032096,nv,nv,1.0500857570150401e-05,0.00032827549148350954,0.0035265316255390644,0.00014492931950371712,0.00046809640480205417,0.9951655864715576,0.000356008589733392
ISIC_0027358,nv,nv,0.0014992266660556197,0.0019959856290370226,0.000831353769171983,0.0012824817094951868,0.0036821402609348297,0.9899644255638123,0.0007444453658536077
ISIC_0027734,nv,nv,1.2037266969855409e-05,2.7280606445856392e-05,0.0002727796381805092,3.7191392038948834e-05,0.00010793506226036698,0.999464213848114,7.863219070713967e-05
ISIC_0030874,nv,nv,3.198219928890467e-05,0.00010759346332633868,0.0007821136969141662,2.3118642275221646e-05,0.04703061655163765,0.9519916772842407,3.283832120359875e-05
ISIC_0029389,nv,nv,0.15495619177818298,0.02419939637184143,0.05831053480505943,0.08443452417850494,0.1301981508731842,0.5227997899055481,0.025101391598582268
ISIC_0026874,nv,nv,4.435934897628613e-06,1.2787942068825942e-05,6.914158439030871e-05,1.5534640624537133e-05,0.001104275113902986,0.9987867474555969,7.1546860453963745e-06
ISIC_0026389,nv,nv,6.384279913618229e-07,0.0005217154393903911,3.4262639019289054e-06,3.8124060665722936e-05,5.2781142585445195e-06,0.999279797077179,0.00015102436009328812
ISIC_0025428,nv,nv,0.005113514140248299,0.001209237496368587,0.002299475483596325,0.00010792595276143402,0.007835978642106056,0.9833990335464478,3.481841486063786e-05
ISIC_0024824,nv,nv,1.1198280844837427e-06,1.7555423255544156e-05,9.637562470743433e-05,2.5944823391910177e-06,1.5931193047435954e-05,0.9998588562011719,7.510878731409321e-06
ISIC_0027878,nv,nv,1.162456442216353e-06,1.4503668808174552e-06,8.294861117974506e-07,4.4436706048145425e-06,0.0020691168028861284,0.9979203343391418,2.735202315307106e-06
ISIC_0028371,nv,nv,2.9498224307644705e-07,5.074068667454412e-06,8.017736945475917e-07,3.105089717791998e-06,0.006384901702404022,0.9936028122901917,3.048510052394704e-06
ISIC_0026006,nv,nv,4.77185494673904e-07,7.118513622117462e-06,6.921244448676589e-07,1.4816616385360248e-05,3.1892698189039947e-06,0.9999649524688721,8.771375178184826e-06
ISIC_0026541,nv,nv,4.1792142724261794e-07,2.5739796001289506e-06,1.9525904804140737e-07,1.3706410300073912e-06,2.731662789301481e-05,0.9999614953994751,6.620680323976558e-06
ISIC_0025869,nv,nv,1.397201458530617e-06,1.57436152221635e-05,3.3333173632854596e-05,4.1398834582651034e-05,2.0456904167076573e-05,0.9998832941055298,4.376136075734394e-06
ISIC_0027812,nv,nv,5.729871759285743e-07,3.0114256333035883e-06,7.529382060056378e-07,2.8017425393045414e-06,3.476234996924177e-05,0.9999500513076782,7.969730177137535e-06
ISIC_0027410,nv,nv,4.426757641340373e-06,4.687902219302487e-06,3.609763325584936e-06,6.931925327080535e-06,0.00010204085992882028,0.9998747110366821,3.6601038573280675e-06
ISIC_0027103,nv,nv,5.177236630515836e-07,7.347509267674468e-07,4.83820986119099e-06,3.3517999327159487e-06,2.396302079432644e-05,0.9999639987945557,2.679037152120145e-06
ISIC_0028528,nv,mel,5.813299139845185e-06,5.374958709580824e-05,0.00031864503398537636,4.717485353467055e-05,0.7798727750778198,0.2195836752653122,0.00011808193085016683
ISIC_0029945,nv,mel,1.743714528856799e-05,8.358403647434898e-06,0.0001386904768878594,3.7693359900003998e-06,0.9998241066932678,5.335632067726692e-06,2.2535289190273033e-06
ISIC_0026148,nv,nv,7.025097602308961e-06,2.9608178010676056e-05,4.756681664730422e-05,8.407516361330636e-06,0.07138055562973022,0.9285125732421875,1.4256456779548898e-05
ISIC_0031094,nv,mel,2.6623602025210857e-05,4.512634041020647e-05,0.00840805470943451,0.0026860872749239206,0.9628578424453735,0.025901993736624718,7.428341632476076e-05
ISIC_0029488,nv,nv,1.4113912811808405e-06,7.680458111281041e-06,0.0006831306964159012,1.3410344763542525e-05,0.00021166974329389632,0.9990431666374207,3.948826270061545e-05
ISIC_0028804,nv,nv,3.9989718061406165e-06,3.859141725115478e-05,0.0027084797620773315,8.225815690821037e-06,8.235544373746961e-05,0.9971455931663513,1.2674054232775234e-05
ISIC_0026781,nv,nv,1.8242284340885817e-06,6.475921736637247e-07,6.30725480732508e-06,5.943283667875221e-06,6.3560014496033546e-06,0.9999762773513794,2.7050489279645262e-06
ISIC_0029846,nv,nv,1.6059276219948515e-07,8.21298726805253e-07,2.7750135700443934e-07,5.3849480536882766e-06,1.7387110347044654e-06,0.9999864101409912,5.257236807665322e-06
ISIC_0029194,nv,nv,2.347455563267431e-07,1.0718604244175367e-06,3.263703831635212e-07,3.944548097933875e-06,1.2552213775052223e-06,0.9999896287918091,3.5046318771492224e-06
ISIC_0027034,nv,nv,3.560668915270071e-07,4.828973487747135e-07,1.5876673842285527e-06,2.764408009170438e-06,1.9345916371094063e-05,0.9999743700027466,1.0803886425492237e-06
ISIC_0031887,nv,nv,6.4464338720426895e-06,2.0678373857663246e-06,6.2392264226218686e-06,9.055829286808148e-05,0.006685709580779076,0.9932035207748413,5.44309705219348e-06
ISIC_0028534,nv,nv,3.4288390793335566e-07,3.7619681734213373e-06,8.237227007157344e-07,1.448660782443767e-06,0.00017456429486628622,0.9998177886009216,1.2202310699649388e-06
ISIC_0028222,nv,nv,0.02953350357711315,0.01861678808927536,0.28552839159965515,0.02393728867173195,0.009461645968258381,0.629063069820404,0.0038592687342315912
ISIC_0026237,nv,nv,2.03115887416061e-05,2.1897776605328545e-05,0.00023589770717080683,0.00015056572738103569,0.00012901841546408832,0.9994150400161743,2.7189218599232845e-05
ISIC_0027548,nv,nv,1.2813535477107507e-06,1.3922617654316127e-06,8.76137437444413e-06,5.975752173981164e-06,3.4406322811264545e-05,0.999934196472168,1.4006885976414196e-05
ISIC_0028961,nv,nv,1.5719627981525264e-06,4.906433241558261e-05,0.00024993246188387275,6.173034307721537e-06,2.1504665710381232e-05,0.9996389150619507,3.275003837188706e-05
ISIC_0030053,nv,nv,3.8674272218486294e-05,5.02694410897675e-06,3.8354428397724405e-05,6.875956751173362e-05,0.000439311726950109,0.9993970394134521,1.2886967851954978e-05
ISIC_0025789,nv,nv,2.880567251395405e-07,5.495412551681511e-07,1.145146825365373e-06,6.003858175063215e-07,3.6556059058057144e-05,0.9999597072601318,1.078302943824383e-06
ISIC_0030184,nv,nv,1.302832288274658e-06,9.91816705209203e-07,3.38774839292455e-07,2.8719591682602186e-06,0.00016425957437604666,0.9998273849487305,2.888775725296e-06
ISIC_0031501,nv,nv,1.2806503036699723e-05,0.0004543806426227093,1.2663762390729971e-05,0.00098682742100209,0.004999868106096983,0.993482768535614,5.0708989874692634e-05
ISIC_0029354,nv,nv,1.4540019947162364e-05,8.808726852294058e-05,3.849246058962308e-05,3.5785691579803824e-05,0.005257513374090195,0.9945393204689026,2.618304824864026e-05
ISIC_0033356,nv,nv,4.2301087432861095e-07,1.3256143915896246e-07,4.859552404923306e-07,1.0500968983251369e-06,3.0845612855046056e-06,0.9999943971633911,3.6230346722732065e-07
ISIC_0031158,nv,nv,2.7619807951850817e-06,4.600687589118024e-06,1.8167834241467062e-06,0.0012434304226189852,0.0001179101673187688,0.998621940612793,7.506703695980832e-06
ISIC_0033846,nv,nv,9.492370736552402e-06,0.0006135542644187808,1.0230005500488915e-05,5.886467988602817e-05,0.39292630553245544,0.6063504219055176,3.117755113635212e-05
ISIC_0032691,nv,nv,4.0932994238573883e-07,1.775630153133534e-06,6.68172646101084e-08,2.621567318783491e-06,8.280292240669951e-05,0.9999034404754639,8.847267963574268e-06
ISIC_0032891,nv,nv,3.63957070703691e-07,2.814610411405738e-07,3.189424433003296e-06,1.0796956075864728e-06,3.0281722501968034e-05,0.9999629259109497,1.965208184628864e-06
ISIC_0033348,nv,nv,1.1381200692994753e-06,8.424029829257051e-07,3.192069470969727e-07,2.1425421437015757e-06,0.00013432912237476557,0.9998605251312256,7.19898423540144e-07
ISIC_0033048,nv,nv,2.801872597046895e-06,4.854990720559726e-07,2.480164482676628e-07,1.0171830581384711e-05,0.0013732608640566468,0.9986118078231812,1.3163935363991186e-06
ISIC_0026618,nv,nv,4.301951321394881e-06,1.0097392987518106e-05,5.2059226618439425e-06,0.00013320078141987324,6.569913239218295e-05,0.9997631907463074,1.821742444008123e-05
ISIC_0025456,nv,nv,2.675158441434178e-07,3.736121811925841e-07,1.3293919209900196e-06,2.225486696261214e-06,4.234257630741922e-06,0.9999899864196777,1.5364245200544246e-06
ISIC_0033549,nv,nv,3.0091348435234977e-06,1.3691269487026148e-06,4.7090024963836186e-06,1.692095429461915e-05,0.00032951575121842325,0.9996411800384521,3.3954408991121454e-06
ISIC_0025239,nv,mel,8.10085839475505e-06,1.368967059534043e-05,0.0006784927099943161,5.785156190540874e-06,0.9265939593315125,0.07268059253692627,1.9346814951859415e-05
ISIC_0034234,nv,nv,1.1762441545215552e-06,1.2619811968761496e-06,1.1607746728259372e-06,4.092029485036619e-06,7.735394319752231e-06,0.9999779462814331,6.618100542254979e-06
ISIC_0034274,nv,nv,3.304436972939584e-07,7.833146469238272e-07,3.357899061029457e-07,1.676979877629492e-06,5.13971499458421e-05,0.9999428987503052,2.4841585855028825e-06
ISIC_0033759,nv,nv,3.0307362521853065e-06,1.7150217672678991e-06,3.5028745060117217e-06,4.382536644698121e-06,8.898087253328413e-05,0.9998952150344849,3.200539822501014e-06
ISIC_0033386,nv,nv,3.007382019859506e-06,4.611341137206182e-05,0.0018022761214524508,5.5828709264460485e-06,0.0002841494570020586,0.9978476762771606,1.1199127584404778e-05
ISIC_0033253,nv,nv,5.575077921093907e-06,2.312162450834876e-06,2.7380990559322527e-06,4.317780621931888e-06,0.005146787967532873,0.9948368072509766,1.5860886151131126e-06
ISIC_0033974,nv,nv,3.3966994124057237e-06,1.056034307111986e-06,4.138099484407576e-06,1.2705932022072375e-06,0.0003031219821423292,0.9996856451034546,1.3518173318516347e-06
ISIC_0025978,nv,nv,1.7910233509610407e-06,4.687460659624776e-06,1.4472617522187647e-06,8.79802155395737e-06,0.0003305140708107501,0.9996479749679565,4.758077011501882e-06
ISIC_0025786,nv,nv,4.008026280644117e-06,4.547691332845716e-06,3.5191701499570627e-06,5.910719210078241e-06,1.549637454445474e-05,0.9999637603759766,2.7697728910425212e-06
ISIC_0025525,nv,nv,1.4159500096866395e-05,4.3637442104227375e-06,6.792753083573189e-06,1.7845663023763336e-05,1.6034000509534962e-05,0.9999352693557739,5.426889856607886e-06
ISIC_0027847,nv,nv,0.00030992779647931457,4.4905034883413464e-05,8.805892139207572e-05,4.235194865032099e-05,0.04429972916841507,0.955134391784668,8.073323260759935e-05
ISIC_0028780,nv,nv,7.1975591708906e-07,2.2177979985826823e-07,2.849259089998668e-06,1.400885821567499e-06,3.7201411942078266e-06,0.9999905824661255,4.6202697490116407e-07
ISIC_0031988,nv,nv,3.824092118520639e-07,3.3562778867235465e-07,1.485700522607658e-07,1.4907027434674092e-06,7.646412086614873e-06,0.9999892711639404,6.353583898999204e-07
ISIC_0029662,nv,nv,4.3494577539604506e-07,2.05028698019305e-07,4.844259819947183e-07,6.15918793300807e-07,1.1918593372683972e-05,0.9999858140945435,5.076745424048568e-07
ISIC_0025001,nv,nv,5.899020834476687e-06,7.934771701911814e-07,1.2594211966643343e-06,1.4984070730861276e-05,0.0002806799311656505,0.9996887445449829,7.627786999364616e-06
ISIC_0028500,nv,nv,4.7961225391190965e-06,3.500156890368089e-05,3.46748242918693e-06,5.175393744139001e-05,0.014307228848338127,0.9855738282203674,2.394229159108363e-05
ISIC_0025262,nv,nv,7.894530426710844e-06,7.748961070319638e-05,0.00023629625502508134,2.5302593712694943e-05,0.0034010850358754396,0.9961960315704346,5.58520587219391e-05
ISIC_0029348,nv,nv,1.6015734217944555e-05,6.34514944977127e-05,0.0015295282937586308,3.5997207305626944e-05,0.0021267093252390623,0.9961857199668884,4.267165422788821e-05
ISIC_0030429,nv,bcc,0.0035886955447494984,0.8104947805404663,0.008478720672428608,0.0005902660195715725,0.00034537550527602434,0.17369724810123444,0.002804897725582123
ISIC_0030899,nv,nv,0.00023826328106224537,0.0007387534715235233,0.022252831608057022,6.201460200827569e-05,0.1638028472661972,0.8127865791320801,0.0001186721128760837
ISIC_0032641,nv,nv,6.449856755352812e-07,5.018930551159428e-07,8.811009024611849e-07,1.1055245749957976e-06,0.0006102111074142158,0.999386191368103,5.226083317211305e-07
ISIC_0032717,nv,nv,3.459934703187173e-07,3.545015658801276e-07,3.1076086770553957e-07,4.189029141343781e-07,2.2742149667465128e-05,0.9999755620956421,1.9355499603079807e-07
ISIC_0032651,nv,nv,2.1006266592848988e-07,2.285819391545374e-07,2.094479611969291e-07,8.727846534384298e-07,1.1935338989133015e-05,0.999985933303833,6.841562480985885e-07
ISIC_0033503,nv,mel,7.38329763407819e-05,2.818212851707358e-05,0.0005224997876212001,3.0616290587204276e-06,0.9773924946784973,0.021976444870233536,3.4298393529752502e-06
ISIC_0033795,nv,mel,0.0002627770008984953,7.899588672444224e-05,0.017130205407738686,1.8554334019427188e-05,0.9777042865753174,0.004790013190358877,1.5059613360790536e-05
ISIC_0033100,nv,nv,0.0003770221665035933,0.00032162509160116315,0.00549480551853776,0.0003611988213378936,0.0008877029758878052,0.9924485683441162,0.00010905351518886164
ISIC_0033388,nv,nv,4.536152118816972e-06,3.052660076718894e-06,0.0001100425943150185,8.9510112957214e-06,0.00018551270477473736,0.9996672868728638,2.0603541997843422e-05
ISIC_0032811,nv,nv,1.280585706808779e-06,4.795980999006133e-07,5.952993524260819e-05,1.2265270470379619e-06,8.958803846326191e-06,0.9999278783798218,6.306188424787251e-07
ISIC_0033370,nv,nv,1.3372645298659336e-05,2.6238736609229818e-05,1.2023260751448106e-05,6.094373748055659e-05,0.000911205483134836,0.9989632368087769,1.2930273442179896e-05
ISIC_0033521,nv,nv,7.77849379574036e-07,5.376399485612637e-07,2.3154248083301354e-06,1.8123490690413746e-06,2.2338815597322537e-06,0.9999918937683105,3.727008390796982e-07
ISIC_0032623,nv,nv,3.4337808756390586e-06,3.64231709681917e-06,0.00010923482477664948,9.931351087288931e-06,2.980148565256968e-05,0.9998412132263184,2.7347184641257627e-06
ISIC_0032821,nv,nv,2.0241243419150123e-06,2.1640969407599187e-06,8.235303994297283e-07,1.281265213037841e-05,0.0014666661154478788,0.9985087513923645,6.75893761581392e-06
ISIC_0034133,nv,nv,3.274095377037156e-07,1.1187141808477463e-06,9.921099263010547e-06,5.092682044960384e-07,0.0004957402707077563,0.9994913339614868,1.0619922932164627e-06
ISIC_0034152,nv,nv,2.3635800971533172e-05,0.007145753595978022,0.002706277184188366,0.005914808250963688,0.0007096503395587206,0.983345091342926,0.00015485924086533487
ISIC_0034020,nv,nv,2.5959100184991257e-06,1.3790015145787038e-05,0.0025808587670326233,0.0002190846425946802,7.489204108424019e-06,0.9971228241920471,5.3400137403514236e-05
ISIC_0034273,nv,nv,4.0413863189314725e-07,3.3340782579216466e-07,2.6495288807382167e-07,9.880423021968454e-07,3.248996290494688e-05,0.9999648332595825,6.879587317598634e-07
ISIC_0033633,nv,nv,1.6841140677570365e-05,9.695336484583095e-05,0.002739720279350877,1.92875577340601e-05,0.06101086363196373,0.9359452724456787,0.00017105265578720719
ISIC_0032948,nv,nv,2.050982175205718e-06,5.194733603275381e-07,1.6288339566017385e-06,3.95832921640249e-06,0.000474131025839597,0.9995148181915283,2.9797367915307404e-06
ISIC_0033657,nv,mel,0.00010856011795112863,4.3155221646884456e-05,0.0002979916171170771,0.0008751021814532578,0.8820035457611084,0.11650706082582474,0.00016468865214847028
ISIC_0033837,nv,nv,7.2567095230624545e-06,2.479388513165759e-06,6.287361429713201e-06,9.597812095307745e-06,0.0029204587917774916,0.9970439076423645,9.927054634317756e-06
ISIC_0032612,nv,nv,4.408545066780789e-07,2.093931925628567e-07,2.154994831471413e-07,2.025325557042379e-06,5.621964737656526e-05,0.9999381303787231,2.7718208457372384e-06
ISIC_0034039,nv,nv,7.797328862579889e-07,4.875936383541557e-07,3.006935571647773e-07,5.795884135295637e-06,5.4532752983504906e-05,0.9999098777770996,2.8150006983196363e-05
ISIC_0033071,nv,nv,5.984439894746174e-07,1.4304690694189048e-06,0.00010122903768206015,2.1062429368612356e-05,2.1513249521376565e-05,0.9997567534446716,9.740134555613622e-05
ISIC_0034086,nv,mel,6.176663191581611e-06,1.1437119610491209e-05,1.106615127355326e-05,9.331510227639228e-06,0.9887546300888062,0.011197434738278389,1.0051324352389202e-05
ISIC_0033242,nv,nv,5.9263213188387454e-05,0.0010597935179248452,0.0009829120244830847,9.965313074644655e-05,0.000877962214872241,0.9967623949050903,0.0001579859381308779
ISIC_0032961,nv,nv,7.811443651917216e-07,9.61989371717209e-07,8.212791726691648e-07,5.543241513805697e-06,0.0036196683067828417,0.9963700771331787,2.0813833998545306e-06
ISIC_0034112,nv,nv,6.44185718101653e-07,1.3139909924575477e-06,4.3680918793143064e-07,2.532117377995746e-06,0.002278823172673583,0.997714638710022,1.6936544398049591e-06
ISIC_0033838,nv,nv,1.098390839615604e-06,2.3467569576496317e-07,6.156962513159669e-07,2.8040049073752016e-06,7.550436748715583e-06,0.9999867677688599,8.245528420047776e-07
ISIC_0033990,nv,nv,0.002316543133929372,0.006222201511263847,0.06021522730588913,0.0021193940192461014,0.03291042894124985,0.8936681151390076,0.002548066433519125
ISIC_0034157,nv,nv,2.6145330593863036e-06,7.755637852824293e-06,4.067159352416638e-06,4.218734829919413e-06,0.00012203980440972373,0.9998449087142944,1.4386117982212454e-05
ISIC_0032770,nv,nv,1.1529364201123826e-06,2.6503644221520517e-06,7.26984239918238e-07,3.545830259099603e-05,0.001306929741986096,0.9986488223075867,4.313468707550783e-06
ISIC_0034184,nv,nv,7.795786132192006e-07,7.903437108325306e-06,2.8352033041301183e-05,4.8519364099774975e-06,2.0682257400039816e-06,0.9999523162841797,3.733725407073507e-06
ISIC_0033385,nv,nv,2.65025573753519e-05,6.597804895136505e-05,0.0048746271058917046,3.960572212236002e-05,0.06392739713191986,0.9310112595558167,5.46240626135841e-05
ISIC_0033849,nv,nv,1.4605375326937065e-05,6.47062142888899e-06,7.092369287420297e-06,0.0016388536896556616,0.0005976268439553678,0.9977157115936279,1.9778341084020212e-05
ISIC_0032885,nv,nv,1.3562713547798921e-06,4.589591924286651e-07,1.994790608250696e-07,1.4980054402258247e-05,0.0004533602623268962,0.9995275735855103,2.0247332486178493e-06
ISIC_0032859,nv,nv,4.3445588744361885e-06,1.7076542917493498e-06,0.00040518882451578975,1.3382054930843879e-05,4.035135134472512e-05,0.9995288848876953,6.264092462515691e-06
ISIC_0033138,nv,nv,8.095730663626455e-07,6.107744638939039e-07,5.256851522972283e-07,6.365569333866006e-06,1.6646625226712786e-05,0.9999707937240601,4.269172222848283e-06
ISIC_0032728,nv,nv,6.127761480456684e-07,6.359776989484089e-07,4.312224746172433e-07,1.0326841220376082e-05,8.464980965072755e-06,0.9999716281890869,7.93336675997125e-06
ISIC_0034044,nv,nv,2.0570803371811053e-07,2.3114307623472996e-07,7.088725055837131e-07,7.944289563965867e-07,0.0001199118560180068,0.9998775720596313,4.849956667385413e-07
ISIC_0033763,nv,nv,1.1819591918538208e-06,1.4598923598896363e-06,7.989851837919559e-07,1.2532043911051005e-05,0.0010079945204779506,0.9989583492279053,1.771291863406077e-05
ISIC_0033069,nv,nv,5.152193352842005e-06,1.2587717719725333e-05,6.591741566808196e-06,2.505945076336502e-06,0.0006240084767341614,0.9993423819541931,6.675080840068404e-06
ISIC_0032735,nv,nv,2.538673243179801e-06,5.42883617526968e-06,4.078278379893163e-06,1.873446876743401e-06,0.000938619312364608,0.9990450739860535,2.240790081486921e-06
ISIC_0032546,nv,nv,2.9644887035829015e-05,0.00011423396063037217,0.00182047369889915,1.317447458859533e-05,0.011631108820438385,0.986375093460083,1.6230942492256872e-05
ISIC_0033958,nv,nv,1.3191661309974734e-05,4.76071763841901e-05,7.286100299097598e-06,1.4516488590743393e-05,0.0015141763724386692,0.9980992674827576,0.0003039778966922313
ISIC_0033016,nv,nv,0.0001137675644713454,0.00015375233488157392,4.248139521223493e-05,0.00018333064508624375,0.3621993362903595,0.6370484828948975,0.0002588076167739928
ISIC_0026810,nv,nv,2.7166754534846405e-06,4.7503535824944265e-06,6.770570507796947e-06,2.189617362091667e-06,0.002399679971858859,0.9975818395614624,2.029868028330384e-06
ISIC_0033351,nv,nv,4.743841418530792e-05,1.4622757589677349e-05,1.1434346561145503e-05,3.4889271773863584e-05,0.004013261757791042,0.9958689212799072,9.426264114154037e-06
ISIC_0033131,nv,nv,4.383738541946514e-06,1.6697193814252387e-06,1.221728598466143e-05,9.858399607765023e-06,0.00018565474601928145,0.9997783303260803,7.865207408030983e-06
ISIC_0032683,nv,nv,5.604077159659937e-06,9.400793715030886e-06,0.00022296370298136026,1.928429992403835e-05,0.0009734996128827333,0.9987496137619019,1.9551833247533068e-05
ISIC_0032971,nv,nv,8.139431315612455e-07,6.041310030013847e-07,2.466336582074291e-06,1.0521315743972082e-05,1.7871589079732075e-05,0.9999603033065796,7.404851658066036e-06
ISIC_0034224,nv,nv,1.5622384808011702e-06,2.655703838172485e-06,4.264418294042116e-07,1.6467616660520434e-05,0.0007512072334066033,0.9992235898971558,4.161152446613414e-06
ISIC_0032587,nv,nv,0.00017776113236323,2.290559450557339e-06,5.896865695831366e-05,0.00032082313555292785,0.012107386253774166,0.9873161315917969,1.6669206161168404e-05
ISIC_0034300,nv,nv,2.1325286070350558e-06,1.7811439647630323e-06,2.547789108575671e-06,1.02706271718489e-05,6.259458132262807e-06,0.9999721050262451,4.9643858801573515e-06
ISIC_0032609,nv,nv,1.1250767784076743e-06,6.843787900834286e-07,2.8350305569802003e-07,1.9722272554645315e-05,9.719153240439482e-06,0.9999630451202393,5.476447768160142e-06
ISIC_0033729,nv,nv,1.5582212427034392e-06,1.5429685618073563e-07,1.6582782791374484e-06,1.0582012919257977e-06,0.00024337413196917623,0.9997518658638,3.883179147123883e-07
ISIC_0034307,nv,nv,1.591914042364806e-06,1.3739531823375728e-07,9.386105261910416e-07,1.8447516367814387e-06,0.0005517898825928569,0.9994432330131531,4.807748155144509e-07
ISIC_0032822,nv,nv,1.0099355449710856e-06,4.668906058213906e-06,4.080407597939484e-05,1.6811573004815727e-06,0.0011495213257148862,0.9987990856170654,3.290617314632982e-06
ISIC_0033976,nv,nv,0.0002729626139625907,0.00011231204553041607,8.671951218275353e-05,0.001171586336567998,0.14066869020462036,0.8573945760726929,0.00029308447847142816
ISIC_0034314,nv,nv,2.4900753032852663e-06,4.402798367664218e-06,6.380933541549894e-07,4.8153160605579615e-06,7.837620069039986e-05,0.9999053478240967,3.979679604526609e-06
ISIC_0033983,nv,nv,1.633740794204641e-05,2.435801798128523e-05,3.917085632565431e-05,2.1276808183756657e-05,0.08898715674877167,0.9108991622924805,1.2525632882898208e-05
ISIC_0032541,nv,nv,8.03099169388588e-07,3.916539412784914e-07,7.526423928538861e-07,2.0156185200903565e-06,7.451610872521996e-05,0.9999203681945801,1.1730018059097347e-06
ISIC_0034190,nv,nv,3.215145625290461e-06,6.522067997138947e-05,2.896677870012354e-06,2.399108234385494e-05,0.00028658457449637353,0.9951921701431274,0.004425974562764168
ISIC_0033961,nv,nv,2.3104020385744661e-07,3.447916867571621e-07,1.3739398241341405e-07,1.5385129472633707e-06,2.7292495360597968e-05,0.9999693632125854,1.061123953149945e-06
ISIC_0033743,nv,nv,2.0791078441106947e-06,2.0104125724174082e-06,9.406735443917569e-06,5.26482290297281e-06,2.3416705516865477e-05,0.9999454021453857,1.2469306057028007e-05
ISIC_0034149,nv,nv,2.192921556343208e-06,7.283006766556355e-07,5.277338004816556e-06,2.533326323828078e-06,2.5115690732491203e-05,0.9999631643295288,1.0045883982456871e-06
ISIC_0033887,nv,nv,1.2141962315581623e-06,1.6738130170779186e-06,3.7609092373713793e-07,5.466423772304552e-06,0.00481445761397481,0.9951719641685486,4.849088327318896e-06
ISIC_0034073,nv,nv,1.178168531623669e-07,8.124114856400411e-07,6.2635132280775e-07,4.6190635316634143e-07,1.1274598364252597e-05,0.9999860525131226,6.424289722417598e-07
ISIC_0033107,nv,nv,6.468208539445186e-06,1.710180413283524e-06,2.0269519609428244e-06,7.317637482628925e-06,0.0005128073389641941,0.9994669556617737,2.7794808374892455e-06
ISIC_0034078,nv,nv,4.622668541287567e-07,9.076546803044039e-07,5.273680017126026e-06,1.6580798956056242e-06,0.00046562356874346733,0.9995255470275879,4.449622963420552e-07
ISIC_0033658,nv,nv,2.068544563371688e-05,3.4421747841406614e-05,0.00013698484690394253,0.0001086625998141244,0.010569864884018898,0.988548755645752,0.0005806419649161398
ISIC_0032908,nv,nv,0.00034813350066542625,0.008883209899067879,0.013655588962137699,0.0002458566159475595,0.09197459369897842,0.8846890330314636,0.0002037129015661776
ISIC_0034203,nv,nv,9.081684402190149e-05,0.02688034251332283,3.117791857221164e-05,0.002705174498260021,0.000827980344183743,0.9483973979949951,0.021067077293992043
ISIC_0033188,nv,nv,4.7486946641583927e-07,8.941827189801188e-08,2.6997369673154026e-07,4.5870328335695376e-07,8.455112401861697e-05,0.9999138116836548,2.792303064325097e-07
ISIC_0034232,nv,nv,4.790419552591629e-06,1.204147679345624e-06,8.354484748451796e-07,8.583865565015003e-06,0.0004306095652282238,0.9995492100715637,4.708250799012603e-06
ISIC_0033649,nv,nv,0.00016290148778352886,9.82199617283186e-06,0.001123681548051536,4.30602885899134e-05,9.496687562204897e-05,0.9985186457633972,4.680448546423577e-05
ISIC_0032820,nv,nv,8.457184321741806e-07,9.3765555675418e-07,2.146665849522833e-07,4.174185050942469e-06,0.0005145198083482683,0.999477207660675,2.1191563064348884e-06
ISIC_0032813,nv,nv,1.1867709872603882e-06,5.646570002681983e-07,8.266670761258865e-07,5.067413439974189e-06,0.00019606485147960484,0.9997925162315369,3.659827143565053e-06
ISIC_0033194,nv,nv,1.1702592246365384e-06,2.9555185392382555e-06,6.199568815645762e-06,3.7707757201133063e-06,1.2679726751230191e-05,0.9999693632125854,3.7946499560348457e-06
ISIC_0032620,nv,nv,5.88773673371179e-06,7.6464973972179e-05,0.0008595814579166472,8.067184353421908e-06,0.0015278190840035677,0.9974501729011536,7.202749111456797e-05
ISIC_0030420,nv,nv,6.098149242461659e-06,1.3062693142273929e-05,0.0004957041819579899,1.2556172805489041e-05,0.0002533898805268109,0.9991623163223267,5.6930981372715905e-05
ISIC_0033711,nv,nv,8.525385965185706e-06,3.5046984976361273e-06,0.0007613177294842899,3.275959170423448e-05,0.00022614876797888428,0.9989621639251709,5.6281314755324274e-06
ISIC_0034084,nv,nv,0.00014075316721573472,2.748630322457757e-05,2.434550151519943e-05,0.0015817222883924842,6.596542789338855e-06,0.9981884360313416,3.055121851502918e-05
ISIC_0032625,nv,nv,9.331202818430029e-06,3.546734205883695e-06,2.2411863028537482e-05,1.727160270093009e-05,0.1649668961763382,0.8349729180335999,7.525756245740922e-06
ISIC_0032974,nv,nv,4.4546963181346655e-05,0.1331181824207306,0.0014213421382009983,0.0007477582548744977,0.025923771783709526,0.8298376202583313,0.008906815201044083
ISIC_0032650,nv,nv,6.969378887333733e-07,6.598003778890416e-07,3.0339963359438116e-06,1.4405359252123162e-06,0.00041393557330593467,0.9995790123939514,1.196696416627674e-06
ISIC_0032769,nv,nv,3.5147177186445333e-06,6.278590944930329e-07,8.659970376356796e-07,1.8500589931136346e-06,0.0009918705327436328,0.9989996552467346,1.6221687246797956e-06
ISIC_0033922,nv,nv,3.1803156730347837e-07,2.1538309624702379e-07,1.6271822289581905e-07,8.25875417831412e-07,1.536268973723054e-05,0.9999825954437256,4.387776755265804e-07
ISIC_0033075,nv,nv,2.8496648951659154e-07,4.421394805831369e-07,4.3933596316492185e-07,6.24399660864583e-07,1.5678428098908626e-05,0.9999818801879883,6.527658911181788e-07
ISIC_0032574,nv,nv,1.914101176225813e-06,0.0003263332473579794,1.5658944903407246e-05,6.205876616149908e-06,0.00045285027590580285,0.9991870522499084,1.0004469004343264e-05
ISIC_0033661,nv,nv,7.287990683835233e-06,0.0013718277914449573,2.8138081688666716e-05,0.0007047688704915345,9.92946806945838e-05,0.9910898208618164,0.006698944140225649
ISIC_0033116,nv,nv,1.5944404367473908e-05,4.155052920395974e-06,1.8124006828657002e-06,0.0001748987997416407,0.0001418305328115821,0.9996522665023804,9.051975212059915e-06
ISIC_0033876,nv,nv,1.3877481706003891e-06,1.828871631914808e-07,3.58799161404022e-06,1.2407332178554498e-05,0.00011413988249842077,0.9998675584793091,7.061867108859587e-07
ISIC_0031482,nv,nv,2.1557598302024417e-05,2.3698166842223145e-05,0.0025330425705760717,9.201220382237807e-05,2.4690325517440215e-05,0.9971518516540527,0.00015318625082727522
ISIC_0033433,nv,nv,6.279981607804075e-05,8.816758963803295e-06,0.00011570134665817022,2.003150621021632e-05,3.65084306395147e-05,0.9997393488883972,1.6736470570322126e-05
ISIC_0034127,nv,nv,1.0426851986267138e-06,3.6239375731383916e-06,1.8504117178963497e-05,8.423126928391866e-06,0.0007586797000840306,0.9990934133529663,0.00011632859968813136
ISIC_0033111,nv,nv,3.9061103507265216e-07,9.417942123945977e-07,8.6020236267359e-07,2.769589627860114e-06,0.00155492196790874,0.9984320998191833,8.063759196375031e-06
ISIC_0034251,nv,nv,2.8399298912518134e-07,2.9481848287105095e-06,4.3204019561926543e-07,1.6388648873544298e-06,9.351864719064906e-05,0.999896764755249,4.335039193392731e-06
ISIC_0033721,nv,nv,3.597664601784345e-07,7.208706165329204e-07,1.2601718424321007e-07,1.451246589567745e-06,2.194132684962824e-05,0.9999731779098511,2.215420863649342e-06
ISIC_0032565,nv,nv,2.0045354176545516e-05,1.900529423437547e-05,0.00011682795593515038,1.9143635654472746e-05,0.031888313591480255,0.9679210782051086,1.55254929268267e-05
ISIC_0034261,nv,nv,2.2114851105925482e-07,7.133224499966673e-08,2.1379855752456933e-07,1.2734607253150898e-06,1.309651997871697e-05,0.9999847412109375,3.280160001395416e-07
ISIC_0033939,nv,nv,1.6234789654845372e-06,3.843855722607259e-07,9.735307457958697e-07,2.136759803761379e-06,1.7682807083474472e-05,0.9999762773513794,9.015552677738015e-07
ISIC_0032772,nv,nv,1.9404767499509035e-06,7.655983608856332e-06,1.685345523583237e-05,4.092258677701466e-06,0.00023624869936611503,0.9996954202651978,3.793036739807576e-05
ISIC_0032593,nv,nv,5.103561875330342e-07,4.1788226212702284e-07,1.400367040105266e-07,2.962400003525545e-06,2.9794176953146234e-05,0.9999641180038452,1.9442127268121112e-06
ISIC_0031290,nv,nv,3.805700544035062e-06,1.4275298099164502e-06,8.884574526746292e-06,4.664647349272855e-06,8.893958693079185e-06,0.9999686479568481,3.6868286770186387e-06
ISIC_0032657,nv,nv,2.2588892534258775e-06,4.0201562114816625e-06,6.747306997567648e-07,4.325375357439043e-06,0.00805801060050726,0.9919243454933167,6.319227395579219e-06
ISIC_0032605,nv,nv,9.626628525438718e-07,2.2587137493701448e-07,5.888580858481873e-07,3.1558883506477287e-07,2.6306561267119832e-06,0.9999949932098389,2.414811604012357e-07
ISIC_0033771,nv,nv,4.1152579797199e-06,8.964724656834733e-06,2.6514580895309336e-05,2.4613516870886087e-05,0.00018459469720255584,0.999739944934845,1.120573597290786e-05
ISIC_0033102,nv,nv,1.9318201793794287e-06,1.6608192936473642e-06,6.828402092651231e-07,3.434957761783153e-05,0.001176019897684455,0.9987622499465942,2.3096055883797817e-05
ISIC_0033564,nv,nv,1.0503761131985812e-06,3.109073759333114e-06,5.686148597305873e-06,4.3223089960520156e-06,0.0006582003552466631,0.9993202686309814,7.390985956590157e-06
ISIC_0032627,nv,nv,1.7434897472412558e-06,4.8102169785124715e-06,1.9373374016140588e-06,1.7338536054012366e-05,0.00030999869341030717,0.999627947807312,3.6219455068930984e-05
ISIC_0032380,nv,nv,9.507470366543203e-08,1.5925282070838875e-07,3.2883411904549575e-07,7.86539317232382e-07,2.6781731321534608e-06,0.999995231628418,7.076394012983656e-07
ISIC_0028591,nv,nv,3.2923529943218455e-05,6.989087705733255e-05,6.033249883330427e-05,2.9163404178689234e-05,0.0010572822066023946,0.9986233711242676,0.0001269983040401712
ISIC_0033792,nv,nv,5.761961574535235e-07,7.334896849897632e-07,2.6531615731073543e-05,1.2404966582835186e-06,1.969227014342323e-05,0.9999501705169678,1.0649965815900941e-06
ISIC_0034122,nv,nv,7.504456789320102e-08,1.9964839736985596e-07,2.0142708763160044e-06,2.1418213691504207e-06,1.3384265912463889e-05,0.9999810457229614,1.1244470670135343e-06
ISIC_0034247,nv,nv,5.511739686880901e-07,8.113856324598601e-07,1.8138887753593735e-05,4.906229605694534e-06,8.735201845411211e-05,0.9998801946640015,8.076433005044237e-06
ISIC_0034191,nv,nv,7.802831873959803e-07,2.0129373012878204e-07,1.5365692433988443e-06,1.0999497135344427e-06,5.966266144241672e-06,0.9999897480010986,6.343676091091766e-07
ISIC_0034033,nv,nv,1.1335576346027665e-05,8.362279686480178e-07,0.0003071337705478072,1.1625103979895357e-05,0.0006907687056809664,0.9989755153656006,2.8097119866288267e-06
ISIC_0032752,nv,nv,1.3363191101234406e-05,1.817471820686478e-05,0.0670284554362297,4.621920743375085e-05,2.272516030643601e-05,0.9328598380088806,1.123297079175245e-05
ISIC_0033794,nv,nv,8.641050044388976e-06,8.792885637376457e-06,0.16273660957813263,1.483447977079777e-05,1.8974691556650214e-05,0.837205171585083,6.952468538656831e-06
ISIC_0032539,nv,nv,2.06553681891819e-06,1.2721823168249102e-06,0.002569984644651413,2.822013129843981e-06,8.082239219220355e-06,0.9974139928817749,1.7411903172614984e-06
ISIC_0033277,nv,nv,1.6020054260934558e-07,5.02752243392024e-07,1.634381447956912e-07,1.3646882734974497e-06,9.011393558466807e-06,0.999988317489624,5.978375838822103e-07
ISIC_0033448,nv,nv,1.4435543960189534e-07,8.857787037186426e-08,5.50878326066595e-07,3.33891421178123e-07,6.111797574703814e-07,0.9999979734420776,2.07767001825232e-07
ISIC_0033036,nv,nv,1.800964014364581e-06,5.878486604160571e-07,2.1092613167184027e-07,6.191390184540069e-06,0.002522119088098407,0.9974679946899414,1.1320677231196896e-06
ISIC_0033861,nv,nv,5.049938044976443e-05,2.293571742484346e-05,0.015449694357812405,0.00012346329458523542,0.16694416105747223,0.8173527121543884,5.658332884195261e-05
ISIC_0033147,nv,nv,2.2943946532905102e-05,1.19310345780832e-06,7.617475057486445e-05,9.098283771891147e-05,5.72558019484859e-06,0.99979168176651,1.1361098586348817e-05
ISIC_0033740,nv,mel,3.2027157431002706e-05,0.02022406831383705,0.000264412141405046,4.72490064566955e-05,0.8429540395736694,0.13638590276241302,9.235691686626524e-05
ISIC_0033153,nv,nv,9.412543136022578e-07,2.930656535227172e-07,2.625356728458428e-06,2.0067140212631784e-05,4.220511982566677e-05,0.9999316930770874,2.296875891261152e-06
ISIC_0032848,nv,nv,2.620992745505646e-06,2.3201096155389678e-06,3.637680720203207e-06,3.947578807128593e-05,0.00010155818017665297,0.9997767806053162,7.36704096198082e-05
ISIC_0033656,nv,nv,9.919466492647189e-07,3.7574648104055086e-07,2.3613199573446764e-06,3.1669762392994016e-05,1.4480522168014431e-06,0.9999603033065796,2.8715357984765433e-06
ISIC_0029775,nv,nv,0.00013340245641302317,9.814254735829309e-05,0.0007886069943197072,0.0001183450294774957,0.2968332767486572,0.7019084692001343,0.00011981611896771938
ISIC_0031460,nv,nv,0.00011554275261005387,3.833862137980759e-05,9.029248758452013e-06,0.00035852406290359795,0.05190882831811905,0.9474930763244629,7.673646177863702e-05
ISIC_0028540,nv,nv,1.3031298067289754e-06,9.87417251963052e-07,1.33510172872775e-06,2.0888996914436575e-06,0.00030897476244717836,0.9996830224990845,2.3352235984930303e-06
ISIC_0029704,nv,nv,1.3201633009884972e-05,0.00017085624858736992,4.606454240274616e-06,3.054593253182247e-05,0.0797465592622757,0.9200257658958435,8.459123819193337e-06
ISIC_0029809,nv,nv,1.2944102309120353e-05,1.0733866702139494e-06,2.8633245165110566e-05,1.0258561815135181e-05,0.013790667057037354,0.9861447811126709,1.1683476259349845e-05
ISIC_0028538,nv,nv,4.88759440031572e-07,9.167737289317301e-07,1.1437631656008307e-05,4.466658083401853e-06,1.085848816728685e-05,0.9999699592590332,1.8474443095328752e-06
ISIC_0031796,nv,nv,1.3752802260569297e-05,6.280796696955804e-06,0.0008754578884691,0.00011496569641167298,1.093265564122703e-05,0.9989603757858276,1.829740904213395e-05
ISIC_0026328,nv,nv,4.353958502179012e-05,3.153972556901863e-06,4.494331733440049e-05,5.513456471817335e-06,0.00042996538104489446,0.999455988407135,1.7035763448802754e-05
ISIC_0027567,nv,nv,8.851178426994011e-05,1.030400198942516e-05,5.318565672496334e-05,7.254401862155646e-05,0.0010853749699890614,0.9986768364906311,1.321438503509853e-05
ISIC_0027942,nv,nv,8.786296348262113e-07,4.803376896234113e-07,3.478136250123498e-07,7.494923465856118e-06,1.07616097011487e-05,0.9999772310256958,2.7397636586101726e-06
ISIC_0030264,nv,nv,4.555504915515485e-07,2.611706406696612e-07,4.940027906741307e-07,5.255822543404065e-06,4.557658485282445e-06,0.9999881982803345,8.109116151899798e-07
ISIC_0027052,nv,nv,3.859972821373958e-06,8.688720117788762e-05,1.5604960935888812e-05,4.29103929491248e-05,2.5091669158427976e-05,0.9992334842681885,0.0005922046257182956
ISIC_0028894,nv,nv,0.0002256652369396761,6.906827911734581e-05,0.00016909751866478473,0.0007683378062210977,0.033078763633966446,0.965587854385376,0.00010123258834937587
ISIC_0025208,nv,nv,2.6848140350921312e-06,1.9123135643894784e-05,6.665746241196757e-06,1.8945647752843797e-06,7.269244088092819e-05,0.999893069267273,3.918399670510553e-06
ISIC_0030840,nv,nv,5.005229832022451e-05,5.925409368501278e-06,0.009126374498009682,5.349048024072545e-06,0.001290547545067966,0.9895170331001282,4.819970854441635e-06
ISIC_0032291,nv,nv,2.253421598652494e-06,2.5421504687983543e-06,1.0891036481552874e-06,1.5819752661627717e-05,5.8448724303161725e-05,0.999901294708252,1.858236464613583e-05
ISIC_0029566,nv,nv,1.6589438018854707e-06,1.1937908084291848e-06,1.0486061228220933e-06,3.0626826628576964e-05,0.0003549566608853638,0.9995971322059631,1.3425294127955567e-05
ISIC_0026841,nv,nv,3.3716119105520193e-06,8.325431736011524e-06,1.1047022780985571e-06,2.5091216230066493e-05,5.9663710999302566e-05,0.9998817443847656,2.0563024008879438e-05
ISIC_0025945,nv,nv,2.627182539072237e-06,2.5147676296910504e-06,7.339331205002964e-07,2.7042333385907114e-05,4.5512133510783315e-05,0.9999059438705444,1.563462683407124e-05
ISIC_0031149,nv,nv,3.8949096961005125e-06,1.2647941730392631e-05,1.2272661251699901e-06,3.1236140785040334e-05,8.54871395858936e-05,0.9998369216918945,2.8638483854592778e-05
ISIC_0031360,nv,nv,3.8356952245521825e-06,6.660609506070614e-05,1.5285143035725923e-06,1.2641562534554396e-05,4.988732689525932e-05,0.9998407363891602,2.4773578843451105e-05
ISIC_0032368,nv,nv,3.3492455031591817e-07,3.2615730560792144e-07,7.345275889747427e-07,8.478429549541033e-07,0.0001852859277278185,0.999811589717865,8.4739752992391e-07
ISIC_0031905,nv,nv,6.734416615472583e-07,5.307653282216052e-06,2.958016011689324e-06,1.5238285868690582e-06,1.0036611456598621e-05,0.9999758005142212,3.640390332293464e-06
ISIC_0025545,nv,nv,5.065941195425694e-07,4.3233495716776815e-07,3.354483624207205e-07,7.5105344876646996e-06,1.954792423930485e-06,0.9999856948852539,3.567917246982688e-06
ISIC_0024529,nv,nv,7.377444148914947e-07,2.078307517194844e-07,5.002174816581828e-07,3.763255563171697e-06,1.867820174084045e-05,0.9999710321426392,5.027510269428603e-06
ISIC_0024355,nv,nv,2.904248788127006e-07,2.896697424148442e-07,1.8166872450819938e-07,7.46645355320652e-07,2.706389204831794e-05,0.9999704360961914,1.0517335340409772e-06
ISIC_0027423,nv,nv,3.6050169001100585e-05,0.00011031256872229278,3.520325117278844e-05,5.945136217633262e-05,0.0001467146212235093,0.9994712471961975,0.00014105936861597002
ISIC_0024587,nv,nv,8.824545716379362e-07,5.381531309467391e-07,3.867935902235331e-06,9.759256499819458e-06,0.001085774740204215,0.9988780617713928,2.1051846488262527e-05
ISIC_0031541,nv,nv,6.729865162924398e-06,9.246143599739298e-05,8.808984262032027e-07,0.00037097916356287897,9.34301260713255e-06,0.9993566870689392,0.00016297571710310876
ISIC_0027596,nv,nv,5.585119197348831e-06,8.556436660001054e-05,1.2275280596441007e-06,0.00027039210544899106,8.034353413677309e-06,0.9994182586669922,0.0002109552442561835
ISIC_0031204,nv,nv,6.220776640475378e-07,4.384843066418398e-07,9.397089684171078e-07,2.4901128199417144e-06,1.8754646589513868e-05,0.9999727010726929,4.001858997071395e-06
ISIC_0024694,nv,nv,4.138317763136001e-06,1.1812823004220263e-06,9.311245889875863e-07,9.67809774010675e-06,5.612329550785944e-05,0.9999241828918457,3.805034111792338e-06
ISIC_0025231,nv,nv,0.0004653459182009101,0.06842692196369171,0.0034280894324183464,0.012501287274062634,0.0033592763356864452,0.9085037112236023,0.003315448760986328
ISIC_0027514,nv,nv,4.580265340337064e-06,1.5170171536738053e-06,6.781464435334783e-06,1.94577678485075e-05,0.00032948036096058786,0.9996101260185242,2.8126194592914544e-05
ISIC_0029382,nv,nv,0.00018572137923911214,0.0008015244384296238,9.344902355223894e-05,1.1349916348990519e-05,0.000722961500287056,0.9981437921524048,4.129017179366201e-05
ISIC_0031811,nv,nv,1.2767408179570339e-06,6.629957169934642e-07,3.550046585587552e-07,9.667598533269484e-06,3.5875906178262085e-05,0.9999488592147827,3.2505172384844627e-06
ISIC_0028390,nv,nv,7.947817266540369e-07,1.002686190076929e-06,6.274033808040258e-07,1.763496402418241e-05,8.873824845068157e-05,0.9998799562454224,1.1281942533969413e-05
ISIC_0029661,nv,nv,0.00027157668955624104,2.6670959414332174e-05,0.16792690753936768,0.00015513705147895962,0.001086125965230167,0.8304768204689026,5.6779659644234926e-05
ISIC_0028030,nv,nv,3.7615172914229333e-06,8.447750019513478e-07,2.6873806291405344e-07,6.127604137873277e-05,9.125154974753968e-06,0.9999134540557861,1.1280792932666373e-05
ISIC_0026030,nv,nv,4.800230271939654e-06,2.216472466898267e-06,5.305975037117605e-07,3.299867557871039e-06,0.00158641894813627,0.9983996748924255,3.023947101610247e-06
ISIC_0032427,nv,nv,6.781203296668536e-07,1.2875030961367884e-06,4.411517238622764e-06,3.903474407707108e-06,2.9146629458409734e-05,0.9999468326568604,1.3741120710619725e-05
ISIC_0031405,nv,nv,2.0653431420214474e-05,6.083946118451422e-06,1.4370817780218204e-06,0.0003258983779232949,0.0023484162520617247,0.9972648620605469,3.267668216722086e-05
ISIC_0027897,nv,nv,6.252249932003906e-06,6.730358290951699e-05,6.698233482893556e-05,1.1224273293919396e-05,1.401043300575111e-05,0.9993473887443542,0.0004868317046202719
ISIC_0032184,nv,nv,2.2233676645555533e-05,7.1393019425158855e-06,0.0006712733884342015,4.943205931340344e-05,0.0064052073284983635,0.9928217530250549,2.291864984726999e-05
ISIC_0031399,nv,nv,0.0025181309320032597,0.0014870851300656796,0.0003999363398179412,0.0002598544233478606,0.02752738818526268,0.9676458239555359,0.00016165162378456444
ISIC_0030621,nv,nv,5.715817678719759e-05,6.136187494121259e-06,0.00014171765360515565,2.4487022528774105e-05,0.004901822656393051,0.9948458671569824,2.2804682885180227e-05
ISIC_0031510,nv,mel,6.637129990849644e-05,3.8324618799379095e-05,0.00042884182767011225,6.68487200528034e-06,0.9912610650062561,0.008161078207194805,3.753439159481786e-05
ISIC_0031483,nv,nv,4.584542239172151e-06,0.0007491394644603133,7.342594585679763e-07,1.46033926284872e-05,5.495103323482908e-05,0.9991150498390198,6.087486690375954e-05
ISIC_0032274,nv,nv,1.581833748787176e-05,1.934459078256623e-06,2.0481758838286623e-05,2.1872256183996797e-05,6.835875410615699e-06,0.999932050704956,1.0662436125130625e-06
ISIC_0025518,nv,mel,7.734726386843249e-05,5.725022856495343e-05,2.8675043722614646e-05,6.297332583926618e-05,0.7558789253234863,0.24384647607803345,4.844152135774493e-05
ISIC_0025181,nv,nv,7.684650881856214e-06,3.182555474268156e-06,4.919320417684503e-06,3.4435333873261698e-06,1.7045855202013627e-05,0.999961256980896,2.3890313514129957e-06
ISIC_0031603,nv,mel,0.0005519323167391121,0.00041446101386100054,0.0003511488903313875,9.619809134164825e-05,0.6417746543884277,0.3564751446247101,0.00033647529198788106
ISIC_0029867,nv,nv,1.4930078577890527e-05,4.9878544814419e-05,7.66833545640111e-05,4.8880201575229876e-06,0.0012263768585398793,0.9986090064048767,1.829568100220058e-05
ISIC_0027045,nv,nv,0.0001239275879925117,8.346717550011817e-06,0.00025036977604031563,4.034207449876703e-06,0.00010251947242068127,0.999509334564209,1.4399150813915185e-06
ISIC_0025742,nv,nv,2.84388897853205e-06,1.8501109479984734e-06,8.09002904134104e-06,7.736602469776699e-07,3.009854663105216e-05,0.9999551773071289,1.1968567150688614e-06
ISIC_0031015,nv,nv,5.0818853196688e-06,5.7818106142804027e-05,6.709582294206484e-07,5.340313873603009e-05,5.103213698021136e-05,0.9998270869255066,5.002735179004958e-06
ISIC_0030842,nv,nv,4.959205739396566e-07,2.4331521331077965e-07,8.904056585379294e-07,6.384426001204702e-07,0.00014562162687070668,0.9998517036437988,3.7253914797474863e-07
ISIC_0028598,nv,nv,0.0017991093918681145,7.4477793532423675e-06,0.00021998070587869734,0.0013467808021232486,0.0006872400990687311,0.9959015250205994,3.7855206755921245e-05
ISIC_0026147,nv,nv,2.1215706169641635e-07,1.420632571580427e-07,5.557107556342089e-07,7.579355383313668e-07,4.658666148316115e-05,0.9999514818191528,2.873503035516478e-07
ISIC_0025340,nv,nv,1.4998806818766752e-06,6.245978170227318e-07,4.531584636424668e-06,1.1525114587129792e-06,0.0009540785104036331,0.9990370273590088,1.1449677685959614e-06
ISIC_0025657,nv,nv,4.322977815718332e-07,7.395049124170328e-07,1.2968273495062022e-06,1.808673914638348e-06,0.00015341732068918645,0.999841570854187,7.117788527466473e-07
ISIC_0026615,nv,nv,1.2397014870657586e-05,0.0005669821402989328,0.0009120809845626354,0.00017411852604709566,0.004186403937637806,0.9930480122566223,0.0011001151287928224
ISIC_0031934,nv,nv,3.2297568850481184e-06,3.350501174281817e-06,8.236681424023118e-06,4.166284270468168e-06,2.3452756067854352e-05,0.9999531507492065,4.417182026372757e-06
ISIC_0029583,nv,nv,5.541731752600754e-06,4.82260475109797e-07,1.5039140635053627e-05,1.261010766029358e-06,3.473164906608872e-05,0.9999420642852783,8.910485576052452e-07
ISIC_0029121,nv,nv,2.9645179893122986e-06,2.022357512032613e-05,7.776780876156408e-06,2.2991780497250147e-06,0.0038132548797875643,0.9961516261100769,1.924533762576175e-06
ISIC_0031126,nv,nv,5.367370613384992e-05,0.0016121718799695373,2.451460386510007e-05,2.837272040778771e-05,0.00010846243822015822,0.9981629252433777,9.95413211057894e-06
ISIC_0025506,nv,nv,2.7973112082690932e-05,2.3648899514228106e-06,1.5077948773978278e-05,4.0528317185817286e-05,0.00016076627071015537,0.9997497200965881,3.607312692111009e-06
ISIC_0030796,nv,mel,4.068053385708481e-05,1.3702871001441963e-05,1.0962516171275638e-05,0.00010813528933795169,0.8904414176940918,0.1093481108546257,3.70242923963815e-05
ISIC_0029197,nv,nv,6.850592058071925e-07,1.027494590744027e-06,2.8496506274677813e-06,6.792348585804575e-07,1.686766518105287e-05,0.9999773502349854,4.780454787578492e-07
ISIC_0028408,nv,nv,4.091049049748108e-06,2.7230544219492003e-06,4.727430109596753e-07,3.518454150253092e-06,0.003269030712544918,0.996717631816864,2.471529114700388e-06
ISIC_0026404,nv,akiec,0.49109241366386414,0.0004907363327220082,0.4864906370639801,0.00011437027569627389,0.01976235769689083,0.0020201625302433968,2.92649583570892e-05
ISIC_0029298,nv,nv,8.76451376825571e-05,2.201813185820356e-05,3.30211223626975e-05,3.079063753830269e-05,0.28616827726364136,0.7136176228523254,4.059692582814023e-05
ISIC_0024790,nv,nv,1.6346529037036817e-06,1.7423271856387146e-06,2.739889623626368e-06,8.052402336033992e-07,4.134009941481054e-06,0.9999879598617554,9.201256148116954e-07
ISIC_0028551,nv,nv,5.827212953590788e-05,6.064773060643347e-06,0.00033762663952074945,5.96852760281763e-06,8.237915608333424e-05,0.9995065927505493,3.0570229228032986e-06
ISIC_0030962,nv,nv,2.977351130084571e-07,1.083969164028531e-05,4.061874960825662e-07,7.678970632696291e-07,2.5449141958233668e-06,0.9999806880950928,4.5031774789094925e-06
ISIC_0025926,nv,akiec,0.4151003658771515,0.054413940757513046,0.0004526814736891538,0.11749058216810226,0.04610757157206535,0.3613020181655884,0.005132861435413361
ISIC_0026741,nv,nv,3.7115116811037296e-06,6.916656047906145e-07,2.509275418560719e-06,4.8232864173769485e-06,5.818640420329757e-05,0.99992835521698,1.780038587639865e-06
ISIC_0032243,nv,nv,0.0001060141803463921,5.284601684252266e-06,7.240336708491668e-05,9.540383871353697e-06,0.004203770775347948,0.995597779750824,5.255677478999132e-06
ISIC_0031363,nv,nv,1.096792402677238e-05,2.9013062885496765e-06,0.00010399062011856586,5.445768238132587e-06,5.2451268857112154e-06,0.9998698234558105,1.6321823750331532e-06
ISIC_0026398,nv,nv,7.932336302474141e-05,1.5894642274361104e-05,4.401571459311526e-06,0.00013841524196323007,0.0019077981123700738,0.9978437423706055,1.030317616823595e-05
ISIC_0030416,nv,nv,0.00020158960251137614,0.00013616970682051033,0.024483120068907738,3.092340921284631e-05,0.1368713080883026,0.8382055759429932,7.133513281587511e-05
ISIC_0031451,nv,nv,2.9003469990129815e-06,0.00023788334510754794,3.5396288922129315e-07,0.0001509823341621086,8.868509030435234e-05,0.99950110912323,1.8010337953455746e-05
ISIC_0030115,nv,nv,0.0001541475357953459,0.00017796603788156062,0.0054457965306937695,0.0002486305602360517,0.03323596715927124,0.9606849551200867,5.254904317553155e-05
ISIC_0025784,nv,mel,0.0009783903369680047,3.7761950807180256e-05,1.2540472198452335e-05,2.8270662369322963e-05,0.9979091286659241,0.0010196154471486807,1.4198567441781051e-05
ISIC_0027928,nv,nv,4.694949438999174e-06,6.625930382142542e-06,0.00021075013501103967,1.986863708225428e-06,0.00018526299390941858,0.9995878338813782,2.823854174494045e-06
ISIC_0027466,nv,nv,9.394912922289222e-06,2.839965782186482e-05,8.712276758160442e-05,4.7295015974668786e-05,0.3772900402545929,0.6225184798240662,1.9249901015427895e-05
ISIC_0026414,nv,mel,0.01913582906126976,0.00043519603786990047,0.030854033306241035,0.00011288261157460511,0.7838502526283264,0.16555848717689514,5.329197665560059e-05
ISIC_0024926,nv,nv,4.143743353779428e-06,2.129140511897276e-06,3.4481372495065443e-06,9.805738045542967e-06,7.199870651675155e-06,0.9999669790267944,6.352554919430986e-06
ISIC_0026559,nv,nv,1.2590762707986869e-05,4.8147954657906666e-05,0.0008234112174250185,5.237365257926285e-06,0.0002161235606763512,0.9988893866539001,5.176465947442921e-06
ISIC_0031708,nv,nv,2.8731225029332563e-05,3.225306954846019e-06,6.645404937444255e-06,4.9483391194371507e-05,0.15662875771522522,0.8432779908180237,5.204296940064523e-06
ISIC_0024356,nv,nv,2.3771241103531793e-05,4.87553006678354e-06,0.0001526749401818961,8.743273610889446e-06,2.1841819034307264e-05,0.999782145023346,5.988185876049101e-06
ISIC_0031838,nv,nv,1.1518159226397984e-06,6.088891950639663e-07,1.2420971415849635e-06,2.5836595796135953e-06,2.975906136271078e-05,0.9999635219573975,1.1359817335687694e-06
ISIC_0030253,nv,nv,0.0026396524626761675,0.003195407334715128,0.01269219908863306,0.13230973482131958,0.05207256227731705,0.7937959432601929,0.003294561989605427
ISIC_0029733,nv,nv,7.859653692321444e-07,0.0005661931354552507,2.8509604817372747e-05,2.4260009467980126e-06,1.4244942576624453e-05,0.9993817806243896,6.052922799426597e-06
ISIC_0029054,nv,nv,0.00014099606778472662,2.3661077648284845e-05,0.00022224019630812109,1.0470701454323716e-05,0.14084745943546295,0.8587494492530823,5.802168743684888e-06
ISIC_0030069,nv,nv,4.668104907068482e-07,2.003809527195699e-07,1.2169974752396229e-06,5.574041779254912e-07,3.166551323374733e-05,0.9999653100967407,5.098756901134038e-07
ISIC_0025088,nv,nv,4.889525826001773e-06,1.5311057950384566e-06,1.3895342817704659e-05,4.553216513158986e-06,0.0004947627312503755,0.9994787573814392,1.66808615631453e-06
ISIC_0026786,nv,bkl,0.054826993495225906,0.15706108510494232,0.3843967914581299,0.028756948187947273,0.019972912967205048,0.34160688519477844,0.013378344476222992
ISIC_0027461,nv,nv,4.6657014536322095e-06,1.4599525854919193e-07,8.49141815706389e-06,1.0220109061265248e-06,2.061531449726317e-05,0.9999637603759766,1.235135300703405e-06
ISIC_0026076,nv,mel,9.682335803518072e-05,1.468973459850531e-05,8.694062671565916e-06,7.784079207340255e-05,0.6681949496269226,0.3315812945365906,2.574907375674229e-05
ISIC_0028441,nv,nv,0.0011234462726861238,2.3762115233694203e-05,3.8487887650262564e-05,0.0059389942325651646,0.001682747039012611,0.9911255240440369,6.707300781272352e-05
ISIC_0030313,nv,nv,1.5043095800137962e-06,2.565208660598728e-06,5.155393864697544e-06,5.3098042371857446e-06,4.745731075672666e-06,0.999344527721405,0.0006361198029480875
ISIC_0025579,nv,nv,5.516249643733317e-07,5.550099899664929e-07,1.991048520721961e-06,1.2807452094421024e-06,0.0002866325667127967,0.9997072815895081,1.5553799812551006e-06
ISIC_0032459,nv,nv,1.811243009797181e-06,3.0957105536799645e-06,1.3437744200928137e-05,6.914149707881734e-06,1.0435954209242482e-05,0.999935507774353,2.8831334930146113e-05
ISIC_0025730,nv,nv,2.7402603564041783e-07,1.5115724636416417e-06,7.647662982890324e-07,6.181942353578052e-07,5.433680780697614e-05,0.9999388456344604,3.6284052384871757e-06
ISIC_0027066,nv,nv,0.000849924806971103,4.0744987927610055e-05,0.001913325977511704,0.00011972465290455148,0.06613708287477493,0.9308493733406067,8.981786231743172e-05
ISIC_0029465,nv,nv,0.00036902696592733264,1.699727181403432e-05,0.00013001453771721572,1.8440669009578414e-05,0.24962353706359863,0.7498010993003845,4.0918814192991704e-05
ISIC_0025967,nv,nv,0.0005260882317088544,7.340690444834763e-06,0.025416485965251923,0.0013965832768008113,0.0008561639115214348,0.9717572331428528,4.010586053482257e-05
ISIC_0027360,nv,nv,0.0001334468397544697,0.002056301338598132,0.00043467641808092594,1.2667652299569454e-05,0.02217799611389637,0.9751604199409485,2.4451212084386498e-05
ISIC_0029554,nv,nv,3.250803638366051e-05,0.01410524919629097,0.00019561135559342802,1.2245113794051576e-05,0.0002277810563100502,0.9854031801223755,2.3484479243052192e-05
ISIC_0024578,nv,nv,2.8053500500391237e-05,3.6009641917189583e-06,1.0808380466187373e-05,0.003081368515267968,2.8327964173513465e-05,0.9968430995941162,4.856322902924148e-06
ISIC_0025759,nv,nv,1.8120255845133215e-05,3.014906042153598e-06,0.00010828713129740208,2.7266891265753657e-05,2.519460213079583e-05,0.9998119473457336,6.176111128297634e-06
ISIC_0031366,nv,nv,1.7693701011012308e-05,2.4788305381662212e-06,0.00010679278784664348,3.686266427394003e-05,7.16712384019047e-05,0.9997585415840149,6.015100098011317e-06
ISIC_0028310,nv,bcc,2.7371654141461477e-05,0.9978420734405518,9.865925676422194e-06,6.061540261725895e-05,0.00012243574019521475,0.0017625729087740183,0.00017494459461886436
ISIC_0028281,nv,nv,8.235168024839368e-06,2.6049170628539287e-05,0.0006395973614417017,8.702999366505537e-06,1.7590402421774343e-05,0.9992899894714355,9.822012543736491e-06
ISIC_0030598,nv,nv,0.09374473243951797,0.006427834276109934,0.019577568396925926,0.0013033886207267642,0.02024439536035061,0.858490526676178,0.00021143541380297393
ISIC_0028205,nv,nv,0.0003093928098678589,1.3882217899663374e-05,2.704184407775756e-05,4.716374314739369e-05,0.009263744577765465,0.990332305431366,6.358507107506739e-06
ISIC_0025936,nv,nv,3.9567456155964464e-07,1.2755751299664553e-07,4.567330336158193e-07,1.2733443099932629e-06,2.1903597371419892e-05,0.999975323677063,4.944658371641708e-07
ISIC_0025179,nv,nv,0.00019609798619057983,6.982446211623028e-05,0.022208448499441147,5.283228529151529e-05,0.02308555133640766,0.9542563557624817,0.0001308681967202574
ISIC_0024441,nv,nv,2.5292713417002233e-06,4.191068967429601e-07,9.81865650828695e-06,9.502830948804331e-07,7.704318704782054e-06,0.9999778270721436,6.899118716319208e-07
ISIC_0030534,nv,nv,5.167771450942382e-05,6.167015726532554e-06,0.00010292426304658875,3.021121983692865e-06,0.0006258513312786818,0.9992054104804993,4.945497494190931e-06
ISIC_0031314,nv,nv,0.184800386428833,6.482489698100835e-05,0.09760736674070358,0.0009524918277747929,0.001022850046865642,0.7154192328453064,0.00013296044198796153
ISIC_0031121,nv,nv,0.0005052515189163387,6.35407559457235e-05,0.35022976994514465,0.0002195208362536505,0.005061652045696974,0.6436547040939331,0.00026560667902231216
ISIC_0031301,nv,bkl,0.0002492034691385925,0.0004196125373709947,0.9336740970611572,5.7836183259496465e-05,0.006355562247335911,0.05916425958275795,7.933061715448275e-05
ISIC_0024882,nv,nv,3.516464062158775e-07,2.0304818463046104e-05,1.6216088624787517e-05,4.1076907564274734e-07,6.519704129459569e-06,0.999954104423523,2.183933474952937e-06
ISIC_0026956,nv,nv,2.621704334160313e-05,0.00012028757919324562,1.1108926628367044e-05,2.667185071913991e-06,6.514263077406213e-05,0.999763548374176,1.1112275387858972e-05
ISIC_0031982,nv,nv,5.571251335823035e-07,2.5301651476183906e-05,6.125008439994417e-06,1.280154833693814e-06,0.0005519476253539324,0.9994065761566162,8.216084097512066e-06
ISIC_0029833,nv,nv,6.86415150994435e-05,4.5967550249770284e-05,0.029014261439442635,8.149664790835232e-05,9.066342317964882e-05,0.970613956451416,8.510026236763224e-05
ISIC_0028736,nv,nv,6.202499935170636e-05,1.7939082681550644e-05,0.00017859220679383725,1.717954182822723e-05,0.0013582881074398756,0.9983543157577515,1.1678840564854909e-05
ISIC_0024447,nv,nv,8.197794159059413e-07,1.5710573961769114e-06,9.354420762974769e-05,2.9070665732433554e-06,2.0654893887694925e-05,0.9998781681060791,2.385695552220568e-06
ISIC_0027498,nv,nv,2.0641448372771265e-06,1.581104334036354e-05,1.2740783859044313e-05,4.610452378983609e-06,0.0005171943339519203,0.999433696269989,1.3824716006638482e-05
ISIC_0024657,nv,nv,7.148258873712621e-07,4.531001138730062e-07,1.3239663303465932e-06,1.3124384850016213e-06,1.8044973330688663e-05,0.9999773502349854,8.256285468632996e-07
ISIC_0032279,nv,nv,4.1307401943413424e-07,1.1633988833636977e-05,1.226593553838029e-06,6.414898052753415e-07,1.2762396181642544e-05,0.9999706745147705,2.6030334083770867e-06
ISIC_0027922,nv,nv,0.00015241086657624692,8.656187128508464e-05,0.01726699061691761,5.2612947911256924e-05,7.778092549415305e-05,0.9822300672531128,0.0001337165740551427
ISIC_0027298,nv,nv,6.645408575423062e-05,2.600325387902558e-05,2.6049221560242586e-05,8.59573447087314e-06,0.007216371595859528,0.992651641368866,4.790003913512919e-06
ISIC_0032090,nv,nv,1.496832373959478e-05,0.0021247940603643656,5.223018888500519e-07,5.3493582527153194e-05,8.698057354195043e-05,0.9976339340209961,8.527600584784523e-05
ISIC_0026048,nv,nv,7.214287506940309e-06,9.891640502246446e-07,5.003127625968773e-06,3.991451649199007e-06,2.048711212410126e-05,0.9999607801437378,1.642261736378714e-06
ISIC_0026753,nv,nv,3.539909448591061e-05,2.4232106170529732e-06,0.00043300690595060587,3.7748700378870126e-06,0.00011170782090630382,0.9994115829467773,2.1464320525410585e-06
ISIC_0025505,nv,nv,7.099506910890341e-05,0.0007361379102803767,3.559278866305249e-06,1.0750695764727425e-05,0.004470431245863438,0.9946975708007812,1.0530628969718236e-05
ISIC_0025517,nv,mel,0.005772789474576712,0.00011986242316197604,5.3172501793596894e-05,0.0005668391822837293,0.9713692665100098,0.022064680233597755,5.333989975042641e-05
ISIC_0031238,nv,nv,0.005029815249145031,0.0008094958611764014,0.003074054606258869,0.0015515033155679703,0.002563944784924388,0.9847262501716614,0.0022448820527642965
ISIC_0026297,nv,nv,0.00284757767803967,0.0022709679324179888,0.0025100696366280317,0.00027115692500956357,0.3640790581703186,0.6270849108695984,0.0009362241835333407
ISIC_0030639,nv,nv,1.3088201740174554e-06,1.657706161495298e-05,4.2126157495658845e-06,3.094051862717606e-06,5.671509279636666e-05,0.9999154806137085,2.5737799660419114e-06
ISIC_0025165,nv,nv,2.5152874059131136e-06,1.1836895055239438e-06,1.4037933624422294e-06,3.7439519928739173e-06,6.35376272839494e-05,0.9999266862869263,9.134456604442676e-07
ISIC_0025237,nv,nv,0.00031457567820325494,0.00028346918406896293,0.00011389221617719159,9.827350004343316e-05,0.0009742019465193152,0.9980691075325012,0.00014646409545093775
ISIC_0029390,nv,nv,0.00010786901111714542,4.7283396270358935e-05,2.935269549197983e-06,2.9519913368858397e-05,0.0007347667124122381,0.9990401864051819,3.7340334529289976e-05
ISIC_0030663,nv,nv,0.0005478918901644647,0.00011883861589012668,0.015689682215452194,0.00021371110051404685,0.02997221238911152,0.9532955288887024,0.000161999007104896
ISIC_0025422,nv,nv,8.848951983964071e-05,2.5774714231374674e-05,4.56134403066244e-05,1.8412614736007527e-05,0.012748494744300842,0.9870636463165283,9.626872270018794e-06
ISIC_0026665,nv,nv,8.400606930081267e-06,1.3440994734992273e-06,1.0629082680679858e-06,6.422230399039108e-06,2.1054891476524062e-05,0.9999605417251587,1.206077740789624e-06
ISIC_0027984,nv,nv,7.5070465754834e-06,2.2072603314882144e-05,8.617596904514357e-06,8.932144555728883e-05,0.002653410192579031,0.9972009658813477,1.8160601030103862e-05
ISIC_0026124,nv,nv,0.00020219616999384016,0.020233336836099625,0.0005023587727919221,0.0011233581462875009,0.0007095824694260955,0.9770633578300476,0.00016574565961491317
ISIC_0026711,nv,nv,1.1508238458191045e-05,1.1341299796185922e-05,0.00029465093393810093,5.978303761366988e-06,0.0016132448799908161,0.9980579018592834,5.420886736828834e-06
ISIC_0030176,nv,nv,3.919391929230187e-06,2.512562105039251e-06,4.239386908011511e-05,4.146836727159098e-05,0.00013413782289717346,0.9997696280479431,5.90137187828077e-06
ISIC_0026580,nv,nv,2.156567916244967e-06,2.7056696580984863e-06,1.1319998520775698e-06,1.5690100099163828e-06,1.5451994840987027e-05,0.9999759197235107,1.0212235110884649e-06
ISIC_0025346,nv,nv,2.806546945066657e-06,2.638836122059729e-06,4.9395530368201435e-06,1.5765824628033442e-06,0.0013962013181298971,0.9985907673835754,1.0880487479880685e-06
ISIC_0025540,nv,mel,3.672630919027142e-05,1.2757755030179396e-05,1.709188290988095e-05,0.000153173619764857,0.6669705510139465,0.3327482342720032,6.148887041490525e-05
ISIC_0032333,nv,nv,8.228731894632801e-05,5.4541411373065785e-05,8.119363337755203e-05,0.00016067345859482884,0.4033665955066681,0.5961366295814514,0.00011810148134827614
ISIC_0028596,nv,nv,2.947954817500431e-05,1.564761987538077e-05,0.19132384657859802,0.00012790612527169287,0.00017574167577549815,0.8083019256591797,2.5535497115924954e-05
ISIC_0024902,nv,nv,5.552901143346389e-07,1.1925352509933873e-06,1.3662494893651456e-05,2.1963721792417346e-06,8.975108357844874e-06,0.9999724626541138,9.678791457190528e-07
ISIC_0026676,nv,nv,1.7917613149620593e-05,3.945453863707371e-05,0.00019564494141377509,1.9221932234358974e-05,0.006309954449534416,0.9933979511260986,1.989643533306662e-05
ISIC_0032328,nv,mel,2.9196316972956993e-05,4.5446162403095514e-05,7.601289689773694e-05,0.00031583922100253403,0.5798385739326477,0.4195510447025299,0.00014393300807569176
ISIC_0025193,nv,nv,1.6414807078035665e-06,1.4369337577591068e-06,3.257644266341231e-06,0.00013355213741306216,0.00013183242117520422,0.9997158646583557,1.2345352843112778e-05
ISIC_0026218,nv,nv,3.35697150148917e-05,3.2919022032729117e-06,6.041333472239785e-05,2.0002140445285477e-05,0.00014677311992272735,0.9997276663780212,8.243388037953991e-06
ISIC_0030155,nv,nv,3.035203690160415e-06,1.249962338079058e-06,2.2088244804763235e-05,6.324689366010716e-06,1.0871680387936067e-05,0.9999548196792603,1.689791588432854e-06
ISIC_0028531,nv,nv,1.154476308329322e-06,2.1969445640479535e-07,3.55043289346213e-06,2.7890239380212734e-06,4.699515102402074e-06,0.9999865293502808,1.1399735058148508e-06
ISIC_0025446,nv,nv,0.0008258490706793964,0.0002041003026533872,0.3949459493160248,0.0008106534369289875,0.0006816319073550403,0.6023308634757996,0.00020101890549995005
ISIC_0025647,nv,mel,0.00014600231952499598,5.653093830915168e-05,0.00026739732129499316,0.0037167235277593136,0.7078320384025574,0.28762224316596985,0.000359142548404634
ISIC_0026371,nv,nv,5.018242882215418e-05,0.0001856589806266129,0.003002400975674391,0.00011670903768390417,0.00012522542965598404,0.9964448809623718,7.486585673177615e-05
ISIC_0030019,nv,nv,6.992406724748434e-07,7.674867674722918e-07,2.089454085307807e-07,6.260017016757047e-06,0.0005767823313362896,0.999413013458252,2.2526066913997056e-06
ISIC_0028042,nv,nv,4.972289957549947e-07,9.064427217708726e-07,3.2494182960363105e-05,2.3850811885495204e-06,3.848859705612995e-05,0.9999220371246338,3.197157184331445e-06
ISIC_0030229,nv,nv,4.13967256918113e-07,1.39025200951437e-06,5.534000592888333e-06,2.3799691462045303e-06,8.426023669017013e-06,0.9999746084213257,7.193206783995265e-06
ISIC_0027133,nv,nv,1.5119825320653035e-06,1.4648268233941053e-06,1.4706228057548287e-06,4.4739965233020484e-05,0.0005763221415691078,0.9993510842323303,2.336318175366614e-05
ISIC_0028756,nv,nv,9.179461244457343e-07,1.7436642565371585e-06,1.335203819508024e-06,1.0144853149540722e-05,6.826066965004429e-05,0.9997259974479675,0.00019151848391629755
ISIC_0024818,nv,nv,4.398140390549088e-06,1.910684659378603e-06,2.4128107725118753e-06,2.4124083211063407e-06,0.0009315385832451284,0.9990562796592712,1.0492568662812118e-06
ISIC_0025271,nv,nv,3.069375452469103e-06,1.7089562334149377e-06,8.776837603363674e-06,4.475217792787589e-06,4.144988997722976e-05,0.99993896484375,1.5948512555041816e-06
ISIC_0032042,nv,nv,2.0687084543169476e-05,2.539955676184036e-05,0.0005521292914636433,4.032782089780085e-05,8.039771637413651e-05,0.9992671608924866,1.3903958461014554e-05
ISIC_0030589,nv,nv,0.00016767795023042709,0.000327377492794767,4.559243825497106e-05,0.002532901242375374,0.0003799809783231467,0.9732474088668823,0.023298952728509903
ISIC_0027140,nv,nv,2.1885232115437248e-07,1.4690101579617476e-06,1.5519219687121222e-07,1.0262925798087963e-06,1.9555705875973217e-05,0.9999759197235107,1.6278053180940333e-06
ISIC_0030404,nv,nv,0.00016795429110061377,1.5775578503962606e-05,0.000346651446307078,7.998636283446103e-05,0.0001287586783291772,0.9992244243621826,3.659926733234897e-05
ISIC_0027311,nv,nv,1.3063778169453144e-05,4.192996129859239e-06,1.5619958503521048e-05,7.992432074388489e-06,0.00022619821538683027,0.9997246861457825,8.29395776236197e-06
ISIC_0031896,nv,nv,1.8388545868219808e-06,4.153236204729183e-06,0.00016805896302685142,6.72916348776198e-06,0.0017009456641972065,0.9981018900871277,1.6354932085960172e-05
ISIC_0032388,nv,nv,1.7593732991372235e-05,5.020395747123985e-06,7.759891013847664e-05,2.984822276630439e-05,0.0013728297781199217,0.9984883069992065,8.71568681759527e-06
ISIC_0030299,nv,nv,3.2443711006635567e-07,1.446341116206895e-06,6.190706471898011e-07,2.4090368242468685e-06,0.0014274207642301917,0.998566210269928,1.6695441900083097e-06
ISIC_0028866,nv,nv,1.3855273550689162e-07,1.3893684069898882e-07,2.612260630030505e-07,5.753869913860399e-07,6.273385679378407e-06,0.9999916553497314,9.134762422036147e-07
ISIC_0025253,nv,nv,7.387491791632783e-07,9.459349712415133e-07,3.197143314537243e-06,2.8931644919794053e-06,0.00015651034482289106,0.9998338222503662,1.9009206653208821e-06
ISIC_0026190,nv,nv,1.0283464689564425e-05,0.0022354626562446356,0.00015414663357660174,0.0001970225275726989,0.002671594964340329,0.9945899248123169,0.00014157191617414355
ISIC_0030358,nv,nv,6.898700576130068e-06,0.00010771345114335418,0.015574457123875618,1.4922254194971174e-05,0.0001956211490323767,0.9840719103813171,2.8458947781473398e-05
ISIC_0030086,nv,nv,8.242300282290671e-07,6.202319582371274e-07,3.6039155020262115e-06,1.2559816241264343e-05,0.00010344166366849095,0.9998745918273926,4.404648734634975e-06
ISIC_0034265,nv,nv,9.281035090680234e-06,6.3923298512236215e-06,0.0012619210174307227,0.00012256721674930304,0.004926314577460289,0.9936641454696655,9.302940270572435e-06
ISIC_0033765,nv,nv,2.788197832614969e-07,1.0464939492749181e-07,5.58799285954592e-07,1.2086017022738815e-06,5.3827170631848276e-05,0.9999434947967529,4.81973359001131e-07
ISIC_0032939,nv,nv,2.43455110648938e-06,4.041743011384824e-07,3.0483533919323236e-06,2.0850784494541585e-06,0.000362134916940704,0.9996297359466553,2.488932011601719e-07
ISIC_0033682,nv,nv,5.500701263372321e-06,1.3304717185746995e-06,4.834887022298062e-06,4.469395207706839e-06,0.024118274450302124,0.9758627414703369,2.883301021938678e-06
ISIC_0032979,nv,nv,7.707674853918434e-07,2.7625210350379348e-06,4.7089547479117755e-06,1.3528203908208525e-06,1.842788333306089e-05,0.9999685287475586,3.4934225823235465e-06
ISIC_0033474,nv,nv,5.373363364924444e-06,9.577977834851481e-06,1.2495696864789352e-05,2.4642273274366744e-05,0.003679841523990035,0.9962472319602966,2.0858249627053738e-05
ISIC_0034043,nv,nv,2.0800896436412586e-06,2.957394826808013e-07,0.0007689250633120537,1.9309398339828476e-05,1.830370820243843e-06,0.9992057681083679,1.8717888679020689e-06
ISIC_0033589,nv,nv,1.5548050214420073e-05,5.657700967276469e-06,1.5382951460196637e-05,3.591374843381345e-05,0.485872745513916,0.5140503644943237,4.380918198876316e-06
ISIC_0032880,nv,nv,1.9187696125300135e-06,2.3516497549280757e-06,1.1142210496473126e-06,9.132442755799275e-06,0.0007743629976175725,0.9991958737373352,1.5226814866764471e-05
ISIC_0032721,nv,nv,1.553640117890609e-06,7.51514903640782e-07,2.0804995983780827e-06,2.4202281565521844e-06,3.280199598520994e-05,0.9999585151672363,1.9247406726208283e-06
ISIC_0032616,nv,nv,3.1998988561099395e-06,2.7139069516124437e-06,1.754805111886526e-06,4.2807378122233786e-06,9.178838809020817e-06,0.9999715089797974,7.348732196987839e-06
ISIC_0033355,nv,nv,1.0120676279257168e-06,2.5011400794028305e-05,1.465449713577982e-06,4.642803560273023e-06,0.00039644952630624175,0.999566376209259,5.000567853130633e-06
ISIC_0034219,nv,nv,2.6207895643892698e-05,7.242590527312132e-07,0.0010403329506516457,5.163018158782506e-06,1.6370260709663853e-05,0.9989097118377686,1.5176901797531173e-06
ISIC_0033118,nv,nv,3.23250219480542e-06,4.849266133533092e-06,0.0005216404679231346,8.16175543150166e-06,2.5953519070753828e-05,0.9994334578514099,2.645262384248781e-06
ISIC_0033542,nv,nv,9.8890131994267e-07,7.243814934554393e-07,2.4999789616231283e-07,6.032366400177125e-06,1.2517151844804175e-05,0.9999755620956421,3.938065219699638e-06
ISIC_0032575,nv,nv,2.888054098093562e-07,6.977267617003236e-07,1.769607661117334e-05,5.486039071911364e-07,4.517166598816402e-05,0.9999347925186157,7.888038453529589e-07
ISIC_0033842,nv,nv,1.2797340787074063e-06,1.3070233535472653e-06,3.0777405299886595e-06,8.143088962242473e-06,3.332110645715147e-05,0.9999293088912964,2.3571372366859578e-05
ISIC_0032923,nv,nv,8.195935947696853e-07,8.706176686246181e-07,3.89500064557069e-06,6.124955689301714e-06,6.865312570880633e-06,0.9999661445617676,1.5335854186560027e-05
ISIC_0033577,nv,nv,6.261028602239094e-07,2.182284504215204e-07,4.212312489926262e-07,1.9590230294852518e-05,1.1256141078774817e-05,0.9999631643295288,4.729551619675476e-06
ISIC_0033898,nv,nv,8.668340001349861e-07,3.394269469936262e-07,5.88532316214696e-07,2.196637069573626e-06,4.81223723909352e-05,0.9999470710754395,8.10361825642758e-07
ISIC_0033173,nv,nv,8.293359314848203e-07,2.650529609127261e-07,1.4178823448673938e-07,5.561712896451354e-06,2.4672842755535385e-06,0.9999896287918091,1.0615129895086284e-06
ISIC_0032655,bkl,bkl,4.046503931931511e-07,4.083638884821994e-07,0.9999734163284302,4.4275265054238844e-07,2.3574152692162897e-06,2.2440202883444726e-05,5.682877031176758e-07
ISIC_0034114,nv,nv,1.2942039973040664e-07,3.534253210091265e-07,2.4245827034974354e-07,1.0788329518618411e-06,1.6861685026015039e-06,0.999995231628418,1.281760546589794e-06
ISIC_0033039,nv,nv,2.495024205018126e-07,6.779064420925351e-08,1.7121535620390205e-06,7.318269581446657e-07,2.682231979633798e-06,0.9999942779541016,2.234653067034742e-07
ISIC_0034228,nv,nv,6.134977184046875e-07,1.962300615332424e-07,8.223297527365503e-07,6.615600796067156e-07,2.846050847438164e-05,0.9999687671661377,3.670597834570799e-07
ISIC_0032759,nv,nv,2.4328230097125925e-07,3.1957574719854165e-07,5.630076671536699e-08,2.5847339202300645e-06,1.4393258425116073e-05,0.9999815225601196,7.547261589024856e-07
ISIC_0033647,nv,nv,1.396247455431876e-07,5.700485417037271e-07,2.1340952116588596e-07,1.3479191238729982e-06,1.7667045540292747e-05,0.9999791383743286,9.001403782349371e-07
ISIC_0032956,nv,nv,3.1930467230267823e-06,3.4901233902928652e-06,5.786093879578402e-07,1.2190582310722675e-05,0.005100085400044918,0.9948750138282776,5.4855740927450825e-06
ISIC_0034082,nv,nv,1.9658520500343002e-07,4.0971482917484536e-07,2.5085449806283577e-07,1.3540624195229611e-06,3.028562423423864e-05,0.9999668598175049,7.402933306366322e-07
ISIC_0034312,nv,nv,1.0938916972236257e-07,3.074831340654782e-07,2.110162853341535e-07,1.0673412589312647e-06,7.370269031525822e-06,0.9999854564666748,5.446855084301205e-06
ISIC_0032578,nv,nv,1.0242902135360055e-06,4.9603645493334625e-06,6.214222025846539e-07,4.713810994871892e-06,2.106441570504103e-05,0.9999531507492065,1.4397777704289183e-05
ISIC_0034266,nv,nv,1.397636765432253e-06,5.788015187135898e-07,1.2897255885491177e-07,0.00010249678598484024,6.095714070397662e-06,0.9998801946640015,9.117744411923923e-06
ISIC_0034080,nv,nv,9.896316623780876e-05,3.2372168789152056e-05,5.192162461753469e-06,0.0005887344013899565,0.000763648422434926,0.9984214305877686,8.969887858256698e-05
ISIC_0034154,nv,nv,1.4773476095797378e-06,1.7577951894054422e-06,5.00524095059518e-07,9.99800340650836e-06,0.00018684279348235577,0.9997656941413879,3.370113336131908e-05
ISIC_0033028,nv,mel,1.7680222299532034e-05,7.342053777392721e-06,6.749154272256419e-05,2.544078233768232e-05,0.5806329250335693,0.4192240834236145,2.513743493182119e-05
ISIC_0032814,nv,nv,3.1525826216238784e-07,1.0076316669938024e-07,4.1672552697491483e-07,8.887794820111594e-07,9.66384141065646e-06,0.999988317489624,3.5833824085784727e-07
ISIC_0033190,nv,nv,2.3412684413415263e-07,8.416139962719171e-08,1.3103532410241314e-06,7.725939781266788e-07,1.0179758191952715e-06,0.9999960660934448,5.530560542865715e-07
ISIC_0033535,nv,nv,2.665652800715179e-06,1.5605630778736668e-06,2.943324034276884e-06,2.731147787926602e-06,4.846216324949637e-05,0.9999403953552246,1.2101689890187117e-06
ISIC_0033330,nv,nv,4.157143109750905e-07,2.820049985530204e-06,7.758126798762532e-07,9.995166010412504e-07,1.83557112904964e-05,0.9999754428863525,1.2115416438973625e-06
ISIC_0024725,nv,nv,1.618288138161006e-06,5.041945314587792e-06,1.0281654795107897e-05,9.021994628710672e-05,0.005569910630583763,0.9943000078201294,2.2843591068522073e-05
ISIC_0031259,nv,nv,1.2509000953286886e-05,1.8966982679557987e-05,0.0008048320887610316,0.0008339672349393368,0.2202383577823639,0.7778488397598267,0.00024249021953437477
ISIC_0027138,nv,nv,0.004460275638848543,0.006605241447687149,0.00330553250387311,0.007342398166656494,0.0636892020702362,0.9084292054176331,0.006168142892420292
ISIC_0028014,nv,nv,2.1856769308215007e-05,9.721899550640956e-05,0.0195609163492918,2.7152487746207044e-05,1.3255206795292906e-05,0.9801813960075378,9.824198059504852e-05
ISIC_0031105,nv,nv,1.0197203437201097e-06,2.139855723726214e-06,3.056561354242149e-06,2.6859827357839094e-06,2.2100499336374924e-05,0.9999678134918213,1.1087405482612667e-06
ISIC_0029030,nv,nv,8.907786104828119e-05,2.4088521968224086e-05,4.3328996980562806e-05,0.0014169584028422832,0.012380288913846016,0.9860097169876099,3.6457349779084325e-05
ISIC_0031454,nv,nv,4.375444859761046e-06,0.0001419740729033947,0.000737598049454391,1.203630290547153e-05,2.989520908158738e-05,0.9990344047546387,3.9812879549572244e-05
ISIC_0028618,nv,nv,3.512334296829067e-05,4.876016828347929e-05,0.00012605545634869486,2.0563391444738954e-05,0.04291173815727234,0.9568454027175903,1.2508776308095548e-05
ISIC_0031488,nv,nv,0.0008807250414974988,6.538204615935683e-05,0.0006161817000247538,0.0004238593392074108,0.008093070238828659,0.9898877739906311,3.3014370274031535e-05
ISIC_0027345,nv,nv,3.0107623842923203e-06,5.230241640674649e-06,1.9424904166953638e-05,9.63680463428318e-07,4.848435855819844e-05,0.999921441078186,1.407311287948687e-06
ISIC_0029143,nv,nv,0.00018699874635785818,0.00020117942767683417,0.0003095441497862339,0.019726062193512917,0.018952257931232452,0.9601648449897766,0.00045912127825431526
ISIC_0030693,nv,bkl,9.860536374617368e-05,5.929779581492767e-05,0.9912922978401184,0.00016364076873287559,0.0005214622360654175,0.007838106714189053,2.6545045329839922e-05
ISIC_0031040,akiec,akiec,0.7248855829238892,0.27247342467308044,0.00014943964197300375,0.001263356301933527,0.000857776787597686,4.235104643157683e-05,0.00032804798684082925
ISIC_0027795,akiec,akiec,0.9995810389518738,3.1607069104211405e-05,0.00021507612837012857,0.0001348543300991878,2.387896165600978e-05,6.9597194851667155e-06,6.692541774100391e-06
ISIC_0024913,akiec,bcc,0.0025631897151470184,0.985650360584259,0.0005597076378762722,0.010095416568219662,0.0006198182818479836,5.517908721230924e-05,0.0004563741968013346
ISIC_0026872,akiec,akiec,0.9681641459465027,6.811235653003678e-05,0.0016259554540738463,0.02916730009019375,0.0009331170003861189,1.9993947717011906e-05,2.139103162335232e-05
ISIC_0031119,akiec,akiec,0.9665417075157166,0.025017211213707924,0.0006874909158796072,0.000480696267914027,0.004705126862972975,0.0024452453944832087,0.00012254860484972596
ISIC_0024562,akiec,mel,0.2582003176212311,0.0029159490950405598,0.022190680727362633,0.003150896867737174,0.6145570874214172,0.09881500154733658,0.0001700455613899976
ISIC_0025696,akiec,akiec,0.999495267868042,1.0798820767377038e-05,0.0002444755518808961,1.0185793144046329e-05,0.0002320626808796078,2.1929890863248147e-06,4.888832791039022e-06
ISIC_0030794,akiec,akiec,0.9918842315673828,0.0004070773138664663,0.0008800291107036173,0.006782226264476776,1.3348651918931864e-05,1.6654561477480456e-05,1.638327375985682e-05
ISIC_0027678,akiec,akiec,0.99973064661026,8.524697477696463e-06,5.361083822208457e-06,5.290751141728833e-05,0.00019967369735240936,1.4034350215297309e-06,1.5886888604654814e-06
ISIC_0028132,akiec,akiec,0.9965271353721619,0.003274806309491396,6.039010258973576e-05,5.229029920883477e-05,4.549689401756041e-05,1.2228670129843522e-05,2.7596548534347676e-05
ISIC_0030991,akiec,akiec,0.8559220433235168,0.00036690826527774334,0.14157910645008087,0.00011948038445552811,0.0013855077559128404,0.0006056100246496499,2.1313508113962598e-05
ISIC_0029582,akiec,akiec,0.8679981231689453,0.11515433341264725,0.01337815448641777,0.0014572347281500697,0.0002736673050094396,0.0015047137858346105,0.00023374988813884556
ISIC_0031852,akiec,nv,0.0002313111035618931,9.500559826847166e-05,0.013354452326893806,2.531563768570777e-05,0.008280271664261818,0.9779843688011169,2.930621849372983e-05
ISIC_0031609,akiec,akiec,0.9187251925468445,0.0002234369021607563,0.079071044921875,0.0001619044633116573,0.0003845036553684622,0.0013360826997086406,9.772897465154529e-05
ISIC_0026645,akiec,akiec,0.48449575901031494,0.4491262435913086,0.05021212622523308,0.0018245598766952753,0.01255085039883852,0.0002886303118430078,0.0015018685953691602
ISIC_0024710,akiec,bcc,0.05777943506836891,0.9413753747940063,2.036938712990377e-05,0.00015414903464261442,0.00026661576703190804,7.521831321355421e-06,0.000396480638301
ISIC_0030375,akiec,akiec,0.9671388864517212,0.027521265670657158,0.004718439187854528,6.56044139759615e-05,0.0005015295464545488,7.0355440584535245e-06,4.728775456896983e-05
ISIC_0031335,akiec,akiec,0.9994334578514099,0.000321405561408028,3.0279546990641393e-05,5.567413245444186e-05,0.00013352792302612215,3.5477214623824693e-06,2.205351847806014e-05
ISIC_0027178,akiec,akiec,0.9968997240066528,2.4623888748465106e-05,0.0008646185742691159,6.223754462553188e-05,0.0020577749237418175,7.452340651070699e-05,1.640755363041535e-05
ISIC_0028190,akiec,akiec,0.7874698638916016,0.21200577914714813,0.00010404866770841181,6.956133438507095e-05,0.00018274645844940096,5.247375520411879e-05,0.00011548835755093023
ISIC_0029059,akiec,bcc,1.021629122988088e-05,0.9999605417251587,1.2518729818111751e-05,2.357749281145516e-06,6.097174718888709e-06,2.5349775114591466e-06,5.704374416382052e-06
ISIC_0032277,akiec,akiec,0.5557155013084412,8.93558535608463e-05,0.001581205171532929,6.392184150172397e-05,0.4415201246738434,0.0009930413216352463,3.6876452213618904e-05
ISIC_0025953,akiec,akiec,0.9997403025627136,6.958518952160375e-06,8.371818694286048e-05,5.70873908145586e-06,0.0001583435951033607,3.1064705581229646e-06,1.7981890323426342e-06
ISIC_0033494,akiec,akiec,0.9985190033912659,0.0013459721812978387,5.387570854509249e-05,6.182544166222215e-05,9.433751074539032e-06,1.9355868516868213e-06,8.053985766309779e-06
ISIC_0031381,akiec,akiec,0.9969026446342468,0.0004737814306281507,0.0016987691633403301,0.00020753845456056297,0.0006685073021799326,5.196743586566299e-06,4.359058948466554e-05
ISIC_0029279,akiec,akiec,0.9999276399612427,2.283701360283885e-05,5.65317714062985e-06,3.385372110642493e-05,7.367383659584448e-06,6.673026859971287e-07,1.976268322323449e-06
ISIC_0031431,akiec,akiec,0.9902403354644775,2.1876225218875334e-05,0.009490485303103924,5.0226117309648544e-05,0.00016676307132001966,1.3696084351977333e-05,1.6552487068111077e-05
ISIC_0028224,akiec,akiec,0.9992747902870178,0.0006409333436749876,6.368410595314344e-06,7.173712947405875e-05,3.252715487178648e-06,4.1636303649283946e-07,2.5775134417926893e-06
ISIC_0026319,akiec,akiec,0.9988910555839539,3.503258267301135e-05,0.0006587442476302385,0.00026926700957119465,0.00011081332195317373,1.1857004210469313e-05,2.3254107873071916e-05
ISIC_0032014,akiec,akiec,0.9700947403907776,0.029628794640302658,0.00021452305372804403,3.072538675041869e-05,2.372255221416708e-05,1.8191458366345614e-06,5.7199049479095265e-06
ISIC_0024923,akiec,bcc,0.06547416746616364,0.9343121647834778,0.00015231083671096712,2.4123057301039807e-05,1.5904364772723056e-05,7.611410183017142e-06,1.364604577247519e-05
ISIC_0026626,akiec,akiec,0.7689352631568909,8.625580812804401e-05,0.22910694777965546,4.1435472667217255e-05,0.0017053910996764898,8.662578329676762e-05,3.8006903196219355e-05
ISIC_0028335,akiec,bcc,0.018566694110631943,0.9482958316802979,0.016287770122289658,0.0007614021305926144,0.015545029193162918,0.00042611840763129294,0.00011719306348823011
ISIC_0026981,akiec,akiec,0.9994590878486633,9.909598156809807e-05,5.072772182757035e-06,0.0004283841699361801,1.0572661039986997e-06,2.5966178327507805e-06,4.720661763712997e-06
ISIC_0031823,akiec,akiec,0.9860973358154297,0.013614177703857422,4.977762728231028e-05,0.000178883143234998,4.312436794862151e-05,1.52040149714594e-06,1.5086870007507969e-05
ISIC_0032404,akiec,akiec,0.9957863688468933,1.4827530321781524e-05,0.0037028323858976364,2.629314622026868e-05,0.0004615911457221955,2.8844190183008322e-06,5.226206667430233e-06
ISIC_0024800,akiec,nv,0.022800387814641,0.0015079695731401443,0.019579505547881126,0.00016268777835648507,0.005197548307478428,0.9504103660583496,0.00034151592990383506
ISIC_0027767,akiec,bcc,0.002420061035081744,0.6567178964614868,0.338919997215271,0.00016057665925472975,0.0004395354771986604,0.0012006951728835702,0.00014129854389466345
ISIC_0026984,akiec,akiec,0.9887413382530212,1.8703065506997518e-05,0.009182297624647617,4.280835128156468e-05,0.001964653143659234,3.3476113458164036e-05,1.6740794308134355e-05
ISIC_0031506,akiec,bcc,0.14193032681941986,0.6576056480407715,0.06112061068415642,0.019113218411803246,0.011049873195588589,0.10288351029157639,0.006296797189861536
ISIC_0026765,akiec,bcc,0.0020925335120409727,0.9978460073471069,7.425335297739366e-06,1.700188295217231e-05,1.0775605005619582e-05,1.272778263228247e-06,2.4956285415100865e-05
ISIC_0024511,akiec,akiec,0.9764392375946045,0.00039714857120998204,0.0007001443882472813,0.002768190111964941,0.01261186320334673,0.007002234924584627,8.116934623103589e-05
ISIC_0027884,akiec,akiec,0.9998006224632263,0.00014437935897149146,3.0361556127900258e-05,4.4271682781982236e-06,1.573216650285758e-05,1.9503306702972623e-06,2.565931481512962e-06
ISIC_0031108,akiec,akiec,0.9825000762939453,0.00033951373188756406,0.017051121219992638,4.0084811189444736e-05,2.320255953236483e-05,1.9378738215891644e-05,2.6717601940617897e-05
ISIC_0027334,akiec,df,0.019728364422917366,0.3063856363296509,0.0018220365745946765,0.6704567670822144,0.0003491599054541439,0.0008226410136558115,0.0004353524127509445
ISIC_0033358,akiec,akiec,0.9985499978065491,6.665629371127579e-06,0.000763232703320682,3.861832374241203e-05,0.0006357061793096364,1.7377325320921955e-06,4.0387044464296196e-06
ISIC_0029141,akiec,bkl,0.16863231360912323,0.00036447285674512386,0.8253549337387085,0.000290237192530185,0.0052498457953333855,1.9112352674710564e-05,8.911609620554373e-05
ISIC_0028619,akiec,akiec,0.6646233797073364,0.0003399703709874302,0.3339349329471588,0.0009819981642067432,6.818472320446745e-05,1.9363493265700527e-05,3.2076619390863925e-05
ISIC_0033536,akiec,akiec,0.999147891998291,0.0005940600531175733,0.00014672563702333719,8.33904996397905e-05,1.8317814465262927e-05,5.248121851764154e-06,4.296176484785974e-06
