image_id,true_class,predicted_class,p_akiec,p_bcc,p_bkl,p_df,p_mel,p_nv,p_vasc
ISIC_0027419,bkl,bkl,0.0014133278746157885,6.564381328644231e-05,0.998456597328186,2.0572291759890504e-05,2.0479954400798306e-05,6.391105216607684e-06,1.7045156710082665e-05
ISIC_0031633,bkl,bkl,0.0015944319311529398,0.029097499325871468,0.967871367931366,2.4567139917053282e-05,0.0013263497967272997,3.529731839080341e-05,5.0449612899683416e-05
ISIC_0027828,bkl,bkl,1.234619048773311e-05,7.688470941502601e-05,0.9421640038490295,4.995824383513536e-06,2.374850373598747e-05,0.05769813805818558,1.9829734810627997e-05
ISIC_0029559,bkl,bkl,0.001252535730600357,0.00010597539221635088,0.8412448763847351,0.0004968305001966655,0.12120582163333893,0.0353592112660408,0.00033477821853011847
ISIC_0025642,bkl,nv,1.0730698704719543e-05,9.774061027201242e-07,3.431126242503524e-05,1.5936449926812202e-05,0.0013143504038453102,0.9986171722412109,6.5740114223444834e-06
ISIC_0031691,bkl,nv,0.001368692028336227,0.010265303775668144,0.10849044471979141,0.006086810026317835,0.0012321636313572526,0.86913001537323,0.003426613984629512
ISIC_0025419,bkl,bkl,0.004503693897277117,0.00016457456513307989,0.9936590790748596,0.00011834285396616906,0.0014037804212421179,0.00012582680210471153,2.4682429284439422e-05
ISIC_0029301,bkl,nv,0.00047562093823216856,0.0009512831456959248,0.003060907358303666,0.08647278696298599,0.015989013016223907,0.5583691000938416,0.33468127250671387
ISIC_0030377,bkl,bkl,4.680236088461243e-06,0.00010330255463486537,0.9998144507408142,4.314884790801443e-06,3.3526714105391875e-05,3.1068830139702186e-05,8.566536962462123e-06
ISIC_0027960,bkl,bkl,0.0005817331257276237,8.423786312050652e-06,0.9992220401763916,4.9015394324669614e-05,0.00011239451123401523,6.472281711467076e-06,1.9864253772539087e-05
ISIC_0031495,bkl,bkl,1.4232312423700932e-05,2.8511326490843203e-06,0.9998286962509155,3.487590220174752e-05,1.7276419384870678e-05,9.623468213248998e-05,5.819955731567461e-06
ISIC_0025099,bkl,bkl,7.31913814888685e-06,0.0005793825839646161,0.9815695285797119,9.954463166650385e-06,0.00017458295042160898,0.017600174993276596,5.896033326280303e-05
ISIC_0029413,bkl,bkl,2.127978586941026e-05,0.00022691251069772989,0.9912450909614563,5.52528854314005e-06,0.005900485906749964,0.0025891782715916634,1.1573514711926691e-05
ISIC_0025140,bkl,nv,5.5037899073795415e-06,2.954938099719584e-05,0.041630376130342484,2.7809075618279167e-05,0.0018047213088721037,0.9564564228057861,4.5596894779009745e-05
ISIC_0029912,bkl,nv,5.87970316701103e-06,7.728944183327258e-06,0.0031198994256556034,1.1236928912694566e-05,0.001195207703858614,0.9955108165740967,0.00014917315274942666
ISIC_0033539,bkl,bkl,0.00015237195475492626,0.000584042863920331,0.9303063750267029,0.06417037546634674,0.004039927385747433,0.0002982185687869787,0.0004487429978325963
ISIC_0030005,bkl,mel,0.20682093501091003,0.03783170506358147,0.0400099977850914,0.010406584478914738,0.7046230435371399,3.0007509849383496e-05,0.00027771395980380476
ISIC_0024832,bkl,bkl,0.0019623865373432636,0.136879563331604,0.48170751333236694,0.002240288769826293,0.002298564650118351,0.3714113235473633,0.003500321414321661
ISIC_0029837,bkl,nv,9.147270247922279e-06,4.79658592666965e-05,0.0015577099984511733,4.991219248040579e-05,2.5593064492568374e-05,0.998293936252594,1.5757115761516616e-05
ISIC_0025510,bkl,bkl,2.361486440349836e-05,1.5347342923632823e-05,0.9713780283927917,2.559160566306673e-05,0.00013742131704930216,0.02839231863617897,2.764624878182076e-05
ISIC_0029060,bkl,nv,8.088436516118236e-06,1.6630243635518127e-06,0.003114852821454406,4.405141680763336e-06,3.426293915254064e-06,0.9968641400337219,3.377919028935139e-06
ISIC_0026153,bkl,bkl,6.849953024357092e-06,9.113749001699034e-06,0.9994392991065979,6.600164965675503e-07,0.00013550838048104197,0.0004065395041834563,2.0004981706733815e-06
ISIC_0025063,bkl,bkl,0.04282611608505249,0.0004386155342217535,0.9367148876190186,0.0008116597309708595,0.018991392105817795,0.00011518075916683301,0.00010219797695754096
ISIC_0032306,bkl,bkl,1.6862055417732336e-05,5.191310719965259e-06,0.9999688863754272,2.673577910172753e-06,1.9450767467787955e-06,2.204527390858857e-06,2.3176096419774694e-06
ISIC_0032304,bkl,bkl,3.356304296175949e-05,8.307360985781997e-05,0.9998377561569214,3.3344642815791303e-06,2.6763231289805844e-05,1.2749679626722354e-05,2.7203350327908993e-06
ISIC_0032382,bkl,bkl,6.529613528982736e-06,3.6356239434098825e-05,0.9996781349182129,2.5087622361752437e-06,0.00016460241749882698,9.834119555307552e-05,1.356587563350331e-05
ISIC_0029674,bkl,bkl,1.6763613075454487e-06,3.0081612294452498e-06,0.9999622106552124,3.4997462989849737e-06,1.9795746993622743e-05,7.280490081029711e-06,2.5326571631012484e-06
ISIC_0028607,bkl,bkl,9.384801523992792e-05,3.794928124989383e-05,0.9140846729278564,6.513619155157357e-05,0.05181337893009186,0.03387950733304024,2.547913209127728e-05
ISIC_0028646,bkl,bkl,2.2597654606215656e-05,0.00013053430302534252,0.9927051663398743,7.045300208119443e-06,4.4942647946299985e-05,0.007071860134601593,1.7711139662424102e-05
ISIC_0033041,bkl,bkl,1.8002221622737125e-05,0.0006175553426146507,0.9952952265739441,7.455002105416497e-06,0.003775333520025015,0.0002718113246373832,1.4636009836976882e-05
ISIC_0033900,bkl,bkl,1.0628864401951432e-05,1.2087300092389341e-05,0.9995837807655334,3.1336630854639225e-06,0.00019055958546232432,0.00019732747750822455,2.4502428459527437e-06
ISIC_0030276,bkl,bkl,0.00011337758769514039,0.0012423429870977998,0.998405396938324,2.5802553864195943e-05,0.00013779778964817524,9.294961273553781e-06,6.603071960853413e-05
ISIC_0033201,bkl,bkl,1.089649504137924e-05,6.626979143220524e-07,0.9999516010284424,3.8447763017757097e-07,2.2994365281192586e-05,1.2919709661218803e-05,6.112015284998051e-07
ISIC_0033613,bkl,bkl,2.7191754270461388e-05,0.000351201364537701,0.9994939565658569,3.0017788503755582e-06,8.312166028190404e-05,3.627346450230107e-05,5.19791865372099e-06
ISIC_0032978,bkl,bkl,9.180990309687331e-05,0.0011439725058153272,0.9977397918701172,4.189242645225022e-06,0.0010062188375741243,6.396616754500428e-06,7.590413588332012e-06
ISIC_0032829,bkl,bkl,3.413932972762268e-06,1.815952782635577e-05,0.9999321699142456,1.427643837814685e-06,1.5415685993502848e-05,2.2544314560946077e-05,6.946552275621798e-06
ISIC_0033601,bkl,bkl,2.3483910354116233e-06,1.6594160115346313e-05,0.9998658895492554,1.8344959471505717e-06,8.58656767377397e-06,9.876921103568748e-05,6.004729584674351e-06
ISIC_0032570,bkl,bkl,0.0005164035828784108,7.810015813447535e-05,0.9987077713012695,5.460101237986237e-05,2.3068974769557826e-05,0.0005619761650450528,5.812319432152435e-05
ISIC_0033410,bkl,bkl,2.826716809067875e-05,0.00011287528468528762,0.9997889399528503,4.933679520036094e-06,2.2795442419010215e-05,3.4401782613713294e-05,7.831167749827728e-06
ISIC_0033306,bkl,bkl,5.070675251772627e-05,2.533301267249044e-05,0.9985834360122681,1.5276022168109193e-05,0.0013023577630519867,2.0454408513614908e-05,2.4954597392934375e-06
ISIC_0033235,bkl,bkl,0.0019746937323361635,8.034666097955778e-05,0.9665066599845886,0.0002426490536890924,0.03019869700074196,0.0009094910346902907,8.745001105125993e-05
ISIC_0026085,bkl,mel,0.0023078774102032185,3.562819983926602e-05,0.00011492678459035233,0.00012749191955663264,0.9970064759254456,0.00031950054108165205,8.812330634100363e-05
ISIC_0032756,bkl,bkl,0.00019792403327301145,0.0003502726031001657,0.9852259755134583,0.0001504125102655962,0.012788653373718262,0.0011447714641690254,0.00014195818221196532
ISIC_0034031,bkl,bkl,0.00029524904675781727,0.00018771286704577506,0.8896125555038452,0.0026772727724164724,0.041420795023441315,0.06548450887203217,0.00032188286422751844
ISIC_0033449,bkl,bkl,3.0825667636236176e-05,1.067972107193782e-06,0.9998657703399658,1.464111505811161e-06,1.5414765584864654e-05,8.185148180928081e-05,3.5664688766701147e-06
ISIC_0033414,bkl,bkl,6.6511456680018455e-06,3.709866723511368e-05,0.9589106440544128,5.472345492307795e-06,0.003730511525645852,0.03728916496038437,2.0420648070285097e-05
ISIC_0033791,bkl,bkl,1.4604443094867747e-05,3.793816358665936e-05,0.991678774356842,1.4743810424988624e-05,0.008222606964409351,2.0123286958551034e-05,1.1159172572661191e-05
ISIC_0033060,bkl,nv,8.19856722955592e-05,0.0002826735144481063,0.12854325771331787,0.00011865409032907337,0.0002294269943377003,0.870598316192627,0.00014573463704437017
ISIC_0031376,bkl,bkl,1.4786313613512903e-06,8.992247444439272e-07,0.9999628067016602,2.5694956207189534e-07,2.7599260647548363e-05,6.547862994921161e-06,3.559833032795723e-07
ISIC_0027989,bkl,bkl,0.00013864299398846924,3.117137021035887e-05,0.9957608580589294,5.425744893727824e-05,0.0003536974254529923,0.0035606464371085167,0.00010066705726785585
ISIC_0027218,bkl,nv,0.0002460798423271626,0.0010829053353518248,0.11793790757656097,0.00015236955368891358,0.0023900819942355156,0.8773930072784424,0.0007976436172612011
ISIC_0028020,bkl,bkl,0.00024236600438598543,0.00015272076416295022,0.9925986528396606,0.006396168377250433,3.131578705506399e-05,0.00038836905150674284,0.0001904345554066822
ISIC_0026623,bkl,bcc,0.16078869998455048,0.6969496607780457,0.10134971141815186,0.00141436408739537,0.03692479431629181,0.0017182647716253996,0.0008544862503185868
ISIC_0031989,bkl,akiec,0.8690738081932068,0.13010936975479126,0.0005611691158264875,5.845099440193735e-05,0.00015256035840138793,1.3358636351767927e-05,3.119066241197288e-05
ISIC_0029394,bkl,nv,3.216060349586769e-06,3.9428691707144026e-06,5.166966275282903e-06,2.088918881781865e-05,0.0021554299164563417,0.9977905750274658,2.0719868189189583e-05
ISIC_0027374,bkl,bkl,1.0502941222512163e-05,7.37725495127961e-05,0.9998756647109985,2.302023176525836e-06,9.881686310109217e-06,2.4588867745478638e-05,3.2561240459472174e-06
ISIC_0032168,bkl,bkl,0.0001128806616179645,5.552941729547456e-05,0.9633563160896301,8.486651495331898e-05,0.004216727335005999,0.032039422541856766,0.0001342120667686686
ISIC_0028308,bkl,nv,0.05758192390203476,0.05992648005485535,0.04816742613911629,0.005113924853503704,0.003695742692798376,0.8252583146095276,0.0002562399604357779
ISIC_0029522,bkl,nv,0.06176142022013664,2.9441614969982766e-05,0.002023810986429453,0.005989447236061096,0.0465768463909626,0.8833205103874207,0.00029848821577616036
ISIC_0031060,bkl,bkl,5.727156894863583e-05,1.0862074304895941e-05,0.9994866847991943,7.224613000289537e-06,0.0003213430172763765,0.00010903177462751046,7.456257662852295e-06
ISIC_0026634,bkl,bkl,4.938194706483046e-06,1.965173851203872e-06,0.9999741315841675,4.987822990187851e-07,1.596005131432321e-05,2.148275370927877e-06,4.129635726712877e-07
ISIC_0026923,bkl,akiec,0.9993921518325806,0.0004895686288364232,9.830210183281451e-05,1.447050817660056e-05,9.046397622114455e-07,9.169791042040742e-07,3.7089446323079756e-06
ISIC_0030203,bkl,bkl,0.0005881642573513091,0.0018746242858469486,0.9953739047050476,0.000431330525316298,0.0012987880036234856,0.0002673497947398573,0.000165836070664227
ISIC_0025985,bkl,bcc,5.083248106529936e-05,0.9926072359085083,0.007179866079241037,1.1199261280125938e-05,9.914901966112666e-06,1.929939207911957e-05,0.00012167836393928155
ISIC_0030208,bkl,bkl,5.839305686095031e-06,6.0914221648999956e-06,0.9998120665550232,1.1754273145925254e-05,1.545248414913658e-05,0.00014570281200576574,3.1173449315247126e-06
ISIC_0025986,bkl,nv,3.192721487721428e-05,0.0016343569150194526,0.004856871906667948,6.340468098642305e-05,0.0731947049498558,0.9147881269454956,0.005430709104984999
ISIC_0025805,bkl,nv,1.5495294064749032e-05,2.0315494111855514e-05,0.08492358028888702,2.8881295293103904e-05,4.3957650632364675e-05,0.9149399995803833,2.782864248729311e-05
ISIC_0024880,bkl,bkl,0.0015931028174236417,0.06748773157596588,0.9292416572570801,4.808705853065476e-05,0.0013633236521854997,0.00016390992095693946,0.000102090991276782
ISIC_0029525,bkl,akiec,0.9963830709457397,2.0169365598121658e-05,0.0035051130689680576,1.3894816220272332e-05,7.198578532552347e-05,2.503934183550882e-06,3.2036866741691483e-06
ISIC_0025376,bkl,nv,5.6708317970333155e-06,0.0011059758253395557,1.0474764167156536e-05,2.6996124233846786e-06,0.0002508868055883795,0.9986149072647095,9.376765774504747e-06
ISIC_0024726,bkl,bkl,8.882310794433579e-06,1.5224374010358588e-06,0.9998940229415894,2.0732513803523034e-06,1.4391683180292603e-05,7.564009865745902e-05,3.4277063605259173e-06
ISIC_0028100,bkl,bkl,0.0051805246621370316,0.06610225886106491,0.9101908206939697,0.0042519718408584595,0.000261416076682508,0.013344850391149521,0.000668114866130054
ISIC_0030636,bkl,bkl,1.6099798813229427e-05,0.00041909018182195723,0.9995502829551697,2.5866468149615685e-06,2.228064431619714e-06,5.1387974053795915e-06,4.532983439275995e-06
ISIC_0031078,bkl,bkl,6.679247599095106e-05,0.00010951640433631837,0.6719562411308289,0.0001698808337096125,0.00046398723497986794,0.32709407806396484,0.00013947243860457093
ISIC_0025693,bkl,mel,0.05167305842041969,0.0023114271461963654,0.37035706639289856,0.0023880391381680965,0.5704297423362732,0.002543174661695957,0.00029748110682703555
ISIC_0032116,bkl,mel,0.0010408684611320496,0.0003281062818132341,0.021237250417470932,0.0003557027957867831,0.9321574568748474,0.044539015740156174,0.00034164797398261726
ISIC_0024772,bkl,nv,0.0002641302125994116,3.0462537324638106e-05,0.0019124315585941076,6.422430305974558e-05,0.01308416947722435,0.9846247434616089,1.9814753613900393e-05
ISIC_0026219,bkl,bkl,0.0005769524141214788,0.00011291285045444965,0.9678878784179688,0.0013642801204696298,9.135706204688177e-05,0.029906312003731728,6.035425758454949e-05
ISIC_0029139,bkl,bkl,3.1600268357578898e-06,4.9753043640521355e-06,0.9999641180038452,1.2628161130123772e-06,8.434062692685984e-06,1.6373560356441885e-05,1.6822838233565562e-06
ISIC_0031061,bkl,bkl,0.0016364436596632004,0.010595477186143398,0.985149621963501,0.0003324622812215239,0.0020795923192054033,9.318779484601691e-05,0.000113153007987421
ISIC_0027991,bkl,mel,3.74665432900656e-05,0.0005449748714454472,0.008728263899683952,2.0878502255072817e-05,0.9904624819755554,0.00018950749654322863,1.6572821550653316e-05
ISIC_0031289,bkl,bkl,2.6277179131284356e-05,0.0007039405172690749,0.9973602890968323,1.503632574895164e-06,0.0017948837485164404,9.791651245905086e-05,1.5238145351759158e-05
ISIC_0031580,bkl,bkl,0.00022101412469055504,5.7005021517397836e-05,0.9620181918144226,2.0856174160144292e-05,0.0007076689507812262,0.0369492806494236,2.601314554340206e-05
ISIC_0030365,bkl,mel,0.0001406813826179132,1.9018511920876335e-06,1.710026481305249e-05,2.070882146654185e-06,0.999757707118988,7.937703776406124e-05,1.2653218846025993e-06
ISIC_0029810,bkl,bkl,0.21101735532283783,0.00020735130237881094,0.6136943697929382,0.00012307298311498016,0.16689616441726685,0.007985685020685196,7.598976662848145e-05
ISIC_0029678,bkl,bkl,0.0022673646453768015,0.00034002523170784116,0.9448619484901428,0.00023703994520474225,0.04008215293288231,0.01130524929612875,0.0009061071905307472
ISIC_0027990,bkl,bkl,5.741555469285231e-06,3.1140177725319518e-06,0.9999200105667114,3.87819000025047e-06,6.344262510538101e-05,2.8281267532292986e-06,1.13009423330368e-06
ISIC_0031808,bkl,bkl,1.772460382198915e-05,5.647209945891518e-06,0.9993543028831482,2.3678940124227665e-06,0.0006075194105505943,1.0423565072414931e-05,2.061575059997267e-06
ISIC_0027470,bkl,nv,2.0072937331860885e-05,1.1951113265240565e-05,0.00885599572211504,5.724396760342643e-05,3.358671528985724e-05,0.9910038709640503,1.7296841178904288e-05
ISIC_0024910,bkl,bkl,0.0004561626410577446,2.2193798940861598e-05,0.8363385796546936,0.0003075328131671995,0.001394573599100113,0.16141200065612793,6.899954314576462e-05
ISIC_0025374,bkl,bkl,1.2469984085328178e-06,5.86249484513246e-07,0.9999287128448486,4.2474837869121984e-07,6.0137754189781845e-05,8.456879186269362e-06,5.242196721155779e-07
ISIC_0030533,bkl,bkl,0.0009858570992946625,0.0005886408616788685,0.8548325896263123,0.005521190352737904,0.00012506141501944512,0.13771072030067444,0.0002359543286729604
ISIC_0027335,bkl,bkl,0.002291966462507844,0.007929968647658825,0.8728072643280029,5.180016523809172e-05,0.09864090383052826,0.018225261941552162,5.2859322750009596e-05
ISIC_0025389,bkl,akiec,0.9412558674812317,0.027969293296337128,0.0028293931391090155,0.02607044018805027,0.0017567548202350736,2.3600099666509777e-05,9.469026554143056e-05
ISIC_0028593,bkl,bkl,7.18670489732176e-05,1.6557243043280323e-06,0.9998899698257446,3.2529430882277666e-06,2.914355536631774e-05,2.684701030375436e-06,1.3715223303734092e-06
ISIC_0030801,bkl,akiec,0.9678556323051453,0.006203651428222656,0.021112190559506416,0.0020022871904075146,0.0005832352908328176,0.002128957537934184,0.00011406300473026931
ISIC_0030231,bkl,bkl,0.011966848745942116,4.972368333255872e-05,0.9875504374504089,3.9848240703577176e-05,0.00019895259174518287,0.00015340412210207433,4.075984543305822e-05
ISIC_0029206,bkl,bkl,8.976882782008033e-06,1.0919161468336824e-05,0.9998505115509033,2.3209868231788278e-06,1.8766095308819786e-05,0.00010665656009223312,1.7846507489593932e-06
ISIC_0030608,bkl,bkl,0.0001715706748655066,6.990522524574772e-05,0.6183463931083679,0.00015686420374549925,0.04470129683613777,0.3365090489387512,4.487976912059821e-05
ISIC_0030935,bkl,bkl,0.0005636414862237871,0.0020772896241396666,0.5471042990684509,0.006913735065609217,0.007742424961179495,0.4351937174797058,0.00040489196544513106
ISIC_0028611,bkl,akiec,0.9946521520614624,0.003474427852779627,1.2094702469767071e-05,0.0014815108152106404,0.0003540016186889261,6.508754722744925e-06,1.92330262507312e-05
ISIC_0028842,bkl,bkl,0.00040983964572660625,6.588525593542727e-06,0.9981312155723572,1.0511739674257115e-05,0.0014361749636009336,2.627809408295434e-06,3.1100985324883368e-06
ISIC_0028913,bkl,bkl,0.04416164010763168,0.017554907128214836,0.9122661352157593,0.003954767249524593,0.0001826263323891908,0.019476478919386864,0.0024034699890762568
ISIC_0031831,bkl,bkl,5.182577660889365e-05,0.0003583161160349846,0.9994407296180725,7.035420367174083e-06,2.458185190334916e-05,7.422503404086456e-05,4.330875162850134e-05
ISIC_0030130,bkl,bkl,0.0035220137797296047,0.004339954350143671,0.9661051630973816,0.011541446670889854,0.012369051575660706,0.0012395366793498397,0.0008827121928334236
ISIC_0032031,bkl,bkl,0.0014153186930343509,6.599164771614596e-05,0.9868831038475037,4.2549385398160666e-05,0.011523998342454433,1.2892504855699372e-05,5.611695451079868e-05
ISIC_0028294,bkl,bkl,1.1028065273421817e-05,1.031589818012435e-05,0.9999241828918457,2.7413195766712306e-06,4.4804659410146996e-05,5.605763362837024e-06,1.3237545317679178e-06
ISIC_0030835,bkl,bkl,5.330331259756349e-05,1.781086939445231e-05,0.9998519420623779,1.1122725481982343e-05,4.621718471753411e-05,1.2333853192103561e-05,7.319828000618145e-06
ISIC_0027811,bkl,bkl,2.909621571234311e-06,2.537504769861698e-06,0.9999260902404785,1.360734586342005e-06,5.972875442239456e-05,6.790604857087601e-06,5.775686418019177e-07
ISIC_0026249,bkl,bkl,0.0003191152063664049,0.0026489347219467163,0.9047541618347168,0.0006502919713966548,0.0009317658841609955,0.08995620161294937,0.0007396111614070833
ISIC_0024774,bkl,bkl,6.876196039229399e-07,2.455393541822559e-07,0.9999923706054688,4.2597784499776026e-07,2.0059239886904834e-06,3.686912350531202e-06,4.766914116771659e-07
ISIC_0026016,bkl,bkl,1.2862162748206174e-06,9.405574132870242e-07,0.9999921321868896,8.886354407877661e-07,2.1200842184043722e-06,2.1318903691280866e-06,4.4206979055161355e-07
ISIC_0026069,bkl,bkl,4.7391590669576544e-06,3.8265712646534666e-05,0.9993834495544434,7.369549166469369e-06,0.0003352011553943157,0.00022272978094406426,8.251315193774644e-06
ISIC_0031528,bkl,bkl,1.27760195027804e-05,6.164948445075424e-06,0.9984627962112427,4.351143161329674e-06,0.000843656889628619,0.0006681778468191624,2.0868810679530725e-06
ISIC_0028623,bkl,bkl,1.954398612724617e-05,2.4232410851254826e-06,0.9999457597732544,1.2456855074560735e-05,1.1768835975090042e-05,4.186590103927301e-06,3.865579856210388e-06
ISIC_0025103,bkl,bkl,2.5169940272462554e-05,3.2962445857265266e-06,0.9999072551727295,1.1568264199013356e-05,5.0462374929338694e-05,1.546646558381326e-06,6.182572178659029e-07
ISIC_0030123,bkl,mel,6.557926099048927e-05,1.0067644325317815e-05,0.0012053139507770538,0.00017015855701174587,0.9984512329101562,8.338959014508873e-05,1.4269828170654364e-05
ISIC_0024782,bkl,mel,0.01105597335845232,0.0016506470274180174,0.13716581463813782,0.0052728476002812386,0.8440001010894775,0.00041607447201386094,0.00043845249456353486
ISIC_0029320,bkl,bkl,8.185298065654933e-05,1.0162572834815364e-05,0.9984092116355896,0.0007503030356019735,3.9181384636322036e-05,0.0006898450083099306,1.9511013306328095e-05
ISIC_0029924,bkl,bkl,0.0038203999865800142,0.00010556512279435992,0.9958580136299133,5.467295341077261e-05,0.00010268007463309914,3.2072017347672954e-05,2.6562935090623796e-05
ISIC_0032498,bkl,bkl,8.758054832469497e-07,1.1674061397570767e-06,0.9999926090240479,3.7423154708449147e-07,3.0790274649916682e-06,1.382452751386154e-06,4.1832640818029176e-07
ISIC_0024943,bkl,bkl,5.053009954281151e-05,7.457206265826244e-06,0.9998321533203125,3.027467209903989e-05,2.0839550415985286e-05,5.553812297875993e-05,3.0567093745048624e-06
ISIC_0028449,bkl,bkl,0.00015218766930047423,2.3489837985835038e-05,0.9997878670692444,9.115632565226406e-06,1.2872596016677562e-05,4.275064384273719e-06,1.0258144357067067e-05
ISIC_0026174,bkl,bkl,9.05036176845897e-06,9.604849765310064e-06,0.9999250173568726,1.3012946510571055e-05,1.7787828255677596e-05,2.0157442122581415e-05,5.307742867444176e-06
ISIC_0032170,bkl,bkl,2.0661507733166218e-05,6.197973561938852e-06,0.9998807907104492,3.610685598687269e-05,7.666698365937918e-06,3.414983439142816e-05,1.436519141861936e-05
ISIC_0025005,bkl,bkl,3.313200068078004e-06,3.323589680803707e-06,0.9999576807022095,5.832572469444131e-07,2.118965312547516e-05,1.1942230230488349e-05,1.9588301256590057e-06
ISIC_0025851,bkl,bkl,7.601982360938564e-05,1.606501973583363e-05,0.9939232468605042,8.500890544382855e-05,0.00022447844094131142,0.0056649427860975266,1.0149382433155552e-05
ISIC_0033722,bkl,nv,1.7292027223447803e-06,5.3966796258464456e-06,0.0018334097694605589,1.5977839211700484e-05,8.542021532775834e-05,0.9980523586273193,5.807814886793494e-06
ISIC_0032719,bkl,bkl,1.59009505296126e-06,8.256372439063853e-07,0.9999582767486572,3.068512569370796e-06,1.6482262026329408e-06,3.429206844884902e-05,3.195098088326631e-07
ISIC_0030630,bkl,bkl,0.0013363180914893746,0.005130460485816002,0.659716010093689,0.00010240200208500028,0.008131595328450203,0.3244853913784027,0.0010977621423080564
ISIC_0032179,bkl,bkl,1.7850967424237751e-06,1.3542644410335924e-05,0.9999620914459229,8.362479775314569e-07,7.467356681445381e-06,1.0885059054999147e-05,3.3659230211924296e-06
ISIC_0034197,bkl,bkl,0.0034092783462256193,0.0001248064509127289,0.9873738884925842,0.0001229610643349588,0.008454319089651108,0.00042100693099200726,9.375032823299989e-05
ISIC_0033022,bkl,bkl,0.0001278092386201024,8.494081157550681e-06,0.9995182752609253,0.00010304892930435017,0.00021117363939993083,1.4285199540609028e-05,1.6921550923143514e-05
ISIC_0033693,bkl,bkl,4.796489520231262e-06,0.00015969730156939477,0.9995519518852234,6.272687187447445e-07,1.9740580682992004e-05,0.00025762792211025953,5.447043804451823e-06
ISIC_0033246,bkl,bkl,1.0631902114255354e-05,8.253174996752932e-07,0.9998856782913208,1.9321267245686613e-05,2.8497062885435298e-05,5.275090370560065e-05,2.296625552844489e-06
ISIC_0033528,bkl,bkl,0.00011799725325545296,3.955989541282179e-06,0.9998094439506531,4.8221721954178065e-05,5.3022422434878536e-06,1.190053535538027e-05,3.1445501917914953e-06
ISIC_0033865,bkl,bkl,0.22541336715221405,0.00012290256563574076,0.7717040777206421,0.0015813896898180246,0.000191564264241606,0.0008992340299300849,8.745036029722542e-05
ISIC_0034296,bkl,bkl,2.7413775569584686e-06,9.80965887720231e-06,0.9999700784683228,6.383318691405293e-07,6.888747066113865e-06,7.896329407230951e-06,1.9572653400246054e-06
ISIC_0032763,bkl,bkl,5.838455308548873e-06,4.469599298317917e-05,0.9996817111968994,8.979197332337208e-07,0.0001235500822076574,0.00013962137745693326,3.6490121146925958e-06
ISIC_0034291,bkl,bkl,2.14064630199573e-06,1.5613097275490873e-05,0.9999700784683228,5.231236741565226e-07,8.042416084208526e-06,2.476618419677834e-06,1.2418020105542382e-06
ISIC_0033701,bkl,nv,4.787852503795875e-06,3.6819305933022406e-06,0.0009636066970415413,3.862801804643823e-06,5.0684546295087785e-05,0.9989697933197021,3.6255250961403362e-06
ISIC_0033945,bkl,bkl,1.001857435767306e-05,8.128398803819437e-06,0.9998002648353577,9.351880726171657e-05,3.172306242049672e-05,5.3931158618070185e-05,2.483373009454226e-06
ISIC_0033750,bkl,bkl,9.187556884171499e-07,5.339573817764176e-06,0.9998569488525391,9.759679642229457e-07,2.3169690393842757e-05,0.00011089995678048581,1.7550895563545055e-06
ISIC_0033490,bkl,bkl,1.8788077795761637e-05,3.371342017999268e-06,0.9999370574951172,2.0064186173840426e-05,4.324613655626308e-06,1.3054720511718187e-05,3.2976449801935814e-06
ISIC_0032740,bkl,bkl,1.052680909197079e-05,0.0018811589106917381,0.998056173324585,4.825089490623213e-06,1.7654290786595084e-05,6.566904175997479e-06,2.302865505043883e-05
ISIC_0032271,bkl,bkl,0.0001993349433178082,9.474325452174526e-06,0.9996720552444458,1.014130702969851e-05,1.9019866158487275e-05,8.662410982651636e-05,3.4554966532596154e-06
ISIC_0029202,bkl,bkl,5.191169293539133e-06,1.830831820370804e-06,0.9999779462814331,5.33928323420696e-06,1.1849868997160229e-06,3.1239280815498205e-06,5.427509677247144e-06
ISIC_0032124,bkl,bkl,1.654286461416632e-05,4.062734660692513e-06,0.9995805621147156,5.9338228311389685e-05,5.322426204656949e-06,0.0002846035931725055,4.971644375473261e-05
ISIC_0030959,bkl,bkl,1.8943121631309623e-06,1.447287831979338e-05,0.999919056892395,1.8325860082768486e-06,1.838078560467693e-06,4.3846332118846476e-05,1.7005357221933082e-05
ISIC_0029251,bkl,bkl,2.2270007320912555e-05,1.6406329450546764e-05,0.9991992115974426,6.809255864936858e-05,1.6420826796093024e-05,0.00060730503173545,7.025244121905416e-05
ISIC_0026291,bkl,bkl,7.359714686572261e-07,1.274718897548155e-06,0.9999920129776001,9.813294354898972e-07,2.5373551579832565e-06,1.5479538433282869e-06,9.382790153722453e-07
ISIC_0029345,bkl,bkl,8.421387747148401e-07,4.0567288124293555e-06,0.9998654127120972,5.520332706510089e-07,4.615224497683812e-06,0.00012302494724281132,1.4342336953632184e-06
ISIC_0028448,bkl,bkl,1.5834426449146122e-05,1.9731161955860443e-05,0.9999347925186157,1.1363797966623679e-05,1.605784291314194e-06,3.925902092305478e-06,1.2722105566354003e-05
ISIC_0032460,bkl,bkl,3.0579627491533756e-05,0.0006068235379643738,0.9993044137954712,3.2625764561089454e-06,8.720085702407232e-07,1.154524852609029e-05,4.2569412471493706e-05
ISIC_0026959,bkl,nv,3.281434692326002e-05,4.973681825504173e-06,0.00415242463350296,0.004399822559207678,1.017004524328513e-05,0.9913660287857056,3.373396612005308e-05
ISIC_0027167,bkl,bkl,4.451454060472315e-06,9.46021555137122e-06,0.999743640422821,9.348519597551785e-06,3.5383091017138213e-06,0.00020719216263387352,2.2444997739512473e-05
ISIC_0028525,bkl,bkl,7.117574568837881e-05,9.046348168340046e-06,0.9997256398200989,2.7026924271922326e-06,2.8939355161128333e-06,0.00018556301074568182,2.907773705373984e-06
ISIC_0028331,bkl,bkl,0.005424253176897764,3.929306330974214e-05,0.9431149959564209,0.0005756610771641135,0.0007311817025765777,0.049503080546855927,0.0006115352152846754
ISIC_0025330,bkl,bkl,0.00026115341461263597,2.611597483337391e-05,0.9983037710189819,0.0003418648848310113,1.0761339581222273e-05,0.000965932325925678,9.037605923367664e-05
ISIC_0026967,bkl,bkl,0.00010957412450807169,0.0005039077950641513,0.9888761639595032,0.005890085827559233,5.3130333981243894e-05,0.004453152418136597,0.00011395470210118219
ISIC_0031223,bkl,bkl,1.5173401379797724e-06,8.109303053061012e-06,0.9999773502349854,1.3064941413176712e-06,2.3762515866110334e-06,3.270017714385176e-06,6.0340221352817025e-06
ISIC_0025879,bkl,bkl,1.0290026466464042e-06,1.1026583024431602e-06,0.9996015429496765,4.267770691512851e-06,2.581264197942801e-06,0.0003809190238825977,8.614025318820495e-06
ISIC_0025387,bkl,bkl,3.0925673399906373e-06,6.518151167256292e-06,0.9999810457229614,1.1916918083443306e-06,3.114869969067513e-06,2.1585108243016293e-06,2.9007187549723312e-06
ISIC_0028797,bkl,nv,1.2366143664621632e-06,8.733501999813598e-06,0.00047312505193986,2.3940445316839032e-05,2.2479887775261886e-05,0.9994516968727112,1.884340053948108e-05
ISIC_0025668,df,df,3.285357524873689e-05,0.0001951081067090854,1.8621170966071077e-05,0.9975550770759583,0.0002863180998247117,0.0018357689259573817,7.628340972587466e-05
ISIC_0032642,df,df,0.005552954971790314,9.160130866803229e-05,0.015292582102119923,0.9781243801116943,0.0005717931198887527,0.00022196085774339736,0.00014469726011157036
ISIC_0029248,df,df,0.0004139997181482613,0.000196125460206531,1.9143290046486072e-05,0.99824059009552,5.93823533563409e-05,0.0006315147620625794,0.00043928276863880455
ISIC_0032247,df,bkl,0.007720783352851868,0.018373951315879822,0.6505725979804993,0.10063908249139786,0.17962577939033508,0.01113254763185978,0.03193521872162819
ISIC_0029967,df,df,0.0004848945827689022,0.00015858442930039018,1.92468778550392e-05,0.9879353046417236,0.009924784302711487,0.001348531455732882,0.00012861409049946815
ISIC_0028926,df,bcc,0.007489792071282864,0.991534411907196,6.959206984902266e-06,0.0006338358507491648,0.0001983829861273989,0.00010019868204835802,3.644792013801634e-05
ISIC_0029891,df,bcc,0.00393759086728096,0.9951954483985901,0.00012206501560285687,0.0001764787157298997,0.00027441533165983856,0.0002600558800622821,3.385213130968623e-05
ISIC_0034135,df,df,6.003695307299495e-05,7.805679160810541e-06,2.901183961512288e-06,0.9999039173126221,1.3149297956260853e-05,1.474555006097944e-06,1.067640732799191e-05
ISIC_0033891,df,df,0.0001497302728239447,3.5518300137482584e-05,1.67492817126913e-05,0.9984351992607117,7.847059896448627e-05,0.0012266588164493442,5.762786895502359e-05
ISIC_0033554,df,df,0.00019261572742834687,2.7610287361312658e-05,1.5168890058703255e-05,0.9993802309036255,2.2833635739516467e-05,0.0003031074011232704,5.840328230988234e-05
ISIC_0033422,df,df,4.7241941501852125e-05,2.3910635718493722e-05,3.6527248994389083e-06,0.9998736381530762,2.6186871764366515e-05,2.5976823962992057e-06,2.2860709577798843e-05
ISIC_0033808,df,df,0.0002704022917896509,4.841926056542434e-06,0.0003239512152504176,0.9941978454589844,1.4613068742619362e-05,0.005089275073260069,9.903783211484551e-05
ISIC_0033847,df,df,0.0006600503693334758,3.5217492495576153e-06,8.412055467488244e-05,0.9987982511520386,5.27100428371341e-06,0.00037833876558579504,7.041960634524003e-05
ISIC_0030830,df,nv,0.0009355683578178287,5.436844367068261e-05,0.00014954950893297791,0.02791539765894413,0.18054765462875366,0.7900941967964172,0.00030329255969263613
ISIC_0026254,df,bkl,8.317511674249545e-05,3.1336850952357054e-05,0.9708210229873657,0.028360258787870407,3.0444900403381325e-05,0.0005986489704810083,7.51568513805978e-05
ISIC_0031271,df,df,1.533314753032755e-05,2.29077795665944e-05,1.7756854049366666e-06,0.9998677968978882,5.052425422036322e-06,3.295313263151911e-06,8.384689135709777e-05
ISIC_0027141,df,df,0.00037690362660214305,0.0011112276697531343,2.8977174224564806e-05,0.9983335137367249,3.656780336314114e-06,5.698107543139486e-06,0.0001400440960424021
ISIC_0030623,mel,nv,3.855408976960462e-06,6.518937425425975e-06,5.133028480486246e-06,7.128917332011042e-06,0.002265958348289132,0.9976534247398376,5.80083105887752e-05
ISIC_0026993,mel,mel,7.671990715607535e-06,3.8105326893855818e-06,3.7427507777465507e-06,5.932594831392635e-06,0.9999653100967407,1.90693049262336e-06,1.1675908353936393e-05
ISIC_0028412,mel,mel,4.690384230343625e-06,3.706236839207122e-06,1.1215677204745589e-06,2.967476120829815e-06,0.999982476234436,2.4681280592631083e-06,2.6178067855653353e-06
ISIC_0026531,mel,mel,1.1567447472771164e-05,1.7226884665433317e-05,2.7109115762868896e-05,2.0090605175937526e-05,0.999855637550354,1.3506561117537785e-05,5.4861076932866126e-05
ISIC_0032396,mel,mel,0.005371761973947287,0.0010311795631423593,0.001529741333797574,0.002113194204866886,0.9795332551002502,0.004584484733641148,0.0058364528231322765
ISIC_0031499,mel,mel,8.224861630878877e-06,6.119389581726864e-06,1.149157378677046e-05,1.0151956075787893e-06,0.9995662569999695,0.00040643857209943235,4.0859333694243105e-07
ISIC_0030486,mel,mel,0.002079853555187583,1.6677033272571862e-05,0.00035473218304105103,1.0456573363626376e-05,0.9975074529647827,2.148147723346483e-05,9.279369805881288e-06
ISIC_0027125,mel,nv,9.457054147787858e-06,2.3313280053116614e-06,9.933645742421504e-06,7.699911293457262e-06,0.0015252719167619944,0.9984350800514221,1.0097433005284984e-05
ISIC_0024367,mel,mel,6.430483335861936e-05,2.875026075344067e-05,9.425027201359626e-06,4.4705262553179637e-05,0.989956796169281,0.009890490211546421,5.40698783879634e-06
ISIC_0032079,mel,mel,0.0021935217082500458,0.16467705368995667,0.002211550250649452,0.0015463894233107567,0.7373338937759399,0.0916040688753128,0.00043343246215954423
ISIC_0032400,mel,mel,7.765553164063022e-06,1.3251100426714402e-05,1.1148483281431254e-05,2.516940867280937e-06,0.9999219179153442,3.454032776062377e-05,8.917195373214781e-06
ISIC_0030211,mel,mel,5.093421714263968e-05,5.158358908374794e-05,9.959738235920668e-05,5.133248123456724e-05,0.9995631575584412,3.605410165619105e-05,0.0001474139717174694
ISIC_0027769,mel,mel,7.953866770549212e-06,1.614352731849067e-05,8.743695070734248e-05,5.7854081205732655e-06,0.690638542175293,0.309236079454422,8.07751166576054e-06
ISIC_0029913,mel,nv,3.096842556260526e-05,2.3612190489075147e-05,8.294616418424994e-05,0.00020556231902446598,0.11730559170246124,0.8820653557777405,0.00028597452910616994
ISIC_0031557,mel,mel,7.711735634075012e-06,0.00011707660451065749,0.0020472505129873753,8.40461507323198e-06,0.9954022169113159,0.0024105487391352654,6.787091479054652e-06
ISIC_0028901,mel,nv,0.00011254857963649556,0.0002073837531497702,0.0005590989021584392,0.010955410078167915,0.06256145238876343,0.9237666130065918,0.0018374681239947677
ISIC_0032098,mel,mel,0.0012143769999966025,0.00022969798010308295,0.012433228082954884,0.0008047178271226585,0.8668268918991089,0.11788740754127502,0.000603655818849802
ISIC_0025603,mel,mel,4.315061596571468e-05,0.00046941175241954625,0.001310183317400515,4.259676279616542e-05,0.8863301873207092,0.11169030517339706,0.00011421029921621084
ISIC_0032044,mel,mel,1.7073404023904004e-06,3.3480425827292493e-06,1.8511904272600077e-05,1.1040124263672624e-06,0.9999572038650513,1.7533206118969247e-05,7.059596782710287e-07
ISIC_0024886,mel,nv,0.00015809398610144854,0.0024722821544855833,0.10530538111925125,8.294358849525452e-05,0.09738034009933472,0.7943388223648071,0.00026209294446744025
ISIC_0027102,mel,mel,4.2153926187893376e-05,4.724713653558865e-05,3.454323177720653e-06,0.000306665082462132,0.9994906187057495,7.22770801075967e-06,0.00010256370296701789
ISIC_0031369,mel,bcc,0.007738224230706692,0.7559473514556885,0.011212198063731194,0.0019928538240492344,0.22102481126785278,0.0012027400080114603,0.0008817924535833299
ISIC_0029547,mel,mel,0.0003439911233726889,0.00017784512601792812,0.0006718314252793789,0.00018314736371394247,0.9972099661827087,0.0014041881076991558,8.917520062823314e-06
ISIC_0027060,mel,mel,3.4377758311165962e-06,5.2481027523754165e-05,0.00011176439875271171,5.635159595840378e-06,0.9989932179450989,0.0008132743532769382,2.017193219217006e-05
ISIC_0025996,mel,mel,6.0711836340487935e-06,1.8563114281278104e-06,9.062331628229003e-06,3.6204379284754395e-05,0.9999315738677979,1.2525795682449825e-05,2.790368398564169e-06
ISIC_0031779,mel,nv,4.907965831080219e-06,2.7463705919217318e-05,0.011219168081879616,8.976112439995632e-06,0.1560002714395523,0.8327226638793945,1.662247632339131e-05
ISIC_0028442,mel,mel,0.0001359885500278324,0.023814106360077858,6.293581100180745e-05,0.00013101671356707811,0.9757195115089417,5.648549267789349e-05,8.002874528756365e-05
ISIC_0031977,mel,mel,0.0001534052862552926,2.76965947705321e-05,0.004074190277606249,0.0002492890926077962,0.9923405647277832,0.0031284561846405268,2.6372004867880605e-05
ISIC_0031517,mel,mel,5.885417522222269e-06,5.0507846935943235e-06,1.4573265616490971e-06,5.9043377405032516e-05,0.999927282333374,6.546041504407185e-07,7.453858188455342e-07
ISIC_0029473,mel,mel,0.004314908757805824,0.0035597675014287233,0.0015082292957231402,0.3397083580493927,0.6004276275634766,0.043274834752082825,0.007206319831311703
ISIC_0029571,mel,mel,3.909546649083495e-06,1.484371296101017e-05,1.2828883200199925e-06,1.1522718523337971e-05,0.9980251789093018,0.0019398914882913232,3.3848702969407896e-06
ISIC_0032220,mel,mel,0.0009417677065357566,0.06032697483897209,0.00582124525681138,0.001903168042190373,0.5845199823379517,0.177653506398201,0.16883331537246704
ISIC_0028127,mel,mel,7.03630973930558e-07,1.8086317368215532e-06,1.385961923006107e-06,5.593003038484312e-07,0.999992847442627,2.321669171578833e-06,3.7817889619873313e-07
ISIC_0029241,mel,mel,2.807946475513745e-05,0.0006776414811611176,5.981471258564852e-05,2.429558298899792e-05,0.9989920258522034,0.00021507569181267172,3.0217963740142295e-06
ISIC_0024875,mel,bcc,6.396044227585662e-06,0.9992625117301941,0.00013852746633347124,3.077777591897757e-06,0.0005743663641624153,6.699686764477519e-06,8.457202966383193e-06
ISIC_0030552,mel,nv,4.494698077905923e-05,8.143027116602752e-06,9.54861388891004e-06,3.4957669413415715e-05,0.021817442029714584,0.9780281186103821,5.6786291679600254e-05
ISIC_0028029,mel,bkl,0.0005219746381044388,0.006338696926832199,0.7541350722312927,0.000125760561786592,0.22492405772209167,0.013729734346270561,0.00022464360517915338
ISIC_0025489,mel,mel,2.7642923669191077e-05,2.26369720621733e-05,1.0998888683388941e-05,1.6187390428967774e-05,0.5321224927902222,0.4677828252315521,1.7238175132661127e-05
ISIC_0025265,mel,nv,1.538300966785755e-05,1.5461211660294794e-05,4.15080321545247e-05,2.8208469302626327e-05,0.012863025069236755,0.9870261549949646,1.0236013622488827e-05
ISIC_0028489,mel,nv,0.0005151081713847816,7.643977733096108e-05,0.43966591358184814,6.130311521701515e-05,0.001676248968578875,0.5578339099884033,0.00017109824693761766
ISIC_0027260,mel,mel,2.393083605056745e-06,3.90946206607623e-06,1.437277842342155e-05,2.307922613908886e-06,0.9999489784240723,2.7197776944376528e-05,8.687473496138409e-07
ISIC_0026996,mel,mel,1.1935441762034316e-05,4.9666650738799945e-05,2.152766683138907e-05,0.0002462447155267,0.9760363698005676,0.023284554481506348,0.00034961584606207907
ISIC_0029562,mel,nv,1.017520571622299e-05,0.00020644563483074307,4.284121678210795e-05,0.00019591358432080597,0.0004535335465334356,0.9989669322967529,0.00012418799451552331
ISIC_0033268,mel,mel,1.3105013749736827e-06,7.833231165932375e-07,2.089373538183281e-06,3.4301051528018434e-06,0.9977266192436218,0.0022642486728727818,1.4927580878065783e-06
ISIC_0033834,mel,mel,4.5778837375110015e-05,2.4079379272734514e-06,1.7860476873465814e-05,3.0695630357513437e-06,0.9999276399612427,1.613494077901123e-06,1.6629046513116919e-06
ISIC_0033678,mel,mel,1.3453343854052946e-05,4.374760464997962e-06,2.864351154130418e-05,3.295934448033222e-06,0.9999475479125977,1.287540840166912e-06,1.3876924640499055e-06
ISIC_0033975,mel,df,0.0004563968686852604,0.0001106325289583765,0.00202403636649251,0.9934955835342407,0.0031719855032861233,0.0001200139886350371,0.0006214047898538411
ISIC_0034118,mel,mel,1.073328803613549e-06,2.4304122234752867e-06,3.996691248175921e-06,1.8481298411643365e-06,0.9998107552528381,0.00017864904657471925,1.194153014694166e-06
ISIC_0033831,mel,mel,1.0569173127805698e-06,5.645572400680976e-06,9.151532935902651e-07,2.4554055926273577e-06,0.9996143579483032,0.0003734069468919188,2.078153784168535e-06
ISIC_0032583,mel,mel,0.0006200108909979463,0.0002300166670465842,0.000866297516040504,0.0003969878889620304,0.9105457067489624,0.08625679463148117,0.0010841904440894723
ISIC_0032564,mel,mel,0.0008774054585956037,0.0170938428491354,0.0024388907477259636,0.0007077265763655305,0.9780790209770203,8.61133503349265e-06,0.0007945850375108421
ISIC_0032993,mel,mel,2.7336041057424154e-06,4.120138328289613e-06,1.4870174709358253e-06,1.3440431757771876e-05,0.9999619722366333,3.71661622011743e-06,1.2567613339342643e-05
ISIC_0033154,mel,mel,7.3697715379239526e-06,1.5892965166131034e-05,2.4256664801214356e-06,2.5539093257975765e-05,0.846728503704071,0.1531982719898224,2.2043197532184422e-05
ISIC_0034222,mel,nv,8.020260224839149e-07,1.4221878700482193e-05,3.483737600618042e-07,7.7001359386486e-06,0.0028045985382050276,0.9971701502799988,2.0762422536790837e-06
ISIC_0034064,mel,nv,5.077452078694478e-05,0.1375412791967392,9.629059604776558e-06,0.0016410446260124445,0.06090932711958885,0.7996414303779602,0.00020653477986343205
ISIC_0033902,mel,mel,1.022059495880967e-05,0.00034761271672323346,0.0002538077824283391,2.1648433175869286e-05,0.9992156028747559,8.335122402058914e-05,6.770237814635038e-05
ISIC_0032840,mel,mel,0.00018904700118582696,0.03809884563088417,4.387623994261958e-05,0.0515020526945591,0.8476213216781616,0.056208159774541855,0.006336634047329426
ISIC_0033570,mel,mel,1.1523879038577434e-05,9.938501170836389e-05,1.1332797384966398e-06,0.00017769903934095055,0.9991064667701721,0.0005493429489433765,5.434031845652498e-05
ISIC_0033129,mel,nv,0.0005129684577696025,2.8705739168799482e-05,5.204971967032179e-05,0.015506217256188393,0.3636713922023773,0.6200032234191895,0.00022542259830515832
ISIC_0033325,mel,mel,0.09076333791017532,0.27072107791900635,0.13198663294315338,0.0271354541182518,0.4786244332790375,0.0004415515868458897,0.0003275308117736131
ISIC_0033068,mel,mel,0.00029546659789048135,2.99502626148751e-05,0.0007646761951036751,1.40341790029197e-05,0.9988183379173279,6.843239680165425e-05,9.112082807405386e-06
ISIC_0032892,mel,mel,1.9085487110714894e-06,1.1220538453926565e-06,8.510600309818983e-06,3.785586955018516e-07,0.9999867677688599,9.787502222025068e-07,3.103393737546867e-07
ISIC_0026976,mel,nv,0.0014658443396911025,9.137261076830328e-05,0.26119768619537354,0.00011320585326757282,0.008838596753776073,0.7282165884971619,7.66572993597947e-05
ISIC_0032844,mel,mel,8.316557796206325e-06,1.4766940694244113e-05,6.2964345488580875e-06,1.3577231584349647e-05,0.9961058497428894,0.0038400553166866302,1.1143802112201229e-05
ISIC_0034059,mel,mel,9.576406228006817e-06,5.490759576787241e-05,3.069100057473406e-05,3.4332206269027665e-06,0.9926537275314331,0.007243774831295013,3.864177415380254e-06
ISIC_0033272,mel,bkl,0.0011232318356633186,2.682242848095484e-05,0.8191336989402771,9.98034083750099e-05,0.1792556345462799,0.0003299810050521046,3.08617418340873e-05
ISIC_0032718,mel,mel,5.087408862891607e-05,0.008524682372808456,0.00026829951093532145,4.113023169338703e-05,0.9906268119812012,0.00044722066377289593,4.102320963284001e-05
ISIC_0034269,mel,mel,1.5392394061564119e-06,1.6894133523237542e-06,5.6275503084179945e-06,4.2842017933253373e-07,0.999984622001648,5.777101705461973e-06,3.881120846926933e-07
ISIC_0032598,mel,mel,5.27940710526309e-06,2.2032015749573475e-06,1.370619884255575e-06,1.5322037143050693e-05,0.9583794474601746,0.04158427193760872,1.207722925755661e-05
ISIC_0033004,mel,mel,2.1542173271882348e-05,2.0613340893760324e-05,4.158378214924596e-05,3.2035753974923864e-05,0.8433628678321838,0.15649153292179108,2.9853716114303097e-05
ISIC_0032072,mel,nv,0.07463941723108292,0.01754642277956009,0.320586234331131,0.043975889682769775,0.05574428290128708,0.48715734481811523,0.0003503173647914082
ISIC_0033687,mel,nv,1.1267691206739983e-06,2.7292148843116593e-06,4.785310011357069e-06,3.81996551368502e-06,0.03289920091629028,0.9670839309692383,4.318638730183011e-06
ISIC_0032812,mel,nv,3.6684707538370276e-06,2.211838136645383e-06,2.106332885887241e-07,6.196985850692727e-06,0.0006505798082798719,0.9993324875831604,4.561768491839757e-06
ISIC_0033038,mel,mel,0.00033884416916407645,0.0018302734242752194,0.00039992271922528744,1.0053135156340431e-05,0.9971112012863159,0.00030382329714484513,5.818485988129396e-06
ISIC_0033630,mel,mel,3.180745989084244e-05,6.021512672305107e-05,0.015619521960616112,4.610642918123631e-06,0.9842724800109863,6.139289325801656e-06,5.239036909188144e-06
ISIC_0033209,mel,mel,5.900707492401125e-06,2.9242758046166273e-06,4.844954310101457e-05,3.1633528578822734e-06,0.9999231100082397,1.3882191524317022e-05,2.4063383534667082e-06
ISIC_0034074,mel,mel,0.0005300666089169681,7.55857618059963e-05,0.0003378704423084855,2.295131707796827e-05,0.996232807636261,0.0027690015267580748,3.1730956834508106e-05
ISIC_0032622,mel,mel,1.866588490884169e-06,2.2077867924963357e-06,7.984978651620622e-07,1.973133521460113e-06,0.9999823570251465,7.387409368675435e-06,3.404691369723878e-06
ISIC_0033883,mel,mel,4.041855845571263e-06,1.385006385135057e-06,7.244312291732058e-05,1.9001569171450683e-06,0.9957692623138428,0.0041483319364488125,2.7195683287573047e-06
ISIC_0033470,mel,mel,4.597652605298208e-07,6.98311794167239e-07,6.340483764688543e-07,4.2529973143246025e-07,0.9999833106994629,1.4044559065951034e-05,4.326028317791497e-07
ISIC_0024482,mel,mel,9.422750008525327e-05,5.97286225456628e-06,6.758915787941078e-06,3.693619191835751e-06,0.9998834133148193,5.317827799444785e-06,5.299831400407129e-07
ISIC_0033863,mel,mel,2.8684717108262703e-06,5.01207250636071e-06,2.996433795487974e-05,6.25327265879605e-06,0.9593812227249146,0.04057101160287857,3.6532283047563396e-06
ISIC_0034242,mel,mel,1.8204790421805228e-06,1.1370254924258916e-06,1.3287990441313013e-06,4.184987574262777e-06,0.999891996383667,9.613602014724165e-05,3.4167269404861145e-06
ISIC_0032913,mel,mel,1.2807070106646279e-06,5.080376013211207e-07,2.893704959205934e-06,1.8917355646408396e-06,0.9999873638153076,5.762392902397551e-06,2.8358758186186606e-07
ISIC_0033981,mel,mel,5.2533173402480315e-06,9.470758755014685e-07,1.3807636605633888e-05,1.8500875285099028e-06,0.9999673366546631,1.0279789421474561e-05,5.501028681464959e-07
ISIC_0034188,mel,nv,6.110042249929393e-06,1.713564597594086e-05,7.991692655195948e-06,0.0002163816534448415,0.0002773056039586663,0.9989060163497925,0.0005690508405677974
ISIC_0032684,mel,mel,2.6078066639456665e-06,6.593998477910645e-06,2.096844582410995e-06,2.8917309009557357e-06,0.9961481094360352,0.003831650363281369,6.103711712057702e-06
ISIC_0032836,mel,mel,5.260333637124859e-06,1.913094138217275e-06,7.0088403845147695e-06,3.94477092413581e-06,0.9988460540771484,0.0011329492554068565,2.865284841391258e-06
ISIC_0033546,mel,mel,1.5496871128561907e-06,1.6027526044126716e-06,8.931966704039951e-07,3.563318750821054e-05,0.9986201524734497,0.0013353382237255573,4.7872908908175305e-06
ISIC_0027306,mel,mel,2.6008247004938312e-05,2.6483554393053055e-05,5.8316716604167596e-05,0.0003769313043449074,0.9991979002952576,0.00030078005511313677,1.3588991350843571e-05
ISIC_0032552,mel,nv,0.00032648039632476866,0.001350477570667863,0.16769973933696747,9.586937812855467e-05,0.14909888803958893,0.6807655692100525,0.0006630126154050231
ISIC_0033300,mel,nv,3.38111794917495e-06,3.5640648547996534e-06,1.3396892200034927e-06,1.5933399481582455e-05,0.02113979496061802,0.9788299798965454,5.920740477449726e-06
ISIC_0033611,mel,mel,1.5880477803875692e-05,0.00011165583418915048,0.00024180233594961464,1.4857134374324232e-05,0.7391340732574463,0.26042866706848145,5.312381108524278e-05
ISIC_0033586,mel,nv,6.474885140050901e-06,1.2510042324720416e-05,0.001365352189168334,2.070435357381939e-06,0.001562428893521428,0.9970467686653137,4.534091658570105e-06
ISIC_0033029,mel,mel,2.379702664256911e-06,3.8614402001257986e-05,1.872840812211507e-06,9.751245670486242e-06,0.9992268085479736,0.0007167720468714833,3.850700068142032e-06
ISIC_0033670,mel,nv,5.013736199543928e-07,3.641272883214697e-07,1.919708665809594e-06,4.776234163728077e-06,0.00012273767788428813,0.9998660087585449,3.649949348982773e-06
ISIC_0032509,mel,nv,6.014164682710543e-06,6.473805115092546e-06,1.0089443094329908e-05,3.2414761790278135e-06,0.0013583686668425798,0.9986140727996826,1.8127298062609043e-06
ISIC_0032592,mel,vasc,0.004223589785397053,0.08971307426691055,0.0048022400587797165,0.003903409233316779,0.2890562415122986,0.0077949827536940575,0.6005064845085144
ISIC_0032687,mel,mel,6.636181296926225e-06,1.1712812920450233e-05,2.279567070218036e-06,4.7264307795558125e-05,0.9998414516448975,8.706918742973357e-05,3.5394348287809407e-06
ISIC_0033055,mel,mel,0.0003669573925435543,0.00024084228789433837,4.338465714681661e-06,0.01652064546942711,0.9816615581512451,0.001163961598649621,4.1639716073405e-05
ISIC_0033487,mel,nv,0.0006700739613734186,0.0024126158095896244,9.635330206947401e-05,0.0018889788771048188,0.04863228276371956,0.9399607181549072,0.006339036859571934
ISIC_0033957,mel,mel,1.2877254448540043e-05,7.787496542732697e-06,8.919928404793609e-07,3.206339169992134e-05,0.8556063175201416,0.14429959654808044,4.0506190998712555e-05
ISIC_0032626,mel,mel,8.608004463894758e-06,0.00030951661756262183,0.0001345752098131925,6.674738688161597e-05,0.9993935823440552,6.353976459649857e-06,8.054866339080036e-05
ISIC_0033051,mel,mel,4.763198012369685e-05,0.00032025709515437484,0.00030374122434295714,0.00034899538150057197,0.9968143105506897,0.0009745679562911391,0.001190508482977748
ISIC_0027149,mel,mel,1.4182495760906022e-05,1.8845704516934347e-06,3.9966602344065905e-05,4.4209364205016755e-06,0.991958498954773,0.007978260517120361,2.876588041544892e-06
ISIC_0032918,mel,mel,0.00014027701399754733,0.0009970745304599404,0.21821731328964233,7.994633779162541e-05,0.663070559501648,0.11702097207307816,0.00047384461504407227
ISIC_0033752,mel,bkl,0.014780600555241108,0.0002657795848790556,0.7027598023414612,0.0008428082801401615,0.28075918555259705,0.0005467800656333566,4.5076067181071267e-05
ISIC_0033730,mel,mel,6.414362815121422e-06,8.309276381623931e-06,0.00012372294440865517,5.587146006291732e-06,0.9997771382331848,7.288378401426598e-05,5.904624686081661e-06
ISIC_0032975,mel,mel,1.2086354672646848e-06,1.332394163000572e-06,1.3320569451025221e-05,1.119136186389369e-06,0.9999779462814331,4.08857749789604e-06,1.0257164149152231e-06
ISIC_0033114,mel,bkl,0.0005555854295380414,0.03314094990491867,0.8526909947395325,0.0002079237310681492,0.1033100113272667,6.987605593167245e-05,0.01002460066229105
ISIC_0030150,mel,mel,4.738565257866867e-05,0.0001962663372978568,5.3392632253235206e-05,4.316872491472168e-06,0.9995198249816895,0.00017700891476124525,1.7358573813908151e-06
ISIC_0031233,mel,nv,0.0009146584779955447,7.541177183156833e-06,0.001650202670134604,0.00021209388796705753,0.1752243936061859,0.8219575881958008,3.354612999828532e-05
ISIC_0027204,mel,bkl,4.463435470825061e-05,4.126692147110589e-05,0.9984230995178223,1.5514675624217489e-06,0.0014769743429496884,8.229718332586344e-06,4.288297077437164e-06
ISIC_0028173,mel,nv,6.346168083837256e-05,0.00020046830468345433,0.00012221329961903393,0.002623390406370163,0.0027271085418760777,0.9942184686660767,4.484465534915216e-05
ISIC_0026770,mel,mel,1.3559350691139116e-06,1.7782597296900349e-06,1.184015582111897e-05,7.44216868042713e-06,0.9997038245201111,0.0002702917263377458,3.537655402396922e-06
ISIC_0025512,mel,mel,2.138834861398209e-05,1.4046941032574978e-05,0.00010946724069071934,1.8057849956676364e-05,0.98464035987854,0.015166183933615685,3.057239518966526e-05
ISIC_0025963,mel,mel,0.0013449591351673007,0.0024511192459613085,0.013335378840565681,0.0016024414217099547,0.7598885893821716,0.0028407960198819637,0.21853670477867126
ISIC_0032134,mel,mel,1.484085828451498e-06,1.8222024209535448e-06,3.114640549028991e-06,3.378580231583328e-06,0.9999779462814331,1.0236823982268106e-05,2.043831727860379e-06
ISIC_0027561,mel,bkl,0.00013103069795761257,1.668967706791591e-05,0.9484445452690125,2.8016107535222545e-05,0.015752894803881645,0.03561634570360184,1.041819905367447e-05
ISIC_0025316,mel,mel,4.213192733004689e-05,4.353611529950285e-06,4.871309556619963e-06,1.080943093256792e-05,0.9708794355392456,0.02905184030532837,6.5681110754667316e-06
ISIC_0029316,mel,mel,2.7049973141402006e-05,9.951342508429661e-05,1.8940331756311934e-06,0.0015560545725747943,0.9952160120010376,0.002176034962758422,0.0009234813624061644
ISIC_0030356,mel,nv,6.008456693962216e-06,3.9028404898999725e-06,1.3099792340653948e-05,0.0006600244669243693,0.0026064857374876738,0.9966334700584412,7.70649203332141e-05
ISIC_0025145,mel,mel,2.781760258585564e-06,5.667656751029426e-06,2.2338347207551124e-06,2.470080835337285e-05,0.9968771934509277,0.00303987436927855,4.756739144795574e-05
ISIC_0031999,mel,nv,0.00011743391223717481,0.0204818956553936,0.004310920834541321,0.00023484487610403448,0.008690343238413334,0.9650551676750183,0.0011094408109784126
ISIC_0028481,mel,mel,0.00020956722437404096,1.9022887499886565e-05,0.15789371728897095,1.3483831935445778e-05,0.839954674243927,0.0019049394177272916,4.5648271225218195e-06
ISIC_0029172,mel,mel,1.6272153516183607e-05,1.2287480785744265e-05,0.0007612297195009887,3.9690639823675156e-06,0.9978194236755371,0.0013837405713275075,3.0048142889427254e-06
ISIC_0031386,mel,mel,0.0001290028594667092,1.7607117115403526e-05,0.0027221329510211945,0.015682663768529892,0.5506111979484558,0.4306729733943939,0.00016442571359220892
ISIC_0027302,mel,nv,1.7856296835816465e-05,6.164425030874554e-06,3.5706634662346914e-06,0.0002129168133251369,0.0008284721989184618,0.9989227652549744,8.256421097030398e-06
ISIC_0028548,mel,mel,0.004432326182723045,0.0002354552852921188,0.0015590147813782096,2.6837280529434793e-05,0.9936450719833374,9.872511873254552e-05,2.5623469355195994e-06
ISIC_0032036,mel,mel,1.0302595910616219e-05,5.728475571231684e-06,0.0005597312701866031,3.7988779695297126e-06,0.996792733669281,0.002625308698043227,2.3301092824112857e-06
ISIC_0029843,mel,nv,1.1444706615293398e-05,2.9464315502991667e-06,1.0516746442590374e-05,2.935585143859498e-06,0.021360322833061218,0.9786102771759033,1.5762464045110391e-06
ISIC_0029454,mel,mel,0.002638422418385744,2.4815695724100806e-05,0.005079773720353842,1.3589855370810255e-05,0.9922295212745667,8.30524368211627e-06,5.545183739741333e-06
ISIC_0028051,mel,nv,0.0003104365896433592,0.0004461136704776436,3.499676677165553e-05,5.578468699241057e-05,0.4777829051017761,0.521323561668396,4.620273830369115e-05
ISIC_0027328,mel,mel,0.0011012015165761113,0.002566455164924264,0.004234306048601866,1.2012511433567852e-05,0.9919666051864624,8.124053420033306e-05,3.82145844923798e-05
ISIC_0024546,mel,bkl,0.021077612414956093,6.893101090099663e-05,0.9050871133804321,0.00016297299589496106,0.06861408799886703,0.004926152992993593,6.321394175756723e-05
ISIC_0030382,mel,mel,0.007929378189146519,4.683535735239275e-05,0.0050681051798164845,0.0015871396753937006,0.9724737405776978,0.01279507391154766,9.967454388970509e-05
ISIC_0028017,mel,nv,5.737696028518258e-06,3.034840347027057e-06,0.0003200018254574388,7.081036073941505e-06,0.024416301399469376,0.9752257466316223,2.211000355600845e-05
ISIC_0028288,mel,mel,0.00021283100068103522,0.000636667653452605,8.738569704291876e-06,8.684575732331723e-06,0.998690664768219,0.0004383878840599209,4.00572980652214e-06
ISIC_0027030,mel,mel,1.4879219634167384e-05,1.415811220795149e-05,5.140618304722011e-05,1.2707781934295781e-05,0.9995760321617126,0.0003289777669124305,1.8064541791318334e-06
ISIC_0030689,mel,bkl,0.008179365657269955,3.2257423299597576e-05,0.695152223110199,0.0017626920016482472,0.2942036986351013,0.0005733961006626487,9.627367398934439e-05
ISIC_0024516,mel,nv,0.023411544039845467,7.398120942525566e-05,0.022711938247084618,0.0011302945204079151,0.1692744344472885,0.7833104729652405,8.728206739760935e-05
ISIC_0029744,mel,mel,0.00028129221755079925,0.00048814615001901984,1.613095446373336e-05,0.005673952400684357,0.9877338409423828,3.039120747416746e-05,0.005776303820312023
ISIC_0024351,mel,mel,1.6200976460822858e-05,1.9315579265821725e-05,8.629753574496135e-05,8.363952474610414e-06,0.8819519877433777,0.11790318042039871,1.4634436411142815e-05
ISIC_0026916,mel,mel,6.240344646357698e-06,1.242813254975772e-06,9.615524504624773e-06,3.7457336929946905e-06,0.9999675750732422,1.1116058885818347e-05,5.358389785214968e-07
ISIC_0029319,mel,mel,6.189773557707667e-05,0.00010499218478798866,0.02844889834523201,1.2719275218842085e-05,0.967464029788971,0.003902653930708766,4.756082944368245e-06
ISIC_0028898,mel,mel,5.119340471537726e-07,7.159659958233533e-07,2.1115440631547244e-06,4.858172246713366e-07,0.9998371601104736,0.00015842645370867103,6.401489827112528e-07
ISIC_0025413,mel,mel,2.6964693461195566e-05,2.0036299247294664e-05,1.078755417438515e-06,2.6975430955644697e-06,0.9999405145645142,7.863947757869028e-06,8.351922247129551e-07
ISIC_0027663,mel,nv,0.0019403387559577823,9.291671449318528e-05,0.0003033022803720087,0.01386181265115738,0.000615174591075629,0.9829549193382263,0.0002314622252015397
ISIC_0030423,mel,mel,5.161894932825817e-06,2.2659839942207327e-06,5.4898273447179236e-06,1.6059178733485169e-06,0.9999827146530151,2.3733271063974826e-06,4.329141916059598e-07
ISIC_0026897,mel,mel,1.8909398932009935e-05,4.608578092302196e-05,0.0001180236940854229,6.51917116556433e-06,0.99393230676651,0.005869927350431681,8.191460437956266e-06
ISIC_0030695,mel,nv,0.0008386294357478619,0.00020760919142048806,0.008011157624423504,0.00015968245861586183,0.2411397248506546,0.7495816946029663,6.153295544208959e-05
ISIC_0024679,mel,mel,1.1677373549900949e-05,4.9275126912107226e-06,0.00018677116895560175,2.054330025202944e-06,0.9997703433036804,2.221646900579799e-05,2.0630095605156384e-06
ISIC_0025832,mel,nv,6.172517169034109e-05,9.591884008841589e-06,1.7241301975445822e-05,1.0797514732985292e-05,0.09533300995826721,0.904544472694397,2.312600008735899e-05
ISIC_0027179,mel,mel,0.0005924134165979922,0.0011561403516680002,0.0015155045548453927,0.0019628037698566914,0.9944559931755066,0.0001500448415754363,0.00016714449157007039
ISIC_0026930,mel,nv,1.5153308595472481e-05,1.2649863492697477e-05,1.1219391126360279e-05,1.2157634955656249e-05,0.0981542244553566,0.901784360408783,1.0242471034871414e-05
ISIC_0026738,mel,mel,0.00034241838147863746,1.2079806765541434e-05,0.00923776626586914,7.401948550977977e-06,0.9901801347732544,0.00021739350631833076,2.7270086775388336e-06
ISIC_0032207,mel,nv,8.210741384573339e-07,2.235059127997374e-06,9.251932169718202e-06,2.0795546333829407e-06,0.0016171311726793647,0.9983620047569275,6.462802048190497e-06
ISIC_0024733,mel,mel,0.004719140473753214,4.287080810172483e-05,0.00016606620920356363,2.9232365704956464e-05,0.9950143694877625,2.6045963750220835e-05,2.415242306597065e-06
ISIC_0031821,mel,mel,3.59130535798613e-05,0.0002577317354734987,0.00012936018174514174,0.0001057007975759916,0.5304650068283081,0.4684039354324341,0.0006023250170983374
ISIC_0025128,mel,nv,0.0012153061106801033,0.002228707307949662,0.04734335094690323,0.0002489073667675257,0.38935521245002747,0.5592578053474426,0.0003507065703161061
ISIC_0028156,mel,mel,0.00026098161470144987,7.61656992835924e-05,9.824806329561397e-05,6.519334419863299e-05,0.9985161423683167,0.0009464833419770002,3.6721616197610274e-05
ISIC_0030901,mel,mel,2.9923046440671897e-06,5.078028152638581e-06,0.00033367215655744076,4.567190899251727e-06,0.9996209144592285,3.06872243527323e-05,2.12676218325214e-06
ISIC_0030995,mel,bkl,5.2540046453941613e-05,0.00010157925134990364,0.6891778707504272,5.787165355286561e-05,0.23333033919334412,0.07722298055887222,5.6860018958104774e-05
ISIC_0031368,mel,mel,0.004766549915075302,0.0002646906941663474,0.07930303364992142,0.00010647525050444528,0.9149280786514282,0.0005306131206452847,0.00010045979433925822
ISIC_0025724,mel,nv,0.00011704368807841092,0.0005971508799120784,0.0016608070582151413,0.0002630817471072078,0.08045396953821182,0.9156977534294128,0.001210282789543271
ISIC_0027067,mel,mel,0.00013747318007517606,0.006821794435381889,0.017272263765335083,3.5239561839262024e-05,0.9452170729637146,0.030443530529737473,7.259349513333291e-05
ISIC_0025941,mel,nv,0.009785018861293793,6.460262375185266e-05,0.0011821775697171688,5.217613579588942e-05,0.003803522791713476,0.9850893616676331,2.3180216885521077e-05
ISIC_0031901,vasc,vasc,3.0317256459966302e-05,0.026303384453058243,7.762897439533845e-05,0.016125289723277092,0.0007488698465749621,0.1415318250656128,0.8151826858520508
ISIC_0026092,vasc,vasc,2.12350732908817e-05,0.00129465211648494,1.141357915912522e-05,4.853123755310662e-05,6.816292443545535e-05,1.592845728737302e-05,0.9985400438308716
ISIC_0030956,vasc,vasc,3.897033366229152e-06,2.9672737582586706e-05,3.24218990499503e-06,1.4057291082281154e-05,1.0330607437936123e-05,9.181010682368651e-05,0.9998470544815063
ISIC_0027983,vasc,vasc,4.4422311475500464e-05,0.0037399313878268003,3.3941107631108025e-06,0.0012546826619654894,5.9870548284379765e-05,4.104746403754689e-05,0.994856595993042
ISIC_0027672,vasc,vasc,2.6884044928010553e-05,0.026066765189170837,2.546143514337018e-05,0.00013635291543323547,8.71888332767412e-05,0.0002699761826079339,0.9733874201774597
ISIC_0033031,vasc,vasc,0.00037456100108101964,0.057722654193639755,0.0001566451246617362,0.00011379559146007523,0.009500255808234215,0.0007214983343146741,0.9314106106758118
ISIC_0032919,vasc,vasc,6.496273726952495e-06,2.3647135094506666e-05,1.0086916972795734e-06,3.494626434985548e-05,2.721991768339649e-05,3.216729282939923e-06,0.9999034404754639
ISIC_0033230,vasc,vasc,7.91968559497036e-05,0.2054520845413208,1.973289909074083e-05,0.0006659828359261155,0.0003302092954982072,0.0002513049985282123,0.7932014465332031
ISIC_0032270,vasc,nv,8.415440788667183e-06,1.076372086572519e-06,1.4857229871267918e-05,2.2567239284398966e-05,5.206882633501664e-05,0.9995104074478149,0.00039067157194949687
ISIC_0026876,vasc,vasc,5.853427410329459e-06,6.366769957821816e-05,1.2485613751778146e-06,6.925981870153919e-05,1.755200355546549e-05,2.4956063498393632e-05,0.9998175501823425
ISIC_0025924,vasc,vasc,1.3272010619402863e-06,3.040786577912513e-05,2.3102052182366606e-06,7.37551590646035e-06,3.7524179788306355e-05,6.9443872234842274e-06,0.9999141693115234
ISIC_0027256,vasc,vasc,1.1182421985722613e-05,2.4676650355104357e-05,7.0237761065072846e-06,0.00013624601706396788,5.499983308254741e-05,0.0013912086142227054,0.9983747005462646
ISIC_0032890,vasc,vasc,3.094184194196714e-06,2.916225275839679e-05,6.784239758417243e-06,1.9063378204009496e-05,0.00018665255629457533,4.0250393794849515e-05,0.9997150301933289
ISIC_0031706,vasc,vasc,2.574260861365474e-06,8.586010153521784e-06,5.144823262526188e-06,1.3481101632351056e-05,1.2251749467395712e-05,2.354936077608727e-05,0.9999344348907471
ISIC_0025677,vasc,vasc,4.446028469828889e-06,1.07719206425827e-05,3.3804737995524192e-06,3.58026591129601e-05,4.0654933400219306e-05,0.00010300910071237013,0.9998020529747009
ISIC_0028680,vasc,vasc,2.9214636469987454e-06,1.3504627531801816e-05,2.9323889521037927e-06,1.1327917491144035e-05,2.8082786229788326e-05,4.4685351895168424e-05,0.9998965263366699
ISIC_0029742,vasc,vasc,2.1833795926795574e-06,7.190179076133063e-06,2.8559179554576986e-06,1.1739631190721411e-05,1.0139003279618919e-05,3.4702436096267775e-05,0.9999312162399292
ISIC_0026490,vasc,vasc,3.7044508189865155e-06,2.067826790153049e-05,7.023580565146403e-06,1.484277981944615e-05,2.9619119231938384e-05,0.0007046590326353908,0.9992194175720215
ISIC_0029099,vasc,vasc,2.6371892545284936e-06,0.0001437935425201431,4.868460905527172e-07,1.7747352103469893e-05,2.108557782776188e-05,7.871687557781115e-05,0.9997355341911316
ISIC_0027937,vasc,vasc,3.183655280736275e-06,1.008265189739177e-05,8.36722051644756e-07,7.152104444685392e-06,8.620497283118311e-06,9.616823263058905e-06,0.9999605417251587
ISIC_0026068,vasc,vasc,5.059955583419651e-06,1.5040987818792928e-05,1.512759467914293e-06,3.1486957595916465e-05,1.595628054928966e-05,2.2474188881460577e-05,0.999908447265625
ISIC_0031513,bcc,bcc,0.0002200438902946189,0.9977154731750488,7.6703827289748e-06,0.00033080668072216213,0.0005742473877035081,0.001104380702599883,4.749877916765399e-05
ISIC_0027146,bcc,bcc,0.000566952396184206,0.9902207851409912,1.9905137378373183e-06,0.00853556115180254,0.00018975004786625504,0.0003292749752290547,0.00015571154654026031
ISIC_0028807,bcc,bcc,0.017438586801290512,0.9700344800949097,0.00036572336102835834,0.001174394623376429,0.006818242836743593,0.003938691690564156,0.0002298455947311595
ISIC_0031585,bcc,bcc,0.0003341117117088288,0.9995669722557068,1.1698726666509174e-05,1.0743107850430533e-05,5.210227391216904e-05,3.2836228456289973e-06,2.1036732505308464e-05
ISIC_0028693,bcc,bcc,7.464272584911669e-06,0.999975323677063,3.2612815630272962e-06,3.5754999316850444e-06,1.3460744412441272e-06,1.6677279290888691e-06,7.374363576673204e-06
ISIC_0027057,bcc,bcc,6.027393737895181e-06,0.9997326731681824,4.490088940656278e-06,0.00014270977408159524,7.00940472597722e-06,1.669335142651107e-05,9.039362339535728e-05
ISIC_0025691,bcc,bcc,1.4494539755105507e-05,0.9946967363357544,1.7571041098563e-05,0.003034336259588599,0.00021484994795173407,0.0017922238912433386,0.00022972461010795087
ISIC_0031400,bcc,bcc,0.00010284848394803703,0.9998238682746887,1.9232741124142194e-06,4.8769728891784325e-05,7.8404900705209e-06,8.661643846608058e-07,1.4007770914759021e-05
ISIC_0029747,bcc,bcc,7.849885150790215e-06,0.999902606010437,1.0965209185087588e-05,3.2937755349848885e-06,4.195016299490817e-05,9.685893928690348e-06,2.3586033421452157e-05
ISIC_0027433,bcc,bcc,0.000831013428978622,0.9964281916618347,6.807813770137727e-05,6.818892870796844e-05,0.0011669667437672615,5.691674232366495e-05,0.0013806632487103343
ISIC_0026643,bcc,bcc,0.00015748132136650383,0.9978526830673218,0.0014332665596157312,7.54614156903699e-05,0.00011849035217892379,7.953032763907686e-05,0.000283071945887059
ISIC_0032139,bcc,nv,3.365274824318476e-05,0.33508384227752686,0.001975558465346694,0.0001286628539673984,0.007087114732712507,0.6472352147102356,0.008455896750092506
ISIC_0031789,bcc,mel,0.03755361959338188,0.08045046031475067,0.00537168700248003,0.0025028525851666927,0.8690013289451599,0.0048354570753872395,0.0002845787676051259
ISIC_0031169,bcc,bcc,2.7158863304066472e-05,0.9997979998588562,0.00012591108679771423,9.739221241034102e-06,3.6855738017038675e-06,1.2503081961767748e-05,2.3030970623949543e-05
ISIC_0026453,bcc,bcc,1.8853903384297155e-05,0.9944197535514832,0.0005387403653003275,1.926011645991821e-05,0.00012846454046666622,0.0047952583990991116,7.971160812303424e-05
ISIC_0027297,bcc,bcc,0.0037429609801620245,0.9656022787094116,0.000767237797845155,0.0016425971407443285,0.019157197326421738,0.00900022592395544,8.749809785513207e-05
ISIC_0030114,bcc,bcc,0.0020500964019447565,0.6497853398323059,0.34567779302597046,0.0006039171130396426,0.0010924623347818851,0.00035661179572343826,0.0004337825521361083
ISIC_0033271,bcc,bcc,6.519946964544943e-06,0.9998760223388672,2.4182834749808535e-05,5.455377049656818e-06,7.279418696271023e-06,5.764383786299732e-06,7.481742795789614e-05
ISIC_0034255,bcc,bcc,9.782781489775516e-06,0.9995276927947998,0.0002471203915774822,6.688911071250914e-06,3.532809569151141e-05,0.00015549255476798862,1.7947291780728847e-05
ISIC_0032652,bcc,bcc,5.1262077249703e-06,0.9999802112579346,2.300633013874176e-06,1.1256628340561292e-06,2.995467411892605e-06,4.4590383367904e-06,3.886328613589285e-06
ISIC_0034276,bcc,bcc,0.0006877437699586153,0.7997145056724548,0.00010008840763475746,0.18469946086406708,0.00045716369641013443,0.0008835711632855237,0.013457443565130234
ISIC_0033468,bcc,mel,0.004148995503783226,0.33391717076301575,0.0004562774847727269,0.0023867259733378887,0.6532853841781616,1.9681516278069466e-05,0.005785776302218437
ISIC_0032816,bcc,bcc,1.7278485756833106e-05,0.9985190033912659,5.066810263087973e-05,2.6929599698632956e-05,0.0004971689195372164,0.000833979167509824,5.5045460612745956e-05
ISIC_0033372,bcc,bcc,9.629005944589153e-06,0.9995729327201843,0.00014791237481404096,4.37291782873217e-06,9.894889080896974e-05,8.965532470028847e-05,7.66032244428061e-05
ISIC_0033301,bcc,bcc,6.542626942973584e-05,0.9913861751556396,0.0006401436985470355,3.3384585549356416e-05,0.00776788080111146,2.0311361367930658e-05,8.678060112288222e-05
ISIC_0033146,bcc,bcc,6.432470854633721e-06,0.9999802112579346,6.000366738589946e-06,1.469303583689907e-06,1.5107026456462336e-06,9.543559826852288e-07,3.4602726373123005e-06
ISIC_0032727,bcc,bcc,7.701077993260697e-05,0.999873161315918,2.4821820261422545e-05,7.850372639950365e-06,7.831858056306373e-06,6.85333770888974e-06,2.4815299184410833e-06
ISIC_0025617,bcc,bcc,8.020802488317713e-05,0.8194747567176819,0.00015436131798196584,0.00013799710723105818,0.0017155120149254799,0.17783114314079285,0.0006060843588784337
ISIC_0029564,bcc,bcc,1.0313067832612433e-05,0.9998748302459717,1.5732359315734357e-05,1.0816456779139116e-05,2.965529802168021e-06,3.364472649991512e-05,5.1628026994876564e-05
ISIC_0032146,bcc,bcc,0.0004431090783327818,0.98520827293396,0.00011066338629461825,4.381518010632135e-05,0.013604757376015186,0.0004927431582473218,9.666631376603618e-05
ISIC_0025576,bcc,bcc,2.9300754249561578e-05,0.9999583959579468,3.2189711873797933e-06,2.0895290617772844e-06,2.4160237899195636e-06,2.240553158117109e-06,2.2883814381202683e-06
ISIC_0029392,bcc,bcc,2.570067772467155e-05,0.9999526739120483,2.7694384243659442e-06,6.05547393206507e-06,6.926148216734873e-06,1.2396056945362943e-06,4.708889264293248e-06
ISIC_0027601,bcc,bcc,7.162030215113191e-06,0.9999663829803467,9.39010988076916e-06,3.1648385174776195e-06,2.4744867914705537e-06,2.352253659410053e-06,9.015502655529417e-06
ISIC_0031245,bcc,bcc,2.306192800460849e-05,0.9999586343765259,2.739171804932994e-06,4.843695933232084e-06,2.480966031725984e-06,4.6399125608331815e-07,7.692893632338382e-06
ISIC_0027631,bcc,bcc,3.858061518258182e-06,0.999957799911499,4.469471150514437e-06,5.556133601203328e-06,5.996616891934536e-06,9.301915270043537e-06,1.2998415513720829e-05
ISIC_0028035,bcc,bcc,1.3377958794080769e-06,0.9997953772544861,4.726823135570157e-06,2.4303121790580917e-06,1.5605444787070155e-05,0.00017046075663529336,1.0097910490003414e-05
ISIC_0025299,bcc,bcc,1.1319535587972496e-05,0.9999784231185913,1.4208097809387255e-06,1.6615101685601985e-06,2.2474337129096966e-06,9.471341968492197e-07,3.9315582398558035e-06
ISIC_0024595,bcc,bcc,1.3824583220412023e-06,0.9999384880065918,7.2438883762515616e-06,5.616321232082555e-06,4.710780558525585e-06,1.1823580280179158e-05,3.078164081671275e-05
ISIC_0025046,bcc,bcc,0.0001046744073391892,0.8132398128509521,6.631357246078551e-05,0.00012771357432939112,0.00026968494057655334,0.1855393946170807,0.0006523827323690057
ISIC_0029805,bcc,bcc,5.6625998695380986e-05,0.9999274015426636,2.8195381673867814e-06,1.8653488496056525e-06,4.082051418663468e-06,2.063652573269792e-06,5.1343713494134136e-06
ISIC_0025433,bcc,bcc,9.848707122728229e-06,0.9999735355377197,3.7768445508845616e-06,2.271127414132934e-06,2.4039570689637912e-06,3.739606199815171e-06,4.455981979845092e-06
ISIC_0026855,bcc,bcc,8.864561095833778e-06,0.9986652135848999,0.0004724457685369998,8.643817636766471e-06,1.621490446268581e-05,0.0005437736981548369,0.00028477743035182357
ISIC_0028107,bcc,bcc,0.008688947185873985,0.9912577867507935,6.2484068621415645e-06,1.657480424910318e-05,7.262068265845301e-06,1.97789495359757e-06,2.121600482496433e-05
ISIC_0032022,bcc,bcc,9.121490620600525e-06,0.9999743700027466,3.291210759925889e-06,2.378768158450839e-06,3.897250735462876e-06,1.95392044588516e-06,5.046482328907587e-06
ISIC_0031122,bcc,bcc,4.559453373076394e-06,0.9999804496765137,3.934075721190311e-06,1.6706433143554023e-06,2.2631172669207444e-06,2.326938101759879e-06,4.793409516423708e-06
ISIC_0032225,bcc,akiec,0.707377552986145,0.2556217908859253,0.013555560261011124,0.0005812480812892318,0.021755872294306755,0.0009728054865263402,0.00013515962928067893
ISIC_0031007,bcc,bcc,7.968654244905338e-05,0.9999089241027832,4.109348992642481e-06,1.1760834013330168e-06,2.866857130356948e-06,6.375718726303603e-07,2.5938081762433285e-06
ISIC_0032290,bcc,bcc,4.644820819521556e-06,0.9999511241912842,2.5251599709008588e-06,2.275403630846995e-06,2.2064466520532733e-06,3.1696442874817876e-06,3.395873500267044e-05
ISIC_0031728,bcc,bcc,1.1885112144227605e-05,0.9998162388801575,5.579457138082944e-06,7.351252861553803e-05,1.9015009456779808e-05,1.7169932107208297e-05,5.665189019055106e-05
ISIC_0028973,bcc,bcc,1.800417339836713e-05,0.9999549388885498,1.11082881630864e-05,2.553637159508071e-06,2.3768420760461595e-06,2.8131964882049942e-06,8.232862455770373e-06
ISIC_0031009,bcc,bcc,8.10998390079476e-05,0.9998624324798584,3.739509702427313e-05,2.687060259631835e-06,1.0785483027575538e-05,2.211388618889032e-06,3.2062944228528067e-06
ISIC_0030452,bcc,bcc,0.0048038591630756855,0.9947810769081116,8.581159636378288e-05,0.00022069842088967562,1.4933993952581659e-05,4.6411994844675064e-05,4.7247118345694616e-05
ISIC_0031057,bcc,bcc,0.0008692642441019416,0.9989834427833557,0.00011867486318806186,1.5176466149569023e-05,5.022348886996042e-06,2.3283901100512594e-06,6.051410764484899e-06
ISIC_0031294,bcc,bcc,1.5212244761642069e-05,0.9999691247940063,3.9633964661334176e-06,1.4575280147255398e-06,3.5254167869425146e-06,1.4418790215131594e-06,5.323698132997379e-06
ISIC_0025530,bcc,bcc,5.600170698016882e-05,0.9997599720954895,3.2693412777007325e-06,0.00016223773127421737,5.742974735767348e-06,8.46103773710638e-07,1.2033251550747082e-05
ISIC_0029337,bcc,bcc,9.796708764042705e-05,0.9998853206634521,7.60780267228256e-06,3.3266535410803044e-06,2.0120141925872304e-06,2.3264492199359665e-07,3.507773726596497e-06
ISIC_0028652,bcc,bcc,2.7457954274723306e-05,0.9998537302017212,3.751540134544484e-05,7.379826911346754e-06,3.15783909172751e-05,7.691881364735309e-06,3.455487239989452e-05
ISIC_0030782,bcc,bcc,6.453238893300295e-05,0.9971627593040466,1.691792203928344e-05,7.437407475663349e-05,3.0593990231864154e-05,0.002491160063073039,0.00015955294657032937
ISIC_0030915,bcc,bcc,1.6847980077727698e-05,0.9999569654464722,1.3823949302604888e-05,2.814382924043457e-06,1.9887597773049492e-06,4.749382696900284e-06,2.74992203230795e-06
ISIC_0032092,bcc,bcc,0.15480084717273712,0.8447427153587341,0.0002770129358395934,8.146333129843697e-05,2.1961257516522892e-05,9.780565051187295e-06,6.618483166676015e-05
ISIC_0029602,bcc,bcc,6.140421191958012e-06,0.9999845027923584,2.3195805169962114e-06,1.609187734175066e-06,1.482029233557114e-06,1.5851086345719523e-06,2.413222546238103e-06
ISIC_0029053,bcc,df,0.002908953232690692,0.0016933269798755646,0.0002636183053255081,0.9940416216850281,0.0006257619243115187,4.9292389121546876e-06,0.00046178250340744853
ISIC_0029220,bcc,bcc,2.4623974240967073e-05,0.9999414682388306,8.899095519154798e-06,5.854370101587847e-06,2.8923222998855636e-06,4.940661710861605e-06,1.1379360330465715e-05
ISIC_0026829,bcc,bcc,0.00010633470810716972,0.961181104183197,0.001358239445835352,1.7826276234700345e-05,0.00048695903387852013,0.036795761436223984,5.374241300160065e-05
ISIC_0028568,bcc,bcc,4.658966645365581e-05,0.9999415874481201,2.7475939532450866e-06,3.6791773254662985e-06,1.9702629288076423e-06,6.624896968787652e-07,2.648367399160634e-06
ISIC_0027595,bcc,bcc,0.0006597661995328963,0.9988486766815186,8.872500075085554e-06,1.5240727407217491e-05,7.09380692569539e-05,0.00038082528044469655,1.575371243234258e-05
ISIC_0026154,bcc,bcc,9.505006892140955e-05,0.9998261332511902,4.468494807952084e-06,1.8584225472295657e-05,2.9273194741108455e-05,3.7734080251539126e-06,2.2751355572836474e-05
ISIC_0029917,bcc,bcc,9.149191100732423e-06,0.999972939491272,2.919948656199267e-06,3.091887492701062e-06,4.4934126890439074e-06,2.795171440084232e-06,4.665281721827341e-06
ISIC_0026090,bcc,bcc,0.0004739215364679694,0.9992389678955078,0.00022027903469279408,2.3514181521022692e-05,7.31038153389818e-06,2.2853102564113215e-05,1.318997146881884e-05
ISIC_0025285,bcc,bcc,0.01435281615704298,0.9645233154296875,0.020662978291511536,5.875429269508459e-05,0.00017563288565725088,0.00015298154903575778,7.344538607867435e-05
ISIC_0027920,bcc,bcc,0.00017801288049668074,0.9643299579620361,0.02232486940920353,9.936940477928147e-05,0.0006294988561421633,0.012029658071696758,0.00040868623182177544
ISIC_0025031,bcc,bcc,2.4196101549023297e-06,0.9999796152114868,3.378833753231447e-06,3.692470727401087e-06,1.5922807961032959e-06,2.6556963348411955e-06,6.714361006743275e-06
ISIC_0024931,bcc,bcc,1.14201347969356e-05,0.9999161958694458,3.47836539731361e-05,3.5151724659954198e-06,1.0704708074626978e-05,1.858880750660319e-05,4.837627784581855e-06
ISIC_0026957,bcc,bcc,0.000297211721772328,0.9878580570220947,2.594628131191712e-05,0.0002672687987796962,0.00011825886031147093,0.011138970032334328,0.0002942282590083778
ISIC_0025564,bcc,nv,0.0021690831054002047,0.3698115050792694,0.0003429949574638158,0.002886352129280567,0.009134363383054733,0.6146248579025269,0.0010308722266927361
ISIC_0032318,bcc,bcc,0.0017646789783611894,0.939444899559021,7.483481749659404e-05,0.000331403425661847,0.058277230709791183,4.8613164835842326e-05,5.836517448187806e-05
ISIC_0032061,bcc,bcc,1.3544497051043436e-05,0.9995419979095459,0.0003321679250802845,2.0841252990067005e-05,5.861960380570963e-05,1.816111762309447e-05,1.4791110515943728e-05
ISIC_0028239,nv,nv,3.759900550903694e-07,2.1505515235276107e-07,1.6968708393960696e-07,2.6935822461382486e-06,9.015855539473705e-06,0.9999865293502808,9.428098906028026e-07
ISIC_0031325,nv,nv,1.7265223561935272e-07,6.22820834905724e-08,2.3712961194632953e-07,5.694794822375115e-07,1.7733862023305846e-06,0.9999969005584717,2.30228792474918e-07
ISIC_0025311,nv,nv,1.0106715535584954e-06,1.1991220389973023e-06,1.6379717635572888e-05,4.031147909699939e-06,2.1512181774596684e-05,0.9999434947967529,1.2309104931773618e-05
ISIC_0031536,nv,nv,1.448667717340868e-06,3.206140775091626e-07,2.1574219317699317e-06,3.0726055229024496e-06,1.9047828345719608e-06,0.9999885559082031,2.502080633348669e-06
ISIC_0032060,nv,nv,4.194332632323494e-06,3.212618935322098e-07,5.210357812757138e-06,1.966485569937504e-06,4.650391929317266e-06,0.999982476234436,1.1912184163520578e-06
ISIC_0026824,nv,nv,2.3358251155514154e-07,3.2351724144064065e-07,2.3248132663411525e-07,2.7992971354251495e-06,2.303011206095107e-05,0.9999724626541138,8.966404152488394e-07
ISIC_0030993,nv,nv,8.856434305926086e-07,4.1305355580334435e-07,6.277589363890002e-07,1.2468110980989877e-05,1.098410393751692e-05,0.9999725818634033,1.9923370473406976e-06
ISIC_0029526,nv,nv,6.202178042258311e-07,2.2361615492627607e-07,3.5639794759845245e-07,5.8217472542310134e-05,2.705827000681893e-06,0.9999338388442993,4.106188043806469e-06
ISIC_0032210,nv,nv,2.0312359083618503e-06,1.4525757023875485e-06,0.00046558710164390504,6.657325138803571e-05,1.1627179219431127e-06,0.9994496703147888,1.3569801922130864e-05
ISIC_0031207,nv,nv,2.278912006659084e-06,2.6507284474064363e-06,3.8598355445174093e-07,1.6491954738739878e-05,4.5177484935265966e-06,0.9999620914459229,1.170532686955994e-05
ISIC_0027000,nv,nv,3.1396797339766636e-07,3.3758030326680455e-07,7.814091986801941e-07,6.2153831095201895e-06,1.0636948672981816e-06,0.9999897480010986,1.5913511788312462e-06
ISIC_0032317,nv,nv,1.8838358073480777e-07,2.543494872497831e-07,1.8230983869216288e-06,5.816185080220748e-07,5.465546450977854e-07,0.9999955892562866,1.040354504766583e-06
ISIC_0027784,nv,nv,5.990681302137091e-07,3.768070371279464e-07,1.2556403135022265e-06,1.0549135822657263e-06,0.0001981342793442309,0.9997977614402771,8.60234592892084e-07
ISIC_0028359,nv,nv,4.094532073395385e-07,8.879524671101535e-07,7.001489734648203e-07,5.550825790123781e-06,6.973049266889575e-07,0.9999899864196777,1.7290471987507772e-06
ISIC_0026948,nv,nv,2.7950952130595397e-07,2.0791738108982827e-07,7.358667630796845e-07,3.0341152523760684e-06,1.7561786762598786e-06,0.999992847442627,1.1631478855633759e-06
ISIC_0031604,nv,nv,1.7076951053240919e-07,1.4806527133259806e-06,6.976255235713325e-07,5.04190154515527e-07,2.058489371847827e-05,0.9999737739562988,2.892021484512952e-06
ISIC_0029273,nv,nv,2.3162994011727278e-07,3.0737825795768003e-07,2.8327733048172377e-07,5.27633437741315e-06,1.8441296560922638e-05,0.999974250793457,1.2022093187624705e-06
ISIC_0027854,nv,nv,6.096031768265675e-08,4.691540311796416e-08,7.195564677431321e-08,3.5082084082205256e-07,1.0785923905132222e-06,0.9999982118606567,2.679566932783928e-07
ISIC_0027752,nv,nv,1.1668645072404615e-07,4.3179736053389206e-07,6.169829589453002e-07,7.67641893162363e-07,4.761951458931435e-06,0.9999868869781494,6.451669378293445e-06
ISIC_0030669,nv,nv,3.908057237822504e-07,2.838864077148173e-07,3.533121173404652e-07,3.492157247819705e-06,2.3072725525707938e-06,0.9999915361404419,1.6828738580443314e-06
ISIC_0025325,nv,nv,2.9645193535543513e-06,2.1164894405956147e-06,4.8307298129657283e-05,1.0243262295261957e-05,4.153182544541778e-06,0.9998629093170166,6.92794201313518e-05
ISIC_0026036,nv,nv,5.736761067964835e-06,5.881531251361594e-06,3.153598754579434e-06,7.136019121389836e-05,0.004047218710184097,0.9957557916641235,0.00011080883996328339
ISIC_0028932,nv,nv,3.2893074148887536e-06,5.215169039729517e-06,3.917648791684769e-05,2.846705865522381e-05,0.000112977359094657,0.99979168176651,1.9194072592654265e-05
ISIC_0025676,nv,nv,1.221185812028125e-06,4.059336049522244e-07,1.5179782621999038e-06,5.058093847765122e-06,2.6529385195317445e-06,0.9999867677688599,2.517060920581571e-06
ISIC_0025142,nv,nv,6.653144737356342e-07,4.088050218342687e-07,4.92375249905308e-07,2.5191143322444987e-06,1.1415617336751893e-05,0.9999802112579346,4.379992788017262e-06
ISIC_0030016,nv,nv,2.492438682111242e-07,2.1069782007998583e-07,8.160748734553636e-07,1.9910771698050667e-06,2.5819360871537356e-06,0.9999933242797852,7.79617266744026e-07
ISIC_0027160,nv,nv,1.8694096581839403e-07,9.369006903625632e-08,5.32768240191217e-07,1.4528636711474974e-06,3.562173333193641e-06,0.9999939203262329,2.1202042432832968e-07
ISIC_0028395,nv,nv,4.326700491219526e-06,5.01339127367828e-06,3.750306132133119e-05,5.08734374307096e-05,1.3517393426809576e-06,0.9998729228973389,2.7924663299927488e-05
ISIC_0027316,nv,nv,1.1874542451550951e-06,8.709218377589423e-07,2.8639421998377657e-06,7.4638646765379235e-06,3.0601393063989235e-06,0.9999407529830933,4.378419180284254e-05
ISIC_0028034,nv,nv,5.178676929062931e-06,1.7910790575115243e-06,1.729105679260101e-05,1.3713002772419713e-05,2.017103906837292e-05,0.9999345541000366,7.362082669715164e-06
ISIC_0030128,nv,nv,1.403270601940676e-07,9.852342941485404e-08,2.0911622300445742e-07,1.110825564865081e-06,3.802996388913016e-07,0.9999973773956299,6.784450761188054e-07
ISIC_0026435,nv,nv,3.3206862326551345e-07,8.783214866525668e-08,1.5284709320440015e-07,1.2244108802406117e-06,1.1784150046878494e-05,0.9999854564666748,1.004678665594838e-06
ISIC_0027416,nv,nv,8.103199434117414e-06,3.4472309380362276e-06,0.00017883762484416366,8.233986591221765e-06,6.5841368268593214e-06,0.9997547268867493,4.010290649603121e-05
ISIC_0024746,nv,nv,7.655468834855128e-06,7.751287739665713e-06,0.00206560711376369,4.7887217078823596e-05,1.0160183592233807e-05,0.9975206255912781,0.00034032727126032114
ISIC_0024580,nv,nv,3.820656786501786e-07,1.4503056888770516e-07,1.4024868733031326e-07,9.636573850002605e-07,1.498554752288328e-06,0.999996542930603,3.9300607568293344e-07
ISIC_0031701,nv,nv,7.43723376217531e-07,4.522807728335465e-07,1.1608194654399995e-06,7.223316060844809e-06,1.6892964822545764e-06,0.999987006187439,1.618950932424923e-06
ISIC_0024369,nv,nv,9.67994196798827e-07,5.242105203251413e-07,3.2839437835718854e-07,9.514825251244474e-06,7.88592005847022e-05,0.9999083280563354,1.5497222420890466e-06
ISIC_0031157,nv,nv,2.0468544335017214e-06,4.018591880594613e-06,0.00016456244338769466,3.962134542234708e-06,1.5980754142219666e-06,0.9997774958610535,4.638081736629829e-05
ISIC_0027834,nv,nv,6.611753633478656e-07,7.986398742332312e-08,9.047168532561045e-06,3.6630012800742406e-06,3.1599950034433277e-07,0.9999850988388062,1.1198945912838099e-06
ISIC_0032254,nv,nv,2.1919686332694255e-07,8.459185352194254e-08,1.4408772585738916e-05,1.2896128964712261e-06,1.3847671880284906e-06,0.9999821186065674,3.9931262563186465e-07
ISIC_0030292,nv,nv,1.2545361016691459e-07,5.8048705398050515e-08,1.8043935767764196e-07,6.683924311801093e-07,5.120013497617038e-07,0.9999980926513672,3.747828998257319e-07
ISIC_0031330,nv,nv,1.8623933328854037e-07,1.227864458996919e-07,2.3347530486717005e-07,2.255311983390129e-06,3.682699798446265e-07,0.9999959468841553,9.220452739100438e-07
ISIC_0028812,nv,nv,3.8559693393835914e-07,1.847992052717018e-06,5.315234830050031e-08,2.7281475922791287e-05,9.12986877210642e-07,0.9999631643295288,6.322510671452619e-06
ISIC_0031174,nv,nv,5.905203579459339e-07,2.540726882216404e-07,1.5154445236476022e-06,2.53227835855796e-06,1.1743796903829207e-06,0.9999918937683105,2.03756599148619e-06
ISIC_0028025,nv,nv,6.982403988331498e-07,4.3909645341955184e-07,3.4767401757562766e-07,4.578585048875539e-06,1.6429321476607583e-05,0.999976396560669,1.1100981964773382e-06
ISIC_0027572,nv,nv,2.3153621953042602e-07,8.379370797229058e-08,4.120554990549863e-07,3.6249716117708886e-07,1.971916617549141e-06,0.9999967813491821,1.5157330324200302e-07
ISIC_0029918,nv,nv,1.298891788792389e-06,1.1128440746688284e-06,7.70097722124774e-06,0.00013506326649803668,0.00026773763238452375,0.999479353427887,0.00010773451504064724
ISIC_0025635,nv,nv,1.179106661197693e-07,1.2211116029448021e-07,5.6551442639829475e-08,3.51718085767061e-06,4.206817266094731e-06,0.9999895095825195,2.4005796603887575e-06
ISIC_0031237,nv,nv,4.3295705154378084e-07,2.5453516627749195e-07,1.5331298754972522e-06,1.3486320540323504e-06,9.596328709449153e-06,0.9999843835830688,2.5050117073988076e-06
ISIC_0026613,nv,nv,2.622758074721787e-06,2.5989497771661263e-06,1.5308182810258586e-07,0.00011377969349268824,5.295290975482203e-05,0.9998168349266052,1.0960128747683484e-05
ISIC_0029701,nv,nv,2.2616265482611198e-07,2.0353658669591823e-07,2.452019600696076e-07,2.4860617031663423e-06,1.3858609690942103e-06,0.9999943971633911,9.74972635958693e-07
ISIC_0030902,nv,nv,7.184304649854312e-06,1.6830219465191476e-05,4.771214207721641e-06,0.00012082529428880662,0.00015815877122804523,0.9618344902992249,0.037857621908187866
ISIC_0031837,nv,nv,4.1103660919361573e-07,3.3930530207726406e-07,1.9184996347121341e-07,4.172167336946586e-06,0.0005509236361831427,0.9994418025016785,2.1527084754779935e-06
ISIC_0024512,nv,nv,2.4083760763460305e-06,1.1571086133699282e-06,5.378533387556672e-06,2.4454384401906282e-05,8.417533763349638e-07,0.9998235106468201,0.00014228717191144824
ISIC_0024637,nv,nv,1.2478267308324575e-06,9.65256845120166e-07,5.834440344187897e-07,3.241512331442209e-06,0.00028487626696005464,0.9997038245201111,5.217965281190118e-06
ISIC_0031947,nv,nv,4.28435384947079e-07,8.656180483512799e-08,3.4424832051627163e-07,2.019569819822209e-06,6.091510840633418e-06,0.9999905824661255,4.228370471537346e-07
ISIC_0029386,nv,nv,1.8937414836273092e-07,3.349418875586707e-07,1.248091621164349e-07,3.6966955576644978e-06,1.4990596355346497e-06,0.9999929666519165,1.1572991525099496e-06
ISIC_0029410,nv,nv,1.5826302046662022e-07,1.28375717167728e-07,1.493047960821059e-07,8.931987736104929e-07,3.736363169082324e-06,0.9999939203262329,1.0962095302602393e-06
ISIC_0028044,nv,nv,1.3937537346464524e-07,6.824572551522579e-08,9.543135774947586e-07,5.75034505345684e-07,9.144947057393438e-07,0.9999958276748657,1.4514968142975704e-06
ISIC_0024348,nv,nv,2.9731188533332897e-07,1.2862750509157195e-07,2.380160913162399e-05,1.0188551868850482e-06,5.281186190586595e-07,0.9999735355377197,6.123269145064114e-07
ISIC_0025444,nv,nv,1.1761096629925305e-06,2.3160741591254919e-07,5.7318166000186466e-06,6.213381857378408e-05,4.908022219751729e-07,0.9999284744262695,1.731706674945599e-06
ISIC_0027375,nv,nv,2.0047521331889584e-07,8.979360188732244e-08,2.8282231596676866e-06,6.819436748628505e-07,1.8676520312510547e-06,0.9999940395355225,2.3157289774644596e-07
ISIC_0031534,nv,nv,1.9472419808153063e-05,2.8556431061588228e-05,0.0011628506472334266,0.0005918788374401629,2.8324260711087845e-05,0.9981576800346375,1.1215091944904998e-05
ISIC_0028108,nv,nv,1.1140785005636644e-07,2.98901284168096e-07,8.352282634405128e-07,4.3835490259880316e-07,3.3692649594740942e-06,0.9999932050704956,1.701663677522447e-06
ISIC_0027661,nv,nv,1.2336194288309343e-07,7.591930284434056e-08,2.0521585497590422e-07,8.662335062581406e-07,2.230742211395409e-06,0.9999960660934448,4.776775313075632e-07
ISIC_0028572,nv,nv,8.037446832531714e-07,3.125068133158493e-07,5.6512576520617586e-06,2.2178157905727858e-06,2.8527432505143224e-07,0.9999876022338867,3.005395910804509e-06
ISIC_0026168,nv,nv,1.388681766911759e-06,1.593942442923435e-06,1.1883967999892775e-05,3.309554813313298e-06,4.800160240847617e-06,0.9999563694000244,2.0692492398666218e-05
ISIC_0028613,nv,nv,3.242901584599167e-06,2.379321131229517e-06,2.361472866141412e-07,1.842132769525051e-05,0.0005229287780821323,0.9994497895240784,2.9191783141868655e-06
ISIC_0025054,nv,nv,1.2352738849585876e-05,0.00011382356751710176,9.857430995907634e-05,3.2518451916985214e-05,3.1366639632324222e-06,0.9993280172348022,0.0004116794152650982
ISIC_0031102,nv,nv,7.728314699306793e-07,2.060843513618238e-07,1.0951333024422638e-05,1.6960098037088756e-06,1.6933770439209184e-06,0.9999839067459106,7.769713192828931e-07
ISIC_0031461,nv,nv,8.885765367949716e-08,3.3021424883372674e-07,3.327343165437924e-07,4.945288765156874e-07,1.0724490948632592e-06,0.9999969005584717,7.613938350914395e-07
ISIC_0031909,nv,nv,2.673868380043132e-07,2.6967933308696956e-07,3.462959625721851e-07,2.067530886051827e-06,7.630636105204758e-07,0.9999949932098389,1.4092722722125473e-06
ISIC_0029142,nv,nv,1.8294026631338056e-06,1.680888090049848e-06,0.0008920785621739924,1.0495092510609538e-06,4.375368371256627e-05,0.9990525841712952,6.977580142120132e-06
ISIC_0028319,nv,nv,8.708102541277185e-06,9.561697879689746e-06,0.004049620591104031,1.1612966773100197e-05,4.475323748920346e-06,0.9958836436271667,3.228104469599202e-05
ISIC_0025544,nv,nv,9.332510444437503e-07,8.546752496840782e-07,0.0004823790513910353,4.043945409648586e-06,3.3363746752002044e-06,0.9994750618934631,3.342207128298469e-05
ISIC_0029699,nv,nv,8.330705441039754e-07,1.9658543237710546e-07,7.117330369510455e-07,1.9007534319825936e-06,2.9540633477154188e-06,0.999992847442627,5.169713404029608e-07
ISIC_0032066,nv,nv,1.1012598122306372e-07,9.31537513793046e-08,7.459165658474376e-07,2.6493705718166893e-06,7.481521606678143e-07,0.9999942779541016,1.3571157069236506e-06
ISIC_0024649,nv,nv,8.130181328169783e-08,2.1070755451546574e-07,9.235573372734507e-08,3.7307884781512257e-07,4.7183630158542655e-07,0.9999985694885254,2.208588085750307e-07
ISIC_0031661,nv,nv,2.8227924531165627e-07,4.588845570197009e-07,3.146365941120166e-07,3.138728516205447e-06,3.4417868732816714e-07,0.9999923706054688,3.151854571115109e-06
ISIC_0026689,nv,nv,6.25551706434635e-07,7.185554977695574e-07,3.990083143889933e-07,2.0498573576333e-06,2.5237543468392687e-06,0.9999884366989136,5.274512659525499e-06
ISIC_0027646,nv,nv,1.8567570236882602e-07,6.992237899794418e-08,2.5547117843416345e-07,1.9961998987128027e-06,9.716239901536028e-07,0.9999957084655762,6.94503626164078e-07
ISIC_0026862,nv,nv,2.9766962938992947e-07,2.2630375440257922e-07,3.1250699521478964e-06,2.551424222474452e-05,2.0588877305272035e-06,0.9999676942825317,1.0246900501442724e-06
ISIC_0025057,nv,nv,1.3882402072340483e-07,2.2740067606719094e-07,4.4665910081675975e-07,8.238927193815471e-07,3.864161499222973e-06,0.9999936819076538,7.549534188910911e-07
ISIC_0030736,nv,nv,2.42802144612142e-07,4.510543192282057e-07,1.2455464570848562e-07,1.8087190483129234e-06,2.384513572906144e-05,0.9999686479568481,4.840263045480242e-06
ISIC_0028833,nv,nv,1.6752760245708487e-07,6.96746340622667e-08,2.669419814083085e-07,9.171008628072741e-07,4.327069405007933e-07,0.9999978542327881,2.2173576041950582e-07
ISIC_0030875,nv,nv,7.313985292967118e-07,4.607969970038539e-07,1.9814051483990625e-06,3.966131771449e-06,7.457934430021851e-07,0.9999904632568359,1.637062609916029e-06
ISIC_0031647,nv,nv,2.2552968914624216e-07,1.4067211395740742e-07,7.903910841378092e-07,1.0609292075969279e-06,6.680338060505164e-07,0.999996542930603,6.385429855981783e-07
ISIC_0027938,nv,nv,1.8985426208928402e-07,1.754765293071614e-07,1.2871198862285382e-07,1.070162625183002e-06,3.5709219901036704e-06,0.9999940395355225,9.195276788886986e-07
ISIC_0029381,nv,nv,2.6194123847744777e-07,2.4634948658786016e-07,1.0025747343433977e-07,2.1283660771587165e-06,0.0002101991995004937,0.9997864365577698,6.212297307683912e-07
ISIC_0024838,nv,nv,5.416247290668252e-07,4.26228695005193e-07,1.778937985363882e-06,2.596748345240485e-06,8.436198299932585e-07,0.9999908208847046,2.9549562441388844e-06
ISIC_0024804,nv,nv,4.512439772952348e-07,1.4378758805833058e-07,1.826291509132716e-07,7.222303679554898e-07,3.8702933125023264e-06,0.999994158744812,5.497306005963765e-07
ISIC_0031364,nv,nv,9.516017485111661e-08,2.2520147524573986e-07,1.331811404270411e-06,1.4996840036474168e-06,9.126730219577439e-06,0.999985933303833,1.7045180129571236e-06
ISIC_0027440,nv,nv,6.121065894149069e-07,1.6919349263844197e-06,3.091428425250342e-06,8.940410225477535e-07,4.7098950744839385e-05,0.9999359846115112,1.0639252650435083e-05
ISIC_0030743,nv,bkl,7.485178684873972e-06,7.441164598276373e-06,0.9939642548561096,4.209009784972295e-05,1.1426232958910987e-05,0.005961243528872728,6.067639787943335e-06
ISIC_0024465,nv,nv,3.3323590287182014e-07,1.9157256758717267e-07,5.028042551202816e-07,1.7310752809862606e-05,5.385440431382449e-07,0.9999754428863525,5.609344952972606e-06
ISIC_0029984,nv,nv,3.210402610420715e-07,3.796693306412635e-07,1.0430850352349808e-06,2.5217530037480174e-06,3.3301871553703677e-06,0.9999914169311523,1.0250583954984904e-06
ISIC_0025849,nv,nv,7.113529818525421e-07,3.692978793878865e-07,4.772993520418822e-07,0.00010211715562036261,5.88101647736039e-06,0.9998840093612671,6.436029707401758e-06
ISIC_0030911,nv,nv,2.954136846256006e-07,1.8246502975216572e-07,2.9481620344995463e-07,7.880396424297942e-07,0.00017416210903320462,0.9998237490653992,4.913347879664798e-07
ISIC_0032166,nv,nv,3.521468840972375e-07,2.731420636337134e-06,3.0985765420155076e-07,2.862321252905531e-06,8.157673619280104e-06,0.9999630451202393,2.250188117614016e-05
ISIC_0028375,nv,nv,1.0011855238190037e-06,4.0055309113995463e-07,4.660836623315845e-07,1.0771234883577563e-05,4.308134066377534e-06,0.9999796152114868,3.5512853173713665e-06
ISIC_0031734,nv,nv,4.7096261823753593e-07,2.772792129235313e-07,4.55585393410729e-07,2.972808033518959e-06,4.363630978332367e-06,0.9999904632568359,9.975869943446014e-07
ISIC_0027910,nv,nv,4.1240525661123684e-07,1.7585102796147112e-07,4.473880892419402e-07,5.7450506574241444e-06,1.3117484741087537e-05,0.9999792575836182,9.092964319279417e-07
ISIC_0030524,nv,nv,5.678247362084221e-06,1.689249302216922e-06,6.529520760523155e-05,4.40706753579434e-06,2.1726466002292e-05,0.9998769760131836,2.41706584347412e-05
ISIC_0029085,nv,nv,1.596359453515106e-07,1.8213673058653512e-07,5.800936833111336e-07,7.780216719766031e-07,7.164598628150998e-06,0.9999902248382568,7.585391017528309e-07
ISIC_0030193,nv,nv,3.948529183617211e-07,3.1926799692882923e-07,3.489323034955305e-07,5.786544534203131e-06,6.863183898531133e-06,0.9999841451644897,1.9988667645520763e-06
ISIC_0026740,nv,nv,1.37424123636265e-07,1.218279095382968e-07,7.271992785717885e-08,1.8853023675546865e-06,1.4100573935138527e-06,0.9999951124191284,1.190581656373979e-06
ISIC_0027307,nv,nv,4.005186724498344e-07,2.339814528795614e-07,8.502673836119357e-07,1.27003022498684e-06,8.899973522602522e-07,0.9999957084655762,6.104118028815719e-07
ISIC_0026731,nv,nv,3.711224110247713e-07,3.903941205862793e-07,3.6100837519370543e-07,2.2215251647139667e-06,1.9580600110202795e-06,0.9999926090240479,2.0606796624633716e-06
ISIC_0024555,nv,nv,2.7228423959968495e-07,2.3339509880315745e-07,4.342926729350438e-07,1.3877420315111522e-06,1.732292275846703e-06,0.9999938011169434,2.07437574317737e-06
ISIC_0030660,nv,nv,2.2764884306525346e-06,3.142512923659524e-06,6.018248768668855e-06,2.712001332838554e-06,3.4869310638896422e-06,0.9999691247940063,1.3287920410220977e-05
ISIC_0025931,nv,nv,1.233960801982903e-06,1.2624971077457303e-06,8.143981062858074e-07,3.0401915864786133e-06,0.0001279352727578953,0.9998592138290405,6.409190064005088e-06
ISIC_0025213,nv,nv,5.542466965380299e-07,1.9749369073451817e-07,8.723969813217991e-08,2.895099441957427e-06,1.626886114536319e-05,0.9999788999557495,1.0559442671365105e-06
ISIC_0026449,nv,nv,3.26356769164704e-07,2.3007177674116974e-07,8.26853124635818e-07,1.4574901570085785e-06,3.6930227906850632e-06,0.999991774559021,1.6762207906140247e-06
ISIC_0028609,nv,nv,5.25938503415091e-07,1.834684297818967e-07,1.2180917963178217e-07,2.414520395177533e-06,1.3576576520790695e-06,0.9999948740005493,5.006226047044038e-07
ISIC_0024860,nv,nv,3.4471481740183663e-06,1.276921739190584e-05,1.2533880635601236e-06,2.0722140106954612e-05,1.0732055670814589e-05,0.9997668862342834,0.0001841765915742144
ISIC_0026267,nv,nv,1.7978377400140744e-06,7.160447808018944e-07,1.0781311630125856e-06,5.85525913265883e-06,3.6212648410582915e-05,0.999948263168335,6.0751367527700495e-06
ISIC_0030490,nv,nv,1.1841901823572698e-06,2.409171315775893e-07,7.025817581052252e-07,2.6333966616221005e-06,6.274674433370819e-06,0.9999853372573853,3.696585963552934e-06
ISIC_0028403,nv,nv,2.655773698734265e-07,4.1260250327468384e-07,4.660621470975457e-06,2.2906013441570394e-07,5.211143161432119e-06,0.9999891519546509,1.5288452459572e-07
ISIC_0032411,nv,nv,6.574474582521361e-07,3.9864562495495193e-07,3.540748423347395e-07,3.7265372156980447e-06,3.510817805363331e-06,0.9999860525131226,5.427610631159041e-06
ISIC_0032507,nv,nv,5.673400664818473e-07,5.287035378387372e-07,1.6041003902955708e-07,2.2172471290105022e-06,6.595830927835777e-05,0.9999265670776367,4.015823378722416e-06
ISIC_0024404,nv,nv,2.773037977021886e-07,1.6859313234363071e-07,9.433473024955674e-08,3.064280463149771e-06,7.11911297912593e-07,0.9999942779541016,1.4423485481529497e-06
ISIC_0031097,nv,nv,1.1686128686960728e-07,2.170764190623231e-07,1.9706160969690245e-07,4.720193658158678e-07,5.69351868762169e-06,0.9999926090240479,6.996888828325609e-07
ISIC_0029004,nv,nv,2.3122653658447234e-07,1.3207549898197612e-07,2.619812562443258e-07,4.684760881445982e-07,2.978893235194846e-06,0.9999954700469971,4.5174965634942055e-07
ISIC_0025527,nv,nv,3.267199417678057e-07,2.3090952083748562e-07,5.578099262493197e-07,2.3411555503116688e-06,2.0516151835181518e-06,0.9999920129776001,2.4694722924323287e-06
ISIC_0029492,nv,nv,1.9496706045174506e-06,2.3622151275048964e-06,1.5060198848004802e-06,2.4919776478782296e-05,3.391630514215649e-07,0.9999579191207886,1.0994936928909738e-05
ISIC_0030418,nv,nv,9.992667173719383e-07,3.0974976539255294e-07,1.6651777912102261e-07,3.3197804896190064e-06,0.00011018500663340092,0.999883770942688,1.1144470590807032e-06
ISIC_0026515,nv,nv,3.1647673495172057e-06,1.0235766012556269e-06,4.527806595433503e-06,0.0009489383082836866,6.872112408018438e-07,0.9990106821060181,3.087930235778913e-05
ISIC_0032398,nv,nv,9.824511835176963e-07,7.107512828952167e-06,2.5075630105675373e-07,2.6021269150078297e-05,2.5155475213978207e-06,0.9999423027038574,2.0795683667529374e-05
ISIC_0026253,nv,nv,1.6896080978767714e-06,2.664413386810338e-06,7.340593128901673e-07,3.483109139779117e-06,2.5096915123867802e-06,0.9999854564666748,3.521163762343349e-06
ISIC_0026000,nv,nv,1.9661581518448656e-06,3.7526488085859455e-06,4.3906578639507643e-07,8.334353879035916e-06,2.2490685296361335e-06,0.9999790191650391,4.239941063133301e-06
ISIC_0030972,nv,nv,1.3195916892527748e-07,8.078481528173143e-08,3.5468013948047883e-07,1.8152013581129722e-06,1.3314992202140274e-06,0.9999955892562866,6.863789394628839e-07
ISIC_0029536,nv,nv,1.3099594298182637e-06,8.408942875348657e-08,7.310487035283586e-06,7.956065246617072e-07,4.294431903417717e-07,0.9999892711639404,6.85842678649351e-07
ISIC_0026233,nv,nv,3.80762571694504e-06,3.3574212920939317e-06,1.7861623291537398e-07,6.778770512028132e-06,0.0028475841972976923,0.9971320629119873,6.195169135025935e-06
ISIC_0027317,nv,nv,9.728679515319527e-07,4.736449170650303e-07,1.365720549983962e-07,5.757308372267289e-06,3.897496299032355e-06,0.999984860420227,3.918773927580332e-06
ISIC_0030413,nv,nv,2.5047540930245304e-07,2.594704824332439e-07,1.1582865511172713e-07,3.964170446124626e-06,5.892660283279838e-06,0.9999879598617554,1.6127421531564323e-06
ISIC_0028021,nv,nv,7.02632064530917e-07,3.366462237863743e-07,1.326712322224921e-06,7.903578080004081e-06,2.2189610149325745e-07,0.9999873638153076,2.213789912275388e-06
ISIC_0030307,nv,nv,7.855568355807918e-07,0.0002566473267506808,2.869084028134239e-07,4.659908427129267e-06,4.356007138994755e-06,0.999681830406189,5.145561954122968e-05
ISIC_0026832,nv,nv,4.815269676328171e-07,1.0061253874482645e-07,1.061432470805812e-07,2.8477541036409093e-06,4.2334627892159915e-07,0.9999953508377075,6.825522973485931e-07
ISIC_0027553,nv,nv,1.5555885113371914e-07,4.924947560880355e-08,8.955307606584029e-08,7.687078209528408e-07,1.365912908113387e-06,0.9999973773956299,3.2243491432382143e-07
ISIC_0029287,nv,nv,2.5802432901400607e-07,2.2420107370635378e-07,1.2141984484514978e-07,9.922374601956108e-07,3.037671149286325e-06,0.9999940395355225,1.3313537010617438e-06
ISIC_0030441,nv,nv,2.876659550565819e-07,1.4153905567582115e-06,9.531693478948e-08,7.817860023351386e-06,1.6984994317681412e-06,0.999985933303833,2.6706165954237804e-06
ISIC_0025164,nv,nv,8.404650202464836e-07,5.598661232397717e-07,2.3119314107589162e-07,7.751914381515235e-06,1.2690364883383154e-06,0.9999854564666748,3.87098270948627e-06
ISIC_0031532,nv,nv,4.7324633101197833e-07,3.1773893738318293e-07,5.031286036683014e-07,1.94067251868546e-06,4.016188540845178e-06,0.9999860525131226,6.702376595058013e-06
ISIC_0030913,nv,nv,5.776937541668303e-07,2.367307843087474e-07,4.5624045696968096e-07,7.053164154058322e-06,3.7060195609228685e-05,0.9999405145645142,1.415173028362915e-05
ISIC_0031434,nv,nv,1.907877958728932e-06,2.041372454186785e-06,1.398586277900904e-06,3.052422698601731e-06,7.207730959635228e-06,0.9999737739562988,1.0600984751363285e-05
ISIC_0025007,nv,nv,2.3442933638762042e-07,2.7088492515758844e-07,7.033121818267318e-08,8.245514436566737e-06,9.152005304713384e-07,0.9999892711639404,1.096509777198662e-06
ISIC_0028083,nv,nv,3.94586868424085e-06,1.5835452131796046e-06,1.2272297453819192e-06,1.9009465859198826e-06,3.398767512408085e-05,0.9999504089355469,7.004822691669688e-06
ISIC_0030896,nv,nv,1.4996652453191928e-06,2.210503680544207e-06,6.360231168400787e-07,5.621031596092507e-05,1.779495846676582e-06,0.999909520149231,2.8082882636226714e-05
ISIC_0032505,nv,nv,1.4490506146103144e-06,1.165299181593582e-06,1.367182562717062e-07,9.635544302000199e-06,6.947470683371648e-05,0.9999122619628906,5.767523816757603e-06
ISIC_0028279,nv,nv,1.8751848074316513e-06,9.274307899431733e-07,3.057401727346587e-06,2.6762902507471154e-06,4.700844328908715e-06,0.9999814033508301,5.3712419685325585e-06
ISIC_0026688,nv,nv,1.944593464031641e-07,1.2823863926314516e-07,1.4796898994973162e-06,1.3762938806394232e-06,2.476745521562407e-06,0.9999927282333374,1.6028707250370644e-06
ISIC_0032339,nv,nv,4.3929247794949333e-07,1.1747184203159122e-07,2.4653664354445937e-07,2.8855877189926105e-06,2.5068177365028532e-06,0.9999926090240479,1.21058872082358e-06
ISIC_0027731,nv,nv,6.271595339057967e-05,2.028586095548235e-05,9.178430445899721e-06,0.007798757404088974,0.01111892145127058,0.9808616042137146,0.00012859803973697126
ISIC_0028318,nv,nv,2.054751604418925e-07,1.7347088032693136e-07,2.2310412362003262e-07,1.397072423969803e-06,7.188879180830554e-07,0.9999932050704956,4.064043878315715e-06
ISIC_0028133,nv,nv,1.3683082897841814e-06,1.346107438848776e-07,8.372456363758829e-07,1.2943186220581993e-06,8.986773423202976e-07,0.9999947547912598,7.075601615724736e-07
ISIC_0028771,nv,nv,3.4221488931507338e-06,8.568188604840543e-06,0.00044713931856676936,9.988393867388368e-05,1.2347283018243616e-06,0.9994274377822876,1.2371310731396079e-05
ISIC_0031540,nv,nv,1.602128207878195e-07,1.447006212629276e-07,7.611828891640471e-07,2.167500724681304e-06,2.5223721422662493e-07,0.9999886751174927,7.833755262254272e-06
ISIC_0027653,nv,nv,1.4275432249633013e-06,2.799121716634545e-07,2.2471571980986482e-07,1.1052312629544758e-06,5.527748271560995e-06,0.9999904632568359,1.0312423910363577e-06
ISIC_0026649,nv,nv,2.278258398291655e-05,0.00023841392248868942,2.7255640816292726e-05,5.258835153654218e-05,7.508733688155189e-05,0.9950189590454102,0.004564902279525995
ISIC_0026677,nv,nv,1.6673221807650407e-06,8.679916163600865e-07,5.561831244449422e-07,7.354290573857725e-06,9.69237703429826e-07,0.9999818801879883,6.6437560235499404e-06
ISIC_0025438,nv,nv,1.448607690690551e-06,1.493513650530076e-07,1.0627516530803405e-05,2.5432709662709385e-06,7.647448683201219e-07,0.9999823570251465,2.2379565507435473e-06
ISIC_0032500,nv,nv,7.414705009978206e-07,3.444283152020944e-07,9.436000141249679e-07,4.042988621222321e-06,6.079652052903839e-07,0.9999916553497314,1.6267307501038886e-06
ISIC_0030578,nv,nv,1.0236963134957477e-06,6.079930244595744e-06,2.4817339294713747e-07,6.831026894360548e-06,6.062704869691515e-06,0.9999740123748779,5.799131031380966e-06
ISIC_0025614,nv,nv,6.094431341807649e-07,2.353371115759728e-07,1.3612657312478404e-07,3.612162117860862e-06,1.278400668525137e-05,0.9999792575836182,3.3618230190768372e-06
ISIC_0029387,nv,nv,1.6690730717527913e-06,5.64044569273392e-07,4.1703751207933237e-07,1.1232920087422826e-06,1.2399032129906118e-05,0.9999833106994629,5.193804781811195e-07
ISIC_0025854,nv,nv,7.697593673583469e-07,2.479159775248263e-07,3.045190339889814e-07,2.4362093427043874e-06,3.954438909659075e-07,0.9999948740005493,1.0433274155730032e-06
ISIC_0024308,nv,nv,6.913455194990092e-07,4.447625485681783e-07,3.7584257484013506e-07,1.6383393131036428e-06,2.068521462206263e-05,0.9999737739562988,2.3809250251360936e-06
ISIC_0029449,nv,nv,1.5168306788382324e-07,1.1562197244074923e-07,7.443745175805816e-08,6.906115572746785e-07,1.4476909200311638e-06,0.9999967813491821,7.452038062183419e-07
ISIC_0026224,nv,nv,2.4000034954951843e-06,3.08396338368766e-05,4.7181686113617616e-07,2.6148232791456394e-05,3.375940423211432e-06,0.999920129776001,1.667660581006203e-05
ISIC_0024919,nv,nv,5.645670171361417e-07,3.3033251156666665e-07,5.855881468619373e-08,6.954021500860108e-07,8.34255843074061e-05,0.9999144077301025,4.6995052116471925e-07
ISIC_0028143,nv,nv,2.874274969144608e-07,5.154478230906534e-07,1.9371017856428807e-07,2.6006823645730037e-06,1.381410925205273e-06,0.999993085861206,1.9172830434399657e-06
ISIC_0027214,nv,nv,4.807620257452072e-07,1.8528557177432958e-07,1.8358366560278228e-07,1.8143075521948049e-06,1.906683792185504e-06,0.9999942779541016,1.1226712786083226e-06
ISIC_0025844,nv,nv,3.924214524886338e-06,1.3501804687621188e-06,5.059774252913485e-07,9.762615263753105e-06,7.035128874122165e-06,0.9999703168869019,7.107867531885859e-06
ISIC_0031383,nv,nv,1.3599593557955814e-06,2.392602027612156e-07,1.0047862133433227e-06,6.8394238041946664e-06,7.486209483431594e-07,0.9999884366989136,1.4161920489641489e-06
ISIC_0026244,nv,nv,5.439669621409848e-07,3.486352113668545e-07,2.265008873791885e-07,3.562324536687811e-06,2.2710296434524935e-06,0.9999905824661255,2.4062942429736722e-06
ISIC_0027393,nv,nv,1.5648151929781307e-07,1.4210772292244656e-07,1.354569292288943e-07,9.479952609581233e-07,2.4869959815987386e-06,0.9999954700469971,6.512823915727495e-07
ISIC_0028301,nv,nv,9.569055237079738e-07,6.904588190081995e-07,1.331846988250618e-07,1.592667649674695e-05,1.8837359675671905e-05,0.9999587535858154,4.571265890263021e-06
ISIC_0028616,nv,nv,3.7622658055624925e-06,2.696405658753065e-07,1.5505916053371038e-06,5.524019434233196e-05,5.055057386016415e-07,0.999937891960144,8.072613013609953e-07
ISIC_0027200,nv,nv,1.3129877629580733e-07,1.1311982461847947e-07,2.6384830675851845e-07,2.20763837432969e-07,3.092814040428493e-07,0.9999985694885254,3.687678713504283e-07
ISIC_0024611,nv,nv,2.6972327304974897e-06,3.743503214082011e-07,1.3937483345216606e-06,1.4611017832066864e-05,1.3927650570622063e-06,0.9999761581420898,3.369702426425647e-06
ISIC_0032180,nv,nv,4.6821020305287675e-07,1.7342541980269743e-07,4.1088040347858623e-07,1.8910270682681585e-06,2.2845026137474633e-07,0.9999961853027344,6.983614184719045e-07
ISIC_0024660,nv,nv,1.0024904213423724e-06,8.029711580093135e-07,2.852877400982834e-07,3.1233962545229588e-06,9.160849003819749e-05,0.9999011754989624,2.0153722743998514e-06
ISIC_0028772,nv,nv,1.9730869382783567e-07,1.2966094686817087e-07,1.4212736232366296e-07,6.787103643546288e-07,1.9330880149937e-06,0.9999964237213135,4.222399070386018e-07
ISIC_0029906,nv,nv,2.954793103526754e-07,4.292406288186612e-07,6.614235985580308e-07,2.2665287815470947e-06,2.4732134988880716e-06,0.9999923706054688,1.4281409903560416e-06
ISIC_0029168,nv,nv,8.941148621488537e-07,7.977275799930794e-07,2.4201136739065987e-07,4.3267073124297895e-06,0.00037361972499638796,0.9996142387390137,5.845933628734201e-06
ISIC_0024820,nv,nv,5.406159289123025e-07,2.426814376121911e-07,3.136140094284201e-07,2.1510791157197673e-06,1.8211300130133168e-06,0.9999929666519165,1.9649539808597183e-06
ISIC_0027491,nv,nv,9.835337095864816e-07,1.5248188844907418e-07,6.29853360578636e-08,1.4081781500863144e-06,5.479752758219547e-07,0.999996542930603,2.9199517825873045e-07
ISIC_0031964,nv,nv,4.528707222561934e-07,1.8548080049640703e-07,1.2330163201568212e-07,1.3793251127935946e-06,5.7583827583584934e-05,0.9999392032623291,9.871833981378586e-07
ISIC_0027962,nv,nv,3.197189926140709e-07,1.866560950247731e-07,1.2176852237644198e-07,1.202072326123016e-06,5.224009782978101e-06,0.9999918937683105,1.0158158829653985e-06
ISIC_0027325,nv,nv,2.6450527457200224e-07,1.947274625990758e-07,3.248689210977318e-07,2.553369995439425e-06,4.841446639147762e-07,0.9999953508377075,8.664972597216547e-07
ISIC_0024488,nv,nv,3.5475559911901655e-07,7.343213326294062e-08,1.6025744571379619e-06,9.620221135264728e-07,1.867995962356872e-07,0.9999966621398926,1.658537769344548e-07
ISIC_0027048,nv,nv,8.023884561225714e-07,1.4894202422510716e-06,4.931353103643232e-08,8.51855020300718e-06,6.511149422294693e-06,0.9999791383743286,3.639339865912916e-06
ISIC_0029556,nv,nv,4.5512513224821305e-07,1.250360526228178e-07,2.57954525295645e-07,1.825053232096252e-06,9.806011576074525e-07,0.9999953508377075,1.0243021506539662e-06
ISIC_0029377,nv,nv,4.1393141714252124e-07,3.2222533263848163e-07,2.625743888984289e-07,1.3737854942519334e-06,1.6602667756160372e-06,0.9999938011169434,2.0730467440444045e-06
ISIC_0026062,nv,nv,1.0598042763376725e-06,4.256139618519228e-07,1.3625663086713757e-06,3.735641485036467e-06,4.3159263896086486e-07,0.9999904632568359,2.4542760002077557e-06
ISIC_0026300,nv,nv,5.892655394745816e-07,2.0987056359444978e-07,7.470355853911315e-07,3.140367698506452e-05,3.452031705819536e-06,0.9999599456787109,3.714160357048968e-06
ISIC_0029517,nv,nv,9.241525162906328e-07,9.307312325290695e-07,5.241112717158103e-07,9.551642506266944e-06,1.3931035937275738e-05,0.9999688863754272,5.269532721285941e-06
ISIC_0025290,nv,nv,8.393261907713168e-08,1.1162530455521846e-07,1.7997027157434786e-07,4.5673888848796196e-07,7.356899232036085e-07,0.999997615814209,8.068415695561271e-07
ISIC_0028911,nv,nv,3.569221291854774e-07,1.839637775447045e-07,1.389140038554615e-07,1.024899688673031e-06,6.530761311296374e-06,0.9999911785125732,4.961596573593852e-07
ISIC_0030837,nv,nv,5.8815317061089445e-06,0.00019354658434167504,6.128834229457425e-06,1.3863165804650635e-05,1.7899023987411056e-06,0.9997685551643372,1.0289396414009389e-05
ISIC_0030068,nv,nv,9.228766657543019e-07,4.4636718143920007e-07,1.346395492873853e-07,5.952760602667695e-06,3.7442148368427297e-06,0.9999873638153076,1.4243377108869026e-06
ISIC_0026699,nv,nv,1.7118544803906843e-07,1.953631141304868e-07,6.506880367851409e-08,1.965032424777746e-06,2.097589003824396e-06,0.9999946355819702,8.37568222777918e-07
ISIC_0028927,nv,nv,1.4149768503557425e-06,4.099596822015883e-07,1.94242943507561e-07,3.904243385477457e-06,2.6556256216281326e-06,0.9999902248382568,1.214303324559296e-06
ISIC_0028241,nv,nv,3.215921424271073e-06,2.0961681457265513e-07,4.6755582161495113e-07,5.325585789250908e-06,6.822274372098036e-06,0.9999822378158569,1.6695472595529282e-06
ISIC_0029006,nv,nv,2.5853759666460974e-07,1.3038874158155522e-07,1.4018651484093425e-07,8.03319721853768e-07,5.722558285015111e-07,0.9999966621398926,1.3954713722341694e-06
ISIC_0024588,nv,nv,2.998237960127881e-07,2.7011654424313747e-07,4.6580794332840014e-07,3.75246645489824e-06,1.3524671658160514e-06,0.9999924898147583,1.4830886811978417e-06
ISIC_0024671,nv,nv,1.6393272517234436e-07,1.79274536549201e-07,9.659964916863828e-08,2.6717625587480143e-06,6.289018983807182e-06,0.9999886751174927,1.9136812170472695e-06
ISIC_0030295,nv,nv,1.3832152490067529e-07,1.5311773893245118e-07,7.886426800496338e-08,4.543355771602364e-06,9.570662768965121e-07,0.9999922513961792,1.879233195722918e-06
ISIC_0031954,nv,nv,6.088648660806939e-07,5.693931939276808e-07,1.4859175223591592e-07,6.370734354277374e-06,5.954975222266512e-06,0.9999703168869019,1.6012603737181053e-05
ISIC_0029944,nv,nv,1.82099213930087e-07,3.3744174743333133e-07,1.1164394919660481e-07,1.2810857015210786e-06,5.712802249036031e-06,0.9999911785125732,1.1586245136641082e-06
ISIC_0028387,nv,nv,4.404195806273492e-06,4.604748755809851e-05,1.359511543341796e-06,3.98144984501414e-05,0.00012611037527676672,0.9997745156288147,7.784123226883821e-06
ISIC_0024826,nv,nv,3.585328158806078e-07,2.2252214648688096e-07,9.751096285981475e-08,1.5874809378146892e-06,1.718198473099619e-05,0.9999790191650391,1.603694158802682e-06
ISIC_0028207,nv,nv,2.5217452730430523e-06,4.304426056478405e-06,2.86843828689598e-06,5.427948963188101e-06,2.816700089169899e-06,0.9998843669891357,9.761809633346274e-05
ISIC_0028322,nv,nv,1.03944401530498e-07,1.1699674473675259e-07,1.1155116652616925e-07,1.4040084579391987e-06,8.485956755066582e-07,0.9999970197677612,3.5250664609520754e-07
ISIC_0029874,nv,nv,5.689491899829591e-07,4.859657565248199e-07,1.5972125311236596e-07,3.1080060125532327e-06,2.197625690314453e-05,0.9999703168869019,3.4507772852521157e-06
ISIC_0026904,nv,nv,3.28047065067949e-07,2.3164788842677808e-07,1.9686868313328887e-07,1.273352836506092e-06,1.2601897196873324e-06,0.9999954700469971,1.2176924428786151e-06
ISIC_0029408,nv,nv,2.8807659191443236e-07,2.652224111443502e-07,7.667502899266765e-08,3.203202822987805e-06,6.599761036341079e-06,0.9999867677688599,2.7923726975132013e-06
ISIC_0026564,nv,nv,3.3094022455770755e-07,2.3834300577618706e-07,4.576192225158593e-07,5.447446710604709e-06,1.0726628261181759e-06,0.9999862909317017,6.1611149249074515e-06
ISIC_0026299,nv,nv,7.924791134428233e-07,7.470547416232876e-07,5.665986577696458e-07,9.416735338163562e-06,1.4999280892880051e-06,0.9999798536300659,7.156903393479297e-06
ISIC_0028248,nv,nv,5.721311140405305e-07,2.5438626494178607e-07,5.455748350868816e-07,9.664271374276723e-07,6.914397999935318e-06,0.9999895095825195,1.2595922953551053e-06
ISIC_0028991,nv,nv,3.0319446864268684e-07,1.0261999960903267e-07,4.829975637221651e-07,4.4972517798669287e-07,1.4513943824567832e-06,0.9999967813491821,4.0991392324940534e-07
ISIC_0026550,nv,nv,4.212425210425863e-06,1.1228383982597734e-06,1.5670495940867113e-06,4.028488547191955e-06,1.7639138150116196e-06,0.9999855756759644,1.7679338952802937e-06
ISIC_0029483,nv,nv,7.408048077195417e-07,2.393611566731124e-07,3.3067800586650264e-07,1.355558765681053e-06,4.898916813544929e-06,0.999991774559021,7.613123216287931e-07
ISIC_0024601,nv,nv,3.2257804605251295e-07,9.278439847548725e-07,2.687781091026409e-07,8.816627428132051e-07,7.764517135910864e-07,0.9999881982803345,8.610111763118766e-06
ISIC_0027660,nv,nv,2.0415214407876192e-07,1.770696087532997e-07,1.2423319617482775e-07,2.8884462608402828e-06,8.34649938497023e-07,0.9999947547912598,1.1521551641635597e-06
ISIC_0028324,nv,nv,3.4396200021546974e-07,2.569354933257273e-07,1.2075594213456498e-07,3.2416085105069214e-06,1.4215338524081744e-06,0.9999920129776001,2.696861429285491e-06
ISIC_0024405,nv,nv,3.3600673532419023e-07,1.25446803167506e-07,1.2549274686080025e-07,4.897660801361781e-07,1.3912502936364035e-06,0.9999971389770508,3.869697593472665e-07
ISIC_0029532,nv,nv,6.526941547235765e-07,2.062366348809519e-07,4.4486108663477353e-07,1.1748257975341403e-06,1.500846565249958e-06,0.9999949932098389,9.306435799771862e-07
ISIC_0027273,nv,nv,5.369853965930815e-07,1.5643581718904898e-07,1.5363659144895792e-07,1.1227773484279169e-06,1.6605384871581919e-06,0.9999961853027344,3.164315671710938e-07
ISIC_0028778,nv,nv,1.619295971977408e-06,5.385895178733335e-07,1.1101600421170588e-06,9.743165719555691e-06,4.276600407138176e-07,0.9999816417694092,4.8192532631219365e-06
ISIC_0028839,nv,nv,7.508457997573714e-07,2.3184773567663797e-07,6.549180966430868e-07,4.055412318848539e-06,2.324442903045565e-06,0.9999909400939941,1.0318195791114704e-06
ISIC_0026748,nv,nv,9.814268196350895e-06,7.387289997495827e-07,2.4488565486535663e-06,3.3960704968194477e-06,2.873495213862043e-05,0.9999533891677856,1.501192059549794e-06
ISIC_0032377,nv,nv,2.57059156183459e-07,8.309434207376398e-08,1.626759313921866e-07,2.7539779239305062e-06,9.913505891745444e-07,0.9999945163726807,1.2487799949667533e-06
ISIC_0026648,nv,nv,1.4240768564377504e-07,9.427216696167307e-08,2.143586641523143e-07,2.0969248453184264e-06,1.6866458452113875e-07,0.999996542930603,7.044668564049061e-07
ISIC_0025521,nv,nv,3.585324975574622e-06,9.087227681447985e-07,1.3253139513835777e-05,2.814627623592969e-05,4.167142719779804e-07,0.9999518394470215,1.8095253153660451e-06
ISIC_0027592,nv,nv,3.4467331033738446e-07,3.455569981269946e-07,1.8207744005849236e-06,1.1437127795943525e-06,4.281860697119555e-07,0.9999940395355225,1.8450870129527175e-06
ISIC_0024713,nv,nv,8.780512530393025e-07,2.9102699272698374e-07,3.3176976899085275e-07,6.576980922545772e-06,1.2311411410337314e-06,0.9999881982803345,2.507456883904524e-06
ISIC_0031884,nv,nv,3.9199809975798416e-07,2.1141479464859003e-06,2.1762019741800032e-07,6.537163130815316e-07,7.145862923607638e-07,0.9999948740005493,1.044524083226861e-06
ISIC_0028492,nv,nv,9.884710379992612e-06,1.9517385680956068e-06,3.412164232940995e-06,4.218003141431836e-06,4.313066710892599e-06,0.9999632835388184,1.2993838936381508e-05
ISIC_0030799,nv,nv,2.2657047793472884e-07,1.51723796193437e-07,3.51773621787288e-07,9.415198860551754e-07,3.3345131669193506e-06,0.9999935626983643,1.4698389350087382e-06
ISIC_0031669,nv,nv,0.00248787272721529,0.00022650309256277978,4.563671609503217e-05,0.0023680138401687145,0.12268588691949844,0.8705456852912903,0.0016403127228841186
ISIC_0024659,nv,nv,4.598273335432168e-06,8.610542749920569e-07,4.336146957939491e-06,1.5502429960179143e-05,4.794050255441107e-06,0.9999595880508423,1.0306143849447835e-05
ISIC_0028516,nv,nv,5.905868420086335e-06,5.355889243219281e-06,7.319582095988153e-07,1.7224394468939863e-05,0.00030422702548094094,0.9996606111526489,5.907771992497146e-06
ISIC_0026357,nv,nv,7.711123544140719e-07,4.6614297843916574e-07,1.7683962596493075e-06,1.6767735360190272e-06,5.350593141884019e-07,0.9999924898147583,2.297251967320335e-06
ISIC_0025011,nv,nv,3.1880884421298106e-07,1.3836984180670697e-07,1.820244506234303e-07,1.4796571576880524e-06,8.291596031995141e-07,0.9999964237213135,7.079102033458184e-07
ISIC_0024956,nv,nv,1.533406020826078e-06,7.241576440719655e-07,4.5187249497757875e-07,2.8353679226711392e-06,1.762035935826134e-05,0.9999727010726929,4.0856953091861214e-06
ISIC_0029467,nv,nv,4.310968506615609e-07,1.8962501258101838e-07,2.3460826525933953e-07,6.07934111940267e-07,7.768492650939152e-06,0.9999902248382568,4.992224376110244e-07
ISIC_0031587,nv,nv,2.742494018548314e-07,1.1148924841108965e-06,1.225166670337785e-07,1.407616764481645e-06,2.3509205675509293e-06,0.9999897480010986,5.02270177094033e-06
ISIC_0030103,nv,nv,4.560842796763609e-07,1.8847292437840224e-07,5.567445882093125e-08,1.0529835208217264e-06,1.2762546248268336e-05,0.9999834299087524,1.977570263989037e-06
ISIC_0028661,nv,nv,2.6351824544690317e-07,1.6688403547959751e-07,1.7793230711049546e-07,6.426186587304983e-07,8.622670065960847e-06,0.99998939037323,8.015522894311289e-07
ISIC_0028483,nv,nv,8.730877993912145e-07,9.246593890566146e-07,2.0083673462067964e-06,5.047337481300929e-07,1.2534596862678882e-06,0.9999936819076538,7.576770144623879e-07
ISIC_0024532,nv,nv,2.068230060103815e-06,1.5523889373980637e-07,4.800240844815562e-07,4.235266260366188e-06,6.031602879374987e-07,0.9999916553497314,8.331283538609568e-07
ISIC_0029710,nv,nv,3.8751133502046287e-07,4.872055114901741e-07,3.886356694238202e-07,7.581151066915481e-07,9.936926517184475e-07,0.9999966621398926,4.2349097384430934e-07
ISIC_0032038,nv,nv,2.6138854991586413e-07,9.3504638698505e-08,2.626204036459967e-07,1.3413205124379601e-06,9.745859870236018e-07,0.9999964237213135,6.190056183186243e-07
ISIC_0024895,nv,nv,3.1031328262542957e-07,2.953528337457101e-07,5.015938882024784e-07,1.2523576060630148e-06,2.1321468466339866e-06,0.9999923706054688,3.1857337035035016e-06
ISIC_0031553,nv,nv,4.7506455302936956e-07,3.597155284751352e-07,2.01173577352165e-07,1.0163407750951592e-06,4.2705298255896196e-05,0.9999544620513916,7.36542006052332e-07
ISIC_0028942,nv,nv,2.0852723991993116e-07,7.089938236504167e-08,1.4764586353521736e-07,5.439168830889685e-07,8.215861271310132e-07,0.9999977350234985,4.3151635509275366e-07
ISIC_0028391,nv,nv,3.133832819912641e-07,9.69753000390483e-06,4.080216342572385e-07,1.4031083082954865e-05,2.132972440449521e-06,0.9999455213546753,2.7904859962291084e-05
ISIC_0029086,nv,nv,2.0879086548575287e-07,4.6861205760251323e-07,1.1036976133027565e-07,1.5562739008601056e-06,7.845559935049096e-07,0.9999947547912598,2.1682621991203632e-06
ISIC_0027543,nv,nv,1.6430522009613924e-07,9.269091094665782e-08,1.0830630969849153e-07,1.363953515465255e-06,6.177411364660657e-07,0.9999971389770508,5.778995273431065e-07
ISIC_0030987,nv,nv,2.3707663387995126e-07,1.4029244255198137e-07,1.0828942720308987e-07,4.98904853429849e-07,9.541405461277463e-07,0.999997615814209,5.450301046039385e-07
ISIC_0030527,nv,nv,3.9157845321824425e-07,1.8702849047258496e-07,1.5603851011292136e-07,1.7856112890513032e-06,3.737727638508659e-06,0.999992847442627,8.695555493432039e-07
ISIC_0024460,nv,nv,1.5922357476938487e-07,1.8888370334479987e-07,8.603880985447176e-08,5.313856945576845e-06,3.075577069466817e-06,0.9999899864196777,1.0381800166214816e-06
ISIC_0026602,nv,nv,4.381934104458196e-07,1.9800657469204452e-07,2.426765206564596e-07,4.900688963971334e-06,4.027791874250397e-06,0.9999890327453613,1.1307695331197465e-06
ISIC_0027296,nv,nv,4.310405756768887e-07,1.2061734651069855e-06,1.5052954438488086e-07,6.874926384625724e-06,4.180979431112064e-06,0.9999722242355347,1.4860309420328122e-05
ISIC_0026771,nv,nv,3.436149711433245e-07,7.795798495635609e-08,8.329442380272667e-08,3.973844286520034e-06,3.649657446658239e-05,0.9999581575393677,8.079007329797605e-07
ISIC_0024536,nv,nv,1.0627894653225667e-06,6.997503874117683e-07,2.0491029317781795e-07,1.1807600458269008e-05,4.7204735892592e-05,0.9999374151229858,1.5645089206373086e-06
ISIC_0029478,nv,nv,6.274170800679713e-07,2.2656004716736788e-07,2.130908001163334e-07,1.6747691233831574e-06,5.701222107745707e-06,0.9999885559082031,2.944594598375261e-06
ISIC_0026724,nv,nv,2.914991341640416e-07,2.3680119909386121e-07,1.9517543137226312e-07,3.4925849377032137e-06,2.9946770609967643e-06,0.9999852180480957,7.63507887313608e-06
ISIC_0030199,nv,nv,2.9190692885094904e-07,1.9522303773555905e-07,1.351839813423794e-07,2.3874251837696647e-06,6.674759447378165e-07,0.9999945163726807,1.8220292758996948e-06
ISIC_0026392,nv,nv,4.1372913983650506e-07,2.0004820555641345e-07,6.064423274665387e-08,5.5143323152151424e-06,4.682859071181156e-06,0.9999876022338867,1.501662950431637e-06
ISIC_0029365,nv,nv,2.1646548020726186e-07,1.4210444021500734e-07,9.755319041460098e-08,1.8651355730980868e-06,6.97685720751906e-07,0.9999961853027344,7.445710821230023e-07
ISIC_0030147,nv,nv,8.430745310761267e-07,3.8009517311365926e-07,2.818460131948086e-07,8.620454536867328e-06,1.1722133876901353e-06,0.9999841451644897,4.632940544979647e-06
ISIC_0025728,nv,nv,9.054313068190822e-07,4.119565062410402e-07,2.598786466023739e-07,2.529992570998729e-06,1.7778631900000619e-06,0.9999901056289673,4.136089046369307e-06
ISIC_0026066,nv,nv,5.492137006513076e-06,1.5970156255207257e-06,7.693200245739718e-07,6.0376736655598506e-05,1.1375165740901139e-05,0.9998989105224609,2.147702980437316e-05
ISIC_0024645,nv,nv,1.0336295872548362e-06,7.64819162668573e-07,5.518639909496414e-07,1.0982261301251128e-05,0.001410114113241434,0.9985641837120056,1.2493262147472706e-05
ISIC_0030624,nv,nv,2.4057212044681364e-07,2.0783143384051073e-07,8.605861978594476e-08,2.0985326045774855e-06,3.039454213649151e-06,0.9999933242797852,9.75509237832739e-07
ISIC_0028161,nv,nv,8.503249659952417e-07,6.346679697344371e-07,2.8162550734123215e-05,1.6833793779369444e-05,1.1009801710315514e-05,0.9999405145645142,2.1071252831461607e-06
ISIC_0032503,nv,nv,4.565039262161008e-07,9.71337712485365e-08,4.274933758097177e-07,2.0462912289076485e-06,3.607594862842234e-07,0.9999961853027344,4.2669381628002157e-07
ISIC_0025762,nv,nv,3.83824414029732e-07,2.153006590788209e-07,2.970942034608015e-07,9.940401923813624e-07,2.321841520824819e-06,0.9999926090240479,3.19570290230331e-06
ISIC_0025721,nv,nv,4.0963422520690074e-07,2.306142903307773e-07,1.8067352414163906e-07,1.9621270439529326e-06,5.857541509612929e-07,0.999995231628418,1.4152268477118923e-06
ISIC_0026418,nv,nv,1.7447954405724886e-06,1.3988600358061376e-06,9.47317062127695e-07,4.912683380098315e-06,8.533165782864671e-06,0.9999740123748779,8.415257980232127e-06
ISIC_0028634,nv,nv,4.914166424896393e-07,1.6565623184305878e-07,1.9158909481120645e-07,1.9617750695033465e-06,1.8388897160548368e-06,0.9999940395355225,1.428357222721388e-06
ISIC_0027611,nv,nv,7.205517249531113e-07,3.295618444099091e-05,9.850413334788755e-06,1.0833667147380766e-05,1.5541712627964444e-06,0.9999264478683472,1.7657963326200843e-05
ISIC_0024613,nv,nv,1.4070387805986684e-06,6.657189715042477e-07,8.392018457925587e-07,3.4443453387211775e-06,9.784744179341942e-07,0.9999834299087524,9.21497030503815e-06
ISIC_0026667,nv,nv,2.8703308885269507e-07,1.0412417594807266e-07,7.389822087588982e-08,8.558770332456334e-07,1.2591405038619996e-06,0.9999970197677612,4.5677344928662933e-07
ISIC_0030895,nv,nv,8.399463808927976e-07,6.615790653086151e-07,4.1354553559358465e-07,7.765238478896208e-06,2.6729091473498556e-07,0.9999861717224121,3.8018133636796847e-06
ISIC_0031264,nv,nv,6.583066465282172e-07,2.3725564801679866e-07,1.344569682260044e-07,2.9821269436069997e-06,1.504623651271686e-05,0.9999788999557495,2.051247975032311e-06
ISIC_0028996,nv,nv,2.686344657831796e-07,1.2735158350096754e-07,1.3474080162723112e-07,6.996907018219645e-07,5.906433671043487e-07,0.9999971389770508,9.91212345979875e-07
ISIC_0029586,nv,nv,3.1473084050048783e-07,2.7009380687559315e-07,1.7818416608861298e-07,3.162477014484466e-06,4.546717207176698e-07,0.9999847412109375,1.0841326911759097e-05
ISIC_0027059,nv,nv,1.2748678273055702e-06,1.4070143095068488e-07,1.416968302692112e-07,7.763132089166902e-06,1.6628696357656736e-06,0.9999876022338867,1.405565512868634e-06
ISIC_0027483,nv,nv,3.235161614156823e-07,1.0589588583798104e-07,2.386045991897845e-07,1.4806065564698656e-06,1.90968785318546e-06,0.9999949932098389,9.346693445877463e-07
ISIC_0030169,nv,nv,2.395518777120742e-06,8.129273396662029e-07,2.5452786758251023e-06,6.862396276119398e-06,5.8992591220885515e-06,0.9999761581420898,5.211637017055182e-06
ISIC_0028485,nv,nv,1.3450551250571152e-07,1.8437363280554564e-07,2.128355873765031e-07,5.215429155214224e-07,5.609923391602933e-06,0.9999927282333374,5.487283374350227e-07
ISIC_0027459,nv,nv,3.1651754284212075e-07,3.167884017329925e-07,1.7819824904563575e-07,6.2472690842696466e-06,2.95238720582347e-07,0.9999912977218628,1.3903868421039078e-06
ISIC_0028206,nv,nv,2.9131584255992493e-07,2.1449127984851657e-07,9.778874954236016e-08,7.921760811768763e-07,5.9486948885023594e-05,0.999937891960144,1.2002512903563911e-06
ISIC_0024783,nv,nv,2.055722774230162e-07,7.003715296605151e-08,1.9466013156943518e-07,8.394737847083888e-07,6.266888590289454e-07,0.9999974966049194,5.376665512812906e-07
ISIC_0029754,nv,nv,4.4006128518958576e-07,1.4374985823906172e-07,1.470150152727001e-07,1.9473066004138673e-06,1.8539643633630476e-06,0.9999949932098389,5.905559419261408e-07
ISIC_0029692,nv,nv,5.082513894194562e-07,2.674970005500654e-07,1.7735273161179066e-07,1.8974521935888333e-06,1.297107337450143e-05,0.9999816417694092,2.544710241636494e-06
ISIC_0032167,nv,nv,2.344082759009325e-07,2.709610669171525e-07,1.944284093724491e-07,2.2795818495069398e-06,5.563308036471426e-07,0.9999957084655762,7.475505299225915e-07
ISIC_0024724,nv,nv,2.1396466820533533e-07,1.632168817877755e-07,9.385171750864174e-08,6.89080309257406e-07,3.2101647207127826e-07,0.9999973773956299,1.103219119613641e-06
ISIC_0030577,nv,nv,1.160161332336429e-06,3.2797055382616236e-07,3.9430366882697854e-07,7.799893865012564e-06,7.960540642670821e-06,0.9999797344207764,2.6920617983705597e-06
ISIC_0027555,nv,nv,6.11196696809202e-07,4.622428662059974e-07,1.305444499166697e-07,1.6732892618165351e-06,3.322363045299426e-05,0.9999628067016602,1.1063680176448543e-06
ISIC_0031538,nv,nv,1.021663706524123e-06,4.408488791796117e-07,3.15956526719674e-07,1.4694107903778786e-06,7.255352556967409e-06,0.9999864101409912,3.083354386035353e-06
ISIC_0030288,nv,nv,2.8108090646128403e-06,2.967567525047343e-07,7.602704954479123e-07,1.2316265383560676e-05,6.53678171147476e-07,0.9999823570251465,9.177340984933835e-07
ISIC_0025495,nv,nv,1.3938761185272597e-06,6.664885745522042e-07,3.799312651153741e-07,2.439044465063489e-06,3.7149866329855286e-06,0.9999896287918091,1.799871256480401e-06
ISIC_0027521,nv,nv,1.2651777296923683e-06,5.904617523810884e-07,5.291562956699636e-07,7.2394268499920145e-06,4.754769179271534e-06,0.9999814033508301,4.198246188025223e-06
ISIC_0030438,nv,nv,3.569640227851778e-07,6.639402982955289e-08,1.4065057030165917e-07,5.92419723943749e-07,6.016427960275905e-07,0.9999978542327881,3.240417356664693e-07
ISIC_0030043,nv,nv,8.915505418372049e-07,6.762394946235872e-07,7.912240675977955e-07,3.322072871014825e-06,3.847550487989793e-06,0.9999521970748901,3.8205820601433516e-05
ISIC_0026662,nv,nv,1.0285059488523984e-06,3.474199843367387e-07,7.098082051015808e-07,2.8705442673526704e-05,2.5249681812056224e-07,0.9999644756317139,4.450208507478237e-06
ISIC_0026088,nv,nv,2.7660878458846128e-06,2.7379921903047943e-06,7.245853794302093e-06,0.00010194751666858792,8.459051059617195e-07,0.9997473359107971,0.00013719924027100205
ISIC_0032127,nv,nv,1.6143692846526392e-05,3.270586717007973e-07,1.2453429008019157e-06,4.358816113381181e-06,0.00011045308201573789,0.9998629093170166,4.416054707689909e-06
ISIC_0029136,nv,nv,1.1520328371261712e-06,5.161563763067534e-07,5.431722343018919e-07,3.6996914332121378e-06,2.1511234535864787e-06,0.9999905824661255,1.4555699863194604e-06
ISIC_0025750,nv,nv,3.908069174940465e-07,2.385442030572449e-07,4.389830507989245e-07,1.636154820516822e-06,1.5165142031037249e-06,0.9999946355819702,1.1348075759087806e-06
ISIC_0030506,nv,nv,3.116244897682918e-07,1.0900257052526285e-07,1.3248094887785555e-07,1.2376316362860962e-06,3.0911521662346786e-06,0.9999945163726807,6.345188694467652e-07
ISIC_0029131,nv,nv,3.99289604047226e-07,3.339359579968004e-07,1.6274506720037607e-07,3.318231620141887e-06,4.253974111634307e-06,0.9999902248382568,1.2934465303260367e-06
ISIC_0027618,nv,nv,3.2646755698806373e-07,1.281836148336879e-07,1.7279631947531016e-07,2.2094441192166414e-06,1.4474020417765132e-06,0.9999946355819702,1.027370444717235e-06
ISIC_0024591,nv,nv,6.786092399124755e-07,8.15814132693049e-07,5.745408202528779e-07,4.997824817110086e-06,3.5260862205177546e-05,0.9999513626098633,6.285667041083798e-06
ISIC_0026160,nv,nv,8.419183927799168e-07,1.5581576917611528e-07,3.6749733567376097e-07,2.3906795831862837e-06,8.152106602210552e-06,0.9999871253967285,9.965443723558565e-07
ISIC_0030716,nv,nv,5.441622761281906e-07,5.223838002166303e-07,4.5185538510850165e-07,6.7119663071935065e-06,1.955071638803929e-06,0.9999319314956665,5.7999739510705695e-05
ISIC_0027743,nv,nv,6.588744554392179e-07,1.315976874138869e-07,1.7962037190955016e-07,3.2371053748647682e-06,1.1978082511632238e-05,0.9999827146530151,1.1607692158577265e-06
ISIC_0024558,nv,nv,6.023350920258963e-07,2.6245973572258663e-07,1.8370637633324804e-07,2.8435056265152525e-06,3.618897608248517e-06,0.9999910593032837,1.4156908036966342e-06
ISIC_0025111,nv,bkl,0.014051822945475578,0.0025356656406074762,0.6054292321205139,0.0004614155914168805,9.381971176480874e-05,0.3768591284751892,0.0005689539248123765
ISIC_0024633,nv,nv,3.774597985284345e-07,9.754094207892194e-07,9.844260517866132e-08,0.00010636751540005207,9.786665032152086e-06,0.9998519420623779,3.049620136152953e-05
ISIC_0031842,nv,nv,2.870747266570106e-07,1.7659161244409916e-07,5.410752237366978e-07,1.2858007494287449e-06,5.678613206328009e-07,0.9999961853027344,1.0278325817125733e-06
ISIC_0029853,nv,nv,3.8388972711800307e-07,2.1591368692952528e-07,4.937898552270781e-07,3.3178450848936336e-06,2.2914196051715408e-06,0.9999910593032837,2.2514841475640424e-06
ISIC_0027015,nv,nv,8.728969191906799e-07,5.981235062790802e-07,1.7805975858209422e-06,1.1297257742626243e-06,6.583073854926624e-07,0.9999924898147583,2.5777490009204485e-06
ISIC_0031684,nv,nv,3.3569651236575737e-07,1.0597971566994602e-07,3.308105078758672e-07,1.0442857956149965e-06,3.018783218067256e-06,0.9999946355819702,5.176743229640124e-07
ISIC_0024889,nv,nv,1.186599547509104e-07,7.26583309074158e-08,1.137106906412555e-07,3.681929285903607e-07,4.599095007051801e-07,0.9999984502792358,3.695490704558324e-07
ISIC_0028672,nv,nv,1.3414473869488575e-06,4.7111782919273537e-07,2.3431397266904241e-07,1.4687444490846246e-05,2.6091236122738337e-06,0.9999786615371704,2.0069489892193815e-06
ISIC_0024438,nv,nv,6.262575311666296e-07,4.62429056824476e-07,1.3970708323540748e-07,4.701757916336646e-06,6.775049428142665e-07,0.999990701675415,2.7305065941618523e-06
ISIC_0026077,nv,nv,3.805479309448856e-07,1.0903542033702252e-06,1.8079205688081856e-07,1.2634958466151147e-06,6.56264830922737e-07,0.9999929666519165,3.4573840821394697e-06
ISIC_0031300,nv,nv,4.4713820557262807e-07,2.0071735207238817e-07,4.6838462708365114e-07,1.213947598444065e-06,1.3490654282577452e-06,0.9999938011169434,2.4654600565554574e-06
ISIC_0026434,nv,nv,3.3888773032231256e-07,4.177957748652261e-07,1.842435608523374e-07,1.159475232270779e-06,3.081160457441001e-06,0.9999936819076538,1.0564029935267172e-06
ISIC_0031780,nv,nv,3.720881807112164e-07,1.2018458050988556e-07,2.727996388784959e-07,7.83049699748517e-07,3.7135225738893496e-07,0.9999974966049194,4.906933668280544e-07
ISIC_0029616,nv,nv,7.791897473907738e-07,6.786881385778543e-07,6.226745199455763e-07,6.6630896071728785e-06,1.611271727597341e-06,0.9999827146530151,6.848058092145948e-06
ISIC_0028624,nv,nv,6.387849680322688e-07,1.2905871926705004e-07,1.714197708224674e-07,4.130129127588589e-06,8.243613365266356e-07,0.9999929666519165,1.1522508884809213e-06
ISIC_0026899,nv,nv,6.709364015478059e-07,1.9698140363288985e-07,1.2481342537284945e-07,3.4467764180590166e-06,3.538789542290033e-06,0.9999909400939941,1.0235788749923813e-06
ISIC_0028892,nv,nv,9.234855156137201e-07,7.719344807810558e-07,2.6559780508250697e-07,8.717770469957031e-06,2.357227231186698e-06,0.9999831914901733,3.856092462228844e-06
ISIC_0027050,nv,nv,1.923855847962841e-07,1.0821349860634655e-07,3.1860298577157664e-07,7.437975568791444e-07,1.7642100829107221e-06,0.9999961853027344,6.664529337285785e-07
ISIC_0025270,nv,nv,1.5930572772049345e-05,1.7041904357029125e-05,3.975264189648442e-05,1.4788016414968297e-05,0.0012279413640499115,0.998386025428772,0.0002985682513099164
ISIC_0029506,nv,nv,2.930000277956424e-07,1.3327478143310145e-07,2.9719906251557404e-06,7.065534646244487e-07,1.3168535133445403e-06,0.9999939203262329,6.910621550559881e-07
ISIC_0028189,nv,nv,7.455371360265417e-07,2.5909417900038534e-07,2.6066643954436586e-07,3.548471795511432e-06,3.547534561221255e-06,0.9999890327453613,2.5765209556993796e-06
ISIC_0028708,nv,nv,3.365700251833914e-07,1.5933201780171657e-07,4.391296215544571e-07,9.343793294647185e-07,1.4974782970966771e-05,0.9999822378158569,9.331789101452159e-07
ISIC_0024354,nv,nv,1.4982393850004883e-06,3.6801632177230204e-06,1.2343084563326556e-06,6.010673132550437e-06,3.127315437723155e-07,0.9999654293060303,2.1880936401430517e-05
ISIC_0027342,nv,nv,4.218686626700219e-07,1.905401063595491e-07,1.829528741836839e-07,1.3792049458061229e-06,9.00447503227042e-07,0.9999960660934448,7.44162832688744e-07
ISIC_0032295,nv,nv,1.3541410908146645e-06,3.4669594128899917e-07,2.975033623897616e-07,5.907438026042655e-05,2.0356369532237295e-06,0.9999344348907471,2.3411075744661503e-06
ISIC_0030012,nv,nv,3.0162019015733676e-07,1.6980720829451457e-07,7.325611051101077e-08,1.935038881129003e-06,1.0153616130992305e-05,0.9999866485595703,8.388277024096169e-07
ISIC_0027761,nv,nv,3.4699917250691215e-06,7.665673820156371e-07,3.593339386043226e-07,2.365922910030349e-06,7.925581303425133e-05,0.9999107122421265,3.0976630114309955e-06
ISIC_0024339,nv,nv,7.760697258163418e-07,1.6126080026879208e-07,1.566240115380424e-07,4.5670580561818497e-07,6.94510663379333e-06,0.9999910593032837,4.261593176124734e-07
ISIC_0024627,nv,nv,7.469787988156895e-07,1.3251903965283418e-06,8.051871986936021e-07,8.105384040391073e-06,2.8961430871277116e-05,0.9999039173126221,5.609144500340335e-05
ISIC_0030152,nv,nv,1.2291127404751023e-06,4.423501707151445e-07,3.9655645878156065e-07,3.7363527098932536e-06,2.061859731838922e-06,0.9999872446060181,4.923202595819021e-06
ISIC_0028867,nv,nv,7.850088650229736e-07,3.519032816257095e-07,1.930543476191815e-07,2.5313054266007384e-06,8.337451617990155e-06,0.9999853372573853,2.4647856662340928e-06
ISIC_0031607,nv,nv,6.90446668727418e-08,1.9407632123602525e-07,7.205657936992793e-08,1.0797458571687457e-06,2.1495704913832014e-06,0.999994158744812,2.244724782940466e-06
ISIC_0026616,nv,nv,1.3638677955896128e-06,7.300891411432531e-07,1.2933531934322673e-06,4.0724016798776574e-06,4.631963747669943e-06,0.9999819993972778,5.968508048681542e-06
ISIC_0026459,nv,nv,1.4630902001044888e-07,8.67928520165151e-08,5.413898662709471e-08,5.970088068352197e-07,1.2456504236979526e-06,0.9999972581863403,5.633068553834164e-07
ISIC_0024384,nv,nv,2.8191089995743823e-07,2.095601274731962e-07,4.87100180635025e-07,1.1773820460803108e-06,9.161122989098658e-07,0.9999959468841553,9.788777788344305e-07
ISIC_0029275,nv,nv,3.35863688860627e-07,9.612117679580479e-08,2.9682041713385843e-07,1.4998331607785076e-06,1.4939487300580367e-06,0.9999957084655762,4.405822835451545e-07
ISIC_0026332,nv,nv,3.8239329569478286e-07,2.5906717837642645e-07,2.2916231046110624e-07,1.2436421457096003e-06,6.759692041669041e-06,0.9999821186065674,9.027181476994883e-06
ISIC_0024600,nv,nv,1.2741434147756081e-06,2.6421201937409933e-07,8.112414207062102e-07,1.1679264389385935e-05,1.8031445847555005e-07,0.9999847412109375,1.114065298679634e-06
ISIC_0030078,nv,nv,1.2152247563790297e-06,4.5017253569312743e-07,4.6486621840813314e-07,1.940928450494539e-05,7.376462463071221e-07,0.9999762773513794,1.3957557030153112e-06
ISIC_0029957,nv,nv,1.793365953517423e-07,2.0471959771839465e-07,2.0455038907130074e-07,1.4320156651592697e-06,1.524730350865866e-06,0.9999933242797852,3.098725073868991e-06
ISIC_0028273,nv,nv,9.580470532455365e-07,1.0934450074273627e-06,2.1949570339074853e-07,7.235520024551079e-05,6.85176837578183e-06,0.9998997449874878,1.8842283679987304e-05
ISIC_0027864,nv,nv,6.570469395228429e-07,2.276797630429428e-07,1.8518760214192298e-07,3.104645657003857e-06,2.5734316295711324e-06,0.9999918937683105,1.368151629321801e-06
ISIC_0027292,nv,nv,3.773093339987099e-06,1.8197533790953457e-07,3.9534120332973544e-07,6.511603714898229e-06,6.822041882514895e-07,0.9999878406524658,5.440619474939012e-07
ISIC_0025269,nv,nv,1.126975462284463e-06,6.306892146312748e-07,4.532320190264727e-07,7.465291673725005e-06,3.6971068766433746e-06,0.9999822378158569,4.420032837515464e-06
ISIC_0031397,nv,nv,1.2759641094817198e-06,1.0233649163637892e-06,3.172795572936593e-07,3.943627689295681e-06,5.085034899821039e-06,0.9999860525131226,2.2628473743679933e-06
ISIC_0028171,nv,nv,1.4412238442673697e-06,2.1701717400901543e-07,7.251051670209563e-08,4.842677299166098e-06,1.741980122460518e-05,0.999974250793457,1.7196992985191173e-06
ISIC_0030001,nv,nv,1.2326271416895906e-06,2.6360331162322836e-07,1.774025975009863e-07,2.5078536509681726e-06,5.047596005169908e-06,0.9999880790710449,2.768767899397062e-06
ISIC_0029535,nv,nv,6.086253847570333e-07,2.3770958534896636e-07,9.267502719012555e-06,2.1592686607618816e-06,1.0010023743234342e-07,0.9999868869781494,7.76450690409547e-07
ISIC_0025582,nv,nv,2.0104440068280383e-07,7.984221639389943e-08,1.1727699700259109e-07,1.1179123475812958e-06,8.377393783121079e-07,0.9999967813491821,8.897114867068012e-07
ISIC_0029078,nv,nv,8.00780180725269e-05,2.7364199922885746e-05,0.003464140696451068,4.8529855121159926e-05,5.967927791061811e-06,0.9963400363922119,3.3934044040506706e-05
ISIC_0031983,nv,nv,1.16953162887512e-06,3.1620643881069554e-07,1.2156328921264503e-05,2.3526386939920485e-05,3.9180420685624995e-07,0.9999606609344482,1.7963774325835402e-06
ISIC_0027830,nv,nv,2.6940421093968325e-07,6.871842117561755e-08,2.07492263371023e-07,9.487850434197753e-07,6.115456017141696e-07,0.9999974966049194,3.9219955283442687e-07
ISIC_0026450,nv,nv,9.057272905010905e-07,4.444626426902687e-07,4.92372407734365e-07,4.666396762331715e-06,1.91710819308355e-06,0.999985933303833,5.618655450234655e-06
ISIC_0024817,nv,nv,2.5949225346266758e-06,8.32838486530818e-06,2.274080770803266e-06,2.1565690985880792e-05,2.153657760572969e-06,0.9998949766159058,6.806800229242072e-05
ISIC_0031109,nv,nv,5.546031616177061e-07,1.2467883436784177e-07,2.463588941736816e-07,3.1739707537781214e-06,3.8043413042032626e-07,0.9999943971633911,1.0960366125800647e-06
ISIC_0031307,nv,nv,3.92132932347522e-07,1.9572112819332688e-07,1.9680483376305347e-07,1.0449031151438248e-06,2.580578984634485e-05,0.9999715089797974,8.244655305134074e-07
ISIC_0030472,nv,nv,6.061683279767749e-07,2.6945721742777096e-07,2.589289636034664e-07,2.668570687092142e-06,3.1526740258414065e-06,0.9999910593032837,2.055565346381627e-06
ISIC_0026563,nv,nv,1.0824765013239812e-06,2.7838260052703845e-07,2.485581944711157e-07,2.0983593458367977e-06,1.9555857306841062e-06,0.9999927282333374,1.658547944316524e-06
ISIC_0025757,nv,nv,5.240037239673256e-07,5.741805466641381e-07,6.441116511268774e-07,2.5386175366293173e-06,7.363802069448866e-06,0.9999783039093018,1.0031957572209649e-05
ISIC_0025037,nv,nv,7.396196792797127e-07,6.900637572471169e-07,4.0883406882130657e-07,2.742080596362939e-06,4.413164333527675e-06,0.9999891519546509,1.8842808913177578e-06
ISIC_0031439,nv,nv,2.773692528990068e-07,5.019515469939506e-07,1.382383288728306e-06,2.5529304821247933e-06,1.7531039702589624e-05,0.9999737739562988,4.034927314933157e-06
ISIC_0032488,nv,nv,3.654852775980544e-07,1.0109515358180943e-07,7.115513653843664e-07,3.634827692167164e-07,1.1890928135471768e-06,0.9999969005584717,3.3976419899772736e-07
ISIC_0027977,nv,nv,3.4076147130690515e-06,3.4692394024204987e-07,1.6916504819164402e-06,2.5260771963075968e-06,0.00023868432617746294,0.9997468590736389,6.44008332528756e-06
ISIC_0030634,nv,nv,3.6170274597679963e-07,2.1037476471974514e-07,2.400154244242003e-06,1.3744034959017881e-06,3.6764409742318094e-05,0.9999572038650513,1.6104395399452187e-06
ISIC_0025538,nv,nv,3.4507263535488164e-07,1.4058865360766504e-07,1.4557274141679954e-07,2.1366190594562795e-06,1.9999308278784156e-05,0.9999752044677734,2.037164904322708e-06
ISIC_0030719,nv,nv,1.5183549066932756e-06,3.618073947109224e-07,8.309138479489775e-07,7.663115297873446e-07,8.452466136077419e-05,0.9999116659164429,3.8365797649930755e-07
ISIC_0026472,nv,nv,1.4916846566848108e-06,6.502533551611123e-07,3.306230667021737e-07,2.6787136448547244e-05,1.7567266695550643e-05,0.999944806098938,8.394677024625707e-06
ISIC_0032012,nv,nv,2.164171775120849e-07,1.579115149752397e-07,2.607667966003646e-07,2.1658028970250598e-07,7.492560030186723e-07,0.9999980926513672,3.001361505994282e-07
ISIC_0031717,nv,nv,4.43779572378844e-06,1.8288232013219385e-06,6.536192245221173e-07,3.452528289926704e-06,1.2582005410877173e-06,0.9999855756759644,2.8521074000309454e-06
ISIC_0026307,nv,nv,9.504351083933216e-08,2.9841055493307067e-07,2.748525673723634e-07,1.9739783851946413e-07,3.485615025056177e-06,0.9999951124191284,4.0487881847184326e-07
ISIC_0024483,nv,nv,6.637671390308242e-07,3.783145814395539e-07,8.290148656442398e-08,1.0670914889487904e-05,3.3819903819676256e-06,0.9999825954437256,2.2374579202733003e-06
ISIC_0031879,nv,nv,4.677165748034895e-07,1.955928894403769e-07,2.031574126704072e-07,1.6949340988503536e-06,7.483293757104548e-06,0.9999874830245972,2.4853616196196526e-06
ISIC_0027845,nv,nv,2.313931872777175e-06,8.541217653146305e-07,1.3930986142440815e-06,1.1319247050778358e-06,8.997078839456663e-05,0.9999028444290161,1.5961220469762338e-06
ISIC_0028251,nv,nv,1.426490143785486e-07,7.981215333074942e-08,1.0762867930225184e-07,1.7783619341571466e-06,1.1933061614399776e-06,0.9999959468841553,6.588246606042958e-07
ISIC_0028940,nv,nv,4.799478574568639e-07,2.009370064115501e-06,2.515911603495624e-07,2.2632173113379395e-06,3.628080094131292e-06,0.9999874830245972,3.922093128494453e-06
ISIC_0028799,nv,nv,3.7088932458573254e-07,2.840497757006233e-07,8.258322026222231e-08,8.860867637849879e-06,2.11369388125604e-06,0.9999850988388062,3.2616960652376292e-06
ISIC_0032435,nv,nv,4.412376256368589e-06,9.817466661843355e-07,2.478303713360219e-07,5.6647759265615605e-06,9.37187869567424e-05,0.9998897314071655,5.166984919924289e-06
ISIC_0031246,nv,nv,2.7028477234125603e-07,1.823724602445509e-07,3.1215802209771937e-07,1.9715505459316773e-06,2.8185600058350246e-06,0.9999933242797852,9.514658927400887e-07
ISIC_0024325,nv,nv,1.6019174609027687e-07,7.116904043868999e-08,2.2282648615146172e-07,5.307161927703419e-07,3.972133129082067e-07,0.9999982118606567,4.0065489770313434e-07
ISIC_0029987,nv,nv,2.573589483745309e-07,1.314952555730997e-07,7.646795552318508e-08,9.860300451691728e-07,5.504959972313372e-06,0.9999927282333374,3.668921806365688e-07
ISIC_0025464,nv,nv,1.3096982911520172e-06,1.3849137303623138e-07,4.957963710694457e-07,2.7034025151806418e-06,1.5982005834302981e-06,0.9999902248382568,3.538797272994998e-06
ISIC_0031265,nv,nv,2.6827169108400994e-07,1.0067117273138138e-07,2.363663043070119e-07,9.099598514694662e-07,1.543280291116389e-06,0.9999961853027344,7.220148745545885e-07
ISIC_0030563,nv,nv,2.3101565602701157e-06,1.2284942840778967e-06,5.996666345708945e-07,1.206269644171698e-05,1.1877108590852004e-05,0.9999665021896362,5.447318017104408e-06
ISIC_0031047,nv,nv,8.630076422377897e-07,2.835740531281772e-07,3.021702639216528e-07,5.718530246667797e-06,1.585668360348791e-05,0.9999738931655884,3.1589913760399213e-06
ISIC_0025532,nv,nv,2.24268575266251e-07,3.7172642919358623e-07,1.4865209152503667e-07,1.5748455552966334e-06,1.7664544429862872e-05,0.9999785423278809,1.4600179838453187e-06
ISIC_0029134,nv,nv,4.3089565338050306e-07,2.666988336841314e-07,7.759132927276369e-07,2.883158913391526e-06,9.35182413286384e-07,0.999990701675415,4.011739747511456e-06
ISIC_0032147,nv,nv,1.2307551742196665e-06,1.2268918681002106e-07,5.236036486166995e-06,1.0008830031438265e-06,6.184105245665705e-07,0.9999911785125732,6.599270818696823e-07
ISIC_0026495,nv,nv,2.1256294076010818e-06,8.414153285229986e-07,6.039365416654618e-07,2.4880446289898828e-05,1.1670276762743015e-05,0.9999501705169678,9.697233508632053e-06
ISIC_0032323,nv,nv,6.126321068222751e-07,3.682850433506246e-07,2.573060555732809e-07,2.2166377675603144e-06,1.8009050108958036e-05,0.9999740123748779,4.43458429799648e-06
ISIC_0025739,nv,nv,3.027286936685414e-07,3.0085877256169624e-07,4.951144774167915e-07,3.1709953418612713e-06,4.937884909850254e-07,0.9999920129776001,3.0835774396109628e-06
ISIC_0025460,nv,nv,1.455835217711865e-06,5.172384476281877e-07,2.896587147915852e-07,9.442962436878588e-06,4.326871021476109e-06,0.9999819993972778,1.9855044683936285e-06
ISIC_0026939,nv,nv,3.507178405470768e-07,1.3444395108308527e-07,5.296656127029564e-07,9.176866910820536e-07,2.1191240762163943e-07,0.9999973773956299,4.1879343370965216e-07
ISIC_0027340,nv,nv,1.6213496678574302e-07,2.855444449778588e-07,2.3255348935435904e-07,2.0585687252605567e-06,2.3189409148471896e-06,0.9999938011169434,1.2419570794008905e-06
ISIC_0030062,nv,nv,4.0356187014367606e-07,2.533888618927449e-07,3.851750989269931e-07,1.6668700482114218e-06,5.550029413825541e-07,0.9999948740005493,1.9151391370542115e-06
ISIC_0030680,nv,nv,1.4982876564317849e-05,4.2987539927707985e-06,5.3198577916191425e-06,1.0092525371874217e-05,0.0013411040417850018,0.9986124038696289,1.1766611351049505e-05
ISIC_0030439,nv,nv,1.7154106899397448e-06,8.792094945420104e-07,3.8341855201906583e-07,8.680706741870381e-06,3.3660826375125907e-06,0.9999788999557495,6.0836723605461884e-06
ISIC_0031341,nv,nv,4.022232644729229e-07,8.72817125241454e-08,1.36744162659852e-07,7.364026259892853e-07,2.41833804466296e-05,0.9999740123748779,4.3626877754832094e-07
ISIC_0027891,nv,nv,6.801734571126872e-07,7.199529932222504e-07,1.2361418839645921e-06,1.2914700846522464e-06,8.248010999523103e-06,0.9999792575836182,8.524467375536915e-06
ISIC_0030568,nv,nv,1.921639977808809e-06,7.076318979670759e-07,6.774691883038031e-07,6.3074094214243814e-06,0.0005163167952559888,0.9994707703590393,3.3022579373209737e-06
ISIC_0026863,nv,nv,0.0002180168085033074,0.006363084074109793,4.472439832170494e-05,0.00031581110670231283,4.612813063431531e-05,0.9911892414093018,0.0018229290144518018
ISIC_0029116,nv,nv,6.918452299942146e-07,1.8182076644279732e-07,1.6699026161859365e-07,2.2001456727593904e-06,3.1156546356214676e-06,0.9999924898147583,1.1393943850634969e-06
ISIC_0025334,nv,nv,3.509194925754855e-07,1.2984565955775906e-07,1.2948557071013056e-07,9.735973662827746e-07,6.970137746975524e-06,0.9999904632568359,9.776503020475502e-07
ISIC_0026019,nv,nv,2.784546495604445e-07,1.5153315757743258e-07,5.166920686860976e-07,5.761033321505238e-07,4.25546340920846e-06,0.9999932050704956,1.0138737707166001e-06
ISIC_0027817,nv,nv,3.108596047241008e-06,1.199691837427963e-06,1.2343803064140957e-06,2.1009052488807356e-06,5.022259301767917e-06,0.9999817609786987,5.570427219936391e-06
ISIC_0028162,nv,nv,4.562880633329769e-07,9.460804335503781e-07,2.8085796088817006e-07,2.0431516531971283e-06,5.427693849924253e-07,0.9999914169311523,4.312875717005227e-06
ISIC_0030749,nv,nv,5.82736163323716e-07,4.88973853407515e-07,1.3638465645726683e-07,7.958966307342052e-06,8.386576519114897e-05,0.999904990196228,1.9015853922610404e-06
ISIC_0031509,nv,nv,1.6376908433812787e-06,5.72481724248064e-07,8.543817102690809e-07,5.921197953284718e-06,1.0565214324742556e-05,0.9999773502349854,3.0626422358182026e-06
ISIC_0027413,nv,nv,6.14349801253411e-07,3.985214505064505e-07,1.227159742711592e-07,5.074378805147717e-06,2.673114749995875e-06,0.9999881982803345,2.966304464280256e-06
ISIC_0026294,nv,nv,7.753161526125041e-07,3.6760087596121593e-07,1.8755353892174753e-07,1.1535674957485753e-06,1.1965257726842538e-06,0.999995231628418,1.0509563708183123e-06
ISIC_0030029,nv,nv,5.303595571604092e-07,1.8198139173364325e-07,1.0842393294296926e-07,7.939369766063464e-07,2.2649260245088954e-06,0.9999953508377075,6.684504683107662e-07
ISIC_0029796,nv,nv,3.0337301382132864e-07,2.8937651563865074e-07,4.306055245706375e-07,9.74508679973951e-07,1.2730653907055967e-05,0.9999847412109375,5.761896773037734e-07
ISIC_0026640,nv,nv,6.315411269497417e-07,2.7868398433383845e-07,2.2272359956332366e-07,1.0115829809365096e-06,0.00020384260278660804,0.9997929930686951,1.163989509223029e-06
ISIC_0028522,nv,nv,2.505575594113907e-06,1.4795068636885844e-06,3.7195948721091554e-07,0.00012203610822325572,2.3700356450717663e-06,0.9998499155044556,2.1338581063901074e-05
ISIC_0025880,nv,nv,1.265998321287043e-06,5.571718020291883e-07,2.0522684280877e-06,2.59487333096331e-05,2.8456533982534893e-06,0.9999603033065796,6.942913387320004e-06
ISIC_0027551,nv,nv,5.775435738542001e-07,2.519477675377857e-07,4.832995159631537e-07,1.8644881265572621e-06,3.493554322631098e-05,0.9999599456787109,1.8785812017085846e-06
ISIC_0031458,nv,nv,3.2159894658434496e-07,1.1717643388919896e-07,5.298150540511415e-07,1.0383657809143187e-06,2.498026674402354e-07,0.9999963045120239,1.4321427670438425e-06
ISIC_0025690,nv,nv,1.5005216482677497e-06,2.2867220650368836e-06,2.6945104991682456e-07,6.055383892089594e-06,1.628531390451826e-05,0.9999673366546631,6.273478447837988e-06
ISIC_0027581,nv,nv,1.4126135283731855e-06,6.831819518993143e-07,1.138429752245429e-06,3.4124000194424298e-06,1.199381927108334e-06,0.9999799728393555,1.2160146070527844e-05
ISIC_0024840,nv,nv,5.104576530357008e-07,2.4590860903117573e-07,1.4836885497970798e-07,1.2164058489361196e-06,1.2603735740412958e-05,0.9999845027923584,7.676700874981179e-07
ISIC_0029890,nv,nv,2.9271143375808606e-07,2.614511629417393e-07,1.0132230698900457e-07,1.6270488458758336e-06,1.6578645727349794e-06,0.9999945163726807,1.486176756770874e-06
ISIC_0030259,nv,nv,1.1802604831245844e-06,2.51460249955926e-07,2.0766758268564445e-07,3.496732688290649e-06,8.937015081755817e-06,0.9999837875366211,2.1540010948228883e-06
ISIC_0025995,nv,nv,4.0375397247771616e-07,2.5259078029193915e-07,8.568030693822948e-07,2.9281309252837673e-06,1.9495149672366097e-07,0.9999940395355225,1.316144221163995e-06
ISIC_0024681,nv,nv,6.164534056551929e-07,1.4484319876828522e-07,7.85752774845605e-07,3.0450041776930448e-06,4.125722625758499e-07,0.999994158744812,8.44819851408829e-07
ISIC_0024444,nv,nv,1.3363609241423546e-07,1.5032304645501426e-07,1.095722836907953e-07,2.0712011519208318e-06,1.0892886166402604e-06,0.9999947547912598,1.7381685211148579e-06
ISIC_0029314,nv,nv,5.880419280401838e-07,4.199404770588444e-07,1.452690696623904e-07,1.1175283134434721e-06,1.5400329402837087e-06,0.9999946355819702,1.588991608514334e-06
ISIC_0029817,nv,nv,4.107563995603414e-07,3.2875806255106e-07,1.2381626390833844e-07,8.744400474824943e-06,4.566750703816069e-06,0.9999833106994629,2.5409071895410307e-06
ISIC_0030364,nv,nv,1.284376253352093e-06,3.332725952986948e-07,3.2133038985193707e-06,3.7454001358128153e-06,1.079865000974678e-06,0.999982476234436,7.92134778748732e-06
ISIC_0024606,nv,nv,1.0125139851879794e-05,6.093637693993514e-06,1.396374045725679e-05,0.0018194620497524738,3.6251585697755218e-06,0.9979898929595947,0.0001569637533975765
ISIC_0030946,nv,nv,4.988195883015578e-07,4.5857778019353646e-08,6.732449833179999e-07,1.1836095836770255e-06,1.0133729233530175e-07,0.9999973773956299,1.8725921790974098e-07
ISIC_0032432,nv,nv,1.2667477449213038e-06,7.310252954084717e-07,4.4885720740239776e-07,1.0990953342115972e-05,4.955751933266583e-07,0.9999817609786987,4.394388270156924e-06
ISIC_0031393,nv,nv,4.527330190740031e-07,2.0200837980155484e-07,1.31938534764231e-07,2.8826673315052176e-06,1.3519502317649312e-06,0.9999936819076538,1.2429795788193587e-06
ISIC_0025497,nv,nv,1.70451869507815e-07,1.3618164018680545e-07,8.359668868251902e-08,8.958456305663276e-07,1.8386134570391732e-06,0.9999964237213135,4.458330522538745e-07
ISIC_0029672,nv,nv,2.3406160210015514e-07,1.2769474722063023e-07,1.6744610320529318e-07,1.6293007547574234e-06,1.0514180530662998e-06,0.9999958276748657,9.210950793203665e-07
ISIC_0026001,nv,nv,3.5023603572881257e-07,2.0317811788572726e-07,5.293325102684321e-07,1.1208213663849165e-06,2.925824901467422e-06,0.9999940395355225,8.855982400746143e-07
ISIC_0029429,nv,nv,2.2310585734430788e-07,1.3717719582473364e-07,6.174654458845907e-07,1.6540661817998625e-06,3.1754327665112214e-06,0.9999933242797852,8.470603347632277e-07
ISIC_0025151,nv,nv,5.539778840102372e-07,3.7953512332933315e-07,5.17949331424461e-07,2.26477709475148e-06,2.551588750066003e-06,0.999990701675415,3.0076419079705374e-06
ISIC_0025801,nv,nv,1.9618437363533303e-07,1.473434849685873e-07,6.336720730359957e-07,6.568517960658937e-07,4.1020345520337287e-07,0.9999971389770508,8.177007657650393e-07
ISIC_0031952,nv,nv,0.002905464032664895,3.922636460629292e-05,0.000345179665600881,3.872202796628699e-05,1.2111868272768334e-05,0.9966463446617126,1.2943601177539676e-05
ISIC_0032172,nv,nv,6.448757403632044e-07,9.184869895761949e-07,5.929688882133632e-07,1.0182694722971064e-06,9.885156941891182e-07,0.9999936819076538,2.080779267998878e-06
ISIC_0029673,nv,nv,2.2817158651378122e-07,8.605231727187856e-08,2.7157875592820346e-07,1.0695997616494424e-06,6.78420349231601e-07,0.9999963045120239,1.300031158280035e-06
ISIC_0028262,nv,nv,7.162494739532121e-07,4.242614011218393e-07,2.3930479642331193e-07,2.161475777029409e-06,1.5953410184010863e-05,0.9999774694442749,2.9699299375351984e-06
ISIC_0027664,nv,nv,3.1917554110805213e-07,2.06211481668106e-07,1.7547935726724972e-07,2.1333200947992736e-06,5.814013093186077e-07,0.9999902248382568,6.2682811403647065e-06
ISIC_0028379,nv,nv,1.8006298319050984e-07,1.4426044003812422e-07,6.658653006752502e-08,3.278280473750783e-06,2.898687171182246e-06,0.9999918937683105,1.4936837260393077e-06
ISIC_0026289,nv,nv,3.942656803701539e-06,3.085653133894084e-06,3.698335149238119e-07,3.5851000575348735e-05,0.0002726969833020121,0.9996645450592041,1.946679003594909e-05
ISIC_0030218,nv,nv,2.990371683608828e-07,2.9413914148790354e-07,5.623075480798434e-07,6.990173915255582e-07,5.31766090716701e-07,0.9999955892562866,2.048988790193107e-06
ISIC_0024852,nv,nv,1.5505146393479663e-06,2.1927435511770454e-07,1.9443329790647113e-07,3.3434821489208844e-06,2.8115766781411367e-06,0.9999912977218628,6.122764943938819e-07
ISIC_0028039,nv,nv,2.1131404537300114e-07,2.18167045318296e-07,6.442133582140741e-08,1.6640867670503212e-06,6.4411810853926e-06,0.999990701675415,7.162057045206893e-07
ISIC_0029761,nv,nv,1.7470246405082435e-07,1.0388615123702039e-07,1.3913440000123956e-07,9.131957199315366e-07,3.1226821306518104e-07,0.9999972581863403,1.0039271955974982e-06
ISIC_0032131,nv,nv,6.867535944365954e-07,3.589894390643167e-07,4.415413741298835e-07,5.1472889026626945e-06,1.2288162452023244e-06,0.9999901056289673,2.043489985226188e-06
ISIC_0030412,nv,nv,7.637913768121507e-07,2.2963683932175627e-07,5.616349199044635e-07,4.793714651896153e-06,1.856249468801252e-06,0.9999897480010986,2.0483514617808396e-06
ISIC_0025498,nv,nv,3.4180879993073177e-07,1.9060099987200374e-07,3.3941736887754814e-07,9.085619012694224e-07,6.48166633254732e-07,0.9999970197677612,4.886966848971497e-07
ISIC_0026669,nv,nv,9.99378698907094e-07,4.9455519501862e-07,1.056850038594348e-07,3.7098434404470026e-06,1.3649931133841164e-05,0.9999794960021973,1.5269852156052366e-06
ISIC_0029110,nv,nv,1.0449881528984406e-06,3.804429411502497e-07,3.408788984415878e-07,4.785087185155135e-06,1.6074847053459962e-06,0.9999898672103882,2.034907311099232e-06
ISIC_0026095,nv,nv,9.74379645413137e-07,2.2227507656680245e-07,4.685207102284039e-07,3.261745177951525e-06,6.339127480714524e-07,0.9999934434890747,1.0682123274818878e-06
ISIC_0030628,nv,nv,2.122836804119288e-07,1.8580452376681933e-07,2.603289033231704e-07,2.4761416170804296e-06,1.6639589830447221e-06,0.9999940395355225,1.0393403044872684e-06
ISIC_0027445,nv,nv,1.5396566368508502e-06,8.61197577251005e-07,8.274351444015338e-07,1.6656274965498596e-05,1.4578755326510873e-05,0.9999581575393677,7.399075457215076e-06
ISIC_0026250,nv,nv,4.5478401489162934e-07,1.1895176754705972e-07,2.3274660065908392e-07,1.902531380437722e-06,2.724247451624251e-06,0.999994158744812,3.8019939552214055e-07
ISIC_0029700,nv,nv,3.672662671760918e-07,2.325764398847241e-07,9.466954509207426e-08,4.831366368307499e-06,5.152211997483391e-06,0.9999876022338867,1.6580935380261508e-06
ISIC_0030405,nv,nv,4.61682930108509e-06,3.734077438366512e-07,2.19883986574132e-06,1.0806524187501054e-05,8.975227956398157e-07,0.9999728202819824,8.203423931263387e-06
ISIC_0025212,nv,nv,7.906050427664013e-07,1.2607492294591793e-07,6.076897989260033e-07,2.0286643120925874e-06,5.34804030394298e-06,0.9999897480010986,1.3362274557948695e-06
ISIC_0029908,nv,nv,3.1210350925903185e-07,5.745741873397492e-07,1.2286801620575716e-07,3.5427485727268504e-06,2.2583695624689426e-07,0.9999942779541016,8.928473107516766e-07
ISIC_0029658,nv,nv,8.068797683336015e-07,1.4681555171591754e-07,3.1643492093280656e-07,1.2002357152596232e-06,2.6383424938103417e-06,0.9999943971633911,5.821066793032514e-07
ISIC_0027995,nv,nv,3.693209009725251e-07,2.769770617305767e-07,1.9467671563688782e-07,2.476830047726253e-07,6.3726115513418335e-06,0.9999921321868896,4.5799430381521233e-07
ISIC_0026595,nv,nv,1.2299478839850053e-06,5.988333668938139e-07,3.926278964172525e-07,2.447130782456952e-06,5.9694402807508595e-06,0.9999865293502808,2.759263679763535e-06
ISIC_0029037,nv,nv,1.4634268836744013e-06,7.193336841737619e-07,5.72930957787321e-07,1.3488735930877738e-05,2.529873927414883e-05,0.9999474287033081,1.1083791832788847e-05
ISIC_0028351,nv,nv,1.9090023215539986e-06,6.67557401357044e-07,5.503130182660243e-07,3.2915722840698436e-06,1.59254454956681e-06,0.999990701675415,1.1382682032490266e-06
ISIC_0026723,nv,nv,1.4029684791694308e-07,5.271359668768127e-07,8.600794387803035e-08,6.641994332312606e-07,1.9504207102727378e-06,0.999991774559021,4.877776063949568e-06
ISIC_0026116,nv,nv,2.080234082768584e-07,6.873052171840754e-08,1.8552907476987457e-07,1.188611236102588e-06,1.6030476217565592e-06,0.9999963045120239,4.2767280206135183e-07
ISIC_0025787,nv,nv,1.5972585742929368e-07,1.6038664796269586e-07,3.010928821822745e-07,8.157839488376339e-07,6.589285703739733e-07,0.9999972581863403,6.107452463766094e-07
ISIC_0028738,nv,nv,2.1318075482668064e-07,6.130349561317416e-08,1.5051726620640693e-07,2.658292146406893e-07,5.581387085840106e-07,0.9999985694885254,1.8897199538514542e-07
ISIC_0025138,nv,nv,5.398520102062321e-07,5.387730084294162e-07,1.3217852767866134e-07,2.2516608169098618e-06,2.1683808881789446e-06,0.9999932050704956,1.0967995649480144e-06
ISIC_0027241,nv,nv,3.8742234664823627e-07,8.974222254209963e-08,1.0581239706652923e-07,6.64266678995773e-07,2.411680497971247e-06,0.9999958276748657,4.4579920199794287e-07
ISIC_0031338,nv,nv,3.2174364150705514e-07,1.4236049139526585e-07,9.254699762095697e-08,1.1096529988208204e-06,3.930663297069259e-06,0.9999940395355225,4.220846960834024e-07
ISIC_0031610,nv,nv,1.110085236177838e-06,6.804133363402798e-07,1.2852447639488673e-07,2.8171732537884964e-06,5.921422143728705e-06,0.9999866485595703,2.5947224457922857e-06
ISIC_0028726,nv,nv,4.2984100900866906e-07,3.0662687322546844e-07,1.8773957322082424e-07,3.4252384466526564e-06,2.7747926196752815e-06,0.9999910593032837,1.7259105788980378e-06
ISIC_0025839,nv,nv,6.057999826225569e-07,3.87805926038709e-07,1.1488955919958244e-07,5.0346188800176606e-06,8.15364455775125e-06,0.9999840259552002,1.7367794953315752e-06
ISIC_0027842,nv,nv,5.495827508639195e-07,4.114520208986505e-07,1.038692900579008e-07,8.316987077705562e-06,2.656405013112817e-05,0.9999607801437378,3.244992967665894e-06
ISIC_0027866,nv,nv,1.116562543757027e-06,9.080152949536568e-07,3.2976834063447313e-07,7.121308954083361e-06,7.788451057422208e-07,0.9999884366989136,1.2676105143327732e-06
ISIC_0029164,nv,nv,3.447462404437829e-07,1.1516993936311337e-06,2.8993412115596584e-07,9.143133183897589e-07,3.2673133318894543e-06,0.9999910593032837,2.873034645745065e-06
ISIC_0026800,nv,nv,2.8276502916924073e-07,3.211851264950383e-07,3.295806720871042e-07,4.826471467822557e-06,1.8216099988421774e-06,0.9999904632568359,1.925905507960124e-06
ISIC_0031944,nv,nv,1.5491898466279963e-06,2.320665117849785e-07,7.139346507756272e-06,1.277546562050702e-05,2.1398103910996724e-07,0.9999775886535645,4.5922536173748085e-07
ISIC_0031161,nv,nv,3.62184641744534e-06,4.805556272913236e-07,5.8074051594303455e-06,2.0634693100873847e-06,4.856879968428984e-06,0.9999806880950928,2.4842097445798572e-06
ISIC_0028001,nv,nv,2.766403497389547e-07,1.3404897458713094e-07,2.2538883115430508e-07,3.764985763154982e-07,1.1424281183280982e-06,0.9999973773956299,4.691668493705947e-07
ISIC_0026856,nv,nv,4.220268294830021e-07,3.4280614613635407e-07,2.0716102255846636e-07,1.7590944025869248e-06,1.3344925946512376e-06,0.9999933242797852,2.595521891635144e-06
ISIC_0029255,nv,nv,6.995125545472547e-07,1.1058672555464e-07,1.4785042594667175e-06,3.583593070288771e-06,9.622150400900864e-07,0.9999922513961792,8.921194876165828e-07
ISIC_0028300,nv,nv,6.143340556263865e-07,2.1605623601317347e-07,1.112031853267581e-07,3.939381258533103e-06,1.2184133311166079e-06,0.999993085861206,8.090577807706723e-07
ISIC_0032418,nv,nv,3.298229103165795e-07,5.654078805150675e-08,2.0405867928730004e-07,1.1466130445114686e-06,3.887097932420147e-07,0.9999974966049194,4.309947598812869e-07
ISIC_0028704,nv,nv,4.879175321548246e-07,2.65316629111112e-07,3.593446820104873e-07,8.50084290959785e-07,1.1400320545362774e-06,0.9999959468841553,9.442522355129768e-07
ISIC_0032506,nv,nv,6.317656584542419e-07,1.4128146119674057e-07,7.89446573890018e-07,4.1300577322544996e-06,8.74250247306918e-07,0.9999920129776001,1.4481050811809837e-06
ISIC_0032261,nv,nv,6.989187113504158e-07,3.203587084499304e-07,2.7821675985251204e-07,2.1210667000559624e-06,5.476501428347547e-06,0.9999890327453613,1.9609044557000743e-06
ISIC_0029259,nv,nv,2.3746561339521577e-07,1.0212100676199043e-07,1.0028495722735897e-07,1.4002317811900866e-06,1.2813712828574353e-06,0.9999957084655762,1.0853543699340662e-06
ISIC_0031869,nv,nv,5.711688686460548e-07,5.235589810581587e-07,3.708565827764687e-07,1.8742449583442067e-06,1.4177365983414347e-06,0.9999932050704956,1.995998900383711e-06
ISIC_0025025,nv,nv,9.220037782142754e-07,7.777455266477773e-07,4.249555161095486e-07,6.767149898223579e-06,1.1784843991335947e-05,0.999971866607666,7.330060270760441e-06
ISIC_0029481,nv,nv,6.665919045190094e-06,1.49803122440062e-06,2.7751430025091395e-06,0.00027423043502494693,1.136508672061609e-06,0.9996834993362427,3.0215229344321415e-05
ISIC_0030157,nv,nv,3.505960535221675e-07,1.228339385761501e-07,1.664715796323435e-07,9.219726280207396e-07,2.147470695490483e-06,0.9999953508377075,9.009321502162493e-07
ISIC_0029098,nv,nv,2.3402669739880366e-06,6.278118576119596e-07,7.553821319561393e-07,2.7377132937544957e-05,4.880519668404304e-07,0.9999643564224243,4.043981334689306e-06
ISIC_0031497,nv,nv,2.7350114351065713e-07,1.0378458625837084e-07,9.307821358106594e-08,1.5926084415696096e-06,1.7433776520192623e-06,0.9999955892562866,6.540684580613743e-07
ISIC_0031448,nv,nv,3.7244933537294855e-07,2.6908384143098374e-07,1.7289970344336325e-07,2.3312563826038968e-06,1.3738072084379382e-05,0.9999815225601196,1.5922306602078606e-06
ISIC_0028031,nv,nv,4.6286706378850795e-07,1.3915297358835232e-07,1.0029940540334792e-06,3.915183697245084e-06,6.947954034330905e-07,0.9999933242797852,5.043708029006666e-07
ISIC_0028334,nv,nv,2.6759062166092917e-07,6.347605676637613e-07,4.0410105839328025e-07,7.2091825131792575e-06,1.7207690916620777e-07,0.9999891519546509,2.313683580723591e-06
ISIC_0030257,nv,nv,6.661713882749609e-07,2.158460290502262e-07,1.337429864634032e-07,2.3141058136388892e-06,9.688051250122953e-07,0.999995231628418,5.260038733467809e-07
ISIC_0031805,nv,nv,4.723912354620552e-07,2.1176387576815614e-07,1.7707712629544403e-07,1.8877008187700994e-06,4.635272489394993e-06,0.9999904632568359,2.1197047317400575e-06
ISIC_0024797,nv,nv,1.1576674978641677e-06,4.536124720289081e-07,4.28238138283632e-07,9.52496975514805e-06,1.3147468052920885e-05,0.9999668598175049,8.33509420772316e-06
ISIC_0030807,nv,nv,2.078691778706343e-07,2.0529523681034334e-07,1.0760112445495906e-07,1.6902554307307582e-06,1.2347163647064008e-06,0.9999936819076538,2.8936515263922047e-06
ISIC_0028342,nv,nv,7.86195073487761e-08,6.867914521535567e-07,3.526761105376863e-08,1.2136661098338664e-06,3.4121518410756835e-07,0.999996542930603,1.1454719697212568e-06
ISIC_0024368,nv,nv,1.1162322266500269e-07,7.641907018296479e-08,1.4320450247851113e-07,3.805621702213102e-07,8.26597442937782e-07,0.9999980926513672,3.8626072296210623e-07
ISIC_0024397,nv,nv,4.222617917548632e-07,2.2835847346414084e-07,8.73902706644003e-07,1.1784524076574598e-06,3.7467966649273876e-06,0.9999920129776001,1.5091954992385581e-06
ISIC_0029799,nv,nv,1.6824444628582569e-06,1.3104769891469914e-07,3.2997102152876323e-06,7.931734216981567e-06,2.9511422326322645e-05,0.9999537467956543,3.6246515264792833e-06
ISIC_0028828,nv,nv,2.633979647725937e-06,7.722144914623641e-07,1.993758473872731e-07,9.111219696933404e-06,3.391293648746796e-05,0.9999501705169678,3.320251153127174e-06
ISIC_0026673,nv,nv,4.5361616685113404e-07,1.136503584575621e-07,1.9860181055264547e-07,1.027265057018667e-06,4.877992068941239e-06,0.9999922513961792,9.80756112767267e-07
ISIC_0025828,nv,nv,8.659779382469424e-07,4.442437102625263e-07,1.9170713017047092e-07,4.60552791992086e-06,6.0771635617129505e-06,0.9999842643737793,3.500945240375586e-06
ISIC_0025682,nv,nv,8.743014063838928e-07,8.860967568580236e-07,2.0386134735872474e-07,1.915462053148076e-05,4.964401341567282e-06,0.9999550580978394,1.884483572212048e-05
ISIC_0026431,nv,nv,1.5538005300186342e-06,5.989635383230052e-07,3.144121478726447e-07,3.0078410873102257e-06,1.9201017494197004e-05,0.9999721050262451,3.2852983622433385e-06
ISIC_0028440,nv,nv,7.585013577227073e-07,2.7585218731474015e-07,2.4533400733162125e-07,4.460503078007605e-06,1.4723732419952285e-06,0.9999910593032837,1.825794015530846e-06
ISIC_0024988,nv,nv,1.0966210766127915e-06,2.4106551791192032e-05,3.183436376730242e-07,1.5812716810614802e-05,2.0513384697551373e-06,0.9999352693557739,2.1293602912919596e-05
ISIC_0029395,nv,nv,9.246174386134953e-07,2.726684158460557e-07,6.949862267902063e-07,6.475160603258701e-07,4.090796664968366e-06,0.9999912977218628,2.1820262645633193e-06
ISIC_0025194,nv,nv,9.508000857749721e-07,3.5119234098601737e-07,8.493017276123282e-07,2.420986220386112e-06,8.737604844100133e-07,0.9999904632568359,4.143998921790626e-06
ISIC_0024717,nv,nv,2.3862307898525614e-06,2.8667147944361204e-06,3.0215774131647777e-06,0.0001438349427189678,7.298652349163604e-07,0.9998288154602051,1.8275994079886004e-05
ISIC_0028213,nv,nv,6.36934942122025e-07,2.5111714307968214e-07,2.0735359385071206e-07,1.9856290236930363e-05,1.1398610695323441e-06,0.9999765157699585,1.3456140095513547e-06
ISIC_0024491,nv,nv,1.198984136863146e-06,2.689962173008098e-07,5.859861289536639e-07,2.673419430720969e-06,2.5104443466261728e-06,0.9999915361404419,1.269659037461679e-06
ISIC_0030478,nv,nv,2.9937339718344447e-07,1.8350939967604063e-07,2.7049989057559287e-06,8.896271538105793e-06,1.1708792953868397e-05,0.9999740123748779,2.113615892085363e-06
ISIC_0028417,nv,nv,1.2131207540733158e-06,2.6204083951597568e-06,1.931138058353099e-06,1.920326667459449e-06,0.000386830564821139,0.9996015429496765,3.91513549402589e-06
ISIC_0030891,nv,nv,3.5391755659475166e-07,2.6700786293076817e-07,2.2328933937387774e-06,2.6868610802921467e-05,1.1456545507826377e-06,0.9999680519104004,1.117008537221409e-06
ISIC_0027186,nv,nv,2.8065135211363668e-06,1.0203103784078849e-06,0.0001983306574402377,0.0002681500045582652,8.19704780496977e-07,0.9995239973068237,4.868426913162693e-06
ISIC_0025177,nv,nv,1.2567534213303588e-05,9.872583177639171e-05,3.055141860386357e-05,0.0011081253178417683,0.00018010741041507572,0.9985263347625732,4.362013714853674e-05
ISIC_0029049,nv,nv,1.4142012787488056e-06,9.874246643448714e-06,0.0017335232114419341,1.0943921324724215e-06,0.0002991851943079382,0.9979467988014221,8.093647011264693e-06
ISIC_0029018,nv,nv,1.2132778465456795e-05,4.3402410483395215e-06,4.1175135265802965e-05,4.27326949647977e-06,0.0004717193078249693,0.9994558691978455,1.047585919877747e-05
ISIC_0027112,nv,nv,3.0555221997019544e-07,3.807634243457869e-07,1.1220322448934894e-05,5.842644441145239e-06,3.6954884308215696e-06,0.999976396560669,2.1257781099848216e-06
ISIC_0028791,nv,nv,1.8598660744828521e-06,1.0612953929012292e-06,1.286740825889865e-06,1.978573209271417e-06,0.0002793667954392731,0.9997132420539856,1.1031802387151401e-06
ISIC_0027855,nv,nv,2.1770354123873403e-06,4.4458533920987975e-07,1.2600520449268515e-06,3.056314653804293e-06,8.408244866586756e-06,0.999982476234436,2.102638745782315e-06
ISIC_0026730,nv,nv,1.4795051583860186e-07,3.7920401041446894e-07,1.0971616575261578e-06,1.9522160528140375e-06,1.4568810229320661e-06,0.9999942779541016,7.587035497635952e-07
ISIC_0026519,nv,mel,0.00035459172795526683,8.880886889528483e-05,0.00014911871403455734,0.0002301434287801385,0.6929284334182739,0.3062282204627991,2.07105404115282e-05
ISIC_0028755,nv,nv,2.781734656309709e-05,8.871477803040762e-06,0.015490070916712284,8.240993338404223e-05,9.286918066209182e-05,0.984286367893219,1.1659257324936334e-05
ISIC_0024597,nv,nv,1.4220814591681119e-05,6.442749872803688e-05,0.0011302107013761997,0.00010625358117977157,7.274158178915968e-06,0.9985962510108948,8.135270036291331e-05
ISIC_0029790,nv,nv,8.898688861336268e-07,1.3711791098103276e-06,8.293667406178429e-07,8.022718247957528e-06,0.0009179370827041566,0.9990679621696472,2.9691420877497876e-06
ISIC_0027898,nv,nv,1.60553599926061e-06,6.540914000652265e-06,4.7180506044242065e-06,2.296419370395597e-05,0.00010870990081457421,0.9998050332069397,5.0415026635164395e-05
ISIC_0028293,nv,nv,3.932078413981799e-07,1.8029799093710608e-06,1.1320278190396493e-06,2.6730970148491906e-06,3.121861664112657e-05,0.9999605417251587,2.360660573685891e-06
ISIC_0032428,nv,nv,1.1527837386893225e-06,3.4906565815617796e-06,3.3358685413986677e-06,3.3057067412300967e-06,0.0013679617550224066,0.9986175298690796,3.238458930354682e-06
ISIC_0027640,nv,nv,0.009992330335080624,0.0004420897748786956,0.015535403043031693,0.0046629393473267555,0.22707022726535797,0.7408707141876221,0.0014262893237173557
ISIC_0030273,nv,nv,2.112401489284821e-05,0.0002828551223501563,0.005021240096539259,1.741944652167149e-05,0.04194555804133415,0.9526867866516113,2.5012837795657106e-05
ISIC_0028971,nv,nv,1.6513946320628747e-05,2.061017403320875e-05,0.0014496133662760258,1.4423169886867981e-05,0.0008843013783916831,0.99754399061203,7.06306891515851e-05
ISIC_0031145,nv,nv,1.3864983884559479e-05,7.569916306238156e-06,2.2124342649476603e-05,1.601465010026004e-05,0.006685262080281973,0.9932478666305542,7.3566184255469125e-06
ISIC_0027235,nv,mel,2.9570212063845247e-05,5.872210022062063e-05,3.642308001872152e-05,0.00014641130110248923,0.8556296229362488,0.14399978518486023,9.942500037141144e-05
ISIC_0024891,nv,nv,0.00010366684728069231,0.00023036175116430968,0.0017028484726324677,5.397937638917938e-05,0.0001307922211708501,0.9976059198379517,0.00017245978233404458
ISIC_0025442,nv,nv,4.04172624257626e-06,1.80622930656682e-06,6.598310847039102e-06,5.4822612582938746e-06,0.0007898598560132086,0.9991884827613831,3.797476665567956e-06
ISIC_0028461,nv,nv,0.0007353682303801179,0.00018147855007555336,2.179759212594945e-05,0.13234981894493103,0.35905441641807556,0.5056139230728149,0.0020431785378605127
ISIC_0029719,nv,mel,0.0005194121040403843,0.0014661027817055583,0.008466193452477455,0.00013967114500701427,0.7365320324897766,0.25254902243614197,0.00032744527561590075
ISIC_0028453,nv,nv,0.0027877192478626966,0.0032393867149949074,0.00035247448249720037,0.032504934817552567,0.0005081351846456528,0.5065465569496155,0.45406076312065125
ISIC_0031733,nv,nv,2.560716893640347e-06,7.175201608333737e-05,2.443025732645765e-05,1.9388337022974156e-05,4.868617907050066e-06,0.9988370537757874,0.0010398495942354202
ISIC_0031663,nv,mel,0.0003430102951824665,4.8858830268727615e-05,0.00010426735389046371,0.0017953680362552404,0.6535983681678772,0.3440515100955963,5.8624274970497936e-05
ISIC_0032096,nv,nv,0.00017214824038092047,0.021360421553254128,0.11867862939834595,0.0009142632479779422,0.01113851647824049,0.845769464969635,0.001966618001461029
ISIC_0027358,nv,nv,0.010306348092854023,0.06776675581932068,0.008103417232632637,0.022015243768692017,0.007403736002743244,0.8789685964584351,0.005435950122773647
ISIC_0027734,nv,nv,1.2919269920530496e-06,3.741910177268437e-06,2.1617073798552155e-05,5.717170097341295e-06,2.4351060346816666e-05,0.9999324083328247,1.0960663530568127e-05
ISIC_0030874,nv,nv,1.85269982466707e-05,0.0001588904415257275,0.00023168546613305807,4.1329960367875174e-05,0.06803178787231445,0.9314606785774231,5.718987085856497e-05
ISIC_0029389,nv,akiec,0.6147325038909912,0.12177486717700958,0.03887121006846428,0.03997573256492615,0.028058690950274467,0.15276986360549927,0.0038171063642948866
ISIC_0026874,nv,nv,6.834353030171769e-07,2.038283810179564e-06,5.1247901865281165e-05,1.3197100088291336e-06,0.00010090016439789906,0.9998424053192139,1.4496459925794625e-06
ISIC_0026389,nv,nv,1.0065240303447354e-06,0.00028435312560759485,1.6356667401851155e-05,2.095917625410948e-05,2.491019131412031e-06,0.9995670914649963,0.00010781006858451292
ISIC_0025428,nv,mel,0.00550578348338604,0.0005500273546203971,0.0007488990086130798,0.0003629583225119859,0.6921617984771729,0.3006405234336853,3.0051214707782492e-05
ISIC_0024824,nv,nv,2.7706107630365295e-07,2.4617418148409342e-06,4.414036538946675e-06,6.625769515267166e-07,1.1299663128738757e-05,0.9999788999557495,1.865749254648108e-06
ISIC_0027878,nv,nv,1.4014881344337482e-06,1.5252858247549739e-06,5.793148147859029e-07,9.23595689528156e-06,0.0015905388863757253,0.9983922839164734,4.385612555779517e-06
ISIC_0028371,nv,nv,1.1566842772481323e-07,1.6282525621136301e-06,2.662793860963575e-07,8.094051509033307e-07,0.0004235947271808982,0.9995726943016052,8.718875506019685e-07
ISIC_0026006,nv,nv,5.469411803460389e-07,0.0002096296229865402,2.3547588625660865e-06,3.0458591936621815e-05,8.535551387467422e-06,0.999688982963562,5.952099309070036e-05
ISIC_0026541,nv,nv,8.597489795647562e-07,3.765183919313131e-06,2.0920310817018617e-07,2.6220673134957906e-06,4.4573505874723196e-05,0.9999415874481201,6.385362212313339e-06
ISIC_0025869,nv,nv,5.792548449790047e-07,1.8929880752693862e-05,7.93819435784826e-06,9.81244465947384e-06,9.018464879773092e-06,0.9999477863311768,5.930443421675591e-06
ISIC_0027812,nv,nv,7.569105378024688e-07,4.081818588019814e-06,1.1112440461147344e-06,3.120727797067957e-06,2.1579688109341078e-05,0.9999572038650513,1.2138146303186659e-05
ISIC_0027410,nv,nv,5.186238468013471e-06,1.2723692634608597e-05,4.4580015128303785e-06,1.9639748643385246e-05,0.0002001043176278472,0.9997486472129822,9.131336810241919e-06
ISIC_0027103,nv,nv,4.0320017546946474e-07,8.459966238660854e-07,3.968782039009966e-06,4.8919337132247165e-06,3.3044292649719864e-05,0.9999547004699707,2.137977617167053e-06
ISIC_0028528,nv,mel,1.91007507055474e-06,2.0611840227502398e-05,4.886843089479953e-05,1.855002665251959e-05,0.9085719585418701,0.09131215512752533,2.5857279979391024e-05
ISIC_0029945,nv,mel,2.3311963559535798e-06,3.183843546139542e-06,3.0378187148016877e-06,2.292847284479649e-06,0.9999614953994751,2.6239997168886475e-05,1.3570348755820305e-06
ISIC_0026148,nv,mel,7.767790521029383e-06,7.0191340455494355e-06,1.1881892532983329e-05,3.008235125889769e-06,0.9999362230300903,3.348424070281908e-05,6.042754989721288e-07
ISIC_0031094,nv,bkl,0.0008563668234273791,0.0003879553114529699,0.7274784445762634,0.0024674516171216965,0.22837497293949127,0.03982105851173401,0.0006136437295936048
ISIC_0029488,nv,nv,1.0145407031814102e-05,2.6116873414139263e-05,0.0015011453069746494,0.00011289770918665454,0.002642442937940359,0.9954385161399841,0.0002687927335500717
ISIC_0028804,nv,nv,4.0477868878951995e-07,5.4375582294596825e-06,2.1061134248157032e-05,1.1734393865481252e-06,0.00012403201253619045,0.9998459815979004,1.7745192053553183e-06
ISIC_0026781,nv,nv,5.104622573526285e-07,3.1435533287549333e-07,1.1933295809285482e-06,1.4911755670254934e-06,1.1453074876044411e-05,0.9999840259552002,9.127726343649556e-07
ISIC_0029846,nv,nv,1.6245580525264813e-07,7.704039717282285e-07,2.849402562787873e-07,4.8467309170519e-06,1.4999831137174624e-06,0.9999889135360718,3.52081292476214e-06
ISIC_0029194,nv,nv,2.1006501071951789e-07,9.713243116493686e-07,2.2303309776816604e-07,2.2514723241329193e-06,1.2146638255217113e-06,0.9999933242797852,1.809980290090607e-06
ISIC_0027034,nv,nv,6.261273028940195e-07,5.273325314192334e-07,1.0620315151754767e-06,1.92355651051912e-06,1.527861059003044e-05,0.9999792575836182,1.3338490134628955e-06
ISIC_0031887,nv,nv,3.954986368626123e-06,6.549666409227939e-07,7.3648975558171514e-06,2.9738537705270573e-05,0.001072765327990055,0.9988812804222107,4.202679974696366e-06
ISIC_0028534,nv,nv,6.217580903467024e-07,3.188740083714947e-05,3.92426181861083e-06,1.728659754007822e-06,0.001713079633191228,0.9982472658157349,1.496000322731561e-06
ISIC_0028222,nv,bkl,0.039993129670619965,0.15897248685359955,0.42105868458747864,0.023285377770662308,0.01687108911573887,0.3119049072265625,0.02791428752243519
ISIC_0026237,nv,nv,9.848631452769041e-05,0.00013592459436040372,0.003021327080205083,0.001617454458028078,0.00038821034831926227,0.9944769740104675,0.00026148054166696966
ISIC_0027548,nv,nv,3.823574274974817e-07,5.874317139387131e-07,2.9218572308309376e-06,2.3693692128290422e-06,1.888416227302514e-05,0.9999701976776123,4.639481630874798e-06
ISIC_0028961,nv,nv,1.9242902453697752e-06,1.3183715054765344e-05,0.0001635347871342674,4.360046204965329e-06,1.2053579666826408e-05,0.9997836947441101,2.1219753762125038e-05
ISIC_0030053,nv,nv,3.048823964491021e-05,1.6564963516429998e-05,4.2268460674677044e-05,3.7896646972512826e-05,0.0009007675689645112,0.998960018157959,1.1983775038970634e-05
ISIC_0025789,nv,nv,1.83127511377279e-07,1.5866464764258126e-07,4.1794638150349783e-07,4.2833411839637847e-07,2.8869667403341737e-06,0.9999954700469971,4.1522932292537007e-07
ISIC_0030184,nv,nv,5.294439233693993e-07,8.732776564102096e-07,2.6570876343612326e-07,9.792705668587587e-07,0.00012542502372525632,0.9998706579208374,1.3156555951354676e-06
ISIC_0031501,nv,nv,1.5487761402255273e-06,5.5347740271827206e-05,6.866198964416981e-05,2.0166480680927634e-05,4.292940502637066e-05,0.9997963309288025,1.5140063624130562e-05
ISIC_0029354,nv,nv,1.6985379261313938e-05,9.613030852051452e-05,0.0012467229971662164,1.6751222574384883e-05,0.020400790497660637,0.9781731963157654,4.942643136018887e-05
ISIC_0033356,nv,nv,1.1036252089979826e-06,2.334003852411115e-07,1.1259054417678271e-06,1.2974104492968763e-06,9.561793376633432e-06,0.999985933303833,7.244919402182859e-07
ISIC_0031158,nv,nv,0.00010389131784904748,0.0010476154275238514,5.7010551245184615e-05,0.07989753782749176,0.041117824614048004,0.8710033297538757,0.006772714667022228
ISIC_0033846,nv,nv,6.377017598424572e-07,1.766456989571452e-05,2.9451183536366443e-07,1.0063902664114721e-05,0.0019271064084023237,0.9980393052101135,5.0088569878425915e-06
ISIC_0032691,nv,nv,4.2756062157423e-07,7.351495696639176e-07,3.7885893533484705e-08,7.043212463031523e-06,3.3520824217703193e-05,0.9999513626098633,6.868753644084791e-06
ISIC_0032891,nv,nv,3.3501643770250666e-07,5.075060585113533e-07,3.1069189390109386e-06,5.484118901222246e-06,0.00015092076500877738,0.9998359680175781,3.675944299175171e-06
ISIC_0033348,nv,nv,1.4114950772636803e-06,7.874364769122622e-07,2.906350005105196e-07,4.367171641206369e-06,0.0008995032985694706,0.9990918636322021,1.711008280835813e-06
ISIC_0033048,nv,nv,1.415171027474571e-06,3.421194776365155e-07,1.6310848138800793e-07,4.224908479955047e-06,0.0009503823239356279,0.9990425705909729,9.239993232768029e-07
ISIC_0026618,nv,nv,0.00013675238005816936,5.078745380160399e-05,4.069309215992689e-05,0.0015202948125079274,0.0009046170744113624,0.9971887469291687,0.0001581571123097092
ISIC_0025456,nv,nv,2.701665096083161e-07,4.867226380156353e-06,4.159556283411803e-06,2.594369107100647e-06,0.00011506417649798095,0.9998608827590942,1.205459102493478e-05
ISIC_0033549,nv,nv,1.1648828603938455e-06,2.2748909032088704e-06,7.198137268460414e-07,1.573091503814794e-05,0.00028592036687768996,0.9996800422668457,1.4128803741186857e-05
ISIC_0025239,nv,mel,1.3228504940343555e-05,2.3814034648239613e-05,0.0004308524657972157,1.134435115091037e-05,0.9069974422454834,0.09248086810112,4.248530603945255e-05
ISIC_0034234,nv,nv,3.159749155656755e-07,6.55490566714434e-07,4.1956639051932143e-07,1.644912117626518e-06,5.586386578215752e-06,0.999988317489624,3.0848807455186034e-06
ISIC_0034274,nv,nv,2.560909138082934e-07,1.350046886727796e-06,5.95520134538674e-07,2.1229823232715717e-06,0.00014413641474675387,0.999848484992981,3.024646730409586e-06
ISIC_0033759,nv,nv,1.0621695309964707e-06,5.590965770352341e-07,1.3399424005910987e-06,2.521573833291768e-06,2.1534755433094688e-05,0.999971866607666,1.0818160944836563e-06
ISIC_0033386,nv,nv,4.3960994844383094e-07,1.1019651537935715e-06,2.790835651467205e-06,4.781583129442879e-07,1.2686305126408115e-05,0.9999816417694092,8.428393130088807e-07
ISIC_0033253,nv,nv,3.370508784428239e-05,5.754773155786097e-06,8.228235856222454e-06,7.569536592200166e-06,0.04179898649454117,0.9581398367881775,6.033544650563272e-06
ISIC_0033974,nv,nv,1.1988196092715953e-05,2.409947228443343e-06,9.371420674142428e-06,4.185993475402938e-06,0.0002959791454486549,0.9996726512908936,3.5042626223003026e-06
ISIC_0025978,nv,nv,5.534100182558177e-06,2.1813200419273926e-06,3.6073997762287036e-05,2.9595010346383788e-05,0.0008200813317671418,0.999093770980835,1.2857012734457385e-05
ISIC_0025786,nv,nv,3.638548878370784e-05,2.1969251974951476e-05,9.568921996105928e-06,2.241860784124583e-05,0.002108191605657339,0.9977895021438599,1.194144624605542e-05
ISIC_0025525,nv,nv,1.2631006029550917e-05,5.479356332216412e-06,2.6741090550785884e-05,3.0000139304320328e-05,7.390404789475724e-05,0.999842643737793,8.553350198781118e-06
ISIC_0027847,nv,nv,3.156026195938466e-06,2.897900685638888e-06,9.532682270219084e-06,1.2559313518067938e-06,0.0006014682585373521,0.9993764758110046,5.239089659880847e-06
ISIC_0028780,nv,nv,6.539043511111231e-07,1.190334018019712e-07,2.009194531638059e-06,2.6917139166471316e-06,2.247894144602469e-06,0.9999916553497314,5.309684070198273e-07
ISIC_0031988,nv,nv,5.042045359004987e-07,2.90504146960302e-07,1.9106678905700392e-07,1.3372268767852802e-06,1.8724620531429537e-05,0.9999783039093018,7.441765887961083e-07
ISIC_0029662,nv,nv,1.3727330042456742e-05,6.38152550891391e-06,2.9509166779462248e-05,7.1823146754468326e-06,0.014494528993964195,0.9854370951652527,1.1626913874351885e-05
ISIC_0025001,nv,nv,1.1262275620538276e-05,4.645861281460384e-06,4.911961241305107e-06,5.402547321864404e-05,0.00610328046604991,0.9937962293624878,2.5649949748185463e-05
ISIC_0028500,nv,nv,3.920698361525865e-07,1.269133008463541e-06,6.440841957555676e-07,3.217596713511739e-06,0.00011779906344600022,0.9998745918273926,2.0049458271387266e-06
ISIC_0025262,nv,bcc,0.002532740356400609,0.7689254283905029,0.0001659012195887044,0.0018985457718372345,0.11187507957220078,0.11408855766057968,0.0005137451807968318
ISIC_0029348,nv,nv,0.00015264716057572514,0.001667794189415872,0.11151239275932312,8.746540697757155e-05,0.03309093788266182,0.8532829880714417,0.00020571815548464656
ISIC_0030429,nv,bcc,0.0014409463619813323,0.8769701719284058,0.003047632286325097,0.0004568641306832433,0.00046523698256351054,0.11622008681297302,0.001399099244736135
ISIC_0030899,nv,nv,0.0004660663253162056,0.0006394978845492005,0.08948301523923874,8.442490798188373e-05,0.14409029483795166,0.7651182413101196,0.00011849003203678876
ISIC_0032641,nv,nv,8.12468272215483e-07,7.309952252398944e-07,1.0805458714457927e-06,1.5233750900733867e-06,0.0007969092112034559,0.9991979002952576,1.0086607744597131e-06
ISIC_0032717,nv,nv,2.5544753157191735e-07,5.745136490986624e-07,5.927320216869703e-07,4.40833645143357e-07,1.923972558870446e-05,0.9999785423278809,2.7959615067629784e-07
ISIC_0032651,nv,nv,6.842374205007218e-07,7.82717677338951e-07,1.3768076314590871e-06,2.7625833354250062e-06,0.0006309153395704925,0.9993619322776794,1.540430162094708e-06
ISIC_0033503,nv,mel,6.393769581336528e-05,2.1734793335781433e-05,0.00010462432692293078,3.464114570306265e-06,0.9987084865570068,0.0010964006651192904,1.350704792457691e-06
ISIC_0033795,nv,mel,1.3664158359460998e-05,9.413296538696159e-06,8.877698564901948e-05,4.192282176518347e-06,0.9997718930244446,0.00010921109787886962,2.8856086373707512e-06
ISIC_0033100,nv,nv,0.002540944144129753,0.0023609986528754234,0.03385800123214722,0.0018505410989746451,0.000580556457862258,0.9585190415382385,0.00028993887826800346
ISIC_0033388,nv,nv,6.277375632635085e-06,7.463068413926521e-06,6.228872371139005e-05,6.362132353388006e-06,8.213929686462507e-05,0.9997988343238831,3.666811608127318e-05
ISIC_0032811,nv,nv,1.7849572486738907e-06,1.4117238151811762e-06,1.1946819540753495e-05,1.2216218010507873e-06,1.3115284673403949e-05,0.9999698400497437,6.993347483330581e-07
ISIC_0033370,nv,nv,5.5696295930829365e-06,8.42865392769454e-06,2.5273739083786495e-06,1.1851342605950776e-05,0.0005688446690328419,0.9993981122970581,4.6983805077616125e-06
ISIC_0033521,nv,nv,4.406932930578478e-06,1.5479853345823358e-06,0.0008230910752899945,2.884560899474309e-06,0.00031800332362763584,0.998848557472229,1.5055315998324659e-06
ISIC_0032623,nv,nv,4.158170850132592e-05,1.621587944100611e-05,0.005520144011825323,3.0839841201668605e-05,0.00047301649465225637,0.9939002990722656,1.790338683349546e-05
ISIC_0032821,nv,nv,1.8970175688082236e-06,2.2344252101902384e-06,8.349564382115204e-07,4.837957476411248e-06,0.0008580462890677154,0.9991282820701599,3.7695122045988683e-06
ISIC_0034133,nv,nv,3.5613712157100963e-07,5.728671226279403e-07,3.767314410652034e-06,6.898343372085947e-07,0.0019135532202199101,0.9980801343917847,8.256629371317104e-07
ISIC_0034152,nv,nv,6.876762199681252e-07,0.0010869847610592842,3.876950722769834e-05,1.4662698049505707e-05,8.415563934249803e-05,0.9987642765045166,1.0397429832664784e-05
ISIC_0034020,nv,nv,1.596828496985836e-06,6.652506726823049e-06,0.00011234738485654816,5.52962337678764e-05,2.415629523966345e-06,0.9998123049736023,9.429247256775852e-06
ISIC_0034273,nv,nv,1.8316572436560818e-07,2.3404719229347393e-07,3.6428104976948816e-07,6.44467945676297e-07,2.8592939997906797e-05,0.9999696016311646,4.142554814734467e-07
ISIC_0033633,nv,mel,2.2886237275088206e-05,0.0003069503582082689,0.007638278882950544,4.190230174572207e-05,0.963853657245636,0.02804955095052719,8.680835162522271e-05
ISIC_0032948,nv,nv,1.3415789226201014e-06,3.719671894941712e-07,1.4955652432036004e-06,3.831901267403737e-06,0.00022478665050584823,0.9997667670249939,1.4381736264112988e-06
ISIC_0033657,nv,nv,2.5321050998172723e-05,1.1517709026520606e-05,1.2129122296755668e-05,9.049139771377668e-05,0.12611854076385498,0.8737133741378784,2.857721301552374e-05
ISIC_0033837,nv,nv,9.221684194926638e-06,5.717465228372021e-06,3.603000550356228e-06,1.7596159523236565e-05,0.00640967907384038,0.9935315251350403,2.2651323888567276e-05
ISIC_0032612,nv,nv,7.184133892224054e-07,4.989614126316155e-07,3.4699871775956126e-07,3.0436672204814386e-06,0.00039447451126761734,0.9995980858802795,2.875013251468772e-06
ISIC_0034039,nv,nv,1.6119076917675557e-06,8.060994787228992e-07,2.3107251934106898e-07,1.2110425814171322e-05,0.0004232098872307688,0.9995276927947998,3.426582770771347e-05
ISIC_0033071,nv,nv,3.1773138289281633e-06,1.2138236343162134e-05,0.0015601643826812506,0.00021073651441838592,8.786036778474227e-05,0.997665286064148,0.0004606112197507173
ISIC_0034086,nv,mel,8.460711796942633e-06,9.289288755098823e-06,5.3455678425962105e-06,2.0329882318037562e-05,0.9830135703086853,0.0169299878180027,1.3023500287090428e-05
ISIC_0033242,nv,nv,0.0001581022806931287,0.0005250020767562091,0.009148500859737396,0.0003827442415058613,0.0008335713064298034,0.9883264899253845,0.0006255547632463276
ISIC_0032961,nv,nv,2.139351408914081e-06,1.2706426559816464e-06,2.739206820479012e-06,6.229511654964881e-06,0.005931596737354994,0.9940525889396667,3.2945993098110193e-06
ISIC_0034112,nv,nv,5.962272098258836e-07,5.782779339824629e-07,6.965125862734567e-07,2.0830489120271523e-06,0.00030089361825957894,0.9996943473815918,8.666264648127253e-07
ISIC_0033838,nv,nv,9.72151951827982e-07,3.3309893865407503e-07,4.3584515196926077e-07,4.698762950283708e-06,7.732318044872954e-05,0.9999152421951294,9.8086024991062e-07
ISIC_0033990,nv,nv,0.0023367227986454964,0.00640813959762454,0.46436503529548645,0.001883960678242147,0.01806315779685974,0.503524899482727,0.003418120788410306
ISIC_0034157,nv,nv,4.947576144331833e-07,8.86569921476621e-07,4.2126427501898434e-07,1.2259180266482872e-06,1.2782365956809372e-05,0.999982476234436,1.7693738527668756e-06
ISIC_0032770,nv,nv,3.868052260713739e-07,1.733273165882565e-06,4.283275245597906e-07,7.893096153566148e-06,1.4917551197868306e-05,0.9999734163284302,1.2353910960882786e-06
ISIC_0034184,nv,nv,1.510218908151728e-06,1.5754704918435891e-06,1.2816157095585368e-06,7.814518903614953e-05,7.434281087626005e-06,0.9999041557312012,5.876930117665324e-06
ISIC_0033385,nv,nv,7.222704880405217e-05,0.00011246090434724465,0.004858552012592554,0.00015201004862319678,0.20110100507736206,0.7936025857925415,0.0001011163549264893
ISIC_0033849,nv,nv,0.000978217227384448,7.65313088777475e-05,0.001443549059331417,0.008747105486690998,0.20037056505680084,0.7882059812545776,0.0001782205217750743
ISIC_0032885,nv,nv,7.187641699601954e-07,4.088074376795703e-07,1.4098773704063206e-07,3.6486369481281145e-06,0.000125145073980093,0.9998687505722046,1.1519979352669907e-06
ISIC_0032859,nv,nv,1.512607582299097e-06,3.349163364418928e-07,3.360242772032507e-05,3.0956166483520065e-06,3.191253199474886e-05,0.9999281167984009,1.3678803725269972e-06
ISIC_0033138,nv,nv,5.102837690174056e-07,4.6389430963245104e-07,2.60037069210739e-07,5.950012564426288e-06,4.324544352130033e-05,0.9999462366104126,3.3099661322921747e-06
ISIC_0032728,nv,nv,5.573933208324888e-07,6.304185262706596e-07,4.5005711513113056e-07,1.0245294106425717e-05,1.4904711861163378e-05,0.9999678134918213,5.384005362429889e-06
ISIC_0034044,nv,nv,2.954676574518089e-07,2.631806239605794e-07,5.878446813767368e-07,6.749037311237771e-07,6.478100112872198e-05,0.9999328851699829,4.6229163785938e-07
ISIC_0033763,nv,nv,8.683978194312658e-07,9.262250841857167e-07,5.081896574665734e-07,5.8874034039035905e-06,0.0004901179927401245,0.999494194984436,7.513475793530233e-06
ISIC_0033069,nv,nv,2.63399397226749e-06,2.496746128599625e-05,1.887346115836408e-05,4.027215709356824e-06,0.00020688223594333977,0.9997372031211853,5.4841998462507036e-06
ISIC_0032735,nv,nv,3.2072640010483155e-07,2.4928569928306388e-06,8.333333880727878e-07,9.956333997251932e-07,0.0003095716529060155,0.9996846914291382,1.1370467518645455e-06
ISIC_0032546,nv,mel,0.0004078502824995667,0.0004665741289500147,0.12119505554437637,6.482229218818247e-05,0.6746536493301392,0.20310300588607788,0.00010910075070569292
ISIC_0033958,nv,nv,6.708559794788016e-06,1.6302725271089002e-05,2.469144192218664e-06,1.3148745892976876e-05,0.0005217773141339421,0.999103307723999,0.00033640640322119
ISIC_0033016,nv,mel,3.9126807678258047e-05,0.001323913806118071,0.0004327939823269844,9.788118040887639e-05,0.8118351101875305,0.18603695929050446,0.00023424670507665724
ISIC_0026810,nv,nv,4.231801540299784e-06,2.053242496913299e-06,4.069963324582204e-06,2.6720504138211254e-06,0.03833230957388878,0.9616521596908569,2.5287224616477033e-06
ISIC_0033351,nv,nv,0.0003619813942350447,4.297116902307607e-05,9.805646550375968e-05,7.80999253038317e-05,0.01797223836183548,0.981421709060669,2.49295244429959e-05
ISIC_0033131,nv,nv,3.962882601626916e-06,2.084688730974449e-06,1.3014105206821114e-05,9.19038757274393e-06,0.00018588578677736223,0.9997765421867371,9.431122634850908e-06
ISIC_0032683,nv,nv,4.996089046471752e-05,7.326908234972507e-05,0.002971542999148369,0.00014646866475231946,0.2094140201807022,0.7872269749641418,0.000117691328341607
ISIC_0032971,nv,nv,8.498838610648818e-07,1.8353414361627074e-06,3.3452670322731137e-06,1.96305936697172e-05,3.0420758776017465e-05,0.9999308586120605,1.3045802916167304e-05
ISIC_0034224,nv,nv,1.4764970728720073e-05,4.5520577259594575e-05,4.54453856946202e-06,5.517442696145736e-05,0.23713418841362,0.7627241015434265,2.166273770853877e-05
ISIC_0032587,nv,nv,0.0002864719135686755,7.740681212453637e-06,4.1143688576994464e-05,0.00011485051800264046,0.07903993874788284,0.9204784035682678,3.131913035758771e-05
ISIC_0034300,nv,nv,6.706111435050843e-07,1.726205169916284e-07,1.2236911288709962e-06,4.7172616177704185e-06,3.2755326628830517e-06,0.9999886751174927,1.2593450264830608e-06
ISIC_0032609,nv,nv,8.316459570778534e-06,2.056788389381836e-06,2.8400875180523144e-06,0.00025881890906021,3.426029797992669e-05,0.9996532201766968,4.050435381941497e-05
ISIC_0033729,nv,nv,1.2359367929093423e-06,2.211272658314556e-07,3.2089603791973786e-06,5.67727738598478e-07,6.474731344496831e-05,0.999929666519165,3.176867551246687e-07
ISIC_0034307,nv,nv,8.445221283182036e-06,9.05633555703389e-07,5.437170329969376e-06,3.018343704752624e-06,0.016341127455234528,0.9836384057998657,2.6187985895376187e-06
ISIC_0032822,nv,nv,6.482320031864219e-07,3.8771340769017115e-06,2.286380549776368e-05,1.260759972865344e-06,3.7865462218178436e-05,0.9999319314956665,1.4969111816753866e-06
ISIC_0033976,nv,nv,8.989406342152506e-05,2.024439163506031e-05,7.801652827765793e-05,0.0004994360497221351,0.04143455624580383,0.9578003287315369,7.758470746921375e-05
ISIC_0034314,nv,nv,4.897458438790636e-07,1.2027054481222876e-06,1.7523869644264778e-07,1.519447550890618e-06,5.60790031158831e-05,0.9999395608901978,9.861544185696403e-07
ISIC_0033983,nv,nv,7.930035280878656e-06,5.665006028721109e-06,6.089091402827762e-05,7.90058129496174e-06,0.009079981595277786,0.9908344745635986,3.145113396385568e-06
ISIC_0032541,nv,nv,1.223701019625878e-05,3.2414397992397426e-06,2.371514347032644e-05,1.2603438335645478e-05,0.0017921575345098972,0.9981468915939331,9.207973562297411e-06
ISIC_0034190,nv,vasc,4.180111864116043e-05,0.003709744196385145,1.9834986233036034e-05,0.0005698601016774774,0.005537833087146282,0.22473660111427307,0.7653843760490417
ISIC_0033961,nv,nv,2.214529501998186e-07,3.7216599935163686e-07,1.5480917170407338e-07,1.6049406212914619e-06,2.950903399323579e-05,0.9999672174453735,1.0463216995049152e-06
ISIC_0033743,nv,nv,2.4324690457433462e-06,4.08180085287313e-06,2.206100180046633e-05,5.390505975810811e-06,3.1105595553526655e-05,0.9999213218688965,1.365939897368662e-05
ISIC_0034149,nv,nv,1.303864223700657e-06,7.267423143275664e-07,6.881882200104883e-06,3.091287908318918e-06,3.545404251781292e-05,0.9999516010284424,9.998902896768413e-07
ISIC_0033887,nv,nv,3.57791122951312e-07,5.40768041901174e-07,1.629668275882068e-07,1.966620629900717e-06,0.00045961301657371223,0.999535322189331,1.89389413662866e-06
ISIC_0034073,nv,nv,1.787057044566609e-07,4.10832262787153e-06,4.5033334572508465e-07,1.174210865428904e-06,0.00019978897762484848,0.999792754650116,1.574018369865371e-06
ISIC_0033107,nv,nv,1.822608828661032e-05,3.095853026024997e-05,0.00010127705172635615,3.372166975168511e-05,0.02125968411564827,0.9785405397415161,1.568369407323189e-05
ISIC_0034078,nv,mel,8.687836270837579e-06,9.025842700793874e-06,1.99370533664478e-05,3.0280009013949893e-05,0.6676323413848877,0.33229362964630127,6.084790584282018e-06
ISIC_0033658,nv,nv,1.16431829155772e-05,2.931886956503149e-05,7.760837615933269e-05,0.00010755011317087337,0.008345656096935272,0.9912064671516418,0.0002217688161181286
ISIC_0032908,nv,nv,0.0001457304897485301,0.0036909396294504404,0.00871335156261921,5.144554961589165e-05,0.003013045759871602,0.9843012690544128,8.424233965342864e-05
ISIC_0034203,nv,nv,8.006628195289522e-05,0.25393179059028625,9.982614574255422e-05,0.0012675178004428744,0.0010235450463369489,0.46659162640571594,0.277005672454834
ISIC_0033188,nv,nv,2.3399699955461983e-07,7.850012906374104e-08,2.1128094829236943e-07,4.364174515103514e-07,0.00011763803922804072,0.9998809099197388,3.6679341519629816e-07
ISIC_0034232,nv,nv,1.2481582416512538e-05,3.670187425086624e-06,3.562930487532867e-06,2.346787186979782e-05,0.00059290393255651,0.9993473887443542,1.6503301594639197e-05
ISIC_0033649,nv,nv,8.799459465080872e-06,1.2127901527492213e-06,1.7977572497329675e-05,3.8088089695520466e-06,1.758159851306118e-05,0.9999468326568604,3.856926923617721e-06
ISIC_0032820,nv,nv,9.316757996202796e-07,5.360658974495891e-07,2.129157081753874e-07,2.533975248297793e-06,0.0001323831093031913,0.9998617172241211,1.7443201159039745e-06
ISIC_0032813,nv,nv,1.2114761602788349e-06,1.2078884310540161e-06,1.0317033911633189e-06,7.132398877729429e-06,0.0009577586315572262,0.9990254640579224,6.22963943897048e-06
ISIC_0033194,nv,nv,1.3895832125854213e-05,0.00013243616558611393,3.8635291275568306e-05,2.1582076442427933e-05,0.00024300010409206152,0.9994966983795166,5.366363620851189e-05
ISIC_0032620,nv,nv,9.862156730378047e-06,7.051866850815713e-05,0.003089236794039607,1.283798337681219e-05,0.0007083800155669451,0.9960578680038452,5.134140883455984e-05
ISIC_0030420,nv,nv,5.480955223902129e-06,4.934054595651105e-05,0.00014703026681672782,1.009170591714792e-05,0.00022723506845068187,0.9995012283325195,5.957329994998872e-05
ISIC_0033711,nv,nv,8.255758075392805e-06,2.40971735365747e-06,0.0006399432313628495,0.0001184985667350702,0.00011603129678405821,0.9991112351417542,3.6655881103797583e-06
ISIC_0034084,nv,nv,1.4597337212762795e-05,5.305168997438159e-06,9.045415936270729e-07,5.815649637952447e-05,3.3724570585036417e-06,0.9999091625213623,8.415209777012933e-06
ISIC_0032625,nv,nv,9.523014909973426e-07,4.1543580664438196e-07,1.2013961168122478e-06,1.9633823740150547e-06,0.000124914018670097,0.9998698234558105,7.811038926774927e-07
ISIC_0032974,nv,nv,7.504473160224734e-06,0.026671424508094788,3.841603029286489e-05,0.00021422472491394728,0.0006356836529448628,0.9718835949897766,0.0005491445772349834
ISIC_0032650,nv,nv,8.36529693515331e-07,6.480477168224752e-07,8.707305028110568e-07,2.3121172034734627e-06,0.00014231723616831005,0.9998515844345093,1.4996355730545474e-06
ISIC_0032769,nv,nv,6.125995241745841e-06,1.5632904251106083e-06,3.0553233045793604e-06,6.244883479666896e-06,0.0007448872784152627,0.9992349147796631,3.330017079861136e-06
ISIC_0033922,nv,nv,1.196722905660863e-06,7.50494336898555e-07,2.0215354368247063e-07,4.248629920766689e-06,0.00020210701040923595,0.9997898936271667,1.5951214891174459e-06
ISIC_0033075,nv,nv,9.85361452876532e-07,1.202263433697226e-06,1.9824014998448547e-06,1.0535675301071024e-06,0.0007257103570736945,0.9992679953575134,1.0510727861401392e-06
ISIC_0032574,nv,nv,1.7747346419128007e-06,0.0005574774695560336,9.882400627247989e-05,3.378544306542608e-06,0.0002177665155613795,0.9991123080253601,8.488477760693058e-06
ISIC_0033661,nv,nv,1.0425835625937907e-06,3.630022911238484e-05,2.111249887093436e-05,5.198345024837181e-05,3.4482025512261316e-05,0.9991704225540161,0.000684670580085367
ISIC_0033116,nv,nv,3.4696444345172495e-05,5.527231223823037e-06,2.642721028678352e-06,0.0005021737306378782,0.0005582990124821663,0.9988885521888733,8.241836439992767e-06
ISIC_0033876,nv,nv,1.1193245882168412e-05,1.448365082978853e-06,2.694439172046259e-05,3.6501369322650135e-05,0.0002894492063205689,0.9996308088302612,3.7135860111447982e-06
ISIC_0031482,nv,nv,0.00031159393256530166,0.00032114118221215904,0.013133760541677475,0.0009970002574846148,0.0002762984368018806,0.9839200377464294,0.001040238537825644
ISIC_0033433,nv,nv,3.9978509448701516e-05,1.4991640455264132e-05,0.0005378462374210358,2.2857560907141306e-05,7.470108539564535e-05,0.9992737174034119,3.591420318116434e-05
ISIC_0034127,nv,nv,3.350421138748061e-06,6.400005986506585e-06,2.0126657545915805e-05,2.305346424691379e-05,0.0072656539268791676,0.9923615455627441,0.00031988180126063526
ISIC_0033111,nv,nv,4.0785585042613093e-07,9.946941190719372e-07,8.200238426070428e-07,4.672156592278043e-06,0.00018343725241720676,0.999798595905304,1.1167600860062521e-05
ISIC_0034251,nv,nv,4.2546679424049216e-07,3.368659008629038e-06,6.694770036119735e-07,3.7891904867137782e-06,1.6545771359233186e-05,0.9999611377716064,1.4092063793214038e-05
ISIC_0033721,nv,nv,1.0689806231312105e-06,1.1550073395483196e-06,3.7334311286940647e-07,5.227575911703752e-06,1.7718914023134857e-05,0.9999713897705078,3.0646663162769983e-06
ISIC_0032565,nv,nv,5.184874225960812e-06,6.3795969253988005e-06,6.827843753853813e-05,4.433597496245056e-06,0.0007698588888160884,0.9991425275802612,3.3045628242689418e-06
ISIC_0034261,nv,nv,3.6163444860903837e-07,1.7308093447354622e-07,1.7800924467792356e-07,1.865701506176265e-06,4.246134631102905e-05,0.999954342842102,6.734085786774813e-07
ISIC_0033939,nv,nv,3.741598220585729e-06,5.045134798820072e-07,1.035877858157619e-06,3.581713599487557e-06,1.594570312590804e-05,0.9999740123748779,1.2619786957657197e-06
ISIC_0032772,nv,nv,4.055076260556234e-06,0.0003220507933292538,0.0031573036685585976,1.231665737577714e-05,0.0004897819017060101,0.9958693385124207,0.00014512769121211022
ISIC_0032593,nv,nv,7.693689667576109e-07,7.275012308127771e-07,2.69168054956026e-07,1.9179758510290412e-06,4.76027162221726e-05,0.9999463558197021,2.4108921934384853e-06
ISIC_0031290,nv,nv,1.3920199307904113e-05,4.689850356953684e-06,4.773215914610773e-05,7.608901796629652e-06,0.0001316569250775501,0.999779999256134,1.4442586689256132e-05
ISIC_0032657,nv,nv,7.398417665172019e-07,1.3581479834101629e-06,1.3679274957212328e-07,1.8147892433262314e-06,0.0003744017449207604,0.9996198415756226,1.8087745274897316e-06
ISIC_0032605,nv,nv,2.191847215726739e-06,6.510236971735139e-07,1.0052355037259986e-06,5.21986976309563e-07,6.889699307066621e-06,0.9999881982803345,6.483265906354063e-07
ISIC_0033771,nv,nv,1.6702887251085485e-06,4.13504949392518e-06,1.2317269465711433e-05,1.1265028661000542e-05,4.037387407151982e-05,0.9999227523803711,7.438163720507873e-06
ISIC_0033102,nv,nv,4.741748682590696e-07,3.8397030266423826e-07,3.0300080311462807e-07,4.1803205022006296e-06,9.448476339457557e-05,0.9998958110809326,4.341236490290612e-06
ISIC_0033564,nv,nv,1.2829309525841381e-06,3.332687583679217e-06,3.845008905045688e-06,4.520367838267703e-06,8.410666487179697e-05,0.9998960494995117,6.80200309943757e-06
ISIC_0032627,nv,nv,2.7853618576045847e-06,5.703000624635024e-06,4.7074645408429205e-06,1.651304410188459e-05,0.0005213091499172151,0.9994014501571655,4.742036253446713e-05
ISIC_0032380,nv,nv,7.030499915572364e-08,7.91543541822648e-08,8.484835234412458e-08,5.477821787280845e-07,4.613577857526252e-06,0.9999940395355225,4.681882046497776e-07
ISIC_0028591,nv,nv,3.126883166260086e-05,4.6835037210257724e-05,0.00010929497511824593,3.520406608004123e-05,0.0021297242492437363,0.9975594282150269,8.827466081129387e-05
ISIC_0033792,nv,nv,1.0836246246981318e-06,4.100428668607492e-06,5.804706961498596e-05,2.6950215215038043e-06,0.0010404338827356696,0.9988866448402405,7.01369845046429e-06
ISIC_0034122,nv,nv,1.2624096257241035e-07,7.007894851085439e-07,2.517990651540458e-06,1.8262655885337153e-06,1.8674296370591037e-05,0.9999746084213257,1.614437906027888e-06
ISIC_0034247,nv,nv,7.839617524041387e-07,1.1498352705530124e-06,1.0742341146396939e-05,4.461364369490184e-06,0.00012086424976587296,0.999847412109375,1.462346608605003e-05
ISIC_0034191,nv,nv,3.2655356108080014e-07,2.3452770392395905e-07,4.684708869717724e-07,7.971086688485229e-07,3.6727440146933077e-06,0.9999939203262329,5.141579890732828e-07
ISIC_0034033,nv,nv,3.338471651659347e-05,1.056135602084396e-06,6.239079084480181e-05,0.00015099732263479382,0.00016162074462044984,0.9995879530906677,2.6546611024969025e-06
ISIC_0032752,nv,nv,9.956868780136574e-06,1.6363363101845607e-05,0.03163020685315132,1.4763736544409767e-05,1.117782449000515e-05,0.9683132171630859,4.2811789171537384e-06
ISIC_0033794,nv,bkl,3.2652592381055e-06,5.8783753047464415e-06,0.9758734107017517,3.193488282704493e-06,6.945077529962873e-06,0.02410447597503662,2.8466656658565626e-06
ISIC_0032539,nv,nv,7.271153776855499e-07,2.7915839950765076e-07,0.00034474339918233454,9.056660701389774e-07,8.136635187838692e-06,0.9996447563171387,4.3545017547330644e-07
ISIC_0033277,nv,nv,1.3983267876938044e-07,2.5344004939142906e-07,2.7548361458684667e-07,5.392137722992629e-07,1.6578270560785313e-06,0.9999966621398926,3.714532397225412e-07
ISIC_0033448,nv,nv,2.263273870539706e-07,1.7906479854445934e-07,7.134797215258004e-07,1.093023456633091e-06,5.906415481149452e-07,0.9999967813491821,4.340554937698471e-07
ISIC_0033036,nv,nv,2.948661176560563e-06,1.9765661818382796e-06,4.048974346915202e-07,1.2931528544868343e-05,0.008399882353842258,0.991579532623291,2.388306029388332e-06
ISIC_0033861,nv,nv,2.9812752472935244e-05,1.3457307431963272e-05,0.017818307504057884,5.304777732817456e-05,0.14998352527618408,0.8320197463035583,8.198455907404423e-05
ISIC_0033147,nv,nv,5.572911049966933e-06,7.211163506326557e-07,4.0912334952736273e-05,4.616743535734713e-05,6.255033440538682e-06,0.9998916387557983,8.76976173458388e-06
ISIC_0033740,nv,mel,9.142670023720711e-06,0.028944004327058792,0.00024910664069466293,3.532167465891689e-05,0.9544269442558289,0.016304533928632736,3.100449976045638e-05
ISIC_0033153,nv,nv,1.8925463791674701e-06,2.853790874723927e-07,2.3252225673786597e-06,3.818064215010963e-06,1.1044890925404616e-05,0.9999791383743286,1.5555669961031526e-06
ISIC_0032848,nv,nv,2.0292434328439413e-06,2.189369524785434e-06,3.0719779715582263e-06,3.7369605706771836e-05,0.00014922261470928788,0.999705970287323,0.00010013633436756209
ISIC_0033656,nv,nv,2.8188540568407916e-07,1.911378149088705e-07,6.226324558156193e-07,1.4314387954073027e-05,1.0574015050224261e-06,0.9999818801879883,1.6492840586579405e-06
ISIC_0029775,nv,nv,9.27011133171618e-05,3.126027877442539e-05,0.0009968063095584512,6.664625107077882e-05,0.028845861554145813,0.9698888063430786,7.802220352459699e-05
ISIC_0031460,nv,nv,0.00015484752657357603,1.4057385669730138e-05,2.4656310415593907e-05,0.00015519303269684315,0.018935274332761765,0.9806748032569885,4.109778819838539e-05
ISIC_0028540,nv,nv,7.928377385724161e-07,8.79453864399693e-07,7.159495680753025e-07,1.9337201138114324e-06,4.1639796108938754e-05,0.9999525547027588,1.5706559679529164e-06
ISIC_0029704,nv,nv,1.0334296348446514e-05,1.2502627214416862e-05,1.6958688320301007e-06,2.0863311874563806e-05,0.00580372242256999,0.9941473007202148,3.6244562124920776e-06
ISIC_0029809,nv,nv,9.605010745872278e-06,1.7147156086139148e-06,1.0087876034958754e-05,8.714241630514152e-06,0.00067891989601776,0.9992830157279968,7.99888039182406e-06
ISIC_0028538,nv,nv,4.6395086883421754e-07,7.151512591008213e-07,3.0096507543930784e-06,7.82870120019652e-06,1.7944137653103098e-05,0.9999679327011108,2.084129619106534e-06
ISIC_0031796,nv,nv,6.533431587740779e-06,4.458172043086961e-06,0.0035330753307789564,0.00012562540359795094,3.613620037867804e-06,0.9963145852088928,1.1985048331553116e-05
ISIC_0026328,nv,nv,5.423425591288833e-06,7.117270683920651e-07,3.190524239471415e-06,1.9388526197872125e-06,0.00014600044232793152,0.9998375177383423,5.265224444883643e-06
ISIC_0027567,nv,nv,1.1984374395979103e-05,5.41875579074258e-06,1.2297180546738673e-05,5.0316506531089544e-05,0.0005509587354026735,0.9993625283241272,6.603545898542507e-06
ISIC_0027942,nv,nv,2.5648507744335802e-06,9.433677519155026e-07,6.911066634529561e-07,2.8040278266416863e-05,4.1478917410131544e-05,0.9999161958694458,1.0086926522490103e-05
ISIC_0030264,nv,nv,4.238521569277509e-07,1.596086462996027e-07,3.147786742374592e-07,4.2970873437298e-06,7.211504907900235e-06,0.999987006187439,6.788736186535971e-07
ISIC_0027052,nv,nv,1.5914065443212166e-06,8.264085408882238e-06,9.886099178402219e-06,2.682920967345126e-05,1.6534879250684753e-05,0.9998119473457336,0.00012496528506744653
ISIC_0028894,nv,nv,1.5266779882949777e-05,2.661861117303488e-06,1.547403007862158e-05,0.0001568868028698489,0.0008054131758399308,0.9989895224571228,1.480196624470409e-05
ISIC_0025208,nv,nv,4.531625563686248e-06,8.50639753480209e-06,4.982463906344492e-06,1.2226290891703684e-05,7.837668090360239e-05,0.9998742341995239,1.711717231955845e-05
ISIC_0030840,nv,nv,4.788776277564466e-05,8.826486919133458e-06,0.0028066278900951147,2.0837185729760677e-05,0.020297344774007797,0.976802408695221,1.611142033652868e-05
ISIC_0032291,nv,nv,5.530414910026593e-06,1.6253708963631652e-05,1.1626391369645717e-06,2.7965199478785507e-05,7.666071178391576e-05,0.9998395442962646,3.280206146882847e-05
ISIC_0029566,nv,nv,1.6019517943277606e-06,5.901254667151079e-07,4.447004755547823e-07,1.0759875294752419e-05,0.0001587761362316087,0.999825656414032,2.1751272925030207e-06
ISIC_0026841,nv,nv,2.2760816591471666e-06,2.4969347123260377e-06,4.949853860125586e-07,1.0027824828284793e-05,1.5353703929577023e-05,0.9999563694000244,1.2955403690284584e-05
ISIC_0025945,nv,nv,1.6696748161848518e-06,1.120176762015035e-06,3.451926318120968e-07,7.1427584771299735e-06,9.990037142415531e-06,0.9999699592590332,9.867192602541763e-06
ISIC_0031149,nv,nv,1.8781478274831898e-06,2.920139422712964e-06,5.19578350122174e-07,1.1782828551076818e-05,2.2009297026670538e-05,0.999944806098938,1.6138517821673304e-05
ISIC_0031360,nv,nv,2.3428594886354404e-06,4.1763114495552145e-06,3.274595314906037e-07,9.75505645328667e-06,8.999034434964415e-06,0.9999691247940063,5.2546592996804975e-06
ISIC_0032368,nv,nv,8.939348390413215e-07,5.881922220396518e-07,8.428534101767582e-07,2.5509782517474378e-06,0.0008514460059814155,0.9991405010223389,3.1629456316295546e-06
ISIC_0031905,nv,nv,7.772665640004561e-07,3.430474862398114e-06,2.1619771359837614e-06,2.924825594163849e-06,1.008706385619007e-05,0.999976634979248,3.8878524719621055e-06
ISIC_0025545,nv,nv,9.608636446500896e-07,9.205853075400228e-07,7.499909884245426e-07,1.0768240827019326e-05,5.698765562556218e-06,0.9999734163284302,7.450553312082775e-06
ISIC_0024529,nv,nv,7.378351938314154e-07,1.9720042132576054e-07,2.0929985566908726e-07,4.289763637643773e-06,4.722052835859358e-06,0.9999881982803345,1.5749930071251583e-06
ISIC_0024355,nv,nv,2.5260629854528815e-07,3.029590232017654e-07,1.0491804403045535e-07,8.317136348523491e-07,1.9452294509392232e-05,0.9999781847000122,7.695256272199913e-07
ISIC_0027423,nv,nv,1.645405063754879e-05,1.4082581401453353e-05,4.6207958803279325e-05,7.820109749445692e-05,8.40479988255538e-05,0.9996609687805176,0.00010004582145484164
ISIC_0024587,nv,nv,1.678673811511544e-06,1.1638583146122983e-06,2.0225055777700618e-05,1.4169545465847477e-05,0.013729319907724857,0.9862158298492432,1.7515183571958914e-05
ISIC_0031541,nv,nv,5.8033674577018246e-05,0.002829428296536207,5.7481943258608226e-06,0.0021385711152106524,9.82376659521833e-05,0.9935975074768066,0.0012724780244752765
ISIC_0027596,nv,nv,4.41815318481531e-05,0.005142383277416229,4.312455075705657e-06,0.001463374705053866,0.00010336092236684635,0.9920587539672852,0.0011835679179057479
ISIC_0031204,nv,nv,1.0522325055717374e-06,1.1762965641537448e-06,2.289230906171724e-06,3.154385012749117e-06,2.5153280148515478e-05,0.9999566078186035,1.0608368029352278e-05
ISIC_0024694,nv,nv,6.705163286824245e-06,1.301158704336558e-06,2.88230694422964e-06,1.7001111700665206e-05,0.00013950173160992563,0.9998257756233215,6.7963305809826124e-06
ISIC_0025231,nv,nv,0.0031546419486403465,0.004467496648430824,6.774879147997126e-05,0.0010153696639463305,0.4261173903942108,0.5643638968467712,0.0008135024108923972
ISIC_0027514,nv,nv,3.423635234867106e-06,5.61784588626324e-07,2.354360003664624e-05,1.3031343769398518e-05,0.000367125088814646,0.9995887875556946,3.5478260542731732e-06
ISIC_0029382,nv,bcc,0.0015909170033410192,0.71474689245224,0.025987867265939713,0.00039983788155950606,0.0003594211011659354,0.2553749680519104,0.0015400730771943927
ISIC_0031811,nv,nv,1.2000372180409613e-06,3.972276090280502e-07,4.568408940031077e-07,8.502865966875106e-06,4.823874405701645e-06,0.9999825954437256,2.1089267647766974e-06
ISIC_0028390,nv,nv,6.330763540063344e-07,1.842122742345964e-06,6.799461402806628e-07,1.2112550393794663e-05,0.00045606502681039274,0.9995115995407104,1.7136258975369856e-05
ISIC_0029661,nv,nv,8.7112704932224e-05,2.68420553766191e-05,0.0074309236370027065,0.00011783514491980895,0.0002457143855281174,0.9920558333396912,3.571894558263011e-05
ISIC_0028030,nv,nv,1.6725713294363231e-06,3.6993432672716153e-07,1.352262302134477e-07,1.1979444934695493e-05,4.1628454710007645e-06,0.9999780654907227,3.7002555473009124e-06
ISIC_0026030,nv,mel,2.65593971562339e-05,1.0457361895532813e-05,9.44216299103573e-06,1.4655915947514586e-05,0.581767201423645,0.4181627631187439,8.878290827851743e-06
ISIC_0032427,nv,nv,8.63576815390843e-07,4.234170773997903e-06,1.4862765056022909e-05,5.844314728165045e-06,0.00018533675756771117,0.9997597336769104,2.9043570975773036e-05
ISIC_0031405,nv,nv,3.544141691236291e-06,1.158967620540352e-06,7.775889230288158e-07,6.873214442748576e-05,1.584733763593249e-05,0.9999048709869385,4.927888767269906e-06
ISIC_0027897,nv,nv,4.4577234803000465e-05,0.00156735023483634,0.0008458583615720272,3.06267938867677e-05,7.919893687358126e-05,0.993446409702301,0.003985875751823187
ISIC_0032184,nv,nv,6.205608224263415e-05,3.476681013125926e-05,0.013710793107748032,0.00017934443894773722,0.01621544547379017,0.9696791768074036,0.00011845920380437747
ISIC_0031399,nv,nv,0.0011653928086161613,0.00014848870341666043,0.0007889135740697384,0.00017944736464414746,0.019246581941843033,0.9783797264099121,9.144983778242022e-05
ISIC_0030621,nv,nv,6.405697058653459e-05,7.695948625041638e-06,0.00011202267342014238,4.706259642262012e-05,0.0045242528431117535,0.9952051639556885,3.9720311178825796e-05
ISIC_0031510,nv,mel,0.0016437029698863626,9.940767631633207e-05,0.0023491722531616688,8.230479579651728e-05,0.6577750444412231,0.3378663957118988,0.00018397138046566397
ISIC_0031483,nv,nv,1.3819262676406652e-06,0.0005038325325585902,3.6513552004180383e-07,1.168717244581785e-05,3.083053161390126e-05,0.9994077682495117,4.4189368054503575e-05
ISIC_0032274,nv,nv,0.00012891687219962478,1.2311784303165041e-05,7.959337381180376e-05,0.00018707987328525633,5.322316428646445e-05,0.9995298385620117,9.157922249869443e-06
ISIC_0025518,nv,mel,1.5066349078551866e-05,3.0062477890169248e-05,1.0772671885206364e-05,2.103379665641114e-05,0.9949996471405029,0.004899383522570133,2.415368908259552e-05
ISIC_0025181,nv,nv,2.6423058443469927e-06,9.78317302724463e-07,1.621435103515978e-06,1.8658101907931268e-06,0.00035863224184140563,0.9996321201324463,2.07942593988264e-06
ISIC_0031603,nv,nv,0.00019984717073384672,5.158866770216264e-05,0.00030694229644723237,6.146214582258835e-05,0.24694831669330597,0.7523365020751953,9.536926518194377e-05
ISIC_0029867,nv,nv,9.566679182171356e-06,1.0083334927912802e-05,7.374076812993735e-05,2.7950572984991595e-06,0.0006028573261573911,0.9992971420288086,3.8063492411311017e-06
ISIC_0027045,nv,nv,1.8823329810402356e-05,1.1115842426079325e-05,4.9502243200549856e-05,3.4868905913754134e-06,8.789569983491674e-05,0.9998278617858887,1.376536943098472e-06
ISIC_0025742,nv,nv,5.594027697952697e-06,1.6088841903183493e-06,2.195685055994545e-06,2.1910707346251e-06,5.345476893126033e-05,0.9999332427978516,1.802439101084019e-06
ISIC_0031015,nv,nv,8.85174267750699e-06,2.213113839388825e-05,2.6753855308925267e-06,1.789940142771229e-05,1.246607553184731e-05,0.999934196472168,1.7340945532851038e-06
ISIC_0030842,nv,nv,3.294142061349703e-07,1.6254207935162412e-07,1.1519086910993792e-06,5.123120558891969e-07,5.571079964283854e-05,0.9999419450759888,2.16352205484327e-07
ISIC_0028598,nv,nv,0.00014904342242516577,1.9043465044887853e-06,9.179037988360506e-06,3.363587529747747e-05,0.0003316833171993494,0.9994677901268005,6.771199878130574e-06
ISIC_0026147,nv,nv,1.2660596837577032e-07,1.2053804709921678e-07,5.036366701460793e-07,1.3366358189159655e-06,5.581136065302417e-06,0.9999921321868896,2.768825027033017e-07
ISIC_0025340,nv,nv,4.997983751309221e-07,1.8245872013267217e-07,1.6960256061793189e-06,6.108073762334243e-07,7.007865497143939e-05,0.9999264478683472,4.2110050912924635e-07
ISIC_0025657,nv,nv,1.0638257208483992e-06,8.686718047101749e-07,4.895202323496051e-07,3.8112984839244746e-06,9.29203160922043e-05,0.999900221824646,6.662949090241455e-07
ISIC_0026615,nv,nv,0.00027518472052179277,0.00197117542847991,0.0012180154444649816,0.0004532618331722915,0.030797680839896202,0.9606802463531494,0.004604427143931389
ISIC_0031934,nv,nv,2.206175122410059e-05,7.349257884925464e-06,1.4055207429919392e-05,1.9949804482166655e-05,0.0002370138536207378,0.9996912479400635,8.37939114717301e-06
ISIC_0029583,nv,nv,5.938117737969151e-06,5.166820074009593e-07,1.576429895067122e-05,1.3335082940102438e-06,4.1347608203068376e-05,0.9999345541000366,6.602579105674522e-07
ISIC_0029121,nv,nv,1.1676396752591245e-05,1.701399560261052e-05,6.607200703001581e-06,6.353913704515435e-06,0.019426444545388222,0.9805269241333008,4.986421117791906e-06
ISIC_0031126,nv,bcc,0.000718219147529453,0.9404343962669373,0.045828480273485184,0.00045224910718388855,0.0015442982548847795,0.01089094951748848,0.00013141809904482216
ISIC_0025506,nv,nv,3.3947304473258555e-05,4.617442300514085e-06,0.00024048573686741292,0.0001223039726028219,6.761542317690328e-05,0.9995239973068237,7.0866676651348826e-06
ISIC_0030796,nv,mel,1.3098397175781429e-05,4.524889845924918e-06,5.186233465792611e-06,1.1976329915341921e-05,0.9978311657905579,0.0021306234411895275,3.3806832107075024e-06
ISIC_0029197,nv,nv,4.2463207705623063e-07,5.864176273462363e-07,6.440390620809922e-07,4.610194537235657e-07,4.894383891951293e-05,0.9999485015869141,3.693086512157606e-07
ISIC_0028408,nv,nv,1.4548362514688051e-06,7.552710599156853e-07,3.077796293382562e-07,3.3183980576723116e-06,5.753201912739314e-05,0.999935507774353,1.1551818488442223e-06
ISIC_0026404,nv,bkl,0.00023130702902562916,2.7537278583622538e-05,0.9894366264343262,1.716329097689595e-05,0.0028505013324320316,0.007406736258417368,3.005502549058292e-05
ISIC_0029298,nv,mel,0.00010401113831903785,2.6441299269208685e-05,0.0001646064774831757,2.5141136575257406e-05,0.7448200583457947,0.25482356548309326,3.620841744123027e-05
ISIC_0024790,nv,nv,1.8929774796561105e-06,7.509341912737e-07,1.7515054423711263e-05,5.799395239591831e-07,8.429163244727533e-06,0.9999704360961914,4.314621548928699e-07
ISIC_0028551,nv,nv,0.006258203182369471,0.00014123496657703072,0.11742880940437317,5.881140532437712e-05,0.002043474465608597,0.8740123510360718,5.7065117289312184e-05
ISIC_0030962,nv,nv,2.9202735163380567e-07,3.102216624029097e-06,2.903564109146828e-07,1.650715603318531e-06,4.119362984056352e-06,0.9999806880950928,9.900450095301494e-06
ISIC_0025926,nv,df,0.10770120471715927,0.0029364365618675947,0.0002741792122833431,0.6628971695899963,0.11459793150424957,0.11069947481155396,0.0008936008089222014
ISIC_0026741,nv,nv,1.8370881207374623e-06,2.2491745710340183e-07,6.938610681572754e-07,1.3624402299683425e-06,3.3580301533220336e-05,0.9999618530273438,4.564408015994559e-07
ISIC_0032243,nv,nv,9.998257155530155e-06,4.843475835514255e-06,3.0538463761331514e-05,2.2876602088217624e-06,0.0008165466133505106,0.9991334080696106,2.372971721342765e-06
ISIC_0031363,nv,nv,0.0003947839722968638,2.1703948732465506e-05,5.797059930046089e-05,5.530823182198219e-05,2.0906945792376064e-05,0.9994409680366516,8.424973202636465e-06
ISIC_0026398,nv,nv,1.2974927585673868e-06,4.5291022843230166e-07,1.3542825172407902e-06,1.1172921858815243e-06,4.05631044486654e-06,0.9999911785125732,5.496382300407276e-07
ISIC_0030416,nv,mel,0.0026562465354800224,0.0008317502797581255,0.1725412756204605,0.00018925979384221137,0.6200506091117859,0.20251263678073883,0.0012182745849713683
ISIC_0031451,nv,nv,1.13478165530978e-06,1.877364957181271e-05,3.074577819006663e-07,2.2127518604975194e-05,2.2734820959158242e-05,0.9999297857284546,5.202035481488565e-06
ISIC_0030115,nv,mel,0.0011692577973008156,0.026799503713846207,0.3845764100551605,0.0005952708888798952,0.5735995769500732,0.012887452729046345,0.0003725159331224859
ISIC_0025784,nv,mel,0.00010081881919177249,4.073413947480731e-05,1.6396588762290776e-05,2.258801214338746e-05,0.9676513075828552,0.03215080872178078,1.72538584592985e-05
ISIC_0027928,nv,nv,2.2311563952825963e-05,2.024721288762521e-05,0.0005148822092451155,3.5939015106123406e-06,0.00040273729246109724,0.9990314245223999,4.805215212400071e-06
ISIC_0027466,nv,mel,1.4526827726513147e-05,1.748867543938104e-05,0.00010963546810671687,1.4522491255775094e-05,0.8688536286354065,0.1309782713651657,1.1976276255154517e-05
ISIC_0026414,nv,nv,0.0028861449100077152,1.1373805136827286e-05,0.0018200317863374949,1.6656535080983303e-05,0.05091375112533569,0.9443448781967163,7.198491857707268e-06
ISIC_0024926,nv,nv,4.78944502901868e-06,1.0834544809767976e-05,2.299538755323738e-05,2.1654435840900987e-05,5.35248773303465e-06,0.9999226331710815,1.1705801625794265e-05
ISIC_0026559,nv,nv,3.569865657482296e-05,2.485486402292736e-05,0.038997359573841095,1.108863580157049e-05,0.000319834565743804,0.9605988264083862,1.2289860023884103e-05
ISIC_0031708,nv,nv,1.3259971638035495e-05,2.237052967757336e-06,5.572399004449835e-06,3.5566295991884544e-05,0.03425974398851395,0.9656773209571838,6.331118129310198e-06
ISIC_0024356,nv,nv,6.996490992605686e-05,6.737792318745051e-06,8.538371184840798e-05,1.163648903457215e-05,0.00019711647473741323,0.9996210336685181,7.979814654390793e-06
ISIC_0031838,nv,nv,1.426309268026671e-06,1.2078787676728098e-06,5.136489562573843e-06,3.300999651401071e-06,0.0001760712912073359,0.9998114705085754,1.4276511137722991e-06
ISIC_0030253,nv,mel,0.00051509914919734,0.0003292490146122873,0.0010720742866396904,0.00204780837520957,0.9606314897537231,0.035210542380809784,0.00019367480126675218
ISIC_0029733,nv,nv,0.00013255841622594744,0.011301317252218723,0.015732742846012115,0.00011103729048045352,0.0001556099159643054,0.9723808169364929,0.00018593916320241988
ISIC_0029054,nv,nv,6.272833707043901e-05,7.2010598159977235e-06,0.0007235762313939631,2.3251002858160064e-05,0.27381807565689087,0.7253557443618774,9.438706911168993e-06
ISIC_0030069,nv,nv,8.142657179632806e-07,3.6956686244593584e-07,3.3547664770594565e-06,3.411420266274945e-06,0.00017968883912544698,0.9998111128807068,1.2812666909667314e-06
ISIC_0025088,nv,nv,4.979885943612317e-06,2.186908659496112e-06,0.0006291868048720062,8.93144533620216e-06,8.163835445884615e-05,0.9992701411247253,3.021006705239415e-06
ISIC_0026786,nv,bkl,0.018351145088672638,0.0435100719332695,0.7663513422012329,0.01503686048090458,0.019289027899503708,0.13056422770023346,0.0068973358720541
ISIC_0027461,nv,nv,2.034120370808523e-06,2.274764483445324e-07,4.318661467550555e-06,8.553784027753863e-07,5.0038661356666125e-06,0.9999864101409912,1.121041691476421e-06
ISIC_0026076,nv,mel,3.6827717849519104e-05,6.1960772654856555e-06,4.552004156721523e-06,4.1584316932130605e-05,0.8491408228874207,0.15075485408306122,1.5186942619038746e-05
ISIC_0028441,nv,df,0.009610125795006752,0.00038248623604886234,0.00018721757805906236,0.5727265477180481,0.044408299028873444,0.3718837797641754,0.000801559304818511
ISIC_0030313,nv,nv,4.343221178260137e-07,6.817823532401235e-07,3.289241476522875e-06,2.6624566089594737e-06,1.334516127826646e-06,0.9999022483825684,8.931237971410155e-05
ISIC_0025579,nv,nv,4.312641124215588e-07,6.458808456955012e-07,1.344918814538687e-06,1.6150972896866733e-06,0.0002656514407135546,0.9997287392616272,1.567324147799809e-06
ISIC_0032459,nv,nv,8.81527228102641e-07,4.5240457779982535e-07,7.343528523051646e-06,5.311201221047668e-06,1.0884457879001275e-05,0.9999545812606812,2.0439914806047454e-05
ISIC_0025730,nv,nv,4.973643399353023e-07,3.2839413961482933e-06,2.0299587049521506e-05,5.924761126152589e-07,2.3572109057568014e-05,0.999947190284729,4.561432433547452e-06
ISIC_0027066,nv,mel,0.0008014966151677072,1.8979939341079444e-05,0.0024612455163151026,8.57769264257513e-05,0.8735752701759338,0.1229768693447113,8.031849574763328e-05
ISIC_0029465,nv,nv,2.0442475943127647e-05,1.0188279702560976e-05,5.036479251430137e-06,9.361843694932759e-06,0.004612898454070091,0.9953261613845825,1.5865747627685778e-05
ISIC_0025967,nv,nv,0.004029855132102966,2.2283718863036484e-05,0.014860985800623894,0.013074281625449657,0.007054660003632307,0.9608457684516907,0.00011218285362701863
ISIC_0027360,nv,nv,8.685586362844333e-05,0.00058041384909302,0.0005244452622719109,2.1601648768410087e-05,0.007266023196280003,0.9914920926094055,2.853901605703868e-05
ISIC_0029554,nv,bcc,0.0001030145213007927,0.9947350025177002,0.0003707919968292117,1.3062399375485256e-05,0.00024491475778631866,0.004491765983402729,4.154374619247392e-05
ISIC_0024578,nv,nv,2.163771387131419e-05,2.0762092844961444e-06,3.634312088252045e-05,0.0003549439425114542,7.276182714122115e-06,0.999574601650238,3.170741820213152e-06
ISIC_0025759,nv,nv,2.126107574440539e-05,3.7357842757046456e-06,0.0003078630834352225,1.3021062841289677e-05,1.4981134881963953e-05,0.9996339082717896,5.321375283529051e-06
ISIC_0031366,nv,nv,3.634167660493404e-05,3.0635362691100454e-06,7.766492490191013e-05,2.3274560589925386e-05,1.5366929801530205e-05,0.99983811378479,6.180061518534785e-06
ISIC_0028310,nv,bcc,5.449893797049299e-05,0.9993937015533447,4.083730345882941e-06,2.1040770661784336e-05,0.00019969150889664888,0.00021895981626585126,0.00010789606312755495
ISIC_0028281,nv,nv,7.97883330960758e-06,6.421982106985524e-05,0.0009321625693701208,1.683533628238365e-05,9.290716661780607e-06,0.9989435076713562,2.6058969524456188e-05
ISIC_0030598,nv,nv,0.026135174557566643,0.004542505368590355,0.003424861468374729,0.00029159843688830733,0.009331479668617249,0.9561898708343506,8.452786278212443e-05
ISIC_0028205,nv,nv,7.951587758725509e-05,1.4669641359432717e-06,1.0706118700909428e-05,3.212608862668276e-05,0.00016785961634013802,0.9997046589851379,3.671517106340616e-06
ISIC_0025936,nv,nv,2.501973597190954e-07,8.161893561009492e-08,7.132742894100375e-07,8.066670034168055e-07,8.595623512519524e-06,0.9999891519546509,3.720016934494197e-07
ISIC_0025179,nv,bkl,0.004772183019667864,0.0006359434919431806,0.41129767894744873,0.00027709492132999003,0.2320806235074997,0.35036569833755493,0.0005706935189664364
ISIC_0024441,nv,nv,2.442205004626885e-05,2.1496146018762374e-06,0.0001917752524605021,7.08900552126579e-06,0.0007469363627023995,0.9990224838256836,5.042707471147878e-06
ISIC_0030534,nv,nv,2.1470772480824962e-05,1.7429421177439508e-06,2.9397175239864737e-05,2.6476034236111445e-06,0.0016806795028969646,0.9982604384422302,3.611256715885247e-06
ISIC_0031314,nv,akiec,0.907928466796875,6.161469354992732e-05,0.005950380116701126,0.0006278911023400724,0.0008497206144966185,0.08448759466409683,9.4335809990298e-05
ISIC_0031121,nv,nv,0.00019762763986364007,8.488007733831182e-05,0.008781281299889088,9.925787162501365e-05,0.0016955460887402296,0.9890467524528503,9.46051804930903e-05
ISIC_0031301,nv,bkl,0.00025251199258491397,0.0014074267819523811,0.9277986288070679,8.038928353926167e-05,0.05122632533311844,0.019140003249049187,9.46346772252582e-05
ISIC_0024882,nv,nv,4.001522029284388e-07,3.750704308913555e-06,0.00016392134421039373,4.6443173573607055e-07,8.378053280466702e-06,0.9998223185539246,8.528271564500756e-07
ISIC_0026956,nv,nv,5.0167898734798655e-05,0.0004988101427443326,2.590045733086299e-05,1.2935090126120485e-05,0.00011630118387984112,0.999247670173645,4.8302394134225324e-05
ISIC_0031982,nv,nv,6.017266400704102e-07,5.6369251979049295e-05,5.528377369046211e-05,1.5272769360308303e-06,0.0005141851142980158,0.9993677735328674,4.246828211762477e-06
ISIC_0029833,nv,nv,8.557766705052927e-05,0.00010859045869437978,0.011433246545493603,9.856073302216828e-05,6.567363743670285e-05,0.988086462020874,0.00012183692160760984
ISIC_0028736,nv,nv,1.086620341084199e-05,5.223390871833544e-06,4.85623131680768e-05,4.982464361091843e-06,0.0012957560829818249,0.9986298084259033,4.834713308810024e-06
ISIC_0024447,nv,nv,1.780040634002944e-06,2.015865447901888e-06,1.293619061470963e-05,2.8222016226209234e-06,2.7979474907624535e-05,0.9999504089355469,2.0158520328550367e-06
ISIC_0027498,nv,nv,1.0555174867477035e-06,1.1395556612114888e-05,1.765379056450911e-05,3.08606149701518e-06,0.00038905939436517656,0.9995680451393127,9.669254723121412e-06
ISIC_0024657,nv,nv,1.2908528788102558e-06,4.058061904288479e-07,2.0615952962543815e-06,1.0094223625856102e-06,1.3032403330726083e-05,0.9999818801879883,4.769929091708036e-07
ISIC_0032279,nv,nv,9.369808822157211e-07,4.730979071609909e-06,2.7675173441821244e-06,8.811014708953735e-07,4.415213334141299e-05,0.9999445676803589,1.927976427396061e-06
ISIC_0027922,nv,nv,0.0003769730683416128,0.00014119486149866134,0.007245458662509918,0.0002828857977874577,0.00030076788971200585,0.9912827014923096,0.00037000022712163627
ISIC_0027298,nv,nv,1.975076156668365e-05,1.2303460607654415e-05,3.984806426160503e-06,3.2545660815230804e-06,0.008281596004962921,0.9916765689849854,2.4409257548541063e-06
ISIC_0032090,nv,nv,1.6914202205953188e-05,0.021148471161723137,1.8557235534899519e-06,5.398445136961527e-05,0.0004434488946571946,0.978227972984314,0.00010733264207374305
ISIC_0026048,nv,nv,6.04359820499667e-06,5.854665801052761e-07,6.308324827841716e-06,2.8433548777684337e-06,3.673181345220655e-05,0.9999465942382812,8.996751148515614e-07
ISIC_0026753,nv,nv,6.713847596984124e-06,5.396557298809057e-07,9.215074896928854e-06,9.441438351132092e-07,1.4094272046349943e-05,0.9999680519104004,3.375073447386967e-07
ISIC_0025505,nv,nv,1.3656828059538384e-06,8.302748756250367e-05,3.8190981399566226e-07,2.1726198156102328e-06,7.227181049529463e-05,0.9998384714126587,2.2823405743110925e-06
ISIC_0025517,nv,nv,0.00043604348320513964,1.9120006982120685e-05,9.964003766071983e-06,0.00019084475934505463,0.07418541610240936,0.9251306056976318,2.8044751161360182e-05
ISIC_0031238,nv,nv,0.02789224497973919,0.0018344417912885547,0.006794637534767389,0.00487913005053997,0.004650770220905542,0.9475350975990295,0.006413730792701244
ISIC_0026297,nv,nv,1.685705683485139e-05,5.0136990466853604e-05,0.0003809591580647975,8.063513632805552e-06,0.024373767897486687,0.9751434326171875,2.6802916181623004e-05
ISIC_0030639,nv,nv,1.8759979866445065e-05,0.00024848352768458426,8.984992746263742e-05,2.8960777854081243e-05,0.00028191128512844443,0.9992941617965698,3.784516957239248e-05
ISIC_0025165,nv,nv,7.277111762959976e-06,9.823000254982617e-06,4.642048224923201e-06,1.204640375362942e-05,5.155898543307558e-05,0.9999128580093384,1.7854139287010184e-06
ISIC_0025237,nv,nv,0.0014796615578234196,0.0008343521622009575,0.0006265604170039296,0.00010150966409128159,0.017573781311511993,0.9790357947349548,0.00034831176162697375
ISIC_0029390,nv,nv,0.00010059039777843282,5.83173859922681e-05,2.091170017592958e-06,2.069253969239071e-05,0.0014556653331965208,0.9983493089675903,1.3352439964364748e-05
ISIC_0030663,nv,nv,0.0001835542352637276,0.00020453418255783617,0.020887291058897972,0.0008201256860047579,0.32891845703125,0.6487582921981812,0.0002277282765135169
ISIC_0025422,nv,nv,5.75006015424151e-06,6.5615226958470885e-06,4.0980707126436755e-05,2.46533818426542e-05,0.00013323171879164875,0.9997798800468445,8.907115443435032e-06
ISIC_0026665,nv,nv,2.819912515406031e-05,1.2807079201593297e-06,1.6834626876516268e-05,5.9403988416306674e-05,0.00039561852463521063,0.9994951486587524,3.4087033782270737e-06
ISIC_0027984,nv,nv,4.5650758693227544e-06,3.0856826924718916e-05,1.7620583093957976e-05,3.829325578408316e-05,0.0006483920151367784,0.999242901802063,1.7430136722396128e-05
ISIC_0026124,nv,mel,0.012496065348386765,0.011185231618583202,0.0002792176674120128,0.184234619140625,0.5098411440849304,0.2816910743713379,0.0002726429665926844
ISIC_0026711,nv,nv,0.0008868901059031487,0.00036104299942962825,0.2552550733089447,0.00032355290022678673,0.18350687623023987,0.5592978000640869,0.00036874457146041095
ISIC_0030176,nv,nv,1.6760570815677056e-06,1.2774466995324474e-06,1.7289929019170813e-05,1.3499199667421635e-05,3.9867591112852097e-05,0.9999227523803711,3.6840374377788976e-06
ISIC_0026580,nv,nv,1.1434366570028942e-05,3.7895044897595653e-06,2.8184313123347238e-06,3.479451606835937e-06,5.7403758546570316e-05,0.999919056892395,2.004989028137061e-06
ISIC_0025346,nv,nv,1.4490556168311741e-05,9.672567102825269e-06,3.968105374951847e-05,5.062871878180886e-06,0.19246724247932434,0.8074526786804199,1.1243103472224902e-05
ISIC_0025540,nv,nv,2.2612659449805506e-05,7.17109924153192e-06,3.6601617466658354e-05,0.00011535573867149651,0.12869113683700562,0.8710565567016602,7.054271554807201e-05
ISIC_0032333,nv,nv,2.2325857571559027e-05,1.2928721844218671e-05,9.465820767218247e-06,7.425320654874668e-05,0.15211619436740875,0.8477169871330261,4.779620940098539e-05
ISIC_0028596,nv,nv,8.088837603281718e-06,4.804379386769142e-06,0.014271500520408154,3.2800366170704365e-05,1.6492507711518556e-05,0.9856599569320679,6.377559202519478e-06
ISIC_0024902,nv,nv,1.6499000139447162e-06,2.336642410227796e-06,4.276933759683743e-05,4.453863311937312e-06,9.310087989433669e-06,0.999936580657959,2.8498959636635846e-06
ISIC_0026676,nv,nv,3.4199090350739425e-06,1.095990342037112e-06,5.092350875202101e-06,2.0641957689804258e-06,0.0001744825713103637,0.9998120665550232,1.818064220060478e-06
ISIC_0032328,nv,nv,4.620234903995879e-05,1.6941547073656693e-05,4.00633507524617e-05,0.0012983200140297413,0.033909328281879425,0.9643439054489136,0.0003452178498264402
ISIC_0025193,nv,nv,4.0740478652878664e-06,2.1916807781963143e-06,1.1248613191128243e-05,0.0001017642134684138,0.00013399838644545525,0.9997310042381287,1.572979635966476e-05
ISIC_0026218,nv,nv,0.00011748465476557612,3.1865999972069403e-06,6.800131814088672e-05,1.597436857991852e-05,0.00038229572237469256,0.9994041919708252,8.840336704452056e-06
ISIC_0030155,nv,nv,5.016987643102766e-07,2.151226823343677e-07,2.85923010778788e-06,1.638106027712638e-06,3.6566652852343395e-06,0.9999905824661255,5.132416731612466e-07
ISIC_0028531,nv,nv,1.1363366638761363e-06,6.43832891000784e-07,2.6220975996693596e-05,3.710234977916116e-06,1.920635622809641e-05,0.9999468326568604,2.3519855858467054e-06
ISIC_0025446,nv,nv,0.0002924203872680664,0.00012306668213568628,0.19003449380397797,0.0006704996922053397,0.0010707199107855558,0.8075746893882751,0.00023407515254803002
ISIC_0025647,nv,nv,3.1037860026117414e-05,5.221714673098177e-06,7.6174287642061245e-06,0.0005111003411002457,0.009072997607290745,0.9903202652931213,5.177278217161074e-05
ISIC_0026371,nv,nv,2.803657298500184e-05,0.0001171254989458248,0.0010902881622314453,0.00010300341818947345,0.00017547189781907946,0.9984044432640076,8.174767572199926e-05
ISIC_0030019,nv,nv,1.962207306860364e-06,1.0287424174748594e-06,3.63476203801838e-07,2.3432387024513446e-05,0.0017486062133684754,0.9982208609580994,3.7004028854425997e-06
ISIC_0028042,nv,nv,2.2041507463654852e-07,3.0997065891824604e-07,6.226458140190516e-07,3.742643684745417e-06,1.1875395102833863e-05,0.9999805688858032,2.6315462946513435e-06
ISIC_0030229,nv,nv,7.434528583871725e-07,8.544133152099675e-07,1.2688080914813327e-06,3.936374014301691e-06,4.1773630073294044e-05,0.9999475479125977,3.907998689101078e-06
ISIC_0027133,nv,nv,3.656490662251599e-06,5.910003437747946e-06,8.026559044083115e-06,0.00014713380369357765,0.01110957469791174,0.9886664152145386,5.9420563047751784e-05
ISIC_0028756,nv,nv,1.4890551938151475e-06,2.3958914425747935e-06,5.703027909476077e-06,2.3245185730047524e-05,0.0001307410275330767,0.9995081424713135,0.0003282847465015948
ISIC_0024818,nv,nv,3.0744774903723737e-06,1.3589386753665167e-06,9.264747859560885e-06,1.6577182577748317e-06,0.0012413966469466686,0.9987425208091736,7.857375976527692e-07
ISIC_0025271,nv,nv,1.6381160321543575e-06,3.779647101964656e-07,8.401742888963781e-06,1.1927063496841583e-06,1.3980882613395806e-05,0.9999737739562988,6.17319130924443e-07
ISIC_0032042,nv,nv,0.00023573162616230547,0.00011185345647390932,0.006148263346403837,0.00015744453412480652,0.0018166626105085015,0.9914215207099915,0.0001085605617845431
ISIC_0030589,nv,nv,0.0036267901305109262,0.0006860059220343828,0.0005534837255254388,0.028262853622436523,0.001316688023507595,0.8759439587593079,0.089610256254673
ISIC_0027140,nv,nv,1.3133045229096751e-07,1.3598588566310355e-06,3.578241205559607e-07,6.492422244264162e-07,1.7590773495612666e-05,0.9999784231185913,1.5615038364558131e-06
ISIC_0030404,nv,nv,3.7785343010909855e-05,8.488792445859872e-06,0.00012492926907725632,4.67490463051945e-05,5.902321936446242e-05,0.999701201915741,2.184928052884061e-05
ISIC_0027311,nv,nv,1.3248701179691125e-05,5.256246367935091e-06,1.1395308320061304e-05,9.068010513146874e-06,0.0004900948842987418,0.9994643330574036,6.668526566500077e-06
ISIC_0031896,nv,nv,8.822996733215405e-07,1.6420437987108016e-06,1.7935692085302435e-05,3.6510573409032077e-06,0.0004779066948685795,0.9994925260543823,5.386673819884891e-06
ISIC_0032388,nv,nv,0.002976461313664913,0.0002330088900635019,0.05390505492687225,0.004673694726079702,0.1656423658132553,0.7717829346656799,0.000786461285315454
ISIC_0030299,nv,nv,8.251375334111799e-07,1.582173695169331e-06,5.083689416096604e-07,3.833802111330442e-06,0.0005678374436683953,0.999423623085022,1.8865658830691245e-06
ISIC_0028866,nv,nv,3.51035680523637e-07,3.110460227162548e-07,6.706277986268105e-07,1.125544486058061e-06,1.955276820808649e-05,0.9999762773513794,1.6752502460803953e-06
ISIC_0025253,nv,nv,1.661200371927407e-06,2.614766117403633e-06,7.766589078528341e-06,9.335323738923762e-06,0.0012745888670906425,0.9986979961395264,5.9954627431579866e-06
ISIC_0026190,nv,nv,0.0001249359775101766,0.2584916055202484,0.00273452652618289,0.002030267147347331,0.014741012826561928,0.7168260216712952,0.005051611922681332
ISIC_0030358,nv,bkl,0.000152421576785855,0.00015689742576796561,0.7588903307914734,0.0005928612663410604,0.002141693839803338,0.23798073828220367,8.501956472173333e-05
ISIC_0030086,nv,nv,3.4785068692144705e-07,2.3090430545380514e-07,1.4441638995776884e-06,3.894403562298976e-06,5.73293664274388e-06,0.9999855756759644,2.6926372811431065e-06
ISIC_0034265,nv,nv,6.289780139923096e-05,1.9838080334011465e-05,0.04421883448958397,0.00040074432035908103,0.4001482129096985,0.5550997853279114,4.968446592101827e-05
ISIC_0033765,nv,nv,4.847547643294092e-07,1.4625524613620655e-07,8.929909540711378e-07,1.1358440588082885e-06,0.00016583918477408588,0.9998308420181274,6.535779562000243e-07
ISIC_0032939,nv,nv,3.1713191219751025e-06,3.409313364954869e-07,6.88080854160944e-06,1.706395551082096e-06,0.00018129822274204344,0.9998061060905457,5.180947368899069e-07
ISIC_0033682,nv,nv,6.449503189287498e-07,4.4362818130139203e-07,2.9332536541915033e-06,1.3048013443039963e-06,0.00019171510939486325,0.99980229139328,6.32055559890432e-07
ISIC_0032979,nv,nv,5.130774525241577e-07,9.797909115150105e-07,7.494304099964211e-06,7.538268960161076e-07,3.055166189369629e-06,0.9999842643737793,2.9768377771688392e-06
ISIC_0033474,nv,nv,8.99645147001138e-06,1.2184788829472382e-05,2.818028224282898e-05,2.2720390916219912e-05,0.0008080145344138145,0.9991064667701721,1.3441848750517238e-05
ISIC_0034043,nv,nv,2.3572679310746025e-06,4.798241661774227e-07,0.0008270706166513264,9.421385584573727e-06,1.6243491700151935e-05,0.9991425275802612,1.897647166515526e-06
ISIC_0033589,nv,nv,1.9800743302766932e-06,6.833413408458e-07,1.860216116256197e-06,4.0896766222431324e-06,0.011198566295206547,0.9887914657592773,1.3087779962006607e-06
ISIC_0032880,nv,nv,3.987715899711475e-06,7.37725486033014e-06,1.4118380704530864e-06,2.8547901820275e-05,0.005305862054228783,0.9946045279502869,4.829568206332624e-05
ISIC_0032721,nv,nv,2.9063023703201907e-06,7.68936843087431e-07,5.371134648157749e-06,3.853560428979108e-06,0.005782168824225664,0.9942029118537903,2.032315023825504e-06
ISIC_0032616,nv,nv,1.0153046332561644e-06,1.1852115449073608e-06,8.936170843298896e-07,1.585028257977683e-06,2.889584720833227e-06,0.9999901056289673,2.398954165983014e-06
ISIC_0033355,nv,nv,8.214449849219818e-07,9.681808478489984e-06,1.3781445886706933e-06,3.690330004246789e-06,0.0004919424536637962,0.9994884729385376,4.059173534187721e-06
ISIC_0034219,nv,nv,2.7706297260010615e-05,9.76826299847744e-07,0.0003773459466174245,9.744979251991026e-06,7.490981079172343e-05,0.9995040893554688,5.258350483927643e-06
ISIC_0033118,nv,nv,1.3374569789448287e-06,1.0044833516076324e-06,3.783875217777677e-05,1.7595588133190176e-06,6.2851436268829275e-06,0.9999511241912842,6.817635949118994e-07
ISIC_0033542,nv,nv,6.718132681271527e-07,5.729119720854214e-07,1.9566547848626215e-07,2.9417765290418174e-06,3.6981070934416493e-06,0.9999885559082031,3.2557372833252884e-06
ISIC_0032575,nv,nv,2.4314348934240115e-07,1.4629759448325785e-07,3.358736648806371e-06,3.1121430765779223e-07,2.746190602920251e-06,0.9999924898147583,6.467868161053048e-07
ISIC_0033842,nv,nv,1.8073508272209438e-06,2.0720945030916482e-06,5.117793079989497e-06,7.190534233814105e-06,1.1890410860360134e-05,0.9999538660049438,1.8101996829500422e-05
ISIC_0032923,nv,nv,1.2076530992999324e-06,1.9916988094337285e-06,4.417992840899387e-06,9.51929632719839e-06,3.987329364463221e-06,0.9999459981918335,3.2832253054948524e-05
ISIC_0033577,nv,nv,2.8612714686460095e-07,1.5163756472702516e-07,9.738109838508535e-07,8.518883078068029e-06,2.8891452075185953e-06,0.999984860420227,2.416018787698704e-06
ISIC_0033898,nv,nv,9.110604537454492e-07,3.251272175930353e-07,5.334937327461375e-07,1.3624642178911017e-06,5.484788925969042e-05,0.999941349029541,7.126513992261607e-07
ISIC_0033173,nv,nv,3.9684897501501837e-07,1.1945343203478842e-07,1.1358804385963595e-07,3.301089464002871e-06,1.533830754851806e-06,0.9999940395355225,4.7544003223265463e-07
ISIC_0032655,bkl,bkl,4.4360584183777974e-07,8.223835266107926e-07,0.9999169111251831,1.0130956979992334e-06,1.385632003803039e-06,7.891187124187127e-05,5.670494829246309e-07
ISIC_0034114,nv,nv,5.035479944126564e-07,7.325965611926222e-07,2.951653073068883e-07,3.310728516225936e-06,3.613453827711055e-06,0.9999886751174927,2.804644282150548e-06
ISIC_0033039,nv,nv,1.847709825142374e-07,6.29806109486708e-08,9.019221351991291e-07,1.5694723742853967e-06,8.727809586162039e-07,0.9999959468841553,4.4781384644920763e-07
ISIC_0034228,nv,nv,4.86020041989832e-07,2.3480056654534565e-07,1.7494677422291716e-06,6.894252351230534e-07,5.166632490727352e-06,0.9999912977218628,3.091568032687064e-07
ISIC_0032759,nv,nv,2.4900916173464793e-07,4.5031802642370167e-07,7.638264065690237e-08,1.6785604657343356e-06,1.3491811841959134e-05,0.9999828338623047,1.1463840792202973e-06
ISIC_0033647,nv,nv,6.027906351846468e-08,3.352385817834147e-07,6.669587548913114e-08,1.0819589988386724e-06,6.051722084521316e-05,0.9999370574951172,8.731066145628574e-07
ISIC_0032956,nv,nv,2.112370339091285e-06,2.182885282309144e-06,5.900795372326684e-07,1.2414437151164748e-05,0.0004243106232024729,0.9995532631874084,5.125782990944572e-06
ISIC_0034082,nv,nv,2.0976506220904412e-07,4.334003165240574e-07,1.8450964489602484e-07,9.62548028837773e-07,1.89304646482924e-05,0.9999786615371704,6.41464282580273e-07
ISIC_0034312,nv,nv,1.323829366128848e-07,3.3793656939451466e-07,7.732764117918123e-08,1.0973640200973023e-06,7.11645043338649e-06,0.9999878406524658,3.3859712402772857e-06
ISIC_0032578,nv,nv,4.6307917500598705e-07,3.8084899642853998e-06,1.0720990530899144e-06,1.7943751799975871e-06,1.000616975943558e-05,0.9999727010726929,1.0146030945179518e-05
ISIC_0034266,nv,nv,5.241453209237079e-07,8.35252706110623e-07,7.846221450336088e-08,4.950096263200976e-05,6.365624358295463e-06,0.9999279975891113,1.46874717756873e-05
ISIC_0034080,nv,nv,9.257133933715522e-05,2.122646947100293e-05,1.9567145500332117e-05,0.00036103755701333284,0.0003196519101038575,0.9990591406822205,0.00012690344010479748
ISIC_0034154,nv,nv,3.4695963222475257e-06,2.4313892481586663e-06,3.4833192330552265e-06,3.194685996277258e-05,0.00016301297000609338,0.999727189540863,6.84812112012878e-05
ISIC_0033028,nv,nv,1.3575322554970626e-05,5.682696610165294e-06,3.8118560041766614e-05,4.349097434896976e-05,0.23561729490756989,0.7642658352851868,1.6007175872800872e-05
ISIC_0032814,nv,nv,4.4958318312637857e-07,2.3002287719009473e-07,4.215970079712861e-07,1.4780949868509197e-06,2.6673325919546187e-05,0.9999699592590332,7.695603017054964e-07
ISIC_0033190,nv,nv,3.9291259668061684e-07,1.4887531563090306e-07,1.395063577547262e-06,1.2746344282277278e-06,2.4979656245704973e-06,0.9999933242797852,9.855380085355137e-07
ISIC_0033535,nv,nv,5.578618811341585e-07,9.315338616033841e-07,4.215462752199528e-07,1.049595311997109e-06,1.4448304682446178e-05,0.9999821186065674,4.730057980850688e-07
ISIC_0033330,nv,nv,3.2383553616455174e-07,1.7120528355007991e-06,1.1154744470331934e-06,1.0056724022433627e-06,3.140946864732541e-05,0.9999631643295288,1.3518497326003853e-06
ISIC_0024725,nv,nv,2.393177055637352e-06,1.2098013939976227e-05,0.00022255296062212437,7.850911060813814e-05,0.018697869032621384,0.9809589982032776,2.7681859137373976e-05
ISIC_0031259,nv,mel,7.730563083896413e-05,9.685919212643057e-05,0.010617367923259735,0.0009299014927819371,0.8263651132583618,0.16086778044700623,0.0010456274030730128
ISIC_0027138,nv,nv,0.007261231075972319,0.02087290957570076,0.0066560716368258,0.0017537868116050959,0.12863098084926605,0.8300768733024597,0.004748173523694277
ISIC_0028014,nv,nv,3.3833327961474424e-07,1.3438659607345471e-06,5.404519470175728e-05,1.2063225085512386e-06,1.9580320440582e-06,0.9999383687973022,2.7912099085369846e-06
ISIC_0031105,nv,nv,2.403250618954189e-06,4.229166279401397e-06,3.4543265883257845e-06,2.9844568416592665e-06,4.3382347939768806e-05,0.9999417066574097,1.8600923112899181e-06
ISIC_0029030,nv,nv,0.00013092377048451453,5.578696800512262e-05,0.00014183409803081304,0.0004185217840131372,0.30425918102264404,0.6949040293693542,8.97038698894903e-05
ISIC_0031454,nv,nv,4.310367785365088e-06,0.0015532153192907572,0.0020307167433202267,1.1750184057746083e-05,3.160157211823389e-05,0.9962031245231628,0.00016531124128960073
ISIC_0028618,nv,nv,0.00022719839762430638,2.4619139367132448e-05,0.00028194786864332855,5.488300303113647e-05,0.0014801950892433524,0.9979142546653748,1.6903484720387496e-05
ISIC_0031488,nv,nv,0.0003849097993224859,2.1567610019701533e-05,0.0004419797915033996,0.00023324850189965218,0.0030757300555706024,0.9958297610282898,1.2717307072307449e-05
ISIC_0027345,nv,nv,1.5195653304544976e-06,3.341079036545125e-06,1.7328495687252143e-06,1.8684859242057428e-06,1.1562696272449102e-05,0.9999788999557495,1.0413704103484633e-06
ISIC_0029143,nv,nv,0.0007888578111305833,0.0010699983686208725,0.0014439682709053159,0.3907111585140228,0.09746363013982773,0.5069639682769775,0.0015584174543619156
ISIC_0030693,nv,bkl,6.474698602687567e-05,5.1303166401339695e-05,0.9766421318054199,8.545030141249299e-05,0.0003889920481014997,0.022739345207810402,2.8070906409993768e-05
ISIC_0031040,akiec,akiec,0.9978175163269043,0.0008661015890538692,0.00016018340829759836,0.0005874537164345384,0.00042890652548521757,2.9469558285200037e-05,0.00011034124327125028
ISIC_0027795,akiec,akiec,0.9976367950439453,7.436331361532211e-05,0.0018853056244552135,0.00029044252005405724,7.103833922883496e-05,1.828616950660944e-05,2.378828139626421e-05
ISIC_0024913,akiec,bcc,0.027266692370176315,0.958687961101532,0.00247656530700624,0.007378510199487209,0.0038059926591813564,3.004173959197942e-05,0.00035419684718362987
ISIC_0026872,akiec,akiec,0.996171772480011,0.0008049257448874414,0.00010834336717380211,0.0014943209243938327,0.0014009893639013171,6.03178932578885e-06,1.3577481695392635e-05
ISIC_0031119,akiec,akiec,0.9770693182945251,0.008865373209118843,0.0021902183070778847,0.00024954858236014843,0.005761947017163038,0.005784790497273207,7.882143108872697e-05
ISIC_0024562,akiec,mel,0.14192388951778412,0.008849586360156536,0.0012672379380092025,0.018853018060326576,0.5947720408439636,0.23393559455871582,0.00039864343125373125
ISIC_0025696,akiec,akiec,0.99991774559021,3.956776254199212e-06,2.025118919846136e-05,6.015088274580194e-06,5.021518882131204e-05,8.856117119648843e-07,9.879250910671544e-07
ISIC_0030794,akiec,akiec,0.9837521314620972,0.012789729982614517,0.0002467601443640888,0.0031254258938133717,3.1614563340554014e-05,3.396936517674476e-05,2.0214532924001105e-05
ISIC_0027678,akiec,akiec,0.9893890023231506,2.2475413061329164e-05,2.6236406483803876e-05,0.00022791096125729382,0.010315703228116035,5.205681645747973e-06,1.3547783964895643e-05
ISIC_0028132,akiec,bcc,0.0071839578449726105,0.9923462867736816,0.0003111573460046202,2.5548464691382833e-05,7.4918003519997e-05,3.0637609597761184e-05,2.7444368242868222e-05
ISIC_0030991,akiec,bkl,0.03357420116662979,9.005981701193377e-05,0.9656399488449097,0.0002450254396535456,0.00014275872672442347,0.0002921663981396705,1.5838772014831193e-05
ISIC_0029582,akiec,akiec,0.8497616052627563,0.14373481273651123,0.0007877818425185978,0.004527821205556393,0.0004962702514603734,0.0004307142226025462,0.00026098176022060215
ISIC_0031852,akiec,bkl,0.0006090762908570468,0.0005038277013227344,0.5740224719047546,3.3545838959980756e-05,0.0041863336227834225,0.4205664098262787,7.835083670215681e-05
ISIC_0031609,akiec,bkl,0.2610214650630951,0.00012682889064308256,0.7369599342346191,0.00021494597604032606,8.970456110546365e-05,0.0015063215978443623,8.08181066531688e-05
ISIC_0026645,akiec,bcc,0.2512604594230652,0.7395802736282349,0.0022755975369364023,0.0018781506223604083,0.004647760186344385,5.3734329412691295e-05,0.0003040253068320453
ISIC_0024710,akiec,bcc,0.00038315990241244435,0.9994495511054993,2.0718080122605897e-06,9.801738997339271e-06,1.2488191714510322e-05,9.661042668085429e-07,0.00014201817975845188
ISIC_0030375,akiec,akiec,0.9848722219467163,0.007730984594672918,0.005967516452074051,0.00013754065730609,0.0012309587327763438,9.45495685300557e-06,5.132911610417068e-05
ISIC_0031335,akiec,akiec,0.9993758797645569,0.0002521440910641104,3.9760267100064084e-05,0.0001661844435147941,0.00012236004113219678,7.734129212622065e-06,3.605305391829461e-05
ISIC_0027178,akiec,akiec,0.9993675351142883,9.087370926863514e-06,0.0001527865242678672,1.546868406876456e-05,0.00043813479715026915,1.3879333891964052e-05,3.009906549777952e-06
ISIC_0028190,akiec,akiec,0.8655564785003662,0.13391733169555664,3.5542627301765606e-05,0.00013917624892201275,0.00025741590070538223,3.381405622349121e-05,6.024747926858254e-05
ISIC_0029059,akiec,bcc,1.2866562428826e-05,0.9999560117721558,1.216306827700464e-05,2.867833927666652e-06,6.87335978000192e-06,3.312556373202824e-06,5.8603714023774955e-06
ISIC_0032277,akiec,akiec,0.9619739651679993,3.3461441489635035e-05,0.008326707407832146,8.437715587206185e-05,0.028658440336585045,0.0009122145129367709,1.0998868674505502e-05
ISIC_0025953,akiec,akiec,0.9998750686645508,1.000462088995846e-05,4.636433732230216e-05,6.2062190409051254e-06,5.859889279236086e-05,2.06241520572803e-06,1.6869712453626562e-06
ISIC_0033494,akiec,akiec,0.999566376209259,0.0003003436722792685,2.654086347320117e-05,9.246875561075285e-05,8.105615052045323e-06,1.1957115475524915e-06,4.904671186523046e-06
ISIC_0031381,akiec,akiec,0.9987321496009827,0.0001841063640313223,0.0004796241410076618,0.0002823509566951543,0.0002973615482915193,1.4105321497481782e-06,2.287131064804271e-05
ISIC_0029279,akiec,akiec,0.9998617172241211,5.047490049037151e-05,3.708111762534827e-06,4.2399955418659374e-05,3.6548990465234965e-05,1.6666656392771984e-06,3.419570248297532e-06
ISIC_0031431,akiec,akiec,0.9840834736824036,4.612015618477017e-05,0.015537095256149769,3.240372097934596e-05,0.00026794610312208533,1.0917608051386196e-05,2.2095795429777354e-05
ISIC_0028224,akiec,akiec,0.9982117414474487,0.0014288614038378,6.840681453468278e-05,0.0002651315007824451,1.395346498611616e-05,5.725824394176016e-06,6.1614591686520725e-06
ISIC_0026319,akiec,akiec,0.9764087796211243,0.0012455587275326252,0.002977618481963873,0.001139874686487019,0.014634004794061184,0.0032765036448836327,0.0003176733443979174
ISIC_0032014,akiec,akiec,0.9489825367927551,0.04955585300922394,0.0011797405313700438,0.0001298602728638798,0.00010809168452396989,3.044420554942917e-05,1.3554612451116554e-05
ISIC_0024923,akiec,bcc,0.0003879377036355436,0.9995304346084595,2.991815381392371e-05,3.426288458285853e-05,3.909103725163732e-06,6.957409368624212e-06,6.576108262379421e-06
ISIC_0026626,akiec,bkl,0.019993502646684647,2.9176413590903394e-05,0.9790090918540955,4.27651648351457e-05,0.0008698377059772611,1.2752941074722912e-05,4.2787360143847764e-05
ISIC_0028335,akiec,akiec,0.9620990753173828,0.006969092879444361,0.026305586099624634,0.0012477920390665531,0.003180129686370492,0.00015472405357286334,4.358344813226722e-05
ISIC_0026981,akiec,akiec,0.9989755153656006,0.0004987461143173277,1.0514853784115985e-05,0.0005018789670430124,2.078575562336482e-06,3.0888770652381936e-06,8.269859790743794e-06
ISIC_0031823,akiec,akiec,0.6132033467292786,0.38578087091445923,0.0003128221142105758,0.0003759597893804312,0.00022173313482198864,1.6687130482750945e-05,8.856761269271374e-05
ISIC_0032404,akiec,akiec,0.9983590245246887,9.84313646767987e-06,0.0011488214368000627,4.165940481470898e-05,0.0004284465976525098,6.8161325543769635e-06,5.363115633372217e-06
ISIC_0024800,akiec,nv,0.001751233940012753,0.010332656092941761,0.0031073277350515127,9.667460108175874e-05,0.0007302105659618974,0.9838946461677551,8.731665730010718e-05
ISIC_0027767,akiec,bcc,0.00013512640725821257,0.9779144525527954,0.02181851491332054,1.0875905900320504e-05,8.170062938006595e-05,1.9535897081368603e-05,1.975996019609738e-05
ISIC_0026984,akiec,akiec,0.9841206669807434,0.00014774482406210154,0.01083441637456417,3.605268648243509e-05,0.004482922609895468,0.00036121654557064176,1.694065213087015e-05
ISIC_0031506,akiec,bcc,0.0017181334551423788,0.9935382008552551,0.003159549552947283,0.00046340920380316675,0.00021775250206701458,0.0008069342584349215,9.599223994882777e-05
ISIC_0026765,akiec,bcc,0.10835959762334824,0.8912465572357178,1.6003721611923538e-05,0.00018484110478311777,4.181461190455593e-05,4.014196747448295e-06,0.00014706900401506573
ISIC_0024511,akiec,akiec,0.9834686517715454,6.80772791383788e-05,0.001534671406261623,0.0022992754820734262,0.009788508526980877,0.002771960338577628,6.889473297633231e-05
ISIC_0027884,akiec,akiec,0.998630166053772,0.00025853232364170253,0.0010625389404594898,4.791339506482473e-06,2.4842343918862753e-05,1.2865343705925625e-05,6.22681773165823e-06
ISIC_0031108,akiec,akiec,0.99863201379776,0.0007440769113600254,0.0005327532417140901,4.98760819027666e-05,8.86697307578288e-06,6.2706481003260706e-06,2.617835889395792e-05
ISIC_0027334,akiec,bcc,0.002813972532749176,0.9741811752319336,0.001428075018338859,0.0213900338858366,1.8725799236563034e-05,2.2317981347441673e-05,0.00014571871724911034
ISIC_0033358,akiec,akiec,0.9580968022346497,4.464755329536274e-05,0.04021777585148811,7.14729176252149e-05,0.0013253731885924935,0.00021206634119153023,3.1888059311313555e-05
ISIC_0029141,akiec,bkl,0.0031656280625611544,0.006483172066509724,0.9892820119857788,0.0006431756191886961,0.0003899881849065423,1.0311041478416882e-05,2.5710616682772525e-05
ISIC_0028619,akiec,akiec,0.7999338507652283,0.0004072272568009794,0.19425606727600098,0.003927631303668022,0.0013652378693223,2.91085489152465e-05,8.092952339211479e-05
ISIC_0033536,akiec,akiec,0.9920012950897217,0.006777000147849321,0.00025981522048823535,0.0008490204927511513,5.692467311746441e-05,3.18908532790374e-05,2.414280788798351e-05
